title,dataset,source_file,prebirth_indicator_count,premortal_existence_info,pre_birth_realm_description,incarnation_choice,home_identification,identity_pre_body,death_memory,past_life_memory,return_reason,mission_commissioned,volunteer_language,mission_detail,notable_quotes
Ann S NDE 2617,nderf,data\nderf\00852_ann-s-nde-2617.json,5,yes_explicit,yes_explicit,chose_mission,spiritual_realm,yes_explicit,not_mentioned,no,family_responsibility,not_mentioned,not_mentioned,,"""we were in line to be born""; ""The clicking happened every time someone was born""; ""I was so excited, I was going to be a human, I was going to be real""; ""when it ends, I want another chance, another go around""."
Franziska R ADCs 7539 NDE 7539,nderf,data\nderf\03864_franziska-r-adcs-7539-nde-7539.json,5,yes_explicit,implied,chose_parents,spiritual_realm,yes_explicit,not_mentioned,no,earthly_mission,yes_explicit,no,"Repeated message from Andreas: there is 'a plan' and the experiencer is important for it; later Elage gives a specific task: 'tell the tour guide, that the accident was not his fault.' (He also said he had 'two tasks' but only one is stated.)","“I was a little ball of brilliant blue light, about 5 cm in diameter.” “This brook was the border to heaven.” “Now you have to forget everything what we discussed here! Only when you come back here again, you are allowed to remember it.” “You know that you shouldn't ask this question! Now we can never again meet here.” “I jumped against a kind of plasma or rubber wall. It was soft and flexible, was glowing in a golden orange color, and hurled me back.” “I was in total silence and total darkness.” “Oh, that love was indescribable.”"
Girl has 8 NDEs and learns the purpose of suffering on Earth,iands,data\iands\girl-has-8-ndes-and-learns-the-purpose-of-suffering-on-earth.json,5,yes_explicit,yes_explicit,chose_mission,spiritual_realm,yes_explicit,not_mentioned,not_mentioned,earthly_mission,implied,implied,"Implied duty/work: 'I had promised. I had work to do even though it was really, really hard work.' Also framed as choosing/continuing an 'impossible life' to try not to fail.",'Remember exactly what they say.' / 'You don't have to go back. It's your choice.' / 'Earth is a place where the unlimited becomes limited; where the singular becomes many.' / 'Someone must. Why not me?'
Mary W FDE 2349 NDE 2349,nderf,data\nderf\00689_mary-w-fde-2349-nde-2349.json,4,yes_explicit,no,chose_mission,spiritual_realm,yes_explicit,not_mentioned,no,earthly_mission,yes_explicit,no,"She was shown 'what I still had left to do - the whole reason I came to Earth - the job I asked Him for', but says she could not remember the specifics afterward.","'Immediately time stopped - it became eternal.'; 'I was in my body but was taken out of Earth's time frame.'; 'My child, calm down, everything is just fine.'; 'Wait a minute young lady you get back here!'; 'Take your foot off the brake and floor the gas.'; 'I really want to go with you - but I have to stay.'"
Derry B NDE 198,nderf,data\nderf\01425_derry-b-nde.json,4,yes_explicit,implied,not_mentioned,spiritual_realm,implied,not_mentioned,no,other,yes_explicit,no,"To ""testify that the spirit world is real and beautiful"" and that ""Jesus is who he says he is,"" and to help self/others (including husband).","""The light was everywhere - it even passed through me!""; ""I was outside of it, looking at my body from above.""; ""I obviously could read their thoughts!""; ""I was given the choice that I could either come back to this earth... or stay with him there in Heaven."""
David A Probable NDE 216,nderf,data\nderf\01411_david-a-probable-nde.json,4,implied,implied,chose_mission,not_mentioned,implied,not_mentioned,no,other,not_mentioned,no,,"“Then, a sense of void and darkness surrounded me, and I could sense a presence watching me...” “I tried to move my arms and touch my face, but I had no arms or hands...” “I thought to myself that this is hell...” “I somehow knew I was in a woman's vagina, about to be born.” “I will forget everything and learn it all over again, and that there was no guaranty that I will be ok.” “I refused, and suddenly another being took my place in the womb.”"
Tim V NDE 4375,nderf,data\nderf\02169_tim-v-nde-4375.json,4,implied,implied,not_mentioned,spiritual_realm,implied,not_mentioned,no,no_reason_given,no,no,,"“welcome me home, not to worry we will take good care of you” / “Trust in God and pray.” / “I came away from this experience knowing that we're from there not here.”"
Jack A NDE 16003,nderf,data\nderf\02095_jack-a-nde-16003.json,4,yes_explicit,yes_explicit,not_mentioned,spiritual_realm,yes_explicit,not_mentioned,not_mentioned,no_reason_given,not_mentioned,no,,“two hours and fifty-four minutes I remained clinically dead... I spent one hundred and fifty five active and healthful years creating art and architecture on ‘the other side.’”
Mark J NDE 2126,nderf,data\nderf\00560_mark-j-nde-2126.json,4,yes_explicit,yes_explicit,not_mentioned,spiritual_realm,yes_explicit,not_mentioned,not_mentioned,other,not_mentioned,not_mentioned,,"“I rode out of my body inside this last breath.”; “I was the air, which left my body.”; “The question was put in my mind, ‘Do you want to stay?’”"
Janet B NDE 109,nderf,data\nderf\00536_janet-b-nde.json,4,yes_explicit,implied,not_mentioned,spiritual_realm,yes_explicit,not_mentioned,not_mentioned,not_mentioned,implied,no,Poem frames the NDE as 'a message from The Lord for me' and says: 'And now you're award is to pass along THE CALL.',"""I heard the word ""Jesus""""; ""from far out in the distance was a giant red ""blob""""; ""i'm up above the world (earth) and looking down at it from a northwest viewpoint""; ""juanita's back!!! We thought we sacrificed her!!!""; ""it was/is my home. I had been there forever.""; ""My home is goodness in every way beyond all words."""
Roger F NDE 4667,nderf,data\nderf\02364_roger-f-nde-4667.json,4,yes_explicit,implied,not_mentioned,spiritual_realm,yes_explicit,not_mentioned,not_mentioned,no_reason_given,not_mentioned,not_mentioned,,"“welcomed” Home; “It was I, and yet, I was everyone else at the same time.”; “the Eternal Now”"
Cathleen C NDE 3735,nderf,data\nderf\01734_cathleen-c-nde-3735.json,4,yes_explicit,not_mentioned,chose_mission,spiritual_realm,yes_explicit,not_mentioned,not_mentioned,family_responsibility,no,no,,"“I immediately descended as if in a speeding elevator car.” “I WAS DEAD. I HAD BEEN CREATED BY GOD.” “the countless voices of many, many souls… only weeping and wailing.” “a gigantic hand came down… and lifted me out of that abyss.” “we talked at length… His thoughts instantly transferred to my consciousness and mine to His.” “there were millions and millions of doorways…” “picking a door would be my exit out of heaven and I would be born again out of the womb of some woman somewhere on Earth.” “He removes all memories of previous lives…” “I became so horrified, distressed, and depressed beyond words.”"
Victor B NDE 4081,nderf,data\nderf\01961_victor-b-nde-4081.json,4,yes_explicit,implied,not_mentioned,spiritual_realm,implied,not_mentioned,not_mentioned,not_your_time,no,no,,'Angels!' ; 'You have to go back. This is not for you.' ; 'I was literally sucked back into my crumpled body.'
Chantal T NDE 4031,nderf,data\nderf\01940_chantal-t-nde-4031.json,4,yes_explicit,no,chose_mission,spiritual_realm,yes_explicit,not_mentioned,not_mentioned,earthly_mission,yes_explicit,no,"Told she had not completed what she had to do yet; urged to think of her husband and children; statements included 'Truth shall spread, men shall wake up' and 'Planet Earth shall be saved.'","“Time has come to go.” “You did not complete what you had to do yet.” “Think to A. (my husband) and to the children.” “You shall be helped.” “Truth shall spread, men shall wake up.” “Planet Earth shall be saved.”"
Brice W NDE 4906,nderf,data\nderf\02506_brice-w-nde-4906.json,4,yes_explicit,implied,no_choice,spiritual_realm,yes_explicit,none,not_mentioned,earthly_mission,yes_explicit,no,Exit/transition was 'for the purpose of rousing transcendent awareness that would gradually unfold upon return'; guidance would come in increasingly recognizable form; would become aware as he was then even while in the body.,"""I observed the body surrounded by a surgical team, then the hospital from above, then the hospital surrounded by wintering cornfields."" ""In space, it was not cold or particularly dark or foreign, but somehow familiar and vaguely pleasing."" ""I was lovingly advised that this was my choice"" ""It was like rousing from a dream."" ""(It was actually clear then, as it is now, that we aren't really 'in' bodies - they are perhaps more like stiff mittens covering and restraining a tiny portion of ourselves)."""
Jim W NDE 4485,nderf,data\nderf\02252_jim-w-nde-4485.json,4,yes_explicit,implied,chose_mission,not_mentioned,yes_explicit,not_mentioned,no,not_mentioned,not_mentioned,implied,,"“I saw my life pass before me in rapid succession.”; “At some point after this, I had a remembrance or knowledge of being in heaven before I was ever born, and being offered a selection of a time to come live on earth. I chose the time after WWII because I thought it would be a great time to live.”; “I clearly remember this occasion of choice and it was not a dream.”"
Stanley P NDE 4598,nderf,data\nderf\02321_stanley-p-nde-4598.json,4,yes_explicit,yes_explicit,chose_mission,not_mentioned,implied,none,not_mentioned,other,not_mentioned,implied,,"""Then I went to the beginning, by that I mean to a place before the universe existed.""; ""There was an overwhelming sense of serenity where all the souls that exist are in a sea of souls...""; ""I was individual yet part of a larger whole.""; ""My soul fell back through a dark tunnel except for a thin shower of individual photons that smarted like sand in a wind.""; ""How can this still be here after all that time?"""
Dot NDE 904,nderf,data\nderf\00372_dot-nde.json,4,yes_explicit,implied,chose_both,not_mentioned,implied,not_mentioned,not_mentioned,not_mentioned,yes_explicit,no,"“A higher power is showing us a mission to do… [shows] two ways to accomplish our mission… the main thing he is interested in is whether we will… do it the way he asks, yes or no.”","“There are dark shadows and it smells like sin, evil, and awfulness.”; “Ok, yes, I will do as you wish.”; “I will meet you here and there.”; “Some even said they will be my children in this life.”"
Bristol O NDE 13171,nderf,data\nderf\05538_bristol-o-nde-13171.json,4,yes_explicit,yes_explicit,no_choice,spiritual_realm,yes_explicit,none,no,other,implied,no,Implied obligation to live in a way that connects to others and makes the story of life meaningful (to entice 'slumbering spirits' to want to live/struggle).,"""I was thrust suddenly into the darkness of space."" ""It occupied the entire expanse of reality."" ""We are all energetically intertwined into essentially a big 'us.'"" ""I would be placed 'in the back of the line.'"" ""I had forgotten how violent animation was."" ""Thank you, thank you, thank you."""
Philippe M NDE 13120,nderf,data\nderf\05511_philippe-m-nde-13120.json,4,yes_explicit,implied,not_mentioned,spiritual_realm,implied,not_mentioned,not_mentioned,not_your_time,implied,no,"He later interpreted the return as implying he 'must have a mission' and later felt guided: 'you should do something, you must put your skills at the service of these suffering souls.'","“This is our real world, our home!”; “No, this is not the time for you, you must come back.”; return felt like “a bungee jump, upside down.”"
Debra M Probable NDE 6933,nderf,data\nderf\03479_debra-m-probable-nde-6933.json,4,yes_explicit,implied,not_mentioned,spiritual_realm,yes_explicit,not_mentioned,not_mentioned,earthly_mission,yes_explicit,no,"Sent back into the living world ""to finish out what God had intended it to do""; spirits are in the flesh ""for a purpose.""","""I actually went up and back from where I call 'home' three different times.""; ""I can recall being pulled or drawn to a very compelling bright light: spinning around very quickly.""; ""When I went into the light, I had no doubt that God was present.""; ""I possessed a different spirit, one of a boy in fact.""; ""In effect, Debra had died, and was never to return."""
Shana S NDE 6790,nderf,data\nderf\03386_shana-s-nde-6790.json,4,yes_explicit,implied,not_mentioned,spiritual_realm,yes_explicit,not_mentioned,not_mentioned,not_mentioned,implied,not_mentioned,"Repeated exhortations to write, pray, communicate, and serve God (e.g., “Write, write, pick up your pen and write… Serve Him, love Him, pray to Him, and write to Him.”).",“Before you were home with God and you will return there when it's time.”
Jeffrey C NDE 8024,nderf,data\nderf\04167_jeffrey-c-nde-8024.json,4,yes_explicit,implied,chose_both,not_mentioned,yes_explicit,not_mentioned,no,other,no,yes_explicit,,"'It’s alright, we’ll save you.'; 'Don’t do it. You’ll regret it. You’ll be lost forever.'; 'Say the words, Jesus Christ my savior in heaven, please save me.'; 'Who told you it was going to be a fair world?'; 'My son, I can not cause pain to another, I can only heal those who are broken.'; 'No one can see God.'; 'Give me a chance, give me a chance to make it right in the end.'"
Ray C Probable NDE 8621,nderf,data\nderf\04547_ray-c-probable-nde-8621.json,4,yes_explicit,implied,not_mentioned,spiritual_realm,yes_explicit,not_mentioned,not_mentioned,not_your_time,no,no,,"“I understood that the light that I was looking at, was my own.”; “There is no start or ending and there is no time in between. You can be anywhere or everywhere all at once.”; “There is no hate or judgement. There is no pain.”; “The love we can understand here at its maximum, is only a grain of sand in a desert compared to the love you have over there.”"
Ingrid H NDE 8440,nderf,data\nderf\04434_ingrid-h-nde-8440.json,4,yes_explicit,implied,not_mentioned,spiritual_realm,yes_explicit,not_mentioned,not_mentioned,not_mentioned,no,no,,"""Then suddenly came a feeling of total relief."" / ""This was my own lifeless body."" / ""Time and distance had vanished for me; I could be anywhere at any time."" / ""I was a being made of pure light."" / ""Suddenly I was falling... being sucked back into my body like it was a vacuum."""
"My Son, My Light",iands,data\iands\my-son-my-light.json,4,yes_explicit,yes_explicit,not_mentioned,spiritual_realm,yes_explicit,not_mentioned,no,not_your_time,not_mentioned,not_mentioned,,"“I’m going to die.”; “I had come home.”; “If you had only known I was here, you never would have had to go through this.”; “My child, you mustn’t take things so seriously.”; “You must return.”; “Your life is not completed.”; “My child, I have given you the gift of love.”; “Now I know.”"
Multiple NDEr shares about wars in heaven and on earth,iands,data\iands\multiple-nder-shares-about-wars-in-heaven-and-on-earth.json,4,yes_explicit,yes_explicit,chose_mission,not_mentioned,yes_explicit,not_mentioned,no,family_responsibility,implied,not_mentioned,Felt they had 'agreed to help' a man seen on a rocky desert island shore; also decided to return thinking of their children and needing to be there for them; later teachings emphasized family roles and responsibilities.,"“I found myself looking down to see myself in the seat…”; “I also began to see in many different directions all at once.”; “Somehow I sensed that I should NOT look directly at him, because if I did I wouldn’t ever want to go back into my body.”; “For weeks after this NDE, the veil was still very thin with me.”; “I literally have memories of my Heavenly Father and my Heavenly Mother raising me in Heaven.”"
Liver failure shows me all animals and plants have souls,iands,data\iands\liver-failure-shows-me-all-animals-and-plants-have-souls.json,4,yes_explicit,implied,chose_mission,not_mentioned,implied,not_mentioned,no,family_responsibility,not_mentioned,no,,"“I went through the tunnel of love…”; “There was no judgement, only reflection.”; “They showed me that all animals have souls… They also said that plants have a soul too.”; “There was no concept of time.”"
Sterling K NDE 13104,nderf,data\nderf\05504_sterling-k-nde-13104.json,4,yes_explicit,implied,chose_mission,not_mentioned,yes_explicit,not_mentioned,not_mentioned,family_responsibility,yes_explicit,implied,"Told by his deceased father that he had 'much work' to do; his daughters and grandchildren needed him; he could not remain until his service with children, grandchildren, and friends was complete.","'Son, it's not your time yet.'; 'I love you son. We will be together again after your work is complete.'; 'The light itself is a place.'"
Mohammad Z NDE 16083,nderf,data\nderf\03991_mohammad-z-nde-16083.json,4,yes_explicit,implied,not_mentioned,spiritual_realm,yes_explicit,not_mentioned,no,earthly_mission,implied,no,He was reminded of 'responsibilities back on the earth' and shown that returning would 'help many other people and help them to see the Light.',"""Am I dead? Is this my body on the bed?""; ""I have a transparent and illuminated body.""; ""I passed very fast through a tunnel and moved towards a bright light at the end of tunnel.""; ""I felt that this is my true home and I belonged there.""; ""My presence on earth looked like a deportation to a stranger, an isolated island.""; ""Resuscitation unsuccessful, the patient is pronounced dead at …."""
Tomás O Possible NDE 8857,nderf,data\nderf\04681_tom-s-o-possible-nde-8857.json,4,yes_explicit,implied,not_mentioned,spiritual_realm,yes_explicit,not_mentioned,no,not_mentioned,no,not_mentioned,,"Heard whispers: ""welcome"" and ""it's done"" (""se acabó""). Felt like returning ""to a mother who was not my mother... THE mother, an archetypal mother."" ""I felt my 'life force' leaving my body."" ""It's truer than what I'm seeing in my daily life."""
Mom said I fainted,iands,data\iands\mom-said-i-fainted.json,4,implied,implied,not_mentioned,spiritual_realm,implied,not_mentioned,no,not_your_time,not_mentioned,not_mentioned,,"""I felt myself come out of my body.""; ""a vision/memory of a very beautiful city came to me""; ""That was my home.""; ""some being... a being of light""; ""Except time just doesn't exist the way we perceive it."""
Catherine T NDE 8835,nderf,data\nderf\04671_catherine-t-nde-8835.json,4,yes_explicit,yes_explicit,not_mentioned,spiritual_realm,yes_explicit,not_mentioned,not_mentioned,not_your_time,yes_explicit,not_mentioned,"Beings impressed upon her 'love and support' and 'all of the things I am to do before returning home again' (mentions future work: podcast, blog, travels for teaching).","“You’re not supposed to be here yet. You will come back again, but you cannot stay here now. You must breath, and you must and wake up. Now.” / “The only way I can describe the 'coming back' process is if you can imagine having your soul, spirit, or essence, stuffed into a goldfish's body, and then dropped into a fish bowl.”"
Louise L Pre-birth 9071 NDE 9071,nderf,data\nderf\04831_louise-l-pre-birth-9071-nde-9071.json,4,yes_explicit,implied,chose_mission,not_mentioned,yes_explicit,not_mentioned,not_mentioned,other,no,not_mentioned,,"Entities asked: ""What do you want to do?"" She replied: ""I want to come, and to make it."" She was ""whooshed"" back into the baby’s body. Later: ""Please don’t let me sleep, as I won’t come back."" ""Real, real, real."""
Healthy woman is given a visit to the afterlife after falling asleep,iands,data\iands\healthy-woman-is-given-a-visit-to-the-afterlife-after-falling-asleep.json,4,yes_explicit,implied,not_mentioned,spiritual_realm,yes_explicit,not_mentioned,no,no_reason_given,not_mentioned,not_mentioned,,"""This is the place I was before I was born!"" / ""OH MY GOD! I was back HOME"" / ""I understood without being told that if I crossed that line... there would be no coming back."""
Annalise E NDE 9115,nderf,data\nderf\04862_annalise-e-nde-9115.json,4,yes_explicit,implied,not_mentioned,spiritual_realm,implied,not_mentioned,not_mentioned,no_reason_given,not_mentioned,not_mentioned,,"“I did not exist as a body, but was energy.” / “There is no human word for how amazing and peaceful this state of being feels.” / “This place was familiar, like I had been here before. I may have even come from here.”"
Laura Z Probable NDE 9118,nderf,data\nderf\04865_laura-z-probable-nde-9118.json,4,yes_explicit,implied,not_mentioned,spiritual_realm,yes_explicit,not_mentioned,not_mentioned,no_reason_given,implied,no,"Key message remembered: ""Have you considered love as an option?"" / ""The truth is love.""","""Have you considered love as an option?"" / ""The truth is love. And what you fear most is unconditional love."""
Heaven's Green Room,iands,data\iands\heaven-s-green-room.json,4,yes_explicit,yes_explicit,not_mentioned,spiritual_realm,implied,not_mentioned,no,earthly_mission,yes_explicit,yes_explicit,Guide conveyed messages/lessons from 'those in Heaven' and said the experiencer had previously volunteered/agreed (before birth) to serve as a messenger: to synthesize the teachings into human-understandable form and disseminate them on Earth.,"""At that moment I realized my consciousness was in two places at once.""; ""I wasn’t in Heaven per se... I was in the waiting area. Heaven’s green room.""; ""I was an atheist. No longer."""
Angela B STE 9268 NDE 9268,nderf,data\nderf\04957_angela-b-ste-9268-nde-9268.json,4,yes_explicit,implied,not_mentioned,spiritual_realm,implied,not_mentioned,not_mentioned,not_mentioned,no,no,,"'Dear God, please don't let me die. I want to be a mother and a wife.'; 'You're going to be ok, you're going to be ok, you're going to be ok.'; 'This must be God.'; 'Take me.'"
Joyce G NDE and NDE 9301,nderf,data\nderf\04979_joyce-g-nde-and-nde-9301.json,4,yes_explicit,implied,not_mentioned,spiritual_realm,implied,none,no,no_reason_given,not_mentioned,not_mentioned,,"“I felt perfectly at Home there, as if this were my nest of origin and light!”; “I am inside here! This body is not me!”"
Back Home,iands,data\iands\back-home.json,4,implied,implied,not_mentioned,spiritual_realm,implied,not_mentioned,not_mentioned,other,not_mentioned,not_mentioned,,"""You are not supposed to remember this!""; ""I knew that if I reached the top that I would be home.""; ""Mere words can't explain how breathtakingly fantastic it was."""
Sara V NDE 9582,nderf,data\nderf\05166_sara-v-nde-9582.json,4,yes_explicit,implied,not_mentioned,spiritual_realm,yes_explicit,not_mentioned,not_mentioned,earthly_mission,implied,no,"She felt she 'had to do other things on earth' and later increasingly dedicated herself to healing work, eventually becoming a full-time healer.","“At the bottom of this clearing of grass, there was a huge, majestic oak tree... I knew the tree was a doorway.”; “Suddenly a pure white, shining unicorn appeared in front of me.”; “I was in an in-between state, where I perceived another world and I wasn't perfectly connected to here.”"
Kathy S,nderf,data\nderf\33102_kathy-s.json,4,yes_explicit,implied,not_mentioned,spiritual_realm,yes_explicit,not_mentioned,not_mentioned,family_responsibility,not_mentioned,no,,"""I hate it there. Please don’t make me go back.""; ""Oh yeah, Michael. I have to go back.""; ""You just 'know.'""; ""I command to be fully conscious here.""; ""But I know now death isn’t real."""
Christina C,nderf,data\nderf\33069_christina-c.json,4,implied,implied,not_mentioned,spiritual_realm,implied,not_mentioned,no,not_mentioned,not_mentioned,not_mentioned,,"""It is like floating in timelessness.""; ""During this, I saw a white light so bright it should have been blinding, but it wasn’t.""; ""I knew without any question that it was Source. I knew it was home.""; ""Another profound understanding that came with this was that there is no death.""; ""Today, I received a download from Source""; ""Earth is both our sandbox and our school."""
Joshua H,nderf,data\nderf\33140_joshua-h.json,4,yes_explicit,implied,not_mentioned,spiritual_realm,yes_explicit,not_mentioned,no,no_reason_given,no,no,,"“I was everything and nothing at once.” / “I sensed I was home – the place from which I came before birth, and the place to which we all return.” / “I’m back!”"
Randy W,nderf,data\nderf\33165_randy-w.json,4,yes_explicit,yes_explicit,chose_mission,not_mentioned,yes_explicit,not_mentioned,no,not_mentioned,yes_explicit,no,"Jesus: ""I will ask you to give a message to the world."" Later he reports being told to give the world two messages: (1) urge NDErs to share and urge institutions to recognize an afterlife; (2) work to make Earth ""as it is in heaven"" (feed the poor, heal the sick, remove greed/corruption, leaders with kindness/integrity/understanding).","""I knew immediately that the dream was so realistic it was not a dream but a memory.""; ""The following events happened before I was born.""; ""This soul wants to go to Earth. He has no title, no status, no preparation, nor any history.""; ""Earth is not an adventure and it is hard on the soul.""; ""I will ask you to give a message to the world. You will be branded a liar by your friends and family.""; ""Your kingdom come, your will be done, on earth as it is in heaven."""
Per Eric E,nderf,data\nderf\33055_per-eric-e.json,3,implied,not_mentioned,not_mentioned,spiritual_realm,yes_explicit,not_mentioned,not_mentioned,no_reason_given,not_mentioned,not_mentioned,,"""Everything was vibration."" ""I felt an extraordinary sense of love."" ""I felt at home."" ""It felt unreal, like an illusion."" ""The place I had just visited, felt perfectly real."" ""I instantly knew eternal life was real and death an illusion."" ""I am not my body."""
Gary A NDE 2630,nderf,data\nderf\00858_gary-a-nde-2630.json,3,implied,no,not_mentioned,spiritual_realm,implied,none,no,not_your_time,not_mentioned,no,,“I was traveling towards an almost globe of light (a bubble) that I knew contained all that was known.”; “it was not my time and that I had a very long life to live.”; “God don't let me die!”
"All is Everything, Everything is One",iands,data\iands\all-is-everything-everything-is-one.json,3,yes_explicit,not_mentioned,chose_mission,not_mentioned,yes_explicit,not_mentioned,no,family_responsibility,not_mentioned,not_mentioned,,"""All is everything, everything is one."""
Timothy G NDE 13005,nderf,data\nderf\05442_timothy-g-nde-13005.json,3,yes_explicit,not_mentioned,not_mentioned,spiritual_realm,yes_explicit,not_mentioned,not_mentioned,family_responsibility,no,no,,"“Jacie, I think I'm dying.” / “The path that I was walking with my mom felt like I was going home.” / “When I found myself holding Jackie's hand, my immediate thought was 'what just happened? It wasn't a dream.'” / “To this day, I know that I died.”"
Emily W NDE 13013,nderf,data\nderf\05446_emily-w-nde-13013.json,3,yes_explicit,not_mentioned,not_mentioned,spiritual_realm,yes_explicit,not_mentioned,no,not_mentioned,no,not_mentioned,,"“THERE you are.” / “We are going to have to knock you out. You are dying and your baby is too.” / “God is pure love.” / “BODIES ARE MADE TO HEAL THEMSELVES.” / “Ahh, there you are.”"
Abi Probable NDE 9650,nderf,data\nderf\05225_abi-probable-nde-9650.json,3,yes_explicit,not_mentioned,not_mentioned,spiritual_realm,implied,not_mentioned,not_mentioned,no_reason_given,no,no,,"“I realized that this was not a place, but a state of consciousness within me.” “I was certain that life on earth was a play... It was A THEATER PLAY.” “I was certain that I had been there before... and that this was my home.”"
Amera S NDE 9709,nderf,data\nderf\05240_amera-s-nde-9709.json,3,yes_explicit,not_mentioned,not_mentioned,spiritual_realm,yes_explicit,not_mentioned,not_mentioned,not_mentioned,implied,no,For many years I did feel that my fellow human beings would one day need hope... share comforting knowledge of our eternal souls... holding firm to the beautiful light of the soul would ensure our return to God... ministering comforting words and holding tight to integrity was the right path.,"“As I listened, I floated up and saw a tunnel that appeared to be parallel to the floor. I floated, feet first through the tunnel for maybe 20 feet or so.”"
Jennifer V NDE 3318,nderf,data\nderf\01153_jennifer-v-nde-3318.json,3,implied,not_mentioned,not_mentioned,spiritual_realm,implied,not_mentioned,no,earthly_mission,yes_explicit,no,"Told to return to help an injured man in the car wreck: pick up his severed nose, press it onto his face to stop bleeding, walk him up the right side of the road, flag a car, go to ECM hospital, keep him calm.","""I felt that I had returned HOME!""; ""I am Sorry, but you must return.""; ""Jennifer, you must go back and help.""; ""Swoosh, I am back into my body!"""
Phillip H NDE 3191,nderf,data\nderf\01223_phillip-h-nde-3191.json,3,yes_explicit,yes_explicit,not_mentioned,not_mentioned,yes_explicit,not_mentioned,not_mentioned,not_mentioned,not_mentioned,not_mentioned,,"""I heard nothing and felt nothing."" / ""I found myself standing outside with a dark gray appearance that darkened my view"" / ""Where are my brothers"" / ""I found myself with my hands up to my head, blood running into my eyes."""
Hafur NDE 3558,nderf,data\nderf\01609_hafur-nde-3558.json,3,yes_explicit,not_mentioned,chose_mission,not_mentioned,yes_explicit,not_mentioned,not_mentioned,family_responsibility,not_mentioned,yes_explicit,,"'Through love you will understand everything. The essence, the essence, the essence...'; 'We live in a ""Plural Unity"" or ""Oneness"".'; 'When I returned to this life, I felt I had fallen into a very heavy space, and that my body was as lead and my mind was the same and very slow.'"
DW NDE 3587/6106 NDE 6106,nderf,data\nderf\01615_dw-nde-3587-6106-nde-6106.json,3,implied,not_mentioned,not_mentioned,spiritual_realm,yes_explicit,not_mentioned,no,not_your_time,no,no,,"'I did not ""die."" You will not ""die."" My body was dead. ""I"" was still alive.'; 'I was HOME.'; 'As I made you, I did you perfectly!'; 'I had to go back; this was not my time.'; 'It was just - Poof! - I was back.'"
Sharon D NDE 2934,nderf,data\nderf\01022_sharon-d-nde-2934.json,3,yes_explicit,not_mentioned,no_choice,spiritual_realm,yes_explicit,not_mentioned,not_mentioned,earthly_mission,not_mentioned,no,,"“I passed through into the light.” “I did not see anything or anyone except my own life review.” “There was nothing but illumination, knowledge of the age's future, past, all that will be and has been.” “Do you want to come back, go back, be back in your body?”"
Ellen K NDE 2213/6178 NDE 6178,nderf,data\nderf\00615_ellen-k-nde-2213-6178-nde-6178.json,3,yes_explicit,not_mentioned,not_mentioned,spiritual_realm,implied,not_mentioned,not_mentioned,family_responsibility,not_mentioned,no,,“golden vortex”; “ultimate Father of all”; “could have done better.”; “Hell is a myth!”
John C Probable NDE 4018,nderf,data\nderf\01927_john-c-probable-nde-4018.json,3,yes_explicit,yes_explicit,not_mentioned,not_mentioned,implied,not_mentioned,not_mentioned,not_mentioned,not_mentioned,not_mentioned,,"""My life did 'flash' before me; however, this 'review' did not stop at my birth.""; ""As I awoke from my coma in my hospital bed, I looked at my wife and said 'Is it okay if I go back?'""; ""When you are close to God, it is significantly peaceful and beautiful.""; ""Life' does not end when we die; we carry on in spirit."""
Mr. W NDE 4025,nderf,data\nderf\01934_mr-w-nde-4025.json,3,implied,no,not_mentioned,spiritual_realm,implied,not_mentioned,no,other,not_mentioned,no,,"""It was if I had returned to the familiar after a long journey and was finally home at long last.""; ""I do not fear 'death' any longer... I look forward to that day with great anticipation.""; ""Suicide however will never be an option for me again."""
Hilde B Probable NDE 4419,nderf,data\nderf\02209_hilde-b-probable-nde-4419.json,3,implied,not_mentioned,not_mentioned,spiritual_realm,implied,not_mentioned,no,earthly_mission,yes_explicit,no,"She ""had to return"" to finish a task: ""forgiveness, to heal and to love"".","""No more pain. Death is merciful."" ""Soaring through pitch black space of profound peace."" ""She was part of all there is She was home."" ""There was no tunnel of light, no angels to greet her."" ""She had to return to her body To finish a task. of forgiveness, to heal and to love"" ""Soul is eternal."""
Linda B NDE 1030/10084/10085 NDE 10085,nderf,data\nderf\00455_linda-b-nde-1030-10084-10085-nde-10085.json,3,yes_explicit,not_mentioned,not_mentioned,spiritual_realm,yes_explicit,not_mentioned,no,not_your_time,implied,no,"Told to ""Search for My face. Search for My truth... Continue to search all the days of your life, never stop questioning."" Also given a ""special name"" as a sign of God's presence.","""In an instant I was transported to a tunnel or hallway filled with pure, beautiful blue/white light.""; ""YOU CANNOT GIVE HIM TO ME FOR HE IS ALREADY MINE!""; ""I have given you a name from your birth. When you hear this name spoken, you will know that I am with you.""; ""Search for My face. Search for My truth... Continue to search all the days of your life, never stop questioning."""
Derrick Birth Experiences 5167 NDE 5167,nderf,data\nderf\02692_derrick-birth-experiences-5167-nde-5167.json,3,implied,yes_explicit,not_mentioned,not_mentioned,implied,not_mentioned,no,not_mentioned,no,no,,“in a disembodied state surrounded by a being of bright golden light.” “massive hands and he cradled and caressed me in his hands.” “going backwards down a dark tunnel… and then almost like with a thud I found myself in my body.”
Brad M Probable NDE 6101,nderf,data\nderf\02879_brad-m-probable-nde-6101.json,3,yes_explicit,not_mentioned,chose_parents,not_mentioned,yes_explicit,not_mentioned,not_mentioned,other,implied,not_mentioned,"Implied task/challenge: to stay despite ""dark forces"" and a ""big challenge.""","""He spoke to my mind, and I could understand, just like an adult."" ""He asked me if I wanted to leave or stay."" ""Wealthy or poor, I don't want to bail out; I will stay."" ""The dark forces are around you, this is a big challenge."""
Phillip S NDE 961,nderf,data\nderf\00414_phillip-s-nde.json,3,yes_explicit,implied,not_mentioned,not_mentioned,yes_explicit,not_mentioned,no,not_your_time,yes_explicit,not_mentioned,"God “told me exactly what my purpose should be,” but the purpose/knowledge was then taken and is not remembered.",“How did you serve your fellow man?”; “I was dead for nearly four hours.”; “It felt as if I was in heaven for days and days.”
Laura M NDEs 6235 NDE 6235,nderf,data\nderf\02995_laura-m-ndes-6235-nde-6235.json,3,yes_explicit,not_mentioned,chose_mission,not_mentioned,yes_explicit,not_mentioned,no,earthly_mission,yes_explicit,no,Told she needed to return 'to complete my life's mission' and later that the experience was something she needed 'to accomplish your chosen life mission.',"“I was in a place of tremendous energy; a great black void, but I was not fearful.” “Then I was with Him and enveloped in such a great light and love it defies description.” “communication was purely exchanged through the language of love.” “The decision will of course be yours! But first let me show you some things.” “You made a covenant to fill these rolls in each other's Earth life.” “My life flashed before me; a life review was in order.” “There Was no judgment only love coming from Him.” “Everything… was made in love for you!” “the only thing I would get to bring back with me was love; the love I gave away.”"
Evan B NDE 6289,nderf,data\nderf\03051_evan-b-nde-6289.json,3,implied,no,not_mentioned,spiritual_realm,implied,not_mentioned,not_mentioned,not_your_time,no,not_mentioned,,"‘This is peace; this is love; this is truth. You know what this is. You have been here before. You will be here again. Accept it, and let yourself enter it. It is time to come back.’"
William W NDE 6292,nderf,data\nderf\03054_william-w-nde-6292.json,3,yes_explicit,implied,not_mentioned,not_mentioned,yes_explicit,not_mentioned,not_mentioned,no_reason_given,no,not_mentioned,,“relax and let go.”; “I got the sense that I could never die because I have always existed and I always will.”; “I felt like I was in a womb filled with amniotic fluid and pure love.”; “There was no time it just didn't exist and it didn't matter.”
Ronnie E STE 9561 NDE 9561,nderf,data\nderf\05148_ronnie-e-ste-9561-nde-9561.json,3,yes_explicit,no,not_mentioned,spiritual_realm,yes_explicit,none,no,other,no,no,,"""oh, of course......it's YOU""; ""no.....I'm not ready yet""; ""Words cannot describe the experience."""
Stefania B Probable NDE 9577,nderf,data\nderf\05159_stefania-b-probable-nde-9577.json,3,yes_explicit,not_mentioned,not_mentioned,spiritual_realm,yes_explicit,not_mentioned,not_mentioned,earthly_mission,implied,no,She promised to share what she had remembered with human beings; she returned because she had to do many things necessary for her evolution and that of others.,"“It was as if, in an instant, I had taken off numerous layers of artificial weights…”; “time seemed to be only the present”; “my first feeling…was a feeling of suffocation and smallness.”"
April W STE 9586 NDE 9586,nderf,data\nderf\05163_april-w-ste-9586-nde-9586.json,3,yes_explicit,not_mentioned,not_mentioned,spiritual_realm,yes_explicit,not_mentioned,no,no_reason_given,no,no,,"'Everything that ever was or will be, is here.'; 'Is there a God?' (response described as 'a chorus of happy laughter'); 'Now I know that God is Love. Love is everything; Love is God and God is Love.'"
Brian N STE 9629 NDE 9629,nderf,data\nderf\05192_brian-n-ste-9629-nde-9629.json,3,yes_explicit,not_mentioned,not_mentioned,spiritual_realm,implied,not_mentioned,no,no_reason_given,no,no,,“My soul was pounding through my heart with intense energy and force… an indescribable amount of love contained in my heart that could fill the entire universe.”
Patricia B NDE 9669,nderf,data\nderf\05203_patricia-b-nde-9669.json,3,yes_explicit,not_mentioned,not_mentioned,spiritual_realm,yes_explicit,not_mentioned,no,not_your_time,implied,no,She understood she 'had more earthly life to live' because she was told it was not her time.,"“Oh Fred, I can’t get the number right.” / “It’s okay mom. I’m all right.” / “it is not your time. You will return when it is your time,”"
Lisa M NDE 47,nderf,data\nderf\00169_lisa-m-nde-47.json,3,not_mentioned,not_mentioned,chose_mission,spiritual_realm,implied,not_mentioned,not_mentioned,earthly_mission,yes_explicit,yes_explicit,"Purpose: 'learn more about love, compassion, and how to express them on earth' and 'help other people in any way I could.'","'This was my home, the place that was really my home.'; 'Never forget, in reality there is no time, only eternity itself.'; 'Love was all that was really important, only love was real.'"
Tony D NDE 693,nderf,data\nderf\00215_tony-d-nde.json,3,yes_explicit,not_mentioned,not_mentioned,spiritual_realm,yes_explicit,not_mentioned,not_mentioned,no_reason_given,not_mentioned,not_mentioned,,"""I recognized that I knew him before I came in here, into this body."" ""I actually remembered knowing him even before this universe was created."" ""The communication was in whole concepts."" ""I could see all around, front, back sideways."" ""I knew that I was home."""
Chantal L NDE 6428,nderf,data\nderf\03155_chantal-l-nde-6428.json,3,yes_explicit,not_mentioned,chose_mission,not_mentioned,yes_explicit,not_mentioned,no,earthly_mission,yes_explicit,implied,"She remembered she ""had agreed to accomplish a mission"" and chose to return because she ""had not accomplished my mission,"" but forgot the mission upon re-entering her body.","“I watched as I exhaled my last breath: amazingly, I was not afraid.”; “There were no buildings, no structures, just light and love.”; “Would you like to stay or would you like to go back?”; “I must go back; I have not accomplished my mission.”; “It seems that once the door between both worlds is open, it never closes again.”"
Gwen J NDE 6429,nderf,data\nderf\03156_gwen-j-nde-6429.json,3,implied,not_mentioned,not_mentioned,spiritual_realm,implied,not_mentioned,not_mentioned,not_mentioned,not_mentioned,not_mentioned,,"“I had completely merged again with God. It was a void, darkness, but unconditional love. I was no longer a separate being. I was where I belonged, where I came from. It was perfect.”"
Donna G NDE 6463,nderf,data\nderf\03172_donna-g-nde-6463.json,3,yes_explicit,not_mentioned,not_mentioned,spiritual_realm,yes_explicit,not_mentioned,not_mentioned,other,not_mentioned,no,,"“We are Escort Angels… We have come to take you home.” / “There is something you must do before you can leave.” / “I plunged headfirst into the navel, and it was like diving into wet concrete.”"
Peter N NDE 6584/10105 NDE 10105,nderf,data\nderf\03253_peter-n-nde-6584-10105-nde-10105.json,3,implied,not_mentioned,not_mentioned,spiritual_realm,implied,not_mentioned,no,no_reason_given,no,no,,"Unseen voice in blackness: ""It's okay. They'll be fine. Nothing can hurt them. They cannot even be touched."" Sense of home: ""being home and now completely safe"". Light/Being: ""The singular property of this light was one of absolute love."" Judgment criterion: ""What is, was, the essence of your love?"" Rock communication: ""I will see you (or meet you) again later."""
Elena Possible NDE 5425,nderf,data\nderf\03261_elena-possible-nde-5425.json,3,implied,no,not_mentioned,spiritual_realm,yes_explicit,not_mentioned,no,no_reason_given,no,no,,"“I exited out of my body from my ribs, around my solar plexus...” “I saw myself in the form of a small pink cloud...” “No fear, no pain, complete 'comfort'.” “It's time to go back!” “No, no, I don't want to, I like it here!” “It was as if a wave pushed me along...”"
Brian T Probable NDE 6609,nderf,data\nderf\03273_brian-t-probable-nde-6609.json,3,yes_explicit,not_mentioned,not_mentioned,spiritual_realm,yes_explicit,not_mentioned,no,no_reason_given,no,no,,"“That was no dream!”; “far more real than normal waking consciousness.”; “I could see every part of my life, every event and incident all at once.”; “a radiant Being of pure light… a thousand times brighter than the sun.”"
Marina R Probable NDE 6702,nderf,data\nderf\03335_marina-r-probable-nde-6702.json,3,yes_explicit,implied,not_mentioned,not_mentioned,yes_explicit,not_mentioned,no,not_mentioned,no,no,,"“I am consciousness, but not yet with a body.”; “I was very aware that there wasn’t anybody there to receive me.”; “I am above the incubator. I can see this little scrawny wrinkled red baby full of tubes and tape.”"
Bolette L NDE 5437,nderf,data\nderf\03379_bolette-l-nde-5437.json,3,implied,no,chose_mission,not_mentioned,implied,not_mentioned,no,family_responsibility,yes_explicit,no,"She was instructed to return, take care of her health, forgive, and was told she would later write and publish books and work in something completely different, with different future goals.","“Then I died, in silence and calm, by feeling and observing myself slipping out of my body, out of the back of my head.”
“It felt so nice, soft and loving.”
“We communicated with the use of our thoughts and mind.”
“Mom, you promised me to be my mother in this life! Otherwise I wouldn’t be here!”
“It only took a split-second to come back and it hurt incredibly to get back in my body.”"
Rickalan K NDE 9739,nderf,data\nderf\05261_rickalan-k-nde-9739.json,3,yes_explicit,no,not_mentioned,spiritual_realm,yes_explicit,not_mentioned,no,not_mentioned,not_mentioned,no,,"“I realize I am floating and it hits me, 'Wait that's me.'”; “Suddenly, I slam into my body screaming in pain as I hear someone yell, 'He's back!'”"
Lynnclaire D NDE 9787,nderf,data\nderf\05303_lynnclaire-d-nde-9787.json,3,yes_explicit,not_mentioned,not_mentioned,spiritual_realm,yes_explicit,not_mentioned,not_mentioned,not_mentioned,yes_explicit,implied,"Message from an unknown man: ""Lynnclaire, you will be a catalyst for change, for love. You will bring forth, hold and honor remembrance. You will bring to conscious awareness the realms, realities and remnants in order that the spirit may remember the Dance, and to return the sacred feminine to Sion. And we will meet in 27+1.""","""Not in this lifetime!""; ""Oh… I am not my body.""; ""Lynnclaire, you will be a catalyst for change, for love. You will bring forth, hold and honor remembrance. You will bring to conscious awareness the realms, realities and remnants in order that the spirit may remember the Dance, and to return the sacred feminine to Sion. And we will meet in 27+1.""; ""You can see me today.""; ""Give me this day my daily delusion"""
Candace Q NDE 9800,nderf,data\nderf\05305_candace-q-nde-9800.json,3,yes_explicit,not_mentioned,not_mentioned,spiritual_realm,yes_explicit,not_mentioned,not_mentioned,other,not_mentioned,no,,"""I’m home!"""
Kristie C NDE 9803,nderf,data\nderf\05307_kristie-c-nde-9803.json,3,yes_explicit,not_mentioned,not_mentioned,spiritual_realm,yes_explicit,not_mentioned,no,not_mentioned,no,no,,"""My near death experience was devoid of all senses. I was in complete darkness.""; ""It was a darkness which was not dark.""; ""I felt like a dot in the middle of a circle of welcoming, safety and love.""; ""I resented being brought back into my human body.""; ""I now know that Kristie, the human woman will die, but my consciousness continues."""
"Archive through May 22, 2002 - Anonymous (Monday, May 13, 2002 - 08:56 pm)",iands,data\iands\archive-through-may-22-2002-019.json,3,yes_explicit,yes_explicit,not_mentioned,not_mentioned,yes_explicit,not_mentioned,not_mentioned,not_mentioned,not_mentioned,not_mentioned,,"""I next found myself in a dark tunnel.....at the end of the tunnel was a bright light...""; ""someone...or...something was closing the door and the light was disappearing""; ""I just managed to put my hand on the door and push ! It opened in time""; ""I came around shouting.... I can see you""; ""I remember the time prior to my birth...I was in a huge room...it was dimly lit...a voice called me""; ""it’s your turn.... go down and give them a message from me.... tell them I am alive and well""; ""god is alive and well...and this is a super holiday we are on...make sure you give more than you take...and hell could only be...to be kept from the light"""
"Archive through September 08, 2002 - Anonymous (Sunday, September 8, 2002 - 11:28 pm)",iands,data\iands\archive-through-september-08-2002-001.json,3,yes_explicit,not_mentioned,chose_mission,spiritual_realm,not_mentioned,not_mentioned,not_mentioned,no_reason_given,not_mentioned,no,,"""After closing my eyes, the next recollection was myself being... enveloped in, PURE UNCONDITIONAL LOVE.""; ""I did not want to return... I argued.""; ""I found myself crying out 'nooo' as I glided backwards through the Universe.""; ""I already have and was sent back. I have no fear of death.""; ""this planet is based on duality. Hence negativity exists."""
"Archive through January 3, 2005 - Anonymous (Tuesday, October 26, 2004 - 11:07 am)",iands,data\iands\archive-through-january-3-2005-008.json,3,yes_explicit,not_mentioned,not_mentioned,spiritual_realm,yes_explicit,not_mentioned,no,no_reason_given,no,no,,"“It’s a bit like trying to depict a magnificent sunset, by drawing it in sand with a stick.”; “In fact it was far more real than normal waking consciousness.”; “I could see every part of my life, every event and instance all at once.”; “A hundred times, a thousand times brighter than the sun.”; “I walked around the house saying ‘that was no dream!’”"
"Archive through July 15, 2002 - Anonymous (Monday, July 15, 2002 - 11:58 pm)",iands,data\iands\archive-through-july-15-2002-001.json,3,yes_explicit,not_mentioned,chose_mission,spiritual_realm,not_mentioned,not_mentioned,not_mentioned,other,yes_explicit,no,"She was shown “why I came to Earth” and “what I still had left to do,” but could not remember the specifics after choosing to stay.","""Immediately time stopped …it became eternal.""; ""I was being hugged, big time!""; ""My child, calm down, everything is just fine.""; ""Do you want to stay or go?""; ""But I have to stay.""; ""Take your foot off the brake and floor the gas."""
Nigel O NDE 7098/9032 NDE 9032,nderf,data\nderf\03583_nigel-o-nde-7098-9032-nde-9032.json,3,yes_explicit,no,not_mentioned,spiritual_realm,yes_explicit,none,no,family_responsibility,yes_explicit,no,"Told he could “go back and fulfill my job, cause or mission.”","“You have done enough; you can come over.” “No vocabulary can describe the feelings, the 'Presence,' or the place.” “I felt a profound sense of loss for leaving the 'place' and having to return to this life.”"
Nichole BD NDE 7417,nderf,data\nderf\03774_nichole-bd-nde-7417.json,3,implied,not_mentioned,not_mentioned,spiritual_realm,implied,not_mentioned,no,earthly_mission,implied,no,She believed she was shown the experience “so I could carry on KNOWING what we are truly made of… I think I was given this blessing so I could share it with others… Now I try to help others to Just BE LOVE.”,"“It was just wave after wave of pure love. It was within me, it was around me, it was EVERYTHING.” / “I knew I had a choice. To keep going forward or to go back.” / “NO, LET ME GO BACK! WANT TO GO BACK!”"
Tyler G NDE 13037/13207,nderf,data\nderf\05462_tyler-g-nde-13037-13207.json,3,yes_explicit,not_mentioned,not_mentioned,spiritual_realm,yes_explicit,not_mentioned,no,not_your_time,not_mentioned,not_mentioned,,“Come back.” / “That light was Home.” / “I lived a thousand lives in what must have been three Earth minutes.” / “I’m a strong-minded motherf’er.”
David B STE 13122 NDE 13122,nderf,data\nderf\05512_david-b-ste-13122-nde-13122.json,3,yes_explicit,not_mentioned,not_mentioned,spiritual_realm,yes_explicit,not_mentioned,not_mentioned,not_mentioned,not_mentioned,not_mentioned,,"'Oh, I'm dying.' 'I understood EVERYTHING.' 'Death is a very pleasant experience, and should not be feared, but looked forward to. When this body dies, we get to finally go home.' 'I traded my faith and belief for knowledge. I now KNOW.'"
Kathy VB NDE 7157,nderf,data\nderf\03623_kathy-vb-nde-7157.json,3,yes_explicit,implied,not_mentioned,not_mentioned,implied,not_mentioned,no,not_mentioned,no,no,,"“So this is how I am going to die.” / “I became the word ‘peace’ and the word ‘love’ feeling intensely loved unconditionally…” / “I was able to open my eyes under the water and see clearly. Beautiful colors, a brightness of white light…” / “I felt as if I was in the water, struggling and at the same time able to watch what was happening on the beach from above.” / “you are safe, loved and everything is perfect.”"
John K STE 7161 NDE 7161,nderf,data\nderf\03628_john-k-ste-7161-nde-7161.json,3,implied,no,not_mentioned,spiritual_realm,implied,not_mentioned,no,not_mentioned,no,no,,"“I’m here for you, my child. I love you completely. You are my child, and I am your Father.” / “There is nothing you could possibly say or do to separate you from my love. You are perfect and will always be perfect.” / “when he called me by my real name, I recognized it instantly and knew that I was home, and I’d been there before.” / “I know for a fact that this was the most real experience I’ve ever had, more real than the life I live now.”"
Justin H NDE 9611,nderf,data\nderf\05176_justin-h-nde-9611.json,3,yes_explicit,not_mentioned,not_mentioned,spiritual_realm,implied,not_mentioned,not_mentioned,not_mentioned,no,no,,“You don't bargain with me.” / “The best way I can describe what happened next is that my consciousness uploaded to heaven.” / “It was pure light.” / “Earth *is* what we would think of as hell.”
Michael F Probable NDE 9614,nderf,data\nderf\05179_michael-f-probable-nde-9614.json,3,yes_explicit,not_mentioned,not_mentioned,spiritual_realm,implied,not_mentioned,not_mentioned,earthly_mission,not_mentioned,not_mentioned,,"“I was taken to a very nice garden-like place with fine grass to walk in.” “Everything was very clear and alive, more so than any dream I have ever had.” “Fear not.”"
Marlon C Pre-Birth 23501 NDE 23501,nderf,data\nderf\05074_marlon-c-pre-birth-23501-nde-23501.json,3,yes_explicit,implied,no_choice,not_mentioned,yes_explicit,none,not_mentioned,other,no,no,,'he won't survive much longer.'; 'you have to go back'.
Aslan the cat and forgiveness,iands,data\iands\aslan-the-cat-and-forgiveness.json,3,implied,no,not_mentioned,spiritual_realm,implied,not_mentioned,no,not_your_time,not_mentioned,not_mentioned,,"""Wow, I'm home again.""; ""We must stop meeting this way""; ""Look, you keep coming back but it's not your time""; ""Damn, do I have to go back again into that hellhole?"""
Hannah F NDE 7202,nderf,data\nderf\03655_hannah-f-nde-7202.json,3,implied,no,not_mentioned,spiritual_realm,implied,not_mentioned,no,no_reason_given,no,no,,"“In my experience, I was ME but I wasn't 'HANNAH'.” / “It's time to go back now.” / “Jesus/God emits feelings of love and peace, and near them is where our home really is.” / “Also that pain is the best reminder of earth.”"
Nicole E Friend Experience 32304 NDE 32304,nderf,data\nderf\03679_nicole-e-friend-experience-32304-nde-32304.json,3,yes_explicit,implied,not_mentioned,not_mentioned,yes_explicit,not_mentioned,no,not_mentioned,not_mentioned,not_mentioned,,"“he remembers watching everyone from up in the sky, and being in his mother's belly before he was born.”
“He said that when he was waiting to be born, he was invisible and he was in my grey car with me on the way to the hospital while I listened to the song, 'Winter, Spring, Summer or Fall.'”
“He said that he wanted me for his mommy because he liked my voice when I was speaking to the attendant.”
“he asked God if I could be his mom because he knew that his 'real mom' wouldn't survive very long, and he was afraid of being alone on Earth.”
“Apparently, he was told that he couldn't have me for his 'real mom' but that everything would be OK and he would still get to be around me during his life.”
“It's OK. My life did turn out OK; so don't worry about not being my mom.”"
Stephanie R NDE 7724,nderf,data\nderf\03974_stephanie-r-nde-7724.json,3,yes_explicit,no,not_mentioned,spiritual_realm,implied,not_mentioned,no,other,no,no,,"“There was no tunnel. No time for tunnels. I was catapulted to the other side instantly. It was like flipping over a playing card, as if on the other side of the card is another reality…”"
Spirit Communication,iands,data\iands\spirit-communication.json,3,implied,not_mentioned,not_mentioned,spiritual_realm,implied,not_mentioned,not_mentioned,earthly_mission,implied,no,"He believed he returned ""to testify about the beauty of the spirit world"" and to help others (including his husband), and to relate a message about Jesus.","""There was a bright mist permeating everything."" ""The light was everywhere; it even passed through me."" ""When Jesus and I talked it wasn't with our mouths, but I knew we were communicating."" ""I was given the choice that I could either come back to earth and live more life or stay with him in heaven."" ""Look, I'm alive. I'm in here. I'm going to live."""
"Suddenly I remembered EVERYTHING - who I was, what my life was about, what home was",iands,data\iands\suddenly-i-remembered-everything-who-i-was-what-my-life-was-about-what-home-was.json,3,implied,not_mentioned,not_mentioned,spiritual_realm,yes_explicit,not_mentioned,not_mentioned,no_reason_given,not_mentioned,not_mentioned,,"""Then suddenly, I was outside of my body and it was totally dark."" ""Before me was a pulsing light with yellow and pink tones."" ""I could see a beautiful glow off in the distance and suddenly remembered EVERYTHING! Who I was, what my life was about, what 'home' was - everything!."" ""I was so angry to be back in my body!"" ""This experience is more clear than any memory, any dream, any other experience I've ever had."""
Johnny D NDE 8507,nderf,data\nderf\04478_johnny-d-nde-8507.json,3,yes_explicit,not_mentioned,not_mentioned,spiritual_realm,yes_explicit,not_mentioned,no,earthly_mission,yes_explicit,no,Told by the young girl that he had things to 'witness' and then could come back.,"“I was in a deep, dark place that was absolutely inky black.” “I began to travel at a really fast speed, yet I felt no wind or sound.” “As if I were back home in my real surroundings, Heaven!” “She seemed to be telling me that it was not yet my time and that I couldn't stay.” “...she said I had things to 'witness' and then I could come back...”"
Jon M NDE 8694,nderf,data\nderf\04594_jon-m-nde-8694.json,3,yes_explicit,no,not_mentioned,spiritual_realm,implied,not_mentioned,no,no_reason_given,no,no,,“Imagine the best day you ever had and multiple that by a billion and that doesn't even come close to the feeling I felt.”
Catherine NDE 8697,nderf,data\nderf\04597_catherine-nde-8697.json,3,yes_explicit,not_mentioned,not_mentioned,spiritual_realm,yes_explicit,not_mentioned,not_mentioned,not_your_time,not_mentioned,no,,“I sensed that I was in another dimension and experienced peace that surpasses all earthly understanding.” “It was a like a home-coming because I had been here before.” “I felt as if a Life Force was drawing me to Him. I knew it was God.”
New Zealand school girl meets mother figure in The Real Place,iands,data\iands\new-zealand-school-girl-meets-mother-figure-in-the-real-place.json,3,implied,not_mentioned,not_mentioned,spiritual_realm,implied,not_mentioned,not_mentioned,not_your_time,no,no,,“I'm back!”; “The Real Place”; “This Place”; “Words cannot describe how I knew… that 'This Place' was the actual reality.”
Not A Dream,iands,data\iands\not-a-dream.json,3,yes_explicit,implied,not_mentioned,not_mentioned,implied,not_mentioned,not_mentioned,family_responsibility,not_mentioned,not_mentioned,,"""Gee, this is so easy, why didn't I think of doing this before?""; ""But my parents will be so sad they'll never get over it.""; ""I must have been dreaming.""; ""Yet I knew I wasn't dreaming when it happened.""; ""If it wouldn't have been for penicillin, your daughter would have died."""
Oneness is Reality,iands,data\iands\oneness-is-reality.json,3,yes_explicit,no,not_mentioned,spiritual_realm,yes_explicit,not_mentioned,no,family_responsibility,not_mentioned,no,,"“Stop interfering, let the machine breathe you, all you have to do is be here.” / “I went into a flow of oneness that I think is God … it is a state of bliss where I am all there is.” / “Life on earth is the dream and this oneness/bliss is the reality…” / “It’s time for you to go back now.”"
Greg N NDE 8783,nderf,data\nderf\04650_greg-n-nde-8783.json,3,yes_explicit,not_mentioned,not_mentioned,spiritual_realm,yes_explicit,not_mentioned,not_mentioned,not_your_time,no,no,,"“This was no dream because I just knew it was real.” “It was more real than my sitting here and typing this.” “Time didn't seem to exist.” “I had no sense of even having a body. I just 'Was.'” “In front of me was a demarcation point consisting of a bright blue sky with swirling white clouds around it.” “In the very center, I saw a massive ball of light… I knew immediately this was God.” “I was immediately blocked by an unseen force.” “He was unmistakably Jesus.” “I was being gently directed back towards the tunnel, whether I liked it or not.”"
Adriana G NDE 8804,nderf,data\nderf\04663_adriana-g-nde-8804.json,3,yes_explicit,not_mentioned,not_mentioned,spiritual_realm,yes_explicit,not_mentioned,not_mentioned,family_responsibility,no,not_mentioned,,"“Adriana, if you pass through here, you will not be able to return.” / “Mom, I need you for my wedding.” / “It is not going to be easy, but the best years of your life were still to come.”"
Jeffrey C NDE 8890,nderf,data\nderf\04701_jeffrey-c-nde-8890.json,3,implied,not_mentioned,not_mentioned,spiritual_realm,yes_explicit,not_mentioned,no,no_reason_given,no,no,,"“We're losing him!”; “Everything started turning white, a brilliant white until there was no form, only bright light.”; “I heard a whoosh! I was back, back in my body experiencing horrific pain.”; “Like 20 pounds of mud crammed into a 5 lb burlap bag.”"
Timothy P NDE 8915/9913,nderf,data\nderf\04721_timothy-p-nde-8915-9913.json,3,yes_explicit,not_mentioned,not_mentioned,spiritual_realm,yes_explicit,not_mentioned,not_mentioned,not_your_time,yes_explicit,no,Angels said his 'work on earth here is not complete' and he 'must go back'; life is 'a mission' to complete before the 'Heavenly Kingdom'; he was told to do 'work' for the 'Heavenly Father' and that he would be protected while doing it; he later understood it involved helping others (including telling people when they are sick) and 'tell as many people as I can what it is like in Heaven.',"“The more I thought about going home to heaven, the faster I travelled through the tunnel.”; “You have to go back. It's not your time to come to the heavenly kingdom.”; “Bodies are heavy and they hurt.”; “He wants us all to help each other more than we help ourselves.”"
Guided to Do Out of Love,iands,data\iands\guided-to-do-out-of-love.json,3,implied,not_mentioned,not_mentioned,spiritual_realm,implied,not_mentioned,no,earthly_mission,yes_explicit,no,"Angel told him his ""mission was not done"" (he says he still does not know what it is).","""Relax everything is going to be okay.""; ""You never die.""; ""It's the things that I do out of love that count.""; ""Some how I knew I was home.""; ""that world is more real than this one"""
Jillian C NDE 9483,nderf,data\nderf\05099_jillian-c-nde-9483.json,3,yes_explicit,not_mentioned,not_mentioned,spiritual_realm,implied,not_mentioned,not_mentioned,family_responsibility,not_mentioned,no,,"""come with me, or stay, the choice is yours, but if you stay it will be difficult."" / ""ENOUGH, LAST CHANCE!"""
Doug C NDE 9502,nderf,data\nderf\05114_doug-c-nde-9502.json,3,yes_explicit,not_mentioned,not_mentioned,spiritual_realm,yes_explicit,not_mentioned,not_mentioned,earthly_mission,implied,no,He had to return because 'there was more I had to learn on Earth.',"""Don't worry, we've got ya""; ""man, I'm glad that's over with!""; ""I felt like I was finally going home""."
Thomas D NDE 9539,nderf,data\nderf\05134_thomas-d-nde-9539.json,3,yes_explicit,no,not_mentioned,spiritual_realm,yes_explicit,not_mentioned,no,not_your_time,not_mentioned,no,,"""I recognize the door as my 'pain and anguish' door.""; ""It's the guilt that I installed on myself... You no longer need to carry it anymore.""; ""Let it go because I couldn't have changed the inevitable.""; ""All I could see was white light.""; ""they did give me a choice to stay home or I could come back. I chose to come back."""
Susan H NDE 8974,nderf,data\nderf\04765_susan-h-nde-8974.json,3,yes_explicit,implied,not_mentioned,spiritual_realm,not_mentioned,not_mentioned,not_mentioned,not_mentioned,yes_explicit,no,"Impressed later: 'You are a Carrier of Peace. Go now and carry Peace.' She reports focusing on sharing/normalizing afterlife conversation, pointing people to Jesus, and speaking about healings.",'YOU MUST COME BACK.'; 'I don’t want to go back... I want to stay here.'; 'I was in Heaven.'; 'You are a Carrier of Peace. Go now and carry Peace.'
Michael NDE 9017,nderf,data\nderf\04791_michael-nde-9017.json,3,yes_explicit,no,not_mentioned,spiritual_realm,yes_explicit,not_mentioned,no,not_your_time,not_mentioned,not_mentioned,,"""I felt a warm feeling with no pain whatsoever."" ""Brighter than the Sun, but I can see his face."" ""It was as if I never left him."" ""I wasn't supposed to be home with him yet."""
Sandi T NDEs 9082 NDE 9082,nderf,data\nderf\04838_sandi-t-ndes-9082-nde-9082.json,3,not_mentioned,not_mentioned,chose_mission,spiritual_realm,yes_explicit,not_mentioned,not_mentioned,earthly_mission,implied,not_mentioned,"Implied obligation/commitment: 'I had promised. I had work to do even though it was really, really hard work.'","'Remember exactly what they say.' / 'You don't have to go back. It's your choice.' / 'Let us take a tour,' / 'Time here will not pass while we are there.' / 'That is the answer to your question.'"
"Archive through March 30, 2004 - Anonymous (Tuesday, March 30, 2004 - 09:17 pm)",iands,data\iands\archive-through-march-30-2004-011.json,3,implied,no,not_mentioned,spiritual_realm,implied,not_mentioned,not_mentioned,not_mentioned,not_mentioned,not_mentioned,,"""I suddenly found myself in a waiting area, it was like a room with no dimensions, but filled with the beautiful light that has no source."" ""It was like going home."" ""When I came back, it was painful."""
Anita B NDE 9813,nderf,data\nderf\05316_anita-b-nde-9813.json,3,yes_explicit,no,not_mentioned,spiritual_realm,yes_explicit,not_mentioned,not_mentioned,family_responsibility,no,no,,"'This is when I leave, this is when I die.'"
Tina T Possible NDE 9120,nderf,data\nderf\04867_tina-t-possible-nde-9120.json,3,yes_explicit,not_mentioned,not_mentioned,spiritual_realm,yes_explicit,not_mentioned,not_mentioned,earthly_mission,yes_explicit,no,Return to continue leadership/care for many animals (dog daycare/pack) and to unlock creative potential (modeling/music) with the help of a body-contouring surgery idea that was presented as important to her evolution.,"“I sort of 'ejected' myself out of my body, as if by will.”
“It was absolute bliss; all of the pain was gone and I was in this all-encompassing orgasmic state.”
“Sound was telepathic, it was like ideas being projected at me instead of noises/words being spoken to me.”
“I decided the visions were right and that I should return to my body. So I pushed my energy really hard to the left side, until I fell out of the tunnel of energy and was instantly back in my body.”"
Janine S NDE 9132,nderf,data\nderf\04876_janine-s-nde-9132.json,3,implied,not_mentioned,not_mentioned,spiritual_realm,yes_explicit,none,no,not_mentioned,no,no,,“I want to come home. Why won’t you let me come home? I don’t want to stay here.”
Wendy W NDE 9146,nderf,data\nderf\04887_wendy-w-nde-9146.json,3,yes_explicit,not_mentioned,not_mentioned,spiritual_realm,yes_explicit,not_mentioned,no,family_responsibility,not_mentioned,no,,"""You need to call for help NOW, or you're going Home.""; ""All you have to do is being willing to try to get up on your hands and knees - then we can help you.""; ""Oh please don't make me walk through a long tunnel - I am totally out of energy.""; ""Welcome Home!"" (described as a party); ""He told me I could not take one more step toward the Light or I wouldn't be able to return to my body... the choice was mine.""; ""Your contract with your husband is done."""
Anelia G NDE 9108,nderf,data\nderf\04858_anelia-g-nde-9108.json,3,yes_explicit,not_mentioned,not_mentioned,spiritual_realm,yes_explicit,none,no,earthly_mission,implied,no,"She felt she ""was supposed to become someone"" and had not started her intended earthly life; she chose to return to continue it.",“It felt as if time had stopped or just didn’t exist.” / “I had knowledge that I was dead.” / “I was returning to where I originated from.” / “I wasn’t a human form nor did I have an age. I just was.” / “It was as real and even more real than real.”
Heart attack leads to teachings about dimensions by Higher Self,iands,data\iands\heart-attack-leads-to-teachings-about-dimensions-by-higher-self.json,3,implied,not_mentioned,not_mentioned,spiritual_realm,implied,not_mentioned,no,earthly_mission,implied,implied,He later concludes his purpose for returning was to inform others (through books) about establishing conscious communication with 'the other side.',"“You now have a choice. You can come Home with me, or you can return to your body and to your life. What do you choose to do?”; “No, there are some things I would still like to do in this lifetime, so I choose to return to my body and my life.”; “Its 10:30am, May the Fourth… be with you!”"
Jackie S STEs 9922 NDE 9922,nderf,data\nderf\05384_jackie-s-stes-9922-nde-9922.json,3,implied,no,not_mentioned,spiritual_realm,implied,none,no,not_mentioned,no,no,,"""Find peace, my child. You've suffered enough.""; ""Don't you know, it all flows.""; ""You'll find God tomorrow.""; ""He intends to perform an evil act, and you must stop him.""; ""You must fight evil!""; ""It's not safe for you to stand here. You have to move."""
Michael M NDE 9946,nderf,data\nderf\05400_michael-m-nde-9946.json,3,yes_explicit,not_mentioned,not_mentioned,spiritual_realm,yes_explicit,not_mentioned,not_mentioned,not_your_time,implied,no,"Told by the familiar presence that it was not his time to be home yet and he had ""something very important to do back on Earth.""","""This is my home!""; ""No, you can’t look at me and you must go back to your vessel on Earth!""; ""I thought my life string, my connection with that body, was just severed and I’m dead.""; ""All those lights in the sky are people’s energy while they inhabit life vessels."""
André R NDE 13183,nderf,data\nderf\05547_andr-r-nde-13183.json,3,implied,not_mentioned,not_mentioned,spiritual_realm,yes_explicit,not_mentioned,not_mentioned,family_responsibility,implied,no,"He says he had to return to 'realize my path with an accomplishment and a transmission of the Love that I had received,' and to maintain 'the peace of my mind and the emotional balance of my loved ones.'","“At that moment, a door opened onto an infinite, very happy consciousness.” / “I was dazzled by an intense luminosity, submerged by an immeasurable, omnipresent and eternal love.” / “It was a purely telepathic language.” / “This being was so whole, so luminous, so loving that I would dare to call it ‘God’. It had nothing to do with the God of religious books.”"
Kristen G NDE 9819,nderf,data\nderf\05321_kristen-g-nde-9819.json,3,yes_explicit,not_mentioned,not_mentioned,spiritual_realm,yes_explicit,not_mentioned,not_mentioned,not_your_time,implied,no,"Felt her purpose was ""helping others through love"" / ""be each other's light and love.""","""THIS is a dream. That place is REAL; way more real than here.""; ""It's like explaining the color blue to a blind person.""; ""it wasn't my time yet."""
August U NDE 9828,nderf,data\nderf\05329_august-u-nde-9828.json,3,yes_explicit,no,not_mentioned,spiritual_realm,yes_explicit,not_mentioned,no,other,implied,no,Implied message that he was not finished on earth and had more to learn.,"'This was home.'; 'There is absolutely nothing to be afraid of, and everything will be fine.'; 'I don’t want to die yet.'; 'Today is the day I will die.'"
Thomas B NDE 9832,nderf,data\nderf\05332_thomas-b-nde-9832.json,3,yes_explicit,not_mentioned,not_mentioned,spiritual_realm,yes_explicit,not_mentioned,not_mentioned,other,yes_explicit,no,"He reports being told he had a purpose/was ""not finished"" and later frames the meaning/purpose as learning and showing love, helping others, and sharing the message.","""You are loved, you are welcome here.""; ""welcome back""; ""COME.""; ""You are loved, you are accepted.""; ""I am sorry, you must go back now.""; ""This is how you see Me.""; ""You must go back now; you are not finished.""; ""I am so sorry; you must go back. I love you"""
"Archive through August 11, 2003 - Anonymous (Tuesday, July 1, 2003 - 11:00 pm)",iands,data\iands\archive-through-august-11-2003-021.json,3,yes_explicit,not_mentioned,chose_mission,not_mentioned,yes_explicit,not_mentioned,no,family_responsibility,implied,yes_explicit,Felt a covenant/mission connected to raising/protecting/teaching daughter; also that husband/son/self had 'tasks to fulfill together' and that experiencer would be a 'catalyst' for them; later urgency about making the world better through ministry.,"""Welcome, little one."" / ""You may stay...if you choose to."" / ""God is not like that; God is love."" / ""I knew I was a volunteer for this life: I DID ask to get born!"""
Erika K NDE 3400,nderf,data\nderf\01339_erika-k-nde-3400.json,3,yes_explicit,not_mentioned,chose_mission,not_mentioned,yes_explicit,not_mentioned,not_mentioned,not_mentioned,implied,not_mentioned,"Shown ""the importance of the future of my life as a human"" and that each person plays an important part; that not fulfilling one's life plan impacts the whole.","“leaving my body and suddenly being in a place surrounded by the purest form of love, which permeated everything”
“we were all connected to each other and if our life's plan is not fulfilled how it impacts the whole.”
“I was then given the choice to stay or return. I chose to return.”
“I somehow knew that we are reincarnated many times”"
JoAnn M NDE 186,nderf,data\nderf\00638_joann-m-nde.json,3,implied,not_mentioned,not_mentioned,spiritual_realm,implied,not_mentioned,no,earthly_mission,yes_explicit,no,Told by God she must return because her 'mission here wasn't complete'; later framed as: 'you haven't loved enough' and to 'let people know that death is not to be feared and the transition is a glorious one.',"“black, velvety tunnel, a color black I had never seen”; “It was as if I had no sense of self, that I was everything and everything was me, including God.”; “you haven't loved enough”; “death is not to be feared and the transition is a glorious one.”; “It very kindly said no.”"
Maria S NDE 2671,nderf,data\nderf\00892_maria-s-nde-2671.json,3,implied,no,not_mentioned,spiritual_realm,implied,not_mentioned,no,not_your_time,implied,no,She states there was a purpose she didn't understand; her obsession was not to forget who she is.,“How funny. The car dies right in front of a cemetery!”; “NO!”; “You have to return.”
"Archive through August 11, 2003 - Anonymous (Tuesday, July 1, 2003 - 10:49 pm)",iands,data\iands\archive-through-august-11-2003-022.json,3,yes_explicit,not_mentioned,chose_mission,spiritual_realm,not_mentioned,not_mentioned,no,not_mentioned,no,yes_explicit,,"""I was swimming in an ocean of pure Love.""; ""They VOLUNTEERED for this demanding curriculum.""; ""We asked for our 'life assignments' before we were born.""; ""Everything..every single thing that ever happens here on earth is designed to help souls grow."""
Kathryn E,nderf,data\nderf\33012_kathryn-e.json,3,yes_explicit,not_mentioned,not_mentioned,spiritual_realm,yes_explicit,not_mentioned,no,other,implied,no,"She told God, ""My story could help them!""","""It’s your time.""; ""On Earth, they call this ‘the Kingdom of Heaven.’""; ""They were like me! My story could help them!""; ""I think God is good."""
Tyler G NDE,nderf,data\nderf\13037_tyler-g-nde.json,2,not_mentioned,not_mentioned,not_mentioned,spiritual_realm,implied,not_mentioned,no,not_your_time,not_mentioned,not_mentioned,,"“I stood in a vast blue-and-white expanse, surrounded by a black geometric grid stretching infinitely in every direction.” “And somehow, I knew that light was Home.” “I relived every moment of my life, but not from my own perspective. I experienced it from every point of view.” “I lived a thousand lives in what must have been three Earth minutes. Time no longer existed.” “Then I heard a faint but powerful sound saying, 'Come back.' It wasn’t a voice exactly. It was more like a calling.” “And then I snapped back like a soul crashing into glass.”"
Elleni D,nderf,data\nderf\33048_elleni-d.json,2,no,no,not_mentioned,spiritual_realm,implied,not_mentioned,no,family_responsibility,no,no,,"""In the name of Jesus, I don’t want to go with you,""; ""Even though the surgery went well, we lost her. It was tough for us.""; ""Your faith and prayers have brought her back. It was beyond our control."""
Brent S,nderf,data\nderf\33046_brent-s.json,2,yes_explicit,not_mentioned,no_choice,not_mentioned,yes_explicit,not_mentioned,no,earthly_mission,yes_explicit,implied,He was “instructed to share” an answer with a friend praying in the temple; later he describes a “new assignment” and being directed to focus on “joyful transition” rather than apocalyptic scenarios.,"“I suddenly became afraid… ‘If it is my time, then I accept.’”; “my heart exploded. I was free from the normal constraints of the body”; “connected to the internet of God”; “There was no judgment whatsoever”; “Would you like me to take you into the presence of Father?”; “my process was ‘100% complete.’”; “I do not recall exchanging any words with Her – just Her embrace, which felt like eternity.”"
Riley H,nderf,data\nderf\33034_riley-h.json,2,not_mentioned,not_mentioned,not_mentioned,spiritual_realm,yes_explicit,not_mentioned,not_mentioned,earthly_mission,yes_explicit,no,"Told by God: “So I’ll let you go back. But you must stay awake. If you don’t—the cards will lay where they lay.” Afterward frames purpose as living intentionally, pointing people toward God, reminding others death is not the end.",“Love is a choice. I am Love. And that life back there… was about Me. And you didn’t choose Me. You missed the boat.” / “You’ve impacted enough of My people… So I’ll let you go back. But you must stay awake. If you don’t—the cards will lay where they lay.” / “You’ll never be able to be perfect.”
Davide M NDE-like,nderf,data\nderf\13224_davide-m-nde-like.json,2,not_mentioned,not_mentioned,not_mentioned,spiritual_realm,implied,not_mentioned,not_mentioned,no_reason_given,no,no,,"""Do not follow me.""; ""Finally, it's about time! I am finally back!""; ""I felt like I was home.""; ""I didn't have to ask anything because I already knew everything.""; ""Love is the purpose of it all."""
James W NDE,nderf,data\nderf\13221_james-w-nde.json,2,implied,not_mentioned,chose_parents,not_mentioned,not_mentioned,not_mentioned,not_mentioned,not_your_time,no,not_mentioned,,"""I'm with the corpse,""; ""Ok. Yeah.""; ""I do not belong here."""
"Archive through August 20, 2004 - Anonymous (Sunday, July 25, 2004 - 11:59 am)",iands,data\iands\archive-through-august-20-2004-006.json,2,yes_explicit,not_mentioned,not_mentioned,not_mentioned,yes_explicit,not_mentioned,not_mentioned,no_reason_given,not_mentioned,not_mentioned,,"""I remember a brilliant flash of white light."" ""Then I suddenly found myself in a tight space where it was very dark."" ""When I passed into that light, I saw a man... a doctor."" ""it's a boy!"" ""I did not speak, I cried! I CRIED LIKE A BABY"" ""As soon as I left my body... there was a barrier or boundary of sorts stopping me from leaving the room."" ""I was thrust, rather, SLAMMED back into my body."""
Lucia L NDE 2759,nderf,data\nderf\00937_lucia-l-nde-2759.json,2,implied,not_mentioned,not_mentioned,not_mentioned,implied,not_mentioned,not_mentioned,no_reason_given,implied,not_mentioned,"Jesus told her, 'Take these gifts home with you.' Later she reports understanding her purpose: to help stop what is going on and to prove 'the ONENESS is in us all.'","“Take these gifts home with you.” / “Someone help her, please! For God's sake, someone help her!” / “I ripped the mask off and kept telling everyone that the tunnel was real.”"
Wan I NDE 2790,nderf,data\nderf\00950_wan-i-nde-2790.json,2,not_mentioned,not_mentioned,not_mentioned,spiritual_realm,yes_explicit,not_mentioned,not_mentioned,not_your_time,implied,no,Interpreted the experience and subsequent 'gift' as to help those around him; emphasized doing good to others.,“It felt like a tunnel with a light at the end of it.” / “It felt like that comfort feeling of 'home.'” / “I don't wanna die! I don't wanna die!”
Steven D Probable NDE 367,nderf,data\nderf\01355_steven-d-probable-nde.json,2,yes_explicit,not_mentioned,not_mentioned,not_mentioned,yes_explicit,not_mentioned,no,earthly_mission,yes_explicit,no,He was told he could 'come back to my body and serve on a mission for the Lord' and was 'called to protect' 'the Lord's Mountain of Gold.' He was cautioned to keep the mission 'between the Lord and me' and to document everything for thirty-five years.,"“I come from the presence of the Lord and my name is Moroni, an ancient prophet.”"
Gene J NDE 3361,nderf,data\nderf\01309_gene-j-nde-3361.json,2,no,no,not_mentioned,spiritual_realm,implied,none,no,no_reason_given,no,no,,"""I was alone in total darkness.""; ""I suddenly found myself standing alone... in the middle of what was a large, ultra-bright, white glowing room.""; ""I felt an overwhelming comfort here, a warmth-like I belonged here.""; ""I began to feel like I knew everything.""; ""This is not a dream or a hallucination. I am here.""; ""I know without a doubt that I had just experienced and felt the Real Power of GOD, and The Holy Spirit!"""
Terre D NDE 3169,nderf,data\nderf\01256_terre-d-nde-3169.json,2,no,no,not_mentioned,spiritual_realm,yes_explicit,not_mentioned,no,not_mentioned,no,not_mentioned,,"""There was this great, great feeling of unconditional love.""; ""this feeling that death is going home.""; ""Then suddenly I was whisked away... caught in a stream of energy flowing around a planet... and also within a giant tree on a hill...""; ""Now I could see through my eyelids."""
Derry NDE 53,nderf,data\nderf\10044_derry-nde-53.json,2,implied,not_mentioned,not_mentioned,not_mentioned,implied,not_mentioned,not_mentioned,family_responsibility,yes_explicit,no,"Said she returned to testify that ""the spirit world is real and beautiful"" and that ""Jesus is who he says he is""; also wanted to return if she could ""help myself and others"" and live more life with her husband if able to communicate/help him.","""Look! I'm alive! I'm in here! I'm going to live!""; ""There was a bright mist permeating everything. The light was everywhere; it even passed through me!""; ""this stream of water fairly sang!"""
Olma S NDE 3053,nderf,data\nderf\01083_olma-s-nde-3053.json,2,not_mentioned,not_mentioned,not_mentioned,spiritual_realm,yes_explicit,not_mentioned,not_mentioned,family_responsibility,no,no,,"'WOW I'm dead!!' ; 'WOW I'm home' ; 'Moving through velvety blackness with sparkles... somewhat tunnel like.' ; 'Strangely, I could not remember the meaning of life and it was as if a curtain had been pulled across that memory.'"
Leonie W NDE 3131,nderf,data\nderf\01123_leonie-w-nde-3131.json,2,no,no,not_mentioned,spiritual_realm,implied,not_mentioned,no,family_responsibility,no,no,,"""I was surrounded by love."" ""I was encompassed by warmth and a sense of belonging I've never experienced since."" ""It was like everything was in some type of relief."" ""As soon as that thought passed through me, I was back in my body."""
Tyrone H NDE 13022,nderf,data\nderf\05453_tyrone-h-nde-13022.json,2,yes_explicit,not_mentioned,not_mentioned,not_mentioned,yes_explicit,not_mentioned,not_mentioned,not_your_time,no,not_mentioned,,"“Then I saw my spirit/essence rising from the gurney. In real time, I watched myself dying.”; “Oh, this is not your time you have to go back”; “I’m back.”; “God I commit my body into your hands; do what you do.”; “You were healed physically instantly but the rest is up to you.”; “I told you I wasn't going anywhere.”"
Nick K STE 13028 NDE 13028,nderf,data\nderf\05457_nick-k-ste-13028-nde-13028.json,2,yes_explicit,not_mentioned,not_mentioned,spiritual_realm,not_mentioned,not_mentioned,no,no_reason_given,no,no,,"“This was no dream. It was more real to me than anything that's happened in this world.”; “The room was made with shimmering gold light… like a lava lamp, but pure gold, white light.”; “This was literally Jesus!”; “He communicated… that we’re all made perfect.”; “It was as if I had swooshed back to my body.”"
Hanne B NDE 3426,nderf,data\nderf\01413_hanne-b-nde-3426.json,2,no,no,not_mentioned,spiritual_realm,implied,not_mentioned,not_mentioned,not_mentioned,not_mentioned,not_mentioned,,"“Next I found 'myself zooming out'” / “between thousands of stars and spiraling galaxies they were All Around 'me' and I was part of the Whole.” / “I felt One and All Consciousness and extremely happy.” / “When I moved my 'hands', stars would spring from them and join the rest on the firmament.” / “If you just knew how old I really am.” / “If anything, I 'woke down'.”"
Charlene P NDE 3434,nderf,data\nderf\01416_charlene-p-nde-3434.json,2,not_mentioned,not_mentioned,not_mentioned,spiritual_realm,implied,not_mentioned,not_mentioned,other,not_mentioned,not_mentioned,,"“It seemed like I was there for days and days, like in some sort of 'holding room'.”; “I am done here if I want to be done here or I could return.”; “I wanted to return to be here for the ascension.”; “I feel like an alien here.”"
Walter G NDE 2815,nderf,data\nderf\01417_walter-g-nde-2815.json,2,yes_explicit,no,not_mentioned,not_mentioned,yes_explicit,not_mentioned,no,no_reason_given,not_mentioned,not_mentioned,,“I was happy that I felt so good.” “I was a drop of light in an ocean of light. The mind disappeared.” “I saw myself in my mother's womb two months before my birth.”
Tara B NDE 126,nderf,data\nderf\01459_tara-b-nde.json,2,not_mentioned,not_mentioned,chose_mission,not_mentioned,implied,not_mentioned,no,earthly_mission,implied,no,The three figures said she had to decide if she was done with her task; she was not meeting her goals; she had picked this life as a test; the goal would be the same even if she got another body.,"“I was rushing through a tunnel of blue swirling mist and saw a bright light at the end, brilliant white and blue, no words could describe it, and I felt love emanating from it.”"
Teri NDE 3486,nderf,data\nderf\01547_teri-nde-3486.json,2,no,no,not_mentioned,spiritual_realm,implied,not_mentioned,no,no_reason_given,no,no,,"'Love was almost tangible, as was the lack of distance or time.'; 'I knew it was where I belonged and it was natural to be there... just right.'; 'The other dimension is reality and this world is an illusion.'"
"Archive through March 30, 2004 - Anonymous (Friday, March 26, 2004 - 02:41 pm)",iands,data\iands\archive-through-march-30-2004-015.json,2,implied,no,not_mentioned,spiritual_realm,not_mentioned,not_mentioned,no,not_mentioned,not_mentioned,implied,,"""there is something better ahead,"" ""Your belief will heal you."", ""The point of power is in the present."", ""I wish I was on the other side where there is unconditional love 100% of the time."", ""I know I chose to be here, but I am stuck."", ""I just want to go back home"""
"Archive through May 09, 2002 - Anonymous (Thursday, April 4, 2002 - 12:25 pm)",iands,data\iands\archive-through-may-09-2002-010.json,2,implied,not_mentioned,not_mentioned,spiritual_realm,not_mentioned,not_mentioned,no,other,no,no,,"""I was told that I must go to meet someone who was waiting for me."" ""This being was the Father I had been taught about in heaven."" ""We had much conversation without saying any words."" ""If I had a question in my thought, I immediately had the answer."" ""I was home and I wanted to stay!"" ""He answered, and I felt him smiling, ' unconditional love'."""
James B Probable NDE 9724,nderf,data\nderf\05249_james-b-probable-nde-9724.json,2,yes_explicit,no,not_mentioned,not_mentioned,yes_explicit,not_mentioned,no,family_responsibility,no,not_mentioned,,"“everything was bathed in a light”; “I was as happy as I have ever been”; “I would love to die right now, but my wife and son are both dependent on me”; “this was not my time”; “I no longer have any reservations about death and actually look forward to it.”"
Alice S NDE 21640,nderf,data\nderf\01149_alice-s-nde-21640.json,2,implied,not_mentioned,not_mentioned,not_mentioned,implied,not_mentioned,not_mentioned,family_responsibility,implied,no,"Told she would have children; ""My son was important"" and ""when I was an old woman, I would be doing something special.""","""Honey, this is it""; ""She was me, and I was her""; ""I could see my body lying there... I knew I was dead""; ""although we had planned for me to leave at this time, some things had changed""; ""I'm supposed to be dead, and my neck is broken""."
James H NDE 3213,nderf,data\nderf\01214_james-h-nde-3213.json,2,no,no,not_mentioned,spiritual_realm,implied,not_mentioned,no,no_reason_given,no,no,,“I had never felt so alive and complete.” “My spirit or energy was floating through what looked like a heavy snow fall.” “I possessed the certain knowledge that once I reached the light I would be whole or complete - that this was the only place I belonged.” “I did not come back willingly or by choice.”
Kathi B NDE 3339,nderf,data\nderf\01235_kathi-b-nde-3339.json,2,no,no,not_mentioned,spiritual_realm,implied,not_mentioned,no,earthly_mission,yes_explicit,no,Told she was 'too early' and 'still had work to do' and would 'have to go back' (work not specified).,"""Let go. Go with the flow. Let go.""; ""I was home.""; ""I was told that I was too early. I still had work to do."""
TJ NDE 2410,nderf,data\nderf\00723_tj-nde-2410.json,2,no,no,not_mentioned,spiritual_realm,yes_explicit,not_mentioned,no,family_responsibility,not_mentioned,no,,"“It is not your time to cross. If you cross over, you cannot go back.” / “Thank you for choosing,” / “Do you know who these children are?”"
Stefan vdB NDE 9238,nderf,data\nderf\04937_stefan-vdb-nde-9238.json,2,yes_explicit,not_mentioned,not_mentioned,not_mentioned,yes_explicit,not_mentioned,no,family_responsibility,not_mentioned,not_mentioned,,"'Hello, I'm the grandfather of your father, I was sent to meet you, you can come with me since you are allowed into heaven' ... 'Then you should go back'."
Alba Monn SDE 9253 NDE 9253,nderf,data\nderf\04949_alba-monn-sde-9253-nde-9253.json,2,yes_explicit,not_mentioned,not_mentioned,not_mentioned,yes_explicit,not_mentioned,not_mentioned,not_mentioned,not_mentioned,not_mentioned,,“Forgive him!”; “I forgive him!”; “Mama! Don't be so sad! I'm so glad that everything has ended!”
Cheltsey T NDE 9267,nderf,data\nderf\04956_cheltsey-t-nde-9267.json,2,no,not_mentioned,not_mentioned,spiritual_realm,yes_explicit,not_mentioned,not_mentioned,not_your_time,not_mentioned,not_mentioned,,"Jesus told her ""it wasn’t my time yet; that I had a purpose"" and repeatedly ""not yet""; she described ""SO many beautiful and BRIGHT colors that we don’t have on Earth"" and ""A bright white 360 view."""
Ben B NDE 9298,nderf,data\nderf\04977_ben-b-nde-9298.json,2,no,no,not_mentioned,spiritual_realm,implied,not_mentioned,no,not_your_time,implied,no,"He is told: ""as long as you work on yourself I will always be there for you"" and ""only if you move on and forgive yourself.""","""You’re here, didn’t I tell you not to come , you’re not ready.""; ""WHY DO YOU CONTINUE TO HATE, WHY DO YOU ABUSE YOUR SOUL THAT I CREATED MY CHILD? DO YOU KNOW WHAT REAL PAIN IS?""; ""You can’t help him; he is where he needs to be.""; ""only if you move on and forgive yourself"""
"Archive through June 2, 2003 - Anonymous (Monday, June 2, 2003 - 08:05 am)",iands,data\iands\archive-through-june-2-2003-004.json,2,implied,not_mentioned,not_mentioned,not_mentioned,implied,not_mentioned,no,no_reason_given,no,no,,"“NO, GO BACK”."
Anastasia F NDE 9936,nderf,data\nderf\05392_anastasia-f-nde-9936.json,2,no,not_mentioned,not_mentioned,spiritual_realm,implied,not_mentioned,not_mentioned,no_reason_given,no,no,,“It was as if my body didn’t exist anymore. It was just 'me'.”; “It felt like I came home and that everything was okay.”; “It was like the tunnel closed its end.”
Amy B NDE 9939,nderf,data\nderf\05394_amy-b-nde-9939.json,2,no,no,not_mentioned,spiritual_realm,yes_explicit,not_mentioned,no,family_responsibility,no,no,,"“Suddenly, I felt like I went from my car to another realm.”; “There's was no tunnel.”; “I could not see myself.”; “It just felt like I went from earth to another realm.”; “I just saw God.”; “God is REAL!”"
Robert E NDE 9944,nderf,data\nderf\05398_robert-e-nde-9944.json,2,yes_explicit,not_mentioned,not_mentioned,not_mentioned,yes_explicit,not_mentioned,not_mentioned,not_mentioned,not_mentioned,not_mentioned,,"'Am I dead.' / 'Yes, you are.'; 'Praise Him.'; 'like being completely ripped apart'; 'put my body back on, as if I were putting on a set of clothes.'"
Leea W NDE 9965,nderf,data\nderf\05412_leea-w-nde-9965.json,2,no,not_mentioned,not_mentioned,spiritual_realm,yes_explicit,not_mentioned,not_mentioned,earthly_mission,yes_explicit,no,Told she would return because she still had 'work to do.',"“If you can visualize a soap bubble blown and floating in the air until it pops, that's what it felt like to me.”; “I was instantly in this incredible sea of living light.”; “I was told I would return because I still had work to do.”; “when the body-vehicle is dropped, our consciousness does not blink, not even for a nanosecond.”"
Tomas S. NDE 9974,nderf,data\nderf\05419_tomas-s-nde-9974.json,2,no,no,not_mentioned,spiritual_realm,yes_explicit,not_mentioned,no,not_your_time,no,not_mentioned,,"“What is the purpose of my life?” … “Do whatever you like, just do not hurt others.”"
John F NDE 9997,nderf,data\nderf\05436_john-f-nde-9997.json,2,no,not_mentioned,not_mentioned,spiritual_realm,yes_explicit,not_mentioned,no,family_responsibility,no,no,,"“Everything was dark, but I felt so much love and peace.”; “It felt like I was in space.”; “I got to go back. I had an argument with my son.”; “It was like I was a star.”; “I’m not afraid to die anymore.”"
Jean-Jacques F NDE 9998,nderf,data\nderf\05437_jean-jacques-f-nde-9998.json,2,no,no,not_mentioned,spiritual_realm,implied,not_mentioned,no,no_reason_given,no,no,,"""I felt myself floating face down over my body and rising up towards the ceiling""; ""a long and upward dark tunnel appeared behind me at about a 45-degree angle""; ""I was overwhelmed with feelings of Happiness, peace, unconditional love""; ""It was as though I was returning home after a long trip abroad""; ""mere words cannot describe."""
ErinRae G NDE 9365,nderf,data\nderf\05021_erinrae-g-nde-9365.json,2,no,not_mentioned,not_mentioned,spiritual_realm,implied,none,no,not_mentioned,no,no,,"""I saw the brightest light I have ever seen but it didn't hurt to look at it."" ""I felt something carrying me."" ""It felt like home."" ""It was beyond real, if there's a word for that."""
Kevin L NDE 9362,nderf,data\nderf\05022_kevin-l-nde-9362.json,2,not_mentioned,not_mentioned,not_mentioned,spiritual_realm,yes_explicit,not_mentioned,no,family_responsibility,no,no,,'DO NOT WORSHIP ME.'; 'This is my true home.'; 'I DON’T WANT TO LEAVE MY FAMILY.'; 'CHOOSE'.
Valentina D NDE 9367,nderf,data\nderf\05023_valentina-d-nde-9367.json,2,yes_explicit,not_mentioned,not_mentioned,not_mentioned,yes_explicit,not_mentioned,not_mentioned,family_responsibility,implied,no,"She understood she had left 'intact the job of mother' and returned to continue her role as mother and also 'wife, daughter, sister, nurse.'","“I am a gray ball like you would make with smoke.” / “You are expansive, you are the universe, you are infinity. No pain, only love and infinite joy.” / “I came to a definite conscious decision to return to life.”"
Lisette SL Probable NDE 9378,nderf,data\nderf\05028_lisette-sl-probable-nde-9378.json,2,implied,no,not_mentioned,not_mentioned,implied,not_mentioned,no,family_responsibility,implied,no,Felt she needed to return to raise her daughter; later described an urgency to live her purpose of love.,"“gone somewhere else outside of time, in complete darkness.” “I felt indescribably comfortable and loved.” “There was no time. Time was irrelevant there.” “I heard the whooshing sound and felt suction.” “Wake up! Wake up, Lise and open your eyes! Open your eyes and look at your daughter!”"
James M NDE 9035,nderf,data\nderf\04802_james-m-nde-9035.json,2,no,not_mentioned,not_mentioned,spiritual_realm,yes_explicit,not_mentioned,not_mentioned,not_mentioned,not_mentioned,not_mentioned,,"""I no longer felt anger, sadness, or regret.""; ""We communicated through emotional feelings.""; ""This was not a hallucination because it was so real.""; ""I came to a barrier that I was not permitted to cross; or was sent back against my will."""
Franciose R NDE 9041,nderf,data\nderf\04809_franciose-r-nde-9041.json,2,yes_explicit,not_mentioned,not_mentioned,not_mentioned,yes_explicit,not_mentioned,no,no_reason_given,no,no,,"“Then it all went quiet. I stopped moving completely and felt total peace.” / “I heard a small voice say that it was fine, that I would die and that is ok.” / “I remember a beautiful void, like an underwater tunnel… quickly filling with bright rays of light.” / “I existed as a flowing Being of light and joy without limits.” / “I was deeply saddened to be back.”"
Fatih A NDE 9048,nderf,data\nderf\04813_fatih-a-nde-9048.json,2,no,not_mentioned,not_mentioned,spiritual_realm,implied,not_mentioned,not_mentioned,not_mentioned,not_mentioned,not_mentioned,,"“I was watching everything from above.” / “Everything I’m going to write here is beyond describing because I just can’t describe it right with words.” / “I was surrounded completely in bright light.” / “I was in a place where I felt very welcomed and like I belonged there.” / “It felt like home and I still miss that place.” / “If I was given the choice, I would never choose to come back.”"
Estelle D NDE 9069,nderf,data\nderf\04830_estelle-d-nde-9069.json,2,no,not_mentioned,not_mentioned,spiritual_realm,yes_explicit,not_mentioned,not_mentioned,not_your_time,yes_explicit,no,"""You still have things to do on Earth; you must go back.""","""Lord, you see what this sacrifice is costing me, make it at least so that it’s not in vain!""; ""I'm going to die!""; ""You still have things to do on Earth; you must go back.""; ""If you save my life, I promise to make up for all these moments and to love more."""
Will S Probable NDE 8779,nderf,data\nderf\04649_will-s-probable-nde-8779.json,2,no,not_mentioned,not_mentioned,spiritual_realm,implied,not_mentioned,not_mentioned,no_reason_given,no,no,,"""I also knew I had been here before and that I was 'home'.""; ""The instant I thought 'yes,' I was back in my body.""; ""If I was using human eyes, I probably would not have been able to look at it."""
Jennifer B NDE 13000,nderf,data\nderf\05440_jennifer-b-nde-13000.json,2,yes_explicit,not_mentioned,not_mentioned,not_mentioned,yes_explicit,not_mentioned,not_mentioned,not_mentioned,no,not_mentioned,,"“God, you get down here, now, and fix my life or take me home.”; “You can’t do that! You can’t bring people here and then send them back to that! It’s just not right!”; “Nay. Stand, stand. All are equal.”"
David J NDE 13002,nderf,data\nderf\05441_david-j-nde-13002.json,2,yes_explicit,not_mentioned,not_mentioned,not_mentioned,yes_explicit,not_mentioned,not_mentioned,other,not_mentioned,not_mentioned,,"“I was way out into space, like I was shot from a canon.” “When I stopped, I was enclosed in a dark ambe-like light.” “If I kept going, I couldn't go back to my body.” “I was instantly back in my body, lying on the street and fighting for my life.”"
"Archive through March 11, 2004 - Anonymous (Thursday, December 11, 2003 - 03:39 pm)",iands,data\iands\archive-through-march-11-2004-025.json,2,no,no,not_mentioned,spiritual_realm,implied,not_mentioned,no,other,no,no,,"""I'll breathe for you Dad.""; ""We then 'moved' through what was like a tunnel...""; ""Mama, Mama.""; ""Lynn! go and answer the door!""; ""Bye honey, and thank you.""; ""not yet."""
"Archive through March 30, 2004 - Anonymous (Tuesday, March 30, 2004 - 09:28 pm)",iands,data\iands\archive-through-march-30-2004-002.json,2,no,no,not_mentioned,spiritual_realm,yes_explicit,not_mentioned,no,other,implied,no,She told the experiencer they were 'to live life fully' and not keep following the path back to God/Heaven in that way.,"""Far enough child!""; ""God.""; ""Uh huh""; ""Many would follow the path to God and I was not to do this, I was to live life fully""; ""indiscreet""."
Hodgkin's Disease Respiratory Failure,iands,data\iands\hodgkin-s-disease-respiratory-failure.json,2,no,no,not_mentioned,spiritual_realm,implied,none,no,not_mentioned,no,not_mentioned,,"“Everything, including me, dissipated-- became like mist-- … It was more like knowing what was beyond the mist…”; “there was only one reality”; “The reality was very strong, overwhelming in fact, and singular. It had consciousness.”; “The quality of its attention was like that of a new mother holding her long-awaited firstborn child”; “I did not feel separate from that reality. I felt myself coalesce with it…”; “The fog re-formed and rebuilt the world. Gently, I was back in my body. I cried for weeks.”"
"I am a bird, and thus starts my life",iands,data\iands\i-am-a-bird-and-thus-starts-my-life.json,2,no,no,not_mentioned,spiritual_realm,implied,none,no,no_reason_given,no,no,,"“Everything, including the bird, emanated a pure, otherworldly white light.”

“I actually was the bird.”

“This place, this 'reality,' seemed so much foggier and darker than the other place. So much less real.”

“We are not alone, and there is no reason to fear death, as it is not an ending, but a beginning.”"
I'm completely different since...,iands,data\iands\i-m-completely-different-since.json,2,not_mentioned,not_mentioned,not_mentioned,spiritual_realm,implied,not_mentioned,not_mentioned,family_responsibility,no,no,,"“That is your choice. Right now, whether you live or go on in the nonphysical is up to you. It is always your choice when you want to go. You are given several opportunities in your life to choose to stay on the earth or go Home. So I ask you, what do you choose?”"
Anna P Possible NDE 9127,nderf,data\nderf\04882_anna-p-possible-nde-9127.json,2,yes_explicit,not_mentioned,not_mentioned,not_mentioned,yes_explicit,not_mentioned,not_mentioned,other,not_mentioned,not_mentioned,,“My Spirit looked like dense fog.”; “I felt and knew that I was coming out of my body because my heart was not beating and my body was not breathing.”; “I decided that I had to force my body to breathe.”; “My body took a sharp breath and my heart starting beating.”
Robin A Probable NDE 9159,nderf,data\nderf\04893_robin-a-probable-nde-9159.json,2,implied,not_mentioned,not_mentioned,not_mentioned,implied,not_mentioned,no,not_your_time,not_mentioned,not_mentioned,,"“Not your time. It is time to go back now.”; “There are definitely, absolutely, other planes to existence!”"
Robert B NDE 9163,nderf,data\nderf\04895_robert-b-nde-9163.json,2,yes_explicit,not_mentioned,not_mentioned,not_mentioned,yes_explicit,not_mentioned,no,not_mentioned,no,not_mentioned,,"""I knew I was COMPLETELY ME without a body.""; ""It is not about what you have done. Christ accomplished this and it was for you and for all. You are safe.""; ""You coded sir. Do you remember anything?""; ""The instant I was in Heaven, or rather the outskirts of it, time stopped."""
Bill J NDE 9165,nderf,data\nderf\04897_bill-j-nde-9165.json,2,no,not_mentioned,not_mentioned,spiritual_realm,yes_explicit,not_mentioned,not_mentioned,not_your_time,no,not_mentioned,,“This is it.”; “I suddenly seemed to know all the questions in my life and had all the answers.”; “This place really felt like home.”
Katty Q Probable NDE 9308,nderf,data\nderf\04985_katty-q-probable-nde-9308.json,2,yes_explicit,no,not_mentioned,not_mentioned,yes_explicit,not_mentioned,no,not_your_time,implied,no,"Implied by the message: ""You can't leave until you finish what you started.""","""You can't leave until you finish what you started.""; husband: ""your son, He needs you."""
Charlene R NDE 9310,nderf,data\nderf\04986_charlene-r-nde-9310.json,2,yes_explicit,not_mentioned,not_mentioned,not_mentioned,yes_explicit,not_mentioned,not_mentioned,not_your_time,not_mentioned,not_mentioned,,"“I was waking up out of the sleep of a lifetime and into a pool of the most overwhelming emotion of peace, serenity and love.”"
Coming and Going Somewhere,iands,data\iands\coming-and-going-somewhere.json,2,not_mentioned,not_mentioned,not_mentioned,spiritual_realm,implied,not_mentioned,not_mentioned,not_mentioned,not_mentioned,not_mentioned,,"""My vision was more real than a dream.""; ""I was going somewhere and I have come from somewhere.""; ""Now I 'see' people my clients bring into the room, sometimes.""; ""The instant I walked into the room I knew he was somewhere else."""
John J Probable NDE 8917,nderf,data\nderf\04724_john-j-probable-nde-8917.json,2,no,not_mentioned,not_mentioned,spiritual_realm,yes_explicit,not_mentioned,no,not_mentioned,not_mentioned,not_mentioned,,"“I remember being in a hospital room, just above the heads of the doctor and nurse. I moved up to the ceiling.” / “It was as though I was wrapped in warm love.” / “I don't remember any words being spoken. I knew things.” / “The sound felt as though it went through me. It was as if I could hear it inside me.”"
William R NDE 8726,nderf,data\nderf\04614_william-r-nde-8726.json,2,no,no,not_mentioned,spiritual_realm,yes_explicit,not_mentioned,no,earthly_mission,implied,no,Told he was 'a part of God's plan' and shown how each person affects others (domino-effect); said staying would require changing 'millions of events'.,"'Hurry, we must go!' / 'The dark ones are coming.' / 'No, no it is not yet your time.' / 'You are a part of God's plan.' / 'Your beliefs and your bible are not completely correct or complete, but they are the best you have and you must do the best you can with them.' / 'That is to serve as a reminder so that you will never forget what has happened.'"
Myriam O STE 8739 NDE 8739,nderf,data\nderf\04622_myriam-o-ste-8739-nde-8739.json,2,not_mentioned,not_mentioned,not_mentioned,spiritual_realm,implied,not_mentioned,not_mentioned,not_mentioned,not_mentioned,no,,"“Oops, there goes Myriam!”; “I was like a droplet of that gigantic mass of consciousness but in reality I was also that huge consciousness”; “I, little drop of consciousness, now free from the illusion, returned to where I have always belonged.”"
Gary G NDE 8751,nderf,data\nderf\04629_gary-g-nde-8751.json,2,no,not_mentioned,not_mentioned,spiritual_realm,yes_explicit,not_mentioned,not_mentioned,family_responsibility,no,no,,"“Gary, would you like to stay for eternal peace and happiness or go back?”"
Maureen K NDE 8982,nderf,data\nderf\04769_maureen-k-nde-8982.json,2,yes_explicit,no,not_mentioned,not_mentioned,implied,none,no,family_responsibility,yes_explicit,no,God “asked me if I would be of service.” She also reports: “I would help to eliminate depression through my ancestral lines… spiritual gifts… would now be activated.”,“You have two minutes to live. Get out of that apartment now or you will die there!”; “Everything around me was light and ethereal and warm and alive.”; “They asked me… did you create joy during your life on earth?”; “God lovingly and firmly asked me if I would be of service.”
Yon J NDE 8988,nderf,data\nderf\04771_yon-j-nde-8988.json,2,yes_explicit,no,not_mentioned,not_mentioned,yes_explicit,none,no,not_mentioned,no,not_mentioned,,"“Suddenly, my body was floating on the ceiling and looking down on my body.” “Suddenly, I was flying through a very dark tunnel at a very high speed.” “I could hear the sound of hammering through the tunnel.” “I couldn't get out of the tunnel until waking up in the hospital room.”"
Melanie J Possible NDE 9003,nderf,data\nderf\04779_melanie-j-possible-nde-9003.json,2,no,no,not_mentioned,spiritual_realm,yes_explicit,not_mentioned,no,not_mentioned,no,not_mentioned,,“The ‘essence’ of me was reduced to a simple thread of purple frost about 15cm long.” “It was hugely peaceful. I felt so comfortable and at home there.” “I had a new sense of not being afraid of death.” “I felt very connected with the universe.”
Darlene P NDE 16116,nderf,data\nderf\04787_darlene-p-nde-16116.json,2,no,no,not_mentioned,spiritual_realm,implied,not_mentioned,no,not_mentioned,no,no,,"“Then I felt myself slowly floating up with no pain.”
“The lights that surrounded me were like watching the aurora borealis.”
“As the hands opened up, I could see big scars in his hands.”
“I knew then that I was looking at Jesus.”
“Immediately, I felt a warmth flow throughout my body.”
“She replied, 'not bad for someone that just flatlined.'”
“I can tell you I saw Jesus, I was in Heaven, and I am in sound mind.”"
In the Highest Plain,iands,data\iands\in-the-highest-plain.json,2,no,no,not_mentioned,spiritual_realm,yes_explicit,not_mentioned,no,not_your_time,no,no,,"""Nicholas, it is not your time""; ""Why was I sent back to this world filled with pain and suffering.""; ""Though I walk through the valley of death, I fear no evil for the Lord is with me..."""
Kayak spill gives teen visit with her angel plus new psychic abilities and new purpose,iands,data\iands\kayak-spill-gives-teen-visit-with-her-angel-plus-new-psychic-abilities-and-new-purpose.json,2,implied,no,not_mentioned,not_mentioned,yes_explicit,not_mentioned,no,not_your_time,yes_explicit,no,Told to go back and 'finish your work on Earth' and 'be there for them'; later understood she was meant to heal others.,"""God, please help me!""; ""You have arrived too soon, the time has not come yet for you to be here. You must go back and finish your work on Earth.""; ""I am Yahshael. I have been with you since the dawn of time, and I will be with you for eternity.""; ""You cannot cross the barrier. It is time for you to go back to your existence on Earth."""
Left for dead on a pile of snow,iands,data\iands\left-for-dead-on-a-pile-of-snow.json,2,no,no,not_mentioned,spiritual_realm,implied,not_mentioned,no,not_your_time,no,no,,"""Then, as if a switch had been flipped I was in INSTANT PEACE."" / ""No one had better be sad. This is wonderful. What a perfect time to come home."" / ""He simply told me there had been a mistake and I was to go back."" / ""oh, (very reluctantly) I guess I’d better go back."""
Chris T FDE 9028/6511/6510 NDE 6510,nderf,data\nderf\04800_chris-t-fde-9028-6511-6510-nde-6510.json,2,yes_explicit,not_mentioned,not_mentioned,not_mentioned,yes_explicit,not_mentioned,not_mentioned,family_responsibility,yes_explicit,no,He reports it was revealed he is to share how God healed his life so others may be healed; also a general aim to live as his 'greatest self' and help others align.,"“There was no 'feeling' of floating, only the fact that I was.”; “you will be fine”; “I was told I could leave earth if I wished... or I could stay and be there for those I loved.”; “It is done.”"
Melinda G NDE 9029,nderf,data\nderf\04800_melinda-g-nde-9029.json,2,not_mentioned,not_mentioned,not_mentioned,spiritual_realm,yes_explicit,not_mentioned,not_mentioned,not_mentioned,implied,not_mentioned,"“My purpose is to stand up for the meek, to be compassionate, but most of all is to love.”","“At some point, a veil lifted.”; “I was in total bliss and happiness. I was home. I didn't want to go back.”; “Although time did not exist, this life review took forever but in reality it was only a blink of a second.”; “The bright light filled everything and was totally god's love - unconditional and filled with such joy and peace!”"
Marcelle G Probable NDE 8816,nderf,data\nderf\04665_marcelle-g-probable-nde-8816.json,2,yes_explicit,not_mentioned,not_mentioned,not_mentioned,yes_explicit,not_mentioned,not_mentioned,other,not_mentioned,no,,'You have nothing to do here. We signed a contract and you must go back.'
Pamela H NDE 8821,nderf,data\nderf\04668_pamela-h-nde-8821.json,2,no,not_mentioned,not_mentioned,spiritual_realm,yes_explicit,not_mentioned,not_mentioned,earthly_mission,implied,no,"Told her ""your purpose wasn't fulfilled"" / ""Your time is not up yet. You have to go back.""",“She's not dead! She's Not Dead!” / “Your time is not up yet. You have to go back.” / “I don't want to go back! I want to stay. Please let me stay.”
Sandi A NDE 8822,nderf,data\nderf\04669_sandi-a-nde-8822.json,2,yes_explicit,not_mentioned,not_mentioned,not_mentioned,implied,not_mentioned,not_mentioned,not_mentioned,not_mentioned,not_mentioned,,"“I saw everything, despite my eyes being closed.”; “I saw darkness that felt so dark and evil.”; “I feel like I have been shoved into a body that is no longer my own.”; “it isn't real.”"
Douglas T NDE 8845,nderf,data\nderf\04677_douglas-t-nde-8845.json,2,yes_explicit,not_mentioned,not_mentioned,not_mentioned,implied,not_mentioned,no,not_your_time,yes_explicit,no,Jesus told him: 'tell them about me' / to tell people on earth that Jesus/God is real.,Jesus: 'if want to enter here you have to change.' 'you have to go back it's not your time yet.' 'tell them about me.'
Kristin M SDE 8866 NDE 8866,nderf,data\nderf\04686_kristin-m-sde-8866-nde-8866.json,2,yes_explicit,not_mentioned,not_mentioned,not_mentioned,yes_explicit,none,no,not_mentioned,implied,no,"She believed she was witnessing her friend dying and later wrote, ""At the time, I was not aware that I had helped a soul cross over to Heaven.""",“The tunnel was a living entity. I call it Gods thread of love.”
Alice U NDE 8871,nderf,data\nderf\04689_alice-u-nde-8871.json,2,yes_explicit,not_mentioned,not_mentioned,not_mentioned,yes_explicit,not_mentioned,not_mentioned,not_mentioned,no,not_mentioned,,"“There is no reality but God, there is no reality but God.”; “I had been in Reality and just did not understand how I could possibly wake up into a dream.”"
Scott W NDE 8914,nderf,data\nderf\04719_scott-w-nde-8914.json,2,yes_explicit,no,not_mentioned,not_mentioned,yes_explicit,not_mentioned,no,not_mentioned,not_mentioned,not_mentioned,,"""the energy that binds matter here is that of Unconditional Love""; ""This place was for me and it contained all the Unconditional Love I had for others and that they had for me.""; ""I remember passing through veils or sheets of some kind of energy.""; ""The energy embraced me and the profound healing power of Unconditional Love healed me."""
"Following childbirth, woman passes dark place and heals her brain bleed",iands,data\iands\following-childbirth-woman-passes-dark-place-and-heals-her-brain-bleed.json,2,not_mentioned,not_mentioned,not_mentioned,spiritual_realm,implied,not_mentioned,not_mentioned,family_responsibility,yes_explicit,no,"Told she needed to share her gifts; 'bring Heaven to Earth in all hearts and homes,' 'help bring Divine Mother ways back,' and remind people they have a unique path and purpose.","""I’m not going there.""; ""I’m not ready to die; I’d like to see my kids grow older and be with my family.""; ""It was full of unconditional love!!""; ""I was guided on how to heal it."""
God Exists,iands,data\iands\god-exists.json,2,no,no,not_mentioned,spiritual_realm,implied,not_mentioned,no,not_your_time,not_mentioned,no,,"""Regardless of what happens, it’s going to be okay.""; ""Isn’t he beautiful."""
Karen L NDE 9224,nderf,data\nderf\04930_karen-l-nde-9224.json,2,yes_explicit,not_mentioned,not_mentioned,not_mentioned,yes_explicit,not_mentioned,not_mentioned,family_responsibility,implied,not_mentioned,"She returned to take care of her newborn/autistic child; also described being ""supposed to help others through their journey"" and like being an ""earth angel"" helping others discover their purpose or being with them before death.","“I was above my body and saw the emergency medical technician (EMT) working on my body below me.” “I moved to another dimension where there was an extremely bright, lighted area.” “The voice asked me whether I wanted to stay or go back and take care of my newborn child who needed me.”"
Anouk P Probable NDE 9226,nderf,data\nderf\04932_anouk-p-probable-nde-9226.json,2,implied,no,not_mentioned,not_mentioned,implied,not_mentioned,no,other,not_mentioned,not_mentioned,,"“I woke up in a dark and infinite space.” / “They were two beautiful beings made of light. I couldn't see their faces; there was only light.” / “I felt like I had access to all the knowledge in the world.” / “Certainly, it was with immense joy that I chose to return.”"
Sarah M STE 9508 NDE 9508,nderf,data\nderf\05116_sarah-m-ste-9508-nde-9508.json,2,no,no,not_mentioned,spiritual_realm,yes_explicit,not_mentioned,no,family_responsibility,yes_explicit,no,Jesus told her she had to save a girl from doing drugs; she later met her and convinced her.,"""Make happy and you maybe will become it too.""; ""Sarah, come.""; ""Don't look back.""; ""That is inspiration to people on earth.""; ""I don't want your mom to be sad.""; ""Eat it.""; ""But it's okay now""; ""Bend for your master!"""
Sally F Probable NDE 9527,nderf,data\nderf\05128_sally-f-probable-nde-9527.json,2,yes_explicit,not_mentioned,not_mentioned,spiritual_realm,not_mentioned,not_mentioned,no,not_mentioned,not_mentioned,not_mentioned,,"""There was everything and nothing; it was dark and light at the same time.""; ""I felt like I was an orb; of being separate yet joined to eternity.""; ""I felt like I had a knowing of everything that there is to know in the universe.""; ""It transcended language."""
Natalie B STE 9531 NDE 9531,nderf,data\nderf\05130_natalie-b-ste-9531-nde-9531.json,2,yes_explicit,not_mentioned,not_mentioned,spiritual_realm,not_mentioned,not_mentioned,not_mentioned,earthly_mission,implied,no,"She reports she 'had more business to do on earth' and later frames her purpose as loving God/others and loving someone represented by the blonde, blue-eyed boy; she also reports later foster/adoption and helping her husband through addiction.","“Heaven felt like home, and I had no desire to see my earthly home again.”"
Daniel B STE 9541 NDE 9541,nderf,data\nderf\05136_daniel-b-ste-9541-nde-9541.json,2,no,no,not_mentioned,spiritual_realm,implied,not_mentioned,not_mentioned,earthly_mission,yes_explicit,no,"God/Jesus requested: ""You will help my sheep."" He interpreted this as ""Become As They Are""—find something in common with those who need help and show forgiveness and love.","""I have a request of you."" / ""I am."" / ""You will help my sheep."" / ""Become as they are!"" / ""Rise, and brush the dust from your feet in the grasses where you stand. Then come forward and step upon the rock that supports me."""
Catherine Ann M 9305 NDE 9305,nderf,data\nderf\04983_catherine-ann-m-9305-nde-9305.json,2,yes_explicit,no,not_mentioned,not_mentioned,yes_explicit,not_mentioned,not_mentioned,earthly_mission,yes_explicit,no,Intuitive agreement/communication that she had not accomplished her mission yet.,"“My spirit rose up above my body, to a place near the ceiling.”; “an agreement that I had not achieved my mission yet.”; “I’m not sure at exactly what moment I reentered my body, or how my body was made whole again. It just happened.”"
Olivia F Probable NDE 8757,nderf,data\nderf\04633_olivia-f-probable-nde-8757.json,2,implied,no,not_mentioned,not_mentioned,implied,not_mentioned,no,not_your_time,not_mentioned,no,,"“I saw a white light and felt so much unconditional love.” “I asked, ‘Is this God?’ … the question was spoken with my mind.” “My mum told me she loved me so much and for me to go home because it is not my time yet.” “I know I will see them again and I'm not scared of dying now because we will all be together.”"
KC NDE 8766,nderf,data\nderf\04640_kc-nde-8766.json,2,yes_explicit,not_mentioned,not_mentioned,not_mentioned,yes_explicit,not_mentioned,not_mentioned,not_mentioned,not_mentioned,not_mentioned,,"""Mom, catch me""; ""I heard something similar to applause, or perhaps white noise""; ""The sound was pure static""; ""It looked as though I was on a stage with lights lining the edge""; ""I don't worry about death anymore, because I am certain now that I am not my body."""
Man in motorcycle accident meets God and is given choice of returning,iands,data\iands\man-in-motorcycle-accident-meets-god-and-is-given-choice-of-returning.json,2,not_mentioned,not_mentioned,not_mentioned,spiritual_realm,implied,not_mentioned,not_mentioned,family_responsibility,no,no,,"“Do you want to go back or come with me?"" / ""You will now go back and you will survive this for your children; however, one day you will come with me, but not now."" / ""I felt absolute elation and that I was finally home, and now I understand all and know how everything fits together and works."""
"Man in Snowmobile Accident Feels Trees' Connection to His Spirit, Cheering Him On",iands,data\iands\man-in-snowmobile-accident-feels-trees-connection-to-his-spirit-cheering-him-on.json,2,no,no,not_mentioned,spiritual_realm,yes_explicit,not_mentioned,no,not_mentioned,not_mentioned,not_mentioned,,"""my spirit left my body""; ""standing above my body, 5-6' in the air""; ""communicating soul-to-soul""; ""the trees feeling connected to my spirit""; ""as if they were cheering for me to be okay""; ""Just waking up back in my body.""; ""my spirit was a circle being squeezed to fit into a trapezoidal 3-dimensional container""; ""This life really is a temporary thing."""
Life Review: Exchanging Loving Kindness with All,iands,data\iands\life-review-exchanging-loving-kindness-with-all.json,2,not_mentioned,not_mentioned,not_mentioned,spiritual_realm,implied,not_mentioned,no,earthly_mission,yes_explicit,no,"Told she 'contracted in to help others and the children, and get your PhD.'","""Oh, I’m going home today.""; ""You are only here for a little while; you can’t stay. You contracted in to help others and the children, and get your PhD.""; ""There won’t be any surgery; light and vibration will heal their organs.""; ""There aren’t any mistakes.""; ""We lost the young mom today.""; ""I don’t know what you are talking about; I have a pulse!"""
Life review shows his encouragement of others,iands,data\iands\life-review-shows-his-encouragement-of-others.json,2,no,no,not_mentioned,spiritual_realm,yes_explicit,not_mentioned,no,no_reason_given,yes_explicit,no,"The Being emphasized encouragement: after showing four scenes where he encouraged others, it said, ""More of this!""","""More of this!""; ""Trying to piece the clarity of the next world with the confusion of this world is very hard.""; ""I have zero fear of death."""
Lost Connection with the Physical Plane,iands,data\iands\lost-connection-with-the-physical-plane.json,2,not_mentioned,not_mentioned,not_mentioned,spiritual_realm,implied,not_mentioned,not_mentioned,not_your_time,not_mentioned,not_mentioned,,"“I felt the most overwhelming sense of belonging, like I had come home. It was pure love, just pure existence in love.”"
"Love, Everything that Exists",iands,data\iands\love-everything-that-exists.json,2,no,no,not_mentioned,spiritual_realm,implied,not_mentioned,no,no_reason_given,no,no,,"“love itself is everything that does exist”; “I was everything, everywhere, everytime”; “It was like someone was shoving a mask over my head, suffocating most of my senses.”"
Lucid and Rapid Thinking,iands,data\iands\lucid-and-rapid-thinking.json,2,not_mentioned,not_mentioned,not_mentioned,spiritual_realm,implied,not_mentioned,not_mentioned,earthly_mission,yes_explicit,no,"Told she needed to return to accomplish an entrusted mission; guidance through dreams/visions; her words and life experiences would help heal thousands, awakening them and preparing them for hard days to come; called one of the divine's ""flesh ropes.""","""Welcome back.""; ""Dad, I'm going to die.""; ""Go my child, go.""; ""Please I need to be back now... what about the ones who are waiting for me? What about those two kids?"""
Male teen on drugs has NDE and slow re-entry to Earth reality,iands,data\iands\male-teen-on-drugs-has-nde-and-slow-re-entry-to-earth-reality.json,2,not_mentioned,not_mentioned,not_mentioned,spiritual_realm,implied,not_mentioned,not_mentioned,no_reason_given,not_mentioned,not_mentioned,,"""My mind was clear, more clear than I had ever experienced before. At this time, I felt no effects of the drugs. I was completely sober, and with no fear – in fact it felt like I belonged there.""; ""There was no sense of passing time.""; ""I was on one side of a barrier; He was on the other.""; ""I felt nothing but acceptance and love."""
Man dies suddenly and feels God's love pouring onto infinite array of glowing blocks,iands,data\iands\man-dies-suddenly-and-feels-god-s-love-pouring-onto-infinite-array-of-glowing-blocks.json,2,no,no,not_mentioned,spiritual_realm,implied,not_mentioned,no,no_reason_given,not_mentioned,not_mentioned,,"""I'm finally home.""; ""God was pouring His love (as if from a bucket) onto every block in the infinite array, all at once.""; ""the burdens of this physical world (bills, work, other daily struggles) press down on my soul like a ton of bricks."""
Motorcyclist has OOB and after-effects since accident,iands,data\iands\motorcyclist-has-oob-and-after-effects-since-accident.json,2,yes_explicit,not_mentioned,not_mentioned,not_mentioned,implied,not_mentioned,not_mentioned,not_mentioned,no,not_mentioned,,"""Why am I in a helicopter?""; ""Wow. I'm dead.""; ""No, you are not dead. All is not as you've been told. You've been here before; you'll be here again.""; ""a wave of information was poured into me.""; ""The NDE is as vivid today as the day it occurred."""
My Journey to The 'Other Side',iands,data\iands\my-journey-to-the-other-side.json,2,no,no,not_mentioned,spiritual_realm,implied,none,no,not_your_time,no,no,,"""Finally, for once in my life I was plugged-in and belonged...HOME! This is where I'm meant to be!""; ""Fear of death and sorrow for those who died no longer existed.""; ""It was extraordinarily bright and I was slowly going past a very fine threshold and now entering into the light itself."""
My Spiritual Enlightenment,iands,data\iands\my-spiritual-enlightenment.json,2,not_mentioned,not_mentioned,not_mentioned,spiritual_realm,implied,not_mentioned,not_mentioned,no_reason_given,no,no,,"""The Rescue Squad was still several blocks away from my vantage point above...""; ""I moved through the dark void of the black tunnel...""; ""I was enveloped in love.""; ""I was given the knowledge of the universe..."""
Abby Jo O NDE 8650,nderf,data\nderf\04564_abby-jo-o-nde-8650.json,2,no,not_mentioned,not_mentioned,spiritual_realm,yes_explicit,not_mentioned,not_mentioned,family_responsibility,implied,no,Implied obligations/agreements: returning so that “many people…depending on you” would not be disappointed; a knowing of at least one child “waiting for a body” she needed to provide; finish what was started and balance karma.,"“Thank you for escorting him. Someone will meet with you shortly. Wait here.” / “you can. You have free will. You can do what you choose to do. But if you stay here now, many people who have been waiting a very long time for you, and who are depending on you, will be disappointed…” / “things will get better”"
Matthew S NDE 8655,nderf,data\nderf\04568_matthew-s-nde-8655.json,2,not_mentioned,not_mentioned,not_mentioned,spiritual_realm,yes_explicit,not_mentioned,no,not_your_time,not_mentioned,not_mentioned,,"""Have the parents have been notified? Has an ambulance was dispatched?""; ""Have you remembered home.""; ""Love is all there is.""; ""It seemed like heaven is right here within arm's length."""
Professor of religion has two NDEs from allergic reaction to bites,iands,data\iands\professor-of-religion-has-two-ndes-from-allergic-reaction-to-bites.json,2,not_mentioned,not_mentioned,not_mentioned,spiritual_realm,implied,not_mentioned,no,family_responsibility,implied,no,"He felt urged to return ""for the sake of the love of my beautiful sons"" and says ""my work was not accomplished yet.""","""With starry dome above and all about, I found myself buoyed in an inky nighttime ocean that was at once an Abyss, but also celestial and paradisical.""; ""Glowing and lights were all about me, but these were more than mere lights. They were love itself.""; ""Death severed nothing.""; ""I was sobbing tears of pure ecstasy and joy and love.""; ""That same inky night Abyss of an ocean with the same vault of brilliant stars above buoyed me within her adoring arms again."""
School Bus to Heaven,iands,data\iands\school-bus-to-heaven.json,2,not_mentioned,not_mentioned,not_mentioned,spiritual_realm,yes_explicit,not_mentioned,not_mentioned,not_your_time,no,no,,"""it is not your time, you have to go back.""; ""I went into a huge ball of white light that protected me and brought me to Heaven!""; ""I saw the ambulance drive off with my body on it!"""
Karen T NDE 8250,nderf,data\nderf\04317_karen-t-nde-8250.json,2,implied,no,not_mentioned,not_mentioned,yes_explicit,not_mentioned,no,family_responsibility,no,no,,"“That’s not Jesus!”; “peace that passeth all understanding”; Surgeon: “How did you know that?”; Gynecologist: “That was YOU! I was in the adjacent operating room that day and heard all hell breaking loose in there. The air was blue for a while, I can tell you !”"
Brian K Possible NDE 8300,nderf,data\nderf\04347_brian-k-possible-nde-8300.json,2,yes_explicit,not_mentioned,not_mentioned,not_mentioned,implied,not_mentioned,no,not_mentioned,not_mentioned,not_mentioned,,"""I had this feeling of leaving my body as I saw the room from the ceiling."" ""It was as if I were immersed in a pool of black water that was much thicker than water."" ""This strange place was more like that of a deep black space... a...nonplace."""
Martin W NDE 8303,nderf,data\nderf\04349_martin-w-nde-8303.json,2,no,not_mentioned,not_mentioned,spiritual_realm,yes_explicit,not_mentioned,not_mentioned,not_mentioned,implied,no,"He reports being ""educated"" and later transmitting/sharing what he learned; the light being said he would ""go on"" to experience what had been ""previously decided.""","""I floated in a warm, soft sea of light that consisted of glistening and vibrating colored crystals.""; ""I was dead for 8 minutes.""; ""We have two bodies!""; ""Death is only a transition into other and higher dimensions of life.""; ""It felt like coming home.""; ""We spoke without words to each other through radiation...""; ""Now you are going to go on because you are to experience that which has been previously decided."""
Sandra M NDE 8659,nderf,data\nderf\04571_sandra-m-nde-8659.json,2,no,no,not_mentioned,spiritual_realm,yes_explicit,not_mentioned,no,family_responsibility,no,no,,"“I screamed for him in a panic, but the words that came out - it was energy.” / Cook: “She wasn’t moving. I thought she was gone!” / “It’s reality and this life is like playing a game of monopoly. It is real but not reality, just a small recreation of reality.”"
Beverly F Possible NDE 8667,nderf,data\nderf\04579_beverly-f-possible-nde-8667.json,2,yes_explicit,no,not_mentioned,not_mentioned,implied,none,no,not_mentioned,no,no,,"'Wow, I can see that.'; 'Okay, let's close up now.'; 'Why can I hear them? Why am I in here awake?'"
Cathy L Probable NDE 8675,nderf,data\nderf\04583_cathy-l-probable-nde-8675.json,2,yes_explicit,not_mentioned,not_mentioned,not_mentioned,yes_explicit,not_mentioned,not_mentioned,family_responsibility,no,not_mentioned,,"""Then I heard extremely loud, beautiful music that has no words to describe it."" / ""It was just darkness."" / ""I felt like I was in universal knowledge and expanded to understand so much."" / ""Then I had a knowing that told me to wake up NOW for my daughter."" / ""I felt compressed into my body."""
Sabine G NDE 8685,nderf,data\nderf\04591_sabine-g-nde-8685.json,2,no,not_mentioned,not_mentioned,spiritual_realm,implied,not_mentioned,no,no_reason_given,no,no,,“Going out of my body was like waking up. Life down here seems like a dream or a game.”
Ashli NDEs 8696 NDE 8696,nderf,data\nderf\04596_ashli-ndes-8696-nde-8696.json,2,no,no,not_mentioned,spiritual_realm,implied,not_mentioned,no,earthly_mission,yes_explicit,no,"Told she had a spiritual job to complete on earth; described as being among souls whose job is to be God's witnesses, and that she must finish her work/journey.","“Goodbye old friend.” / “JESUS, SAVE ME, I’m scared!!” / “Don’t you even know who you are?” / “YOU ARE MY CHILD AND I LOVE YOU.”"
Kerry B NDEs 8703 NDE 8703,nderf,data\nderf\04601_kerry-b-ndes-8703-nde-8703.json,2,no,not_mentioned,not_mentioned,spiritual_realm,yes_explicit,none,no,not_your_time,yes_explicit,not_mentioned,God said: 'You are my child. I love you. I love you. I love you. Go tell ‘em.',"“I’m gay, will you still love me?” / “You are my child. I love you. I love you. I love you. Go tell ‘em.” / “This is how I’m going to go out? Really?”"
Jenifer L Probable NDE 8709,nderf,data\nderf\04606_jenifer-l-probable-nde-8709.json,2,no,not_mentioned,not_mentioned,spiritual_realm,yes_explicit,not_mentioned,not_mentioned,not_your_time,no,no,,“NO! It's not your time. You must go back.” / “It felt PERFECT.” / “The only word I can best describe this light is the word 'beautiful.'”
Keith R NDE 8435,nderf,data\nderf\04432_keith-r-nde-8435.json,2,yes_explicit,not_mentioned,not_mentioned,not_mentioned,yes_explicit,not_mentioned,not_mentioned,not_your_time,no,not_mentioned,,'It's not your time.'
Matteo C NDE 8447,nderf,data\nderf\04441_matteo-c-nde-8447.json,2,no,not_mentioned,not_mentioned,spiritual_realm,yes_explicit,not_mentioned,no,not_mentioned,no,not_mentioned,,"'Oh? I can breathe water!?' ; 'Surrounding us was the Wholeness, indescribable in its form.' ; 'It was an incomparable but soothing silence.'"
No time existed in my heaven,iands,data\iands\no-time-existed-in-my-heaven.json,2,no,no,not_mentioned,spiritual_realm,implied,not_mentioned,no,not_mentioned,not_mentioned,not_mentioned,,“NO time existed in my heaven.”
Over the Scene,iands,data\iands\over-the-scene.json,2,not_mentioned,not_mentioned,not_mentioned,spiritual_realm,implied,not_mentioned,no,not_mentioned,no,no,,"""I felt lifted out of the car--over the scene--""; ""an overwhelming sense of love and homecoming""; ""So this is the end of this particular chapter.""; ""I felt elements of my identity drop away from me one by one--blond, tall, female, and violinist."""
Philip S NDE 7855,nderf,data\nderf\04065_philip-s-nde-7855.json,2,no,no,not_mentioned,spiritual_realm,implied,none,no,not_your_time,implied,no,He was told to 'try to show the unconditional love for the people you meet' and not to fear mistakes; also 'Don't be afraid if people believe in me or not... let me handle... judging.',"'My life is over lord, it is in your hands now!'

""My child, why are you here? It is not your time to be here, I have to send you back!""

""Don't be afraid when you return back to Earth and make mistakes, just live your life the best way you can and try to show the unconditional love for the people you meet...""

""I can't get his pulse! He has no pulse! Oh, wait he has a pulse now."""
Andreas Probable NDE 7912,nderf,data\nderf\04096_andreas-probable-nde-7912.json,2,no,no,not_mentioned,spiritual_realm,yes_explicit,not_mentioned,no,not_mentioned,no,no,,"""I could see my body below me."" / ""Hey I know this feeling, it feels like home"" / ""I was an infinitely tiny dot of nothingness. Yet I was conscious in the nothingness."" / ""I could 'see' my own heart pumping blood and fighting relentlessly."""
Suffocating to Life,iands,data\iands\suffocating-to-life.json,2,no,no,not_mentioned,spiritual_realm,yes_explicit,not_mentioned,no,family_responsibility,implied,no,Jesus said he needed to 'go back to your other body and live in the world' and 'need to make a life for myself on earth.',"""Cool, a secret place where I can hang out and my parents will never know.""; ""I no longer needed the oxygen from earth and I was no longer confined to my physical body, yet I was completely coherent.""; ""Someone, please help me.""; ""I am Jesus your savior, savior of all mankind and today I am taking you with me to paradise.""; ""Things have changed. You have to go back.""; ""Is there anything more you would like to ask before you go?"""
Suicide beholds the essence of God as love and light,iands,data\iands\suicide-beholds-the-essence-of-god-as-love-and-light.json,2,yes_explicit,not_mentioned,not_mentioned,not_mentioned,yes_explicit,not_mentioned,not_mentioned,family_responsibility,yes_explicit,no,"Agreed to 'be of service' and, after return, described serving by sending telepathic prayers/blessings to ambulance patients; also stated she would help eliminate depression through ancestral lines.","“You have two minutes to live. Get out of that apartment now or you will die there!”; “There are no human words that could ever express or begin to capture the essence of God as love and light.”; Jesus message: “You are a child of God, you are a woman of Light, and this is LOVE.”"
Sharon M NDE 7925,nderf,data\nderf\04107_sharon-m-nde-7925.json,2,no,not_mentioned,not_mentioned,spiritual_realm,yes_explicit,not_mentioned,not_mentioned,not_mentioned,no,not_mentioned,,"'What you put out into the universe will come back to you'. 'What would you do if it were just me and you?' 'God, You made me, you are in me, so when I look in the mirror, I see you.'"
Rick I NDE 7963,nderf,data\nderf\04128_rick-i-nde-7963.json,2,implied,not_mentioned,not_mentioned,spiritual_realm,not_mentioned,not_mentioned,no,other,implied,no,Told he still had 'things to do.',"'I'M HOME!! I finally made it back to where I started!!' ; 'Ricky, you have things to do still.' ; 'I never really saw anything, just felt it.'"
Chao Y NDE 8489,nderf,data\nderf\04467_chao-y-nde-8489.json,2,no,no,not_mentioned,spiritual_realm,yes_explicit,not_mentioned,no,not_mentioned,no,no,,"“I saw clearly that there was another ‘I’ lying on the bed.” “In a split second, I came through a tunnel and to a place filled with bright light that did not hurt eyes.” “On the contrary, I felt I was home.” “Suddenly, I was pull back into my body… like souls were ripped in some movie-scene.”"
Robin H NDE 8519,nderf,data\nderf\04485_robin-h-nde-8519.json,2,yes_explicit,not_mentioned,not_mentioned,not_mentioned,yes_explicit,not_mentioned,no,not_mentioned,no,not_mentioned,,"“I'm still here, I'm still here.”; “Actually, I was nothing but light.”; “I couldn't see anything but blinding light.”"
Laurie L NDE 8525,nderf,data\nderf\04489_laurie-l-nde-8525.json,2,yes_explicit,not_mentioned,not_mentioned,not_mentioned,yes_explicit,not_mentioned,no,earthly_mission,yes_explicit,no,Told she 'must go back and finish your work on Earth' and later concluded she was 'meant to heal others.',"'God please help me!'; 'You have arrived too soon, the time has not come yet for you to be here. You must go back and finish your work on Earth.'; 'I am Yahshael. I have been with you since the dawn of time, and I will be with you for eternity.'; 'You cannot cross the barrier.'"
Valeria Experience 8523 NDE 8523,nderf,data\nderf\04493_valeria-experience-8523-nde-8523.json,2,yes_explicit,not_mentioned,not_mentioned,spiritual_realm,not_mentioned,none,no,not_your_time,no,no,,"""Oh no! I am back here!""; ""I realized that the mind is a claustrophobic and painful prison.""; ""It seemed to me that I was at home, that place has been my home since ever."""
Gary F NDE 8564,nderf,data\nderf\04518_gary-f-nde-8564.json,2,yes_explicit,not_mentioned,not_mentioned,spiritual_realm,not_mentioned,none,no,not_mentioned,no,not_mentioned,,“I went to a place where I had no body and drifted in space above a hard flat surface.”
Holly P NDE 8633,nderf,data\nderf\04554_holly-p-nde-8633.json,2,no,not_mentioned,not_mentioned,spiritual_realm,yes_explicit,not_mentioned,not_mentioned,not_your_time,implied,no,"Had a strong feeling of returning for a reason, but doesn't know what it is.","“I was pulled from my body, not swiftly, but rather slowly and entered what can best be described as cold, heavy darkness.” “Then a flood of light enveloped me…” “Pure love, contentment and complete acceptance. This was home, I wanted to stay.” “I recall a profound sense of loss.”"
Wilson FDE 8200 NDE 8200,nderf,data\nderf\04284_wilson-fde-8200-nde-8200.json,2,yes_explicit,no,not_mentioned,not_mentioned,yes_explicit,not_mentioned,no,not_mentioned,no,no,,"“Words, even the most carefully chosen words, capture no more than 1% of this experience at best.”
“The wheel WAS reality, itself. It represented EVERY CONCEIVABLE POSSIBILITY for a life or for a world…”
“I had seen the object before I was born and I will see it again when I die.”
“I was the ALL, and knew the ALL.”
“One way or another, I WOULD be ‘sorted’ whether I liked it or not.”"
Katherine L NDE 8213,nderf,data\nderf\04294_katherine-l-nde-8213.json,2,no,no,not_mentioned,spiritual_realm,implied,not_mentioned,no,earthly_mission,yes_explicit,no,She “must choose action instead of inaction” and “behave in a way that would help bring more awareness and love to the world.”,“I was out of my body but not seeing with my eyes.”; “I remember floating toward a light.”; “I reviewed my life like a movie except that I could pause it and zoom into… important times… from multiple perspectives.”; “there was no concept of untruth or lies there.”; “Time was now…”; “unconditional positive regard.”; “I could not go deeper into this city.”; “greener than green is on earth.”
Marie DB NDE 8219,nderf,data\nderf\04297_marie-db-nde-8219.json,2,no,no,not_mentioned,spiritual_realm,implied,not_mentioned,no,earthly_mission,implied,no,Belief that she was made to come back because she 'still [has] things to do in this life.',"“I saw myself leaving my body through the top of my head.” “It was me without being me.” “I saw the light, but I also was the light.” “I felt that I was surrounded by hierarchies of angels!” “Death doesn't exist because we when we leave this world, we go to a new world of love.”"
Prayers Like Musical Notes,iands,data\iands\prayers-like-musical-notes.json,2,implied,not_mentioned,not_mentioned,not_mentioned,implied,not_mentioned,no,family_responsibility,not_mentioned,no,,"""That’s not Jesus!""; ""peace that passeth all understanding""; ""How did you know that?"""
"Teen wishes for death, but is shown who she really is",iands,data\iands\teen-wishes-for-death-but-is-shown-who-she-really-is.json,2,no,no,not_mentioned,spiritual_realm,implied,not_mentioned,no,earthly_mission,implied,no,She reports a deep yearning 'to share this love I had experienced with the world' and later frames it as a 'soul’s mission to help humanity rise above all perceived limitations.',"“If there is anyone listening, if there is a God, please help me or take me.” / “I felt like I was returning home.” / “I then shot up into the most pure, white, loving, light that held me in a cocoon of radiant love and bliss that I will never be able to explain with words.” / “My soul then asked to return to Earth, without words - there was a deep yearning to share this love I had experienced with the world.”"
Ten-year-old boy is thrown from car and is saved by light being,iands,data\iands\ten-year-old-boy-is-thrown-from-car-and-is-saved-by-light-being.json,2,no,no,not_mentioned,spiritual_realm,implied,not_mentioned,no,not_your_time,implied,no,Later concluded the purpose was: “Tell my people what I have done.”,“It was as if I was standing over my own right shoulder.” / “It” had already healed me. / “Tell my people what I have done.”
The Christ concept brings all our songs into a perfect balance with our universe,iands,data\iands\the-christ-concept-brings-all-our-songs-into-a-perfect-balance-with-our-universe.json,2,not_mentioned,not_mentioned,not_mentioned,spiritual_realm,implied,not_mentioned,not_mentioned,other,not_mentioned,not_mentioned,,"""it was obvious to me that it was MY LIFE being played for me in the form of a symphony""; ""You are going to die.""; ""As I walk through the valley of the shadow of death, I shall fear no evil.""; ""Then, Oneness.""; ""You will always be safe, but you will be mine.""; ""No.""; ""the void""; ""It is done.""; ""You are Christ.""; ""Do you want to come home or keep going?"""
The divine Love we share between us is all that truly matters and is measured and endures,iands,data\iands\the-divine-love-we-share-between-us-is-all-that-truly-matters-and-is-measured-and-endures.json,2,not_mentioned,not_mentioned,not_mentioned,spiritual_realm,implied,not_mentioned,not_mentioned,earthly_mission,yes_explicit,no,A vowed responsibility/assignment to be truly kind and express love at all times (not a single big task).,"""Welcome home. Welcome, we’ve been waiting for you.""; ""Yes. Yes, my child.""; ""Hell is the self-judgment that keeps us imprisoned.""; ""The divine Love we share between us is all that truly matters, and is measured, and endures."""
Bobby HR NDE 16075,nderf,data\nderf\03932_bobby-hr-nde-16075.json,2,not_mentioned,not_mentioned,not_mentioned,spiritual_realm,implied,not_mentioned,not_mentioned,not_mentioned,not_mentioned,not_mentioned,,"“It was as if I were viewing my body from around my head and above my body.” “The light felt fun and interesting, like the feeling you get as a child when you arrive at the playground and headed to play.” “Yes. They NEVER take their eyes off HIM.”"
Angela M Possible NDE 7663,nderf,data\nderf\03933_angela-m-possible-nde-7663.json,2,no,not_mentioned,not_mentioned,spiritual_realm,yes_explicit,not_mentioned,not_mentioned,no_reason_given,no,no,,"“Angela, close your eyes, relax and accept it.”; “I realized that I did not have a body! … I was pure consciousness.”; “I existed in the eternal moment of now, the eternal flow of life.”; “I knew that these portals were here to let people travel from the physical life to the spirit life and from the spirit life, back to Earth.”; “It was not your average demon, but one made of cardboard.”; “GOD, PLEASE HELP ME!”"
Udaya N NDE 7711,nderf,data\nderf\03964_udaya-n-nde-7711.json,2,no,no,not_mentioned,spiritual_realm,yes_explicit,none,no,no_reason_given,no,no,,"“While floating through the black tunnel, all I felt was the joy of going somewhere I wanted to go.”"
Fred B Ketamine 7748 NDE 7748,nderf,data\nderf\03995_fred-b-ketamine-7748-nde-7748.json,2,implied,not_mentioned,not_mentioned,spiritual_realm,not_mentioned,not_mentioned,no,no_reason_given,implied,not_mentioned,"A 'mission' on Earth was referenced (e.g., newscast said he was officially off 'my mission'; discussion that he had chosen a good/comfortable planet).",“It seems that life on planet Earth is a 'passage' and that I was coming back home.”; “cheater”; “we don't know what's happening”; “I was officially off 'my mission'”
John D NDE 8328,nderf,data\nderf\04363_john-d-nde-8328.json,2,no,no,not_mentioned,spiritual_realm,yes_explicit,none,no,not_mentioned,no,no,,"""The next thing I remember was hovering about 10 feet in the air over my body.""; ""It was foggy, but not foggy. Hard to explain. It had no defined borders or colors.""; ""It felt like... not breathing was normal.""; ""I sat up and said, 'I can tell you.'"""
Judy G NDE 8329,nderf,data\nderf\04364_judy-g-nde-8329.json,2,yes_explicit,not_mentioned,not_mentioned,not_mentioned,yes_explicit,not_mentioned,not_mentioned,earthly_mission,not_mentioned,not_mentioned,,"""It is his time to be born again. If not to you, then to someone else.""; ""Do you want to continue this life, or die?""; ""death was not an ending, but a wonderful opening to my real life.""; ""The LIGHT had Presence, Intelligence, and complete, pure, powerful LOVE."""
Michael Probable NDE 8391,nderf,data\nderf\04402_michael-probable-nde-8391.json,2,yes_explicit,not_mentioned,not_mentioned,not_mentioned,implied,not_mentioned,not_mentioned,not_mentioned,not_mentioned,not_mentioned,,"“I have always loved you, I have always loved you...”"
Merrideth H NDE 8401,nderf,data\nderf\04408_merrideth-h-nde-8401.json,2,implied,no,not_mentioned,not_mentioned,yes_explicit,not_mentioned,no,family_responsibility,no,no,,"“It was as if some part of me unconsciously remembered life without a physical body.” / “You have to go back inside your body. It's not your time to go yet.” / “if you don't, your daughter will be raised without any parents.” / “All of the sudden, I went speeding, faster than light and slammed HARD into my body.”"
Marie-Pierre C Possible NDE 8405,nderf,data\nderf\04410_marie-pierre-c-possible-nde-8405.json,2,no,not_mentioned,not_mentioned,spiritual_realm,implied,not_mentioned,not_mentioned,family_responsibility,yes_explicit,no,"She reports she was made to come back because her 7-year-old son ""had to experience an 'important' future"" and that ""it is my mission to be with him""; she also says she needed to ""elevate"" herself spiritually for her next lives.","“I felt an immense universal love and peace in me.”
“I felt like I was on a cloud, but also in the cloud and I was the cloud.”
“I was filled with a happiness that is not known on this earth.”
“communication was intuitive and not verbal.”
“I understood that up there was my refuge, my home.”
“It's more real than our reality on earth.”"
Robbi J Possible NDE 8425,nderf,data\nderf\04423_robbi-j-possible-nde-8425.json,2,yes_explicit,no,not_mentioned,not_mentioned,yes_explicit,not_mentioned,no,not_your_time,no,no,,"“It is not your time, you are to be sent back.”; “Finally, I saw a TINY pin prick of bright LIGHT in the darkness.”; “I felt PURE LOVE as God embraced me in light.”; “I came into my body again in a flash of SHOCK.”"
Barb Z Probable NDE 8423,nderf,data\nderf\04424_barb-z-probable-nde-8423.json,2,implied,no,not_mentioned,not_mentioned,implied,none,no,other,no,no,,"“Get him out of here.” “Faster! We're losing her!” “Put her down, put her way down. I don't know what we're going to find in there!”"
Marie S Possible NDE 7835,nderf,data\nderf\04052_marie-s-possible-nde-7835.json,2,not_mentioned,not_mentioned,not_mentioned,spiritual_realm,implied,not_mentioned,not_mentioned,not_your_time,yes_explicit,no,Beings told her she was shown this to demonstrate 'that there is something to believe in after death.',"“In the distance I saw a light, and I went back into the Light.” “I was immersed in this ocean of love.” “No, not now. It is not your time, and you will come back.”"
Dr. Jean Renee H NDE 7481,nderf,data\nderf\03816_dr-jean-renee-h-nde-7481.json,2,no,no,not_mentioned,spiritual_realm,implied,not_mentioned,no,not_your_time,no,no,,“It never occurred to me it was my body below.” “This union exceeded what I can explain.” “It's not my time yet.”
Jennifer W NDE 7516,nderf,data\nderf\03843_jennifer-w-nde-7516.json,2,no,no,not_mentioned,spiritual_realm,yes_explicit,not_mentioned,no,no_reason_given,not_mentioned,not_mentioned,,"""Stars began to fall on the horizon and dropped into the sea."" ""When I looked up at the wave, it was suspended above me dripping droplets of water from its crest."" ""My spirit was taken in an instant to outer space and exploded into pure consciousness!"" ""Inviting and comforting... I knew without a doubt it was the entrance to heaven."" ""I was rudely blasted back into my body!"""
"The void, my grandmother, and God change the way I see life",iands,data\iands\the-void-my-grandmother-and-god-change-the-way-i-see-life.json,2,no,no,not_mentioned,spiritual_realm,yes_explicit,none,no,not_your_time,implied,no,"To share the message that 'we are all connected' and to live/act with God's love, caring for each other and fulfilling God's purpose.","""Hang on kiddo, I'm coming""; ""Calm yourself, Dear One.""; ""You are not dead, there is no death...""; ""Your consciousness exists outside your body.""; ""I AM.""; ""Please! Grant me at least the memory of this!"""
"Upset New Zealand girl eats mushrooms and hears beings in void saying, ""Go back""",iands,data\iands\upset-new-zealand-girl-eats-mushrooms-and-hears-beings-in-void-saying-go-back.json,2,no,no,not_mentioned,spiritual_realm,yes_explicit,none,no,not_your_time,no,no,,"“Not yet.” / ""completely dark but not like a normal darkness"" / ""I felt like they were my soul family"" / ""it felt more real than regular life"" / ""this life was a kind of virtual reality"""
Velvety Dark Stillness,iands,data\iands\velvety-dark-stillness.json,2,no,no,not_mentioned,spiritual_realm,implied,not_mentioned,no,not_your_time,no,no,,"""It’s not your time. You must go back."" / ""You must go back"" / ""You must fight to go back."" / ""velvety, dark stillness"" / ""a voice that was not a voice"""
Leonard K NDE 7526,nderf,data\nderf\03852_leonard-k-nde-7526.json,2,not_mentioned,not_mentioned,not_mentioned,spiritual_realm,yes_explicit,not_mentioned,no,family_responsibility,no,no,,"“I couldn’t feel my body because I was separated from it.” / “God, please make them stop!” / “I think he was an angel.” / “God is love, we are all his children.” / “You should not care about the events of the world. What you have seen will happen, and it will happen because it must.” / “Mother… asked me if I wanted to stay in heaven, or if I wanted to return to my life on earth.” / “Grandma! I met your mother!” / “Behold my son, of whom I am proud!”"
Yvonne N Probable NDE 7527,nderf,data\nderf\03853_yvonne-n-probable-nde-7527.json,2,no,no,not_mentioned,spiritual_realm,yes_explicit,not_mentioned,no,other,no,no,,“The multitude is petitioning for you.” / “The petition is granted.” / “It was unspeakably beautiful all around me.” / “It felt like ‘home’ in a way I can’t describe.” / “I realized that it wasn't as real as where I was now.” / “I was in heaven!”
Scott W NDE 7578,nderf,data\nderf\03885_scott-w-nde-7578.json,2,no,no,not_mentioned,spiritual_realm,implied,not_mentioned,no,not_your_time,not_mentioned,no,,"""I was home.""; ""Son, you must go back, it’s not your time.""; ""My son, do not fear, you will not be alone and I will take care of you.""; ""We don’t get judged here. We don’t suffer here."""
Alan S NDE 7581/9022 NDE 9022,nderf,data\nderf\03887_alan-s-nde-7581-9022-nde-9022.json,2,yes_explicit,not_mentioned,not_mentioned,not_mentioned,yes_explicit,not_mentioned,not_mentioned,earthly_mission,yes_explicit,no,"Tiger says, 'Now you have a task.'",'So this is what it’s like to die.'; 'You are about to die... if you choose to.'; 'Everyone is given a choice with no judgment passed either way.'; 'Now you have a task.'; 'I am nothing more nor any less than that which you already are.'; 'What can I do? I think he’s dead!'
Steven D NDE 7981,nderf,data\nderf\04141_steven-d-nde-7981.json,2,implied,yes_explicit,not_mentioned,not_mentioned,not_mentioned,not_mentioned,no,not_mentioned,no,no,,"'If you listen to Thomas, seek out Thomas...'; 'Do you understand??'; 'What would be your idea of heaven?'"
Lucie F Possible NDE 8040,nderf,data\nderf\04178_lucie-f-possible-nde-8040.json,2,no,no,not_mentioned,spiritual_realm,yes_explicit,not_mentioned,no,not_mentioned,no,no,,"""I was floating above myself... tied to my body with a thick thread like a cord."" ""A bright white light appeared... captivating and full of love."" ""My 'living me' regained life when I integrated into my body through my head; my brain, the eyes and ears, and respiration."""
Pearler NDE 8098,nderf,data\nderf\04217_pearler-nde-8098.json,2,not_mentioned,not_mentioned,not_mentioned,spiritual_realm,implied,not_mentioned,not_mentioned,earthly_mission,yes_explicit,not_mentioned,"Jesus said, 'You have not done what you said you would do and you must go back.' Afterward he became a chaplain and reports healing people and animals.","'Oh my God, it is real! It's true and I am here!'

'You have not done what you said you would do and you must go back.'

'You will come here. You do get to come here, but not yet. Not now. I'm sorry.'

'We got him. My God, he's awake!'"
Karen M NDE 8141,nderf,data\nderf\04244_karen-m-nde-8141.json,2,implied,not_mentioned,not_mentioned,not_mentioned,yes_explicit,not_mentioned,no,earthly_mission,yes_explicit,no,Told her lessons were not complete; she had much to learn and much to teach others; she was needed; must remember she is not alone.,“I was simply nothing and everything all at once.” “They called me their beloved daughter and said that I had a choice to make.” “Time no longer existed.”
Vincent H NDE 8148,nderf,data\nderf\04249_vincent-h-nde-8148.json,2,not_mentioned,not_mentioned,chose_parents,spiritual_realm,not_mentioned,not_mentioned,not_mentioned,not_mentioned,not_mentioned,not_mentioned,,"“Below me I see, loads of people working on a stretched out form that I recognize with surprise, that's I...”; “Immersion... This tunnel... This light.”; “I was not dead, but just a simple visitor, a simple experiencer...” ; “I have the impression to come back at home into my country…”; “I saw beyond walls, beyond and through matter; I felt the thoughts of the people…”; “Knowledge is pouring in a single moment; I understood everything about everything…”"
Joseph S NDE 8190,nderf,data\nderf\04277_joseph-s-nde-8190.json,2,no,no,not_mentioned,spiritual_realm,yes_explicit,not_mentioned,no,no_reason_given,not_mentioned,not_mentioned,,"""The best that I can explain it is that I was home.""; ""Light was everywhere, but it didn't seem to have a source.""; ""I felt all knowledge or truth. I could feel the infinite. I was infinite.""; ""I believe I relived my entire life in one instance. Everything seemed to be revealed to me at once."""
Teen is buried alive and remembers revising her contract with the universe,iands,data\iands\teen-is-buried-alive-and-remembers-revising-her-contract-with-the-universe.json,2,not_mentioned,not_mentioned,not_mentioned,spiritual_realm,implied,not_mentioned,not_mentioned,other,no,no,,"""I found myself outside my body, surrounded by the black universe.""; ""Here, time did not exist. My body did not exist.""; ""I knew I had a choice: I could die, or I could choose to live.""; ""I’m not done yet—there are things I need to do.""; ""I haven’t been a judge yet.""; ""And from the second I was back in my body, I knew I would be okay."""
Alicia S NDE 9590,nderf,data\nderf\05167_alicia-s-nde-9590.json,2,not_mentioned,not_mentioned,not_mentioned,spiritual_realm,implied,not_mentioned,no,no_reason_given,not_mentioned,no,,"""Good, I'm not drowning anymore.""; ""It's because I no longer have lungs.""; ""I felt the most wonderful peace I have ever been in.""; ""It was as if I had come home after a long journey.""; ""they tore me out of there and I returned to the pain."""
Aridai STE 9591 NDE 9591,nderf,data\nderf\05168_aridai-ste-9591-nde-9591.json,2,yes_explicit,not_mentioned,not_mentioned,not_mentioned,yes_explicit,not_mentioned,not_mentioned,not_mentioned,no,no,,"“There was literally nothing; no space, no time, no sky, no floor.”"
Gretchen T Probable NDE 9593,nderf,data\nderf\05169_gretchen-t-probable-nde-9593.json,2,not_mentioned,not_mentioned,not_mentioned,spiritual_realm,yes_explicit,none,no,family_responsibility,no,no,,"""I suddenly left my body.""; ""I was floating above everyone in the surgery room and watching them operate on me.""; ""Then I moved into what looked like a tunnel of white fluffy clouds and towards a bright light.""; ""The light of these two beings was pure love.""; ""I immediately and without hesitation communicated without words that I needed to go back. I was worried about my mother."""
Bárbara AH NDE 9602,nderf,data\nderf\05173_b-rbara-ah-nde-9602.json,2,no,not_mentioned,not_mentioned,spiritual_realm,yes_explicit,not_mentioned,not_mentioned,family_responsibility,not_mentioned,not_mentioned,,"""I saw my own burial.""; ""The love, tranquility and luminosity that I experienced then were indescribable.""; ""there was a wonderful, beautiful, white and brilliant light, as if it were indicating to me that it’s HERE, COME. WELCOME!""; ""I came to a definite conscious decision to return to life"" (motivated by her mother’s and sister’s grief)."
Jeanne K Probable NDE 16130,nderf,data\nderf\05177_jeanne-k-probable-nde-16130.json,2,no,no,not_mentioned,spiritual_realm,yes_explicit,not_mentioned,not_mentioned,not_mentioned,no,not_mentioned,,"“I was thrilled to be out of pain. It was so peaceful.” / “I observed myself and saw that I was a thin blue, floating spirit.” / “She is very ill and if she does not improve soon, we will have to admit her to the hospital.” / “It was such an awful feeling being sucked back into my body and feeling the pain and fever of the illness.”"
Australian man chokes and finds himself in another place,iands,data\iands\australian-man-chokes-and-finds-himself-in-another-place.json,2,no,no,not_mentioned,spiritual_realm,implied,not_mentioned,no,not_mentioned,no,no,,"""I suddenly found myself facing a light grey colour, like in a mist.""; ""Immediately I felt an immense euphoria - it was ecstasy - it was a bliss""; ""I retained my individuality. I was still 'me.'""; ""our lives on earth are 'heavy,' like walking in treacle.""; ""I also felt that I was 'Home.'""; ""I did not think of the word 'God' - it was a Force, an Intelligence""; ""For me death will be a doorway to ecstasy and Home."""
Abigail K Probable NDE 7163,nderf,data\nderf\03629_abigail-k-probable-nde-7163.json,2,no,no,not_mentioned,spiritual_realm,implied,not_mentioned,no,other,yes_explicit,no,"Return because she had more to do, specifically to have children, and to know about/bring awareness of the 'unspeakable love' she called God.",“Do you want to go forward or do you want to go back?”; “There is no need to breathe air. There is only love.”; “No I'm staying home!”
Heidi C Probable NDE 7164,nderf,data\nderf\03630_heidi-c-probable-nde-7164.json,2,no,no,not_mentioned,spiritual_realm,implied,not_mentioned,no,no_reason_given,no,no,,"""I was bathed in it."" ""I felt like I was wrapped in Angel wings."" ""I had no physical body I just was."" ""I felt like I was home."" ""It was a gift from God."""
Sherrye KS Probable NDE 7246,nderf,data\nderf\03689_sherrye-ks-probable-nde-7246.json,2,no,no,not_mentioned,spiritual_realm,yes_explicit,none,no,not_your_time,implied,no,She was told there was 'much I had to see and learn first.','Come with me. We are having a worship service there.'; 'That's where I want to go. I want to go to Paradise.'; 'the children of the world' would be theirs.; 'Are you ready to meet the King?'; 'Wait here. I'll see if He is ready for you.'; 'This existence I returned to felt dirty and evil.'
Cristine H Experience 23053 NDE 23053,nderf,data\nderf\04019_cristine-h-experience-23053-nde-23053.json,2,no,no,not_mentioned,spiritual_realm,yes_explicit,not_mentioned,no,no_reason_given,no,no,,"“I began falling through a blackness that quickly turned into super fast moving streaks of brilliant, colored light.”; “I was through the tunnel and suddenly landed and watching the creation and birth of everything…”; “Here, my physical body was now completely gone. I was light…”; “There wasn’t the ticking of time passing and it would slow down or go backwards so that I could take every detail in.”; “I thanked God for letting me come here.”"
William L NDE 7779,nderf,data\nderf\04022_william-l-nde-7779.json,2,no,no,not_mentioned,spiritual_realm,implied,not_mentioned,no,no_reason_given,no,no,,'All is well.'; 'being wrapped in a blanket of love.'; 'I was home and wanted to stay.'; 'Quick! What was I just repeating?'
Laura NDE 7804,nderf,data\nderf\04032_laura-nde-7804.json,2,not_mentioned,not_mentioned,not_mentioned,spiritual_realm,implied,not_mentioned,not_mentioned,no_reason_given,not_mentioned,not_mentioned,,"""I felt my soul leave my body."" ""Suddenly, I was across the room watching the entire scene."" ""As I looked at the bright golden light... wondering if I should stay on earth or go Home."" ""I was being pulled back into my body."" ""I didn't want to come back because I was at such peace."""
John B NDE 7834,nderf,data\nderf\04050_john-b-nde-7834.json,2,no,no,not_mentioned,spiritual_realm,implied,not_mentioned,no,no_reason_given,no,no,,"“I feel connected to my body as if I were a kite tied to it, but I no longer feel the pain.” “It is as if I were a glove… being turned inside-out.” “I find myself in something that resembles a ‘tunnel of clouds.’” “Yes, this is where I belong.” “My first feeling was one of deep disappointment at being here again… I wanted go back to the warmth of the Light Being.”"
Cristina NDE 7826,nderf,data\nderf\04051_cristina-nde-7826.json,2,no,no,not_mentioned,spiritual_realm,yes_explicit,none,no,no_reason_given,no,no,,'I WANT TO GO BACK THERE.'; 'This earth is just a transitory place...'
Genny H NDE 7462,nderf,data\nderf\03806_genny-h-nde-7462.json,2,no,no,not_mentioned,spiritual_realm,implied,not_mentioned,no,earthly_mission,yes_explicit,no,"Jesus told her: “My child, I have more work on earth for you to do for me,” and that he was going to send her back to that work.","“My child, I can not let you come in.” / “My child, I have more work on earth for you to do for me.” / “I know I'm in heaven.”"
Janice G Probable NDE 7467,nderf,data\nderf\03809_janice-g-probable-nde-7467.json,2,no,no,not_mentioned,spiritual_realm,implied,not_mentioned,no,earthly_mission,yes_explicit,no,Told she had to go back because she had work to do; she was shown revelations and healing for people on earth and felt she needed to talk about the experience.,"""I'M ALIVE! I'M ALIVE!""; ""You have to go back, you have work to do.""; ""I understood what God meant when He said, 'I AM' and know that 'WE ARE.'"""
Gavin M NDE 13150,nderf,data\nderf\05529_gavin-m-nde-13150.json,2,no,not_mentioned,not_mentioned,spiritual_realm,implied,not_mentioned,not_mentioned,no_reason_given,no,not_mentioned,,"""I was space without any feeling of restriction.""; ""We were both just space.""; ""She let me know that I shouldn't get comfortable because I wouldn't be staying long.""; ""I knew the human body was a vessel we used to interact with this world, nothing more."""
Ana Cecilia G NDE 7572,nderf,data\nderf\03891_ana-cecilia-g-nde-7572.json,2,no,no,not_mentioned,spiritual_realm,yes_explicit,not_mentioned,no,other,yes_explicit,no,"She was told: 'Do everything that I have asked you,' but what was asked was not specified.","“Stay calm and go in peace. Do everything that I have asked you.”; “No! I don't want to return, Leave me in peace!”"
Jayne S NDE 7610,nderf,data\nderf\03903_jayne-s-nde-7610.json,2,not_mentioned,not_mentioned,not_mentioned,spiritual_realm,implied,not_mentioned,no,earthly_mission,yes_explicit,no,"Heard a deep, prolonged voice say, 'TEACH' (drawn out: 't-e-e-e-a-a-a-c-c-c-h-h-h…'); later stated she was 'returned to my body with a divine purpose to teach.'","“I heard a loud bang as if heavy doors were slamming shut behind me and I felt such a great sense of relief.” “I felt I was bubbles, popping like effervescence in lemonade, and I was stretching for millions of miles.” “Love was all around, peace, and blissful-joy.” “I heard the sound of singing… musical tones that sounded like angels singing.” “In a split second I came to a place where there were lots of rainbows.” “I heard a deep, prolonged voice say, ‘TEACH’ only it sounded like ‘t-e-e-e-a-a-a-c-c-c-h-h-h…’.”"
Sweet Contentment,iands,data\iands\sweet-contentment.json,2,not_mentioned,not_mentioned,not_mentioned,spiritual_realm,implied,not_mentioned,not_mentioned,family_responsibility,no,no,,"“Suddenly it was bright, clean white. I don’t remember a tunnel but a doorway.”; “It was the most okay place I have ever been!”; “You can come now or go back. It’s your choice.”; “That feeling of sweet contentment brings tears to my eyes now.”"
Teen commits suicide but is taken by God and feels pure love before being returned to his body,iands,data\iands\teen-commits-suicide-but-is-taken-by-god-and-feels-pure-love-before-being-returned-to-his-body.json,2,no,no,not_mentioned,spiritual_realm,yes_explicit,not_mentioned,no,not_your_time,implied,no,"He states his experience carries a message for others struggling with addiction, loss, grief, shame, and emphasizes self-compassion and sharing compassion/love with others.","""It is not your time.""; ""I had returned home and finally felt whole.""; ""The light was consciousness itself.""; ""It was the most real thing I have ever known."""
Woman Dies from COVID and Learns the True Nature of Trees and Water,iands,data\iands\woman-dies-from-covid-and-learns-the-true-nature-of-trees-and-water.json,2,no,no,not_mentioned,spiritual_realm,yes_explicit,not_mentioned,no,family_responsibility,implied,no,"She felt compelled to share and to devote her academic/creative work to bridging western science and traditional ecological knowledge to help the planet and “more than human life prosper,” and to help others suffer less.","“Suddenly, I am in the place I call ‘Death Consciousness.’ It is a darker place—one of shadows. A shadowland.” / “I had access to omniscience, total omniscience.” / “Trees are very much living beings that speak, have consciousness…” / “Water has its own consciousness… and carries all answers to any single question you could ever ask…” / “I didn’t have a body, but I was me.” / “I didn’t want to stay. I did not have a choice.”"
Woman enters the light and praises God,iands,data\iands\woman-enters-the-light-and-praises-god.json,2,no,no,not_mentioned,spiritual_realm,implied,none,no,no_reason_given,not_mentioned,no,,"""There is no need to list. I know, Charity."" / ""Your will be done, Lord."" / ""I am not done praising you, Lord!"" / ""I call it being almost home."""
Woman feels she's been given the meaning of life,iands,data\iands\woman-feels-she-s-been-given-the-meaning-of-life.json,2,not_mentioned,not_mentioned,not_mentioned,spiritual_realm,implied,not_mentioned,not_mentioned,not_mentioned,no,no,,"""I knew myself as Light."" / ""This is the point of it [mortal life] all."" / ""I wanted to go home! I wanted to be my real self!"""
Beata M Probable NDE 7123,nderf,data\nderf\03602_beata-m-probable-nde-7123.json,2,no,no,not_mentioned,spiritual_realm,implied,not_mentioned,no,not_your_time,implied,no,She sensed she had 'work here first' before eventually going where she had been shown.,"'You just got here; don't know how to move yet.' / 'it was not the time' / 'light itself, no beginning or end'"
Silvia C Possible NDE 5462,nderf,data\nderf\03613_silvia-c-possible-nde-5462.json,2,no,no,not_mentioned,spiritual_realm,implied,not_mentioned,no,not_your_time,no,no,,"“I move out of my body as if I were inside a shell from which I'm going out.”; “this is not your time”; “I WANT TO BE IN THE WORLD OF SPIRITS, OF THE SOULS.”"
Death from Covid helps woman forgive and want to live again,iands,data\iands\death-from-covid-helps-woman-forgive-and-want-to-live-again.json,2,no,no,not_mentioned,spiritual_realm,implied,none,no,family_responsibility,no,no,,“Just let go of the debt.”; “Then it was time to make a choice. Source said I could stay. I said YES!”; “I was then placed into the awareness of my mom. I felt her heart crush upon hearing of my death.”; “The warmth that was my consciousness escaped like water vapor and rose up.”
Death is the door to the real world beyond this imitation that is called Life,iands,data\iands\death-is-the-door-to-the-real-world-beyond-this-imitation-that-is-called-life.json,2,no,no,not_mentioned,spiritual_realm,implied,none,no,family_responsibility,no,no,,"“Stop breathing, Jody. You don't need to breathe anymore.” / “Death’s cloak is truly dark and black.” / “Death is the door to the real world beyond this imitation that is called Life.” / “Death truly is the best sleep that I have ever had!”"
"During brain surgery, man receives the gift of a visit ""home""",iands,data\iands\during-brain-surgery-man-receives-the-gift-of-a-visit-home.json,2,no,no,not_mentioned,spiritual_realm,implied,not_mentioned,no,not_your_time,not_mentioned,no,,"“experience the unconditional love, peace, and understanding of the one without name.” / “I felt like I was back at the place I belonged. Where I was a part of everything ever.” / “I was given the choice to go to the light… or to return to my physical body.” / “I then received a sense of the number 22.” / “I regained consciousness in the ICU with a sense of being born again…”"
Everything is always how it's supposed to be,iands,data\iands\everything-is-always-how-it-s-supposed-to-be.json,2,no,no,not_mentioned,spiritual_realm,implied,not_mentioned,no,not_mentioned,no,no,,"""I woke up in heaven or what I like to call 'home.'""; ""I had no body but I was me.""; ""I was bathed in the most beautiful white, golden light""; ""No words were spoken, everything was communicated by thought.""; ""My questions were answered even before I could finish my thought.""; ""Everything is always how it’s supposed to be""; ""Everything would always be all right."""
Robine C Probable NDE 9357,nderf,data\nderf\05018_robine-c-probable-nde-9357.json,2,no,no,not_mentioned,spiritual_realm,yes_explicit,not_mentioned,no,other,implied,no,"Implied self-commitment to ""make my life better"" if allowed to return.","""I see the room where I am, but from the ceiling."" / ""It was a kingdom of clouds, love, and peace."" / ""If you let me go back into my body, I’ll make my life better."" / ""Up there, it’s very beautiful... it was better there, than here."""
Cynthia C NDE 9587,nderf,data\nderf\05164_cynthia-c-nde-9587.json,2,yes_explicit,no,not_mentioned,not_mentioned,yes_explicit,not_mentioned,no,family_responsibility,no,no,,"""You killed her! You gave her too much.""; ""That way.""; ""I have to go back. I have to go home. My three children are waiting for me. Please send me back. Please.""; ""The next time you come no matter how you beg and plead you not will return."""
Sara J NDE 7089,nderf,data\nderf\03574_sara-j-nde-7089.json,2,no,no,not_mentioned,spiritual_realm,implied,none,no,earthly_mission,implied,no,"A strong voice told her she could not die and go there yet because there was something she had to do first, but it was not specified.","“There was an unbelievable feeling of peace and of ‘coming home’.” / “At one point, my whole life history flashed before my eyes…” / “...a strong voice telling me that I could not die and go there yet; there was something that I had to do in my life first…”"
Woman contracts Covid-19 but is reassured during NDE,iands,data\iands\woman-contracts-covid-19-but-is-reassured-during-nde.json,2,no,no,not_mentioned,spiritual_realm,implied,not_mentioned,no,earthly_mission,yes_explicit,no,"Bring back the message ""not to fear and not to judge others"" (especially related to the illness), and to show compassion/participate in life; she was also told she would heal and that she was returning.","""I turned to face it and was overwhelmed with the sense of pure Love.""; ""We are all one, always connected, never separate from source.""; ""No fear, no judgement, just pure Love.""; ""Where I had been in the light was more real than anything I ever saw or felt before and now."""
Woman dies but is given three messages that helped her when she returned to life,iands,data\iands\woman-dies-but-is-given-three-messages-that-helped-her-when-she-returned-to-life.json,2,not_mentioned,not_mentioned,not_mentioned,spiritual_realm,implied,not_mentioned,not_mentioned,family_responsibility,no,no,,“home”; “I was unconditionally loved.”; “everything is always how it’s supposed to be”; “everything would always be alright.”
"Woman dies following childbirth and meets Jesus who says to care for everyone, even strangers",iands,data\iands\woman-dies-following-childbirth-and-meets-jesus-who-says-to-care-for-everyone-even-strangers.json,2,not_mentioned,not_mentioned,not_mentioned,spiritual_realm,yes_explicit,not_mentioned,not_mentioned,family_responsibility,yes_explicit,no,"Jesus ('Yashuah') told her she still had work to do and needed to go back; she later understood this as returning to remind everyone Heaven exists and Jesus is real, and to tell people to treat strangers as family and care about everyone.","“I honestly thought my insides had fallen out of me and I knew without any doubt that I was going to die!”; “I seemed to be in a room that had no ceiling and it was filled with the whitest light I have ever seen.”; “This part is hard to describe because it is completely un-describable.”; “I felt as though I’d come home!”; “He told me that I still had work to do and I couldn’t stay there, I needed to go back.”"
Don D NDE 16073,nderf,data\nderf\03748_don-d-nde-16073.json,2,no,no,not_mentioned,spiritual_realm,yes_explicit,not_mentioned,no,no_reason_given,no,no,,"“Don’t worry, they can’t hurt you as long as you are with me” ; “you have to go back.”"
Monika NDE 7398,nderf,data\nderf\03767_monika-nde-7398.json,2,no,no,not_mentioned,spiritual_realm,implied,not_mentioned,not_mentioned,not_your_time,no,no,,"“I was received with enormous love and no one in any way will judge me.” / “My inner feeling was that I ended up home.” / “Don’t you do it, it is still not your time.” / Doctors said she would be “a drooling vegetable.”"
Elle D NDE 7413,nderf,data\nderf\03772_elle-d-nde-7413.json,2,yes_explicit,not_mentioned,not_mentioned,not_mentioned,yes_explicit,none,no,not_mentioned,no,no,,"“I was suddenly in a place I can only describe as chaos: it seemed that everything that had ever happened, would ever happen, to all beings was happening at once and I was aware of all of it in detail.”; “When that happened, I found myself in a blissful realm, of supreme love and wisdom.”; “fear and resistance take us to a lower realm of experience, whereas, surrender was an important state to be in to gain access to the realm of what could be called the ‘clear light’.”"
Petra W NDE 6897,nderf,data\nderf\03453_petra-w-nde-6897.json,2,implied,not_mentioned,chose_mission,not_mentioned,not_mentioned,not_mentioned,not_mentioned,other,not_mentioned,not_mentioned,,"“She decided that I needed to be punished by having the devil beaten out of me.” / “In that exact moment, I found myself away from my body looking at the scene.” / “The tunnel was full of radiant light.” / “One of them was Archangel Mich'l.” / “I instantly knew that I had reached a crossroad.” / “...reminded me of my commitment why I wanted to come back to earth, wanting to fully integrate with myself and experience ascension.” / “...go back into the body of this child taking one big breath.”"
Benita H Possible NDE 6916,nderf,data\nderf\03467_benita-h-possible-nde-6916.json,2,no,no,not_mentioned,spiritual_realm,yes_explicit,not_mentioned,no,not_your_time,no,no,,"“I realized I was lying on the ceiling. At first, I was scared but then it became a peaceful feeling. I wasn't hurting at all.”"
Woman in hospital leaves body and meets ball of beautiful diamond light projecting LOVE,iands,data\iands\woman-in-hospital-leaves-body-and-meets-ball-of-beautiful-diamond-light-projecting-love.json,2,no,no,not_mentioned,spiritual_realm,implied,not_mentioned,no,not_mentioned,implied,no,"She concluded God wanted her to ""share his word and this experience"" so people can see there is ""NO FEAR of death.""","“It was a feeling beyond LOVE, a feeling I want to feel again!”; “It was beyond description.”; “let people see there is NO FEAR of death!”"
Woman in labor has OOB and feels like she is home,iands,data\iands\woman-in-labor-has-oob-and-feels-like-she-is-home.json,2,no,no,not_mentioned,spiritual_realm,yes_explicit,not_mentioned,no,not_mentioned,no,no,,"""I did not feel when I left my body, but I knew I was not in it."" / ""I was to the upper right-hand side of my body."" / ""Everything in the room I could see all at once."" / ""Don't go, don't go, Lori, don't go."" / ""I Felt Like I Was Home."""
Susan W NDE 13039,nderf,data\nderf\05463_susan-w-nde-13039.json,2,yes_explicit,not_mentioned,not_mentioned,not_mentioned,implied,not_mentioned,not_mentioned,not_your_time,no,no,,"“Here, let me hide you. He is death and he is looking for you; but he can't take you if he doesn't see you.” “It is not your time.”"
"Archive through February 09, 2003 - Anonymous (Sunday, December 22, 2002 - 02:23 pm)",iands,data\iands\archive-through-february-09-2003-025.json,2,no,no,not_mentioned,spiritual_realm,implied,not_mentioned,no,not_mentioned,implied,no,Implied commitment to discipleship: “Until that time I will learn all I can about how to be one of his disciples.”,"“We were alone together in a void of white light, everything else had disappeared.”; “I realized that I wasn't breathing… I could hear the sound of my heart beating… then it stopped.”; “I heard someone say, ‘she’s gone…’”; “It was the same eyes, the same face, the same expression.”"
Gail D NDE 13099,nderf,data\nderf\05499_gail-d-nde-13099.json,2,no,not_mentioned,not_mentioned,spiritual_realm,yes_explicit,not_mentioned,not_mentioned,family_responsibility,implied,no,She reports being told she had to come back and that her granddaughter would need her; she also reports being given direction to share the experience.,"“I heard a distinct 'click,' my heart stopped…”; “There was no doubt in my mind, I knew I was dead.”; “The entities there weren't physical; we were all made of energy and were blending into the light.”; “She then showed me a vision of my granddaughter, who wouldn’t be born for another five years.”; “The noise was overwhelming and the pain was excruciating. The light was harsh.”"
Cesar G NDE 13135,nderf,data\nderf\05519_cesar-g-nde-13135.json,2,yes_explicit,not_mentioned,not_mentioned,not_mentioned,yes_explicit,not_mentioned,not_mentioned,earthly_mission,implied,no,He concluded his “mission was not finish yet” and chose to return to assist others on Earth.,"“I was floating in the room.” “I rapidly found out that I was pure energy as I started traveling to several places simultaneously.” “I felt pulled to a tunnel made of pure light.” “It felt like when your mom hugs you unconditionally.” “There was no judgment towards me.” “Then, it looks like you need to return… But you have to take a decision NOW.” “It was very painful to be inside my body again.” “We all are Gods, creating our Universe through our Intentions.”"
Tony R NDE 13136,nderf,data\nderf\05520_tony-r-nde-13136.json,2,not_mentioned,not_mentioned,not_mentioned,spiritual_realm,implied,not_mentioned,not_mentioned,no_reason_given,no,not_mentioned,,“I recall the sensation as if I were returning home after a being gone a long time.”
Carlos G NDE 9804,nderf,data\nderf\05308_carlos-g-nde-9804.json,2,yes_explicit,not_mentioned,not_mentioned,spiritual_realm,not_mentioned,not_mentioned,no,other,no,no,,"“Every pain and worry, every experience and moment were washed away.”; “My feet were bare and I was standing in tall, green grass and I was warm.”; “I knew that I called this place home for longer than I could possibly imagine.”"
"Archive through March 11, 2004 - Anonymous (Thursday, March 4, 2004 - 08:58 pm)",iands,data\iands\archive-through-march-11-2004-009.json,2,no,no,not_mentioned,spiritual_realm,implied,not_mentioned,no,family_responsibility,yes_explicit,no,“We want you to take a message back with you. Man must change his ways.” / “Spread the message.”,"“It is time to review your life experiences.” / “You review your life in order to cleanse your soul.” / “Your life is evaluated by the most powerful judge there is… That judge is you.” / “We have been waiting for you. But, this isn’t your time to be here.” / “Look into the bowl and see the future of mankind.” / “Man must change his ways.” / “Spread the message.” / “They are your children.” / “He is never born. He is your child but he will remain here.” / “It is now time that you return.”"
Tonja BB NDE 6806,nderf,data\nderf\03392_tonja-bb-nde-6806.json,2,not_mentioned,not_mentioned,not_mentioned,spiritual_realm,implied,not_mentioned,not_mentioned,no_reason_given,no,no,,"“I left my stomach as an energy ball (I do not know how to describe it).” “I was finally home.” “That is a human word, but if it makes you feel comfortable, you may call us God.” “They made me come back.” “The meat jacket.”"
Mukurarinda D NDE 6820,nderf,data\nderf\03399_mukurarinda-d-nde-6820.json,2,no,no,not_mentioned,spiritual_realm,implied,not_mentioned,no,earthly_mission,yes_explicit,no,"Jesus told the experiencer to return because 'There is something I want you to do.' Later, the experiencer reports being called 'to preach the truth (His Word) and tell people about the reality of the future life.'","A voice told me, 'Drink’... 'Like a vaccination drop, it fell in my mouth and my whole being was refreshed.'; 'Are you coming into heaven?'; 'Do you agree to have done this while on earth?'; 'I want you to go back to earth. There is something I want you to do.'; 'Don't you remember that you need to go back?'; Re-entering the body was 'like when you put your hand into your pocket.'"
Dr. Bell C NDE 16052,nderf,data\nderf\03401_dr-bell-c-nde-16052.json,2,implied,no,not_mentioned,spiritual_realm,not_mentioned,not_mentioned,no,other,implied,no,"He later states he believes his most important mission is to ""share my miracle recovery story"" and be a ""selected story teller.""","""The darkness is over. Welcome to the brightness,"" and ""There is no such thing as final judgment."""
Sarah NDE 6863,nderf,data\nderf\03430_sarah-nde-6863.json,2,no,no,not_mentioned,spiritual_realm,implied,not_mentioned,no,no_reason_given,no,no,,“being forced back into my body.”; “put back in my body.”; “I feel like that comfort and love was ripped from me and I felt like I belonged there.”
Mira G NDE 6385,nderf,data\nderf\03122_mira-g-nde-6385.json,2,no,no,not_mentioned,spiritual_realm,implied,not_mentioned,no,no_reason_given,no,no,,"“The next thing I remember is being very happy and very safe.”; “I was in my spirit in the Polish countryside…”; “I was devastated because when I was outside of my body and in the Polish countryside, I was perfectly centered and I knew who I was and what I was capable of doing in life.”"
Yi-Ping T NDEs 13168 NDE 13168,nderf,data\nderf\05537_yi-ping-t-ndes-13168-nde-13168.json,2,yes_explicit,not_mentioned,not_mentioned,not_mentioned,implied,not_mentioned,not_mentioned,earthly_mission,implied,no,Stated God sent her back because 'my job was not done' and she had 'a purpose on the earth.',“I was in a completely dark place.” “Everything was shining like gold.” “I saw myself in the sky and I flew as a balloon.” “I started fall like an airplane crashing to the ground.” “I came to a barrier that I was not permitted to cross.”
"Archive through July 15, 2002 - Anonymous (Friday, June 7, 2002 - 08:12 pm)",iands,data\iands\archive-through-july-15-2002-014.json,2,no,no,not_mentioned,spiritual_realm,yes_explicit,not_mentioned,no,no_reason_given,implied,no,"He states he is ""here on a mission"" related to ""being useful to others"" and to ""love everyone.""","""the real me, not in a dream, not in my body""; ""as if I were looking up from the bottom of a well""; ""no worries, no fear""; ""I have no fear of death at all""; ""I am here on a mission""; ""we will find out what it all means when we go back home."""
"Archive through July 15, 2002 - Anonymous (Saturday, June 1, 2002 - 11:16 pm)",iands,data\iands\archive-through-july-15-2002-018.json,2,no,no,not_mentioned,spiritual_realm,implied,not_mentioned,no,no_reason_given,not_mentioned,no,,"""KNOWING IT (LIFE AND ALL IT'S QUESTIONS) WAS ALL SO SIMPLE -- IT WAS JUST THE LITTLE THINGS...""; ""I felt a sense of being home""; ""He said, 'I know' and I was amazed that he could talk to me without moving his mouth.""; ""it seemed like everything was happening at the exact same time""; ""COUGH"""
Woman with migraine is saved from overdose of meds and joins God briefly,iands,data\iands\woman-with-migraine-is-saved-from-overdose-of-meds-and-joins-god-briefly.json,2,no,no,not_mentioned,spiritual_realm,yes_explicit,none,no,no_reason_given,no,no,,"“An angel of the Lord stood by them, and the glory of the Lord shone round about them, and they were sore afraid.” “You’re going to be ok.” “This is God.” “I was home.” “Take me.”"
Woman with toxemia visits with deceased father following childbirth,iands,data\iands\woman-with-toxemia-visits-with-deceased-father-following-childbirth.json,2,not_mentioned,not_mentioned,not_mentioned,spiritual_realm,implied,not_mentioned,not_mentioned,family_responsibility,implied,no,Her father told her she had two beautiful children that needed her and that she needed to fight for them.,"""Princess, it's not your time.""; ""This feels so wonderful, I want to be with you; this is where I want to be."""
Kathryn H NDE 6975,nderf,data\nderf\03508_kathryn-h-nde-6975.json,2,no,no,not_mentioned,spiritual_realm,implied,not_mentioned,no,not_mentioned,implied,no,"She reports being ""meant to be here for some reason"" and to ""share it with others,"" ""make this beautiful world a better, more compassionate place,"" and ""let creativity flow through me.""","“On the spiritual plane, when I was unconscious, I felt a sense of being welcomed home: golden light, a sense of peace and quiet, and joy.” / “...being so light and bodiless and merging with all other beings into interconnectedness and non-differentiation.” / “we are already all One” / “I do not feel nearly as afraid of death.”"
Sarah W Probable NDE 7003,nderf,data\nderf\03523_sarah-w-probable-nde-7003.json,2,no,no,not_mentioned,spiritual_realm,implied,none,no,earthly_mission,yes_explicit,no,"Jesus told her what to do on Earth: “Love and have fun,” and she saw “all the people I was going to save and bring to God.”","“This is your HOME and you can go anywhere you wish.” / “There is nothing you could do that could ever change the way God feels about you… God loves me.” / “Love and have fun.” / “the body needed to breathe, not YOU.”"
Eruera M NDE 7053,nderf,data\nderf\03554_eruera-m-nde-7053.json,2,not_mentioned,not_mentioned,not_mentioned,spiritual_realm,yes_explicit,not_mentioned,not_mentioned,other,no,no,,"""The grass was me and I was the grass.""; ""The tunnel was dark in color but with love and care filling the void.""; ""It was as if I was crying and asking God to not return me. Then POP, I was back in my body."""
Angelo G Probable NDE 5460,nderf,data\nderf\03568_angelo-g-probable-nde-5460.json,2,yes_explicit,not_mentioned,not_mentioned,not_mentioned,implied,not_mentioned,not_mentioned,family_responsibility,implied,no,"He says he wanted to return because of ""Felicia"" and stated: ""When I get back I want to create the 'Union of All religions of the Lord God our Father'"" to stop divisions; God says ""Beloved is the person who asks and dedicates his or her life to help people in their awakening. To help them remember and know they are ALL generated from me"".","“Everything I experienced… is almost impossible to describe in words.” / “We existed before creation… before the universe and life as we know it.” / “I was surrounded (like being hugged) by a huge indescribable love…” / God: “Son, look. Choose where you want to go” / “No, Father. I do not want to go. I want to go back because of Felicia.” / God: “Do you know what beloved means? Beloved is the person who asks and dedicates his or her life to help people in their awakening.” / “Suddenly, I found myself in absolute darkness with no external reference points…” / “FA FA FA…THER!…FATHER!” / God: “My Son, I wanted you to directly experience the terrible conditions in which those who 'are not' live…”"
Joseph S NDE 6634,nderf,data\nderf\03289_joseph-s-nde-6634.json,2,yes_explicit,not_mentioned,not_mentioned,not_mentioned,yes_explicit,not_mentioned,not_mentioned,not_mentioned,not_mentioned,not_mentioned,,"“Everything about the universe and why we are here was downloaded or imprinted upon me.”; “It was if I had been living in a dark room and suddenly the lights came on.”; “The reason we are here is to love, to learn, to create and to grow. But mostly just to love.”; “It felt like I was swaddled in an eternal security blanket.”; “Time had no meaning there.”; “about ten to seven”."
Maya Probable NDE 6635,nderf,data\nderf\03290_maya-probable-nde-6635.json,2,no,no,not_mentioned,spiritual_realm,implied,not_mentioned,no,not_your_time,no,no,,"“The feeling was love, totally unconditional love that I've never felt before.” / “It felt like I was coming home.” / “It is not my time to come home yet… ‘Go and have fun. Go and have fun. Go and have fun.’”"
Robyn NDE 6636,nderf,data\nderf\03291_robyn-nde-6636.json,2,no,no,not_mentioned,spiritual_realm,yes_explicit,not_mentioned,no,no_reason_given,no,no,,"'All went dark and weightless, an infinite bluish purple perhaps, and amazing sparkling particles connected everything. I was home.'; 'I zoomed to the ceiling and ‘faced’ all directions simultaneously.'; 'I knew everything that had ever and will ever exist in the universe.'; 'I would never again... fear death. Because there is no death!!!'"
Young woman dies of a broken heart but now knows her friend lives,iands,data\iands\young-woman-dies-of-a-broken-heart-but-now-knows-her-friend-lives.json,2,implied,not_mentioned,not_mentioned,not_mentioned,implied,not_mentioned,no,not_your_time,yes_explicit,no,Heard Todd tell her: “Tell our story. It matters.”,"“We love you so much. It is not your time to die yet, you have to go back. We are so sorry!”; “I love you more, sweet girl. Please stay alive,”; “Tell our story. It matters.”"
Matt T NDE 6689,nderf,data\nderf\03327_matt-t-nde-6689.json,2,implied,implied,not_mentioned,not_mentioned,not_mentioned,not_mentioned,no,other,no,no,,"“go back, you don't have to come up here!”; “are you worthy of this level of existence?”; “Who wants to be born of alcoholic parents?”; “no, no, no!”"
Bonnie C NDE 6713,nderf,data\nderf\03338_bonnie-c-nde-6713.json,2,not_mentioned,not_mentioned,not_mentioned,spiritual_realm,implied,none,no,family_responsibility,yes_explicit,no,"Told: if she ever speaks of this, give the message: “It's not complicated, don't make it so… We don't live and then die but we die and then live… Stop searching to answer the mystery when there isn't one.”","‘how can I do this surgery when I've just lost a patient?!’ / ‘oh. So I died… But, I'm not dead. Don't they know I'm not dead?’ / ‘don't say it’ / ‘Are you ready to come with us?’ / “It's not complicated, don't make it so… We don't live and then die but we die and then live.”"
Jenny S NDE 5449,nderf,data\nderf\03348_jenny-s-nde-5449.json,2,no,no,not_mentioned,spiritual_realm,implied,not_mentioned,no,not_mentioned,no,no,,"""But suddenly I saw myself from above laying underwater with my mouth and eyes wide open and thought, 'what a horrible sight!'""; ""Everything radiated an indescribable light and I was part of that light, everything was part of that light.""; ""I was just a dot but just as lively and at the same time as softly radiant as everything around me.""; ""my ex-friend told me suddenly that I had to go back.""; ""it became ice cold and dark as soot around and in me.""; ""I kept asking the rescue team WHY they had brought me back!"""
Deborah W NDE 6758,nderf,data\nderf\03367_deborah-w-nde-6758.json,2,no,no,not_mentioned,spiritual_realm,yes_explicit,not_mentioned,no,other,no,no,,"“I was floating, upward for a while, then just forward and there was so much to look at.”; “I realized I was in Heaven.”; “I was forced to stop by a very powerful, loving energy.”; “He’s the one who gave all of us free will yet he took away my free will when I was in Heaven.”; “I know there is nothing more important in this world than love and that love never dies.”"
Australian man is taken on guided journey of the universe,iands,data\iands\australian-man-is-taken-on-guided-journey-of-the-universe.json,2,not_mentioned,not_mentioned,chose_parents,not_mentioned,yes_explicit,not_mentioned,no,earthly_mission,yes_explicit,no,To return to his body to help change the public perception of death and tell people dying should not be feared; later expresses desire to become a helper after death.,"""All of a sudden, my entire life flashed before my eyes, complete in every detail.""; ""the entire review appeared to last for only a split-second, because all the events of my entire life were shown to me simultaneously.""; ""a feeling of unconditional love and acceptance poured into that empty space.""; ""So that I can go back to my body...to tell the world that dying should not be feared in the slightest""."
Blocked by a Golden Being,iands,data\iands\blocked-by-a-golden-being.json,2,no,no,not_mentioned,spiritual_realm,yes_explicit,not_mentioned,no,not_your_time,not_mentioned,no,,"""I'm standing in a place of love."" ""There's a glow of golden light ahead of me in the distance"" ""You must go back."" ""It's not yet your time. You must go back."""
By Accident,iands,data\iands\by-accident.json,2,implied,not_mentioned,not_mentioned,not_mentioned,implied,not_mentioned,not_mentioned,not_mentioned,not_mentioned,not_mentioned,,"“No squinting, no pain in eyes, just a sense of great love.” “We all are part of the Divine's love… not for one particular group of people, but for everyone.” “It was like a void, but a lit up void.” “It told me telepathically, I could have anything I wanted.” “There is no hell. There is no condemnation. The Love covers all.”"
Childhood Imaginary Friend/NDE Guide,iands,data\iands\childhood-imaginary-friend-nde-guide.json,2,not_mentioned,not_mentioned,not_mentioned,spiritual_realm,implied,not_mentioned,not_mentioned,other,yes_explicit,no,“You have chosen life. You will suffer as you help others.”,“Why have you worried so much in your life?” “What good is it now?” “Here is your assured home you built while you were living. Have you finished everything you want in this life?” “This is what happens to evil people.” “This will happen to your mother.” “We are going on a journey.” “You have chosen life. You will suffer as you help others.”
Nicholas G NDE 9474,nderf,data\nderf\05092_nicholas-g-nde-9474.json,2,no,not_mentioned,not_mentioned,spiritual_realm,yes_explicit,not_mentioned,no,other,implied,no,He felt he must “fulfill my purpose on earth so I can return with a job 'Well Done'.”,“my human personality and ego ‘switched off’ like a light bulb; leaving me free to fully embrace myself as spirit.”
Penny S NDE 9773,nderf,data\nderf\05282_penny-s-nde-9773.json,2,no,not_mentioned,not_mentioned,spiritual_realm,implied,not_mentioned,no,family_responsibility,implied,no,"Told/understood (without words) that she had to return because ""Our older brother cannot handle the loss of another sibling"" and she ""had to come back for the people who were still alive that loved me,"" and to live with honesty and love rather than selfishly.","""Our older brother cannot handle the loss of another sibling. You have to go back.""; ""Love love love love. Love is the answer to everything""; ""When we die, we go home."""
Kelly B Probable NDE 9794,nderf,data\nderf\05299_kelly-b-probable-nde-9794.json,2,no,not_mentioned,not_mentioned,spiritual_realm,yes_explicit,not_mentioned,not_mentioned,other,not_mentioned,no,,"“Everything was nothing, and nothing was everything.”"
Bobby D NDE 9795,nderf,data\nderf\05300_bobby-d-nde-9795.json,2,no,not_mentioned,not_mentioned,spiritual_realm,implied,not_mentioned,not_mentioned,not_mentioned,no,no,,"“Instantly, I was no longer in my head. I was a ball of light inside my chest then I was leaving my body.”; “I KNEW EVERYTHING.”; “I knew I was going BACK… It was HOME. It was YHWH.”; “I did not feel blessed to survive. I was angry at God for letting me live.”"
Birdie A NDE 9908,nderf,data\nderf\05377_birdie-a-nde-9908.json,2,yes_explicit,not_mentioned,not_mentioned,not_mentioned,yes_explicit,not_mentioned,not_mentioned,earthly_mission,implied,no,"Felt spared for a reason and needed to ""pay it forward"" with small everyday acts: be helpful, kind, and less judgmental.","“I did see a flash of light. Then I was hovering over myself.” / “Time seemed to stop.” / “Then I was above my body again and yelling at myself, 'MOVE!MOVE!MOVE!'”"
Sharon Q NDE 9915,nderf,data\nderf\05381_sharon-q-nde-9915.json,2,not_mentioned,not_mentioned,not_mentioned,spiritual_realm,yes_explicit,not_mentioned,not_mentioned,other,yes_explicit,no,Non-negotiable requirement to deal with alcohol addiction/stop drinking; described as a 'safety valve recall' to get life-path back on track.,"“I know this drill, done it thousands of times.”; “I was happy, joyous, and free!”; described the death as a “safety valve recall.”"
Lori E STE/SOBE 22717 NDE 22717,nderf,data\nderf\03098_lori-e-ste-sobe-22717-nde-22717.json,2,no,no,not_mentioned,spiritual_realm,implied,not_mentioned,no,not_your_time,no,no,,"“I didn't see my hands or feet, I just felt like I was a being of pulsating energy”; “There was absolutely NO judgment attached to it”; “It was God… it was MINE! It was MY voice!”; “I suddenly knew that I was part of the universe! I was not separate!”; “I was told I couldn't enter that realm just yet… reserved for when my life expired on earth.”"
Mariana H NDE 6306,nderf,data\nderf\03100_mariana-h-nde-6306.json,2,no,no,not_mentioned,spiritual_realm,implied,not_mentioned,no,no_reason_given,no,no,,“What’s happening? What is this? Is this death?”
Robyn O NDE 6371,nderf,data\nderf\03113_robyn-o-nde-6371.json,2,no,no,not_mentioned,spiritual_realm,yes_explicit,none,no,no_reason_given,no,no,,"“It was black, enormous and I was everything, everywhere.” “I felt embraced, cradled, but free and open.” “I started flying backward thru a tunnel.” “lights of every color… I could feel the vibration of the colors and hear the music of each color.” “I cannot fear death, for myself or for anyone.”"
John K NDE 6377,nderf,data\nderf\03119_john-k-nde-6377.json,2,no,no,not_mentioned,spiritual_realm,yes_explicit,not_mentioned,no,other,no,no,,"“Then I seemed to jump, in some way, above all Creation in the Presence of God. The Light was so bright and infusing I thought that it was power. Then I realized that it was Love.”"
Lorraine J NDE 5045,nderf,data\nderf\02648_lorraine-j-nde-5045.json,2,no,no,not_mentioned,spiritual_realm,yes_explicit,not_mentioned,no,other,no,no,,"""Above me was a small black opening. It swallowed me up.""; ""The light emanated warmth, love and happiness. It was a living light.""; ""Once inside it felt as though I was home again."""
Roberto P NDE 5420,nderf,data\nderf\03128_roberto-p-nde-5420.json,2,no,no,not_mentioned,spiritual_realm,yes_explicit,not_mentioned,no,no_reason_given,no,no,,"'Welcome! We have been waiting for you!'
'I am sorry but it has been decided otherwise.'"
Rachel Probable NDE 41,nderf,data\nderf\00101_rachel-probable-nde-41.json,2,not_mentioned,not_mentioned,not_mentioned,spiritual_realm,implied,not_mentioned,not_mentioned,other,not_mentioned,not_mentioned,,"""Oh, my God I am going to die.""; ""NO, Rachel!""; ""No, you must go back.""; ""Don't go by by Memo, Memo don't go""; ""It’s like I was stopped suddenly like an invisible wall was put up."""
August Probable NDE 51,nderf,data\nderf\00188_august-probable-nde-51.json,2,no,no,not_mentioned,spiritual_realm,implied,not_mentioned,no,no_reason_given,implied,no,"Experiencer states they ""cannot leave this life until I have completed whatever it is that I am set to do in this life.""","""Suddenly, I felt myself being pulled very swiftly through total blackness to the entrance of a churning tunnel""; ""I was merely a shimmering light.""; ""communication was by telepathy.""; ""The floating bubbles... were 'snap shot' moments of my life.""; ""This Light... is an aggregation of many multitudes of immortal souls... and is collectively a life-force.""; ""I have no fear of death""; ""As my soul entered the earthly body... it vibrated."""
Rynne R Probable NDE 6472,nderf,data\nderf\03177_rynne-r-probable-nde-6472.json,2,no,no,not_mentioned,spiritual_realm,implied,not_mentioned,no,family_responsibility,yes_explicit,no,"Mimi told her: ""you have to go back, you have things to do and your Mother needs you.""","""Rynne, you have to go back, you have things to do and your Mother needs you.""; ""Everything is going to be OK, but you have to go back. There are things to do.""; ""I saw the front doors of Heaven""; ""There was no ego, nothing but love and warmth."""
Josef P NDE 6546,nderf,data\nderf\03229_josef-p-nde-6546.json,2,no,no,not_mentioned,spiritual_realm,yes_explicit,none,no,earthly_mission,implied,no,Informed he had to go back because he had to do more on Earth; later lived trying to be helpful and an example of love.,"“It took me several moments to comprehend that the man was ME.” “Suddenly I got a feeling of freedom and peace!” “I was engulfed by the feeling of the extraordinary love.” “I didn't know how long I had been there, because there was no time there.” “Two or three sneezes and back to reality!” “my real home is there.”"
David NDE 6562,nderf,data\nderf\03240_david-nde-6562.json,2,not_mentioned,not_mentioned,not_mentioned,spiritual_realm,implied,not_mentioned,no,earthly_mission,implied,not_mentioned,Jesus: 'You promised you would do this. And you have much left to do.',Stephen: 'death is a lie men tell themselves. We never truly die.' Jesus: 'You promised you would do this. And you have much left to do.'
Nancy Probable NDE 6587,nderf,data\nderf\03256_nancy-probable-nde-6587.json,2,no,no,not_mentioned,spiritual_realm,yes_explicit,not_mentioned,no,family_responsibility,no,no,,"“I asked where I was and it replied that I was home.”; “I can't stay here, as I haven't seen my baby yet.”; “I just died. I'm back again now.”"
Tyrone NDE 6597,nderf,data\nderf\03260_tyrone-nde-6597.json,2,no,no,not_mentioned,spiritual_realm,implied,not_mentioned,no,family_responsibility,implied,no,"Told he had ""much more to give"" and would ""change more lives for the positive""; also described as a ""positive force in a cold world.""","""Wow! This is home!""; ""You are giving up! You have never given up!""; ""No, go back to your family, now!"""
Herman V NDE 6227,nderf,data\nderf\02987_herman-v-nde-6227.json,2,not_mentioned,not_mentioned,not_mentioned,spiritual_realm,implied,not_mentioned,not_mentioned,no_reason_given,no,no,,'we lost him'; 'so this is what it's like to be dead.'; 'home'; 'Welcome back. We thought we'd lost you.'
Chris V NDE 6258,nderf,data\nderf\03022_chris-v-nde-6258.json,2,no,no,not_mentioned,spiritual_realm,implied,not_mentioned,no,not_your_time,no,no,,"“God, I'm ready to go home!” / “you're not ready yet” / “I'm not ready yet.” / “help me.” / “Life is Love.”"
Deborah Le NDE 2050/700 NDE 700,nderf,data\nderf\00231_deborah-le-nde-2050-700-nde.json,2,implied,not_mentioned,not_mentioned,spiritual_realm,not_mentioned,not_mentioned,not_mentioned,family_responsibility,no,not_mentioned,,"'Oh yeah, I remember now, it's sooo simple. I will never forget again.'; 'You know you have to decide real soon'; 'don't you want to be with your son?'"
Roger C NDE 744,nderf,data\nderf\00253_roger-c-nde.json,2,no,no,not_mentioned,spiritual_realm,yes_explicit,not_mentioned,no,earthly_mission,implied,no,He 'formulated a wish that I'd like to return to Earth in order to share this knowledge with as many people as possible.',"'I noticed I could travel into time!' ; 'I went into a dark place with nothing around me, but I wasn't scared. It was really peaceful there.' ; 'It was like a cone of light.' ; 'BANG! Just like an explosion of love!' ; 'I've noticed at that point I had the complete knowledge of the universe available to me and I simply had to ask to know!' ; 'We weren't communicating with voice, but through the minds (telepathic)' ; 'Life will last until what human years as we calculate it now. Answer: 3587'"
Kathy M Probable NDE 6271,nderf,data\nderf\03029_kathy-m-probable-nde-6271.json,2,no,no,not_mentioned,spiritual_realm,yes_explicit,none,no,not_your_time,implied,no,Told it was not yet her time and she had a lot to achieve/learn/do and grow in this lifetime.,“I would remain aware and 'conscious' as I continued to expand infinitely to the very ends of the universe so that my mind and soul would literally be subsumed and I would become 'one' with the entire cosmos.”
Jill J NDE 6274,nderf,data\nderf\03034_jill-j-nde-6274.json,2,no,no,not_mentioned,spiritual_realm,implied,not_mentioned,no,family_responsibility,no,no,,"""my heart was not compatible with living""; ""Jesus was beside me, holding me like a child""; ""I heard, tasted, saw, felt and smelled the universe."""
Susan S Probable NDE 6298,nderf,data\nderf\03058_susan-s-probable-nde-6298.json,2,no,no,not_mentioned,spiritual_realm,yes_explicit,not_mentioned,no,not_your_time,no,no,,"“you can choose to come with me if you wish, but it is not your time yet”. “I had no form; I was just 'me'.” “I felt completely at peace, like I was 'coming home'.”"
Oliver V NDE 6325,nderf,data\nderf\03077_oliver-v-nde-6325.json,2,no,no,not_mentioned,spiritual_realm,implied,not_mentioned,no,not_your_time,no,no,,"“It is not your time, yet” / “I was an observer without a physical body, bathed in pure elation in the midst of this Love.” / “Going back into my body was extremely painful.”"
Jeanette H NDE 9557,nderf,data\nderf\05147_jeanette-h-nde-9557.json,2,implied,not_mentioned,not_mentioned,spiritual_realm,not_mentioned,not_mentioned,not_mentioned,not_your_time,implied,no,"She reports knowledge of self-healing/self-love and purpose: 'to be a tread in the big web, to share my true energy and truth.'",“Everything is unconditional love. I feel IMMEDIATELY that I have come home. I am no longer separate.”
Colby C NDE 9565,nderf,data\nderf\05152_colby-c-nde-9565.json,2,yes_explicit,not_mentioned,not_mentioned,not_mentioned,yes_explicit,not_mentioned,no,earthly_mission,yes_explicit,no,"Told 'time was short' and he needed to 'find the Lord’s church (CJCLDS) and develop a relationship with Jesus Christ'; also that he had been given a mission before mortal life and was granted 'another chance' with commitments, help, and a guiding companion.","“In case something happens to me, my keys and gas money are in my backpack.” / “He descended upon it from above and entered into his forehead.” / “time was short and that he needed to find the Lord’s church (CJCLDS) and develop a relationship with Jesus Christ.”"
Miranda D Probable NDE 9834,nderf,data\nderf\05333_miranda-d-probable-nde-9834.json,2,no,not_mentioned,not_mentioned,spiritual_realm,yes_explicit,not_mentioned,not_mentioned,not_your_time,yes_explicit,not_mentioned,“God wanted me to share the love of him… I’ve shared this story… to my children… friends… churches… doctors nurses.”,“as if it was calling me home.” / “I saw stairs heading up to heaven.” / “he showed me it wasn’t my time.” / “I remember the sheets fluffing up in the air a little bit as my spirit went inside of my body.” / “to never look back.”
Seth R Possible NDE 9835,nderf,data\nderf\05334_seth-r-possible-nde-9835.json,2,yes_explicit,no,not_mentioned,spiritual_realm,not_mentioned,not_mentioned,not_mentioned,not_your_time,yes_explicit,no,"Told to 'Keep fighting and wait,' that he was 'going to do incredible things in the world,' and that there was 'more work' for him to do; instructed to never give up and that more challenges were ahead.",“Keep fighting and wait.” / “You were dead and had no pulse!” / “Knock me out now.” / “Who are you and what is that?”
John B NDE 9853,nderf,data\nderf\05347_john-b-nde-9853.json,2,yes_explicit,not_mentioned,not_mentioned,not_mentioned,yes_explicit,not_mentioned,no,no_reason_given,no,not_mentioned,,"“It was like glass in between me and the world, but yet I couldn't see it. Although it could not be seen, I knew it was there.”"
Austin W NDE 9856,nderf,data\nderf\05348_austin-w-nde-9856.json,2,yes_explicit,no,not_mentioned,not_mentioned,yes_explicit,not_mentioned,no,other,no,no,,"""I suddenly experienced, all at once, everything and nothing."" ""All knowledge, all experience coalesced into one singular principle; 'I am.'"" ""I saw the whole of spacetime from the outside."" ""The only mystical being I witnessed was a shadow-person with white eyes and deer antlers."""
James R NDE 9868,nderf,data\nderf\05356_james-r-nde-9868.json,2,yes_explicit,not_mentioned,not_mentioned,not_mentioned,yes_explicit,not_mentioned,not_mentioned,other,no,not_mentioned,,"'yes, this way.'; 'yes, now fight'; 'I felt myself slam into my body.'; 'Everything was o.k. now.'"
Justine L NDE 9890,nderf,data\nderf\05368_justine-l-nde-9890.json,2,no,no,not_mentioned,spiritual_realm,yes_explicit,not_mentioned,not_mentioned,not_mentioned,implied,no,"On returning, she felt there was ""a purpose or job to do.""","“I felt the most profound, loving, and peaceful feeling.” “I remember feeling spread out or a part of everything. I also knew everything.” “My experience was like I was being watched by a big eye.” “I wasn't met by anyone; I just was. I was everything.” “the Justine before the experience wasn't really there anymore.”"
Donna C NDE 9893,nderf,data\nderf\05369_donna-c-nde-9893.json,2,yes_explicit,not_mentioned,not_mentioned,not_mentioned,yes_explicit,not_mentioned,no,other,no,no,,"""All vibrated with infinite octaves of Aum.""; ""I was blissful beyond description.""; ""if I continued on that the connection to my body would be destroyed.""; ""You are almost old enough to be on your own. Do you want to go through childhood again? For you have karma.""; ""Yes, but to not over-ask."""
Renate NDE 5016,nderf,data\nderf\02646_renate-nde-5016.json,2,no,no,not_mentioned,spiritual_realm,implied,not_mentioned,no,family_responsibility,yes_explicit,no,Angel said the spirit world would need her to complete a mission/task while back on earth; she was not told what the task would be.,"""I collapsed into a total darkness""; ""floating up by the ceiling""; ""At the other end was an incredible bright warm white light, but it wasn't blinding.""; ""I knew I was back home again.""; ""he communicated with me telepathically""; ""it was my choice""; ""all at once, I knew everything."""
Fifi T Probable NDE 4402,nderf,data\nderf\02190_fifi-t-probable-nde-4402.json,2,no,no,not_mentioned,spiritual_realm,implied,not_mentioned,no,not_your_time,not_mentioned,no,,"""Felt love and forgiveness that is not humanly possible in this life. You never want to leave it.""; ""This lasted probably two seconds, but the longest two seconds ever.""; ""Light was emitted in everything and out of everything.""; ""I did not give my family on earth a second thought.""; ""she was not letting me pass.""; ""it wasn't my 'time'."""
Katalin F NDE 5118,nderf,data\nderf\02653_katalin-f-nde-5118.json,2,no,no,not_mentioned,spiritual_realm,yes_explicit,not_mentioned,no,other,no,no,,'release me'; 'Float on your back.'; 'I belonged there.'
Pierre T NDE 5216,nderf,data\nderf\02744_pierre-t-nde-5216.json,2,implied,no,not_mentioned,not_mentioned,yes_explicit,not_mentioned,not_mentioned,no_reason_given,no,not_mentioned,,"""Total stillness - I have no body anymore; I am just consciousness."" / ""I was more myself there than I am here!"""
Lori K NDE 5241,nderf,data\nderf\02745_lori-k-nde-5241.json,2,no,no,not_mentioned,spiritual_realm,yes_explicit,not_mentioned,no,family_responsibility,yes_explicit,no,"Jesus said she could go back and that she ""had work now to do"" and told her to ""stay awake"" and that he would ""take care and restore everything.""","""It was all very real, more real than anything had ever been to me before""; ""It shone down on me from Jesus""; ""with it shining on you, YOU became ALL KNOWING""; ""It was a beautiful day to die.""; ""I have no fear of Death."""
Bruce NDE 5252,nderf,data\nderf\02747_bruce-nde-5252.json,2,no,no,not_mentioned,spiritual_realm,yes_explicit,not_mentioned,no,earthly_mission,yes_explicit,no,"He ""must return and complete a prepared task, or work, that will change others"" (possibly ""hardly noticeable,"" but desired by God).","""I understood I'd had a heart attack, died, and left my body behind."" / ""traveling through a tunnel at extreme speed"" / ""very ornate light-filled room with a throne"" / ""surrounded by unconditional love, and, for lack of a better word, I was 'home'."""
Karen G Mother NDE 5304,nderf,data\nderf\02788_karen-g-mother-nde-5304.json,2,no,no,not_mentioned,spiritual_realm,implied,not_mentioned,no,family_responsibility,no,no,,“SLAMMED” (back into her body); “flat lined for 4 minutes”; “It was like an openness; an awakening that her brain registered as a light.”; “like going home.”
Donna K FDE 22536 NDE 22536,nderf,data\nderf\02799_donna-k-fde-22536-nde-22536.json,2,implied,not_mentioned,not_mentioned,not_mentioned,implied,not_mentioned,not_mentioned,other,implied,no,Had to return 'for change.',"“I am not ‘me, that is just the body I am currently residing in.” “I saw my birth, and every moment of my life concurrently.” “I had to ‘re-learn’ all the ‘laws’ of the planet earth; gravity was very, very difficult to adjust to.” “Is this the life I chose? Are YOU the person I chose?”"
Kelly D NDE 5323,nderf,data\nderf\02800_kelly-d-nde-5323.json,2,no,no,not_mentioned,spiritual_realm,yes_explicit,not_mentioned,no,family_responsibility,implied,no,"Understood 'Mary' to mean her little sister Mary Elizabeth, who would need her as legal guardian.","“I had been spiritually catapulted right through my neck and into the embrace of Mary, the Mother of God.”; “I cannot describe the utter joy and peace.”; “I felt safe, free and certain that this was the gateway to Heaven.”; “All is well, and all that shall be shall be well.”; “I wanted to stay there forever.”; “At once… I was back in my car.”; “This was the most important experience of my life.”"
Donna NDE 6008,nderf,data\nderf\02834_donna-nde-6008.json,2,no,no,not_mentioned,spiritual_realm,implied,not_mentioned,no,no_reason_given,no,no,,"“suddenly and seamlessly I was over my body up near the ceiling.” / “I felt like I was going home…” / “Suddenly, I hit an invisible wall, and I felt like I was slammed back into my body.”"
Karen NDE 6120,nderf,data\nderf\02896_karen-nde-6120.json,2,yes_explicit,not_mentioned,not_mentioned,spiritual_realm,not_mentioned,not_mentioned,not_mentioned,not_your_time,not_mentioned,not_mentioned,,"“I knew that I was very sick and felt 'stuck' between life and death.” “I felt like I was 'light', not weightless but actual light.” “It felt like I was somewhere I knew and it was where I belonged.” “Yes, I am not finished”."
Ahmed B Possible NDE 16059,nderf,data\nderf\02906_ahmed-b-possible-nde-16059.json,2,no,no,not_mentioned,spiritual_realm,yes_explicit,not_mentioned,no,other,no,no,,"“you will come out within ten days and you will not stay more than ten days.”; “it belongs to another man, I hated it.”; “I will go to hell, because I was not in prayer.”; “I am just a visitor from that world, the real world.”"
Sue C NDE 6159,nderf,data\nderf\02927_sue-c-nde-6159.json,2,not_mentioned,not_mentioned,not_mentioned,spiritual_realm,yes_explicit,not_mentioned,not_mentioned,family_responsibility,no,no,,"""The answer lies over the rainbow""; ""Go over""; ""You can stay here as long as you want""; ""This is the source""; ""Everyone is connected to the source. We come from the source, we return to the source""; ""You cannot return to where you were if you stay""; ""You can return later""; ""Here? This time? Seriously?"""
Jean R NDE 6166,nderf,data\nderf\02932_jean-r-nde-6166.json,2,implied,not_mentioned,not_mentioned,spiritual_realm,not_mentioned,not_mentioned,no,family_responsibility,implied,no,Emphasis on living by love/relationships and “walk the walk… loving and caring for each other… Take care of each other whenever you can.”,"“I went through a light… totally saturated in unconditional love.”; “I felt what they felt in my relationship with them.”; “No one was judging me… only my own reactions to it all.”; “asked if I wanted to come home… or… come back here.”; “They all are. Each religion is a pathway trying to reach the same place.”; “You have done well, My Child, and I am pleased.”; “I do not fear death… I know I will someday go ‘home’, and it is there not here.”"
Ron A NDE 916,nderf,data\nderf\00383_ron-a-nde.json,2,no,no,not_mentioned,spiritual_realm,implied,not_mentioned,no,not_your_time,no,no,,"""He asked me if I wanted to stay with them and I said yes, realizing that nothing on earth was worth going back for.""; ""Then he told me that it was not my time and I must go back.""; ""As I'm leaving, I'm loosing the information I learned.""; ""Ron's dead."" / ""No, I'm not, I'm right here."""
Natalie S NDE 6246,nderf,data\nderf\03006_natalie-s-nde-6246.json,2,yes_explicit,not_mentioned,not_mentioned,not_mentioned,implied,not_mentioned,not_mentioned,earthly_mission,yes_explicit,implied,"Requested to return because her ""particular skills with energy were needed"" and would be effective only while ""present in a body within the earth vibration""; agreed on ""specific tasks"" and that the Gathering would provide ""certain assistance"".","""I’ll call this instantaneous movement 'blinking' from one place to another""; ""addressing thousands of white-robed beings or personalities""; ""All communication was accomplished through thought.""; ""From the physical perspective, this state lasted an equivalent of centuries within less than a moment.""; ""Then I simply took a deep breath and popped back into the body. All I heard was a 'pop'."""
Kim M NDE 2107,nderf,data\nderf\00542_kim-m-nde-2107.json,2,no,no,not_mentioned,spiritual_realm,yes_explicit,none,no,family_responsibility,implied,no,“Not yet. I have to finish my tasks on earth. To be with my family.”,“Not yet. I have to finish my tasks on earth. To be with my family. I will be back later.”
Herb B NDE 4184,nderf,data\nderf\02077_herb-b-nde-4184.json,2,not_mentioned,not_mentioned,not_mentioned,spiritual_realm,implied,not_mentioned,not_mentioned,not_your_time,not_mentioned,not_mentioned,,"""Standing up out of my body was no more significant than taking off my clothes."" ""I'm back. I belong here."" ""This one is not going to make it."" ""As soon as I accepted this, I was rocketed back into my body."""
Debbie NDE 4253,nderf,data\nderf\02081_debbie-nde-4253.json,2,no,no,not_mentioned,spiritual_realm,implied,not_mentioned,no,not_your_time,no,no,,"“I was looking at my body floating in the water.”
“That's when I saw a fuzzy white circle of white light in the distance.”
“I ‘thought’ at the light ‘Oh no not yet please! I like this one and I’m not ready yet’.”
“I felt as though I knew everything I had ever wanted to know, and more, even at that very young age.”
“The feeling of complete unconditional love was so very strong… I belonged with it.”"
Miguel RP NDE 4133,nderf,data\nderf\02084_miguel-rp-nde-4133.json,2,no,no,not_mentioned,spiritual_realm,implied,not_mentioned,no,earthly_mission,yes_explicit,no,"Angel Gabriel: 'you have to go back, there is a mission for you to accomplish.' He later describes bearing witness/telling others what he was shown.","Angel identified: 'He replied that he was the Angel Gabriel, that I was in heaven and that Christ had saved me.' Return command: 'Miguel, you must go back.' Identity of voice: 'I am the true and faithful witness.'"
Glenda H NDE 981,nderf,data\nderf\00422_glenda-h-nde.json,2,no,no,not_mentioned,spiritual_realm,yes_explicit,not_mentioned,no,other,implied,no,Told she still had to learn one of life's lessons.,"""Your life was not intended to be taken by another.""; ""Not at this time, soon you will be.""; ""We'll miss you, remember you, and also wait for you.""; ""You must leave or your soul will live in mysteries forever. Wake up and urinate."""
James T NDE 10080,nderf,data\nderf\00432_james-t-nde-10080.json,2,no,no,not_mentioned,spiritual_realm,yes_explicit,not_mentioned,no,not_your_time,not_mentioned,no,,"“I simply became this perfect white light.” / “All of a sudden, I was on the ceiling looking back at my body.” / “It just revealed that I wasn't in normal space/time; I was somehow outside of it…” / “billions and billions of 'bit's' of light… this 'body of light', which is simply a more visual description of what we call God.” / “The instant I had that thought, I was hurled all the way back and slammed back into my body… (WHAM!!!)”"
Shalom G NDE 10082,nderf,data\nderf\00448_shalom-g-nde-10082.json,2,not_mentioned,not_mentioned,not_mentioned,spiritual_realm,implied,not_mentioned,not_mentioned,earthly_mission,yes_explicit,no,"Mission stated as: 'To help Healers, Heal...'; to connect 'doctors, attorneys, priests, rabbis and peoples of ALL faiths' to help one another; 'Heal yourself through forgiveness, Love, prayer and mediation'; do it 'without greed or ego getting in the way'; 'BE PATIENT'.","'If this is death then there is nothing to fear.'; 'It's not your time, you must go back, you haven't completed your missions and purposes in life, yet'.; 'I am called by many names... you can call me BIG BROTHER, and I will call you, My Little Prince of Peace'.; 'To help Healers, Heal...'; 'BE PATIENT'."
Rachel Probable NDE 4918,nderf,data\nderf\02517_rachel-probable-nde-4918.json,2,no,no,not_mentioned,spiritual_realm,yes_explicit,not_mentioned,no,no_reason_given,no,no,,"“I heard what sounded like snap of finger I felt a release of something inside of me and it is then that I saw a white form come out of me…”; “absolute deadly silence and peace such as I have never experienced here on earth.”; “I again felt pushed, slammed back into my body.”"
Giselle RV NDE 4859,nderf,data\nderf\02521_giselle-rv-nde-4859.json,2,no,no,not_mentioned,spiritual_realm,yes_explicit,none,no,family_responsibility,implied,no,She was told it was not her time; shown her newborn son and told her decision would greatly affect his life; she states she must finish what she promised and has tried to help others and give the best of herself.,"'At last, I have returned home, my God this is my home.'; 'Doctor, she has a pulse.'"
Austin T NDE 4930,nderf,data\nderf\02528_austin-t-nde-4930.json,2,no,no,not_mentioned,spiritual_realm,implied,not_mentioned,no,not_your_time,implied,no,He believed that communicating the sentence could spread across the world and that he 'had the ability to fix this world.',"“Someone that I could not see spoke one sentence, one sentence that answered every question that I had ever asked and every question that I would ever ask forever!!!”"
Renee M NDE 22437,nderf,data\nderf\02588_renee-m-nde-22437.json,2,not_mentioned,not_mentioned,not_mentioned,spiritual_realm,implied,not_mentioned,not_mentioned,not_mentioned,not_mentioned,no,,"""I could see myself outside of my body."" / ""My heart was lying outside of my chest and it was not beating."" / ""Almost instantaneous... I merged with God. I instantly became all knowing."" / ""Death is an Earth-created illusion... Come back where? I never left."" / ""We are Immortal spiritual beings having a human experience."""
Denise M NDE 5037,nderf,data\nderf\02608_denise-m-nde-5037.json,2,no,no,not_mentioned,spiritual_realm,implied,none,no,not_mentioned,no,no,,"“So, this is what it's like to be dead.”; “code blue, code blue”; “I had an immense feeling of love and warmth - like being engulfed in a secure, warm blanket.”"
David O NDE 5066,nderf,data\nderf\02622_david-o-nde-5066.json,2,no,no,not_mentioned,spiritual_realm,implied,not_mentioned,no,family_responsibility,no,no,,"""I became aware at some point of being in a place of great expansion and light and being complete and very peaceful.""; ""I felt at home and complete where I was and unlimited.""; ""It was home and I was choosing to go back to a much less developed state of being.""; ""It would come on suddenly that I was in Eternity (with no time, no objects, and no thought, as we know it)."""
Gregory C NDE 5068,nderf,data\nderf\02624_gregory-c-nde-5068.json,2,no,no,not_mentioned,spiritual_realm,implied,not_mentioned,no,other,not_mentioned,no,,"'It was though all the creatures on earth as well as in the universe stopped momentarily and looked at me and smiled and said, ""We love you.""' / 'I chose to die that day' / 'I was pure plasma, a glowing bodiless form... my vision was 360%'"
Janet M NDE 5092,nderf,data\nderf\02639_janet-m-nde-5092.json,2,no,no,not_mentioned,spiritual_realm,implied,none,no,other,no,no,,"“death is a lie we don't die. We continue in a different form. No pain, no fear, but there is Truth.”"
David J Probable NDE 5095,nderf,data\nderf\02641_david-j-probable-nde-5095.json,2,no,no,not_mentioned,spiritual_realm,yes_explicit,not_mentioned,no,family_responsibility,no,no,,“There's no friction here.” “There's no gravity here.” “There's no cold here.” “THERE'S NO STRESS HERE!” “For the entertainment of the spirit realm.” “You will be made whole.” “Heaven is real! I was there!”
Tonya Z NDE 160,nderf,data\nderf\00601_tonya-z-nde.json,2,no,no,not_mentioned,spiritual_realm,implied,not_mentioned,no,no_reason_given,not_mentioned,no,,“this is a mistake!”; “It felt like I had arrived home from somewhere.”
Ana G NDE 2167,nderf,data\nderf\00603_ana-g-nde-2167.json,2,no,no,not_mentioned,spiritual_realm,yes_explicit,none,no,family_responsibility,no,no,,"“No, my God, not yet. My children need me,” and “Mommy, what's happening to you mommy?”"
Talia NDE 2195,nderf,data\nderf\00606_talia-nde-2195.json,2,not_mentioned,not_mentioned,not_mentioned,spiritual_realm,yes_explicit,not_mentioned,no,earthly_mission,no,no,,“found myself in a vastness that was dark… close to jet blue.”; “The light was… directly behind me and comfortably so.”; “I didn't feel a body… but instead just consciousness.”; “'Tears in flame'”
Cynthia Y NDE 4020,nderf,data\nderf\01931_cynthia-y-nde-4020.json,2,no,no,not_mentioned,spiritual_realm,implied,none,no,earthly_mission,yes_explicit,no,God said: 'You have three missions then you can die.' (Missions not specified.),“You have three missions then you can die.”; “Do you know who I am?”; “Don't worry we'll be with you.”; “Dying is not really dying; you become a being of light and are born into another better plane of existence.”
Ruth NDE 2038,nderf,data\nderf\00491_ruth-nde-2038.json,2,not_mentioned,not_mentioned,not_mentioned,spiritual_realm,implied,not_mentioned,not_mentioned,not_your_time,not_mentioned,no,,"""we have lost her now."" ""pure white LIGHT"" ""unconditional love and warmth"" ""it was not my time to stay there"" ""slammed back into my body in reverse"" ""Total peace and that I was finally at HOME."" ""They called themselves the Counsel"" ""soul recyclers"" ""I could see the silver cord"""
Wally T NDE 2056,nderf,data\nderf\00504_wally-t-nde-2056.json,2,not_mentioned,not_mentioned,not_mentioned,spiritual_realm,implied,not_mentioned,no,other,not_mentioned,not_mentioned,,"“There was a great lifting of my spirit, that this was my home that I really never left.” / “Time did not exist.” / “I saw the past, present and future as simultaneous.” / “And then I realized it was the ego. The personality!”"
Crystal M NDE 4572,nderf,data\nderf\02302_crystal-m-nde-4572.json,2,implied,not_mentioned,not_mentioned,not_mentioned,yes_explicit,not_mentioned,no,family_responsibility,implied,not_mentioned,"They told her to ""tell what I remembered.""","""surrounded by the most beautiful light that human words can never explain""; ""EVERYTHING was exactly as it was supposed to be""; ""Why didn't I do more for you?""; ""the choice was mine""; ""they told me to tell what I remembered""; ""They did CPR for four and half minutes. I had no pulse and was not breathing."""
Sally P NDE 4576,nderf,data\nderf\02304_sally-p-nde-4576.json,2,no,no,not_mentioned,spiritual_realm,implied,none,no,family_responsibility,no,no,,'Whatever you need to do you will do.'; 'The freedom of a soul released from a body is wonderful.'
Pamela K NDE 4649,nderf,data\nderf\02356_pamela-k-nde-4649.json,2,no,no,not_mentioned,spiritual_realm,yes_explicit,not_mentioned,no,family_responsibility,no,no,,"“It was like everything was shown simultaneously.” “the entirety of my life had just been a game, like Monopoly… and ‘Pam’ was the equivalent of one of the game’s playing pieces” “I realized that in truth, the ‘I Am’ was who I really was” “a Light that was brighter than a million suns but which didn’t hurt my vision” “It radiated the most all-encompassing unconditional Love I’ve ever experienced.” “with that I felt myself zip at warp speed back into my body.” “It was the experience of Love loving Itself.”"
Michele NDE 4705,nderf,data\nderf\02381_michele-nde-4705.json,2,no,no,not_mentioned,spiritual_realm,implied,not_mentioned,no,family_responsibility,no,no,,"""I did not pass through tunnels or spirals. I awoke in a forest by a stream.""; ""There are no words to describe heavenly peace.""; ""Imprints are a good word for how communication was done.""; ""Although I knew this was Jesus not God""; ""What about your children?""; ""Time is very slow here I realized."""
Cheryl N NDE 4741,nderf,data\nderf\02401_cheryl-n-nde-4741.json,2,no,no,not_mentioned,spiritual_realm,implied,not_mentioned,no,no_reason_given,no,no,,"“There was a warm glow or ambience around me that was so peaceful, so full of awe and love.” / “I knew who I was but had no form.” / “I felt I was connected to a whole, like I was home again.” / “Then I seemed to be traveling, soaring over snow-capped mountaintops, as an eagle would do.” / “I felt a rush back into my body… as though I was poured back into my body.”"
Mandy C FDE 4750 NDE 4750,nderf,data\nderf\02408_mandy-c-fde-4750-nde-4750.json,2,no,no,not_mentioned,spiritual_realm,implied,not_mentioned,no,no_reason_given,no,no,,"“I was traveling through a great black void, like outer space, at a tremendous speed.”"
Stacy S NDE 4756,nderf,data\nderf\02411_stacy-s-nde-4756.json,2,no,no,not_mentioned,spiritual_realm,implied,not_mentioned,no,family_responsibility,not_mentioned,no,,'ARE YOU FINISHED?' ; 'I was home in God's arms and I was being given a peek behind the veil at Universal Knowledge through the eyes of God.'
Tatyana R NDE 4803,nderf,data\nderf\02435_tatyana-r-nde-4803.json,2,not_mentioned,not_mentioned,not_mentioned,spiritual_realm,implied,not_mentioned,not_mentioned,not_mentioned,not_mentioned,not_mentioned,,"“I was moving through a narrow and somewhat dark hallway.” “The light was ultra-white and bright.” “I knew what had happened; it seemed I knew everything.” “I had no body weight, no emotional attachments, only the ultimate Peace.” “I was home.”"
Casper NDE 4210,nderf,data\nderf\02048_casper-nde-4210.json,2,no,no,not_mentioned,spiritual_realm,implied,not_mentioned,no,not_mentioned,implied,no,"Angels escorted the experiencer to a higher place and taught lessons ""for me to share with other people.""","""Acts 3, verse 1-8""; ""What have you done with your life?""; ""Nothing. I have wasted the entire forty-seven years.""; ""First, there is no such thing as time. It is man-made and self-imposed.""; ""We are all connected as one spirit.""; ""What goes around comes around""; ""They are our 911 to heaven."""
Sandra B NDE 4235,nderf,data\nderf\02068_sandra-b-nde-4235.json,2,no,no,not_mentioned,spiritual_realm,implied,not_mentioned,no,other,no,no,,"""I must be dead as I am looking at my dead body down there."" ""God please do not kill me I am only sixty-two years old and I do not want to die. Please God put me back into my body."""
Sam P NDE 2261,nderf,data\nderf\00634_sam-p-nde-2261.json,2,implied,not_mentioned,not_mentioned,spiritual_realm,not_mentioned,not_mentioned,no,no_reason_given,not_mentioned,not_mentioned,,"'The sensation was as of a piece of a metal being swept into a magnet.'; 'I was returning home.'; 'I left and returned to my body, which seemed as if I were putting on soiled clothes.'; 'This world is entirely about love.'"
Desiree B NDE 2247,nderf,data\nderf\00637_desiree-b-nde-2247.json,2,no,no,not_mentioned,spiritual_realm,yes_explicit,not_mentioned,no,not_your_time,implied,no,"For now, I have a task still to accomplish here below.","""I felt completely welcomed, as if coming home after a long trip away."" ""I was given to know that it was not my time."" ""He sees everything you are and knows that you are good."""
Kane D NDE 3692/2698 NDE 2698,nderf,data\nderf\01696_kane-d-nde-3692-2698-nde-2698.json,2,not_mentioned,not_mentioned,not_mentioned,spiritual_realm,yes_explicit,not_mentioned,not_mentioned,family_responsibility,not_mentioned,not_mentioned,,"“The experience of death has been the most real and physical experience of my life and the world here felt cold, heavy, and unreal for some time afterwards.”"
Kendra NDE 3755,nderf,data\nderf\01750_kendra-nde-3755.json,2,no,no,not_mentioned,spiritual_realm,implied,not_mentioned,not_mentioned,not_your_time,implied,no,Jesus said: 'Follow me and have faith in me and I shall protect you.',Jesus: 'It's not your time. Follow me and have faith in me and I shall protect you.'
JMH NDE 3863,nderf,data\nderf\01827_jmh-nde-3863.json,2,no,no,not_mentioned,spiritual_realm,implied,none,no,earthly_mission,implied,no,Experiencer stated they had not finished 'the work I was born to do' and should finish it.,"“Surely the presence of God is in this place.” / “I was above the bed watching people working on me…” / “In a space, not sure it was time, a warm and loving voice asked me if I wanted to stay or return to my life.” / “I haven't finished the work I was born to do…”"
Kate B Possible NDE 3871,nderf,data\nderf\01830_kate-b-possible-nde-3871.json,2,not_mentioned,not_mentioned,not_mentioned,spiritual_realm,yes_explicit,not_mentioned,not_mentioned,no_reason_given,not_mentioned,no,,"“It seemed like I was in a very crowded area full of my best friends, and I had never been so happy.” “It was as if I went through a dimension, like a wall, I popped through and then I was floating in the darkest space. There were bright stars all around.” “Suddenly, I felt like I was grabbed and my body slammed back into my body.” “I was not dead, but I am not in the least bit afraid of death.”"
Ludmila NDE 4168,nderf,data\nderf\02093_ludmila-nde-4168.json,2,no,no,not_mentioned,spiritual_realm,implied,not_mentioned,no,family_responsibility,no,no,,"“This input was in the form of a square, the lengths of each side were about one meter long - and my soul started to enter that space through the head.”; “My first feeling after exit from my body was the feeling of an incredible relief.”; “I did not think with the help of words, I felt and understood everything without words.”; “I had a free access to all knowledge and to all information.”; “I was overflowing with the feeling of pleasure, and the feeling that at last I was coming back to the place that was so dear to me.”; “What I am doing! Now I am so far away that I cannot return - and I'm leaving my seven year old daughter.”; “I started to enter my body, as a hand enters a glove.”"
Bobbie K NDE 4285/8166 NDE 8166,nderf,data\nderf\02111_bobbie-k-nde-4285-8166-nde-8166.json,2,no,no,not_mentioned,spiritual_realm,implied,not_mentioned,no,other,no,no,,"""Then, I became part of that Light."" / ""I saw no one, yet I knew I was in the presence of God."" / ""Although I cannot recall any visual images, I knew that I was home."" / ""I was angry about having to be ‘born’ again."""
Ken W NDE 4322,nderf,data\nderf\02139_ken-w-nde-4322.json,2,no,not_mentioned,not_mentioned,spiritual_realm,implied,not_mentioned,no,not_your_time,no,no,,"“I was looking down from about fifteen feet…”; “Thought, knowledge and memory were not linear… but all at once.”; “The senior… told me I had to go back and that I would not remember.”; “Next thing I was gasping in pain on the ground, ice and blood in my mouth…”"
Paul O NDE 4331,nderf,data\nderf\02144_paul-o-nde-4331.json,2,no,no,not_mentioned,spiritual_realm,implied,not_mentioned,no,no_reason_given,no,no,,"“If this is being dead, I like it.” / “Go back.” / “Jesus is inside you.” / “My sense of loss at being back in my body was too great to describe.”"
Khat H NDE 4394,nderf,data\nderf\02186_khat-h-nde-4394.json,2,no,no,not_mentioned,spiritual_realm,yes_explicit,not_mentioned,no,not_your_time,yes_explicit,no,"He told her she was ""put here to perform great works"" and that what she was going to do ""would help all of the human race,"" and that she ""still had many things to do.""","""It is not time for you to come to me Khat.""; ""WHOOSH! I was back in my body again.""; ""put here to perform great works""; ""would help all of the human race""; ""allow me to come Home""."
Viva T NDE 4397,nderf,data\nderf\02187_viva-t-nde-4397.json,2,no,no,not_mentioned,spiritual_realm,yes_explicit,not_mentioned,no,family_responsibility,yes_explicit,no,"Share/transmit what was witnessed so people know earthly life ""is not the totality of existence, but a crucial part of the overall plan.""","""This must be who I really am""; ""They think I'm gone, but I'm really up here.""; ""If you go in you cannot come out.""; ""You have a little son ... who needs you.""; ""ONE WITH THE LIGHT!"""
Adaline C NDE 3920,nderf,data\nderf\01862_adaline-c-nde-3920.json,2,no,no,not_mentioned,spiritual_realm,implied,not_mentioned,no,not_your_time,no,no,,"“This Other Side was unexplainable in words. Too peaceful, too overwhelming, I was overpowered with so much love.”"
Jim F NDE 2156,nderf,data\nderf\00584_jim-f-nde-2156.json,2,no,no,not_mentioned,spiritual_realm,implied,none,no,not_mentioned,implied,no,"Came away knowing he has a purpose; ""a primary part of that purpose is to love one another, and help one another experience the splendor of creation."" Also: he looks forward to returning to God ""when my mission here on earth is over.""","“Suddenly, I found myself floating near the ceiling of my bedroom, looking down at my motionless, lifeless body.” / “Words cannot possibly convey the overwhelming feelings that I was having.” / “Death no longer holds any fear for me!”"
Gloria M NDE 2158,nderf,data\nderf\00586_gloria-m-nde-2158.json,2,no,no,not_mentioned,spiritual_realm,yes_explicit,none,no,no_reason_given,no,no,,"""Don't be afraid, we will hold you until it is all over. You are going to be all right. We will stay with you and hold you."""
Karen D NDE 154,nderf,data\nderf\00595_karen-d-nde.json,2,implied,no,not_mentioned,spiritual_realm,not_mentioned,not_mentioned,not_mentioned,no_reason_given,implied,not_mentioned,"After discharge, she felt she should go to the hospital to tell families not to leave loved ones in a coma because 'they can hear you.'","""Then I felt like I was just in the dark somewhere.""; ""He kept telling me that it was ok to die... to just give up.""; ""The light seemed to hold me, like someone carrying or cuddling me.""; ""I sincerely felt like I was back where I came from and knew it.""; ""I felt like where I was, was real and that the life part had all been a dream, a test or an experience."""
Terry M NDE 2551,nderf,data\nderf\00820_terry-m-nde-2551.json,2,no,no,not_mentioned,spiritual_realm,implied,none,no,not_mentioned,not_mentioned,not_mentioned,,"""The light was all about me, but I was not distinct from it."" / ""In the light is only where I ever felt complete and not separated."" / ""Space and time were of no value."""
Sue V NDE 2869,nderf,data\nderf\00983_sue-v-nde-2869.json,2,not_mentioned,not_mentioned,not_mentioned,spiritual_realm,implied,not_mentioned,no,not_mentioned,implied,no,"Received a strong nonverbal message that what she was doing was the right thing and she ""didn't need to do anything other than what"" she did; also felt she was on Earth ""for a purpose"" but could not remember it.","""I was then in outer space""; ""a bright light... flowed quickly towards and over me engulfing me""; ""Simultaneously, the light was also this complete LOVE""; ""I was back in my body and still driving my car at the very same spot""; ""where I was, was home, and that I am only visiting earth for a purpose."""
Harry B NDE 2873,nderf,data\nderf\00991_harry-b-nde-2873.json,2,no,no,not_mentioned,spiritual_realm,yes_explicit,not_mentioned,no,not_mentioned,no,no,,"“I found myself without a body in the middle of black, misty darkness.” “It felt more real than life itself.” “It felt like home.” “I left a place of no pain and entered a body of pain.”"
Kami C NDE 2900,nderf,data\nderf\01009_kami-c-nde-2900.json,2,no,no,not_mentioned,spiritual_realm,yes_explicit,none,no,family_responsibility,yes_explicit,no,"They insisted she return because her mother needed her and because she ""had to heal others"" / people needed her.","""Instant pain relief is the first thing I felt."" / ""When I hit it, I hit it like a ton of bricks."" / ""There was also no sense of time where I was, for eternity was all we knew."""
Linda S Probable NDE 2903,nderf,data\nderf\01011_linda-s-probable-nde-2903.json,2,not_mentioned,not_mentioned,not_mentioned,spiritual_realm,yes_explicit,not_mentioned,not_mentioned,no_reason_given,not_mentioned,not_mentioned,,"“Passionless, I watched my spirit leave my body…”; “I saw a vast, endless blackness. Like a void or black hole…”; “I beheld a radiant, Spirit being… I knew the Spirit was Christ.”; “The light was love and love was God.”; “This is beautiful. I am home… I want to stay.” / “You can stay for a little while and then you must return.”"
Beverly B Possible NDE 2945,nderf,data\nderf\01031_beverly-b-possible-nde-2945.json,2,no,no,not_mentioned,spiritual_realm,yes_explicit,not_mentioned,no,not_mentioned,implied,no,She states she understands marrying and becoming a mother to be part of her mission; also describes becoming more loving/tolerant and living more responsibly.,"“I found myself floating on the ceiling over the bed looking down at my unconscious body.”
“a radiant being bathed in a shimmering white glow.”
“a large opening lead to a circular path… a white light shone through.”
“Finally… was the living presence of the Light… I was actually facing God!”
“all knowledge unfolded to me, like the instant blossoming of an infinite number of flowers all at once.”
“the feeling of being Home”
“I consider the rest of my life to be a passing fantasy, a brief dream that will end when I again awaken… ”"
James E NDE 2962,nderf,data\nderf\01046_james-e-nde-2962.json,2,implied,not_mentioned,not_mentioned,not_mentioned,implied,not_mentioned,not_mentioned,not_your_time,no,no,,"""DON'T FALL.""; ""very much like a 'bit map' on a computer""; ""POOF, I'm in the light.""; ""You have to go back."""
Blester PW NDE 4091,nderf,data\nderf\01966_blester-pw-nde-4091.json,2,not_mentioned,not_mentioned,not_mentioned,spiritual_realm,implied,not_mentioned,not_mentioned,not_mentioned,not_mentioned,not_mentioned,,"“I felt like my body was missing and I was in a void space.” “I just felt like I was supposed to be here.” “Hello, hello.”"
Frank G NDE/ADC 31670 NDE 31670,nderf,data\nderf\02012_frank-g-nde-adc-31670-nde-31670.json,2,no,no,not_mentioned,spiritual_realm,implied,not_mentioned,no,earthly_mission,yes_explicit,no,Told: “I am not ready! Have to make the planet a beautiful place!”,“I flew through the walls and ceiling and left the building.” “The Gates of Heaven! I found myself looking in but could not get in!” “Have to make the planet a beautiful place!” “Then I was given a big PUSH!”
Nannci R Possible NDE 4157,nderf,data\nderf\02036_nannci-r-possible-nde-4157.json,2,no,no,not_mentioned,spiritual_realm,implied,not_mentioned,no,not_mentioned,no,no,,"“welcome home” ; “Your beautiful and loved, always be full of hope Nannci I love you.” ; “To describe the actual merging of this is just not humanly possible”"
Heron S NDE 4173,nderf,data\nderf\02043_heron-s-nde-4173.json,2,no,no,not_mentioned,spiritual_realm,yes_explicit,not_mentioned,no,not_your_time,not_mentioned,no,,"“The Light had a tangible quality to it, like some exquisite and viscous liquid Energy - it was radiating and pulsating continuously outward and I simply was bathed in its delicious, nourishment.”"
Attila P Possible NDE 3625,nderf,data\nderf\01658_attila-p-possible-nde-3625.json,2,no,no,not_mentioned,spiritual_realm,yes_explicit,not_mentioned,no,earthly_mission,yes_explicit,no,"The judge said: ""But you have a mission."" He understood his destiny was intertwined with others like a mosaic and must be fulfilled.","""Hey, what are you doing here? Go back home.""; ""But you have a mission.""; ""You must go back!""; ""It was a place of palpable tangible love. A place of welcome, of feeling absolutely at home."""
Judy H NDE3669 NDE 3669,nderf,data\nderf\01670_judy-h-nde3669-nde-3669.json,2,not_mentioned,not_mentioned,not_mentioned,spiritual_realm,implied,not_mentioned,not_mentioned,not_your_time,no,no,,'No you can't climb that hill yet it is not your time.'; 'I could not look upon his face just yet.'; 'he needs you more than any of them does.'
Glauco S NDE 3674,nderf,data\nderf\01675_glauco-s-nde-3674.json,2,implied,not_mentioned,not_mentioned,not_mentioned,implied,not_mentioned,no,not_your_time,implied,no,"He understood 'it wasn't my time' and that his 'mission wasn't done,' but he did not know what the mission was.","“PLEASE GOD HELP ME!”; “relax and that everything was going to be okay.”; “Don't worry, these are just lessons.”; “Bye”; “This can't be them! They couldn't survive twenty-two minutes underwater and talk about it!”"
Joel B NDE 2181,nderf,data\nderf\00611_joel-b-nde-2181.json,2,not_mentioned,not_mentioned,not_mentioned,spiritual_realm,yes_explicit,not_mentioned,not_mentioned,not_your_time,implied,no,"Told he ""had many more things to do"" and gained the sense ""we are all connected"" and there is ""one source, or creator.""","""I felt like I popped out of the tunnel and fell into this white light... It seemed like a container of light but without any end or borders.""; ""I saw what I believe to be Jesus. He was in a white robe that was dripping in pure gold.""; ""I felt like I was home."""
Diane G NDE 175,nderf,data\nderf\00622_diane-g-nde.json,2,not_mentioned,not_mentioned,not_mentioned,spiritual_realm,implied,not_mentioned,not_mentioned,not_your_time,yes_explicit,no,"Told that if she chose to go back, she would be given certain knowledge to take back with her to share with others.","""oh, my god, I'm dead!""; ""total knowledge of reality appeared to me and I saw the multi-dimensionality of the universe""; ""a feeling of love so profound... as pure Bliss""; ""traveling rapidly through a vortex toward a beautiful white light""; ""remembering that I was going home""."
HB NDE 2445,nderf,data\nderf\00740_hb-nde-2445.json,2,no,no,not_mentioned,spiritual_realm,yes_explicit,none,no,not_mentioned,no,no,,"“It felt like coming home.” “You will remember nothing of this,” “Then I breathed and that was incredible. It felt like the universe expanding in me.” “All of a sudden, someone turned on the volume.”"
Gary D NDE 2428,nderf,data\nderf\00742_gary-d-nde-2428.json,2,implied,not_mentioned,not_mentioned,spiritual_realm,not_mentioned,not_mentioned,no,other,yes_explicit,no,"Jesus: ""I have work to do through you one day."" Also told him: ""You will have a long life.""","""You have to decide if you want to go or come with us."" / ""That is my funeral isn't it?"" (Guide: ""Yes."") / Jesus: ""You must decide if you're coming with us or would like to go back."" / ""I have work to do through you one day."" / ""You will have a long life."""
Bonnie B NDE 3144,nderf,data\nderf\01242_bonnie-b-nde-3144.json,2,no,no,not_mentioned,spiritual_realm,implied,not_mentioned,no,not_mentioned,no,no,,"""a beautiful, golden, brilliant light of pure love and acceptance""; ""the place I wanted so badly to go to was 'HOME.'""; ""There was no sense of time or space""; ""It was not a 'near' death experience, it was death."""
Bonnie B NDE1242 NDE 3144,nderf,data\nderf\01242_bonnie-b-nde1242-nde-3144.json,2,no,no,not_mentioned,spiritual_realm,yes_explicit,none,no,no_reason_given,no,no,,"""a beautiful, golden, brilliant light of pure love and acceptance""; ""the place I wanted so badly to go to was 'HOME.'""; ""I heard a loud buzzing and felt that I was in a total darkness and then I left my body."""
Rhea D Probable NDE 3165,nderf,data\nderf\01254_rhea-d-probable-nde-3165.json,2,not_mentioned,not_mentioned,not_mentioned,spiritual_realm,implied,not_mentioned,not_mentioned,family_responsibility,not_mentioned,not_mentioned,,“The feeling was horrible afterward for a few seconds because you have to get adjusted to your fleshy body. I felt like I had on a mud suit.”
Jeff S NDE 6936/3616 NDE 3616,nderf,data\nderf\01628_jeff-s-nde-6936-3616-nde-3616.json,2,no,no,not_mentioned,spiritual_realm,yes_explicit,not_mentioned,no,other,not_mentioned,no,,“Absolute void.”; “They will be fine.”; “Everything was so alive all around me and I felt I was part of everything and everything was a part of me. We were one.”; “I am not worthy to be here. I should not be here”; “In/out”
Tracy T NDE3641 NDE 3641,nderf,data\nderf\01648_tracy-t-nde3641-nde-3641.json,2,no,no,not_mentioned,spiritual_realm,yes_explicit,not_mentioned,no,earthly_mission,yes_explicit,no,"Shown the future of their life if they returned and ""why we are here""; understood their purpose and that their return was important ""to all of mankind""; later states: ""I'm now here to do what I was called to do.""","""NO, I want to stay here.""; ""Time did not exist as we know it here.""; ""I saw all things; nothing was hidden.""; ""Suddenly, I was in my body again. It felt awful!"""
Jackie G Probable NDE3572 NDE 3572,nderf,data\nderf\01656_jackie-g-probable-nde3572-nde-3572.json,2,no,no,not_mentioned,spiritual_realm,implied,none,no,not_your_time,no,no,,"“I know I have died and my past life means nothing to me.” “You are not supposed to be here, it is not your time, and you must go.” “Then I saw myself stretched on the bed like a corpse, pale, with mouth open.”"
Jason N NDE 3888,nderf,data\nderf\01838_jason-n-nde-3888.json,2,no,no,not_mentioned,spiritual_realm,yes_explicit,not_mentioned,no,earthly_mission,yes_explicit,no,"""it is not time my son, go back and take care of people.""","""it is not time my son, go back and take care of people."""
John S NDE 3876,nderf,data\nderf\01839_john-s-nde-3876.json,2,not_mentioned,not_mentioned,not_mentioned,spiritual_realm,yes_explicit,not_mentioned,not_mentioned,not_your_time,not_mentioned,not_mentioned,,"“time and space stopped.” “I was home where everything was so familiar and safe.” “Within an instant, I was in my body…”"
Jolene NDE 3913,nderf,data\nderf\01855_jolene-nde-3913.json,2,no,no,not_mentioned,spiritual_realm,implied,not_mentioned,no,other,no,no,,"""Are you ready to come home?""; ""It is the purest white light you could ever see""; ""I was dead.""; ""My journey was the same, just backwards."""
Nicholas P NDE 2319,nderf,data\nderf\00676_nicholas-p-nde-2319.json,2,yes_explicit,not_mentioned,not_mentioned,not_mentioned,yes_explicit,not_mentioned,not_mentioned,not_mentioned,implied,not_mentioned,"The Light told him: 'You have chosen an experience, you wish to live, and it is far from over.' He also reported gaining knowledge about his purpose but declined to describe it.","'No Nick you can't die you were never born.'; 'I am the great I am.'; 'There is a golden thread in all religions and practices. I am the blanket and you are a thread of it.'; 'There is no hell. Hell is a lack of harmony. Heaven is harmony.'; 'You will have a child late in life. You will call him Quentin. It will be with the third woman.'; 'Religion is for people who are afraid of hell, spiritually is for people who have been there.'; 'The original sin is most people don't know they are a spirit having a human experience.'"
Daniel RS NDE 2364,nderf,data\nderf\00706_daniel-rs-nde-2364.json,2,not_mentioned,not_mentioned,not_mentioned,spiritual_realm,yes_explicit,not_mentioned,not_mentioned,other,not_mentioned,not_mentioned,,"""I suddenly felt absorbed into a dark tunnel that carried me upward.""; ""I no longer had a body. I was pure vision.""; ""All this dialog was communicated in thoughts.""; ""It was as if a thousand atomic bombs exploded in front of you.""; ""I long for the other world, my original home."""
Padraic R NDE 3412,nderf,data\nderf\01378_padraic-r-nde-3412.json,2,no,no,not_mentioned,spiritual_realm,implied,not_mentioned,no,other,no,no,,"“Lie still, you're fine!”; “As you believed in me, I shall believe in you and thou shalt not die.”"
Filiesha L Probable NDE 2821,nderf,data\nderf\00960_filiesha-l-probable-nde-2821.json,2,not_mentioned,not_mentioned,not_mentioned,spiritual_realm,yes_explicit,not_mentioned,no,earthly_mission,yes_explicit,no,Key/mission emphasized as 'TRUTH'; also messages: learn love/compassion/forgiveness; fear is unnecessary and harms growth; 'none of us are to be left behind' and Earth is needed to fill the void.,"“I did know that I was now Home, my (out) Real home.” / “Where I went to next can only be described as a Huge Black Hole.” / “Soothingly, my Guides helped me transform back into my body and left me with a key, truth.”"
Lynn C NDE 2822,nderf,data\nderf\00961_lynn-c-nde-2822.json,2,no,no,not_mentioned,spiritual_realm,yes_explicit,not_mentioned,no,not_your_time,no,no,,"“I was aware of being in total darkness. A void type darkness in which I felt tremendously sad and terribly lonely.” “The river upon which we were being rowed was silver, like mercury. The oars made no ripples in the water.” “Again, nobody spoke, but my mind filled with voices telling me to go back, it wasn't my time.”"
Christina G NDE 13215,nderf,data\nderf\05573_christina-g-nde-13215.json,2,no,not_mentioned,not_mentioned,spiritual_realm,implied,not_mentioned,not_mentioned,family_responsibility,yes_explicit,no,"Told she ""must return with new sight""; understood her suffering/pain was purposeful and that she was to help guide others out of darkness (including suicide prevention).","""Do you see now?""; ""I was in heaven, another realm where I felt at home and felt peaceful.""; ""I did not want to return to my body, as I had felt peace for the first time in my entire life."""
Margaret W,nderf,data\nderf\33066_margaret-w.json,2,no,no,not_mentioned,spiritual_realm,implied,not_mentioned,no,family_responsibility,no,no,,"""the golden place""; ""I simply knew I had come home where my soul belonged.""; ""It felt like eternity and an instant at the same time.""; ""It was like plunging into a pool of agony."""
Brenda M,nderf,data\nderf\33110_brenda-m.json,2,no,no,not_mentioned,spiritual_realm,implied,not_mentioned,no,other,implied,no,“I know I’m supposed to teach from this experience… meant to help other people who come back with spiritual depression as well.”,"“To the left was the beautiful white light that I know so very well, but they said I couldn’t go that way this time.” / “They told me that I could stay forever… All I have to do is go to sleep.” / “I had finally made it back to the beautiful love that I have been homesick for for so many years… homesick for nowhere on earth.” / “It has been one week… They said it’s a spiritual depression.”"
Sarah S,nderf,data\nderf\33114_sarah-s.json,2,no,no,not_mentioned,spiritual_realm,implied,none,no,other,implied,no,Implied need to continue earthly journey to not miss important experiences / what she is 'supposed to do on Earth.',"""I realized I was finally home. I was in the doorway of home.""; ""It spoke to me in the language of knowing.""; ""If I kept going, there would be no return to my body.""; ""Death is not an end but a transition into another vibration of existence.""; ""Most of all, whatever happens, everything is going to be okay."""
Nash J NDE 2568,nderf,data\nderf\00824_nash-j-nde-2568.json,2,not_mentioned,not_mentioned,not_mentioned,spiritual_realm,yes_explicit,not_mentioned,not_mentioned,not_mentioned,not_mentioned,not_mentioned,,"“Pulled into a great blue light, I found myself without body, without anything but consciousness, sitting within… God.”"
Anne C NDE 2616,nderf,data\nderf\00851_anne-c-nde-2616.json,2,no,no,not_mentioned,spiritual_realm,implied,not_mentioned,no,not_your_time,no,no,,"“it wasn't time for me to stay, and that I needed to 'go back'.”"
John G Probable NDE 2624,nderf,data\nderf\00855_john-g-probable-nde-2624.json,2,implied,no,not_mentioned,not_mentioned,implied,not_mentioned,not_mentioned,not_mentioned,no,not_mentioned,,"“I just remember the scene from the ceiling of room, and the understanding of all the people in the room.”"
Jeff F,nderf,data\nderf\33145_jeff-f.json,2,implied,not_mentioned,not_mentioned,not_mentioned,implied,not_mentioned,no,earthly_mission,yes_explicit,no,“You must go back immediately; you have much more to do.” Also: spread love/positivity and make a positive difference.,"“If this is actually a heart attack, I am ready to go. My soul is tired and I am ready to leave this crazy world.” / “Do not step any further” / “You must go back immediately; you have much more to do” / “Physical life is precious and crucial to the universe” / “Love is the most powerful force in the universe” / Doctor: “Do you trust me?” Experiencer: “I have no choice.”"
Marsha NDE 2638,nderf,data\nderf\00863_marsha-nde-2638.json,2,yes_explicit,yes_explicit,not_mentioned,not_mentioned,not_mentioned,not_mentioned,no,not_mentioned,no,not_mentioned,,"“I was seeing my life in reverse, going back to the womb and then it was like a star-burst, a sensation of being almost in space.”"
Raimondo NDE 13173,nderf,data\nderf\05540_raimondo-nde-13173.json,2,yes_explicit,not_mentioned,not_mentioned,spiritual_realm,not_mentioned,not_mentioned,not_mentioned,not_your_time,no,not_mentioned,,"“Raimondo, turn back; it is not your time.”; “I was in His home, in His kingdom, the ‘Paradise’ of our Lord, Father of us all.”"
Jason D NDE 13181,nderf,data\nderf\05544_jason-d-nde-13181.json,2,yes_explicit,no,not_mentioned,not_mentioned,yes_explicit,not_mentioned,no,not_mentioned,no,no,,"“catapulted down and out of my body into what seemed like a cold, dark well”; “I heard terrible screams, along with horrible, hellish sounds”; “they telepathically communicated to me that I belonged with them there”; “I was rocketed back into my body.”"
Ch NDE 91,nderf,data\nderf\10048_ch-nde-91.json,2,no,no,not_mentioned,spiritual_realm,yes_explicit,not_mentioned,no,not_your_time,no,no,,"""come you guys we're losing her we're losing her,""; ""go forward because there were much better things in store for me""; ""I didn't need a name where I was going""; ""once I floated out of the tunnel, I couldn't go back""; ""it felt as though a suction pulled me back down into my body""."
Alexa H NDE 76,nderf,data\nderf\10050_alexa-h-nde-76.json,2,no,no,not_mentioned,spiritual_realm,yes_explicit,not_mentioned,no,not_your_time,implied,no,"After the NDE she 'knew I was to raise my children to be Christians, strong ones.'","""Oh Jesus, I hope you’re everything I’ve been worshipping all these years! ... God I give You my Soul…""; ""I can’t find a pulse""; ""Where’s the Crash cart?""; ""IS SHE COVERED BY THE BLOOD OF THE LAMB?""; ""IS IT HER TIME? NO!!!""; ""I WANT TO GO BACK…BACK""; nurse: ""Welcome home"" / ""We lost you there for a while."""
David H NDE 145,nderf,data\nderf\10059_david-h-nde.json,2,no,no,not_mentioned,spiritual_realm,implied,not_mentioned,no,not_your_time,implied,no,Told: 'go off and be a good lad for there is much more for you to learn.',"""Go, I did - very very fast. All of my life's record played back from my birth until my death.""; ""So beautiful was his light, words cannot express.""; ""Please Lord, can I stay?"" / ""Hush, He would say, your time on earth has not been completed.""; ""WHAM!!! I am in my body again"""
Jennifer B NDE,nderf,data\nderf\13000_jennifer-b-nde.json,2,yes_explicit,not_mentioned,not_mentioned,not_mentioned,yes_explicit,not_mentioned,not_mentioned,not_mentioned,not_mentioned,no,,"“Michael’s energy force pulled me out of my body and car.” / “I instantly realized Michael had taken me out of my body long before the crash even took place.” / “There was no emotion, thought, or separation. Telepathic knowing took the place of spoken language. I was unified with everything, everywhere, and completely immersed in love.” / “The light inside was so bright and blinding, it appeared black.” / “Nay. Stand, stand. All are equal.”"
Jesse N NDE 2809,nderf,data\nderf\00956_jesse-n-nde-2809.json,2,not_mentioned,not_mentioned,not_mentioned,spiritual_realm,implied,not_mentioned,not_mentioned,other,not_mentioned,not_mentioned,,"""HOME! That was HOME!""; ""Time doesn't exist!""; ""the physical one resembled a black and white movie"""
Amanda G NDE 9395,nderf,data\nderf\05036_amanda-g-nde-9395.json,2,yes_explicit,no,not_mentioned,not_mentioned,yes_explicit,not_mentioned,no,family_responsibility,no,not_mentioned,,"“My spirit or soul was relaxed and without distress.”; “the body is simply a vessel for this spirit - nothing more.”; “White robed Male floated out of the light and beckoned me.”; “No, my husband and baby need me.”; “I literally lie down and re-enter my body.”"
Mimi D NDE 9417,nderf,data\nderf\05050_mimi-d-nde-9417.json,2,yes_explicit,not_mentioned,not_mentioned,not_mentioned,yes_explicit,not_mentioned,not_mentioned,not_your_time,yes_explicit,no,Returned because it 'wasn't my time yet' and the experiencer 'still had a job to do to help others'; later reports the story helped others.,“We’ve lost her!” / “She’s back!” / “I was with my mum.” / “It was like hovering in a cloud of white light.” / “It was like knowing; like being part of everything.”
Franklin R NDE 9433,nderf,data\nderf\05065_franklin-r-nde-9433.json,2,yes_explicit,not_mentioned,not_mentioned,not_mentioned,yes_explicit,not_mentioned,no,not_mentioned,no,not_mentioned,,“He told me he would give me this language to remember this event as I would never believe it after I woke up.”
Dilara Probable NDE 9173,nderf,data\nderf\04901_dilara-probable-nde-9173.json,2,implied,not_mentioned,not_mentioned,not_mentioned,yes_explicit,not_mentioned,not_mentioned,other,no,no,,"“I was there and not there at the same time.”; “Then I was in complete blackness.”; “I had no form or weight, where the rules of physics were not applying to me.”; “I felt completely accepted and embraced.”; “I knew if I chose to go, there would be no coming back.”; “It was like something was telling me that ‘it was all fine.’”"
Niels W NDE 9193,nderf,data\nderf\04911_niels-w-nde-9193.json,2,yes_explicit,not_mentioned,not_mentioned,not_mentioned,yes_explicit,not_mentioned,no,family_responsibility,no,no,,"""I was then suddenly rocketed out of my body and I could see myself on the surgery table.""; ""Well I guess this is it, good-bye body.""; ""Who are you?"" / ""Who do you want me to be?""; ""Usually people wait until their actual death to choose their reincarnation.""; ""Not yet.""; ""I saw an angel!""; ""No contact whatsoever"""
Rebekah M NDE 9213,nderf,data\nderf\04925_rebekah-m-nde-9213.json,2,yes_explicit,not_mentioned,not_mentioned,not_mentioned,yes_explicit,not_mentioned,not_mentioned,family_responsibility,no,not_mentioned,,'Am I dying?'
Anne L NDE 9215/9293,nderf,data\nderf\04926_anne-l-nde-9215-9293.json,2,no,not_mentioned,not_mentioned,spiritual_realm,yes_explicit,not_mentioned,not_mentioned,earthly_mission,implied,no,"Felt/decided she ""still has to have my son"" and raise him; also ""I have a lot of work to do"" on earth (later interpreted as spiritual work and comforting others).","""NOTHING I SAW WAS EVER ALARMING OR FRIGHTENING.""; ""Everything went pitch black. The darkest, dark ever.""; ""home""; ""Do you want to stay? or do you want to go?""; ""Your life will always be a struggle.""; ""There are choices you can make that can cost you your soul""; ""I have a lot of work to do""; ""SLAMMED"" back into my body."
"Archive through December 19, 2002 - Anonymous (Thursday, December 19, 2002 - 04:17 pm)",iands,data\iands\archive-through-december-19-2002-001.json,2,no,no,not_mentioned,spiritual_realm,implied,not_mentioned,no,not_your_time,no,no,,"""It’s not your time, it just isn't your time""; ""did you see the light""; ""why does she get to go!"""
"Archive through April 10, 2003 - Anonymous (Monday, March 3, 2003 - 06:59 pm)",iands,data\iands\archive-through-april-10-2003-011.json,2,not_mentioned,not_mentioned,not_mentioned,spiritual_realm,implied,not_mentioned,not_mentioned,not_mentioned,not_mentioned,not_mentioned,,"""a room with no dimensions, but filled with the beautiful light that has no source""; ""I was in a place that I knew from before. It was like going home.""; ""what the hell happened, I must have died.""; ""When I came back, it was painful I felt the gravity, the wet coldness of the tile floor, the slowdown of the vibration"""
"Archive through April 6, 2004 - Anonymous (Thursday, April 1, 2004 - 08:46 pm)",iands,data\iands\archive-through-april-6-2004-006.json,2,no,no,not_mentioned,spiritual_realm,yes_explicit,not_mentioned,no,no_reason_given,no,no,,"""My next sight was of me laying on the gurney, only I was 30 to 40 feet above looking down.""; ""a hole in a black background, a very bright white hole""; ""many times brighter than the sun, but it was relaxing.""; ""I saw her hit me WITH BOTH EYES!""; ""I have no fear of death""."
Meridian J,nderf,data\nderf\33052_meridian-j.json,2,no,no,not_mentioned,spiritual_realm,implied,not_mentioned,no,no_reason_given,not_mentioned,no,,"“I watched my body shut down from the inside like switches on a control panel.” / “My awareness became larger than the farm itself.” / “My arrival to the other side was punctuated by vast reaches of arms and hands… welcoming me home.” / “I was without form but dissolved into formless everything-ness.” / “Ever since my near-death experience, it was as if my soul was just barely buckled back into my body.” / “Divine homesickness.”"
"Archive through December 19, 2002 - Anonymous (Sunday, December 8, 2002 - 12:45 pm)",iands,data\iands\archive-through-december-19-2002-004.json,2,no,no,not_mentioned,spiritual_realm,implied,not_mentioned,not_mentioned,not_your_time,no,no,,"""I was there much too soon and that I should go back, but he would see me in awhile.""; ""I'm no longer afraid of death.""; ""That Great City in the Sky""."
Kevin C Probable NDEs 13184 NDE 13184,nderf,data\nderf\05548_kevin-c-probable-ndes-13184-nde-13184.json,2,yes_explicit,no,not_mentioned,spiritual_realm,not_mentioned,not_mentioned,no,not_your_time,yes_explicit,no,Felt he had to stay on earth due to unfinished business and to help/take care of his family.,"'Not yet.'; 'That's it, let's go.'; 'Earth is not our home.'; 'This is the part that cannot be described, other than sheer bliss.'"
Janna W NDE 13192,nderf,data\nderf\05553_janna-w-nde-13192.json,2,not_mentioned,not_mentioned,not_mentioned,spiritual_realm,implied,not_mentioned,not_mentioned,earthly_mission,yes_explicit,no,Told telepathically it was not her time and she was to go back and figure out how to use her gift with others; later frames this as sharing the light/message of love and helping others not fear death.,"“Then, things changed and it seemed like my whole short life was quickly flashed before me like a movie reel.”; “An intensely bright, warm light enveloped me. It felt like the most tranquil home full of love and I did not want to leave.”; “A voice in my head, like telepathy, told me that it was not my time. I was to go back and figure out how to use my gift with others.”"
Luis H Probable NDE 13198,nderf,data\nderf\05558_luis-h-probable-nde-13198.json,2,yes_explicit,not_mentioned,not_mentioned,not_mentioned,yes_explicit,not_mentioned,not_mentioned,family_responsibility,implied,not_mentioned,Final instruction emphasized love: “Love is the only thing that’s real.”,"“Relax and let go. All is well.” / “Yes, this is part of what humans call heaven.” / “God is everywhere, all the time, and in everything.” / “You can be a religious person if you like, but you don’t have to be because religion is of man, not of God.” / “I heard you asking for me. So here I am. I’ve always been here with you. And you have always been here with me.” / “Remember, all that truly matters is Love, Love is the only thing that’s real.”"
Caitlin O NDE 13206,nderf,data\nderf\05565_caitlin-o-nde-13206.json,2,yes_explicit,not_mentioned,not_mentioned,not_mentioned,yes_explicit,not_mentioned,not_mentioned,not_mentioned,no,not_mentioned,,"“After being hit in the head the first time, I felt as though I had slipped out of my body and shot 30 feet in the air.” “I watched from above the street light as he beat me for 10 more minutes.” “This is unfortunate that this had to happened.” “We are souls with personalities and not our bodies.” “Love is the blank canvas underneath all things.”"
10 Day Coma - Sees Grandfather,iands,data\iands\10-day-coma-sees-grandfather.json,1,not_mentioned,not_mentioned,not_mentioned,not_mentioned,yes_explicit,not_mentioned,not_mentioned,family_responsibility,yes_explicit,not_mentioned,Grandfather said it was not her time and she needed to go back to help her dad because 'he was going to need me.',"He told me ""No,"" and that it wasn't my time. He needed me to go back to help my dad, because he was going to need me."
Rabia Malek,nderf,data\nderf\33004_rabia-malek.json,1,no,no,not_mentioned,not_mentioned,yes_explicit,not_mentioned,no,not_mentioned,implied,no,"A tall feminine presence said: 'She is my daughter, take care of her.'","""Don’t be afraid of the truck. It’s still far away. Look closely at this light—it’s here to protect you.""; ""Don’t fall asleep, don’t close your eyes.""; ""Help the young girl, she’s drowning.""; ""Make way, the Lord is coming. Step aside and clear the path.""; ""Now, you have grace.""; ""Get up and follow the hand of the Lord Jesus.""; ""Hold my hand tightly and always keep looking straight ahead.""; ""Now is when the show begins.""; ""She is my daughter, take care of her.""; ""Remember, I am everywhere."""
Carolyn H ADC,nderf,data\nderf\13226_carolyn-h-adc.json,1,not_mentioned,not_mentioned,not_mentioned,not_mentioned,implied,not_mentioned,not_mentioned,not_your_time,no,not_mentioned,,"“I woke up out of my body. I was floating on the ceiling and looking down on myself sleeping.” / “There was a roaring sound and a lot of turbulence.” / “I am following Grandma out of this world. No, I am too young to do this. It is not my time yet, I have to go back.”"
Sally L NDE,nderf,data\nderf\13214_sally-l-nde.json,1,no,no,not_mentioned,not_mentioned,implied,none,no,earthly_mission,yes_explicit,no,It was explained that she had been taking her gift of life for granted and that she has a purpose on earth; reminded of free will; warned it was her last chance.,"“Don't bite my finger.”; “I had one foot in the hospital room, but was taken through something like a portal.”; “I was warned that I can't mess it up because this is my last chance.”"
Thea B NDE,nderf,data\nderf\13199_thea-b-nde.json,1,no,no,not_mentioned,not_mentioned,yes_explicit,not_mentioned,no,not_your_time,implied,no,"She interpreted the experience as meant to reassure her that her mother did not suffer and would be at peace, and advised others: ""Believe. Do good. Open your heart to others.""","“At one point, I had this wave of all earthly stresses wash away. Then I had the most overwhelming feeling of love that I have ever felt. Words cannot express this.” / “The light was extremely bright but didn’t hurt my eyes. It was comforting.” / “I knew I had to turn away because it wasn’t my time to go.” / “remember that the other side is real. We do exist outside of this life.”"
"Archive through August 20, 2004 - Anonymous (Thursday, July 8, 2004 - 09:31 pm)",iands,data\iands\archive-through-august-20-2004-014.json,1,not_mentioned,not_mentioned,not_mentioned,not_mentioned,implied,not_mentioned,not_mentioned,not_mentioned,not_mentioned,not_mentioned,,“there was a swooshing sound and I ( the thinking ego I) WAS LIFTED UP TO THE CEILING my body remaining in the chair.”
"Archive through August 20, 2004 - Anonymous (Thursday, July 8, 2004 - 09:32 pm)",iands,data\iands\archive-through-august-20-2004-013.json,1,not_mentioned,not_mentioned,not_mentioned,spiritual_realm,not_mentioned,not_mentioned,not_mentioned,other,yes_explicit,no,"""return and learn about life.""","""return and learn about life.""; ""snapped"" back into a body I never again wanted to inhabit; ""the true 'Heaven.'"""
"Archive through August 20, 2004 - Anonymous (Thursday, July 8, 2004 - 09:33 pm)",iands,data\iands\archive-through-august-20-2004-012.json,1,no,no,not_mentioned,not_mentioned,implied,not_mentioned,no,no_reason_given,no,no,,"""OK, I understand, I can go back now.""; ""love"" connects all; ""I have absolutely NO fear of dying."""
"Archive through August 20, 2004 - Anonymous (Thursday, July 8, 2004 - 09:35 pm)",iands,data\iands\archive-through-august-20-2004-010.json,1,not_mentioned,not_mentioned,not_mentioned,not_mentioned,implied,not_mentioned,not_mentioned,no_reason_given,not_mentioned,not_mentioned,,"“I felt my spirit leave my body.” “I felt as though I was traveling through a tunnel and I was surrounded by the most beautiful colors, some of which I hadn't ever seen before.” “I was overcome with the feeling of a most beautiful love and acceptance.” “Suddenly I was thrust back into my body with such force...” “These experiences are peaceful and I am never afraid.”"
"Archive through August 20, 2004 - Anonymous (Thursday, July 8, 2004 - 09:37 pm)",iands,data\iands\archive-through-august-20-2004-009.json,1,no,no,not_mentioned,not_mentioned,implied,not_mentioned,no,no_reason_given,not_mentioned,no,,"""do not be afraid.""; ""I call it One.""; ""I screamed 'Padre', in English 'Father.'""; ""Glenda I think that I died.""; ""opaque not bright"""
"Archive through August 20, 2004 - Anonymous (Friday, August 20, 2004 - 08:17 pm)",iands,data\iands\archive-through-august-20-2004-005.json,1,not_mentioned,not_mentioned,not_mentioned,not_mentioned,implied,not_mentioned,no,not_your_time,no,no,,"""he's not going to make it.""; ""OK buddy it’s in your hands now.""; ""F--k you I am not going to die.""; ""I was now a translucent shadow... made of energy, power, and strength."""
"Archive through August 11, 2003 - Anonymous (Wednesday, June 4, 2003 - 09:07 am)",iands,data\iands\archive-through-august-11-2003-025.json,1,not_mentioned,implied,not_mentioned,not_mentioned,not_mentioned,not_mentioned,not_mentioned,not_mentioned,not_mentioned,not_mentioned,,"""At last.""; ""emerging from an eternity of black nothingness.""; ""A kind of re-experience!"""
"Archive through August 11, 2003 - Anonymous (Saturday, July 5, 2003 - 06:40 pm)",iands,data\iands\archive-through-august-11-2003-018.json,1,not_mentioned,not_mentioned,not_mentioned,spiritual_realm,not_mentioned,not_mentioned,not_mentioned,not_mentioned,not_mentioned,not_mentioned,,“I remember looking down from a place up above and seeing myself on the operating table.”
"Archive through August 11, 2003 - Anonymous (Wednesday, July 9, 2003 - 02:16 pm)",iands,data\iands\archive-through-august-11-2003-013.json,1,no,no,not_mentioned,not_mentioned,yes_explicit,not_mentioned,no,not_mentioned,not_mentioned,no,,"""Wow, I just stopped breathing!""; ""If go through that door, I will never get back to my body!""; ""Jesus, help me!""; ""Oh, my God! I'm falling downward, I must be going to hell!""; ""Oh, my God, they were trying to kill me!""; ""I feel at one with the universe""; ""I know that we are here to learn and to love."""
"Archive through August 11, 2003 - Anonymous (Wednesday, July 16, 2003 - 05:41 pm)",iands,data\iands\archive-through-august-11-2003-006.json,1,not_mentioned,not_mentioned,not_mentioned,spiritual_realm,not_mentioned,not_mentioned,not_mentioned,no_reason_given,not_mentioned,not_mentioned,,"“I found myself in a beautiful green peaceful landscape, with many flowers and running waters, everything had very intense colouring.” “I was surrounded by many transparent creatures (spirits?).” “I didn't want to leave because I felt so good, like I was bathed in love and like I was belonging there.”"
"Archive through April 6, 2004 - Anonymous (Tuesday, March 30, 2004 - 09:39 pm)",iands,data\iands\archive-through-april-6-2004-024.json,1,not_mentioned,not_mentioned,not_mentioned,not_mentioned,implied,not_mentioned,not_mentioned,not_mentioned,not_mentioned,not_mentioned,,“I was in the most beautiful place I have ever seen.” “I was never afraid because I ‘felt’ a ‘presence’ always nearby to offer comfort…” “I realized that I was not supposed to relay this information to anyone else… No voices spoke it to me but my ‘soul’ understood.” “It has been three years since this happened… I believe what happened to me has gone beyond the boundaries of my religion…”
"Archive through April 6, 2004 - Anonymous (Tuesday, March 30, 2004 - 09:53 pm)",iands,data\iands\archive-through-april-6-2004-020.json,1,no,no,not_mentioned,not_mentioned,implied,not_mentioned,no,not_your_time,no,no,,"""Then in the next instant, I was up in the right hand corner of the room, watching them work on ME!""; ""She said that something had happened and I shouldn't have been there""; ""She said I wasn't finished yet.""; ""Go on, now."""
Celeste Y NDE 2621,nderf,data\nderf\00854_celeste-y-nde-2621.json,1,not_mentioned,not_mentioned,not_mentioned,not_mentioned,implied,not_mentioned,not_mentioned,other,implied,no,"She believes she was sent back because she had a purpose: to help people (e.g., answering 911 calls) and to share her experience so others know there is something beyond this world.","“Suddenly, I was removed from my body. I found myself standing on the street corner holding my deceased grandmother's hand and watching myself in the car as the accident happened.”"
Carol W NDE 2618,nderf,data\nderf\00853_carol-w-nde-2618.json,1,no,no,not_mentioned,spiritual_realm,not_mentioned,not_mentioned,no,family_responsibility,no,no,,"“shot out of my body like a roaring train straight up”; “What is your answer?”; “dead on arrival”; “a barrier of lace… on the other side, it was so warm and bright.”"
Marci S NDE 2604,nderf,data\nderf\00844_marci-s-nde-2604.json,1,not_mentioned,not_mentioned,not_mentioned,spiritual_realm,not_mentioned,not_mentioned,no,family_responsibility,no,not_mentioned,,"My dad said to me, 'Marci, breathe. 'Breathe Marci!'"
Chuck B NDE 2603,nderf,data\nderf\00843_chuck-b-nde-2603.json,1,not_mentioned,not_mentioned,not_mentioned,spiritual_realm,not_mentioned,not_mentioned,not_mentioned,not_your_time,not_mentioned,not_mentioned,,"""Like floating in a drain pipe toward a bright, white light.""; ""I recognized this place as home""; ""being on Earth was a mission""; ""Wham! I was suddenly back in the cold, ocean water."""
Montreal Q NDE 2597,nderf,data\nderf\00840_montreal-q-nde-2597.json,1,no,no,not_mentioned,not_mentioned,implied,not_mentioned,no,not_your_time,no,no,,“Suddenly my recently deceased father (nine months before) appeared and told me it's not my time and I have to go back.”
Traci P FDE 2592 NDE 2592,nderf,data\nderf\00839_traci-p-fde-2592-nde-2592.json,1,no,no,not_mentioned,not_mentioned,yes_explicit,not_mentioned,no,no_reason_given,no,no,,"""I was slammed out of my body. It was instant and it was real."" / ""standing in what seemed to be a circular room with MASSIVE movie screens at a complete 360 degree view."" / ""judgment of my life was up to me. There would be no retribution."""
Tristan Z NDE 2589,nderf,data\nderf\00838_tristan-z-nde-2589.json,1,no,no,not_mentioned,not_mentioned,yes_explicit,not_mentioned,no,not_mentioned,no,no,,"""Don't bite me, you'd better not bite me.""; ""What were the red pills. You have to tell me what the red pills are!""; ""Don't worry, you're not going to die.""; ""Hmm, this is interesting. Like watching a movie.""; ""There was no time.""; ""It was just as real as putting your hand in a fire."""
Arthur W NDE 2576/22781 NDE 22781,nderf,data\nderf\00830_arthur-w-nde-2576-22781-nde-22781.json,1,no,no,not_mentioned,not_mentioned,implied,not_mentioned,no,not_your_time,implied,no,"Learned/affirmed that God is real and cares; ""He has definite plans for each of us.""","""Please Dear God, No! Not Now!""; ""floating above the scene""; ""It passed through us."""
David Se NDE 2575,nderf,data\nderf\00829_david-se-nde-2575.json,1,no,no,not_mentioned,not_mentioned,yes_explicit,not_mentioned,no,not_your_time,no,no,,“I watched the whole thing from the side walk and can remember thanking God that it became stuck and did not take my life.”
Carmen B NDE 2574,nderf,data\nderf\00828_carmen-b-nde-2574.json,1,no,no,not_mentioned,not_mentioned,yes_explicit,none,no,no_reason_given,no,no,,"“Past flashed before me, out of my control.” “A conscious decision to 'return' to life.” “One hundred percent reality.” “When I go back and think of my experience I long for the feelings I experienced and want them in my life here.”"
Christine E NDE 2569,nderf,data\nderf\00825_christine-e-nde-2569.json,1,no,no,not_mentioned,not_mentioned,implied,not_mentioned,no,family_responsibility,no,no,,"""So this is the valley of the shadow...""; ""more real than real""; ""fold"" into myself; ""still small voice""."
Martine T,nderf,data\nderf\33111_martine-t.json,1,no,no,not_mentioned,not_mentioned,yes_explicit,not_mentioned,no,family_responsibility,implied,no,"A voice she identified as God said: ""Martine, yesterday you fought the devil, that is good. Thanks to you, tomorrow the hostages will be released."" She understood this as encouragement and that choosing good triggers wider positive effects.","""At that moment, I felt myself leave my body, projected against the ceiling of the room, but without seeing anything at all. Total blackness.""; ""A man and a woman told me that if I went with them, I would no longer be in pain...""; ""They are more numerous than us. Next time.""; ""Martine, yesterday you fought the devil, that is good. Thanks to you, tomorrow the hostages will be released."""
Harry P STE,nderf,data\nderf\33106_harry-p-ste.json,1,not_mentioned,not_mentioned,not_mentioned,spiritual_realm,not_mentioned,not_mentioned,not_mentioned,not_your_time,no,no,,“You should not be here”. “it’s not my time”. “she has to leave but would return for me some day.” “hold me”. “you have a piece of me in you”. “I am always by your side. I will never leave you”.
Peter W,nderf,data\nderf\33083_peter-w.json,1,no,no,not_mentioned,not_mentioned,implied,not_mentioned,no,family_responsibility,not_mentioned,no,,"""Daddy, get up."" ""Is your answer One or Six?"" ""My answer is One, but not for you. For both of you. I will not condemn either parent."" ""You are correct. Congratulations. You are Judgement."" ""As above, so below."" ""IXTHOS."""
Miray E,nderf,data\nderf\33081_miray-e.json,1,no,no,not_mentioned,not_mentioned,implied,not_mentioned,no,not_your_time,no,no,,"""It is not your time yet."""
Claude O,nderf,data\nderf\33074_claude-o.json,1,not_mentioned,not_mentioned,not_mentioned,spiritual_realm,not_mentioned,not_mentioned,not_mentioned,not_your_time,no,not_mentioned,,"""So this is what it's like to die.""; ""I'm home. I'm finally home.""; ""Regardless of what anyone says, I know it was real because I was there."""
David M NDE 2743,nderf,data\nderf\00920_david-m-nde-2743.json,1,no,no,not_mentioned,not_mentioned,yes_explicit,none,no,family_responsibility,no,no,,"Doctor during surgery: 'Just a minute, I found another one.' Jesus/light: 'you believe because you saw, blessed are they who believe and have not seen.'"
Karyn T NDE 21278,nderf,data\nderf\00919_karyn-t-nde-21278.json,1,no,no,not_mentioned,not_mentioned,implied,not_mentioned,no,family_responsibility,no,no,,"“Karyn, come back to us. Come on, you have a baby to deliver here.” / “go back.” / “as if a ripcord had been pulled and I zoomed directly back into my body.” / “I thought you were gone.”"
Timothy T NDE 2735,nderf,data\nderf\00913_timothy-t-nde-2735.json,1,not_mentioned,not_mentioned,not_mentioned,spiritual_realm,not_mentioned,not_mentioned,not_mentioned,not_your_time,no,no,,'It's okay. We are going home.'; 'It's Not My Time Yet!'
Jedraine C NDE 2733,nderf,data\nderf\00912_jedraine-c-nde-2733.json,1,no,no,not_mentioned,not_mentioned,implied,none,no,earthly_mission,yes_explicit,no,"Jesus told him: 'You will return, and you will show others the way. You will spread the love of God.' Deceased relatives pointed to the 'ground', indicating he must return.","'Jesus loves me!!! The power of God will kill you all, Jesus save me!!' / 'There is no fucking God you pathetic ugly bastard!' / 'You are worthy child, rise.' / 'You will return, and you will show others the way. You will spread the love of God.'"
Gia P NDE 21272,nderf,data\nderf\00904_gia-p-nde-21272.json,1,no,no,not_mentioned,not_mentioned,implied,none,no,other,no,no,,“I looked up and noticed something like a curtain coming down… textured air; translucent woven air.” / “I suddenly felt like the me that was Gia was now someone else watching Gia pass out…” / “The veil of air lifted just as it had earlier lowered; slowly and like a stage curtain…”
Louise NDE 2703,nderf,data\nderf\00900_louise-nde-2703.json,1,not_mentioned,not_mentioned,not_mentioned,spiritual_realm,not_mentioned,not_mentioned,not_mentioned,family_responsibility,no,not_mentioned,,"“My babies, my babies, please God, my babies need me.”"
Peter J NDE 2699,nderf,data\nderf\00899_peter-j-nde-2699.json,1,no,no,not_mentioned,not_mentioned,yes_explicit,none,no,other,no,no,,“The tunnel had a part that conducts you to the CELESTIAL LIGHT and another one that conducts you to the Absolute Darkness.”
Louise B NDE 2684,nderf,data\nderf\00890_louise-b-nde-2684.json,1,no,no,not_mentioned,not_mentioned,yes_explicit,none,no,family_responsibility,yes_explicit,no,"“If I'm here, that's because I have a mission to complete… I had to have another child born… (physiotherapist)… work with people grappling with death.”","“I see myself above my body… overcome by a feeling of fullness… The real peace.” / “I can accurately tell what they wore and where they were around my bed… facts I could check with them afterwards.” / “It is much too small for me… as if I were putting kid nightclothes on. It is painful.” / “I don't believe in God, I know God exists.”"
Miguel NDE 2667,nderf,data\nderf\00888_miguel-nde-2667.json,1,no,no,not_mentioned,spiritual_realm,not_mentioned,not_mentioned,no,no_reason_given,no,no,,"""very sharply focused and clear movie in Technicolor""; ""I certainly didn't want to return here. I thought that was my real life, not this one on earth.""; ""You passed out."""
Lennie B NDE 2664,nderf,data\nderf\00884_lennie-b-nde-2664.json,1,no,no,not_mentioned,not_mentioned,implied,none,no,earthly_mission,implied,no,,"""Lennie come back, Lennie, Lennie come back stay here. You are needed here come back and stay."""
Brian H NDE 2663/8493,nderf,data\nderf\00877_brian-h-nde-2663-8493.json,1,no,not_mentioned,not_mentioned,not_mentioned,yes_explicit,not_mentioned,not_mentioned,not_your_time,implied,not_mentioned,"Told, ""It's not your time. You have much to do.""","""BRIAN, please stay here with me because if you go back you are going to see and feel things you don't wanna see or feel.""; ""Heaven. Well, your version of it.""; ""Yes you are, but you can't stay here. You got to go back.""; ""It's not your time. You have much to do.""; ""BAM, I was back in my body in the emergency room..."""
Denny B NDE/ADC 31028 NDE 31028,nderf,data\nderf\00873_denny-b-nde-adc-31028-nde-31028.json,1,not_mentioned,not_mentioned,not_mentioned,not_mentioned,implied,not_mentioned,not_mentioned,other,implied,no,He stated he wanted to return and 'complete my mission' and to serve the greater good by being alive on Earth.,"“You have free will, and the choice to stay or return to earth is yours.” / “For these reasons I would like to return and complete my mission.”"
James B NDE 2648,nderf,data\nderf\00868_james-b-nde-2648.json,1,not_mentioned,not_mentioned,not_mentioned,not_mentioned,implied,not_mentioned,not_mentioned,no_reason_given,not_mentioned,not_mentioned,,“I finally realized I wasn't in my body.”; “Just as fast as they could they zapped me and boom I was back.”; “The first thing I said to my wife and kids was forgive me for what I was.”
Victor M NDE 2639,nderf,data\nderf\00864_victor-m-nde-2639.json,1,no,no,not_mentioned,not_mentioned,implied,not_mentioned,no,no_reason_given,no,no,,"""This is wrong. I'm in the wrong place. Someone has made a mistake.""; ""I've never had one that far gone come back."""
Sherry W NDE 2637,nderf,data\nderf\00862_sherry-w-nde-2637.json,1,no,no,not_mentioned,not_mentioned,yes_explicit,not_mentioned,no,family_responsibility,no,no,,"“This light was love, life, and serenity…”; “You could feel what you needed to know, and what was being communicated to you. It was with feelings, not words.”; “I had a six month old baby I couldn't leave.”"
Kristin D NDE 2628,nderf,data\nderf\00856_kristin-d-nde-2628.json,1,not_mentioned,not_mentioned,not_mentioned,not_mentioned,implied,not_mentioned,not_mentioned,earthly_mission,yes_explicit,no,"Told nonverbally she needed to go back and ""spread the news that heaven does exist and that the teachings of Jesus were real""; to be ""a messenger of good faith"".","""The first level was a dark, cold, clammy, and very loud vortex that pulled me down leaving me feeling very exposed.""; ""Once I entered that light is where I became separated from my body.""; ""I was complete (void from any one emotion). Time and space no longer had any meaning.""; ""This is heaven, it does exist but I needed to go back and spread the news that heaven does exist and that the teachings of Jesus were real."""
Kent M Probable NDE 2513,nderf,data\nderf\00794_kent-m-probable-nde-2513.json,1,not_mentioned,not_mentioned,not_mentioned,not_mentioned,yes_explicit,not_mentioned,not_mentioned,not_mentioned,implied,not_mentioned,"Felt the core 'rules' were to help/love one another, not hurt each other (especially emotionally), and to lift/take away each other's burdens; ""My purpose is you""; ""we are here to grow our souls.""","""I can't screw up because she isn't here to help me.""; ""I'm not afraid to die anymore,""; ""My purpose is you""; ""we are here to grow our souls"""
Mikel R NDE 2509,nderf,data\nderf\00791_mikel-r-nde-2509.json,1,no,no,not_mentioned,spiritual_realm,not_mentioned,not_mentioned,no,family_responsibility,no,no,,"“No tunnel or white light, but clearly out of my body looking at the nurse over me, with a resuscitation bag.” “It was the most peaceful I have ever felt in my life.” “There was unconditional/nonjudgmental love there.” “I want to live.” “Once I told my parents I wanted to go back, there was a white, bright fog, then my parents were gone and Jesus was there.” “He even said that we were capable of performing ‘these things and more...’”"
Charlie D NDE 2506,nderf,data\nderf\00789_charlie-d-nde-2506.json,1,no,no,not_mentioned,not_mentioned,yes_explicit,not_mentioned,no,no_reason_given,not_mentioned,no,,"“Go to sleep now,” and he “felt” the atoms of his body “buzzing and vibrating” while hearing something like a metal trash can struck by a “million volts of electricity.”"
Lutz JH NDE 2504,nderf,data\nderf\00788_lutz-jh-nde-2504.json,1,no,no,not_mentioned,spiritual_realm,not_mentioned,none,no,earthly_mission,yes_explicit,no,"Told by the ""beautiful lady"" (identified as Mother Mary) that she ""had something to do"" and ""had to go back and finish something."" Afterward she reported being ""more able to give comfort to a lot of people"" and ""able to heal simple discomforts"" for family/close friends.","""Mama, I'm here!!!"" / ""Follow me."" / ""She is staying here now. She's done and she's back home."" / ""No, she isn't done yet. She has to go back."" / ""This is my real home."""
John F NDE 2501,nderf,data\nderf\00785_john-f-nde-2501.json,1,no,no,not_mentioned,not_mentioned,yes_explicit,none,no,other,implied,no,"Stated purpose after returning: ""to help others""; later became a mental health professional.","“I could see, and saw my body in the car.” “I could not speak, could not hear… just see and felt void.” “I saw a light shining… I was moving towards it, until I just stopped.” “A barrier I was not permitted to cross; or 'sent back' to life involuntarily.”"
Lidia G NDE 21144,nderf,data\nderf\00783_lidia-g-nde-21144.json,1,no,no,not_mentioned,not_mentioned,implied,not_mentioned,no,family_responsibility,no,no,,"“In the next instant, I was positioned behind my dad, looking at myself slumped against the door.” “It was of tranquil peace surrounded by love.” “The loving and weightless feeling is just incommunicable in any words known to man.” “I was faceless, yet I smiled at her and tried to express that I'm ok.” “I felt like I was carrying two sacks of sand on each shoulder.” “My soul exited my body and for the first time in my lifetime was totally unrestrained and free.”"
Gloria T Probable NDE 2492,nderf,data\nderf\00773_gloria-t-probable-nde-2492.json,1,not_mentioned,not_mentioned,not_mentioned,not_mentioned,implied,not_mentioned,not_mentioned,family_responsibility,yes_explicit,no,Felt she must be a messenger by writing a book/story about ADEM; also to finish raising her kids and grow old with her husband.,“walking down a long what appeared to be an arbor covered in a swirling white light.” “Their faces were in the clouds.” “they blew me back and I felt that it wasn't my time to go.” “I was drawn backwards back through that tunnel when I heard my son sobbing.” “covered tightly with brilliant lights of white and multi-colored electrical energy.”
P.A. NDE 2846,nderf,data\nderf\00976_p-a-nde-2846.json,1,no,no,not_mentioned,not_mentioned,yes_explicit,none,no,not_mentioned,no,no,,"“I woke and was hovering over my body - everything was very quiet, I was not afraid just stared at myself and thought I was dead.”"
Roberta NDE 2844,nderf,data\nderf\00975_roberta-nde-2844.json,1,not_mentioned,not_mentioned,not_mentioned,not_mentioned,implied,not_mentioned,not_mentioned,not_your_time,no,not_mentioned,,"“I was out of my body, watching myself as I tumbled around and around.” / “an intense ray of light that wrapped itself around me” / “it was not my time” / “our purpose (love)”"
Teresa M NDE 2843,nderf,data\nderf\00974_teresa-m-nde-2843.json,1,not_mentioned,not_mentioned,not_mentioned,not_mentioned,yes_explicit,not_mentioned,not_mentioned,earthly_mission,implied,no,She believed she was sent back to help many children; they are foster parents.,“father do with me as you will I hand my life over to you.”
Andrew S NDE 2829,nderf,data\nderf\00966_andrew-s-nde-2829.json,1,no,no,not_mentioned,not_mentioned,implied,not_mentioned,no,no_reason_given,not_mentioned,not_mentioned,,“I remember feeling an indescribable sense of peace - it was so profound and complete it seemed as if I was swimming in it.”
Michelle R NDE 2797,nderf,data\nderf\00952_michelle-r-nde-2797.json,1,no,no,not_mentioned,not_mentioned,yes_explicit,not_mentioned,no,no_reason_given,no,no,,“Why should I let you in Heaven if you are on drugs?”
Zulaykha NDE 21351,nderf,data\nderf\00951_zulaykha-nde-21351.json,1,no,no,not_mentioned,not_mentioned,implied,not_mentioned,no,no_reason_given,no,no,,"“The whole time I felt an immense sensation of joy beyond description.” “I knew the God existed beyond all doubt. God is the Real, and everything else pales in comparison to his infinity.” “It was imparted to me (not through words) that I must return. I had to obey.”"
Anita E NDE 2772,nderf,data\nderf\00933_anita-e-nde-2772.json,1,no,no,not_mentioned,spiritual_realm,not_mentioned,not_mentioned,no,no_reason_given,not_mentioned,no,,"""Please, God, don't let me die like this!""; ""The Light was everything.""; ""I felt I was 'Home.'""; ""Love above all was the purpose of the Universe and that we are all interconnected."""
Cara M NDE 21310,nderf,data\nderf\00930_cara-m-nde-21310.json,1,no,no,not_mentioned,not_mentioned,implied,not_mentioned,no,not_your_time,no,no,,"“The same sequence kept repeating itself. It was like a tape being replayed repeatedly, followed by a gunshot.”
“Finally, I realized the sound of the gunshot was the sound of my last heartbeat.”
“I was buried in the earth and still bound to my physical body.”
“Everything was only lights, colors, music, and patterns but indescribable in words.”
“I was part of a collective consciousness. The universe and everything in it was connected.”
“‘Oh my. You died. You're really dead. But hey, you’re not supposed to die yet’.”"
Dominique S NDE 2745,nderf,data\nderf\00921_dominique-s-nde-2745.json,1,not_mentioned,not_mentioned,not_mentioned,not_mentioned,implied,not_mentioned,not_mentioned,not_mentioned,no,not_mentioned,,"“I'm not sitting. I'm not standing. I'm not lying down. Nothing on my body touches the ground. How am I existing?”; “It was as if a veil was hanging over the world.”; “It was as if a glass wall was between us.”; “At 2:00 o'clock, you were dead!”; “The second time I died, I did not experience anything except for complete darkness, nothing else. Just darkness.”"
Mathilde M NDE 16006,nderf,data\nderf\00996_mathilde-m-nde-16006.json,1,no,no,not_mentioned,not_mentioned,yes_explicit,not_mentioned,no,family_responsibility,no,no,,"“As soon as I wished to go, I entered into an infinite energy. It was as if I was sucked up by a very bright vortex.” “Time does not exist in this other reality.” “I had no more body, which I had left.” “I immediately felt loved by this Supreme Consciousness.” “Coming back meant suffering, and indeed the return was harsh.”"
Sandi T NDE 16005,nderf,data\nderf\00995_sandi-t-nde-16005.json,1,no,no,not_mentioned,not_mentioned,yes_explicit,not_mentioned,no,not_your_time,not_mentioned,no,,"“my soul left my body”; “shot up into the heavens with a speed unknown to me here on earth”; “vivid reds, oranges, and pinks in clouds and swirls”; “coming into the presence of a Holy energy… this energy was of God”; “passed this energy”; “coming into the 'energy field' of my father”; words to the effect of “not time”; “I have no fear of death and long for the connection in the other world.”"
Oscar T NDE 2876,nderf,data\nderf\00993_oscar-t-nde-2876.json,1,not_mentioned,not_mentioned,not_mentioned,not_mentioned,yes_explicit,not_mentioned,not_mentioned,no_reason_given,not_mentioned,not_mentioned,,"“My vision started to be swallowed by static; it was like seeing a TV station go off air.” / “It was like have 3 x 5 inch pictures drop down in front of me on a table.” / “After I said goodbye, I felt pure happiness. I never have felt that happiness since that time.”"
Kathleen D NDE 2875,nderf,data\nderf\00992_kathleen-d-nde-2875.json,1,not_mentioned,not_mentioned,not_mentioned,not_mentioned,implied,not_mentioned,not_mentioned,family_responsibility,no,no,,"""She must live,"" she said in a soft calming voice. ""She has a son to raise."" Then in a commanding voice, she said, ""You must go back now."""
Mel W Probable NDE 2867,nderf,data\nderf\00990_mel-w-probable-nde-2867.json,1,not_mentioned,not_mentioned,not_mentioned,not_mentioned,yes_explicit,not_mentioned,not_mentioned,earthly_mission,yes_explicit,no,"Told he had a great mission to fulfill and that if he didn't return, nobody else could fulfill it; later interprets his real job as to accept and spread love.","""I will learn the secret meaning of life""; ""But what is the secret meaning of life?"" Answer given as love."
Benny M NDE 2866,nderf,data\nderf\00989_benny-m-nde-2866.json,1,no,no,not_mentioned,not_mentioned,yes_explicit,none,no,not_mentioned,not_mentioned,no,,"“I saw a tunnel from the outside as I was floating in space from several thousand feet above it.”; “I began to see events appearing along the surface of the tunnel, like a million large screen TV's…”; “then I realized very clearly, I had died.”; “But I heard someone calling my name… my direction reversed and I moved again with incredible speed back along the tunnel to its entrance.”"
John D NDE 2857,nderf,data\nderf\00985_john-d-nde-2857.json,1,no,no,not_mentioned,not_mentioned,yes_explicit,none,no,no_reason_given,not_mentioned,no,,"'Please God, no.'; 'Everything seemed to happen at the same time.'; 'It seemed as if the house had no roof'; 'It seemed as if I had complete knowledge of the universe.'; 'I was very angry that I came back.'"
Cathy M NDE 2850,nderf,data\nderf\00978_cathy-m-nde-2850.json,1,not_mentioned,not_mentioned,not_mentioned,not_mentioned,implied,not_mentioned,not_mentioned,family_responsibility,implied,no,"She states she is ""here to help and make a difference in people's lives"" and to bring ""love and peace"" and help others survive.","“All I saw was the light that was holding me over my body. It was peaceful and wonderful!”; “It was as if someone had snapped their fingers and I woke up from the anesthetic.”; “I do not fear death and I am at peace with God, people and the universe.”"
Kenneth N NDE 2559,nderf,data\nderf\00823_kenneth-n-nde-2559.json,1,no,no,not_mentioned,not_mentioned,implied,not_mentioned,no,not_mentioned,not_mentioned,no,,“So this is what it's like to be dead!”; “Is anybody there? Please help me!”; “Hello! God! Jesus! Please help me!”; “Mommy what is he looking at?”; “He's looking at us dear.”; “Whew! We thought we had lost you there. Your heart was stopped for two and half minutes.”
R.T.F. NDE 21166,nderf,data\nderf\00814_r-t-f-nde-21166.json,1,no,no,not_mentioned,not_mentioned,implied,not_mentioned,no,not_your_time,yes_explicit,no,"Snippets from behind the door included: 'There is work or a mission yet to be completed' and he understood he was being returned 'for a unique purpose, which would be made clear to me.'","“I was looking at me through the spider's eyes because the image was ‘multi-faceted’, like looking at something through a prism.” “Words can really not describe the experience.” “A mistake has been made”, “It is not yet his time”, “There is work or a mission yet to be completed”. “I felt like I could cry enough to fill the oceans.”"
Julio M NDE 2231,nderf,data\nderf\00812_julio-m-nde-2231.json,1,no,no,not_mentioned,not_mentioned,implied,not_mentioned,no,earthly_mission,implied,no,"He was told (by the light/presence he identifies as himself): 'If you want you can go. You still have a lot left to do. It's your choice.' He also says he gained information about his 'purpose' and an ability to help/heal, but details are broad.","“This one is ready to die, he will not last the night.”; “If you want you can go. You still have a lot left to do. It's your choice.”; “I visualized whatever I wanted to see with an incredible mental and conscious clarity. I saw through the walls, simply by thinking about it.”; “I consider this light to be myself... a tiny piece of God... permanently connected to it.”"
Brian T NDE 2538,nderf,data\nderf\00809_brian-t-nde-2538.json,1,no,no,not_mentioned,not_mentioned,yes_explicit,not_mentioned,no,not_your_time,implied,no,Guardian Angel: 'Your time is not up now. You have some unfinished business to do. Go Back.',"“Your time is not up now. You have some unfinished business to do. Go Back.”; “What are you doing here?”; “Stand straight firmly.”; “once I crossed the boundary, I could never come back - period.”"
Gail D NDE 2529,nderf,data\nderf\00805_gail-d-nde-2529.json,1,not_mentioned,not_mentioned,not_mentioned,spiritual_realm,not_mentioned,not_mentioned,not_mentioned,family_responsibility,no,not_mentioned,,"“I know I did go to the other side a kind of waiting area, and my mom and daughter called me back.”"
Peg A NDE 2527,nderf,data\nderf\00803_peg-a-nde-2527.json,1,no,no,not_mentioned,spiritual_realm,not_mentioned,not_mentioned,not_mentioned,family_responsibility,yes_explicit,no,She reports gaining purpose/special knowledge ('Welcome to The Knowing') and later channeling/writing books; also doing verified readings for others.,"'Not now, my daughter.'; 'I can't believe that kid almost died.'; 'I knew I was home. I was finally, blessedly home.'"
Katie NDE 2526,nderf,data\nderf\00802_katie-nde-2526.json,1,no,no,not_mentioned,not_mentioned,implied,not_mentioned,no,not_your_time,no,no,,"“No, It is not time yet, go back.” / “It is not time for you to come yet. You have to go back.” / “The experience was real!!!!!”"
Sandra C FDE 2521 NDE 2521,nderf,data\nderf\00797_sandra-c-fde-2521-nde-2521.json,1,no,no,not_mentioned,not_mentioned,yes_explicit,not_mentioned,no,family_responsibility,no,no,,"""Linda, I'm okay that's just my body."" / ""I was love. I was peace. I had no beginning and no end."" / ""I could stay or go; it was up to me."""
Sandra R NDE 3095,nderf,data\nderf\01107_sandra-r-nde-3095.json,1,not_mentioned,not_mentioned,not_mentioned,not_mentioned,implied,not_mentioned,not_mentioned,no_reason_given,implied,no,"The man told her: ""You've got to try. You must never stop trying.""","""a place of nothing""; ""Help me! Please help me! Either bring me back, or for pity's sake let me go but please don't leave me here.""; ""Come, take my hand.""; ""Take my hand!""; ""You've got to try. You must never stop trying."""
Aurora N NDE 3077,nderf,data\nderf\01105_aurora-n-nde-3077.json,1,not_mentioned,not_mentioned,not_mentioned,spiritual_realm,not_mentioned,not_mentioned,not_mentioned,not_your_time,no,not_mentioned,,"“Before I knew it, I was standing there in heaven. I could hear the angels sing…”; “God said it was not my time.”; “So I turned and I could see all the doctors there working on me…”; “I woke crying because I wanted to stay up in heaven with God.”"
Theresa M NDE 3060,nderf,data\nderf\01102_theresa-m-nde-3060.json,1,not_mentioned,not_mentioned,not_mentioned,not_mentioned,implied,not_mentioned,not_mentioned,not_mentioned,not_mentioned,not_mentioned,,"“I saw my body from the ceiling of the room of the hospital.” “I saw, heard and felt such peace, an enormous and embracing serenity as if there was no force of gravity at that moment.” “Nor did I feel guilty for anything. It was something inexplicable.”"
Barbara NDE 3059,nderf,data\nderf\01087_barbara-nde-3059.json,1,not_mentioned,not_mentioned,not_mentioned,not_mentioned,implied,not_mentioned,not_mentioned,no_reason_given,not_mentioned,not_mentioned,,"“I remember being in a darkness without boundaries and I was not in a body.” / “It was as if the essence or spirit of me was there.” / “I was calm, peaceful, and warm and it felt as though I should be there.” / “Then I was in the intensive care unit and back in my body, but still floating. As if my body was a shell and I was disconnected from it.”"
Paquita NDE 2840,nderf,data\nderf\01085_paquita-nde-2840.json,1,not_mentioned,not_mentioned,not_mentioned,not_mentioned,yes_explicit,not_mentioned,not_mentioned,not_mentioned,no,not_mentioned,,"“I didn't have a body, only a head… Later I understood that I didn't have a body, either, only consciousness.”"
Andy B NDE 2864,nderf,data\nderf\01072_andy-b-nde-2864.json,1,not_mentioned,not_mentioned,not_mentioned,not_mentioned,implied,not_mentioned,not_mentioned,not_your_time,implied,no,"Afterwards he felt ""more mature"" and learned to help needy/suffering people with consolation/counsel and to share faith to strengthen others.","""After all I am dead!""; ""Now what do I do? Where do I go?""; ""You have to go back; this is not your time."""
Ally D NDE 3019,nderf,data\nderf\01068_ally-d-nde-3019.json,1,not_mentioned,not_mentioned,not_mentioned,not_mentioned,yes_explicit,not_mentioned,not_mentioned,other,not_mentioned,no,,"""I was in a void, no sensation whatsoever and though it scared me, it also felt safe.""; ""I came to grips with the fact that I was out of my body yet still I existed.""; ""I peered in and saw a movie... It was life, on this earth""; ""a trillion church bells all ringing at once""; ""You're faking you bitch, you're faking!"""
Gwen P NDE 3014,nderf,data\nderf\01066_gwen-p-nde-3014.json,1,no,no,not_mentioned,not_mentioned,implied,not_mentioned,no,family_responsibility,no,no,,"""A beautiful white light with touches of gold. A wonderful warmth radiated from it.""; ""He spoke to me, not verbally, but I heard him in my heart.""; ""death is just a doorway to the Warmth, Love, and Acceptance of the LORD."""
Bonnie B NDE 2982,nderf,data\nderf\01058_bonnie-b-nde-2982.json,1,not_mentioned,not_mentioned,not_mentioned,not_mentioned,implied,not_mentioned,not_mentioned,family_responsibility,no,not_mentioned,,"“All of a sudden, everything was black then I saw a light like a multiple shinning radiant glowing of indescribable brilliance and I was being whisked down a tunnel at an incredible speed.”"
SM NDE 2978,nderf,data\nderf\01057_sm-nde-2978.json,1,no,no,not_mentioned,not_mentioned,yes_explicit,none,no,not_mentioned,no,no,,“I remember floating near the ceiling and being VERY SAD because I had a six month old daughter that would not have the care of a mommy.”; “I had bled to death during the night.”; “Did you suddenly seem to understand everything? Everything about the universe.”; “Experience was definitely real… I have never doubted what happened to me.”
William S Probable NDE 2965,nderf,data\nderf\01049_william-s-probable-nde-2965.json,1,not_mentioned,not_mentioned,not_mentioned,spiritual_realm,not_mentioned,not_mentioned,not_mentioned,not_your_time,no,no,,“Let go you don't have enough reaction time for that.”; “I did not belong there yet”; “I felt complete and at home there.”
Ruud L NDE 2819,nderf,data\nderf\01038_ruud-l-nde-2819.json,1,no,no,not_mentioned,not_mentioned,yes_explicit,not_mentioned,no,other,no,no,,"“I saw myself lying on the table and heard the nervous yelling of the doctors and assistants.”; “The funny part is that I can remember everything that happened at the intensive care.”; “I remember quite clearly I had a choice to pass over or to stay. I chose to stay, because I thought myself too young to die.”; “Experience was definitely real.”"
Kasandra L NDE 2952,nderf,data\nderf\01037_kasandra-l-nde-2952.json,1,no,no,not_mentioned,not_mentioned,yes_explicit,not_mentioned,no,not_your_time,not_mentioned,no,,“I watched my spirit lift out of my body… It was fantastic! I danced weightless around in this tunnel.” / “if this were death it was a little BORING.” / “I remember cursing God and then being slammed back into my body.”
Barbara G NDE 2946,nderf,data\nderf\01030_barbara-g-nde-2946.json,1,not_mentioned,not_mentioned,not_mentioned,spiritual_realm,not_mentioned,not_mentioned,not_mentioned,family_responsibility,not_mentioned,not_mentioned,,"""I was a piece of that fruit and I went into the orange jello""; ""a warm connectedness""; ""I could choose to stay or to go back... both choices were okay""; ""this orangeness was always there for me""; ""I knew I was 'home'""."
Frank P NDE 2936,nderf,data\nderf\01023_frank-p-nde-2936.json,1,not_mentioned,not_mentioned,not_mentioned,not_mentioned,yes_explicit,not_mentioned,no,family_responsibility,implied,no,"He stated he returned to protect his mother and sister, and that God let him live to become a teacher.","“All I remember for the longest time was a black void. I heard nothing, saw nothing and felt nothing.” “At the end of the tunnel was the brightest white light that I have ever seen!!” “The light was God.” “As I touched the light... I was back in the hospital bed.”"
John C NDE 2926,nderf,data\nderf\01019_john-c-nde-2926.json,1,no,no,not_mentioned,not_mentioned,yes_explicit,not_mentioned,no,not_your_time,not_mentioned,not_mentioned,,“I know now that there is a God and he is Love.”
Joyce D NDE 3246,nderf,data\nderf\01179_joyce-d-nde-3246.json,1,no,no,not_mentioned,not_mentioned,implied,not_mentioned,no,not_your_time,no,no,,"“Suddenly, I was not in my body but looking down on him and me.”
“Everything slowed down, I was completely at peace…”
“…I was going to have to made a big decision about whether to live or die.”
“My time wasn't ready.”
“I saw myself lying there and then I decided I had to return.”"
Kenneth L NDE 3241,nderf,data\nderf\01177_kenneth-l-nde-3241.json,1,no,no,not_mentioned,not_mentioned,yes_explicit,none,no,other,no,no,,"""everything, every aspect of existence, blinked out""; ""a tube of light that went past me, leaving me feeling like I was in a tunnel of light""; ""as if I was tethered to an invisible fishing line""; roommate: ""You was dead! You was dead!"""
Karie N NDE 3238,nderf,data\nderf\01175_karie-n-nde-3238.json,1,no,no,not_mentioned,spiritual_realm,not_mentioned,not_mentioned,no,earthly_mission,yes_explicit,no,"Angels said she still had a purpose to fulfill, “many people to influence,” and that she was supposed to marry and have a meaningful life; “the world needed me right now.”","“I felt a sense of inner peace, that no matter what I do in life, there are beings up above who love us and watch us over us and are waiting for us to come Home.” “I wanted to go Home then.” “I was sent back into my car, into my immense pain and anguish.”"
Mitch R NDE 3283,nderf,data\nderf\01162_mitch-r-nde-3283.json,1,no,no,not_mentioned,not_mentioned,implied,not_mentioned,no,no_reason_given,no,no,,"'God please don't let me die like this today,'; 'He has a faint pulse, and he is breathing.'"
Patricia C NDE 3279,nderf,data\nderf\01160_patricia-c-nde-3279.json,1,no,no,not_mentioned,not_mentioned,implied,not_mentioned,no,earthly_mission,yes_explicit,no,"Told she ""would have to come back to perform a task,"" but its nature was not revealed.","""Darkness was all over me, but it was shining."" ""The expression 'Voice of Silence' seems the most appropriate."" ""For some time, I seemed to have two bodies, one made from a light material that was struggling to step back into a kind of shell."""
Marney M NDE 3274,nderf,data\nderf\01158_marney-m-nde-3274.json,1,not_mentioned,not_mentioned,not_mentioned,spiritual_realm,not_mentioned,not_mentioned,not_mentioned,not_mentioned,not_mentioned,not_mentioned,,"“Do you see the light?”; “I was amazed and fascinated by how black the darkness was, yet it felt like a big security blanket.”; “Time and space is simply something that human's experience.”; “it would be one of the worst decisions I could make… it’s not part of the plan.”"
Sylvia D NDE 2652,nderf,data\nderf\01156_sylvia-d-nde-2652.json,1,no,no,not_mentioned,not_mentioned,implied,not_mentioned,no,not_your_time,no,no,,“I was pulled into the light tunnel.” / “a comforting feeling came over me” / “this tunnel that looked like a sewer… grey stuff and wet… disgusting” / “it wasn't my time.”
Pedro L Father NDE 3232,nderf,data\nderf\01154_pedro-l-father-nde-3232.json,1,not_mentioned,not_mentioned,not_mentioned,not_mentioned,implied,not_mentioned,not_mentioned,not_mentioned,not_mentioned,not_mentioned,,"He felt as if 'something' left his body (his soul, an energy); something which weighed nothing, and he started upwards rapidly, very, very high up - higher, he says, than the clouds."
Deborah F NDE 21647,nderf,data\nderf\01150_deborah-f-nde-21647.json,1,no,no,not_mentioned,not_mentioned,yes_explicit,not_mentioned,no,not_your_time,no,no,,"'Yeah, let's manipulate him'. But this was not my thought!; 'by the power and authority of Jesus let me return to my body'."
Rebecca E NDE 3293,nderf,data\nderf\01138_rebecca-e-nde-3293.json,1,no,no,not_mentioned,spiritual_realm,not_mentioned,not_mentioned,no,family_responsibility,no,no,,"“I awoke in the light, experiencing all the emotions I had caused others to feel in my life here.” “He communicated by injecting complete thoughts into my mind, and retrieved my answers similarly.” “At the end of two weeks He showed me my children's entire lives and let me feel how they would feel if I didn't return, and by my choice I did.” “I slammed back into my body so hard that it moved.”"
Chuck K NDE 3290,nderf,data\nderf\01137_chuck-k-nde-3290.json,1,no,no,not_mentioned,not_mentioned,implied,not_mentioned,not_mentioned,earthly_mission,yes_explicit,no,He reports God 'sent me back to the flesh to tell others the truth before it's too late.',"""I was taken to a place of torture, which to the world of the living is known as hell.""; ""Out of the darkness came a light and it was God.""; ""He sent me back to the flesh to tell others the truth before it's too late."""
Philippe R NDE 3156,nderf,data\nderf\01135_philippe-r-nde-3156.json,1,no,no,not_mentioned,spiritual_realm,not_mentioned,not_mentioned,no,no_reason_given,no,no,,"“I was ‘into a white color’… Everything was white; I was bathing in this white.” / “Time was suspended… in a state of supreme serenity.” / “The white color then quickly dissolved into a red-orange color, I was bathing in a sunset.”"
John L NDE 16065,nderf,data\nderf\01129_john-l-nde-16065.json,1,no,no,not_mentioned,not_mentioned,implied,not_mentioned,not_mentioned,not_mentioned,not_mentioned,not_mentioned,,"“My spirit left my body through my head.”; “My spirit floated into a light environment with light blue background.”; “I did not know how my spirit got back into my physical body, which was like a flashback.”"
Suzanne B NDE 3065,nderf,data\nderf\01126_suzanne-b-nde-3065.json,1,no,no,not_mentioned,not_mentioned,yes_explicit,not_mentioned,no,other,yes_explicit,no,Instructed to write down/share the experience; write a book 'exactly as it happened' and 'finish your projects'; mentor others and help people choose what they love and 'DO IT WITH LOVE!',"“We are God's galactic glitter!”; “It's all right, you are here with Me.”; “Write a book about what you have just been through, exactly as it happened.”; “Help people choose what they love to do and then tell them: TO ... DO ... IT WITH LOVE!”"
Mark G Dad NDE 16012,nderf,data\nderf\01125_mark-g-dad-nde-16012.json,1,no,no,not_mentioned,spiritual_realm,not_mentioned,not_mentioned,no,not_your_time,no,not_mentioned,,"“He's not there anymore. She's in a better place.”; “I knew them. I don't know how I knew them, but I did”; “it wasn't his time, and that he had to go back.”"
Augustin NDE 2872,nderf,data\nderf\01110_augustin-nde-2872.json,1,no,no,not_mentioned,spiritual_realm,not_mentioned,not_mentioned,no,not_your_time,implied,no,"""You still have things to do with your love!"" and his conclusion: ""Only LOVE.""","""The room folded in from the ceiling and I started rising""; ""It was pure energy, the force, the love, the life - I was already home.""; ""You still have things to do with your love!""; ""Only LOVE."""
Paola MH NDE 2417,nderf,data\nderf\00755_paola-mh-nde-2417.json,1,not_mentioned,not_mentioned,not_mentioned,not_mentioned,yes_explicit,not_mentioned,not_mentioned,family_responsibility,no,not_mentioned,,"“No my God, not yet! My child is going to come back and she is going to find me dead in my bedroom.” / Heard: “It’s alright.” She replied: “Thanks.”"
Pat B NDE 2461,nderf,data\nderf\00752_pat-b-nde-2461.json,1,no,no,not_mentioned,not_mentioned,yes_explicit,not_mentioned,no,family_responsibility,no,no,,"""I noticed doctors and nurses issuing orders all around me trying to revive me""; ""I went through a dark tunnel""; ""There was a pin point of light at the end of the tunnel""; ""fields of bright colorful flowers""; ""it was not my turn yet."""
Rachel B NDE 2451,nderf,data\nderf\00747_rachel-b-nde-2451.json,1,no,no,not_mentioned,not_mentioned,yes_explicit,not_mentioned,no,no_reason_given,not_mentioned,no,,"'Leave her alone, let her go, stop hurting her!' ; 'It was like watching the same show from ten different camera angles.' ; 'I felt a terrible loss inside.'"
Irene NDE 2452,nderf,data\nderf\00746_irene-nde-2452.json,1,no,no,not_mentioned,not_mentioned,yes_explicit,none,no,no_reason_given,no,no,,"""10 seconds in a liquid black sea""; ""my whole physical body was vacuumed upward""; ""surrounded by a black surround akin to a floating ink bath."""
Madison T NDE 2455,nderf,data\nderf\00743_madison-t-nde-2455.json,1,no,no,not_mentioned,not_mentioned,implied,not_mentioned,no,no_reason_given,not_mentioned,no,,"""Everything was crystal clear as I have never seen before - sharp vivid lines and colors."" ""I entered my body through the forehead didn't fit - last joint of fingers and last joint of toes as if I was glove that was too big."" ""I made a deal to come back."""
Richard H NDE 2439,nderf,data\nderf\00730_richard-h-nde-2439.json,1,not_mentioned,not_mentioned,not_mentioned,not_mentioned,implied,not_mentioned,not_mentioned,not_mentioned,not_mentioned,not_mentioned,,"""I can hear as the doctors pronounce me dead."" ""Then I see my double, a lifeless body, lying below me..."" ""traveling through a dark enclosure at a fast speed to the light"" ""The Plane of All Knowing where you just suddenly know all things"""
Pat P NDE 3197,nderf,data\nderf\01228_pat-p-nde-3197.json,1,no,no,not_mentioned,not_mentioned,implied,not_mentioned,no,not_your_time,not_mentioned,no,,"""WHAT are you doing HERE NOW!?""; ""You're not supposed to be here yet. You better go back down right now.""; ""The next instant I was face to face with infinity.""; ""STOP! You're breaking my mind to pieces!""; ""I thought, 'I'm dying.'"""
Delia S NDE 3194,nderf,data\nderf\01225_delia-s-nde-3194.json,1,no,no,not_mentioned,spiritual_realm,not_mentioned,not_mentioned,no,family_responsibility,no,no,,"“I went through a tunnel that had these wonderful chimes. The tunnel was/or felt like pink cotton candy.”; “I was crying and sobbing and felt very, very sad because I had left my real and true home.”"
Sally A NDE 3188,nderf,data\nderf\01220_sally-a-nde-3188.json,1,no,no,not_mentioned,not_mentioned,implied,none,no,family_responsibility,no,no,,"“If am I up here, how can I see when my eyes are back down there in my head? And how can I think while my brain is down there in my head?”; “Angie please don't die, please don't die.”; “I am not going to die; I just had a baby.”"
Jorge R NDE 3287,nderf,data\nderf\01218_jorge-r-nde-3287.json,1,no,no,not_mentioned,spiritual_realm,not_mentioned,not_mentioned,no,not_mentioned,not_mentioned,not_mentioned,,"“I instantly found myself on a pathway like in a gigantic garden, and there was light, much light, all around me. I felt a peace and tranquility that I've never felt, since.”"
Christine R NDE 3217,nderf,data\nderf\01217_christine-r-nde-3217.json,1,no,no,not_mentioned,not_mentioned,yes_explicit,none,no,other,no,no,,"EMT: ""We're losing her,"" repeated. Friend: ""She's dead, don't die Chris!"" Voice of God: ""Have you loved enough? Have you learned enough? Have you experienced enough?"" Experiencer: ""No! I need to do more time."""
Dan W NDE 3333,nderf,data\nderf\01203_dan-w-nde-3333.json,1,no,no,not_mentioned,not_mentioned,implied,none,no,family_responsibility,no,no,,"“I was rushing down - at very high speed - what can only be described as a tunnel of red blood cells.” “It was surveying the event, not quite out of body but definitely as a separate source of consciousness.” “I knew that all I had to do was agree... and I knew that in doing so I could not come back... it was my choice.” “God, please save me!”"
Kathy N NDE 3226,nderf,data\nderf\01198_kathy-n-nde-3226.json,1,not_mentioned,not_mentioned,not_mentioned,not_mentioned,implied,not_mentioned,not_mentioned,not_your_time,not_mentioned,not_mentioned,,"“We have her back.”; “Not yet.”; “coming back was scarier than leaving.”; “colors were more vivid, sound was different - more melodic, there was absolutely no fear only curiosity.”"
Michael H NDE 3264,nderf,data\nderf\01191_michael-h-nde-3264.json,1,no,no,not_mentioned,spiritual_realm,not_mentioned,none,no,other,not_mentioned,no,,"""it was as if my consciousness was sucked into a vacuum. And everything became crystal clear."" / ""It was as if my soul had been blended with the soul of what we perceive to be God. There was no distinguishing where I began or where I ended."" / ""I have no fear of dying... because we don't die."""
Sherri A NDE 3260,nderf,data\nderf\01189_sherri-a-nde-3260.json,1,not_mentioned,not_mentioned,not_mentioned,not_mentioned,implied,not_mentioned,not_mentioned,not_mentioned,no,not_mentioned,,“I was in complete darkness and alone. I had zero sense of body but a complete sense of self.” “The truth is incredibly funny and it is a living thing.” “Fear will keep you stuck in a dark space/void.”
Arda F Probable NDE 3249,nderf,data\nderf\01180_arda-f-probable-nde-3249.json,1,no,no,not_mentioned,not_mentioned,implied,none,no,family_responsibility,no,no,,"""I lifted away from physical body and floated to the room (like astronauts)""; ""I then floated into a tunnel with all pastel color lights""; ""All I could remember was 'GOD'""; ""a religious symbol in Islam (Aboulfazr's hand) showed up in the tunnel""; ""I am not scared of dying and I know there is another life after here""."
John B NDE 490,nderf,data\nderf\01277_john-b-nde.json,1,no,no,not_mentioned,not_mentioned,yes_explicit,not_mentioned,no,other,implied,no,"He describes that after returning, ""my work was to start for the guys up there"" and mentions ""the lives I save"" afterward.","""Watch out! Here I go!""; ""the doctors saying we lost him""; ""flashes of light were moving past me in brilliant colors, it was like a kaleidoscope""; ""They asked me if I want to stay or return. I immediately said I want to go back.""; ""We have a pulse. We have a pulse.""; ""Dad, I died."""
Jason DH NDE 724,nderf,data\nderf\01274_jason-dh-nde.json,1,not_mentioned,not_mentioned,not_mentioned,spiritual_realm,not_mentioned,not_mentioned,not_mentioned,not_mentioned,not_mentioned,not_mentioned,,“I died. I went HOME. I talked to my guardian. I came back.”
Pat H NDE 860,nderf,data\nderf\01270_pat-h-nde.json,1,no,no,not_mentioned,not_mentioned,implied,not_mentioned,no,other,no,no,,"“The next thing I knew I was floating among the clouds in a blue sky.”; “I remember feeling so free, content and happy like being born again.”; “I didn't see any limbs or torso or even eyes, I just knew.”; “it was like being attached to a rubber band”"
Don T NDE 3181,nderf,data\nderf\01262_don-t-nde-3181.json,1,not_mentioned,not_mentioned,not_mentioned,not_mentioned,implied,not_mentioned,no,not_your_time,no,not_mentioned,,“my conscious self 'lifted' out of my body”; “I saw the thoughts of them both”; “I was shown the history of the planet”; “I would forget the secrets very quickly”; “I could stay with them if I liked and have a 'rest' but that I wasn't finished”; “going back in another body and starting all over”; “much like putting on a coat of stiff old clothes.”
Raven R NDE 3178,nderf,data\nderf\01261_raven-r-nde-3178.json,1,no,no,not_mentioned,not_mentioned,yes_explicit,not_mentioned,not_mentioned,not_your_time,yes_explicit,no,"Told: 'you raven have much to do, it is not over for you.'","'Raven, you cannot stay this is not your time, you need to go back now.' / 'You know who I am.' / 'You raven have much to do, it is not over for you.'"
Judy P NDE 3171,nderf,data\nderf\01257_judy-p-nde-3171.json,1,no,no,not_mentioned,not_mentioned,implied,not_mentioned,no,no_reason_given,no,no,,"“I found myself in complete blackness but I could see.” “I remember thinking to myself I'm really here, you do go on.” “The light became brighter and brighter, but it didn't hurt to look into it. It surrounded me and comforted me.”"
Patricia M NDE 3154,nderf,data\nderf\01248_patricia-m-nde-3154.json,1,not_mentioned,not_mentioned,not_mentioned,not_mentioned,implied,not_mentioned,not_mentioned,not_mentioned,not_mentioned,not_mentioned,,"“I feel very fortunate to be one of few that know that after your body stops, something (consciousness) continues.”"
Colin F NDE 3149,nderf,data\nderf\01244_colin-f-nde-3149.json,1,not_mentioned,not_mentioned,not_mentioned,not_mentioned,implied,not_mentioned,not_mentioned,no_reason_given,not_mentioned,not_mentioned,,"“I was conscious and aware, and I was in a tunnel.” “It was tremendously brilliant, but it didn't hurt to look at.” “I had no body, but I did glow a little. I was also light.” “I was in a void… I wanted to move, but couldn't.”"
Cindy M NDE 3342,nderf,data\nderf\01237_cindy-m-nde-3342.json,1,no,no,not_mentioned,not_mentioned,implied,not_mentioned,no,no_reason_given,no,no,,“I looked into the water and could see the body and recognized it was me.”; “I looked toward the light and saw an angel and she said it was time to go back.”; “I felt like I dropped down into my body.”
Muhammad NDE 2479,nderf,data\nderf\00770_muhammad-nde-2479.json,1,not_mentioned,not_mentioned,not_mentioned,not_mentioned,yes_explicit,not_mentioned,no,not_mentioned,no,not_mentioned,,"“After, I felt as if I was flying on the air.”; “Then I felt very happy moments I didn't experience at all in my life.”; “I was totally unconscious.”; “Experience was definitely real.”"
Tarik Possible NDE 2467,nderf,data\nderf\00769_tarik-possible-nde-2467.json,1,not_mentioned,not_mentioned,not_mentioned,not_mentioned,implied,not_mentioned,not_mentioned,no_reason_given,no,not_mentioned,,"“I saw a world around me as a 'moving circle', and unclear and mixed colors.”"
Rose D NDE 2483,nderf,data\nderf\00766_rose-d-nde-2483.json,1,not_mentioned,not_mentioned,not_mentioned,not_mentioned,implied,not_mentioned,not_mentioned,other,implied,no,"Told to remember 'kindness, selflessness and love towards others' and that she had 'more work to do'; she felt she was supposed to share the experience.","“Yes, if that is what you want to call the afterlife.” / “You are not supposed to argue with the creator or I will have to put you in time out.” / “Remember kindness, selflessness and love towards others will always guide you in the right directions.” / “You are not finished and have more work to do.”"
Lizzette T NDE 2476,nderf,data\nderf\00763_lizzette-t-nde-2476.json,1,no,no,not_mentioned,spiritual_realm,not_mentioned,not_mentioned,no,not_your_time,no,not_mentioned,,"""I saw myself in a dark tunnel. It was as if I was a spectator...""; ""He sat upon a throne... solid and translucent at the same time.""; ""His face was bright and radiating like the sun... There was no face, but pure light.""; ""I had to go back that it was not time for me to come.""; ""I felt like I was home."""
Paulene NDE 2471,nderf,data\nderf\00761_paulene-nde-2471.json,1,not_mentioned,not_mentioned,not_mentioned,not_mentioned,yes_explicit,not_mentioned,not_mentioned,not_mentioned,yes_explicit,not_mentioned,"Martin Luther King told her something important that she ""had to agree to"" and that involved something she ""had to endure and do back on earth""; she agreed but felt ""oh no this is going to be hard.""","""everything from my past flashed before my eyes in a matter of seconds""; ""overcome by the presence of God... the most beautiful love my heart has ever felt""; ""as I crossed, which was like blinking""; ""Part of me went and met people but part of me stayed in the white room."""
Bob M NDE 2466,nderf,data\nderf\00759_bob-m-nde-2466.json,1,no,no,not_mentioned,spiritual_realm,not_mentioned,not_mentioned,not_mentioned,not_mentioned,no,not_mentioned,,"“The next moment, I was hovering in the air in old Holland, admiring beautiful well-kept lawns and flower beds arranged in beautiful geometric form.”; “For some strange reason, my name was Hans.”; “'Bob, come back'!! Who is Bob? My name is Hans.”; “I kept bouncing back and forth between this reality, and the world that Hans was living in.”; “IT was more real than this reality.”"
Ramiro J NDE 2224,nderf,data\nderf\00756_ramiro-j-nde-2224.json,1,no,no,not_mentioned,not_mentioned,implied,not_mentioned,no,not_mentioned,implied,no,He believed he lived it so he could tell people that this gloomy place (purgatory/sorrow place) exists and that people should go to eternity prepared.,"“I remember clearly - and I know it was not a dream or hallucination because I was perfectly conscious - even though it started as a dream, soon it became in something very real.”"
Shelby M NDE 375,nderf,data\nderf\01352_shelby-m-nde.json,1,no,no,not_mentioned,not_mentioned,implied,not_mentioned,no,not_your_time,no,no,,"'She's not breathing. Shelby breath!'; 'She's only 16 years old and were not going to let her die now!'; 'Come on, you got to fight. Shelby you got to fight.'; 'No, not yet, you have to go back.'"
Dian S Probable NDE 377,nderf,data\nderf\01351_dian-s-probable-nde.json,1,no,no,not_mentioned,not_mentioned,implied,not_mentioned,no,other,implied,no,"Implied requirement to return after gaining understanding ('Now that you know, you have to go back.').","""I'm in a very, very dark place (frighteningly dark)""; ""The light becomes a tunnel head (opening); a force pulls me into the tunnel""; ""I'm slammed up against the end of the tunnel, and cannot get a breath""; ""simultaneously my life is flowing in front of my face""; ""I will forgive myself for not doing it perfectly""; ""the wall disappears and I'm in a warm beautiful 'really neat' place""; ""Like swimming naked at night in the Gulf of Mexico""; ""Next, I knew everything; I had all knowledge""; ""the past was around me, the future was around me but everything was Now""; ""Ye shall know the truth and the truth shall set you free""; ""Now that you know, you have to go back.""; ""I want to talk to the Boss!"""
Tim E Probable NDE 3406,nderf,data\nderf\01347_tim-e-probable-nde-3406.json,1,no,no,not_mentioned,not_mentioned,implied,not_mentioned,no,not_mentioned,no,no,,"""I had been stood behind the surgeon whilst the operation was going on, behind his left shoulder, and had been watching him.""; ""there was no 'time' as such but just a feeling of 'the present' being all there is.""; ""none of us are ever alone.""; ""This life is very, very temporary, the next one is for keeps."""
Arlene H NDE 386,nderf,data\nderf\01341_arlene-h-nde.json,1,no,no,not_mentioned,spiritual_realm,not_mentioned,not_mentioned,no,family_responsibility,no,no,,"“It was like going home, returning from somewhere, back again, safe and sound.”"
Jason C FDE 3391 NDE 3391,nderf,data\nderf\01332_jason-c-fde-3391-nde-3391.json,1,no,no,not_mentioned,not_mentioned,yes_explicit,not_mentioned,no,earthly_mission,no,no,,"'It was like someone pushed me hard but instead of my body going with the push it was just my soul.'; 'The river below me looked like a liquid crystal.'; 'You can come with us or go back and finish your work.'; 'As soon as I said this, I felt a tug and ""Wham"" I opened my eyes and realized I was drowning.'"
Barbara B NDE 3389,nderf,data\nderf\01331_barbara-b-nde-3389.json,1,no,no,not_mentioned,not_mentioned,implied,not_mentioned,no,family_responsibility,implied,no,"She requested to return to raise her three-month-old daughter and eight-and-a-half-year-old son, and later emphasized being a positive presence and serving family/community.","'I'm dead. If I'm up here, and my body is down there, I've died.'; 'had been on the ceiling - and I watched you bring me back!'"
Vandimir Probable NDE 3386,nderf,data\nderf\01329_vandimir-probable-nde-3386.json,1,implied,not_mentioned,not_mentioned,not_mentioned,not_mentioned,not_mentioned,not_mentioned,not_mentioned,implied,no,"The being told him his name would be Vandimir and he would be 'a Magician,' and taught him a method ('make a blue dot appear... expand the dot...') and how to 'call him up so we could be together anytime.'","'I am forever falling and forever burning.' / 'Touch it, and make a blue dot appear.' / 'Come into the blue,' he said, 'for I am of the blue.' / 'You shall be well known, if not well loved.'"
Dennis G NDE 3377,nderf,data\nderf\01322_dennis-g-nde-3377.json,1,no,no,not_mentioned,not_mentioned,implied,none,no,not_your_time,no,no,,"""Time seemed to stand still and I saw a black hole with a bright light at the end of it."" ""As I passed through the black hole, the noise was deafening and made a whooshing sound as I exited it."" ""I found 'myself' above my body..."" ""It seems it just wasn't my time."""
Jools G NDE 3367,nderf,data\nderf\01313_jools-g-nde-3367.json,1,not_mentioned,not_mentioned,not_mentioned,not_mentioned,implied,not_mentioned,not_mentioned,not_mentioned,no,no,,“I was falling down a well lined with the most strikingly white soft material I'd ever seen.” “As I looked at everything as back in my body it was like everything was made out of mercury.” “...the wall was fragmenting into pieces like a sort of jigsaw puzzle.” “...I had to solve the puzzle and think the pieces back into the right places before 'time ran out'.” “...a feeling like my entire body was on fire...”
Malinda K NDE 3362,nderf,data\nderf\01310_malinda-k-nde-3362.json,1,not_mentioned,not_mentioned,not_mentioned,not_mentioned,implied,not_mentioned,not_mentioned,not_mentioned,not_mentioned,not_mentioned,,"“I recall being an energy field, similar to the white garbled screen you would see when changing channels on a TV and finding no reception.”
“a pulsing, constant motion of energy/electricity.”
“I WAS it.”
“I knew everything beyond our comprehension or my ability to communicate in words here.”
“We ARE God.”"
Annie NDE 404,nderf,data\nderf\01299_annie-nde.json,1,not_mentioned,not_mentioned,not_mentioned,not_mentioned,yes_explicit,not_mentioned,not_mentioned,not_mentioned,implied,not_mentioned,“Soul has different mission…”,“How does one describe the indescribable?” “Great light which I became one with.” “Total and utter peace and serenity. Pure love - unconditional love…” “Didn't want to leave it.” “My body is not my soul. Felt my soul separate…”
Evan D NDE 416/22863,nderf,data\nderf\01296_evan-d-nde-416-22863.json,1,no,no,not_mentioned,not_mentioned,implied,none,no,family_responsibility,no,no,,A voice said: 'Do you want to live or die.'
Virginia F NDE 418,nderf,data\nderf\01295_virginia-f-nde.json,1,no,no,not_mentioned,not_mentioned,implied,not_mentioned,no,family_responsibility,not_mentioned,no,,"""I was headed for a window where a cool October fall breeze was coming in, and I knew that if I reached that window, that I would never come back.""; ""Then when I felt this profound love for my family, it was like a rubber-band that snapped me back into my body of pain.""; ""When I was out of my body, there was no pain just profound peace and love."""
Brenda F Probable NDE 424,nderf,data\nderf\01294_brenda-f-probable-nde.json,1,no,no,not_mentioned,not_mentioned,implied,not_mentioned,no,family_responsibility,no,no,,"“Hi Brenda, I am your supreme being and I am here to teach you some things that you must remember in order to go where you are going. Do you think you can remember?”; “It’s time for you to go if you are ready. Are you ready?”; “I can’t go yet, I can’t.”; “It is gone.”"
Shawn J NDE 448,nderf,data\nderf\01288_shawn-j-nde.json,1,no,no,not_mentioned,spiritual_realm,not_mentioned,not_mentioned,no,not_mentioned,not_mentioned,not_mentioned,,"“Eventually, I was completely engulfed by the Light and became one with it.” / “There are no words in any human language that can describe the complete sense of peace and love imparted by that Light.” / “I resented being brought back. I wanted to stay there.”"
Olivia C Possible NDE 455,nderf,data\nderf\01284_olivia-c-possible-nde.json,1,no,no,not_mentioned,not_mentioned,implied,not_mentioned,no,not_mentioned,no,no,,"""The next thing I remember was standing in a big void. There was nothing around me. There was no light or darkness."" / ""He then showed me several thousand visions at once."" / ""Advanced is an understatement"" (re: vision)."
Deana M NDE 290,nderf,data\nderf\01380_deana-m-nde.json,1,no,no,not_mentioned,spiritual_realm,not_mentioned,not_mentioned,no,not_mentioned,implied,no,"She felt she ""ha[s] to share that love with the whole world.""","""I found myself in a dark black warm fog, almost caressing, but I felt afraid."" / ""Then the next moment I was swept into the light."" / ""With all the love on this earth, nothing is equal to the love in heaven."""
Lee Probable NDE 302,nderf,data\nderf\01374_lee-probable-nde.json,1,no,no,not_mentioned,spiritual_realm,not_mentioned,not_mentioned,no,no_reason_given,no,no,,"“Time to go back now.” / “NO!! I want to stay here!!” / “I felt a loving, gentle, non-physical 'push' backwards.” / “I was looking into the eyes of a nurse as she was pulling the tube from my throat in the recovery room.” / “Now I wait to return.”"
Tenna N NDE 337,nderf,data\nderf\01364_tenna-n-nde.json,1,not_mentioned,not_mentioned,not_mentioned,not_mentioned,implied,not_mentioned,not_mentioned,not_your_time,not_mentioned,not_mentioned,,"“I had to 'go back', it wasn't my time.”"
James C NDE 351,nderf,data\nderf\01360_james-c-nde.json,1,not_mentioned,not_mentioned,not_mentioned,not_mentioned,implied,not_mentioned,not_mentioned,not_your_time,not_mentioned,not_mentioned,,"“I was out for five and half minutes, during that time I could see various activities going on in the house.”; “I left the home following a light, during this time I saw some of the trauma things from my life.”; “She told me it wasn't my time.”"
Marinda G NDE 2388,nderf,data\nderf\00709_marinda-g-nde-2388.json,1,no,no,not_mentioned,not_mentioned,yes_explicit,none,no,not_your_time,yes_explicit,no,"Purpose stated on waking: 'To find joy and spread joy.' Later interpreted as 'find Joy in God, and spread it.'",“There are absolutely no words in ANY language that can describe the utter sense of peace/joy/contentment/happiness that I had experienced.”; “I could think of myself/see myself as a ball of energy and moving so fast!”; “it is not my time yet.”; “To find joy and spread joy!”
Sara Charlotte NDE 2386,nderf,data\nderf\00708_sara-charlotte-nde-2386.json,1,not_mentioned,not_mentioned,not_mentioned,not_mentioned,yes_explicit,not_mentioned,not_mentioned,earthly_mission,yes_explicit,no,Told she had to go back and tell what she had seen.,“It was like being truly awake for the first time in my life.”
Robert B NDE 2379,nderf,data\nderf\00701_robert-b-nde-2379.json,1,no,no,not_mentioned,spiritual_realm,not_mentioned,not_mentioned,no,family_responsibility,not_mentioned,no,,"“What others call a tunnel I have concluded is absence to such a degree the mind gives it texture.” / “It is Light, It is alive, and it is brilliant beyond any description. So alive, so totally home and complete love.” / “There is no time.” / “Not a single day goes by I do not think of my decision to return for my mother.”"
Fena D NDE 2374,nderf,data\nderf\00700_fena-d-nde-2374.json,1,not_mentioned,not_mentioned,not_mentioned,spiritual_realm,not_mentioned,not_mentioned,not_mentioned,not_your_time,implied,no,"She believed the spirits indicated she had 'more things to do' and they were 'counting on me to do them,' but she did not know what.","'I don't want to come back to this side, and I want to stay on the other side.' / 'No, you can't stay, it is not your time.' / 'Carroll, there is life after death. There is another side, I was there.'"
Pilar L Probable NDE 2232,nderf,data\nderf\00694_pilar-l-probable-nde-2232.json,1,no,no,not_mentioned,not_mentioned,yes_explicit,not_mentioned,no,no_reason_given,no,no,,"'I witnessed the whole process from some place on the ceiling of the room.'; 'Afterwards I remember that I found myself in a state of total freedom and happiness, surrounded by an infinite Love that I don't know how to describe. There are no words.'; 'No, I don't want to! My body hurts!'"
Georgia S NDE 2325,nderf,data\nderf\00684_georgia-s-nde-2325.json,1,no,no,not_mentioned,not_mentioned,implied,none,no,other,no,no,,"'Well, this is interesting. Where is this?' / 'I'm just so happy to see you! I've missed you sooo much since you passed away.' / 'Uh, oh. You're dead and I'm here. I must be sicker than I thought!' / 'Hospital.'"
Beth L NDE 2308,nderf,data\nderf\00673_beth-l-nde-2308.json,1,not_mentioned,not_mentioned,not_mentioned,not_mentioned,yes_explicit,not_mentioned,not_mentioned,not_your_time,not_mentioned,not_mentioned,,“I opened my eyes to a blinding white light. Everything was bright white.” / “He answered me - his lips did not move but I heard him in my head.” / “You need to go back to take care of Tiger.” / “I had to go back; it was not my time yet.” / “I felt like I was slammed back into my body.”
Saundra V NDE 2316,nderf,data\nderf\00671_saundra-v-nde-2316.json,1,no,no,not_mentioned,not_mentioned,yes_explicit,not_mentioned,no,family_responsibility,no,no,,"“Don't be afraid, you will not die, you will live, and you will live to be with your children.”"
Ramie N NDE 2287,nderf,data\nderf\00661_ramie-n-nde-2287.json,1,not_mentioned,not_mentioned,not_mentioned,spiritual_realm,not_mentioned,not_mentioned,not_mentioned,not_your_time,no,no,,"“I noticed that I had left my physical body and was in my spirit form, as I could see myself there in the bottom of the canal…”; “I heard within me that it was not my time and that I was being sent back.”; “There is a grounded feeling that somehow I really don't belong here in this plane.”"
Graciela H NDE 2274,nderf,data\nderf\00652_graciela-h-nde-2274.json,1,no,no,not_mentioned,spiritual_realm,not_mentioned,not_mentioned,no,not_your_time,yes_explicit,no,The being said: “Try to help several people.”,"“You were sent here by mistake, somebody's mistake. You need to go back. It is not time for you to come here yet.”; “Try to help several people.”; “You need to go now!”; “I belong there, and there is my home, let me go.”"
Frank A NDE 645/450 NDE 190,nderf,data\nderf\00645_frank-a-nde-645-450-nde.json,1,not_mentioned,not_mentioned,not_mentioned,spiritual_realm,not_mentioned,not_mentioned,not_mentioned,no_reason_given,not_mentioned,not_mentioned,,"""I felt the magnetic energy of peace, unity, and love in its purest form."" ""I remember thinking that this place is where I come from."" ""We were taking you to cold storage!"""
Frances W NDE 2245,nderf,data\nderf\00641_frances-w-nde-2245.json,1,no,no,not_mentioned,spiritual_realm,not_mentioned,not_mentioned,no,not_your_time,yes_explicit,no,Told by God her purpose was not finished; she would have children; she understood her purpose on Earth.,"""I started to race through the tunnel at an amazing speed""; ""I was filled with total knowledge and understood everything""; ""God spoke to me, but I could not see him""; ""I entered my body quickly like bang."""
Dana S NDE 3451,nderf,data\nderf\01476_dana-s-nde-3451.json,1,no,no,not_mentioned,spiritual_realm,not_mentioned,not_mentioned,no,not_your_time,no,no,,"“I had watched him and I thought 'I'm dying.'” / “I looked up and felt so warm and I had felt so loved.” / “I know I didn't want to come back.” / “the feeling of love, peace, home - it felt so amazing and I wanted to stay wherever that was.” / “When it's time for me to go, I look forward to going home.”"
Hera A NDE 3447,nderf,data\nderf\01474_hera-a-nde-3447.json,1,not_mentioned,not_mentioned,not_mentioned,spiritual_realm,not_mentioned,not_mentioned,not_mentioned,family_responsibility,not_mentioned,not_mentioned,,"“Suddenly I was sucked out of my body like a vacuum.” “Before I approached the tunnel I was engulfed in a large ray of light… unconditional love.” “You can stay or you can leave.” “But I am not good enough to be here.” “Oh, but you are.” “I gotta go.”"
Richard L NDE 3444,nderf,data\nderf\01472_richard-l-nde-3444.json,1,no,no,not_mentioned,not_mentioned,implied,not_mentioned,no,no_reason_given,no,no,,"""It's okay. It's all right. It's all good.""; ""I was more like thought in space, completely alone in nothingness.""; ""That abyss was total separation from all. I was in the 'I AM.'"""
Vivian H NDE 3442,nderf,data\nderf\01471_vivian-h-nde-3442.json,1,no,no,not_mentioned,not_mentioned,yes_explicit,not_mentioned,no,family_responsibility,no,no,,"“I felt myself lift out of my body lying on the cold ground and heading upward.”; “It was like a tunnel, too… dark but with a light at the end.”; “I’d exploded into the infinite white light.”; “My parents can’t handle another death.”; “hurling back down through the telescope/tunnel and SMACK back into my body.”"
Thomas M NDE 3440,nderf,data\nderf\01468_thomas-m-nde-3440.json,1,no,no,not_mentioned,not_mentioned,implied,not_mentioned,no,no_reason_given,not_mentioned,not_mentioned,,“I started laughing out loud when I became aware that there were no questions because I had all the answers.”
Stephane B Possible NDE 3366,nderf,data\nderf\01467_stephane-b-possible-nde-3366.json,1,not_mentioned,not_mentioned,not_mentioned,spiritual_realm,not_mentioned,not_mentioned,not_mentioned,no_reason_given,no,no,,"“sit down there dear Steph, you'll see we're alright there.” “I was in Heaven but I should not worry.” “I belonged there.” “death was so beautiful.” “they are all there.”"
Francesco D Possible NDE 3430,nderf,data\nderf\01466_francesco-d-possible-nde-3430.json,1,no,no,not_mentioned,not_mentioned,yes_explicit,not_mentioned,no,family_responsibility,no,no,,"'Here it is. I am dying. This is what it's like to die.'; 'It wasn't a room or a tunnel. It was just the Void.'; 'an immense landscape made of light... the things themselves... were themselves Light... They weren't sources of light. They were light.'; 'the whole experience leaves me rather speechless, without adequate words.'"
Diana P Probable NDE 150,nderf,data\nderf\01450_diana-p-probable-nde.json,1,no,no,not_mentioned,not_mentioned,implied,not_mentioned,no,other,no,no,,"""I lifted my arm and noticed as I attempted to push the pillow off of my head my arm went right through it.""; ""I don't belong to you I belong to God! I belong to Jesus!""; ""Father why hast thou forsaken me?""; ""God is love."""
Helen PB NDE 154,nderf,data\nderf\01449_helen-pb-nde.json,1,no,no,not_mentioned,not_mentioned,yes_explicit,not_mentioned,no,no_reason_given,not_mentioned,not_mentioned,,"'Okay God I get the point - it hurts!!' ; 'What a crappy way to die.' ; 'They loved me absolutely and completely, they accepted me, knowing all the good and bad.' ; 'I felt the trees and sunshine had more in common with me than my husband.' ; 'For almost a year I have felt like I've been floating caught up in the ceiling!'"
Matthew T NDE 2874,nderf,data\nderf\01435_matthew-t-nde-2874.json,1,no,no,not_mentioned,not_mentioned,implied,none,no,not_mentioned,no,not_mentioned,,"“I saw myself floating in a very intense yet peaceful light… complete peace, and absolute freedom in my soul.”"
JC S NDE 189,nderf,data\nderf\01431_jc-s-nde.json,1,not_mentioned,not_mentioned,not_mentioned,spiritual_realm,not_mentioned,not_mentioned,not_mentioned,not_your_time,not_mentioned,not_mentioned,,"""The feeling of love and being home was awesome."" ""We spoke with our minds"" ""Then I heard God say, you have to go back."" ""What a rude awakening."""
Steven R Probable NDE 190,nderf,data\nderf\01430_steven-r-probable-nde.json,1,no,no,not_mentioned,not_mentioned,implied,not_mentioned,no,not_your_time,implied,no,"He later concluded his life ""wasn't finished yet"" and that he was ""to help others with this experience"" and tell others not to fear death.","“They asked me if I wanted to stay with them or if I wanted to come back to Earth?”; “they 'sent' me back, against my will.”; “I had no FEAR of ANYTHING ANYMORE.”; “no one truly dies, we only leave our earthly bodies, and our true-self, our SPIRIT, continues on.”"
Dan Z NDE 196,nderf,data\nderf\01427_dan-z-nde.json,1,no,no,not_mentioned,not_mentioned,implied,not_mentioned,no,no_reason_given,not_mentioned,no,,"'Oh God.'; 'Then, as if a rubber band pulled me back to my body, I woke...'; 'Love each other, and forgive.'; 'Body and Spirit. We are both.'"
Daniel A NDE 241,nderf,data\nderf\01400_daniel-a-nde.json,1,no,no,not_mentioned,spiritual_realm,not_mentioned,none,no,earthly_mission,implied,no,"Stated ""My time on earth wasn't up yet; there was still a purpose on Earth"" (details deferred by narrator).","""Lub-thump, lub-thump, lub -- (silence)""; ""I was suddenly able to 'think' hundreds or thousands of times faster""; ""everything that ever was, is, and will be""; ""We are students at a school called Earth -- when the bell rings, we go back home""; ""the most 'real' event I've ever experienced."""
Newie Y NDE 253,nderf,data\nderf\01395_newie-y-nde.json,1,not_mentioned,not_mentioned,not_mentioned,not_mentioned,implied,not_mentioned,not_mentioned,no_reason_given,not_mentioned,not_mentioned,,"“Then I was outside the window (we were on the thirty-seventh floor) looking back on me passed out in the window.”
“Just that that person in the window had nothing to do with me anymore.”
“This was quiet, Very quiet.”
“Then pop. Just like before, no transition, first I was one place then the other.”
“The clarity of this memory is not to be denied in spite of my not religious views. It was not fuzzy.”"
Katie T NDE 278,nderf,data\nderf\01385_katie-t-nde.json,1,no,no,not_mentioned,not_mentioned,implied,not_mentioned,no,family_responsibility,implied,no,“I had things to do… I didn't know exactly what they were… my daughter was waiting for me.”,"“I was above them, behind their heads, as if I was on the ceiling.”; “being IN a light, a very bright, white light”; “It was as if I knew exactly how they thought and felt”; “There just are not words to describe it.”; “But I saw no 'God' and I did not 'know' the experience to be 'Heaven'.”"
Bonnie C NDE 7180/3540 NDE 3540,nderf,data\nderf\01581_bonnie-c-nde-7180-3540-nde-3540.json,1,not_mentioned,not_mentioned,not_mentioned,not_mentioned,implied,not_mentioned,not_mentioned,not_mentioned,not_mentioned,not_mentioned,,"""When I saw my Electro-cardio Gram (EKG) read-out go flat-line, I was instantly out of my body""; ""It felt as if I was positioned centrally in a doorframe that opened into another realm""; ""It was not a tunnel""; ""This ‘space’... was completely filled with white light""; ""I was feeling a sense of what was happening was more real than my life in my body""; ""I had no fear or anxiety whatsoever."""
Elisa P NDE 3472,nderf,data\nderf\01579_elisa-p-nde-3472.json,1,not_mentioned,not_mentioned,not_mentioned,not_mentioned,yes_explicit,not_mentioned,not_mentioned,other,not_mentioned,not_mentioned,,"“I didn't have a body; I was immaterial.” “Slowly I saw a bright light around me, by instinct I know that was 'the line', the 'passage' and if I passed through it, I was dead.” “In this time, I knew all the energy into world. I know all.”"
Lindsey S NDE 3532,nderf,data\nderf\01575_lindsey-s-nde-3532.json,1,no,no,not_mentioned,not_mentioned,implied,not_mentioned,no,family_responsibility,implied,no,Told by her father/others: 'It's not your time. Your children need you.' She understood she had to finish raising her children.,'Step away from the car' ... 'Lindsey' ... 'Daddy?' ... 'It's not your time. Your children need you.' ... 'It is not your time.'
Kate D NDE 3518,nderf,data\nderf\01570_kate-d-nde-3518.json,1,no,no,not_mentioned,spiritual_realm,not_mentioned,none,no,not_mentioned,no,no,,"'Grandpa, where are we going?' / 'I'm taking you home, Sam, I'm taking you home.'"
Michelle P NDE 3505,nderf,data\nderf\01563_michelle-p-nde-3505.json,1,no,no,not_mentioned,not_mentioned,yes_explicit,none,no,family_responsibility,no,no,,"""If this is dying, then it's not as bad as everyone thinks it is."" / ""But I am too young to die now."""
Mouse NDE 3498,nderf,data\nderf\01556_mouse-nde-3498.json,1,no,no,not_mentioned,spiritual_realm,not_mentioned,not_mentioned,no,not_your_time,no,no,,"'Breathe, you need to breathe.' 'It was not the right time for me to come home.' 'You have to back, it is not your time.'"
Michael R Possible NDE 3489,nderf,data\nderf\01548_michael-r-possible-nde-3489.json,1,no,no,not_mentioned,not_mentioned,implied,not_mentioned,no,no_reason_given,no,no,,“It was like closing your eyes and opening them to black and nothing.”
Lois M NDE 3482,nderf,data\nderf\01543_lois-m-nde-3482.json,1,no,no,not_mentioned,not_mentioned,implied,not_mentioned,no,family_responsibility,no,no,,“I was above my body.” “Then I saw this bright light in the corner…” “Then I was pulled in like ‘hyper speed’ towards this light.” “I yelled NO!” “Pick one.” “All life is important. Each and every one of us were created for a reason. We are all special.” “I was not afraid of death etc. Felt like I was one with all life forms and all God's creations.”
Debra C NDE 3477,nderf,data\nderf\01542_debra-c-nde-3477.json,1,no,no,not_mentioned,not_mentioned,yes_explicit,not_mentioned,no,family_responsibility,implied,no,Told her her mother would need her later in life and she needed to show her the way later on.,"“WOW I am still alive but I am in spirit form.” “Once again, can't explain in words.” “As soon as I made the choice to stay it was like a flash like no other and I was shoved back into my body. I was mad!”"
Rick J NDE 2883,nderf,data\nderf\01532_rick-j-nde-2883.json,1,not_mentioned,implied,not_mentioned,not_mentioned,not_mentioned,not_mentioned,not_mentioned,not_mentioned,not_mentioned,not_mentioned,,"""I fell in a dark hole.""; ""a multitude of prisms as it were, shining out their clear colors.""; ""as if I had yet to be born and that the choices in that life had to be made now.""; ""I have faultless intuition and invisible help."""
Rita Probable NDE 3275,nderf,data\nderf\01521_rita-probable-nde-3275.json,1,no,no,not_mentioned,spiritual_realm,not_mentioned,not_mentioned,no,no_reason_given,not_mentioned,not_mentioned,,"“That's not my right place.”; “Suddenly, I fell in a black hole and I was in the prison of my body.”"
Kolleen NDE 1079,nderf,data\nderf\01518_kolleen-nde-1079.json,1,not_mentioned,not_mentioned,chose_both,not_mentioned,not_mentioned,not_mentioned,not_mentioned,earthly_mission,yes_explicit,yes_explicit,"Mary said: “I chose you, along with a few others, to try to awake the consciousness of humanity; that’s the last chance I shall give them.”","“I chose you, along with a few others, to try to awake the consciousness of humanity; that’s the last chance I shall give them. They all think they are God, so I consider they don’t need me anymore.”"
Paul B NDE 16,nderf,data\nderf\01510_paul-b-nde-16.json,1,no,no,not_mentioned,not_mentioned,implied,not_mentioned,no,not_your_time,no,no,,"""NO!... NOT YET!""; ""Easy, my son.""; ""encased in a three-dimensional inky black void""; ""moving silently downward, as if on an elevator""; ""propelled downward with great force and slammed back into my body."""
Patti D Probable NDE 28,nderf,data\nderf\01503_patti-d-probable-nde-28.json,1,not_mentioned,not_mentioned,not_mentioned,not_mentioned,implied,not_mentioned,not_mentioned,no_reason_given,not_mentioned,not_mentioned,,"""the womb of existence""; ""in"" and ""out in the void""; ""like having a reference library delivered to you and you haven't read anything yet.""; ""touch and go there for a while""."
Jack NDE 71,nderf,data\nderf\01490_jack-nde-71.json,1,no,no,not_mentioned,not_mentioned,yes_explicit,none,no,earthly_mission,yes_explicit,no,"Told 'TELL THEM! TELL THEM! TELL THEM!' and 'you have not finished your mission on earth,' but not told what to tell them or what the mission was.",'TELL THEM! TELL THEM! TELL THEM!' ; 'Jack! You must go back. You have not finished your mission on earth.'
Cal G Possible NDE 121,nderf,data\nderf\01479_cal-g-possible-nde.json,1,no,no,not_mentioned,not_mentioned,implied,not_mentioned,no,family_responsibility,no,no,,"“Suddenly, the environment began to change, and I saw two worlds, dual dimensions.”"
Elaine G NDE 2201,nderf,data\nderf\00618_elaine-g-nde-2201.json,1,no,no,not_mentioned,not_mentioned,implied,not_mentioned,no,not_your_time,no,no,,"“All around me was a green meadow, and it was still and quiet. It was bright sunshine.”"
Anthony C NDE 2202,nderf,data\nderf\00617_anthony-c-nde-2202.json,1,no,no,not_mentioned,not_mentioned,yes_explicit,not_mentioned,no,no_reason_given,not_mentioned,not_mentioned,,"""Then I was outside my body looking at myself under water""; ""I could see all around me 360 degrees""; ""I sensed a very bright light above me but it was not the sun, it was omnipresent""; ""WHAM! I was back in my body""."
Laura R NDE 2182,nderf,data\nderf\00612_laura-r-nde-2182.json,1,no,no,not_mentioned,not_mentioned,yes_explicit,not_mentioned,no,not_mentioned,no,no,,"“I saw my tiny form curled up in a fetal position receding away from me, down into the dark green water.” “I felt as if I were breathing, yet I was still under water.” “I struggled toward it, like a moth to a flame.” “I want to break through the surface and come into the light.”"
Marguerite S Possible NDE 2186,nderf,data\nderf\00610_marguerite-s-possible-nde-2186.json,1,not_mentioned,not_mentioned,not_mentioned,not_mentioned,implied,not_mentioned,not_mentioned,not_your_time,yes_explicit,no,"Purpose framed as a “test”: be nice, love everybody, help others, appreciate God’s gifts, and “let them know not to be afraid to die and that they would see people who had died again.”",“It was clear and it turned this life into the dream.”; “like we were in a giant space with no floor or top or sides.”; “Then the man (maybe he was Jesus… ) said I had to go back.”
Van R NDE 3665,nderf,data\nderf\01669_van-r-nde-3665.json,1,not_mentioned,not_mentioned,not_mentioned,not_mentioned,implied,not_mentioned,not_mentioned,no_reason_given,not_mentioned,not_mentioned,,"“It felt more like I was slipping away from life slowly and I couldn't stop it.”; “I felt I was still alive, just not in my body and even shocked that I was still functioning.”; “At one point, I had a feeling come over my body as if it was telling me to accept it and the pain would go away.”; “The moment I did accept my situation the feeling of calm and peace came over me.”; “When I left the hospital and even two days or so after that, I wasn't sure what reality really was.”"
Alfonso SD NDE 3618,nderf,data\nderf\01666_alfonso-sd-nde-3618.json,1,no,no,not_mentioned,not_mentioned,implied,not_mentioned,no,not_mentioned,no,no,,"""calm, calm... you can make it."" / ""Okay wise guy, you've got this far, here is what death is about, nothing, store closed, the end!"" / ""Where is the damned tunnel? I don't see it."""
Olivia G NDE3643 NDE 3643,nderf,data\nderf\01655_olivia-g-nde3643-nde-3643.json,1,no,no,not_mentioned,not_mentioned,implied,not_mentioned,no,family_responsibility,no,no,,"""Here I am Lord, You have me here, and whatever you want let that be your Will.""; ""In that moment, I saw a dark void.""; ""I knew it was Him, and at the depth of the Void a sacred heart.""; ""hearing was much more acute, I couldn't speak, only listen.""; ""these gave the atmosphere in my room a feeling of Peace that I cannot describe."""
Bridget F NDE3648 NDE 3648,nderf,data\nderf\01654_bridget-f-nde3648-nde-3648.json,1,no,no,not_mentioned,not_mentioned,implied,not_mentioned,no,other,yes_explicit,no,"""Now you have to live the truth.""","“I’ll take that, it’s for me.” / “You are forgiven… To be flesh is to sin… There is no fault in being human.” / “Now you have to live the truth.” / “Don’t worry, I just talked to G-d, everything is going to be alright”."
Christopher E OBE3652 NDE 3652,nderf,data\nderf\01651_christopher-e-obe3652-nde-3652.json,1,no,no,not_mentioned,not_mentioned,implied,not_mentioned,no,not_your_time,no,no,,"""I discovered that I was double!""; ""there was no day time light no darkness but very visible.""; ""stretch my hand and jump into the body... stretching like a diver!"""
Cabell M NDE3642 NDE 3642,nderf,data\nderf\01649_cabell-m-nde3642-nde-3642.json,1,not_mentioned,not_mentioned,not_mentioned,not_mentioned,implied,not_mentioned,no,not_mentioned,not_mentioned,not_mentioned,,“There was a huge light and my soul was at a learning point… our lives spent here in body… is to learn as much as we can.”
Denise N Possible NDE 3602,nderf,data\nderf\01623_denise-n-possible-nde-3602.json,1,no,no,not_mentioned,not_mentioned,implied,not_mentioned,no,not_mentioned,no,no,,"'I was no longer lying in the dentist chair, but looking down on myself.'; 'It was almost like watching a black and white movie without sound.'; 'I was urged to do something about the scene - told to take the mask off the girl's face.'; 'I do not need this.'; 'time was not something that factored into this situation.'"
Kimberly F NDE 3571,nderf,data\nderf\01605_kimberly-f-nde-3571.json,1,no,no,not_mentioned,spiritual_realm,not_mentioned,not_mentioned,no,not_your_time,implied,no,Told: 'it is not your time' and in the later dream-like segment: 'the Father says you still have much to do and cannot return home yet.',"“Why can't I come home?” “You cannot come home yet.” “No, not yet, it is not your time.” “You are not alone; you never have been and never will be.” “...the Father says you still have much to do and cannot return home yet.”"
Lesley B NDE 3569,nderf,data\nderf\01603_lesley-b-nde-3569.json,1,no,no,not_mentioned,spiritual_realm,not_mentioned,not_mentioned,no,not_your_time,no,no,,“It felt like I was at the door of a birthday party (I was three) and the door was about to be opened...”; “...my relatives said to me that it was not time yet and to go back and behave myself.”; “They have given me this big house in heaven and I dream about it...”
Carolyn H NDE 16013,nderf,data\nderf\01592_carolyn-h-nde-16013.json,1,no,no,not_mentioned,spiritual_realm,not_mentioned,not_mentioned,no,not_your_time,no,not_mentioned,,“He told me I am not ready to come home.”
Jennifer H Probable NDE 3548,nderf,data\nderf\01587_jennifer-h-probable-nde-3548.json,1,no,no,not_mentioned,spiritual_realm,not_mentioned,not_mentioned,no,not_your_time,no,no,,'It isn't the right time yet.'
Susan R NDE 3545,nderf,data\nderf\01584_susan-r-nde-3545.json,1,no,no,not_mentioned,not_mentioned,yes_explicit,not_mentioned,no,not_your_time,no,no,,"“That is when I noticed that I was watching myself.” “Get the doctor, we have no pulse.” “Stop! She's gone. The only reason she has stopped bleeding is that she has no more blood left.” “Stop! Please stop! I do not want to come back!” “He was telling me it was not my time.” “Come here sister.” “They need you, go.” “Fuck - you're alive!” “Stand down soldier, she is dead.”"
Fanny B Probable NDE 3711,nderf,data\nderf\01706_fanny-b-probable-nde-3711.json,1,not_mentioned,not_mentioned,not_mentioned,not_mentioned,implied,not_mentioned,not_mentioned,no_reason_given,not_mentioned,not_mentioned,,"“I was in the middle of nowhere, I could see all around me in the same time, 360 degrees.”; “The whole room was lit by a kind of light bright but not hurting, there was no corner, no shadow…”; “all a sudden I felt my soul fall down heavily into my body and all the suffering came back at the same time.”"
Flannigan D Probable NDE3708 NDE 3708,nderf,data\nderf\01705_flannigan-d-probable-nde3708-nde-3708.json,1,no,no,not_mentioned,not_mentioned,implied,not_mentioned,no,not_your_time,no,no,,"'I am right here, Don, but you cannot see me, but I will always be near you.'"
Newie NDE3706 NDE 3706,nderf,data\nderf\01704_newie-nde3706-nde-3706.json,1,no,no,not_mentioned,spiritual_realm,not_mentioned,none,no,not_your_time,no,no,,Female voice: 'It's not your time yet.' Experiencer: 'I've had a stroke and my left side is paralyzed. What better time could there be?'
Mary G SOBE 21870 NDE 21870,nderf,data\nderf\01699_mary-g-sobe-21870-nde-21870.json,1,implied,no,not_mentioned,not_mentioned,not_mentioned,not_mentioned,no,no_reason_given,no,no,,"“Suddenly I was behind myself, looking at the event taking place. No more fear--no pain. Just peace.” “Then I saw an amazing pure white light coming from inside my lower back.” “It was really indescribable but felt like love on the highest level I have ever experienced.” “I believe I was very privileged to witness my daughter's soul entering her body.”"
Derek C NDE3694 NDE 3694,nderf,data\nderf\01693_derek-c-nde3694-nde-3694.json,1,no,no,not_mentioned,spiritual_realm,not_mentioned,not_mentioned,no,family_responsibility,no,no,,"“Mom, if it's this easy, why are we so afraid?”; “Enough is enough, you're coming home!”; “No, I can't go with you!... I have to take care of my kids.”; “Fifty minutes.”"
Roxanne H NDE3698 NDE 3698,nderf,data\nderf\01690_roxanne-h-nde3698-nde-3698.json,1,no,no,not_mentioned,not_mentioned,implied,none,no,not_mentioned,no,no,,"""Roxanne, come to my house and we can make bread.""; ""Ummm, grandma is going to be so mad at you.""; ""they now call me the miracle woman."""
Justin M NDE 3699,nderf,data\nderf\01689_justin-m-nde-3699.json,1,no,no,not_mentioned,not_mentioned,implied,not_mentioned,no,earthly_mission,yes_explicit,no,"""You have to go back, I have plans for you!""","""You have suffered an injury, and that is why your here.""; ""You'll be alright.""; ""You have to go back, I have plans for you!""; ""I didn't wanna go back""; ""I love you."""
Hosin F Possible NDE 3663,nderf,data\nderf\01684_hosin-f-possible-nde-3663.json,1,no,no,not_mentioned,not_mentioned,implied,not_mentioned,no,no_reason_given,no,no,,"“I entered to a black eerie and awesome world looking like a long tunnel.” “The speed was much more light speed, but it was fun.” “I couldn't see my body so I knew that I had left it behind, it was on the bed and my family was crying there.” “this new world looked like our world at sunrise time, with some clouds, with wafts of breeze.”"
Pam C Probable NDE16032 NDE 16032,nderf,data\nderf\01683_pam-c-probable-nde16032-nde-16032.json,1,not_mentioned,not_mentioned,not_mentioned,spiritual_realm,not_mentioned,not_mentioned,no,not_your_time,no,no,,"""It was like being home again."" ""There was an overwhelming feeling of love."" ""It was like a reunion."""
Leo P NDE 1117,nderf,data\nderf\00636_leo-p-nde-1117.json,1,not_mentioned,not_mentioned,not_mentioned,not_mentioned,yes_explicit,not_mentioned,no,no_reason_given,no,no,,"'Hi! What are you lugging behind?' / 'You don't need it anymore!' / 'You just need to really want it, that's very easy.' / 'What was your intention?' / 'There's nothing there!' / 'Who are you? How do you do that?'"
Jack C Probable NDE 2244,nderf,data\nderf\00630_jack-c-probable-nde-2244.json,1,no,no,not_mentioned,not_mentioned,implied,not_mentioned,no,no_reason_given,no,no,,"“It is possible to move just by thinking.” “This light provided sustenance.” “The feeling of indescribable wellbeing and comfort was completely overwhelming.” “There was no sense of 'time' - it just didn't exist.” “If this is 'death', then I'm for it!”"
Mari C NDE 184,nderf,data\nderf\00629_mari-c-nde.json,1,no,no,not_mentioned,not_mentioned,implied,not_mentioned,no,earthly_mission,not_mentioned,no,,“I was enveloped in light and exquisite and infinite love.” / “There seemed to be a collective consciousness who welcomed me… I was the one responsible for the decision to stay or go back.” / “These experiences have stayed crystal clear and as fresh as when they occurred.”
Richard P NDE 2236,nderf,data\nderf\00626_richard-p-nde-2236.json,1,no,no,not_mentioned,spiritual_realm,not_mentioned,not_mentioned,no,family_responsibility,not_mentioned,not_mentioned,,"""Richard, why are you here?"" / ""I want to come home."" / ""It's not time yet. You have more work to do. You have a family that loves you and that you need to take care of."" / ""You have to go back. You have to take care of your family."""
Larry L NDE 178,nderf,data\nderf\00626_larry-l-nde.json,1,not_mentioned,not_mentioned,not_mentioned,spiritual_realm,not_mentioned,not_mentioned,not_mentioned,family_responsibility,not_mentioned,not_mentioned,,"“Do you want to stay or do you want to go back?”; “I never felt so good and at home in all my life experiences on Earth.”; “I saw a 'dot' of light, no bigger than a match-head.”"
Debora E NDE 2223,nderf,data\nderf\00620_debora-e-nde-2223.json,1,no,no,not_mentioned,not_mentioned,yes_explicit,not_mentioned,no,family_responsibility,no,no,,“I floated up to the ceiling and could see my body lying on the table.” “I heard a whooshing sound and was being propelled up through a dark tunnel towards a light.” “The voice said that it was not my time.” “I had not had my children yet so I had to go back.”
Bill W NDE 180,nderf,data\nderf\00619_bill-w-nde.json,1,not_mentioned,not_mentioned,not_mentioned,spiritual_realm,not_mentioned,not_mentioned,not_mentioned,family_responsibility,yes_explicit,no,"Felt required to return to complete tasks; later concluded mission was to work with children and open a ""dungeon and dragons den"" (""Cody's Castle"").","“You can stay if you want, or you can go back. But if you go back, you have to do something.”; “Billy, you can't come in. You can't stay, you have to go back.”; “Here is your power.”; “He's back.”"
Thomas B NDE 3820,nderf,data\nderf\01795_thomas-b-nde-3820.json,1,no,no,not_mentioned,not_mentioned,implied,none,no,family_responsibility,no,no,,“I felt that I was no longer part of this world but had easily slipped into another existence.”
Rhea V Probable NDE 3818,nderf,data\nderf\01793_rhea-v-probable-nde-3818.json,1,not_mentioned,not_mentioned,not_mentioned,spiritual_realm,not_mentioned,not_mentioned,not_mentioned,not_your_time,no,not_mentioned,,"“This was home, and I wanted to be there completely.”; “I wasn't done yet, and I had to go back.”; “like traveling over grooves on a cosmic phonograph record.”; “find the right 'time slot' or 'groove'”"
Mark G NDE 3806,nderf,data\nderf\01784_mark-g-nde-3806.json,1,no,no,not_mentioned,not_mentioned,implied,not_mentioned,no,no_reason_given,no,no,,“Don't feel sad about me. You will all be dead soon enough so live your life and enjoy it.”
Keith R NDE 3799,nderf,data\nderf\01778_keith-r-nde-3799.json,1,not_mentioned,not_mentioned,not_mentioned,spiritual_realm,not_mentioned,not_mentioned,not_mentioned,no_reason_given,not_mentioned,not_mentioned,,"“Then somehow, I was in the presence of sort of a field of love that was totally wonderful. I felt like I was really 'HOME'.” / “Words cannot truly describe it.” / “I was angry that I was no longer in the field of love and tranquility.”"
Marie B NDE 3794,nderf,data\nderf\01775_marie-b-nde-3794.json,1,not_mentioned,not_mentioned,not_mentioned,not_mentioned,implied,not_mentioned,not_mentioned,family_responsibility,not_mentioned,not_mentioned,,"“Instantly, I felt myself rising up into the air and gazing down below at my body.”; “I immediately felt REVULSION to that body and thought 'how grotesque'.”; “Oh no, I don't want to die now - my father and my dog need me.”; “I guess my body was unconscious, but my spirit was fully awake.”"
Haley L NDE 3778,nderf,data\nderf\01767_haley-l-nde-3778.json,1,no,no,not_mentioned,not_mentioned,implied,not_mentioned,no,not_your_time,no,no,,"“I suddenly wasn't in the truck anymore. I was standing in the road, looking around, but I wasn't in my body.”"
Auriel P Probable NDE 3764,nderf,data\nderf\01758_auriel-p-probable-nde-3764.json,1,no,no,not_mentioned,spiritual_realm,not_mentioned,not_mentioned,no,not_your_time,yes_explicit,no,"She believed she was brought back for a purpose, mainly to share her story to help others find strength, truth and peace in Jesus Christ.",“The best way I can describe it is if you put a big soft fuzzy blanket in the dryer and then wrapped it around your bare skin.” “I was going home.” “No. It’s not time yet. We have to take you back.”
Frances H NDE 3757,nderf,data\nderf\01752_frances-h-nde-3757.json,1,not_mentioned,not_mentioned,not_mentioned,spiritual_realm,not_mentioned,not_mentioned,not_mentioned,earthly_mission,yes_explicit,not_mentioned,Told she had to come back and had a purpose/mission to complete; she does not recall the specific purpose.,"""popped' up and out of my body""; ""I'm not dead I'm alive, more alive than I had ever felt before!""; ""My spirit went straight to the Light.""; ""I know I was told that I had to come back."""
Kristy C NDE 3745,nderf,data\nderf\01744_kristy-c-nde-3745.json,1,no,no,not_mentioned,not_mentioned,implied,not_mentioned,no,no_reason_given,not_mentioned,no,,"“Next thing I knew, I was standing over the doctor watching them work on me, I wasn't scared I was fascinated.” “The light was brilliant, but it did not hurt!” “Not just my own knowledge but knowledge of everything.” “I remember sitting in the meadow… asking to cross a small free flowing stream, and not being allowed.” “I started sobbing telling them I didn't want to come back… begging for them to send me back to the light.”"
John S NDE and Possible NDE 3742,nderf,data\nderf\01739_john-s-nde-and-possible-nde-3742.json,1,no,no,not_mentioned,not_mentioned,yes_explicit,not_mentioned,no,earthly_mission,implied,no,He reports being told people were not nice and the robed figure said 'that was what I was there for anyways.',"“Why did you save me?”; “we were friends that we knew each other.”; “Hey man, you got wings!”; “that was what I was there for anyways.”; “I cried like a baby and begged to stay.”"
Jackie R NDE 3740,nderf,data\nderf\01738_jackie-r-nde-3740.json,1,no,no,not_mentioned,not_mentioned,implied,not_mentioned,no,not_your_time,no,no,,"""You must go back, you cannot stay here!""; ""walking into a grey zone, another plane that was like a duplicate of this Earth."""
Shirley R NDE 3737,nderf,data\nderf\01736_shirley-r-nde-3737.json,1,not_mentioned,not_mentioned,not_mentioned,spiritual_realm,not_mentioned,not_mentioned,not_mentioned,not_mentioned,not_mentioned,not_mentioned,,"“Standing at the light, that is not really a light like we know on earth, I felt I finally was home after a long, long journey.”"
Cathy B NDE 3732,nderf,data\nderf\01732_cathy-b-nde-3732.json,1,yes_explicit,no,not_mentioned,not_mentioned,not_mentioned,not_mentioned,not_mentioned,no_reason_given,not_mentioned,not_mentioned,,“I had a flash of my entire life including pre-birth.”; “Then I was up and looking down at my back and I wasn't scared…”; “I remember looking up and being pulled/sucked toward a great white light.”; “I was only there for a moment before I was sucked back and then I was breathing again.”; “I felt really weird after.”
George L NDE 21905,nderf,data\nderf\01729_george-l-nde-21905.json,1,not_mentioned,not_mentioned,not_mentioned,not_mentioned,yes_explicit,not_mentioned,not_mentioned,not_mentioned,not_mentioned,not_mentioned,,“Then I died. My soul or spirit left my body at that moment...”; “I was floating with my hand on my mom and dad's shoulders...”; “I was looking down at my body with all the doctors and tubes...”; “I saw this white shape... It was shaped a lot like me... it slowly laid into my body... and that's when I came back to life.”
John S Probable NDE3718 NDE 3718,nderf,data\nderf\01711_john-s-probable-nde3718-nde-3718.json,1,no,no,not_mentioned,not_mentioned,implied,not_mentioned,no,no_reason_given,no,no,,'If only the dear one knew how much he was loved!'
Stella NDE3697 NDE 3697,nderf,data\nderf\01708_stella-nde3697-nde-3697.json,1,not_mentioned,not_mentioned,not_mentioned,spiritual_realm,not_mentioned,not_mentioned,not_mentioned,earthly_mission,implied,no,"Told by God: 'go back, and my Will be done for their good!'","“Then I was home.” / “Time meant nothing: it does not exist.” / “Now you can return in peace.” / “So if you love me and you love mankind as much as you love me -go back, and my Will be done for their good!” / “I re-entered my body as though I was putting on a glove, first the fingers then finally the rest of the hand.”"
Pierre Q FDE 2130 NDE 2130,nderf,data\nderf\00568_pierre-q-fde-2130-nde-2130.json,1,no,no,not_mentioned,not_mentioned,implied,not_mentioned,no,not_mentioned,no,no,,"“My soul was leaving, fleeing my body.” “This was the supreme state of this experience, perfect happiness and complete silence all around me.”"
Thomas F NDE 2117,nderf,data\nderf\00564_thomas-f-nde-2117.json,1,no,no,not_mentioned,spiritual_realm,not_mentioned,none,no,not_mentioned,not_mentioned,no,,"“We thought we were going to lose you” and “My return back into my body was more of a forceful entry, not anything gentle.”"
Simran W NDE 3951/4966 NDE 4966,nderf,data\nderf\01885_simran-w-nde-3951-4966-nde-4966.json,1,no,no,not_mentioned,spiritual_realm,not_mentioned,not_mentioned,not_mentioned,not_mentioned,implied,no,States they must 'obey the message until He calls me back' and is 'trying my best to spread the LOVE and PEACE God has for all of us.',"“You will leave everything behind. Your loved ones, the hard-earned awards, money, even your clothes. You will come to me empty handed”."
Julianna D NDE 3945,nderf,data\nderf\01882_julianna-d-nde-3945.json,1,no,no,not_mentioned,spiritual_realm,not_mentioned,not_mentioned,no,earthly_mission,yes_explicit,no,Told she was being sent back to 'fix your life and start new' and to 'Fix everything that has gone wrong. Fix everything that was your fault. Just admit to what you did wrong. Do not remind anyone else what they did.',“God made you for a purpose. Trust me. I know this.” / “I'm going to walk you through your life.” / “Fix everything that has gone wrong. Fix everything that was your fault. Just admit to what you did wrong. Do not remind anyone else what they did.” / “I belong here. Now and forever.”
Isaac L NDE 22019,nderf,data\nderf\01880_isaac-l-nde-22019.json,1,not_mentioned,not_mentioned,not_mentioned,not_mentioned,implied,not_mentioned,not_mentioned,not_mentioned,not_mentioned,not_mentioned,,"“I saw a light, and started to thrash and walk toward it. I seemed to move unnaturally slowly and fluidly.”"
V NDE 3928,nderf,data\nderf\01866_v-nde-3928.json,1,not_mentioned,not_mentioned,not_mentioned,spiritual_realm,not_mentioned,not_mentioned,not_mentioned,not_your_time,yes_explicit,no,"God told the experiencer to “stay true, 'follow the clues', and all would be well.”","“sucked backwards (at warp speed), as though 'through the roof'.” “Then the blackest black - nothingness. I saw no tunnel, no light - just blackness.” “Then, I was Home. Earth and this life were a bad summer camp, in comparison…” “I was 'sitting in God's lap', wrapped in the warmest embrace…” “We communicated telepathically.” “there are not, now, and will never be words to convey how this feels.” “Immediately, I knew that love is the only important thing.” “follow the clues”"
Norma B NDE 3889,nderf,data\nderf\01846_norma-b-nde-3889.json,1,not_mentioned,not_mentioned,not_mentioned,not_mentioned,implied,not_mentioned,not_mentioned,no_reason_given,not_mentioned,not_mentioned,,'Look at those splotches on her face!' 'She's not breathing!'
Vickie G NDE 21970,nderf,data\nderf\01845_vickie-g-nde-21970.json,1,no,no,not_mentioned,not_mentioned,implied,not_mentioned,no,other,no,no,,"“I was floating above my own body and the sensation was euphoric, it was a feeling of perfection in the highest form.” / “At the same time, it was as though all questions of the universe had been answered in that one moment.” / “the sensation in that split second was that I was being sucked back into my body.”"
Lauren H NDE 3885,nderf,data\nderf\01836_lauren-h-nde-3885.json,1,no,no,not_mentioned,spiritual_realm,not_mentioned,not_mentioned,no,not_your_time,not_mentioned,no,,"VERY bright, yet not blinding light. ""We lost her"" ... ""She's okay."" ""sucked"" backwards into life."
Carole NDE 3880,nderf,data\nderf\01834_carole-nde-3880.json,1,no,no,not_mentioned,spiritual_realm,not_mentioned,not_mentioned,no,earthly_mission,yes_explicit,no,"A higher power told her, ""You are not finished yet. You cannot die. There is so much more you have to do."" She later taught nursing and teaching others to care for others.","""Oh my God, her lips are turning blue."" / ""what are they all scared for? Why is everyone running around?"" / ""LOVE"" / ""You are not finished yet. You cannot die. There is so much more you have to do."""
Chen M NDE 3866,nderf,data\nderf\01828_chen-m-nde-3866.json,1,no,no,not_mentioned,not_mentioned,implied,not_mentioned,no,family_responsibility,no,no,,“Our flesh is like a TV set and our consciousness is the signal. The signal still exists even when the TV set is broken.”
Damaska C NDE 21944,nderf,data\nderf\01823_damaska-c-nde-21944.json,1,no,no,not_mentioned,not_mentioned,yes_explicit,not_mentioned,no,not_your_time,no,no,,"“Instantly, I was outside my body, surrounded by a landscape of natural beauty.” / “I heard a voice say, ‘it isn’t your time, go back.’” / “Then I was just pushed into my body.”"
Raymond C NDE 3857,nderf,data\nderf\01821_raymond-c-nde-3857.json,1,not_mentioned,not_mentioned,not_mentioned,not_mentioned,implied,not_mentioned,not_mentioned,not_mentioned,not_mentioned,not_mentioned,,“I didn't see a light or deceased loved ones but I recall looking at (although I had no eyes or a body) a bluish green almost translucent membrane.”
Michael H NDE 3853,nderf,data\nderf\01819_michael-h-nde-3853.json,1,not_mentioned,not_mentioned,not_mentioned,spiritual_realm,not_mentioned,not_mentioned,not_mentioned,not_mentioned,not_mentioned,not_mentioned,,“I was in an atmosphere of absolute white that had no ending anywhere. It was an unending white void.”
Nora NDE 3843,nderf,data\nderf\01813_nora-nde-3843.json,1,not_mentioned,not_mentioned,not_mentioned,not_mentioned,implied,not_mentioned,not_mentioned,not_mentioned,not_mentioned,not_mentioned,,"""I feel my spirit lifted from by body - more specifically by my shoulders.""; ""the whole ceiling (the pool was indoors) was this gorgeous white light, as if a portal""; ""What should we do?""; ""I don't speak Hindi""; ""I remember looking down and having my whole life explained""; ""feeling like I had a choice to live."""
Kathy T NDE 3822,nderf,data\nderf\01796_kathy-t-nde-3822.json,1,not_mentioned,not_mentioned,not_mentioned,spiritual_realm,not_mentioned,not_mentioned,not_mentioned,no_reason_given,not_mentioned,not_mentioned,,"“The next I knew, I was up in the corner of the room, where the walls and the ceiling join.” / “It was a soft, luminous light, definitely tunnel like.” / “There are no words to accurately describe the feeling. Peace, contentment, and home - nothing comes close to being accurate.” / “No, I'm not ready to go yet.” / “Suddenly, my chest exploded in pain and all went black.”"
Cinta J NDE 3997,nderf,data\nderf\01915_cinta-j-nde-3997.json,1,not_mentioned,not_mentioned,not_mentioned,spiritual_realm,not_mentioned,not_mentioned,no,not_mentioned,no,no,,"“No bright lights, no floating towards the light, I was just in another place, somewhere I'd always been.” / “It was more real to me than anything else I'd ever experienced.” / “It was like having happiness running through your veins.” / “We thought we'd lost you for a couple of minutes there.” / “...the only thing that filled my mind was the word 'bereft'.” / “I know that this world is a very poor copy of what I had.”"
Paul H NDE 3994,nderf,data\nderf\01913_paul-h-nde-3994.json,1,no,no,not_mentioned,not_mentioned,implied,none,no,no_reason_given,no,no,,"""Everything went dark, but then immediately it turned in to a vast place with no dimensions, time or sound."" 
""I just enjoyed the most wonderful peace and unconditional love."" 
""No one came to me or even telepathically told me it was time to go back."" 
""We seemed to have merged together and were both sucked down a very clear tubing."""
Karyl M NDE 3976,nderf,data\nderf\01900_karyl-m-nde-3976.json,1,no,no,not_mentioned,not_mentioned,implied,not_mentioned,no,other,implied,no,Told she had taught her girls all she needed to from Earth and could show them the rest from the other side.,"""I was lying on my back, with my arms crossed, like I was in a casket.""; ""Within a few seconds, a lady appeared to tell me that I had a choice, and that I was young.""; ""I was bolted back into my old body""; ""he told me that I had taught my girls all that I need to from this earth, and the rest I can show them from the other side.""; ""The only thing I heard was one short sentence, and he told me to come on!""; ""I yelled at her for not letting me get to God."""
Jessica G NDE 3972,nderf,data\nderf\01899_jessica-g-nde-3972.json,1,no,no,not_mentioned,not_mentioned,implied,not_mentioned,no,family_responsibility,no,no,,“I felt peaceful clarity. I was aware of the circumstances and knew I was dying.”
Dave N NDE 3970,nderf,data\nderf\01897_dave-n-nde-3970.json,1,no,no,not_mentioned,not_mentioned,implied,not_mentioned,no,not_mentioned,no,no,,"“I was in spirit outside of my body.” “I tried to cry out ‘poison’, but to no avail.” “I awakened into a blinding light… mountains… a valley with a beautiful river flowing… into the ocean, untouched by humans.” “Honey, you’ve been here twenty days.”"
Jan L Probable NDE 3968,nderf,data\nderf\01896_jan-l-probable-nde-3968.json,1,not_mentioned,not_mentioned,not_mentioned,spiritual_realm,not_mentioned,not_mentioned,not_mentioned,no_reason_given,not_mentioned,not_mentioned,,“He asked me if I wanted to enter the light.” “It felt like home.” “I can't really describe the joy or calm I felt.” “Somehow it was decided for me not to go with him and I returned to my body.”
Christy B NDE 3964,nderf,data\nderf\01894_christy-b-nde-3964.json,1,not_mentioned,not_mentioned,not_mentioned,spiritual_realm,not_mentioned,not_mentioned,not_mentioned,not_your_time,no,no,,"“I didn't want to go because I felt like I was Home!”; “I felt a very powerful, all-loving, and content sensation.”; “I was surrounded with a powerful energy source. I was a source of positive energy myself.”"
Richard R NDE 3955,nderf,data\nderf\01887_richard-r-nde-3955.json,1,no,no,not_mentioned,not_mentioned,implied,not_mentioned,no,not_your_time,no,no,,"“There was this most amazing bright light.”; “All of a sudden, I was in the most beautiful place.”; “Every member of my family and friends who had died was there, even my dogs.”; “It wasn't my time yet.”; “I know that I am not going to die when my body dies.”"
Mary S NDE 2190,nderf,data\nderf\00605_mary-s-nde-2190.json,1,no,no,not_mentioned,spiritual_realm,not_mentioned,not_mentioned,no,other,not_mentioned,no,,"""Bye, I'm going."" / ""Home."" / ""Are you ready to die?"" / ""Are you sure because you are half-way there."" / ""No, I am not ready."" / ""Very well, let it be written, let it be done."""
Jim B NDE 22252/2176 NDE 2176,nderf,data\nderf\00601_jim-b-nde-22252-2176-nde-2176.json,1,not_mentioned,not_mentioned,not_mentioned,not_mentioned,implied,not_mentioned,not_mentioned,no_reason_given,no,not_mentioned,,"“It was like watching High Definition TV, as compared to normal: all people and things were vivid; there was no darkness or shadows.”"
Mark H NDE 2175,nderf,data\nderf\00600_mark-h-nde-2175.json,1,no,no,not_mentioned,spiritual_realm,not_mentioned,not_mentioned,no,earthly_mission,yes_explicit,no,"“You must return; I have given you a task, you have not finished.” Later framed as loving more, accepting love, forgiving, and speaking/writing to help others about life and death.","“I felt as though I had come home.” / “Mark! You must go back!” / “You must return; I have given you a task, you have not finished.” / “It is not your choice now! It is his now!” / “It is the new Mark! The old one no longer exists” / “Most important: love is the answer!”"
Peter H NDE 2168,nderf,data\nderf\00596_peter-h-nde-2168.json,1,no,no,not_mentioned,not_mentioned,implied,not_mentioned,no,other,implied,no,"He felt he was “here to become complete in some way… then… graduate,” and if not complete he would “have to return until I'm ready it seems.”",“I was instead a pin cushion of electric energy.”; “(don't feel incomplete or you will go back to the FACTORY)”
Corina NDE 151,nderf,data\nderf\00592_corina-nde.json,1,no,no,not_mentioned,not_mentioned,implied,not_mentioned,no,family_responsibility,not_mentioned,no,,"“I will call the nurses, do not be afraid, everything will be alright.” / “Please God, don't let me be alone, where are you?” / “You have been given a second chance. I can take you the rest of the way, or you can go back”. / “I have to go back, my children still need me…” / “You're back! Oh! You gave all of us such a scare.”"
Guenter W NDE 153,nderf,data\nderf\00589_guenter-w-nde.json,1,no,no,not_mentioned,not_mentioned,implied,not_mentioned,no,earthly_mission,yes_explicit,no,Told to go back and tell the world what happened; warned about evil beings; shown he would become a 'new type of teacher' and must write a scientific report (but would forget; books would help).,"‘Love, pure, utter love came pouring down on me along with incredible warmth.’; ‘I can destroy you if you do not tell the truth about your being here!’; ‘This is your world! You do not belong to us!’; ‘Before doing this, you will have to write down everything that has happened to you. Every detail of it. You will have to make a scientific report.’; ‘And he really thought he could stay on!’"
Bob H NDE 20703,nderf,data\nderf\00577_bob-h-nde-20703.json,1,not_mentioned,not_mentioned,not_mentioned,not_mentioned,implied,not_mentioned,not_mentioned,not_mentioned,not_mentioned,not_mentioned,,"""I was above the pool about five -six feet up."" ""I remember saying aloud to myself I am all right."" ""I felt amazing, a feeling of total joy."" ""I could see and hear everything."" ""Just before I came back into my body, there was a lot of pain, but somehow I knew that it was just the pain of life."""
Khadija H NDE 2137,nderf,data\nderf\00572_khadija-h-nde-2137.json,1,not_mentioned,not_mentioned,not_mentioned,not_mentioned,yes_explicit,not_mentioned,not_mentioned,earthly_mission,not_mentioned,not_mentioned,,“I cannot breathe.”; “The brain is just like a computer - it is down...”; “I have suffered a severe concussion. We do not know if she will live through the night.”
Scott Y NDE 4111/5179 NDE 5179,nderf,data\nderf\01983_scott-y-nde-4111-5179-nde-5179.json,1,not_mentioned,not_mentioned,not_mentioned,not_mentioned,implied,not_mentioned,not_mentioned,not_your_time,not_mentioned,not_mentioned,,"“I saw my physical body on the bottom of the lake.”
“a long see-through tunnel. At the end of the tunnel was a very intense and bright light.”
“The light radiated love and peace.”
“I realized that it was not my time to die.”
“I became a lot more spiritual and had a desire to serve my fellow man.”"
Elisa R NDE 4109,nderf,data\nderf\01982_elisa-r-nde-4109.json,1,no,no,not_mentioned,spiritual_realm,not_mentioned,not_mentioned,no,other,not_mentioned,no,,"""I proceeded to drift into the light."" ""I heard a voice chanting my name, so I chose to come back to reality"" ""He asked me, 'Are you finished?'"" ""Heaven truly is my home - this earth is very temporary and time is simply an illusion"""
Forbes G NDE 4105,nderf,data\nderf\01979_forbes-g-nde-4105.json,1,no,no,not_mentioned,not_mentioned,implied,not_mentioned,no,no_reason_given,no,no,,"“Open your eyes.” / “OPEN YOUR EYES!” / “I was in a place that I am unable to describe.” / “the most wonderful feeling of peace, love, and contentment.” / “I am not scared to go there again.”"
Peter NDE 4098,nderf,data\nderf\01970_peter-nde-4098.json,1,no,no,not_mentioned,not_mentioned,implied,none,no,no_reason_given,no,no,,"'Wow, I'm dead. I guess the first law of thermodynamics is true'. 'To the most innocent'."
Lynne S NDE 4087,nderf,data\nderf\01965_lynne-s-nde-4087.json,1,no,no,not_mentioned,not_mentioned,implied,none,no,family_responsibility,implied,no,Told she would live a long life and had 'lots of work to do.',"Doctor: 'What the hell happened? She was fine a few minutes ago! Get the cart!' Beings: 'It isn't time for her.' 'But, you will have to do this all over again. You will live a long life and you have lots of work to do.' 'Who will take care of the baby?'"
Elizabeth NDE 4068,nderf,data\nderf\01960_elizabeth-nde-4068.json,1,no,no,not_mentioned,spiritual_realm,not_mentioned,not_mentioned,no,not_your_time,no,no,,“it was like a void… it is as if he did not allow me to enter into the light.”
John P Possible NDE 4065,nderf,data\nderf\01951_john-p-possible-nde-4065.json,1,no,no,not_mentioned,spiritual_realm,not_mentioned,none,no,not_your_time,no,no,,"""There was pitch-blackness no stars and I felt the most extreme cold.""; ""I was told it wasn't my time yet and that I would have to return, and that I would not be allowed to retain my knowledge.""; ""In our overall existence, we are but children. This is but a classroom.""; ""Wisdom is Light and Warmth. Ignorance is Dark and Bitter Cold."""
Geralyn AS NDE 4053,nderf,data\nderf\01948_geralyn-as-nde-4053.json,1,no,no,not_mentioned,not_mentioned,yes_explicit,not_mentioned,no,earthly_mission,yes_explicit,no,"Voice said: 'My child, go back, for you have much work left to do!'","'My child, go back, for you have much work left to do!'

' My child, this is not what I want for you!'"
David J NDE 4050,nderf,data\nderf\01947_david-j-nde-4050.json,1,no,no,not_mentioned,not_mentioned,yes_explicit,not_mentioned,not_mentioned,other,yes_explicit,no,"Must go back and live out life for three stated reasons (unfinished task, influence someone not yet met, insufficient learning yet). Also later instructed: 'Now is the time to tell your story, tell your story now.'","'Are you back, already?' / 'No, I am Not, and they don't like to be called that. They are the shepherd.' / 'You may not pass on from this. You must go back and live out your life...' / 'Tell no one of what you have learned here in this place on this day. It is not, yet time,' / 'Now is the time to tell your story, tell your story now.'"
Pattie T NDE 4047,nderf,data\nderf\01946_pattie-t-nde-4047.json,1,no,no,not_mentioned,spiritual_realm,not_mentioned,none,no,not_your_time,implied,no,Told she had to go back because she still had 'things to do.',“It's not your time yet. You have to go back as you still have things to do.” / “You have to go back - it's not your time to come back home yet.” / “what the hell am I doing in an ambulance?”
Miguel G NDE 4048,nderf,data\nderf\01938_miguel-g-nde-4048.json,1,no,no,not_mentioned,not_mentioned,yes_explicit,not_mentioned,no,earthly_mission,no,no,,'I left my body like a gunshot into the darkness.'; 'The feeling of peace was indescribable.'; 'I knew that once inside I would never come out.'; 'avalanches of ideas'; 'I could hear heartbreaking lamentations and suffering.'
Zoraida C Probable NDE 4028,nderf,data\nderf\01937_zoraida-c-probable-nde-4028.json,1,no,no,not_mentioned,not_mentioned,implied,not_mentioned,no,not_mentioned,no,no,,"“I felt as if I separated from my body and had the freedom to go wherever I wished. It felt as if I was flying.” / “I saw a whiter light, which seemed infinite, through a long and completely white tunnel…” / “I went through a black tunnel, which had red lights…” / “Then I heard a voice, which was my grandmother, deceased eleven years before.”"
Bobbi D NDE 4022,nderf,data\nderf\01936_bobbi-d-nde-4022.json,1,no,no,not_mentioned,spiritual_realm,not_mentioned,not_mentioned,no,other,no,no,,"'She's been through so much, and she should be allowed to stay.' / 'She goes back.' / 'No, no, please, no.'"
Carlos CP NDE 4013,nderf,data\nderf\01933_carlos-cp-nde-4013.json,1,no,no,not_mentioned,not_mentioned,implied,none,no,not_mentioned,not_mentioned,not_mentioned,,"'What's this? Where am I' ... 'Ah, that means I'm dead!'"
Don C NDE 4009,nderf,data\nderf\01921_don-c-nde-4009.json,1,no,no,not_mentioned,spiritual_realm,not_mentioned,not_mentioned,no,not_your_time,yes_explicit,no,"Told he “had a mission to fulfill,” his life would be “very hard,” and if he got through it he would be “allowed to return home.”",“I remember floating in the corner of the room above the operating table looking down at myself…”; “I was pulled through this tunnel to a white light…”; “it was not my time to enter into my heavenly home but had a mission to fulfill…”; “if I committed suicide I would not be allowed to come home.”
Ann T Possible NDE 4004,nderf,data\nderf\01919_ann-t-possible-nde-4004.json,1,no,no,not_mentioned,not_mentioned,yes_explicit,not_mentioned,no,not_mentioned,no,no,,"""About forty-five minutes later, I was looking down at myself from the ceiling of the airplane."" ""The clouds were white fluffy popcorn looking and it seemed so much brighter outside... it was nighttime outside and yet the clouds were so bright like it was high noon."" ""I was standing motionless above a large body of water... brilliant deep cobalt blue."" ""Every fiber of my being understood this being to be my Savior Jesus Christ."""
Mary L NDE 2073,nderf,data\nderf\00523_mary-l-nde-2073.json,1,no,no,not_mentioned,spiritual_realm,not_mentioned,none,no,not_mentioned,no,no,,"“I opened my eyes to the most beautiful brightly lit place - green grass, a pond/lake trees but this light eclipsed all.”"
Anne J NDE 2076,nderf,data\nderf\00521_anne-j-nde-2076.json,1,not_mentioned,not_mentioned,not_mentioned,not_mentioned,implied,not_mentioned,not_mentioned,not_mentioned,not_mentioned,not_mentioned,,“Time had no significance and space was me.”
Daniel E Possible NDE 103,nderf,data\nderf\00520_daniel-e-possible-nde.json,1,not_mentioned,not_mentioned,not_mentioned,spiritual_realm,not_mentioned,not_mentioned,not_mentioned,not_your_time,implied,no,"Implied ongoing earthly purpose: ""My time on earth wasn't up yet; there was still a purpose on Earth.""","""It was possible to see the surrounding bedroom and my body even though my eyes were closed.""; ""I was suddenly able to 'think' hundreds or thousands of times faster""; ""Time itself suddenly became infinite and irrelevant.""; ""access was given to knowledge; 'everything that ever was, is, and will be.'""; ""WE DON'T DIE."""
Lynne H NDE 4233,nderf,data\nderf\02064_lynne-h-nde-4233.json,1,no,no,not_mentioned,spiritual_realm,not_mentioned,not_mentioned,no,family_responsibility,no,no,,"""I slid upwards so my soul body was sitting i.e. my head was above the bed but my legs were still in my body.""; ""I felt I was floating up a tunnel or beam, like to a space ship, but it was all foggy and grey.""; ""It was as if I knew everything there was to know.""; ""It felt as if I could not fit into the body. It was like trying to push something large and soft into a small metal casket."""
Tina Probable NDE 4223,nderf,data\nderf\02057_tina-probable-nde-4223.json,1,not_mentioned,not_mentioned,not_mentioned,not_mentioned,implied,not_mentioned,not_mentioned,not_mentioned,not_mentioned,not_mentioned,,"""I was without a body as I floated down to a dry cracked lifeless plain""; ""They were dancing skeletons with rags and shreds of flesh on them.""; ""All sound stopped.""; ""a wrenching, soul-crushing despair at being denied the offered bliss."""
Rita S NDE 22173,nderf,data\nderf\02053_rita-s-nde-22173.json,1,no,no,not_mentioned,not_mentioned,implied,not_mentioned,no,not_mentioned,not_mentioned,not_mentioned,,“I could see a lady sunbathing next to the pool and seeing myself drowning!”; “Then there would be a flash of bright white light and a loud pop sound that would wake me up.”; “I feel my ‘soul’ trying to separate from my body. It only makes it half way before I feel it snap back in.”; “God and guardian angels talk to me.”
Lisette D NDE 4206,nderf,data\nderf\02051_lisette-d-nde-4206.json,1,no,no,not_mentioned,not_mentioned,yes_explicit,not_mentioned,no,not_your_time,no,no,,"“I felt an indescribable sense of well-being.” / “What's SHE doing here? She mustn't go on; she has to be sent back.” / “it wasn't my time and that I had to go back now, it's urgent.” / “There was a countdown.” / “I came back with my body running next to my friend…”"
Doug W NDE 4203,nderf,data\nderf\02047_doug-w-nde-4203.json,1,no,no,not_mentioned,not_mentioned,implied,none,no,no_reason_given,no,no,,“floating in blackness.” “The darkness had depth; it felt like the void went on to infinity.” “time seemed to come to a standstill.” “I wasn't breathing.”
Linda B NDE 4132,nderf,data\nderf\02021_linda-b-nde-4132.json,1,no,no,not_mentioned,spiritual_realm,not_mentioned,not_mentioned,no,not_mentioned,no,no,,"""It was happiness a thousand times over. Utopian.""; ""I was confused and unbelievably angry to still be here.""; ""I feel no fear about death. I simply know where I am going.""; ""I know it was real although I cannot prove it so."""
Shirley R Probable NDE 4194,nderf,data\nderf\02010_shirley-r-probable-nde-4194.json,1,no,no,not_mentioned,spiritual_realm,not_mentioned,not_mentioned,no,not_mentioned,not_mentioned,not_mentioned,,"“I was home, really home.” / “A great feeling of I made it home at last, I knew what home sweet home meant.” / “There is no time or months and life is short and death is forever, endless.”"
Julie D NDE 4180,nderf,data\nderf\02003_julie-d-nde-4180.json,1,not_mentioned,not_mentioned,not_mentioned,not_mentioned,implied,not_mentioned,not_mentioned,earthly_mission,not_mentioned,not_mentioned,,“I remember standing next to a male being who wore a grey cloak with a hood.”; “I felt my whole life up until that moment.”; “I got the feeling or thought I had to resume living because I hadn't done or learned what I had come here for.”; “At no time during this experience was I aware of my earthly body. I could not see it.”
Corbin NDE 4179,nderf,data\nderf\02002_corbin-nde-4179.json,1,no,no,not_mentioned,spiritual_realm,not_mentioned,not_mentioned,no,no_reason_given,no,no,,“It's over at last.” “Then I was home and all around me was pure white light and total love and caring and a comfort I've never known nor will I forget.” “I had made it home at last.” “I felt a sadness of loss because I had been home but just for a short visit.” “I know what awaits me and it's wonderful.”
Greta P NDE 4177,nderf,data\nderf\02001_greta-p-nde-4177.json,1,no,no,not_mentioned,not_mentioned,implied,none,no,not_your_time,no,no,,"""Sometime in my conversation with 'the voice' my soul floated up out of my body and was about one foot above, looking down on my body, but at the same time, I was also in my body, experiencing it."""
Larry W FDE 4141 NDE 4141,nderf,data\nderf\01990_larry-w-fde-4141-nde-4141.json,1,no,no,not_mentioned,not_mentioned,implied,not_mentioned,no,no_reason_given,no,no,,"""Instantly, I was transported into the sky.""; ""All sounds of battle stopped... All smells of battle were gone.""; ""my consciousness whooshed back into my body.""; ""life happens on many dimensional tracks."""
Rene A NDE 4139,nderf,data\nderf\01988_rene-a-nde-4139.json,1,no,no,not_mentioned,spiritual_realm,not_mentioned,not_mentioned,no,not_your_time,not_mentioned,no,,"“My soul sang out, ‘I knew it’ - this is where we live.”; “Then an endless reel of life peeled within my conscientiousness.”; “I remember asking like a little kid, can I stay here?”"
Oklahoma NDE 4113,nderf,data\nderf\01984_oklahoma-nde-4113.json,1,not_mentioned,not_mentioned,not_mentioned,not_mentioned,implied,not_mentioned,not_mentioned,no_reason_given,not_mentioned,not_mentioned,,"“I felt like I was expanding, like I was filling up with air. I was floating, flying, racing upward.” “I became nothing but consciousness...” “Now I am surrounded by a field of blue... luminescent blue...” “On the periphery was a golden glow...” “I hear ‘Ooops’...” “I am now funneled into a pipe... I'm being squeezed, it hurts, and I'm falling.” “I'm in Hell! I'm in Hell!”"
Eric SV NDE 4255,nderf,data\nderf\02083_eric-sv-nde-4255.json,1,not_mentioned,not_mentioned,not_mentioned,spiritual_realm,not_mentioned,not_mentioned,not_mentioned,other,not_mentioned,not_mentioned,,"""I was in total darkness; everything went black.""; ""I felt good, quiet and I was moving fast and straight.""; ""it felt like I was going back home.""; ""all of a sudden, I was back in my body."""
Louise S NDE 4254,nderf,data\nderf\02082_louise-s-nde-4254.json,1,no,no,not_mentioned,not_mentioned,implied,not_mentioned,no,family_responsibility,no,no,,"“It just slipped out like a snail coming out of its shell.”; “Wow, this is GREAT!!” “What a feeling!”; “if I went any further I would not be able to go back and I had to make a decision - To go further or to go back?”"
Sylvia R NDE 4248,nderf,data\nderf\02079_sylvia-r-nde-4248.json,1,no,no,not_mentioned,not_mentioned,implied,not_mentioned,no,earthly_mission,yes_explicit,no,"Told by the deceased neighbor that her ""mission on earth was not completed"" and she ""would have to go back.""","""darkened tunnel, extremely fast""; ""Whoosh""; ""brightest white light I had ever known""; love ""like soft rain""; communication ""like a light bulb switching on""; told she would be ""allowed"" to stay ""the next time."""
James S NDE 4247,nderf,data\nderf\02077_james-s-nde-4247.json,1,no,no,not_mentioned,spiritual_realm,not_mentioned,not_mentioned,not_mentioned,not_your_time,no,no,,"“everything switched off and I was in total darkness.” “Then my life memories including ones I knew nothing about flashed through my brain” “if I could get up through the water I would be home” “Everything was explained to me. I had to go back” “According to witnesses, I had no pulse and was not breathing.” “There is a lot more to passing over and it is real.” “Although what I saw over there seems solid, it's not. It's just energy.”"
Stephen P NDE 4240,nderf,data\nderf\02073_stephen-p-nde-4240.json,1,no,no,not_mentioned,not_mentioned,implied,not_mentioned,no,not_your_time,no,no,,"“I then felt enveloped in a warm loving peaceful light.” “I was told that it was not time for me yet.” “It was very, very real!!!”"
Laura J NDE 4236,nderf,data\nderf\02069_laura-j-nde-4236.json,1,no,no,not_mentioned,not_mentioned,yes_explicit,not_mentioned,no,family_responsibility,not_mentioned,no,,"“Then I looked down and saw myself on the surgery bed.” “It was like sunshine (I really remember the warmth, but a comfortable warmth-like comforting warmth).” “Someone was holding me by the hand telling me I have to go back.” “I am not afraid of death at all.”"
Bob A NDE 124,nderf,data\nderf\00552_bob-a-nde.json,1,no,no,not_mentioned,not_mentioned,implied,not_mentioned,no,not_mentioned,implied,no,"Prayed: ""Dear Lord Jesus, if you let me raise my kids, I will work for you the rest of my life"".","“When I hit the ground, it seemed like the momentum of a freight train going 100mph knocked me out of my body.”; “It was like a freight train of knowledge moving at the speed of light.”; “You fell off the roof and you never got up until the paramedics put you in the ambulance”."
Heidi D NDE 1072,nderf,data\nderf\00549_heidi-d-nde-1072.json,1,no,no,not_mentioned,not_mentioned,implied,not_mentioned,no,not_mentioned,no,no,,"“There aren't really words to describe the amount of joy I felt.” / “Then I remember pain. I was back in my body.” / “How did you know I had it on?… I simply told her, ‘I saw it.’”"
Leslie M NDE 1067,nderf,data\nderf\00545_leslie-m-nde-1067.json,1,no,no,not_mentioned,spiritual_realm,not_mentioned,not_mentioned,no,not_your_time,implied,no,"They communicated “my time here was not yet over, that I had more to do.”","“It was as if I was being sucked by a vacuum from the top of my head.” “I really felt I had come home, finally.” “My time here was not yet over, that I had more to do.” “There ARE reasons and patterns to life.”"
Malcolm G NDE 2358,nderf,data\nderf\00537_malcolm-g-nde-2358.json,1,no,no,not_mentioned,not_mentioned,implied,not_mentioned,no,not_your_time,no,no,,"""Malcolm...Malcolm, it's not your time. Go back now.""; ""The feelings of unearthly joy and overwhelming love."""
Dario F NDE 1096,nderf,data\nderf\00536_dario-f-nde-1096.json,1,not_mentioned,not_mentioned,not_mentioned,not_mentioned,implied,not_mentioned,not_mentioned,not_your_time,implied,no,Mich'l said: 'It’s your choice; your last chance: you have seen both Heaven and Hell. Now it is up to you from onwards.','It is not your time; it is not your time'. 'You must go back.' 'Do you care? I am Mich'l and I have to bring you to another place.' 'It’s your choice; your last chance: you have seen both Heaven and Hell. Now it is up to you from onwards.'
Silvia C NDE 1097,nderf,data\nderf\00535_silvia-c-nde-1097.json,1,no,no,not_mentioned,not_mentioned,implied,not_mentioned,no,no_reason_given,no,no,,"“You are having a nightmare, Silvia, close your eyes and you will go back to sleep. When you wake up, you will be home.”"
Sylvain C NDE 1088,nderf,data\nderf\00534_sylvain-c-nde-1088.json,1,not_mentioned,not_mentioned,not_mentioned,not_mentioned,implied,not_mentioned,not_mentioned,not_mentioned,not_mentioned,not_mentioned,,"“I remember myself floating (the word is not very suitable, it was like being only a pair of eyes... no more bodily sensations, of no sort). The surroundings were black - no tunnel, no light, no ‘ghost’, nothing else other than the consciousness which got rid of its superfluous thoughts.”"
Analisa D NDE 108,nderf,data\nderf\00533_analisa-d-nde.json,1,no,no,not_mentioned,not_mentioned,implied,not_mentioned,no,no_reason_given,no,no,,"""bright yellowish-white, almost golden light""; ""It were as though all knowledge was being poured through me""; ""looking from a point near the corner of the ceiling looking down""; ""The essence of this void was that it was an ABSENCE OF GOD."""
Linda S NDE 2082,nderf,data\nderf\00529_linda-s-nde-2082.json,1,not_mentioned,not_mentioned,not_mentioned,not_mentioned,implied,not_mentioned,not_mentioned,not_your_time,yes_explicit,no,A male voice told her she was going to help educate and teach many people.,“I pray to the Lord to forgive my wrongs. If I should die before I wake. I pray the Lord my soul to take.” / “It was not yet my time.” / “I was going to help educate and teach many people.”
Nancy C NDE 20582/5022 NDE 5022,nderf,data\nderf\00524_nancy-c-nde-20582-5022-nde-5022.json,1,not_mentioned,not_mentioned,not_mentioned,spiritual_realm,not_mentioned,not_mentioned,not_mentioned,not_your_time,implied,implied,,"""It was like a place of ideas. There was no landscape or colors."" / ""While I was there I knew everything, I had all knowledge."" / ""It was kind of like being thrown into jail."""
Jon B NDE 4369,nderf,data\nderf\02164_jon-b-nde-4369.json,1,no,no,not_mentioned,not_mentioned,yes_explicit,none,no,not_your_time,no,no,,"""This is great!""; ""There's nothing we can do, you have to go back.""; ""But look how frail and weak my body is. I don't want to re-enter that."""
Gary S NDE 4363,nderf,data\nderf\02161_gary-s-nde-4363.json,1,not_mentioned,not_mentioned,not_mentioned,spiritual_realm,not_mentioned,not_mentioned,not_mentioned,not_mentioned,not_mentioned,not_mentioned,,"“I felt like I was coming back home… I have never in my life felt so wanted and loved.”; “In a morbid way, I was mad that I came back because I felt like I had known and loved them all my life.”"
Robert B Probable NDE 4358,nderf,data\nderf\02158_robert-b-probable-nde-4358.json,1,no,no,not_mentioned,not_mentioned,implied,not_mentioned,no,not_mentioned,no,no,,"'Every act of kindness matters.'; 'I was told that I was there for seven years and that each person would see only what they could understand when they came to her.'; 'Some would see her as Jesus, some their fathers or moms, every imaginable deity as well.'"
Ellen H NDE 4350,nderf,data\nderf\02153_ellen-h-nde-4350.json,1,implied,no,not_mentioned,not_mentioned,not_mentioned,not_mentioned,no,not_your_time,no,no,,“I remember a dark tunnel but it was not that scary.” “It was as if no one could see me.” “I did not belong there yet. Boom! I was back in my room.”
Michael O NDE 4349,nderf,data\nderf\02152_michael-o-nde-4349.json,1,not_mentioned,not_mentioned,not_mentioned,spiritual_realm,not_mentioned,not_mentioned,not_mentioned,not_your_time,no,no,,"""I did not have a tunnel experience or an OBE.""; ""I honestly felt like I was home.""; ""This experience was more real than me sitting here typing this.""; ""I could see out of the eyes of every one of these people, without confusion.""; ""It was not my time to stay there."""
Leonard S NDE 4337,nderf,data\nderf\02148_leonard-s-nde-4337.json,1,no,no,not_mentioned,not_mentioned,implied,none,no,family_responsibility,no,no,,"""I was floating ten or more feet above the street."" ""Quickly I ran through my entire life as a series of pictures and sounds."" ""At the end of the tunnel was a great light."" ""My grandmother's voice told me not to go."" ""During my death, I was not aware of pain, I was curious; I knew I was no longer human."" ""Then again, no fear, no regret, just acceptance of things as they were."""
Bonnie VB NDE 4299,nderf,data\nderf\02117_bonnie-vb-nde-4299.json,1,no,no,not_mentioned,not_mentioned,implied,none,no,family_responsibility,yes_explicit,no,Told her mother needed her; learned she would be needed to do things in the future and sometimes 'just need to be there'; later felt called to reach out to people with disabilities (rehabilitation counselor).,"“I felt myself leaving my body, going up through the grates, and into the light.”; “I was being pulled up through a tunnel that opened into the most beautiful white light…”; “It seemed to have a personality that was beyond belief loving.”; “all things were made of the light.”; “sometimes I would just need to be there even if I had no specific task to perform.”"
Jennifer B NDE 4287,nderf,data\nderf\02112_jennifer-b-nde-4287.json,1,not_mentioned,not_mentioned,not_mentioned,spiritual_realm,not_mentioned,not_mentioned,not_mentioned,not_your_time,not_mentioned,not_mentioned,,"“I'll just rest for a bit.” “This is weird,” “I'm not sure I want to go back, it's so wonderful here.” “I went somewhere.”"
Dea M NDE 4281,nderf,data\nderf\02108_dea-m-nde-4281.json,1,no,no,not_mentioned,not_mentioned,implied,not_mentioned,no,no_reason_given,no,no,,"""With great suddenness, the light from that can light came down over my face, into my face and down the length of my body.""; ""I could look 360 degrees in all directions""; ""I did not have a body""; ""whatever I thought became vision""; ""But there was no 'time' - all just 'was'.""; ""I did not want to return to this reality.""; ""I saw my whole life in vision on the hospital wall.""; ""This is for you; this is our gift to you. This is the you that you were always meant to be.""; ""I was loving myself."""
Bobby H NDE 4270,nderf,data\nderf\02100_bobby-h-nde-4270.json,1,no,no,not_mentioned,not_mentioned,implied,none,no,no_reason_given,not_mentioned,no,,"“It was a total immersion in God's love, in his light, as if in the presence of Christ himself, immersed in the Holy Spirit.”; “There was no concept of time and space, only pure love and infinite wisdom…”; “Yet somehow, I knew, though no words were spoken, that I had to return. I did not want to, but was not given a choice.”"
William M NDE 4269,nderf,data\nderf\02099_william-m-nde-4269.json,1,no,no,not_mentioned,not_mentioned,yes_explicit,not_mentioned,no,not_your_time,not_mentioned,no,,"""out of our bodies and quickly flying up toward space, holding hands""; ""the highest love and compassion""; ""No, please let me stay here""; ""I could not stay""; ""my car, in flames, from maybe about a quarter of a mile up above""; ""woman in white""; ""everything was as it should be."""
Dorie's Mom NDE 16009,nderf,data\nderf\02097_dorie-s-mom-nde-16009.json,1,not_mentioned,not_mentioned,not_mentioned,spiritual_realm,not_mentioned,not_mentioned,not_mentioned,family_responsibility,implied,not_mentioned,Mother said she had “six children” and “should finish her job on earth and go back.”,“She remembered the beautiful light and the ‘men’ waiting for her.”; “She was asked whether she wanted to stay or go back.”; “I have the gift of 'sight.'”
Amy D NDE 16016,nderf,data\nderf\02096_amy-d-nde-16016.json,1,no,no,not_mentioned,spiritual_realm,not_mentioned,not_mentioned,no,not_mentioned,no,no,,"""This place is not-ting but corridors!""; ""The colors had a vibrancy and brilliance never seen on earth.""; ""The whole event was more real to me than everyday life."""
Alejandra M NDE 4244,nderf,data\nderf\02092_alejandra-m-nde-4244.json,1,no,no,not_mentioned,spiritual_realm,not_mentioned,not_mentioned,no,not_your_time,no,no,,"“Suddenly I was standing in front of a black swirl…”; “These entities received me with great joy and greeted me by my name, but all this dialogue was by telepathy.”; “It was not my time yet and that I had to return.”; “I used to have a great fear of death.”"
Carol L NDE 4262,nderf,data\nderf\02087_carol-l-nde-4262.json,1,not_mentioned,not_mentioned,not_mentioned,not_mentioned,implied,not_mentioned,not_mentioned,family_responsibility,not_mentioned,not_mentioned,,"“When I had left the planet, I was an entity… I did not have a body and had no awareness of being 'Carol'…”; “I was just kind of hanging out waiting for a decision.”; “I was so FREE, RELAXED, and CONTENT.”; “I really feel that Carol has gone and I'm stuck as her replacement.”"
J.H. NDE 4261,nderf,data\nderf\02086_j-h-nde-4261.json,1,no,no,not_mentioned,not_mentioned,implied,none,no,family_responsibility,no,no,,"“I could no longer experience physical input. But I was aware with a different part of me.” / “Then there appeared in the bottom left corner of my mind's eye a luminescence.” / “It was infinite, and boundless and perfect. But I resisted it.” / “I told it I could not come because my son needed me.” / “You're very poorly and we thought we'd lost you.”"
John S Probable NDE 4449,nderf,data\nderf\02226_john-s-probable-nde-4449.json,1,no,no,not_mentioned,not_mentioned,implied,none,no,family_responsibility,no,no,,“I knew that all I had to do was step off the elevator and everything would end in this world and begin the next chapter of my existence.”
Gail D NDE 4447,nderf,data\nderf\02224_gail-d-nde-4447.json,1,no,no,not_mentioned,not_mentioned,yes_explicit,not_mentioned,no,family_responsibility,implied,no,She said she wanted to go back and raise her two sons until they did not need her anymore and wanted to become a better person; she promised to be a good mother. The light told her she was loved and she was sent back to fulfill her purpose.,"“I entered a tunnel near the side of the surgery room ceiling very cautiously, but kept one foot at the outside of the opening. I only wanted to look in.”"
Ted S NDE 4445,nderf,data\nderf\02222_ted-s-nde-4445.json,1,no,no,not_mentioned,not_mentioned,yes_explicit,not_mentioned,no,no_reason_given,no,no,,'The world is not as loving as you think.'
Steve W Probable NDE 4418,nderf,data\nderf\02208_steve-w-probable-nde-4418.json,1,no,no,not_mentioned,not_mentioned,implied,not_mentioned,no,other,no,no,,"“At that moment all the pain I felt was gone, the weight of the world lifted.”; “This was and remains today the greatest experience of my life.”; “At that point, I knew this wasn't a dream and the life I knew was soon to be in the past.”; “I can remember thinking this is where I want to be.”"
Jerry M NDE 4417,nderf,data\nderf\02207_jerry-m-nde-4417.json,1,not_mentioned,not_mentioned,not_mentioned,not_mentioned,implied,not_mentioned,not_mentioned,not_mentioned,not_mentioned,not_mentioned,,"Stephen Hawking said, 'Too often we think of ourselves as human beings here for a spiritual experience, when the truth is, we ARE spirit beings, here simply for a human experience.'"
Charles D NDE 4411,nderf,data\nderf\02201_charles-d-nde-4411.json,1,no,no,not_mentioned,not_mentioned,implied,not_mentioned,no,no_reason_given,no,no,,"“Then there was no light and I was floating above my body.” “Oh I am on the other side.” “leave me.” “Wow, I'm floating and I don't hear that stupid ringing in my ears.” “It happened so fast though and it was not like I had thought because there was no Light at all except my glowing body.”"
Joke P Probable NDE 4532,nderf,data\nderf\02200_joke-p-probable-nde-4532.json,1,no,no,not_mentioned,spiritual_realm,not_mentioned,not_mentioned,no,family_responsibility,no,not_mentioned,,"""I'm moving in an infinite oasis of peace and safety.""; ""I'm part of it. I'm one with it.""; ""I am home.""; ""Mamma, mamma, I'm here with you.""; ""Keep your hands off your mother! Leave her alone! Stay away from her!"""
Jacque M NDE 4570,nderf,data\nderf\02196_jacque-m-nde-4570.json,1,no,no,not_mentioned,spiritual_realm,not_mentioned,none,no,other,no,no,,"""Oh, it's like this!""; ""breathe""; ""might still have something to do on Earth"""
Trevor J Probable NDE 4539,nderf,data\nderf\02195_trevor-j-probable-nde-4539.json,1,not_mentioned,not_mentioned,not_mentioned,not_mentioned,implied,not_mentioned,not_mentioned,not_your_time,not_mentioned,not_mentioned,,"""I felt myself leave my own body through the navel area""; ""overwhelming sense of peace, tranquility, serenity and silence""; ""It was the whitest light I had ever seen, much brighter than any light on earth, and yet it did not hurt my eyes""; ""It was though it was a 'being' of some sort and it radiated everything that was good""; ""It was as though something or someone had determined that it was not my time to go and had sent me back."""
Christopher H NDE 4401,nderf,data\nderf\02189_christopher-h-nde-4401.json,1,no,no,not_mentioned,spiritual_realm,not_mentioned,not_mentioned,no,not_mentioned,no,no,,“I remember flying and seeing the tops of roofs.” / “I recall definitely NOT wanting to leave this loving place.” / “I was fearless about dying ever since that day.”
Mabel G Probable NDE 4391,nderf,data\nderf\02183_mabel-g-probable-nde-4391.json,1,no,no,not_mentioned,not_mentioned,yes_explicit,not_mentioned,no,not_mentioned,no,no,,“I love you and forgive you your sins and I will wait with you until God decides whether you are to go home now or later.”
Rebecca M NDE 16025,nderf,data\nderf\02182_rebecca-m-nde-16025.json,1,not_mentioned,not_mentioned,not_mentioned,not_mentioned,implied,not_mentioned,not_mentioned,family_responsibility,no,no,,“It was like having a million orgasms all at one time.” “We’re at a different frequency when we’re out of our body. There is lightness and airiness.” “There is no sense of time.” “I’m here to give you love.”
Holly V NDE 4390,nderf,data\nderf\02180_holly-v-nde-4390.json,1,no,no,not_mentioned,not_mentioned,implied,not_mentioned,no,other,no,no,,"“No time seemed to lapse.” “I found myself sitting… in a sort of passage.” “Soft glowing light in the distance ahead.” “EMOTIONAL SWEEP OF LOSS.” “Somehow, beyond words, I knew that was my reason for existing and that I could not leave it unfinished.” “How small all of this life is after seeing what lies ahead.” “I completely believe in reincarnation and I will see these wonderful souls again and again.”"
Ericka S NDE 4386,nderf,data\nderf\02177_ericka-s-nde-4386.json,1,no,no,not_mentioned,not_mentioned,yes_explicit,not_mentioned,no,family_responsibility,implied,no,Told she 'must go back and make things right.',"“I remember it was dark, pitch black.” “I knew I was dead. I knew I had no body.” “All I felt period was complete love and peace and knowledge like I was full.” “He kept telling me to go back, but it was not in words it was like telepathy or something.” “It was not time.” “I must go back and make things right.”"
Michelle H NDE 4377,nderf,data\nderf\02171_michelle-h-nde-4377.json,1,not_mentioned,not_mentioned,not_mentioned,not_mentioned,implied,not_mentioned,not_mentioned,not_mentioned,not_mentioned,not_mentioned,,"I was not in a body. I was AWARE I was in the dark. I was aware that I was observing and actually thinking. I thought, 'Huh, that's it huh.'"
John D NDE 4371,nderf,data\nderf\02166_john-d-nde-4371.json,1,no,no,not_mentioned,not_mentioned,implied,not_mentioned,no,not_mentioned,not_mentioned,no,,"“Everything stopped. I was totally conscious, but didn't know where I was, totally void of light yet I could still see - I was aware of myself and I don't remember having a body, just a consciousness.”"
Hannah NDE 1027,nderf,data\nderf\00472_hannah-nde-1027.json,1,not_mentioned,not_mentioned,not_mentioned,not_mentioned,implied,not_mentioned,not_mentioned,no_reason_given,not_mentioned,not_mentioned,,"“Words cannot describe that feeling.” “I saw no tunnel, no light at the end of the tunnel. I saw an all-encompassing golden glow.” “A bright green pasture, full with red glowing tulips.” “I didn't want to come back. I wanted to be there, with peace and happiness.”"
Darlene H NDE 1061,nderf,data\nderf\00464_darlene-h-nde-1061.json,1,not_mentioned,not_mentioned,not_mentioned,not_mentioned,implied,not_mentioned,not_mentioned,family_responsibility,yes_explicit,no,"She reports she was only here because ""my children were not yet prepared"" and she was to assist them in ""raising their children.""","""I was no longer in my body. I (my 'self') was watching him.""; ""I was completely engulfed in warmth, in light, in love, in knowledge.""; ""my children were not yet prepared""; ""raising their children""; ""I know I was dead."""
Maria TK NDE 996,nderf,data\nderf\00457_maria-tk-nde.json,1,no,no,not_mentioned,spiritual_realm,not_mentioned,not_mentioned,no,no_reason_given,no,no,,"“I was thrown straight into the middle of the Sun... the warmest, most beautiful, most welcoming light... The main thing was that here I felt Welcomed and Loved. I came 'Home'.”"
Paul G NDE 106/1029 NDE 1029,nderf,data\nderf\00451_paul-g-nde-106-1029-nde-1029.json,1,no,no,not_mentioned,not_mentioned,yes_explicit,not_mentioned,no,no_reason_given,not_mentioned,not_mentioned,,“I was like a black shadow or silhouette.” / “completely black… like an infinity of darkness.” / “shot off at a 45 degree angle like a rocket.” / “He’s not going to make it.” / “I felt me come back into myself through my eyes.”
Joel H NDE 4551,nderf,data\nderf\02290_joel-h-nde-4551.json,1,not_mentioned,not_mentioned,not_mentioned,spiritual_realm,not_mentioned,not_mentioned,not_mentioned,family_responsibility,not_mentioned,not_mentioned,,'Are you ready to come home?' / 'No! I want to see my new son grow up.'
Sally L Probable NDE 4522,nderf,data\nderf\02280_sally-l-probable-nde-4522.json,1,no,no,not_mentioned,spiritual_realm,not_mentioned,not_mentioned,no,other,not_mentioned,no,,"“As I drifted, I felt so peaceful and LOVED.”; “I smelled roses before I got there.”; “I saw the rose garden with every different color you could think of.”; “A tall man came and asked me if I wanted to go on or back.”; “I know it was heaven.”; “I was scared to die until then.”; “I don't think I saw God or Jesus but I felt they were near.”"
Kathy W Probable NDE 4520,nderf,data\nderf\02278_kathy-w-probable-nde-4520.json,1,no,no,not_mentioned,spiritual_realm,not_mentioned,not_mentioned,no,earthly_mission,yes_explicit,no,Told she was not to stay and that she would bring comfort to other children.,"“Then it quickly drew dark and I was in the darkness, which had a bright gold center. I did not enter it; it quickly entered and engulfed me.”"
Dorothy T NDEs 4517 NDE 4517,nderf,data\nderf\02277_dorothy-t-ndes-4517-nde-4517.json,1,not_mentioned,not_mentioned,not_mentioned,spiritual_realm,not_mentioned,not_mentioned,not_mentioned,not_your_time,no,no,,"""I'm back""; light was ""white, beyond white""; ""male in 'feel' but non-distinguishable in features""; told she ""had to go back"" and ""could not come now""; ""Being rejected hurt a lot."""
Charlie D NDE 4510,nderf,data\nderf\02269_charlie-d-nde-4510.json,1,not_mentioned,not_mentioned,not_mentioned,not_mentioned,implied,not_mentioned,not_mentioned,no_reason_given,not_mentioned,not_mentioned,,"“I went up through the ceiling, into a path/tunnel that led to an all-knowing, all-loving, comforting, and peaceful light.”; “My vision was 360 degrees it was profoundly beautiful.”; “At that very second, I burst into my body.”"
Patrick H NDE 2260,nderf,data\nderf\02260_patrick-h-nde-2260.json,1,no,no,not_mentioned,not_mentioned,implied,not_mentioned,no,family_responsibility,yes_explicit,no,Saint Peter told him he “had to protect my big brother and a little sister yet to be born.”,"“Everything started spinning around me and I thought I was going crazy.”; “Then, I was carried through a very long tunnel, shooting up like an arrow at an unbelievable rate of speed…”; “It's Bernadette Soubirou.”; “he told me I had to protect my big brother and a little sister yet to be born.”"
Tim B NDE 4479,nderf,data\nderf\02250_tim-b-nde-4479.json,1,no,no,not_mentioned,not_mentioned,implied,not_mentioned,no,other,no,no,,"“He's paralyzed.” / “This is going to hurt,” / “moving, flying very fast, like through a tunnel.” / “there would be pain all my life.”"
Jimmy W Probable NDE 22232,nderf,data\nderf\02244_jimmy-w-probable-nde-22232.json,1,not_mentioned,not_mentioned,not_mentioned,not_mentioned,implied,not_mentioned,not_mentioned,not_mentioned,not_mentioned,not_mentioned,,"""I was above the bed looking down in the dimly lit room""; ""The next instant I was outside looking down from above at my house""; ""I was aware that I had no physical body and there was no sound""; ""like a very fast zoom in of a camera I was in my bed""."
Joyce O NDE 4468,nderf,data\nderf\02242_joyce-o-nde-4468.json,1,no,no,not_mentioned,earth,yes_explicit,not_mentioned,no,not_mentioned,not_mentioned,not_mentioned,,"“I was in a state of wonderful peace where there was a very bright light starting out like the top of a huge ice cream cone and ending at a point.”; “There was a figure at the end of the point with outstretched arms.”; “All of a sudden, there was total blackness.”; “I'm not afraid of death.”; “They later told me that I was clinically dead.”"
Jennifer W NDEs 4462 NDE 4462,nderf,data\nderf\02238_jennifer-w-ndes-4462-nde-4462.json,1,no,no,not_mentioned,not_mentioned,yes_explicit,not_mentioned,no,not_mentioned,no,no,,"""these hands pulled my soul out of my body""; ""I was high in the sky and Jesus was there next to me""; ""a very deep, pulsating vibration""; ""Suddenly, I found myself in a dark place and two beings of very white light, one male; one female came and held me in their arms""; ""They told me that God is love""; ""the most beautiful realm of shapes and colors."""
Jeff W NDE 4452,nderf,data\nderf\02229_jeff-w-nde-4452.json,1,not_mentioned,not_mentioned,not_mentioned,not_mentioned,implied,not_mentioned,not_mentioned,not_mentioned,not_mentioned,not_mentioned,,"""Everything positive in my life ran through my brain like a high-speed camera."" / ""I was an entity in the sky."" / ""powerful and somewhat all knowing."""
Karen A NDE 4450,nderf,data\nderf\02227_karen-a-nde-4450.json,1,not_mentioned,not_mentioned,not_mentioned,not_mentioned,implied,not_mentioned,not_mentioned,not_mentioned,not_mentioned,not_mentioned,,"'This dark place I am in cannot be heaven and, therefore, I must get out.'; 'I was there.'"
Stephanie R NDE 4630,nderf,data\nderf\02351_stephanie-r-nde-4630.json,1,no,no,not_mentioned,spiritual_realm,not_mentioned,not_mentioned,no,no_reason_given,no,no,,“The next thing I recall is a total silence and being in a white bubble that totally encased me.” “The bubble was filled with what I can only describe as thousands of tiny stars like a fine stardust…” “Death does not scare me at all because I KNOW it is going home again.”
Gregg S NDE 4615,nderf,data\nderf\02334_gregg-s-nde-4615.json,1,not_mentioned,not_mentioned,not_mentioned,not_mentioned,implied,not_mentioned,not_mentioned,not_mentioned,not_mentioned,not_mentioned,,"“I became aware that I was observing this event from an elevated position in the room, on top of a bank of lockers.” “My next conscious recall was of waking in a dimensionless white place.” “The one thing that all three have in common was a sense of wellbeing and a realization of myself in an alternate reality where I was still me, with all my senses intact…”"
Peter B NDE 4610,nderf,data\nderf\02329_peter-b-nde-4610.json,1,not_mentioned,not_mentioned,not_mentioned,not_mentioned,implied,not_mentioned,not_mentioned,not_mentioned,not_mentioned,not_mentioned,,"“I didn't see my body, but I knew that I was not in my body.”; “I knew he was the Lord.”; “I had seen the Lord and I was in heaven.”"
Priscilla C NDE 4589,nderf,data\nderf\02315_priscilla-c-nde-4589.json,1,no,no,not_mentioned,not_mentioned,yes_explicit,none,no,not_mentioned,not_mentioned,not_mentioned,,"“I saw these unearthly beings that were trying to pull me to their side.” / “I saw a very bright, bright light and I began to move at the speed of light.”"
Captain David Perry NDE 16044,nderf,data\nderf\02312_captain-david-perry-nde-16044.json,1,no,no,not_mentioned,not_mentioned,yes_explicit,not_mentioned,no,not_your_time,implied,no,"He was told he could not enter yet, but later “if I would behave as he directed… on the set time I should have admittance.”",“I went through the excruciating pains of the separating of soul and body…”; “I was immediately conveyed to the gates of Heaven… but was told… I could not enter then…”; “It appeared to me that my feet stood on a firm foundation. I stood there for the space of about a half hour.”; “there appeared to be a continual flow of people…”; “opening of a great gulch… the greater part of the grown people seemed to pass off there.”; “showed me the British vessels in the harbor of Boston… They looked exactly as they had been shown to me many years before.”
Ellen N NDE 4577,nderf,data\nderf\02305_ellen-n-nde-4577.json,1,not_mentioned,not_mentioned,not_mentioned,not_mentioned,implied,not_mentioned,not_mentioned,not_mentioned,not_mentioned,not_mentioned,,“I was no more than an eye or something with vision... and I was on top of the lights in the surgery room.” “The doctor was pounding on my chest trying to revive me.” “I felt as if I was the smallest entity imaginable almost like I was the smallest water drop but with thinking abilities...”
Teri R NDE 4571,nderf,data\nderf\02301_teri-r-nde-4571.json,1,not_mentioned,not_mentioned,not_mentioned,spiritual_realm,not_mentioned,not_mentioned,not_mentioned,other,no,not_mentioned,,“Then I emerged from the tunnel into an indescribable place of peace and tranquility.” “There was the most beautiful Being of White Light there.” “The feeling of being in his presence was something that felt like I was 'home'.” “heaven isn't a place you are admitted to but it is a frequency that you attain.”
Francis M NDE 928,nderf,data\nderf\00516_francis-m-nde.json,1,not_mentioned,not_mentioned,not_mentioned,not_mentioned,implied,not_mentioned,not_mentioned,not_your_time,implied,no,"The being said: ""It is not yet the time for you; you still have so much things to do.""","""Come, don't be afraid. I am here to help you and to go with you before you recover your place on this earth. It is not yet the time for you; you still have so much things to do."""
Rena P NDE 2060,nderf,data\nderf\00511_rena-p-nde-2060.json,1,no,no,not_mentioned,not_mentioned,yes_explicit,not_mentioned,no,no_reason_given,no,no,,“I realized that I had no body but only eyes.”; “A tunnel full of holes all around that bright light beams were coming through.”; “I could hear the sweet sound of hundreds of chimes in the wind.”; “I felt it like Jell-O instead of metal.”
Jeffrey C NDE 2057,nderf,data\nderf\00507_jeffrey-c-nde-2057.json,1,no,no,not_mentioned,not_mentioned,yes_explicit,not_mentioned,no,no_reason_given,not_mentioned,no,,"“Somehow I felt like I was on top of the telephone pole, watching this scene unfold.”
“Suddenly, there is a very bright light… there I see her, an Angel, so beautiful.”
“Suddenly I am back in my body… I say, ‘Don’t worry mom. I am not going to die.’”
“To this day, I can ‘see and hear it like it happened yesterday.’"
Catherine G NDE 2047,nderf,data\nderf\00505_catherine-g-nde-2047.json,1,no,no,not_mentioned,spiritual_realm,not_mentioned,not_mentioned,no,not_mentioned,no,no,,"“I felt my being, my SELF, being absorbed into what I was later to describe as the arms of God.”; “It was like going Home at last, at last.”; “There was no horrible punishment - just LOVE.”"
Michelle M NDE 2018,nderf,data\nderf\00502_michelle-m-nde-2018.json,1,not_mentioned,not_mentioned,not_mentioned,spiritual_realm,not_mentioned,not_mentioned,not_mentioned,family_responsibility,implied,no,Understood she was 'not finished with the life experience' and felt it was important to stay involved with the 'drama of life.',"'Nothing - a void of, nothing.'; 'You were in an accident.'; 'It was home, where I really lived.'; 'More real than this life.'; 'diving back into the ""thick pea-soup"" of life.'"
Traci NDE 90,nderf,data\nderf\00494_traci-nde-90.json,1,no,no,not_mentioned,not_mentioned,implied,not_mentioned,no,no_reason_given,no,no,,"Darkness is just a word to describe the void (of possibility, lack of limitation, complete wholeness), where there is no need to see."
Laura Z NDE 2006,nderf,data\nderf\00484_laura-z-nde-2006.json,1,not_mentioned,not_mentioned,not_mentioned,not_mentioned,implied,not_mentioned,not_mentioned,not_mentioned,no,not_mentioned,,"'You'll remember that this conversation took place, but you won't remember what you learned until the time is right,' I was told."
PJ NDE 86,nderf,data\nderf\00480_pj-nde-86.json,1,no,no,not_mentioned,not_mentioned,implied,not_mentioned,no,no_reason_given,no,no,,"“pulled out of my body from the back, like someone has yanked my soul out, painlessly but very abruptly”; “The colors are extra vivid...”; “I take in the scene all at once, not just what is before me but around me and behind me.”"
Gina NDE 85,nderf,data\nderf\00474_gina-nde-85.json,1,not_mentioned,not_mentioned,not_mentioned,spiritual_realm,not_mentioned,not_mentioned,no,earthly_mission,implied,no,"Told she 'had much to do' and felt she was told what she had to accomplish, but does not remember what it was.","“The whole time I felt like I was watching a movie.”; “The next thing I knew, I was passing through a tunnel towards a very peaceful and beautiful bright light.”; “I reviewed my life, and I did the judging.”; “I had no choice but to return; I didn't want to and I begged to stay.”; “There are no words in our language that can describe the experience accurately.”"
Michael F Probable NDE 4792,nderf,data\nderf\02427_michael-f-probable-nde-4792.json,1,no,no,not_mentioned,not_mentioned,yes_explicit,not_mentioned,no,family_responsibility,yes_explicit,no,"Council said if he agreed to fulfill a ""promise of unknown nature"" he could return; he was told he would ""know when the time came"" and that ""one day I would be granted the ability to do something great."" He later interprets this as writing a book (www.angelsontheark.com).","“I closed my eyes the pain went away and I started to rise up out of my body.” / “There were no bright lights like you see in the movies.” / “a kind of counsel.” / “if I agreed to fulfill a promise of unknown nature, they would allow me to return to this world.” / “I said I promise!”"
Ben F FDE 4786 NDE 4786,nderf,data\nderf\02425_ben-f-fde-4786-nde-4786.json,1,not_mentioned,not_mentioned,not_mentioned,not_mentioned,implied,not_mentioned,not_mentioned,not_mentioned,not_mentioned,not_mentioned,,"“I 'left myself', and by this I mean my consciousness left my body.” / “I was not in my body anymore, I felt I was just behind my right ear, and I 'felt' small, like about the size of a speck of dust...” / “it was just time for this” / “time had slowed down to almost a crawl.”"
Lawrence B NDE 4785,nderf,data\nderf\02424_lawrence-b-nde-4785.json,1,no,no,not_mentioned,not_mentioned,yes_explicit,not_mentioned,no,family_responsibility,no,no,,"""I saw myself falling in stages as if photographing my descent from outside my body.""; ""I could see myself lying there dead as a doornail.""; ""If you go through the gate, you will see your friends and family, it was in my head like ESP""; ""Do you want to go through the gate Lawrence? Because if you do, you won't be able to go back.""; ""Immediately, I found myself hurtling at top speed back through the tunnel.""; ""Ever since then, I've had premonitions that have all come true."""
Scott S NDE 4772,nderf,data\nderf\02419_scott-s-nde-4772.json,1,not_mentioned,not_mentioned,not_mentioned,spiritual_realm,not_mentioned,not_mentioned,not_mentioned,not_mentioned,not_mentioned,not_mentioned,,"""They made me feel so welcome. It was an indescribable feeling. It was love, par excellence""; ""I miss them dearly."""
Mary NDE 4766,nderf,data\nderf\02416_mary-nde-4766.json,1,no,no,not_mentioned,not_mentioned,implied,not_mentioned,no,not_your_time,not_mentioned,no,,"“Then I was up in a black space… like black when you close your eyes… a void of anything.”
“I went down and looked at myself face down on the floor.”
“I GOT TO DECIDE to come back.”"
Mat Y NDE 4734,nderf,data\nderf\02397_mat-y-nde-4734.json,1,no,no,not_mentioned,not_mentioned,implied,not_mentioned,no,other,no,no,,"""You know why you're here?""; ""Oh you do, this shouldn't be quite so difficult then.""; ""Oh, never mind, they want you back.""; ""All I've ever called it was 'the dark room.'"""
Aaron E NDE 4733,nderf,data\nderf\02396_aaron-e-nde-4733.json,1,no,no,not_mentioned,not_mentioned,yes_explicit,not_mentioned,no,not_your_time,not_mentioned,no,,'Not your time.'; 'Why God did you send me back here?'
Deborah G NDE 4731,nderf,data\nderf\02395_deborah-g-nde-4731.json,1,no,no,not_mentioned,spiritual_realm,not_mentioned,not_mentioned,no,other,no,no,,“He said my child you have a choice you may come with me into the light and go home or you may return.”
Mary M NDE 4725,nderf,data\nderf\02390_mary-m-nde-4725.json,1,no,no,not_mentioned,not_mentioned,yes_explicit,none,no,family_responsibility,no,no,,"“no blood pressure, no pulse” / “I am laughing without a body, I am still here!!!” / “Words cannot describe the love I felt.” / “You cannot stay here.” / “He needs you!!!” / “slammed into my body with a great sinking feeling!” / “there is no death - only pure JOY and life!!”"
Fred G NDE 4722,nderf,data\nderf\02387_fred-g-nde-4722.json,1,no,no,not_mentioned,not_mentioned,implied,none,no,other,not_mentioned,no,,"“I collapsed on the side of the road, but I was watching the police pick me up from the bus stop across the street…”; “I was taken up to the entrance of The Kingdom OF GOD.”; “I experienced nothing but pure love from God.”; “God started telling me that I had to go back…”; “you could not come into heaven in the condition which I was in because I was strung out on drugs and alcohol.”; “All of the alcohol and drugs that you do won't kill you And I am going to bring you out of it.”"
Paul B Probable NDE 4714,nderf,data\nderf\02385_paul-b-probable-nde-4714.json,1,not_mentioned,not_mentioned,not_mentioned,not_mentioned,implied,not_mentioned,not_mentioned,not_your_time,no,no,,"'You don't need to breathe, you're body needs to breathe, you don't!'"
Deborah K NDE 4703,nderf,data\nderf\02380_deborah-k-nde-4703.json,1,no,no,not_mentioned,spiritual_realm,not_mentioned,not_mentioned,no,family_responsibility,no,no,,"""BP's 60 over 20.""; ""I was enveloped in love, complete and unconditional love and compassion""; ""I have children to raise."""
Annette W Probable NDE 4699,nderf,data\nderf\02379_annette-w-probable-nde-4699.json,1,no,no,not_mentioned,not_mentioned,implied,not_mentioned,no,not_your_time,not_mentioned,not_mentioned,,"“I was floating in the air over my bed.” / “Look she's here,” / “You cannot stay here it's not time.” / “It's Not Time.”"
Lance H Probable NDE 4693,nderf,data\nderf\02375_lance-h-probable-nde-4693.json,1,no,no,not_mentioned,spiritual_realm,not_mentioned,none,no,no_reason_given,no,no,,"""I didn't exactly SEE a presence, but I DEFINITELY FELT IT.""; ""It also felt like time slowed and I was in my own kind of heaven.""; ""death isn't painful or something we should fear"""
Christian D NDE 4662,nderf,data\nderf\02361_christian-d-nde-4662.json,1,not_mentioned,not_mentioned,not_mentioned,spiritual_realm,not_mentioned,not_mentioned,not_mentioned,not_your_time,implied,no,"It ""wasn't time yet"" and there was ""still something I had to come back here for"" before he could ""come home.""","“I was surrounded by love, warmth, light and felt happier than I ever have before or since.”"
Frank C NDE 4645,nderf,data\nderf\02354_frank-c-nde-4645.json,1,not_mentioned,not_mentioned,not_mentioned,spiritual_realm,not_mentioned,not_mentioned,not_mentioned,family_responsibility,no,no,,Daughter: 'it was not my time to be here and I had to go back.' Grandmother: 'my grandchildren needed me.'
Cinthia NDE 910,nderf,data\nderf\00385_cinthia-nde.json,1,not_mentioned,not_mentioned,not_mentioned,spiritual_realm,not_mentioned,not_mentioned,not_mentioned,other,implied,not_mentioned,"To return and ""finish things off.""","“It was earth, but also not.”; “I wanted to stay here… here I had found peace.”; “I had to come back and finish things off.”; “I did not want to go back and was angry with 'them'.”; “An angel next to my bed stayed with me until I was awake.”; “I saw many energies around my bed. I could not see anything but colors.”"
Brenda H NDE 22385,nderf,data\nderf\02500_brenda-h-nde-22385.json,1,no,no,not_mentioned,not_mentioned,implied,not_mentioned,no,not_mentioned,no,no,,"“First of all I will NEVER fear death.” / “I wanted to scream at them ‘this was not drugs.’” / “No one will ever convince me that I wasn't in the presence of a spiritual being (doesn't matter what name you give him, I choose God), and that was death and it was wonderful.”"
Lady D Probable NDE 4888,nderf,data\nderf\02493_lady-d-probable-nde-4888.json,1,no,no,not_mentioned,not_mentioned,yes_explicit,none,no,not_mentioned,no,no,,“I was a speck of light or energy suspended in a curved hallway that had no ceiling or floor.”
Thelma S NDE 4877,nderf,data\nderf\02485_thelma-s-nde-4877.json,1,no,no,not_mentioned,not_mentioned,implied,not_mentioned,no,family_responsibility,no,no,,"""This warmth BLANKET of engulfing love surrounded me.""; ""There is just NO human words to describe the warmth and the love I was engulfed in.""; ""Take the minor child on to CPS as the victim has expired."""
Michael H Probable NDE 4860,nderf,data\nderf\02468_michael-h-probable-nde-4860.json,1,not_mentioned,not_mentioned,not_mentioned,not_mentioned,yes_explicit,not_mentioned,not_mentioned,not_your_time,no,no,,"“It is not your time to choose. This is a gift, life. You have been selfish” and description: “Hell is whereby you are cut off… you know you were something but can’t remember what.”"
Perry D Probable NDE 4842,nderf,data\nderf\02455_perry-d-probable-nde-4842.json,1,no,no,not_mentioned,not_mentioned,implied,not_mentioned,no,other,not_mentioned,not_mentioned,,"'Let go, relax, everything is going to be okay.'; 'There was just love everywhere; there was nothing to worry about.'"
John D Probable NDE 4836,nderf,data\nderf\02452_john-d-probable-nde-4836.json,1,not_mentioned,not_mentioned,not_mentioned,spiritual_realm,not_mentioned,not_mentioned,not_mentioned,family_responsibility,not_mentioned,not_mentioned,,"“I remembered my operation.” “during my operation I went to live with God.” “God said I was supposed to go back and live with my Mom and Dad for a long time, before I would come back to live with him.” “How could I be scared of God?”"
Lorri B NDE 4835,nderf,data\nderf\02451_lorri-b-nde-4835.json,1,no,no,not_mentioned,not_mentioned,implied,not_mentioned,no,not_your_time,no,no,,"“I have so much trouble explaining in words what happened because the experience is not of words but rather a ‘knowing’.”; “I didn’t have the identity Lorri but I was the essence of who I am.”; “I went through a white, white tunnel very fast.”; “There is no such thing as death, it is only transition.”"
Aharon N NDE 4828,nderf,data\nderf\02449_aharon-n-nde-4828.json,1,no,no,not_mentioned,not_mentioned,implied,not_mentioned,no,family_responsibility,no,no,,"“I was in a transparent, luminescent balloon of bliss, floating inside like a baby in a mother's womb.” / “I experienced a wonderful feeling of bodilessness, no burden of weight, no measure of time, distance and space.” / “I only know that I slipped from this luminescent balloon, like a baby slipped from a mother's womb to take birth.”"
Raymond H NDE 4826,nderf,data\nderf\02448_raymond-h-nde-4826.json,1,not_mentioned,not_mentioned,not_mentioned,spiritual_realm,not_mentioned,not_mentioned,not_mentioned,no_reason_given,no,no,,"""My senses were gone in a traditional sense. Instead, it felt like all my senses merged into a single sense.""; ""The sense of beauty, love, peace, and most of all completion still makes me cry whenever I remember it.""; ""I was ready to move on and was wrenched out of there against my will.""; ""It was as if my very existence here is wrong."""
Dee H NDE 4816,nderf,data\nderf\02445_dee-h-nde-4816.json,1,not_mentioned,not_mentioned,not_mentioned,spiritual_realm,not_mentioned,not_mentioned,not_mentioned,not_your_time,no,not_mentioned,,“I felt so over-whelmed with love and kindness and like I was going into the most loving home-like setting.” / “You must go back for a little while; we are just not ready yet.” / “I know that since that happened I have not been afraid of death. I look forward to dying.”
Matthew B NDE 4812,nderf,data\nderf\02443_matthew-b-nde-4812.json,1,no,no,not_mentioned,not_mentioned,implied,not_mentioned,no,not_your_time,implied,no,"He felt an ""immediate sense of knowing"" that his life ""had to be extremely different and had to happen fast"" and that he ""had to take the military path.""","""Immediately I saw the blackest black; black like space."" ""I felt as if I had no body."" ""I heard... 'HE'S NOT READY'."" ""I regretted coming back."""
Tony G NDE 4811,nderf,data\nderf\02442_tony-g-nde-4811.json,1,not_mentioned,not_mentioned,not_mentioned,not_mentioned,implied,not_mentioned,not_mentioned,not_mentioned,not_mentioned,not_mentioned,,"“I believe it was at that time I was moving in a dark tunnel.” “I do not remember leaving my body but just seemed to be floating.” “I remember hearing a quiet rushing sound, as I progressed in the tunnel.” “I did not have a body and can only explain I could see and hear but feel I was just an eye moving along.” “I did not see any light but there was what looked like a wall further on…” “even after more than thirty years the memory of this experience never fades.”"
Cara A NDE 4801,nderf,data\nderf\02433_cara-a-nde-4801.json,1,no,no,not_mentioned,spiritual_realm,not_mentioned,none,no,no_reason_given,no,no,,"""Oh, this is how I die.""; ""I then consciously let go of the struggle for life and was immediately with the Light.""; ""I was one with the Light. I was whole. I was home.""; ""I call the Light God."""
Don NDE 4798,nderf,data\nderf\02431_don-nde-4798.json,1,no,no,not_mentioned,not_mentioned,yes_explicit,not_mentioned,no,earthly_mission,yes_explicit,no,"He said Don ""had something to do"" and ""will have to go back.""","""He sure is young to have to die."" / ""What are you doing here?"" / ""I'm your brother."" / ""No, Donald. The reason I made them of gold was so they would not have to be shined."" / ""I went away to build this place for you."""
Charles T NDE 4793,nderf,data\nderf\02428_charles-t-nde-4793.json,1,no,no,not_mentioned,not_mentioned,yes_explicit,none,no,no_reason_given,not_mentioned,no,,"“Man, I'm dead, why am I dead and what happened to me?”; “Some force like a vacuum cleaner... was sucking every pore from my body.”; “I died, I went to Hell and it was horrible.”"
Mark S NDE 6711/4922 NDE 4922,nderf,data\nderf\02523_mark-s-nde-6711-4922-nde-4922.json,1,no,no,not_mentioned,not_mentioned,implied,not_mentioned,no,other,no,no,,'The veil felt so thin.' 'I landed like a child against the chest of his Father.' 'I'm not F'n done yet'. '...felt that rubber band snap back into my body as if bouncing off the inside of my spine...'
Manuel P NDE 4796,nderf,data\nderf\02520_manuel-p-nde-4796.json,1,no,no,not_mentioned,not_mentioned,implied,not_mentioned,no,no_reason_given,no,no,,“it was as if I was dissolved in the air but without ceasing to be myself.”
Mike I Jr. NDE 4919,nderf,data\nderf\02518_mike-i-jr-nde-4919.json,1,no,no,not_mentioned,not_mentioned,implied,none,no,no_reason_given,implied,no,"He says: 'I want to tell the world, to help others, connect with the divine...' but does not describe being explicitly assigned a mission during the experience.","""Immediately upon 'letting go' I instantly was at the edge of the earth's atmosphere and I was staring into space.""; ""The first thing I felt was an absence of pain... I felt instant peace and stillness beyond words.""; ""I felt LOVE...incredible perfect love""; ""I had a knowledge or oneness with everything""; ""I could travel the speed of thought.""; ""I knew somehow instinctively that I could not go near the tunnel or I would not come back.""; ""I have no fear of dying."""
Mellony C NDE 4915,nderf,data\nderf\02516_mellony-c-nde-4915.json,1,no,no,not_mentioned,not_mentioned,implied,not_mentioned,no,not_your_time,no,no,,“propelled out of my body and could see my body beneath me”; “My self felt like an energy full of power and love.”; “I was told I had to go back.”; “have no fear of death now.”
David B NDE 4908,nderf,data\nderf\02512_david-b-nde-4908.json,1,not_mentioned,not_mentioned,not_mentioned,not_mentioned,yes_explicit,not_mentioned,not_mentioned,not_mentioned,not_mentioned,not_mentioned,,"“Then there was nothing, absolute nothingness.” / “I woke up out of the body, or rather without a body.” / “My mood was an indescribable bliss, like heat without temperature but made of love and total satisfaction.”"
Amanda S NDE 4910,nderf,data\nderf\02508_amanda-s-nde-4910.json,1,no,no,not_mentioned,not_mentioned,yes_explicit,not_mentioned,no,no_reason_given,no,no,,“It's time to go back now.”
Norella D NDE 10081,nderf,data\nderf\00447_norella-d-nde-10081.json,1,no,no,not_mentioned,not_mentioned,implied,not_mentioned,no,not_mentioned,not_mentioned,not_mentioned,,"""hovering over the car looking at it and all the things along the highway""; ""It was 1 a.m. and yet it was bright like day light.""; ""when you have a traumatic physical accident as such you briefly leave as not to really experience the blows"""
Jean T NDE 1005,nderf,data\nderf\00445_jean-t-nde-1005.json,1,no,no,not_mentioned,not_mentioned,implied,not_mentioned,no,family_responsibility,yes_explicit,no,Given a 'second chance' and told 'I have to do good' and 'guide my son until he is grown up.',"'Something that I call the collective mind, in which all the good of humanity lives forever, shows me my life...'; 'they are giving me a second chance and that I have to do good'; 'I have to guide my son until he is grown up.'"
Miranda G NDE 1008,nderf,data\nderf\00439_miranda-g-nde-1008.json,1,no,no,not_mentioned,not_mentioned,implied,not_mentioned,no,not_your_time,implied,no,Mother said she had to go back because “I still had things to do” and to go back “to my dad and the world of the living.”,“something was pushing me through the blackness.” / “A light so bright that it should have over-powered me but it did not.” / “It was calming and peaceful and I was feeling love.” / “It was not my time. I still had things to do.”
Barbara M NDE 1000,nderf,data\nderf\00438_barbara-m-nde-1000.json,1,no,no,not_mentioned,not_mentioned,implied,not_mentioned,no,not_your_time,no,no,,Voice spoke gently 'like warm honey being poured over me'; doctor: 'Barbara it isn't your time to go you have to come back to us.'
Judith E NDE 979,nderf,data\nderf\00424_judith-e-nde.json,1,not_mentioned,not_mentioned,not_mentioned,not_mentioned,implied,not_mentioned,not_mentioned,not_mentioned,not_mentioned,not_mentioned,,"""I wonder what I am doing.""; ""It was like a ZHOOOOOOOOMMMMMMMM.""; ""a circle of white clouds with a circle of blue sky in the middle."""
Lori M NDE 967,nderf,data\nderf\00421_lori-m-nde.json,1,not_mentioned,not_mentioned,not_mentioned,spiritual_realm,not_mentioned,not_mentioned,not_mentioned,other,yes_explicit,not_mentioned,Said she was 'given an important life message' (not further specified).,"""Please God, let me come home."" ""With a flash of the most intense white light, I found myself standing before the Source."" ""...a void, no sound, no light, like being stuck in a vacuum."""
Frank G NDE 20412,nderf,data\nderf\00411_frank-g-nde-20412.json,1,no,no,not_mentioned,spiritual_realm,not_mentioned,none,no,not_your_time,implied,no,"He understood the encounter was ""an adjustment to get me back on the path back home"" and that there were ""many paths that lead home.""","""The next instant I am sitting in a meadow."" ""There is no sense of past or future, just NOW."" ""Are you ready?"" ""This is when I realized that I had died, and I had to go back."" ""I screamed, 'NOOOOOOOO!!!' that's when I woke up."""
Wilfred B NDE 949,nderf,data\nderf\00407_wilfred-b-nde.json,1,not_mentioned,not_mentioned,not_mentioned,not_mentioned,implied,not_mentioned,not_mentioned,not_mentioned,not_mentioned,not_mentioned,,"'Dear God please let me stay, I don't want to go now.'; 'Then a moment of duality.'; 'My first thought... I thought to myself that it was ""scientific"".'; experience was 'burned' into my consciousness."
Burke NDE 78,nderf,data\nderf\00390_burke-nde-78.json,1,no,no,not_mentioned,not_mentioned,yes_explicit,not_mentioned,no,not_your_time,no,no,,"“I found myself in a void; I can only describe it as an endless plain of nothingness as if space without the stars or planets.”; “I now understood everything that ever was, or was ever to be.”; “I was then communicated with and told that this was not my time.”; “Again, the world shined as if all the colors had been polished.”"
Val NDE 77,nderf,data\nderf\00389_val-nde-77.json,1,not_mentioned,not_mentioned,not_mentioned,spiritual_realm,not_mentioned,not_mentioned,not_mentioned,family_responsibility,no,no,,"""Get the doctor, she's bleeding.""; ""She's crashing!""; ""projected""; ""home""; ""What we experience as physical reality is a vastly small portion of who and what we truly are and that there is life after death."""
Billy S NDE 5069/5067 NDE 5067,nderf,data\nderf\02623_billy-s-nde-5069-5067-nde-5067.json,1,not_mentioned,not_mentioned,not_mentioned,spiritual_realm,not_mentioned,not_mentioned,not_mentioned,not_mentioned,not_mentioned,not_mentioned,,“I felt my spirit rise above my body.” “Time seemed to stop…” “I knew I was headed home…” “It was rather disappointing when I realized where I was.”
William L NDE 5042,nderf,data\nderf\02611_william-l-nde-5042.json,1,no,no,not_mentioned,not_mentioned,yes_explicit,not_mentioned,no,no_reason_given,no,no,,"“I knew I was leaving my body.” / “Hell is real.” / “I was to find myself standing atop a catwalk in a post apocalyptic world displayed in the colour red.” / “I heard the lamenting sounds of anguish, cries of torment and the screams of pain.” / “My independent will had been stripped from me.”"
LaVall M NDE 5025,nderf,data\nderf\02603_lavall-m-nde-5025.json,1,no,no,not_mentioned,spiritual_realm,not_mentioned,not_mentioned,no,not_mentioned,implied,no,"After the NDE, reported telepathic contact encouraging him to write down knowledge 'given' to him; he wrote an e-book ('Universe The Entities') and was encouraged to write about mankind's destructive nature on this world.","“I cannot even accurately describe the 'Entities' that were with me, they were not physical Beings...”; “a sense that I was at home, a feeling of total acceptance, compassion and total love, almost euphoric.”; “they were just a part of the ultimate 'Entity' that was the Universe in its totality, as I and all matter and Beings were also just a part of the whole that is the Universe.”; “it was as real as any day in my life, not dreamlike at all.”; “they thought I was gone.”"
Robert H NDE 22441,nderf,data\nderf\02601_robert-h-nde-22441.json,1,not_mentioned,not_mentioned,not_mentioned,not_mentioned,implied,not_mentioned,not_mentioned,not_mentioned,not_mentioned,not_mentioned,,"“I felt a peace and calmness about myself.”; “I didn't see a white light.”; “Now, I am a true believer that even though our body dies, that our spirit lives on.”; “I have a sixth sense now - That, I am telepathically connected to another person.”"
Tom N NDE 4988,nderf,data\nderf\02572_tom-n-nde-4988.json,1,not_mentioned,not_mentioned,not_mentioned,not_mentioned,implied,not_mentioned,not_mentioned,no_reason_given,not_mentioned,not_mentioned,,"""As soon as I flat lined my spirit and soul left my body."" ""I just went above the operating table and watched the efforts to revive me."" ""How the hell did you know we did that, you were gone?"" ""This was the empirical verification I needed. The experience was real."""
Jean C NDE 4982,nderf,data\nderf\02567_jean-c-nde-4982.json,1,no,no,not_mentioned,not_mentioned,yes_explicit,not_mentioned,no,no_reason_given,no,no,,"“A voice told me I was all right and that she was with me.” / “Suddenly, I felt myself tugged back into my body. My body felt like a glove that was too tight.” / “Since then, I have felt that there is more to living than intellectual pursuits that real wisdom comes from knowing how to love.”"
Lynn NDE 4972,nderf,data\nderf\02563_lynn-nde-4972.json,1,not_mentioned,not_mentioned,not_mentioned,spiritual_realm,not_mentioned,not_mentioned,not_mentioned,not_your_time,no,no,,“We know you. We are so happy to have you back with us.” / “Stop! It is not her time.” / “It felt as if I had lived life with my nose against a highway billboard trying to read it… but I was not allowed to remember all of it.”
Jean K NDE 4964,nderf,data\nderf\02555_jean-k-nde-4964.json,1,no,no,not_mentioned,not_mentioned,implied,not_mentioned,no,family_responsibility,no,no,,"""That is right. God appears in a familiar form."""
James W NDE 4962,nderf,data\nderf\02553_james-w-nde-4962.json,1,no,no,not_mentioned,spiritual_realm,not_mentioned,not_mentioned,no,not_mentioned,no,no,,"""the peace that transcends all understanding.""; ""This is REAL!""; ""It's okay, it's okay, you're in the hospital.""; ""You are very lucky to be alive - we were ready to put the toe tag on you."""
James FM NDE 4957/374/246,nderf,data\nderf\02550_james-fm-nde-4957.json,1,no,no,not_mentioned,not_mentioned,implied,not_mentioned,no,not_your_time,yes_explicit,no,"Told it was necessary for him ""to stay and to help everyone I could in every way that I could"" until events shown were fulfilled.","""I realized I was above my body looking down at it""; ""I didn't feel any fear or pain, just a very deep feeling of being at peace""; ""There were what I can only describe as ghosts""; ""6 children... playing 'Ring around the Rosy'""; ""beautiful amber glow""; ""an incredibly beautiful Chinese Dragon""; ""no, it is not your time""; ""to help everyone I could in every way that I could""; ""I was once again in my body. It was two days later."""
Susan H Probable NDE 4950,nderf,data\nderf\02543_susan-h-probable-nde-4950.json,1,no,no,not_mentioned,not_mentioned,implied,none,no,family_responsibility,yes_explicit,no,“Messengers were needed to let people know that death is not fearful… They gave me instructions in how to work with the gifts we are given to assist one another.”,“Do not be afraid.” / “Messengers were needed to let people know that death is not fearful.” / “The spiral light filled luminous tunnel…”
Chuck M NDE 4946,nderf,data\nderf\02540_chuck-m-nde-4946.json,1,not_mentioned,not_mentioned,not_mentioned,not_mentioned,implied,not_mentioned,not_mentioned,not_your_time,no,no,,"“You can't stay.” “You have to go back, we are not ready for you.” “We have a pulse, Mr. M you gotta stay with us.” “Shut the hell up and whatever you gotta do because I got nowhere to go.”"
Chris B NDE 4940,nderf,data\nderf\02537_chris-b-nde-4940.json,1,no,no,not_mentioned,not_mentioned,implied,not_mentioned,no,no_reason_given,no,no,,"“in a flash, I was out of body and 'standing' in the hallway outside of the room looking in from behind the medical team.”; “I felt warm and cozy all over like the most comfortable I've ever been.”; “I definitely had figured out that I was dead and I was totally fine with it.”; “I was instantly 'slammed' back into my body and I went in right through the midpoint of my stomach right above the belly button area.”"
Betty F NDE 4938,nderf,data\nderf\02535_betty-f-nde-4938.json,1,no,no,not_mentioned,spiritual_realm,not_mentioned,not_mentioned,no,not_mentioned,not_mentioned,not_mentioned,,"“It did not feel like a dream at all - it felt I was there, and it was incredibly 'happy', exhilarating, and I was not content coming back to reality.”"
Susannah W NDE 4932,nderf,data\nderf\02532_susannah-w-nde-4932.json,1,no,no,not_mentioned,spiritual_realm,not_mentioned,not_mentioned,no,not_your_time,no,no,,"“I left my body and looked back at it without any worry or care.”; “The words were just 'felt' not spoken.”; “I waited outside the entrance sort of floating in the love. It was so beautiful and so perfect.”; “it was not my time, it was the wrong time.”; “oh no, back to this horrible world.”; “I feel that this is more real than anything that has happened in my life since.”"
Robert D NDE 4929,nderf,data\nderf\02527_robert-d-nde-4929.json,1,implied,not_mentioned,not_mentioned,not_mentioned,not_mentioned,not_mentioned,no,not_your_time,no,no,,"""I was feeling the undiluted, most-perfect form of peace."" / ""It is not your time, have someone hit you in the lower left area of your back""."
Scott H NDE 16033,nderf,data\nderf\02698_scott-h-nde-16033.json,1,not_mentioned,not_mentioned,not_mentioned,not_mentioned,implied,not_mentioned,not_mentioned,not_mentioned,implied,no,"He states the third experience “was meant for the world” and that he was “given it to touch the most people I can,” and later says he is “definitely here for a reason.”","“Leave Bear alone, Scott.” / “Look at him. He’s perfect.” / “Bear doesn’t need you anymore, Scott.” / “I was being exposed to all knowledge of the universe and meaning.” / “I was completely connected with the entire universe… you are the universe and it is us.”"
Leonard NDE 5170,nderf,data\nderf\02695_leonard-nde-5170.json,1,not_mentioned,not_mentioned,not_mentioned,spiritual_realm,not_mentioned,not_mentioned,not_mentioned,no_reason_given,not_mentioned,not_mentioned,,Heard his grandfather's voice say: 'There he is!'
Haley A NDE 5154/5190 NDE 5190,nderf,data\nderf\02684_haley-a-nde-5154-5190-nde-5190.json,1,no,no,not_mentioned,spiritual_realm,not_mentioned,not_mentioned,no,not_your_time,no,no,,"“Jack. Jack she will not go” / “It was so right, like I was home.” / “I could not stay; I had to go back because it was not my time.”"
Camilla F Probable NDE 5103,nderf,data\nderf\02683_camilla-f-probable-nde-5103.json,1,no,no,not_mentioned,not_mentioned,yes_explicit,not_mentioned,no,not_your_time,no,no,,"“Suddenly I was like a small dot inside my forehead... My body was like a big shell.” “It felt like I was being dragged through a dark, wide tunnel... by some strong force like a magnetic field.” “There was no time, just Eternity.” “I felt unconditional love flowing to me from this figure of light.” “I came upon a big, thick, high, invincible wall... if I passed through this wall I would die for real, forever.”"
Evelyn V Probable NDE 16028,nderf,data\nderf\02679_evelyn-v-probable-nde-16028.json,1,not_mentioned,not_mentioned,not_mentioned,not_mentioned,implied,not_mentioned,not_mentioned,family_responsibility,no,no,,"“that can't be me, I'm over here.”; “Terrible, terrible, loneliness!”; “no I can't do that, I'm a Christian.”; “I must go back to them, please let me go back and I'll come back again. They need me!”"
Fran E NDE 5140,nderf,data\nderf\02676_fran-e-nde-5140.json,1,not_mentioned,not_mentioned,not_mentioned,not_mentioned,implied,not_mentioned,not_mentioned,not_mentioned,not_mentioned,not_mentioned,,“What is this dark place?”; “It felt like I was just a thought with no body.”; “I saw a small ‘pin prick’ of light in the upper right hand corner.”; “The crystals were like a waterfall and just kept coming and coming.”; “I am unable to really describe it.”
Willem NDE 5133,nderf,data\nderf\02670_willem-nde-5133.json,1,no,no,not_mentioned,spiritual_realm,not_mentioned,not_mentioned,no,earthly_mission,implied,no,Ordered to go back because there were 'things for me to do down there'.,“more THIS WAS HOME.”; “only love without any boundary.”; “things for me to do down there”.
Joy R NDE 22463,nderf,data\nderf\02664_joy-r-nde-22463.json,1,no,no,not_mentioned,not_mentioned,yes_explicit,not_mentioned,no,not_your_time,yes_explicit,no,"Told, 'I have work for you to do.' Then she saw herself 'having a baby.'",'Do you know what this would do to her?' 'I have work for you to do.' 'Your mother needs you.' 'Suddenly I felt myself being suctioned back into my body.'
Alfredo NDE 5064,nderf,data\nderf\02663_alfredo-nde-5064.json,1,no,no,not_mentioned,not_mentioned,implied,none,no,no_reason_given,no,no,,“Sons of @*^$! Why did you wake me up now? I was in the best part of the dream!”
Nilda P NDE 5123,nderf,data\nderf\02662_nilda-p-nde-5123.json,1,not_mentioned,not_mentioned,not_mentioned,not_mentioned,implied,not_mentioned,not_mentioned,family_responsibility,yes_explicit,no,"“Go! Carry out your mission, teach what you had learned… never blacken your consciousness because this is only thing you will carry with you.”",“never blacken your consciousness because this is only thing you will carry with you.” / “Not all the paths are for every wanderer.” / “The body is just one more path!!!!”
Sylvianne R Possible NDE 5060,nderf,data\nderf\02659_sylvianne-r-possible-nde-5060.json,1,no,no,not_mentioned,not_mentioned,implied,not_mentioned,no,family_responsibility,implied,no,Told to go back and take care of her family; told she still had many things to accomplish and learn.,"""A voice told me I should go back and take care of my family, that I still had many things to accomplish and learn - that things would be different now. I would have a new strength that would be invincible."""
Daniel P NDE 5102,nderf,data\nderf\02644_daniel-p-nde-5102.json,1,no,no,not_mentioned,both,implied,not_mentioned,no,family_responsibility,no,no,,"""I was shot looking down and seeing my internal organs lying in the ground""; ""It was all so fast and so colorful, but like faded and had a haze to it.""; ""I kept yelling and saying I wanted to come home and there was nothing, no sound to be heard anywhere, just total peace and tranquility and warmth."""
Lynn S NDE 5098,nderf,data\nderf\02643_lynn-s-nde-5098.json,1,no,no,not_mentioned,not_mentioned,implied,not_mentioned,no,no_reason_given,no,no,,"""I felt 'impending doom'."" ""I felt great! - For the first time in days, I felt total relief of my pain and nausea."" ""I was floating up in the corner of the room with a dark cloud that was about half my size."" ""I was surrounded by intense brightness that seemed to funnel ahead of me; there was warmth and pleasantness with it."" ""I know that what happened to me was real."" ""I have no fear of death now; I just hope it's 'my cloud' that comes to get me."""
Randy M NDE 5083,nderf,data\nderf\02635_randy-m-nde-5083.json,1,no,no,not_mentioned,not_mentioned,implied,not_mentioned,no,family_responsibility,not_mentioned,no,,"'Is there anything worthy of ME to go back for?' / 'My Nancy.' / 'IT had complete control over me, which was so soothing it is indescribable.'"
Tony M Probable NDE 5075,nderf,data\nderf\02630_tony-m-probable-nde-5075.json,1,not_mentioned,not_mentioned,not_mentioned,not_mentioned,yes_explicit,not_mentioned,not_mentioned,no_reason_given,no,no,,“I was simply a form of consciousness with my ego intact.” “This void was the darkest black that I have ever seen in my life.” “I could hear what seemed like trillions of people screaming and crying in pain.” “150 foot flames manifested all around me.” “I got the impression that this being was made out of pure hate and terror.”
Nubia Possible NDE 5031,nderf,data\nderf\02628_nubia-possible-nde-5031.json,1,not_mentioned,not_mentioned,not_mentioned,not_mentioned,implied,not_mentioned,not_mentioned,not_mentioned,not_mentioned,not_mentioned,,“I saw my body lying on the hospital bed. I also saw myself standing by my side.”
Denise B NDE 831,nderf,data\nderf\00331_denise-b-nde.json,1,implied,not_mentioned,not_mentioned,not_mentioned,not_mentioned,not_mentioned,not_mentioned,family_responsibility,implied,no,"Guidance emphasized living fully in the NOW, eliminating addictions/destructive behaviors, and being one's best self for others.","“It was wondrous light that engulfed everything; there was total knowledge and love.” “time is simultaneous, everything happens at the same time, there is no then and future.” “in the end all there is, is love.” “We become one with everything and everything becomes one with us.” “We are here to experience this life to the fullest and must be in the NOW… get rid of distractions, being addictions, destructive behaviors etc.”"
Chrissie B NDE 822/4656,nderf,data\nderf\00329_chrissie-b-nde-822-4656.json,1,not_mentioned,not_mentioned,not_mentioned,spiritual_realm,not_mentioned,not_mentioned,not_mentioned,earthly_mission,yes_explicit,not_mentioned,"“You must go back, you have more lessons to teach.”","“I'M HOME AT LAST!!!” / “You must go back, you have more lessons to teach.” / “I had the most beautiful experience, which can never be described with words!”"
Roxanne S NDE 828,nderf,data\nderf\00326_roxanne-s-nde.json,1,not_mentioned,not_mentioned,not_mentioned,spiritual_realm,not_mentioned,not_mentioned,not_mentioned,not_mentioned,not_mentioned,not_mentioned,,"“I watched the little girl's body from above, as if in the tree.” / “transported to a wondrous landscape where all my feelings and events of my life happened at once.” / “Here on a visit in particle state life unfolds in time and space… Home we go to wave state time and space mere concepts of these particles”"
Herbert M NDE 820,nderf,data\nderf\00322_herbert-m-nde.json,1,not_mentioned,not_mentioned,not_mentioned,spiritual_realm,not_mentioned,not_mentioned,not_mentioned,no_reason_given,no,no,,"“This most Holy Being and Spirit… took me into His arms, and bid me welcome. Then, He asked, ‘Are you done?’” / “In an instant that will last forever, I saw my life, from conception-to-death, as one single and whole event…” / “The Light said, ‘Go.’ And I said, ‘No.’”"
Sil A NDE 11067,nderf,data\nderf\00320_sil-a-nde-11067.json,1,no,no,not_mentioned,not_mentioned,implied,none,no,other,no,no,,"“My body after death was pure white energy and superior to my flesh body. So, I became convinced that we have two bodies.”"
Heather S NDE 819,nderf,data\nderf\00318_heather-s-nde.json,1,not_mentioned,not_mentioned,not_mentioned,spiritual_realm,not_mentioned,not_mentioned,not_mentioned,not_mentioned,not_mentioned,not_mentioned,,"“The most incredible feeling of calm was very present… there was no fear, and no pain. A blanket of warmth was with me.”; “I long for home, and for the many joys that await us as we continue our eternal journey.”"
Jocelyne R NDE 818,nderf,data\nderf\00314_jocelyne-r-nde.json,1,no,no,not_mentioned,spiritual_realm,not_mentioned,not_mentioned,no,family_responsibility,no,no,,"""you are where you wished, we waited for you.""; ""Mom don’t die, you know you want to live, you know you like life,""; ""After being back in my body, I heard what people thought and I felt their suffering that hurt me everywhere."""
Swas NDE 5243,nderf,data\nderf\02746_swas-nde-5243.json,1,not_mentioned,not_mentioned,not_mentioned,not_mentioned,implied,not_mentioned,not_mentioned,no_reason_given,not_mentioned,not_mentioned,,“I felt somebody snatch my soul from my body and start to fly me like a kite in the sky.” “Somebody pushed me into a pitch-black space.” “I saw a thousand suns but felt no heat - it was a bit cold for my preference.” “I heard one of the nurses frantically saying that I had no pulse.”
Ella J NDE 16042,nderf,data\nderf\02740_ella-j-nde-16042.json,1,no,no,not_mentioned,not_mentioned,yes_explicit,not_mentioned,no,earthly_mission,yes_explicit,no,“Your mission is not ended / not yet finished… Your work upon the earth is not yet completed.”,"“At ten o'clock my spirit left my body.” / “Dear Ella, I command you, in the name of the Lord Jesus Christ, to come back and live. Your mission is not ended.” / “Come back, Ella, come back! Your work upon the earth is not yet completed.” / “Why did he call me back? I was so happy and did not want to come back.”"
Denise B Probable NDE 5234,nderf,data\nderf\02736_denise-b-probable-nde-5234.json,1,no,no,not_mentioned,spiritual_realm,not_mentioned,not_mentioned,no,earthly_mission,yes_explicit,no,Told by the Light/Jesus to return and to 'LOVE and FORGIVE everyone who would do bad things to hurt me' and to 'love as I love.','Come closer little one.'; 'Love and forgive.'; 'You must love as I love.'; 'HE IS WITH ME.'
Albert S Probable NDE 5222,nderf,data\nderf\02730_albert-s-probable-nde-5222.json,1,no,no,not_mentioned,not_mentioned,yes_explicit,not_mentioned,no,no_reason_given,no,no,,"“I would be more inclined to say I went through a 'valley,'” “surrounding me and all through me was an indescribable fullness of peace and love,” “the spiritual realm was definitely far superior to our existence here on earth.”"
Jon J NDE 5212,nderf,data\nderf\02722_jon-j-nde-5212.json,1,no,no,not_mentioned,spiritual_realm,not_mentioned,not_mentioned,no,earthly_mission,yes_explicit,no,"Told: ""You have yet to finish your work.""","""I'm finally home""; ""You have yet to finish your work, my son."""
Stanley S Possible NDE 5195,nderf,data\nderf\02718_stanley-s-possible-nde-5195.json,1,no,no,not_mentioned,spiritual_realm,not_mentioned,not_mentioned,no,no_reason_given,not_mentioned,no,,"""Bless me, Father, for I have sinned.""; ""Don't lie to yourself, nor to anyone.""; ""I want to go Home."""
Vera G NDE 5201,nderf,data\nderf\02717_vera-g-nde-5201.json,1,no,no,not_mentioned,spiritual_realm,not_mentioned,none,no,not_mentioned,not_mentioned,not_mentioned,,"“There was no knowing, there were no memories, no feeling of 'self' to grasp on to. It was like an eternity of nothing.”"
Matteo M NDE 5197,nderf,data\nderf\02715_matteo-m-nde-5197.json,1,not_mentioned,not_mentioned,not_mentioned,not_mentioned,implied,not_mentioned,not_mentioned,no_reason_given,no,no,,"“I was watching from just across the street exactly opposite the tree.”; “pulled forward into a black tunnel.”; “a place… which was all white.”; “It seemed to be a perfect white - emanating heat, light, serenity, tranquility, and understanding.”; “it was actually telepathy, more than words.”; “I remember a feeling being conveyed of ‘NO’… not satisfied with my life.”"
Carol I NDE 5188,nderf,data\nderf\02710_carol-i-nde-5188.json,1,no,no,not_mentioned,spiritual_realm,not_mentioned,none,no,not_mentioned,no,no,,"""I immediately found myself wrapped in a velvety blackness""; ""Then, in the next moment, I found myself reliving my life. I mean my WHOLE life""; ""It felt like home, like coming inside from the snow to a warm fire""; ""I, on the other hand, was disappointed I was still alive."""
Kathryn A NDE 5299,nderf,data\nderf\02784_kathryn-a-nde-5299.json,1,no,no,not_mentioned,spiritual_realm,not_mentioned,not_mentioned,no,earthly_mission,yes_explicit,no,She was told she 'had more work to do' and was instructed to remove her seat belt and get out of the car.,"“Take a deep breath.” “As long as it takes.” “I felt calm and safe, warm and at home.” “I had more work to do.”"
Maria Teresa Possible NDE 5282,nderf,data\nderf\02779_maria-teresa-possible-nde-5282.json,1,not_mentioned,not_mentioned,not_mentioned,not_mentioned,implied,not_mentioned,not_mentioned,not_mentioned,not_mentioned,not_mentioned,,"“Repeatedly, I ran towards the light, and then back to where I had started and then back towards the light again, over and over.”"
Cate NDE 5288,nderf,data\nderf\02776_cate-nde-5288.json,1,no,no,not_mentioned,not_mentioned,implied,not_mentioned,no,other,implied,no,To learn what she needed to about love; then it would be her time to go.,"“It's as if my awareness started expanding out of my body. I was still in my body but out of it at the same time.” / “I was in a deep void of empty space.” / “I sensed that the darkness was about to part and reveal a marvelous light.” / “I could move on if I wanted to, but once I reached the light I would not be able to return to my body.”"
Michael H FDE 5278 NDE 5278,nderf,data\nderf\02767_michael-h-fde-5278-nde-5278.json,1,no,no,not_mentioned,not_mentioned,yes_explicit,none,no,not_your_time,no,no,,"“transported to a dimension of void or limitlessness where everything was very quiet and peaceful.” “NOT MY TIME YET” “I was a luminous body, transparent and gossamer.” “I dematerialized at the last moment and rematerialized by the side of the highway.”"
Harry S Probable NDE 5267,nderf,data\nderf\02760_harry-s-probable-nde-5267.json,1,no,no,not_mentioned,not_mentioned,yes_explicit,not_mentioned,no,family_responsibility,no,no,,"'You deserve this. You can go back in any year you wish or into any being.' 'If you want to go back, leave now. But you will have to fight.'"
Gina J NDE 5266,nderf,data\nderf\02759_gina-j-nde-5266.json,1,no,no,not_mentioned,spiritual_realm,not_mentioned,not_mentioned,no,no_reason_given,implied,no,She told herself she had to remember 'the secret of life' because 'people needed to know the truth.',"“In my mind, I instantly knew the meaning of life and the grand plan, and I was thrilled.”"
Brenda I NDEs 5259/6202 NDE 6202,nderf,data\nderf\02753_brenda-i-ndes-5259-6202-nde-6202.json,1,no,no,not_mentioned,not_mentioned,implied,none,no,not_mentioned,no,no,,"'Fight, fight, fight, stay with us.' / 'Dear Heavenly Father, I thought I had done something to lengthen my life. It looks as though I have done something to shorten it. Please forgive me of any sin that might be keeping me from your presence.' / 'you're going to be all right.' / 'Doctor, we have a pulse.'"
Patricia P NDE 5256,nderf,data\nderf\02751_patricia-p-nde-5256.json,1,no,no,not_mentioned,not_mentioned,implied,not_mentioned,no,earthly_mission,implied,no,The two spiritual persons were aware of/said she 'wasn't finished with [her] purpose.',"“I remember an immediate sizzling sound in my ears, which escalated to such a high pitch that its loudness was all I knew.”; “I told those two persons that I wasn't finished on Earth yet.”; “I was aware of them saying that I wasn't finished with my purpose.”"
Vadra P NDE 913,nderf,data\nderf\00382_vadra-p-nde.json,1,not_mentioned,not_mentioned,not_mentioned,spiritual_realm,not_mentioned,not_mentioned,not_mentioned,not_mentioned,not_mentioned,not_mentioned,,"“I didn't go through any tunnels or anything like that but all of a sudden, I was in the most beautiful place that I had ever seen, and I felt like I was really there.”; “I could move from one place to another in a blink of an eye”; “I could actually fly. It just took a thought and off I would go.”; “I was playing, flying, and looking down on the earth from far above.”; “everything went black and I woke up in the same spot that he left me in.”; “I opened my eyes and felt the comfort of the Lord by my side and I felt a peace knowing where I'm going when I do die.”"
Barbara H NDE 912,nderf,data\nderf\00381_barbara-h-nde.json,1,not_mentioned,not_mentioned,not_mentioned,spiritual_realm,not_mentioned,not_mentioned,not_mentioned,family_responsibility,not_mentioned,not_mentioned,,"“I was laying prone on the softest stairs I had ever lain on. They were very much like clouds, but sparkly white and sharp as can be at the same time.”
“Without a word spoken between us, they told me essentially that I was okay, and that I would be all right.”
“BUT NO, I CAN'T LEAVE GEOFFREY.”
“I flinched at going Home, and they were gone like that.”"
Achess NDE 893,nderf,data\nderf\00378_achess-nde.json,1,no,no,not_mentioned,not_mentioned,implied,not_mentioned,no,no_reason_given,no,no,,"""Tung tung tung tung""; ""I felt like I was swept away into the hot red control and torn off. It was just not painful, it was incredibly painful.""; ""I had a feeling that I am not me""; ""from the viewpoint of the third person, like I was watching a game.""; ""I am sure that this experience is the death.""; ""But now I am sure that there is a destiny."""
Nancy H NDE 897,nderf,data\nderf\00368_nancy-h-nde.json,1,no,no,not_mentioned,not_mentioned,implied,not_mentioned,no,not_your_time,implied,no,Told there was 'a lot more that I had to do' and had 'a long and interesting life ahead to take care of before returning.',"'EVERYTHING IS COMPLETELY ALRIGHT'; 'Scott!! Are you alright??' / 'I'm SO alright! Just look at where I am!'; dentist: 'Come back, please come back!'"
Vicki S NDE 892,nderf,data\nderf\00366_vicki-s-nde.json,1,no,no,not_mentioned,not_mentioned,implied,not_mentioned,no,not_mentioned,no,no,,“The next sensation was of 'seeing' myself as a crumpled body below me on the floor.” / “I was conscious of a disjunction between my body and my mind/soul.”
John M NDE 870/2044,nderf,data\nderf\00348_john-m-nde-870-2044.json,1,no,no,not_mentioned,not_mentioned,implied,not_mentioned,no,not_mentioned,implied,no,"He was warned to be much more careful in the future ""or you won't be able to do what you have to do""; instructed to return to his body and ask for water and a blanket.","“Well, you won't get too many chances to recover from something like this again. You must be much more careful in the future or you won't be able to do what you have to do and that won't be good.” / “Now stop fooling around by flying around and get back into your body and ask someone for water and a blanket.”"
Paula J NDE 20313,nderf,data\nderf\00341_paula-j-nde-20313.json,1,not_mentioned,not_mentioned,not_mentioned,not_mentioned,implied,not_mentioned,not_mentioned,family_responsibility,not_mentioned,not_mentioned,,"""Breathe Paul! Breathe!""; ""It's your turn,""; ""Only forty-nine eh? I thought I'd have made it to at least to fifty!""; ""The world seemed so grey, so heavy, almost 'dead' compared to my experience."""
Kamme O NDE 839,nderf,data\nderf\00334_kamme-o-nde.json,1,not_mentioned,not_mentioned,not_mentioned,spiritual_realm,not_mentioned,not_mentioned,not_mentioned,family_responsibility,not_mentioned,not_mentioned,,"“SHE said for me to remember 12:05.”; “I was still ME, just not in this.”; “I saw that 'light' - it is a being, LOVE, HOME.”; “Before I completed that thought, I hit my body like a ton of lead. The pain was AWFUL.”; “It was my THOUGHT, 'will that brought me back here?'”"
Glenda G Possible NDE 22601,nderf,data\nderf\02907_glenda-g-possible-nde-22601.json,1,no,no,not_mentioned,spiritual_realm,not_mentioned,not_mentioned,no,family_responsibility,no,no,,"""popping"" ... ""through seven layers of pudding""; ""It's not finished!""; ""It's okay... You may stay here if you want, and we can just finish it around you""; ""They assured me... death is painless."""
Pedro J NDE 5383,nderf,data\nderf\02894_pedro-j-nde-5383.json,1,not_mentioned,not_mentioned,not_mentioned,not_mentioned,implied,not_mentioned,not_mentioned,not_mentioned,not_mentioned,not_mentioned,,"“I felt that my body was lighter and slightly outside of the physical body.” / “a universe where nothing existed… absolute blackness with no reference points.” / “I could still think, therefore I was ‘thought’.” / “flying as if I were a bird, an Eagle… over hills and places of great greenery.”"
Alex FDE 6114 NDE 6114,nderf,data\nderf\02887_alex-fde-6114-nde-6114.json,1,no,no,not_mentioned,not_mentioned,implied,none,no,other,no,no,,"""I began to feel a warm feeling of resignation""; ""I felt what I guess I would call my soul start to shrink""; ""the point was where the knife was touching my throat""; ""It was as if there was talk in my head from this person behind me""; ""hey, wake up! Get the door latch!"""
Yolanda H NDE 6059,nderf,data\nderf\02877_yolanda-h-nde-6059.json,1,no,no,not_mentioned,not_mentioned,yes_explicit,not_mentioned,no,family_responsibility,no,no,,"“The next thing I remember is getting up from the floor but my body was still lying down.” “I saw white clouds all over.” “I knew I was dead.” “God please let me live…” “My grandma screamed, ‘My God!’ and I breathed.”"
Jane K NDE 6041,nderf,data\nderf\02868_jane-k-nde-6041.json,1,not_mentioned,not_mentioned,not_mentioned,not_mentioned,implied,not_mentioned,not_mentioned,other,not_mentioned,not_mentioned,,“Back down to Earth again!”
Michael S NDE 6037,nderf,data\nderf\02861_michael-s-nde-6037.json,1,no,no,not_mentioned,spiritual_realm,not_mentioned,not_mentioned,no,no_reason_given,no,no,,"“I remember waking up in an absolutely beautiful green field of grass.” “The experience was very brief, but VERY real.”"
Anna L NDE 5373,nderf,data\nderf\02857_anna-l-nde-5373.json,1,not_mentioned,not_mentioned,not_mentioned,not_mentioned,implied,not_mentioned,not_mentioned,other,not_mentioned,no,,"“No stupid wall is going to stop me from reaching my Light!” / “Damn it, these human limitations don't appeal much to me, but this is something I have to do”."
Therese B NDE 5369,nderf,data\nderf\02853_therese-b-nde-5369.json,1,no,no,not_mentioned,spiritual_realm,not_mentioned,not_mentioned,no,earthly_mission,implied,no,"She realized she ""ha[d] not yet done what I am supposed to do"" and chose to return to find and fulfill her purpose.","""Instantly, I am in a different dimensionin a beautiful place, which is filled with gorgeous white and golden rays of light.""; ""I feel right at home, as if returning to my real family after a long trip away.""; ""This Being is love, safety, happiness, understanding, consciousness and freedom!""; ""I become aware that I now understand everything and that I have answers to all my questions.""; ""I can choose to go back to my life on Earth, or be finished with it and move on."""
Lexy Probable NDE 5370,nderf,data\nderf\02829_lexy-probable-nde-5370.json,1,not_mentioned,not_mentioned,not_mentioned,spiritual_realm,not_mentioned,not_mentioned,not_mentioned,no_reason_given,not_mentioned,not_mentioned,,“THIS was ME.” / “Now it is all going to happen!” / “I was ‘neither here nor there’.”
Francisco R NDE 5330,nderf,data\nderf\02828_francisco-r-nde-5330.json,1,no,no,not_mentioned,not_mentioned,yes_explicit,not_mentioned,no,other,no,no,,"“I started to see myself from above.” “There was no pain any more... only tranquility and an immense peace.” “I understood I had neither body nor eyes but my consciousness was intact... as if I knew everything.” “I could see the universe very far away at the end of a tunnel.” “In that precise moment, I was back inside my body.”"
Marsy C Probable NDE 5307,nderf,data\nderf\02827_marsy-c-probable-nde-5307.json,1,not_mentioned,not_mentioned,not_mentioned,not_mentioned,implied,not_mentioned,not_mentioned,no_reason_given,not_mentioned,not_mentioned,,“This cannot be! It cannot end like this!”
Glenna C NDE 5367,nderf,data\nderf\02826_glenna-c-nde-5367.json,1,no,no,not_mentioned,spiritual_realm,not_mentioned,not_mentioned,no,earthly_mission,yes_explicit,no,"The 'guy' said she 'had something to do' and would come back when she did it; he told her what it was, but she could not remember it except that it was important.","“Hearing these people talking, I felt like I was home – like I was a child again.” / “Then the guy told me that I really was not ready to be there. He said that I had something to do, and when I do it, I will come back here and be home again.”"
Michaele S NDE 5363,nderf,data\nderf\02823_michaele-s-nde-5363.json,1,no,no,not_mentioned,not_mentioned,implied,not_mentioned,no,family_responsibility,no,no,,"“This is Love. It is always here, always streaming toward you, never diminishing, always loving you. All you have to do is be open to it. Receive it. This will heal you”."
Adam N NDE 5349,nderf,data\nderf\02814_adam-n-nde-5349.json,1,no,no,not_mentioned,not_mentioned,implied,not_mentioned,no,earthly_mission,yes_explicit,no,"Felt it ""wasn't time yet"" and that he had to ""help save the little girl.""","""Nick, I took a whole bunch of pills today. I think I'm dying. I have to lay down""; ""Adam...Adam...Adam...""; ""help save the little girl""; ""it wasn't time yet""."
Sally E NDE 5343,nderf,data\nderf\02809_sally-e-nde-5343.json,1,not_mentioned,not_mentioned,not_mentioned,not_mentioned,yes_explicit,not_mentioned,not_mentioned,not_mentioned,no,not_mentioned,,"“I was aware of everything going on in the ambulance, but at the same time, I was in a long hallway.”"
Storm Possible NDE 5326,nderf,data\nderf\02802_storm-possible-nde-5326.json,1,not_mentioned,not_mentioned,not_mentioned,spiritual_realm,not_mentioned,not_mentioned,not_mentioned,not_your_time,implied,no,Experiencer believes Jesus sent them back with the gift of being an artist.,"He waved his hand in my direction as if to say ‘Not yet, you are not supposed to be here’... “But I know it was not the fever, nor was it a dream. I know I was in Heaven, even if only for one minute.”"
Cindy B NDE 6207,nderf,data\nderf\02964_cindy-b-nde-6207.json,1,no,no,not_mentioned,not_mentioned,yes_explicit,not_mentioned,no,no_reason_given,no,no,,'Why is she here now?' 'What's she doing here?' 'She's not supposed to be here.'
Vanessa W Probable NDE 6204,nderf,data\nderf\02962_vanessa-w-probable-nde-6204.json,1,no,no,not_mentioned,not_mentioned,implied,not_mentioned,no,not_mentioned,no,no,,"“I remember being in this darkness, some call it a void… shaped like a geometric pattern, like a long triangle on its side.”; “I've never felt love like that. It wasn't even describable in our English language.”; “I all of a sudden feel this giant pull, like a vacuum sucking me.”; “I realized who 'GOD' was… I knew 'GOD' was the love I was feeling.”"
Tom Probable NDE 6199,nderf,data\nderf\02959_tom-probable-nde-6199.json,1,no,no,not_mentioned,spiritual_realm,not_mentioned,not_mentioned,no,not_mentioned,not_mentioned,not_mentioned,,"""The next thing I remember is the feeling of relief, like all the burden was lifted off my shoulders and all my worries were gone."" / ""I was in a softy dark, peaceful and beautiful place, walking with someone I knew very well and trusted."" / ""It was like I was home and knew the purpose of everything and especially the purpose of my life."""
Hanriette NDE 6033,nderf,data\nderf\02956_hanriette-nde-6033.json,1,no,no,not_mentioned,spiritual_realm,not_mentioned,not_mentioned,no,not_your_time,not_mentioned,no,,"“like in an old movie going backwards, clear images of my life from being an adult to my childhood.”; “I found myself in the middle of a grayish white mist”; “They were communicating with me not through their mouths but by means of some kind of telepathy.”; “I didn't want to come back and I begged not to be sent back.”; “the being in front of me was telling me that I couldn't stay and had to go back.”; “I felt like being at home.”"
George E NDE 6192,nderf,data\nderf\02951_george-e-nde-6192.json,1,no,no,not_mentioned,not_mentioned,yes_explicit,not_mentioned,no,earthly_mission,yes_explicit,no,"Told he had ""a mission on earth waiting to be accomplished.""","""being gently channeled towards an incredibly bright, white light""; ""it was not my time yet""; ""I had a mission on earth waiting to be accomplished."""
Trisha S NDE 6184,nderf,data\nderf\02947_trisha-s-nde-6184.json,1,no,no,not_mentioned,spiritual_realm,not_mentioned,not_mentioned,no,not_your_time,no,no,,"“I'm sucked up into the column of light like an envelope in a pneumatic mail tube.” “I'm standing in a place of love.” “it's not your time,” “Later,” it says; “later, we promise.”"
Jeter C NDE 22626,nderf,data\nderf\02941_jeter-c-nde-22626.json,1,not_mentioned,not_mentioned,not_mentioned,spiritual_realm,not_mentioned,not_mentioned,not_mentioned,not_mentioned,not_mentioned,not_mentioned,,“Heavenly feeling is the only word I could find to describe this space.”; “This place knew everything about me. Every thought I ever had. No words were needed. Every thought was known.”; “Felt totally accepted.”
Jack M NDE 6168,nderf,data\nderf\02934_jack-m-nde-6168.json,1,no,no,not_mentioned,not_mentioned,implied,none,no,not_mentioned,no,no,,"“Life isn't complicated, people make it complicated.”"
Susan T Probable NDE 6165,nderf,data\nderf\02931_susan-t-probable-nde-6165.json,1,no,no,not_mentioned,not_mentioned,implied,not_mentioned,no,not_your_time,no,no,,"“I know that I was 'somewhere else' and that, wherever I was, there was no pain and that, wherever I was it was, going to be, all right; even if I died and wasn't coming back.” “I have a deep understanding that it wasn't my time and that I was 'shown mercy'.”"
Pegi R NDE 6163/6164 NDE 6164,nderf,data\nderf\02930_pegi-r-nde-6163-6164-nde-6164.json,1,not_mentioned,not_mentioned,not_mentioned,not_mentioned,implied,not_mentioned,not_mentioned,family_responsibility,not_mentioned,not_mentioned,,"""Suddenly I was going very fast through a tunnel, the sound of fast wind and the speed of the sound was loud."" / ""I was suspended in a bright light... White light. I was inside the light."" / ""That was God."" / ""Suddenly I was entering my body in the wheel chair..."""
Jill D NDE 6151,nderf,data\nderf\02922_jill-d-nde-6151.json,1,no,no,not_mentioned,spiritual_realm,not_mentioned,not_mentioned,no,no_reason_given,no,no,,"“This was real, as real as anything I had ever experienced.”; “I was home.”; “When I stepped into the liquid, all that was ‘Jill’ disappeared. ‘I’ no longer existed and yet ‘I’ was still there.”; “Don’t worry about that. Don’t even think about it.”; “What are you doing here?”"
Karen J NDE 6150,nderf,data\nderf\02921_karen-j-nde-6150.json,1,no,no,not_mentioned,not_mentioned,implied,none,no,no_reason_given,no,no,,"""no time, no boundaries, just feeling""; ""Soon I felt nothing physical and I wasn't anywhere.""; ""Nothing in this World feels that way; a complete lack of worry, sadness""; ""a million thoughts at once""; ""10 seconds, 10 hours, time just didn't exist."""
Maria S Possible NDE 6145,nderf,data\nderf\02917_maria-s-possible-nde-6145.json,1,not_mentioned,not_mentioned,not_mentioned,not_mentioned,implied,not_mentioned,not_mentioned,family_responsibility,not_mentioned,not_mentioned,,"“I start hearing an 'electrical' buzzing sound and begin to feel heavy as lead.” “Then, without even any sensation of coming out of my body, I am floating in a grey mist.” “A light formed as the finest confetti…” “I can't stay; I have to raise my three children.” “I said 'Our Father...' The first word was not all the way said, and in less than a second I was back in my body.”"
Camryn L NDE 6136,nderf,data\nderf\02916_camryn-l-nde-6136.json,1,not_mentioned,not_mentioned,not_mentioned,spiritual_realm,not_mentioned,not_mentioned,not_mentioned,no_reason_given,not_mentioned,not_mentioned,,"“I was suddenly in this black void and a light came zooming at me extremely fast.”; “It transmitted a 'want to come with me?' message.”; “I knew that all of them were souls or spirits.”; “Everything that ever was and everything that ever will be were all here at once.”; “All the knowledge in the universe was right there for us to access.”; “I knew that I was 'on the other side' and I didn't ever want to go back.”; “I was dead, or whatever it was, for 4 hours.”; “I now have NO fear of death.”; “What I experienced was NOT a dream.”"
Paul S NDE 6137,nderf,data\nderf\02915_paul-s-nde-6137.json,1,no,no,not_mentioned,not_mentioned,yes_explicit,not_mentioned,no,not_mentioned,not_mentioned,not_mentioned,,"'like the pop of a cork'; 'falling and falling'; 'Paul, please do not go – you're slipping'; 'the atmosphere was filled with all these little speckles of white light'; 'I felt a total bliss, and felt part of the universe.'"
Rhonda C NDE 6138,nderf,data\nderf\02914_rhonda-c-nde-6138.json,1,no,no,not_mentioned,not_mentioned,implied,not_mentioned,not_mentioned,earthly_mission,no,no,,"“It is your choice. You may come with me, or go back.”"
James B SMR 759 NDE 759,nderf,data\nderf\00262_james-b-smr-759-nde.json,1,yes_explicit,not_mentioned,not_mentioned,not_mentioned,not_mentioned,not_mentioned,no,earthly_mission,yes_explicit,no,"Told he had to go back because ""there was people who needed me.""","""We reached what I can only call 'The White Room'.""; ""The thing showed me television pictures of my life, from Birth to present day.""; ""we are all inter-connected; we are all as one, part of the one great big plan.""; ""There was no form of time there. Just pure love."""
Tommy T NDE 723,nderf,data\nderf\00260_tommy-t-nde.json,1,no,no,not_mentioned,spiritual_realm,not_mentioned,not_mentioned,no,family_responsibility,implied,no,"Told he ""had to go back and take care of my family.""","""It felt like I was home and had lived there for a very long time.""; ""I hit an invisible barrier and could go no further.""; ""Everything became very cold as soon as the light went out.""; ""I can't describe the feeling of let down and disappointment I felt."""
Kim G NDE 727,nderf,data\nderf\00259_kim-g-nde.json,1,no,no,not_mentioned,not_mentioned,implied,not_mentioned,no,family_responsibility,no,no,,"""I was at a place that had unlimited light. There were no landmarks. This light was white and all encompassing.""; ""I returned to my body with a slam, like I was thrown into myself."""
Jim C NDE 702,nderf,data\nderf\00235_jim-c-nde.json,1,no,no,not_mentioned,spiritual_realm,not_mentioned,not_mentioned,no,earthly_mission,yes_explicit,no,"He was required to give three reasons to return; the stated theme was learning/expressing love (e.g., love for his mother; not having truly loved yet; love for fellow human beings).","""I was like in a huge void, with spots of light like stars around.""; ""Like the doctor said... it was like being home.""; ""He told me I would have to come up with three reasons why I should be allowed to return.""; ""Once the third reason was out there was a dazzling flash and I was lying on the bed."""
Tina S NDE 710,nderf,data\nderf\00233_tina-s-nde.json,1,not_mentioned,not_mentioned,not_mentioned,spiritual_realm,not_mentioned,not_mentioned,not_mentioned,not_your_time,implied,not_mentioned,Told by grandmother and great-grandmother (telepathically) that it was not her time and that she had more to do.,"'Okay, she's ready.'; 'I was completely immersed in the most incredible love, contentment, acceptance, feeling of being home...'; 'we don't have words to describe the feelings.'; 'it was not my time and that I had more to do.'"
Sheila EP NDE 6267,nderf,data\nderf\03027_sheila-ep-nde-6267.json,1,not_mentioned,not_mentioned,not_mentioned,not_mentioned,implied,not_mentioned,not_mentioned,not_your_time,implied,no,"She understood she had not completed her ""mission/task"" and had ""important things to accomplish"" before it would be time to go.","""THEN EVERYTHING WENT COMPLETELY BLACK."" ""I clearly remember experiencing complete comfort; of being totally free from any sort of pain or feelings of bodily sensations at all."" ""Communication was telepathic..."" ""He/she was similar to a Jesus type figure, completely full of light."" ""It was just not my time to go."""
Tamara M NDE 5415,nderf,data\nderf\03021_tamara-m-nde-5415.json,1,not_mentioned,not_mentioned,not_mentioned,not_mentioned,implied,not_mentioned,not_mentioned,not_mentioned,not_mentioned,not_mentioned,,“I could see everything from above.”
Hector A Uncle NDE 5413,nderf,data\nderf\03019_hector-a-uncle-nde-5413.json,1,no,no,not_mentioned,not_mentioned,implied,not_mentioned,no,family_responsibility,no,no,,"""felt his body traveling through a tunnel filled with light""; ""cities merged with the whiter light""; ""spoke with every one of them without using his voice, telepathically""; ""Even though he was only gone for 15 minutes if felt like three or four days."""
Moises NDE 5389,nderf,data\nderf\03010_moises-nde-5389.json,1,not_mentioned,not_mentioned,not_mentioned,not_mentioned,implied,not_mentioned,not_mentioned,family_responsibility,not_mentioned,not_mentioned,,"“I started to feel really cold, as if my skin had been ripped off.”; “a very intense and dazzling yellow light appeared, along with a strong wind, with a loud noise of wind.”; “I felt a great peace and love.”; “I was spoken to telepathically… in a voiceless communication.”; “Thank you for letting me come back to my family.”"
Victor C Other 6247 NDE 6247,nderf,data\nderf\03007_victor-c-other-6247-nde-6247.json,1,no,no,not_mentioned,not_mentioned,implied,not_mentioned,no,other,no,no,,"""walking through a door""; ""pure state of only awareness""; ""Trying to describe it would be pointless""; ""I have no memory of breathing""; ""I might not choose to return."""
Dan BC NDE 6243,nderf,data\nderf\03000_dan-bc-nde-6243.json,1,not_mentioned,not_mentioned,not_mentioned,spiritual_realm,not_mentioned,not_mentioned,not_mentioned,other,yes_explicit,not_mentioned,Ordered to return and 'go get control of the situation.' Also asked to relay a message: 'Tell my mom it's okay. Tell her I'm okay.',"“It wasn't a dream. It was as real as any real-world experience I had ever had.” “I was at home, at peace, part of the infinite sky.” “You're not supposed to be here, you have to get back down there.” “Tell my mom it's okay. Tell her I'm okay.” “Now… you need to get back down there. You need to go get control of the situation.”"
Mindy T NDE 6238,nderf,data\nderf\02996_mindy-t-nde-6238.json,1,not_mentioned,not_mentioned,not_mentioned,spiritual_realm,not_mentioned,not_mentioned,not_mentioned,not_mentioned,not_mentioned,not_mentioned,,"“Thank you Jesus. I am coming home!” / “Then everything went white!” / “Oh, my God! She’s stopped breathing!” / “Please take me home,” I prayed."
Preston P Probable NDE 22663,nderf,data\nderf\02992_preston-p-probable-nde-22663.json,1,no,no,not_mentioned,not_mentioned,implied,none,no,no_reason_given,no,no,,"“I can taste that in my mouth.” / “I felt as if me (spirit me) was outside my body and feeling the walls of the room as skin, no more sensation of my body skin and form.” / “I became very accepting of it all… great peace of mind.”"
Bonnie Z NDE 32085,nderf,data\nderf\02971_bonnie-z-nde-32085.json,1,no,no,not_mentioned,not_mentioned,implied,not_mentioned,no,other,no,no,,"“I felt sexless and ageless, and eternal.” “I could see all around me, and below and above me as well all at the same time.” “I don't remember communicating with anyone, only a feeling that there was a collective consciousness of souls who all had great love for me.” “It was a struggle at first to breathe - I couldn't find my lungs.”"
Carmine I NDE 5395,nderf,data\nderf\02966_carmine-i-nde-5395.json,1,no,no,not_mentioned,spiritual_realm,not_mentioned,not_mentioned,no,no_reason_given,no,no,,"“When I was asleep, under general anesthesia, I saw a little light in total darkness and wandered towards that definite direction.”; “Suddenly, an invisible force restrained me. I felt as if some people were judging me.”; “There were thousands of lights, the same as I was (I was a light) and all of them moving with harmony.”; “Then suddenly I returned all the way back at breakneck speed, and found myself lying on the operating table.”"
Isabel R NDE 6205,nderf,data\nderf\02965_isabel-r-nde-6205.json,1,no,no,not_mentioned,not_mentioned,implied,not_mentioned,no,family_responsibility,yes_explicit,no,She reports the most important message from 'beings of light' was 'to tell others.',"“There were rules, and I didn't know them. I could not take people out of the darkness, but they could drag me into it.” / “OK I'll go back, but can I at least just finish whatever it is I'm supposed to do and then die, skipping the whole 'old age' thing?” / “I need you.”"
Alan McD NDE 3760/16041 NDE 16041,nderf,data\nderf\03068_alan-mcd-nde-3760-16041-nde-16041.json,1,not_mentioned,not_mentioned,not_mentioned,not_mentioned,yes_explicit,not_mentioned,not_mentioned,not_mentioned,not_mentioned,not_mentioned,,"""Darkness (evil) cannot invade the light, (one candle dispels the darkness) but light (goodness) can impact into the darkness).""; ""I seemed to have become a dense intense point particle of intelligent light energy.""; ""This timeless reality was so very much more real than the three-dimensional reality we experience on earth.""; ""The life review comes and goes in one blinding moment, but strangely we relive every moment of our lives..."""
Nicole K Probable NDE 5419,nderf,data\nderf\03061_nicole-k-probable-nde-5419.json,1,not_mentioned,not_mentioned,not_mentioned,spiritual_realm,not_mentioned,not_mentioned,not_mentioned,no_reason_given,no,no,,"""I'm home."" / ""You have to go back."" / ""Please don't leave me, and I want to stay here!"" / ""Suicides go to another place."""
Joe J NDE 6290,nderf,data\nderf\03052_joe-j-nde-6290.json,1,not_mentioned,not_mentioned,not_mentioned,not_mentioned,implied,not_mentioned,not_mentioned,no_reason_given,no,not_mentioned,,"“2 small transparent or glowing entities came into my room.” “We walked through the wall but were not touching the floor.” “I remember they told me I had to go back, but I did not want to go back.” “The love was so intense I still have it to this day.”"
Coleen P Possible NDE 6281,nderf,data\nderf\03043_coleen-p-possible-nde-6281.json,1,no,no,not_mentioned,not_mentioned,implied,not_mentioned,no,family_responsibility,not_mentioned,no,,"“ABRUPTLY, SWOOSH! I felt knocked or sucked out into another dimension or space, which was not of this world as we know it.” / “beautiful, fluid, dancing color, living color with no end or beginning” / “a little oval of white or slightly golden light in the distance” / “Wow, no way could that have been a dream.”"
Gary M NDE 6282,nderf,data\nderf\03042_gary-m-nde-6282.json,1,not_mentioned,not_mentioned,not_mentioned,not_mentioned,implied,not_mentioned,not_mentioned,not_mentioned,not_mentioned,not_mentioned,,"“I could see the top of my own head and I could see Donnie helping me out of the car.” “I quite suddenly just shot right out of my body.” “I was traveling at a very high speed into complete darkness, like a universe with no stars.” “(I'll call them ‘light beings’) two light beings flew directly in front of me and stopped me cold.” “I saw a sort of umbilical cord of light going down to what appeared to be the world below.” “It was as though it was telepathic somehow.” “You're not going anywhere.” “It was ecstasy; it was pure beauty.” “Don't leave me Gary! Wake up!”"
Fausto M NDE 5398,nderf,data\nderf\03033_fausto-m-nde-5398.json,1,no,no,not_mentioned,not_mentioned,yes_explicit,not_mentioned,no,no_reason_given,no,no,,"""I came out of my body""; ""They couldn't hear me.""; ""OK, there is no way out, I'll go back to my body and wait for my death.""; ""It was a being completely covered in a white sheet""; ""When they all answered that they had seen nothing""; ""a knowledge, which is ABSOLUTE, THE TRUTH, GNOSIS."""
Vivian M Probable NDE 6272,nderf,data\nderf\03030_vivian-m-probable-nde-6272.json,1,no,no,not_mentioned,not_mentioned,yes_explicit,not_mentioned,no,family_responsibility,no,no,,'This is nirvana. This is what heaven must be.'; 'Your parents cannot handle losing another child.'
Howard P NDE 10099,nderf,data\nderf\00313_howard-p-nde-10099.json,1,not_mentioned,not_mentioned,not_mentioned,not_mentioned,yes_explicit,not_mentioned,no,other,yes_explicit,no,God 'had a message God wanted me to tell people on earth' and he reports a 'five point message' addressed to Christians and the world.,"""When the angels lifted my spirit from my body, they carried me immediately to the second heaven.""; ""We entered there in that same room where my body was, just passing through a dimension wall.""; ""we communicated with our minds""; ""When we traveled, we traveled mostly at what I call the 'speed of thought.'""; ""That feeling you are wondering about is caused by the fact that there is no love in this world.""; ""They are saints going home.""; ""if I entered I could not come out""; ""Howard Pittman, you have promised before."""
Deanna C NDE 814,nderf,data\nderf\00310_deanna-c-nde.json,1,no,no,not_mentioned,not_mentioned,implied,not_mentioned,no,not_your_time,no,no,,"“Cardiac arrest imminent!”; “Oh, there is such a fine line between birth-life and dying-death.”; “Deanna, it is not your time yet, you must go back.”; “it was like I belonged, it was like we were ALL ONE.”"
Miguel NDE 63,nderf,data\nderf\00304_miguel-nde-63.json,1,not_mentioned,not_mentioned,not_mentioned,spiritual_realm,not_mentioned,not_mentioned,not_mentioned,not_your_time,not_mentioned,not_mentioned,,"“Somehow, I knew if I go through the light, I won’t be able to return.”; “I didn't see anyone, but I felt He was around me, full of love and joy... it wasn't my time yet, so I was sent back to my family.”; “I still miss the place where I've been. I know that when my time comes, I'm going back.”"
Edwin NDE 785,nderf,data\nderf\00295_edwin-nde.json,1,no,no,not_mentioned,not_mentioned,implied,not_mentioned,no,not_your_time,no,no,,"""He's dead, he's dead."" / ""Now you go back in your body."" / ""Don't worry, you and I will meet again."" / ""my time was not yet come"""
Carlene W NDE 773,nderf,data\nderf\00290_carlene-w-nde.json,1,no,no,not_mentioned,spiritual_realm,not_mentioned,not_mentioned,no,family_responsibility,no,no,,"“I saw a black hole with a circle of light that I was traveling through.” “A sense of peacefulness, which is indescribable, came over me.” “Somehow, I knew it was heaven.” “I needed to come back and help them.”"
Greeley C NDE 20215,nderf,data\nderf\00289_greeley-c-nde-20215.json,1,not_mentioned,not_mentioned,not_mentioned,not_mentioned,implied,not_mentioned,not_mentioned,not_mentioned,not_mentioned,not_mentioned,,"""I could see the whole washroom but it was like I was near the upper far left corner looking down towards the toilet."" ""It was as if I was sucked back very fast into myself"". ""Death is nothing to be scared of now."" ""We leave our bodies."""
Chet W NDE 10069,nderf,data\nderf\00280_chet-w-nde-10069.json,1,no,no,not_mentioned,spiritual_realm,not_mentioned,not_mentioned,no,other,implied,no,Helping the doctor during the procedure; doctor later told him he came back to help.,"""Chet, Chet, stay here."" / ""Watch this."" / ""The invitation was like three hundred million people all at once saying a reverberating and surprising 'Hi!'"" / ""Don't be afraid and don't plan on taking a break after death."" / ""Maybe God isn't ready for me, or the Devil is too afraid of me."" / ""If you truly care about everyone, everyone will truly care about you."""
David B NDE 768,nderf,data\nderf\00278_david-b-nde.json,1,not_mentioned,not_mentioned,not_mentioned,spiritual_realm,not_mentioned,not_mentioned,not_mentioned,not_your_time,implied,no,"He was told: ""this is not your time you have a purpose"" and he ""had to return... and continue to live my life.""","""A feeling of welcoming and welcome home as well as an incredible sense of love came over me.""; ""My physical body was gone; I was becoming light without a form.""; ""But there were no feelings of judgment.""; ""this is not your time, you must return.""; ""I breathed in my first breath and my spirit was slammed back into my body."""
Brian L NDE 748,nderf,data\nderf\00268_brian-l-nde.json,1,not_mentioned,not_mentioned,not_mentioned,not_mentioned,implied,not_mentioned,not_mentioned,family_responsibility,not_mentioned,not_mentioned,,"""I'm the alpha, and omega, the beginning and the end.""; ""Come follow me.""; ""I don't know who you are, so no.""; ""I'm too young to die, my family would miss me. It can't be my time.""; ""It was like watching a movie about your life..."""
Guy NDE 40,nderf,data\nderf\00095_guy-nde-40.json,1,not_mentioned,not_mentioned,not_mentioned,spiritual_realm,not_mentioned,not_mentioned,not_mentioned,no_reason_given,not_mentioned,not_mentioned,,"“I died. Simply, I died.” / “Death was not bad. Jesus was really there.” / “He put His Arm around me. He loved me.” / “I had been to Freedom with God...now I was trapped back here.”"
D NDE 35,nderf,data\nderf\00081_d-nde-35.json,1,not_mentioned,not_mentioned,not_mentioned,not_mentioned,implied,not_mentioned,not_mentioned,not_mentioned,yes_explicit,no,He said he had a goal to retrieve a friend 'stuck on the other side of death's door' and take him to 'God' to beg forgiveness; later said he was told to 'write down all the details' during the out-of-body travel to the light during both NDEs.,"""It was like a laser show that I could hear, feel, see, touch, smell, and taste.""; ""Your friend is with you as you speak. Turn and see for yourself.""; ""I was outside trying to get back in."""
Rosemary J NDE 37,nderf,data\nderf\00079_rosemary-j-nde-37.json,1,no,no,not_mentioned,not_mentioned,yes_explicit,not_mentioned,no,family_responsibility,no,no,,"'Come on, you can come if you want to, but once you come, you can't go back.'; 'Total darkness. I was on a path...'; 'When he spoke, I heard him mentally...'"
Kanwal Probable NDE 6408,nderf,data\nderf\03142_kanwal-probable-nde-6408.json,1,no,no,not_mentioned,not_mentioned,implied,not_mentioned,no,not_your_time,yes_explicit,no,Ordered to help all living beings on Earth; would be allowed to come back when 'service duty' was finished.,"“He then told the five men that they had brought me before my time, and that I still had many things yet to do on Earth.”; “Then he ordered me to help all living beings on Earth.”; “Is this the land of the dead?”; “The five men then told me that in this land no one could hear sound. They can only get each other's attention through touch…”"
Demi B NDE 6405,nderf,data\nderf\03140_demi-b-nde-6405.json,1,no,no,not_mentioned,spiritual_realm,not_mentioned,not_mentioned,no,not_your_time,implied,no,Told it wasn't her time and that she had things she needed to do on this plane; she protested but was gently told she had to come back to complete the things she was sent here to do.,“the single most important thing in the Universe is Love” / “I was exactly the same as every blade of grass.” / “God is love” / “It is real. It is unexplainable.”
Johanna S NDE 6400,nderf,data\nderf\03137_johanna-s-nde-6400.json,1,no,no,not_mentioned,not_mentioned,yes_explicit,not_mentioned,no,not_your_time,implied,no,"Her ""work was not finished"" and she ""had to come back"".","“you poor thing. You do look ill.”; “I couldn't stay there, that I had to move to the light.”; “my work was not finished.”; “The feeling of peace and total acceptance was overwhelming. The colors were so bright. There's nothing like them on earth.”"
Jamie W Probable NDE 6390,nderf,data\nderf\03127_jamie-w-probable-nde-6390.json,1,not_mentioned,not_mentioned,not_mentioned,not_mentioned,implied,none,no,not_mentioned,not_mentioned,not_mentioned,,“Oh God! That is me!”; “pure mind”; “linked together in a chain that went on forever”; “switched on.”
Kathy S NDE 6376,nderf,data\nderf\03118_kathy-s-nde-6376.json,1,no,no,not_mentioned,not_mentioned,yes_explicit,not_mentioned,no,family_responsibility,no,no,,"“Whoosh” ... “I wasn't breathing, and I didn't need to breathe. I had no body.” / “No, I am not leaving my daughter.” / “I will not go into that light.” / “Then it was like SLAM, I was suddenly back in my body.”"
Ashley Probable NDE 6369,nderf,data\nderf\03112_ashley-probable-nde-6369.json,1,no,no,not_mentioned,not_mentioned,yes_explicit,none,no,family_responsibility,no,no,,"""I started to see my life flash before my eyes as if it were flipping through a stack of cards."" / ""I'm outside of myself looking down."" / ""I was nothing but a soul being sucked up."" / ""I'm being suffocated when I hear God."" / ""I've been given a second chance!"""
Mary H NDE 6356,nderf,data\nderf\03105_mary-h-nde-6356.json,1,no,no,not_mentioned,spiritual_realm,not_mentioned,not_mentioned,no,no_reason_given,no,no,,"“I was floating in complete darkness.” “...I knew, and felt a bright white light, encompassing my whole body...” “Yet, a female voice said, ‘You have to go back.’ I said, ‘I don’t want to go back.’”"
Ramon Probable NDE 6320,nderf,data\nderf\03099_ramon-probable-nde-6320.json,1,not_mentioned,not_mentioned,not_mentioned,not_mentioned,yes_explicit,not_mentioned,not_mentioned,family_responsibility,implied,no,"'In this life and the next, stay in the light, Ramón.'","“In this life and the next, stay in the light, Ramón.”"
Jenny C NDE 6345,nderf,data\nderf\03094_jenny-c-nde-6345.json,1,no,no,not_mentioned,not_mentioned,yes_explicit,not_mentioned,no,earthly_mission,yes_explicit,no,"First NDE: Father said, 'not yet, you have work to do' and instructed: 'remember to be nice to people' (and animals too, but especially people).","“not yet, you have work to do.” / “remember to be nice to people” / “yes, and animals too, but especially be nice to people.” / Paramedic time: “TWO SECONDS!!!!”"
Sheree F NDE 6344,nderf,data\nderf\03093_sheree-f-nde-6344.json,1,not_mentioned,not_mentioned,not_mentioned,spiritual_realm,not_mentioned,not_mentioned,not_mentioned,not_mentioned,not_mentioned,not_mentioned,,"“seeing a bright light, which was 1,000 times brighter than the sun.” “peace, love, serenity, like I was safe, I was home, and I belonged.”"
Loni S NDE 6342,nderf,data\nderf\03090_loni-s-nde-6342.json,1,no,no,not_mentioned,spiritual_realm,not_mentioned,not_mentioned,no,family_responsibility,no,no,,'We're LOSING HER!' / 'So this is what it's like to die! No more pain! I should be seeing JESUS!' / 'All is well' / 'I was so happy to be home!'
SA NDE 6340,nderf,data\nderf\03088_sa-nde-6340.json,1,not_mentioned,not_mentioned,not_mentioned,spiritual_realm,not_mentioned,not_mentioned,not_mentioned,not_mentioned,not_mentioned,not_mentioned,,"""It seemed like a welcome home party""; ""I saw that they contained all the knowledge and mysteries of existence""; ""I saw a beautiful pulsating orb of golden light that I took for the Lord Jesus as it emanated perfect peace and love."""
Morgan O NDE 6317,nderf,data\nderf\03073_morgan-o-nde-6317.json,1,no,no,not_mentioned,spiritual_realm,not_mentioned,none,no,family_responsibility,not_mentioned,not_mentioned,,"“Suddenly I came out of my physical body, looked at the scene, came closer to see and recognize myself, big shock! Then I popped into a marvelous Light, so bright and yet non- blinding, pure love, all knowing. I had a choice, stay (which you really want) or go back.”"
Lydia LB NDE 6460,nderf,data\nderf\03181_lydia-lb-nde-6460.json,1,no,no,not_mentioned,not_mentioned,implied,not_mentioned,no,other,no,no,,"'Don't take me Lord, please don't take me... I can't leave my three children alone.'; 'I left my body and floated at one side of my body! I saw clearly the doctors, the nurses, the machines, the surgical instruments. I saw everything!'; 'I understood it was time to return to my body because if I didn't, I ran the risk of getting ""stuck outside.""'"
Evelyn vH NDE 6475,nderf,data\nderf\03179_evelyn-vh-nde-6475.json,1,no,no,not_mentioned,not_mentioned,implied,not_mentioned,no,no_reason_given,no,no,,"“Oh, she can't hear me like this.” / “I felt free; as though I had no boundaries.” / “It seemed that I was part of everything and everything was part of me; as though we melted together and were one but at the same time, I was still a separate entity.” / “Then I had a really hard crash landing into my body…”"
Tammie W NDE 6452,nderf,data\nderf\03167_tammie-w-nde-6452.json,1,no,no,not_mentioned,not_mentioned,implied,not_mentioned,no,not_your_time,no,no,,'NO! NO!' ; 'I'm sorry.' ; 'parting of the Red Sea' ; 'both sides of the afterlife'
Julia Probable NDE 6448,nderf,data\nderf\03165_julia-probable-nde-6448.json,1,no,no,not_mentioned,not_mentioned,implied,not_mentioned,no,not_your_time,no,no,,"""I was in a blue kind of darkness""; ""It was like I was communicating telepathically all along""; ""someone there told me that I couldn't, and that it wasn't my time yet.""; ""All of a sudden, I felt myself travelling at a very frightening speed through space, and then, boom"""
Wendy M Possible NDE 6456,nderf,data\nderf\03164_wendy-m-possible-nde-6456.json,1,no,no,not_mentioned,not_mentioned,implied,not_mentioned,no,no_reason_given,no,no,,"“I opened my eyes but I had no body.” “I was seeing everything that was happening from the ceiling.” “I could see without eyes.” “I felt that whatever was holding me up above had broken, and all of the sudden I had a body.”"
Melissa H Probable NDE 6425,nderf,data\nderf\03153_melissa-h-probable-nde-6425.json,1,not_mentioned,not_mentioned,not_mentioned,not_mentioned,yes_explicit,not_mentioned,not_mentioned,not_mentioned,implied,no,She was shown she would go through a healing process and that this was when it would start.,"“I left my body that night as I can remember being with an angel, but I wasn't allowed to see their face.” “I was outside in my backyard, about 25 feet in the air from the ground... looking inside my backyard window... seeing myself sitting there.” “We never spoke words: it was only in our minds...” “I never saw bright lights or fields of green or anything; I was suspended in the air outside in my backyard with an angel, who was revealing my future to me.”"
Lillian K Possible NDE 6420,nderf,data\nderf\03147_lillian-k-possible-nde-6420.json,1,no,no,not_mentioned,spiritual_realm,not_mentioned,not_mentioned,no,no_reason_given,no,no,,"“An exquisite overwhelming feeling of love poured through me.” / “Somehow, I knew that this was God and that I was Home.” / “I burst into angry tears and screamed at him, saying he had no right to call me back.”"
Ashley P NDE 691,nderf,data\nderf\00221_ashley-p-nde.json,1,no,no,not_mentioned,not_mentioned,implied,not_mentioned,no,not_your_time,no,no,,"""It was pitch black with a small white spot in the center.""; ""an absolutely brilliant and blinding mass that surrounded me.""; ""I felt weightless I felt without a body and at one with my surroundings.""; ""it's not your time yet!""; ""it felt like what I would describe as the feeling a baby would have in its mother's womb"""
Waylan NDE 737,nderf,data\nderf\00217_waylan-nde.json,1,not_mentioned,not_mentioned,not_mentioned,spiritual_realm,not_mentioned,not_mentioned,not_mentioned,not_mentioned,yes_explicit,no,"A female preacher stepped forward and their task was to pray with and for specific people in different areas of Baylor Hospital in Dallas; they went to them through space, walls, and closed doors.","“Instantly, I was in the presence of God and I was hearing that I was not to fear as I was all right, instantly all fear was gone and I knew that I was all right.” / “It is impossible to explain the love God has for us. No one would ever voluntarily leave God. I ache to return.” / “We went to these people through space, walls and closed doors. I could not tell that I was out of my body. Everything looked and felt normal.”"
Sybil S NDE 689,nderf,data\nderf\00214_sybil-s-nde.json,1,not_mentioned,not_mentioned,not_mentioned,not_mentioned,implied,not_mentioned,not_mentioned,earthly_mission,implied,no,"Told: ""you must go back because your work is not finished.""","""All the bad things are gone. No more bad things are going to happen but you must go back because your work is not finished!""; ""I understand now!""; ""Don't you understand? I understand!""; ""Heaven is real. There are people there and they are very busy getting ready for something really big."""
Kathaleen NDE 690,nderf,data\nderf\00213_kathaleen-nde.json,1,no,no,not_mentioned,spiritual_realm,not_mentioned,not_mentioned,no,family_responsibility,yes_explicit,no,"Told she 'had much to do down there' and 'He mainly said, tell people of all this... Just tell them.'","“I then felt a pulling whoosh up and then was at the ceiling watching it all!”; “The feeling was one of utter joy and love!... And peace, such peace!”; “I knew I couldn't go any further if I wanted to go back to my life.”; “He mainly said, tell people of all this in those words. Just tell them.”"
Anthony N NDE 677,nderf,data\nderf\00209_anthony-n-nde.json,1,no,no,not_mentioned,not_mentioned,implied,not_mentioned,no,no_reason_given,yes_explicit,no,Told he had 'a job to do' there: build a garden on the mountain; each year a brick would appear to build a path; plant trees (as acorns) at the top.,"“Everything in this other world was made of what I can only describe as liquid light.” “It told me that where I was the 'real' world and that I had a job to do whilst I was there.” “I was aware of every year, this was not dreamlike, it was 'real time' if that makes any sense.” “And now you know. It is time to go back now.” “I can only say that it was more 'real' than anything I have experienced in this world.”"
George E Probable NDE 20130/6923 NDE 6923,nderf,data\nderf\00207_george-e-probable-nde-20130-6923-nde-6923.json,1,no,no,not_mentioned,not_mentioned,implied,not_mentioned,no,other,no,no,,"“Oh (beep)! I've died!!” / “Hey, if I'm dead, who is thinking these thoughts??” / “Outside it was blindingly bright. Whoa! It was SO BRIGHT.” / “the body isn't ME, it's just a body.” / “the whole heaven and hell thing is nonsense, we all just float off peacefully, because the spirit endures.”"
Karen B NDE 50,nderf,data\nderf\00187_karen-b-nde-50.json,1,no,no,not_mentioned,spiritual_realm,not_mentioned,not_mentioned,no,earthly_mission,yes_explicit,no,"Told to go back because there was ""some work"" to do; shown a peaceful world and that it can be attained if people ""have faith and help one another""; said she would come back and help with this work and later remember who she really is and her purpose on earth.","""The being told me I was HOME but that I needed to go back because he had some work for me to do."" / ""It was the most peaceful feeling I have ever felt. More peaceful than I can put into words."" / ""In fact, it was a very painful experience to come back."""
John F NDE 61,nderf,data\nderf\00171_john-f-nde-61.json,1,no,no,not_mentioned,spiritual_realm,not_mentioned,not_mentioned,no,not_your_time,yes_explicit,no,Jesus told him to tell all people of his visit and to tell people that Jesus is real.,"""Well, I have just returned from Heaven.""; ""At least I am a Christian.""; ""No one ever dies.""; ""to tell all people of my visit with him"" / to tell people ""that he is real."""
Greg NDE 42,nderf,data\nderf\00103_greg-nde-42.json,1,not_mentioned,not_mentioned,not_mentioned,not_mentioned,implied,not_mentioned,not_mentioned,not_your_time,no,no,,"""It was as if I was in a room w/no lights, sounds or feelings""; ""a white light and a shadow appeared that told me that it was not my time""; ""my soul had been grabbed and pulled upwards to the ceiling""; ""I tried to look back- but that is not allowed""; ""I went through a dark tunnel where the light slowly became brighter."""
Darlene M NDE 6579,nderf,data\nderf\03268_darlene-m-nde-6579.json,1,not_mentioned,not_mentioned,not_mentioned,spiritual_realm,not_mentioned,none,no,earthly_mission,yes_explicit,no,"Felt/heard: 'Go back, for you have not yet done what you had to do.' Afterward, the phrase persisted: 'What have you done with your talents?' leading her to resume music, writing, and visual art.","“If you cross into that light, you will then be dead.” “This is it! I’m going home!” “Go back, for you have not yet done what you had to do.” “Breathe! Good God, Breathe!” “What have you done with your talents?”"
Gustave P STE 6600 NDE 6600,nderf,data\nderf\03265_gustave-p-ste-6600-nde-6600.json,1,no,no,not_mentioned,not_mentioned,implied,not_mentioned,no,no_reason_given,no,no,,"“The near death experience consciousness is separate from both ordinary dreaming consciousness and lucid dreaming consciousness.” “Most significant of all, I had three hundred sixty degree, three-dimensional vision.” “I experienced pure and unconditional love.” “I was also shown, or made to understand, everything that had ever happened or would happen—and it all made perfect, beautiful and flawless sense.” “I describe it as akin to a genie being put back into a bottle.”"
Silvia Probable NDE 5438,nderf,data\nderf\03262_silvia-probable-nde-5438.json,1,no,no,not_mentioned,spiritual_realm,not_mentioned,not_mentioned,not_mentioned,other,no,no,,"""I was at peace in the light""; ""I hadn't seen any tunnel or barrier this time but went straight to the light""; ""I realized that as much as I tried to commit suicide, I would never be allowed death.""; ""I was told that I had the option to come back or to stay""; ""I felt myself reentering my body and I woke up."""
Helga C NDE 6574,nderf,data\nderf\03247_helga-c-nde-6574.json,1,no,no,not_mentioned,not_mentioned,yes_explicit,not_mentioned,no,not_mentioned,not_mentioned,not_mentioned,,"“I was above my body and also in the wall. I felt that I was in the whole room at once, the whole clinic, even the whole world! … A tunnel opened up and I could see, feel, and smell a loving energy. All was love.”"
Trevor O NDE 6573,nderf,data\nderf\03246_trevor-o-nde-6573.json,1,not_mentioned,not_mentioned,not_mentioned,not_mentioned,implied,not_mentioned,not_mentioned,not_mentioned,not_mentioned,not_mentioned,,"“I saw only darkness. Absolute darkness… it was the ‘void,’ or the ‘abyss.’”"
Carol V NDE 6567,nderf,data\nderf\03243_carol-v-nde-6567.json,1,no,no,not_mentioned,not_mentioned,implied,not_mentioned,no,not_your_time,yes_explicit,no,"Stated: ""I was given information and a mission."" (No specifics provided.)","""I traveled through time, space, and void toward a light.""; ""I experienced light beings who were ‘knowledge’ and gave me answers to all the questions of the universe.""; ""total, complete, and perfect light, love, joy. The God Consciousness.""; ""Gravity hit me at one point and that was the most painful part of the whole experience. Gravity!"""
Michael G NDE 6563,nderf,data\nderf\03241_michael-g-nde-6563.json,1,no,no,not_mentioned,not_mentioned,implied,not_mentioned,no,no_reason_given,implied,no,A being instructed him to travel to various regions of that world and told him what he would have to do at each location (details not remembered).,"“I did not lose consciousness at all. I found myself in another place, fully aware of myself, but not aware of my life up to that point.”"
George J NDE 6552,nderf,data\nderf\03232_george-j-nde-6552.json,1,no,no,not_mentioned,not_mentioned,yes_explicit,none,no,not_your_time,yes_explicit,no,Told to go back and do 'something important'.,"'It's not your time yet, you have to go back and do something important'."
Tamara J NDE 6549,nderf,data\nderf\03230_tamara-j-nde-6549.json,1,not_mentioned,not_mentioned,not_mentioned,not_mentioned,implied,not_mentioned,not_mentioned,not_mentioned,not_mentioned,not_mentioned,,"“I then felt that I left this world and my body and was in the presence of God/ Jesus.” “Time didn't exist.” “One of my first revelations was that I was still 'ME'.” “The message that there is no condemnation, that God loves us and we are all loved...” “The space between heaven and earth is only in our minds... we are one.”"
Julie H Probable NDE 6544,nderf,data\nderf\03228_julie-h-probable-nde-6544.json,1,no,no,not_mentioned,spiritual_realm,not_mentioned,not_mentioned,no,family_responsibility,implied,no,"Jesus instructed her: ""Now go back to your bed and wake up""; later she reports that ""Five years ago Jesus said it was time for me to take a stand for what I believed.""","""You're Jesus aren't you?""; ""I do what is required of me by the Father.""; ""I am working with the Angels""; ""Yes, you may go. God is ready for you anytime you are ready to go home""; ""God is not ready for him yet, he can't go with you.""; ""You are of a royal lineage. You are a child of God.""; ""I am your brother""; ""Now go back to your bed and wake up""; ""There are no human words to describe Jesus."""
Marten M NDE 5432,nderf,data\nderf\03219_marten-m-nde-5432.json,1,no,no,not_mentioned,not_mentioned,implied,not_mentioned,no,not_your_time,yes_explicit,no,He was told his 'work wasn’t done' and he 'had to go back'; he later thought caring for his partner might be part of that work.,"“You have served your purpose, thank you and goodbye.” / “It wasn’t my time yet and that I had to go back because my work wasn’t done.”"
Larry V NDE 6521,nderf,data\nderf\03216_larry-v-nde-6521.json,1,no,no,not_mentioned,not_mentioned,yes_explicit,not_mentioned,no,no_reason_given,implied,no,"Post-experience ""messages from my heart"": ""Don't be prejudiced, judgmental, and critical of others. Love everyone. 'The love you give and receive you take with you'.""","""In an instant, I found myself in a completely opaque, dark place, void of everything."" / ""I was judged, I recall thinking I was judged fairly."" / ""Wake up, wake up, I can't get your pulse or blood pressure."" / ""The love you give and receive you take with you"" / ""Nothing is more real."""
Sandi R NDE 6505,nderf,data\nderf\03202_sandi-r-nde-6505.json,1,no,no,not_mentioned,not_mentioned,implied,not_mentioned,no,no_reason_given,no,no,,“I remember going right through the car's roof and being held in clouds of amazing colors.”
Angel M NDE 6499,nderf,data\nderf\03197_angel-m-nde-6499.json,1,not_mentioned,not_mentioned,not_mentioned,not_mentioned,implied,not_mentioned,not_mentioned,not_mentioned,not_mentioned,not_mentioned,,"“I felt a thump, like a punch to my chest and then I felt a pull; a physical, touching-me pull. It was my spirit being pulled out of my body…”"
Hannah S Probable NDE 6486,nderf,data\nderf\03187_hannah-s-probable-nde-6486.json,1,no,no,not_mentioned,not_mentioned,implied,not_mentioned,no,no_reason_given,no,no,,"“Time had no meaning whatsoever, and I could have been sitting there for three seconds or thirty years.”; “I WAS the element of gold itself!”; “It was just sheer beauty, love and peace, and timeless bliss.”; “Oh S#*t! THIS place again!”"
Mark W NDEs 6484 NDE 6484,nderf,data\nderf\03185_mark-w-ndes-6484-nde-6484.json,1,no,no,not_mentioned,not_mentioned,implied,not_mentioned,no,other,no,no,,"“I was now hovering at ceiling level in the living room of the house I grew up in, in Washington.”; “I had 360-degree vision.”; “The sunlight shimmered in glorious splendor, like liquid gold.”; “I was shocked to see what appeared to be an entryway into Hell.”; “I knew that it led up to the very throne of God.”; “And whoosh! I went flying through the air and right away, I was back in California…”; “I was surrounded by the Shekinah Glory of God and there, sitting on a very large pure-white boulder, was Jesus Christ.”; “His eyes were like flames of black fire… an endless universe… made of the pure substance of Love.”; “It felt like two giant ugly claws… grabbing me with a ‘thud.’”"
Young man is shot and talks to sister who was stillborn,iands,data\iands\young-man-is-shot-and-talks-to-sister-who-was-stillborn.json,1,no,no,not_mentioned,not_mentioned,implied,not_mentioned,no,not_your_time,implied,no,"Told he has a purpose; specifically to go back, raise his kids because they need him, and deliver messages to family members (tell mother stillborn sister is okay; tell Cole he is strong; tell brother Quincy encouragement).","""You’re back. It’s not your time, hijo.""; ""Do you know who I am?""; ""Don’t worry, I will be here when it’s your time…we all will,""; ""I’m okay."""
Young man hit by car goes out of body and has four broken bones healed when he returns,iands,data\iands\young-man-hit-by-car-goes-out-of-body-and-has-four-broken-bones-healed-when-he-returns.json,1,no,no,not_mentioned,not_mentioned,yes_explicit,not_mentioned,no,not_your_time,yes_explicit,no,"Told to finish his LDS mission, then be in premed and go to medical school to become a medical doctor; later become an herbalist/homeopathic/energy medicine doctor; told Jesus would answer questions in his mind.","""It is not your time yet."" ""Estaba Muerte"" / ""Es un Milagro (It’s a miracle)."" ""Jesus would speak to my mind whenever I asked and give me information, an answer for any question."""
"Young man has hellish experience but returns grateful, faith-filled and intuitive",iands,data\iands\young-man-has-hellish-experience-but-returns-grateful-faith-filled-and-intuitive.json,1,no,no,not_mentioned,not_mentioned,yes_explicit,not_mentioned,no,family_responsibility,no,no,,"“Then my soul was thrown from the ambulance and I landed out in front of the hospital.” / “It is not your time, Child. But you must prove yourself. You must climb.” / “You must go back, Child; your family awaits you.” / “Roc, it is not your time. We are not ready for you here.”"
Young Finnish woman in abusive relationship is cured of cancer during NDE,iands,data\iands\young-finnish-woman-in-abusive-relationship-is-cured-of-cancer-during-nde.json,1,implied,no,not_mentioned,not_mentioned,not_mentioned,not_mentioned,no,earthly_mission,implied,no,She describes choosing to be 'a channel through which good flows for everyone' and later choosing to share her story to help others.,“I felt indescribable peace and love.” / “I had a perfect 360-degree view of my surroundings.” / “The purpose of life is joy.” / “I have chosen to be a channel through which good flows for everyone.”
"Young child dies from pills, meets a being, and returns to feel trapped",iands,data\iands\young-child-dies-from-pills-meets-a-being-and-returns-to-feel-trapped.json,1,no,no,not_mentioned,spiritual_realm,not_mentioned,none,no,not_your_time,no,no,,"""I was suddenly in a very white light place.""; ""you must return to live out your life.""; ""He emanated a love that I find impossible to describe in words.""; ""I felt discontented to be where I was - sort of like being in jail or constrained."""
Eric A Probable NDE 6688,nderf,data\nderf\03326_eric-a-probable-nde-6688.json,1,no,no,not_mentioned,not_mentioned,implied,not_mentioned,no,not_your_time,implied,no,"Jesus said, 'This isn't your time; I still have plans for you.'","‘Eric, we love you so much. Wake up now. Wake up because we love you, wake up.’; ‘This isn't your time; I still have plans for you. So wake up now Eric and know that I love you. I love you so much, so wake up now.’"
Miles NDE 6678,nderf,data\nderf\03321_miles-nde-6678.json,1,no,no,not_mentioned,not_mentioned,yes_explicit,none,no,other,no,no,,“I suddenly no longer had any form of physical sensations.” “I didn't have a body myself. I just 'was'.” “I felt such a positive emotional experience that it's impossible for me to describe.” “Suddenly I was back on the mountain saddle and wanted so very much to die and be back where I'd suddenly left.”
Francine M NDE 6656,nderf,data\nderf\03309_francine-m-nde-6656.json,1,no,no,not_mentioned,spiritual_realm,not_mentioned,not_mentioned,no,not_mentioned,not_mentioned,not_mentioned,,“I found myself hovering at ceiling level and viewing the scene under me…”; “floating in a nebula of extreme beauty.”; “Immediately I understood the whole universe…”; “I have never had any doubts that I lived through every second of it.”
Michele C NDE 6649,nderf,data\nderf\03303_michele-c-nde-6649.json,1,no,no,not_mentioned,not_mentioned,implied,not_mentioned,no,earthly_mission,yes_explicit,no,The luminous being told her: “You shall help to give birth”. She later describes a life of helping sick people and palliative-care volunteering as her purpose.,"“You shall help to give birth” ; “living air, full of a white-golden light that ‘breathed love’” ; “She's crazy enough to be locked away” ; “To live means serving”."
Norbert E Probable NDE 6653,nderf,data\nderf\03302_norbert-e-probable-nde-6653.json,1,no,no,not_mentioned,not_mentioned,implied,not_mentioned,no,other,no,no,,"'Now that you are close to death, what do you choose?'"
Karen S NDE 6652,nderf,data\nderf\03300_karen-s-nde-6652.json,1,no,no,not_mentioned,not_mentioned,implied,none,no,family_responsibility,no,no,,"“All I remember is being up above where the nurses and doctors were working on my body, and looking down and watching.” “It was not 'me' anymore.” “I was floating up toward a bright light.” “I saw angels with wings!” “I never saw God, but I knew he was there.” “I begged God, 'Please let me stay! I need to raise my daughter!'” “I fell down, back into my body and then woke up several days later.”"
Chris Mother Probable NDE 6647,nderf,data\nderf\03299_chris-mother-probable-nde-6647.json,1,not_mentioned,not_mentioned,not_mentioned,spiritual_realm,not_mentioned,not_mentioned,not_mentioned,other,implied,not_mentioned,She still had things to do.,She experienced the bright light and beauty and happiness like never before. She explained the feeling of wanting to stay there. She was told that she would have to come back to her life on earth as she still had things to do.
Joan S NDE 6640,nderf,data\nderf\03294_joan-s-nde-6640.json,1,no,no,not_mentioned,not_mentioned,yes_explicit,none,no,family_responsibility,no,no,,"“My spirit rose from my body and I looked down and watched the medical personnel working on me to revive me.” “There was a tunnel with a beautiful light at the end it.” “I was fully aware of anything and everything in the world.” “I knew everything.” “I realized that if a God existed, he was within my spirit.” “Ever since that experience, I have been able to understand people even when they don't talk to me.”"
Kenya Probable NDE 6627,nderf,data\nderf\03285_kenya-probable-nde-6627.json,1,no,no,not_mentioned,spiritual_realm,not_mentioned,none,no,not_your_time,no,no,,"“Kenya, it's not your time to come home.”; “Give that ruby red squirt a kiss, and tell Nanc… that yes, I'm with her…”; “I felt myself being pulled along, as if by a magnet…”; “Every color was tuned to its fullest potential!”"
Colleen J NDE 6624,nderf,data\nderf\03282_colleen-j-nde-6624.json,1,no,no,not_mentioned,spiritual_realm,not_mentioned,not_mentioned,no,not_mentioned,not_mentioned,no,,"“I tried to draw a tunnel of light that was colorful.” “I knew with certainty that I could not take my body through the tunnel.” “I called the ‘place’ I had experience ‘home’ and was homesick for the next twenty years.” “home was not some other place, but was right here right now, like another radio station away.”"
DPH Probable NDE 6605,nderf,data\nderf\03272_dph-probable-nde-6605.json,1,no,no,not_mentioned,not_mentioned,implied,not_mentioned,no,not_mentioned,no,no,,“It was like there was just the ‘now.’”
Laura NDE 6743,nderf,data\nderf\03358_laura-nde-6743.json,1,not_mentioned,not_mentioned,not_mentioned,spiritual_realm,not_mentioned,not_mentioned,not_mentioned,no_reason_given,not_mentioned,not_mentioned,,"“he is not going to let me out. I am going to die now. My life is over.”; “A complete sense of wellness came over me. There was no more pain.”; “There was this beautiful shimmer of sunbeams and shimmering light coming in.”; “I was seeing visions of shimmery dark figures in the distance”; “A voice that said ‘Oh no,’ or ‘uh oh,’ or something”"
Connie F NDE 6719,nderf,data\nderf\03344_connie-f-nde-6719.json,1,no,no,not_mentioned,not_mentioned,implied,none,no,no_reason_given,no,no,,"“There was complete darkness, but more than darkness as in absence of light. It felt like nothingness.” “The most absolute nothing I could imagine.” “I was absolutely alone.”"
Clyde S NDE 6716,nderf,data\nderf\03341_clyde-s-nde-6716.json,1,no,no,not_mentioned,spiritual_realm,not_mentioned,not_mentioned,no,no_reason_given,not_mentioned,not_mentioned,,"“So this is what it's like to die.”; “Wow!”; “Far out! This is really cool!”; “I haven't been afraid of death since. In fact, I look forward to going to the other side.”"
Frank G FDE 6714 NDE 6714,nderf,data\nderf\03339_frank-g-fde-6714-nde-6714.json,1,no,no,not_mentioned,not_mentioned,implied,not_mentioned,no,other,no,no,,"“I suddenly became aware that I had become totally detached from the rock face but something was wrong, I was not falling. I sensed time had stood still. Total darkness descended.”
“I distinctly remember knowing every answer to every question there ever was and ever would be…”
“I felt warm and cozy… happier than I have ever felt before… at peace… with the universe and everyone and everything in it.”
“Everything surrounding me and within me felt dark… but it was not a frightening darkness more of a comforting blanket.”
“‘Are you ok pal’ came his question… then it hit me. I was not dead.”
“your guardian angel must have been with you that’s all I can say”"
Catherine NDE 6697,nderf,data\nderf\03333_catherine-nde-6697.json,1,no,no,not_mentioned,not_mentioned,yes_explicit,not_mentioned,no,no_reason_given,no,no,,"“I traveled through a long dark tunnel at lightning speeds, alone, and came to a stop in an infinite space that was simultaneously blindingly white and utterly dark.”"
Kathy K NDE 6694,nderf,data\nderf\03331_kathy-k-nde-6694.json,1,no,no,not_mentioned,not_mentioned,implied,none,no,not_mentioned,no,no,,"“Suddenly I left my body! I found myself watching my body from just below the waterline.”
“Although I did not see, feel or hear anyone around me during that time, I did not have a sense of being alone and I was not afraid at all. I had complete peace the whole time.”
“Since then I have never feared death.”"
Twenty Years Later 4 NDE 4,nderf,data\nderf\00047_twenty-years-later-4-nde-4.json,1,not_mentioned,not_mentioned,not_mentioned,spiritual_realm,not_mentioned,not_mentioned,no,not_your_time,not_mentioned,no,Experiencer states she is 'very aware that I returned for a reason' and 'understood it completely before I returned' but does not specify the purpose.,"""She doesn't even know I'm dead!""; ""It's not my time."" / ""No, it Isn't.""; ""I felt myself being slammed into my body."""
When Time Stood Still 3 NDE 3,nderf,data\nderf\00004_when-time-stood-still-3-nde-3.json,1,no,no,not_mentioned,spiritual_realm,not_mentioned,not_mentioned,no,no_reason_given,no,no,,"""At the apex of my trajectory, time stopped completely""; ""It is the 'Light' of Pure Consciousness""; ""God Himself took over my reins in the sense that 'I' no longer existed as a distinct entity-only He exists""; ""The events of my life... were... reviewed... not in chronological order, but somehow all at once""; ""I no longer fear death (pain and suffering yes, but not death itself)""."
"Your heart stopped for a minute there, but we got you back",iands,data\iands\your-heart-stopped-for-a-minute-there-but-we-got-you-back.json,1,no,no,not_mentioned,not_mentioned,implied,not_mentioned,no,family_responsibility,no,no,,"“And then silence. No heartbeat, just a loud buzz like the heart monitor sound when it goes flat.” / “I looked all around and saw below that it was me on the table.” / “And then white light hit me so hard on my face. A warmth I have never felt, like a big fuzzy blanket of heat.” / “I know it is beautiful here but you can't stay.” / “your heart stopped for a minute there but we got you back.”"
Young woman remembers messages and choices while hurtling off mountainside,iands,data\iands\young-woman-remembers-messages-and-choices-while-hurtling-off-mountainside.json,1,no,no,not_mentioned,not_mentioned,implied,none,no,earthly_mission,yes_explicit,implied,"Told to tell the world that “love is all that matters”; shown she would write a book sharing unconditional love; told to include that sound and light are the future of medicine; returned “to be a force of good,” “a lighthouse,” “a beacon of hope.”","“In that instant, I understood that each soul is here for the bliss of its own existence.”; “love is all that matters.”; “I was also shown multiple destinies… as well as the one I chose—this one.”; “face to face with God.”"
Young woman pedestrian is hit by car and has brief time out of body with entity,iands,data\iands\young-woman-pedestrian-is-hit-by-car-and-has-brief-time-out-of-body-with-entity.json,1,no,no,not_mentioned,not_mentioned,implied,not_mentioned,no,family_responsibility,not_mentioned,no,,"""I'm not gonna make it."" / ""I have to go back for my babies."" / ""WHAT THE F IS HAPPENING? WHAT IS GOING ON?"""
"Young woman overdoses and experiences unending, undying love, among other things",iands,data\iands\young-woman-overdoses-and-experiences-unending-undying-love-among-other-things.json,1,no,no,not_mentioned,spiritual_realm,not_mentioned,not_mentioned,no,family_responsibility,no,no,,"“Well here we are again.” “If you keep making the same mistakes you will end up in a much worse place.” “Home.” “See there really is nothing after you die.” “No, no, I have to go back for my family. My mom and dad need me.” “You know your heart stopped for 5 minutes and you died. That was a stupid thing to do,”"
Young woman leaves her body and rises toward welcoming tree,iands,data\iands\young-woman-leaves-her-body-and-rises-toward-welcoming-tree.json,1,no,no,not_mentioned,not_mentioned,implied,none,no,not_mentioned,no,no,,"“I began to rise upwards towards them. They seemed to be calling to me and waving to me in a very soothing and loving way.”
“I realised then that I wasn't in my body, that I was just my eyes, ears and thoughts.”
“The sky behind them was light… like a silvery light with the trees beautifully silhouetted in front of it.”
“Scott told me he thought I was dead.”"
Young woman hit by car in Australia has meaningful out of body experience,iands,data\iands\young-woman-hit-by-car-in-australia-has-meaningful-out-of-body-experience.json,1,no,no,not_mentioned,spiritual_realm,not_mentioned,not_mentioned,no,no_reason_given,not_mentioned,no,,“I remember looking at myself from the beautiful blue sky…”; “floating without a body over darkness and eventually towards a bright round light”; “Should I stay or should I go?”; “it was no longer my choice”; “I know that darkness is life on earth. The shining light is somewhere else we go when we die.”
Young mother goes into void but doesn't understand for 20+ years,iands,data\iands\young-mother-goes-into-void-but-doesn-t-understand-for-20-years.json,1,no,no,not_mentioned,not_mentioned,implied,not_mentioned,no,not_mentioned,no,no,,"""I existed in a dark vast empty space, full of nothing, that went on for infinity""; ""Oh no, I'm dead.""; ""I am not going to get to see my baby."""
"Young mother finds self in void, then is shown life review/purpose",iands,data\iands\young-mother-finds-self-in-void-then-is-shown-life-review-purpose.json,1,no,no,not_mentioned,not_mentioned,implied,not_mentioned,no,family_responsibility,implied,no,,"“It felt like I had been sucked out of my body into a black space of non-existence.”; “I didn’t have a body and I wasn’t in pain anymore.”; “This bright light appeared off in the distance and I knew I had to go towards it to get back.”; “I could feel myself back in my body and I was trying to scream, ‘I’m alive.’”"
Woman in coma visits the Other Side and finds love living in all nature,iands,data\iands\woman-in-coma-visits-the-other-side-and-finds-love-living-in-all-nature.json,1,no,no,not_mentioned,spiritual_realm,not_mentioned,not_mentioned,no,earthly_mission,yes_explicit,no,"Told she had 'tasks,' 'messages to give,' 'work is not done,' and was given 'gifts' to use; later describes work in senior social services and as a hospice aide as aligned with this.","""I look behind me to see that tiny, pinhole of light close into darkness.""; ""It’s just peaceful and comforting to float towards this all-encompassing, golden light in front of me.""; ""There’s not a living soul here, yet I feel nothing but the love of 1000 souls in itself.""; ""You must return.""; ""Victoria, please understand that you have tasks that await you. You have messages to give. Your work is not done. You were given gifts. You must use them.""; ""Find your strength in The Lord Your God who will carry you through your duties.""; ""Yes. Your Maya awaits you."""
Woman in accident sees Earth as oval,iands,data\iands\woman-in-accident-sees-earth-as-oval.json,1,no,no,not_mentioned,not_mentioned,yes_explicit,not_mentioned,no,other,yes_explicit,no,She received a message that she can hear suffering souls on Earth and intervene for them to protect them.,"“In the blink of an eye, I was outside the earth. It was me without my body.”; “It was dark all around me, except earth.”; “Earth was not as we see it now; it wasn't circular but oval.”; “I can hear suffering souls on earth and intervene for them to protect them.”"
Woman has stroke and meets former patient who had a stroke,iands,data\iands\woman-has-stroke-and-meets-former-patient-who-had-a-stroke.json,1,no,no,not_mentioned,not_mentioned,implied,not_mentioned,no,earthly_mission,implied,no,Karen indicated she was the one who could help the narrator 'understand and believe'; later Karen 'remind[ed] me of my decision to return and the purpose for returning.',"“Then I realized I’d never seen these rooms from the ceiling.” / “I saw my grandmother’s porch. And my friend, my patient, Karen was there.” / “Of course, no actual verbal communication, all just by thoughts.” / “My life review was amazing! I saw the tapestry of life and the horrible beauty of its pattern.” / “I slammed back into my body and vomited. So much pain.”"
Sarah LG NDE 6907,nderf,data\nderf\03462_sarah-lg-nde-6907.json,1,no,no,not_mentioned,not_mentioned,implied,not_mentioned,no,not_your_time,no,no,,"""I had no notion of time passing""; ""I was bathed in this light, which is so difficult to describe.""; ""I was told in a non-verbal language... that it was not yet my time and that I was still needed on Earth.""; ""I felt rejected."""
Nurse NDE 6900,nderf,data\nderf\03454_nurse-nde-6900.json,1,no,no,not_mentioned,not_mentioned,yes_explicit,not_mentioned,no,not_your_time,no,no,,"“Next, everything went pitch black. Then I felt a pop and I was out of my body.”; “I felt unbelievably good, about a million times better than I ever could imagine.”; “What about my baby?” / “That she would have the people she needed when she needed them.”; “He told me it wasn't my time.”"
Joan LH NDE 6896,nderf,data\nderf\03452_joan-lh-nde-6896.json,1,no,no,not_mentioned,not_mentioned,implied,not_mentioned,no,not_mentioned,no,no,,"“I simply had this profound experience of Love, Oneness and Freedom.” “I went from being in my body to being in a place of absolute Love.” “I did not see a tunnel. I did not see a light. I did not have a life review. I did not see Jesus or any other enlightened being.” “Time did not, does not, really exist.” “There certainly is no such thing as 'death'.”"
Maria SV NDE 6881,nderf,data\nderf\03442_maria-sv-nde-6881.json,1,no,no,not_mentioned,spiritual_realm,not_mentioned,not_mentioned,no,family_responsibility,yes_explicit,no,"The voice said she had 'a mission to accomplish and too many things to do' and showed her two boys (her children), saying their lives would be a disaster without her presence, guidance, and love; also told her to return so she could 'be in love with a man on Earth.'","'I was surrounded by light that didn't disturb me. On the contrary, it made me feel secure, at ease, and very much loved.'; 'That same voice told me it wasn't my time.'; 'you have a mission to accomplish and too many things to do.'; 'You scared us! You had very low blood pressure. Less than four.'"
Olivia S NDE 6871,nderf,data\nderf\03437_olivia-s-nde-6871.json,1,no,no,not_mentioned,not_mentioned,implied,not_mentioned,no,not_mentioned,no,no,,"“I had a vague sense of surprise that I wasn't in the least panicked.”
“Instead, I stood on the bottom of the pool looking up in wonder.”
“I slowly but steadily felt as though the whole world somehow stretched and I (or the essence of me) floated into the horizon.”
“I felt wholly loved, protected, peaceful, and safe.”
“I am not scared of death in the least though because of it.”"
Blanca A NDE 6867,nderf,data\nderf\03436_blanca-a-nde-6867.json,1,no,no,not_mentioned,not_mentioned,yes_explicit,not_mentioned,no,family_responsibility,implied,no,"States: ""I feel I have a purpose to fulfill. I don't know what it is but know that there is something.""","""There is complete peace, absolute peace.""; ""I have no fear at all of dying or death. I am actually looking forward to it.""; ""I remember 'me' being pulled away, out of the bed, but my physical body was lying limp."""
Lourdes L NDE 6785,nderf,data\nderf\03424_lourdes-l-nde-6785.json,1,no,no,not_mentioned,spiritual_realm,not_mentioned,not_mentioned,no,no_reason_given,no,no,,"""now I am home""; ""Love was palpable in the atmosphere. All I could feel was love, so much love.""; ""I want to stay here."""
Curtis P Probable NDE 6845,nderf,data\nderf\03416_curtis-p-probable-nde-6845.json,1,no,no,not_mentioned,spiritual_realm,not_mentioned,not_mentioned,no,not_your_time,implied,no,Felt it was his duty/responsibility to do God's work and make the world a better place; prays daily to do what God would have him do.,Deep voice said 'No.'; 'I remember this feeling of finally going home for the first time in my life.'
Marilyn C NDE 6829,nderf,data\nderf\03406_marilyn-c-nde-6829.json,1,no,no,not_mentioned,not_mentioned,yes_explicit,not_mentioned,no,no_reason_given,no,no,,"""streaking through a tunnel at a high rate of speed""; ""floating in a void filled with balls of light""; ""I realized I was just a glowing ball of energy""; ""I had no sense of the past or the future, only the present""; ""physically slammed back"""
Martin J NDE 6813,nderf,data\nderf\03396_martin-j-nde-6813.json,1,no,no,not_mentioned,spiritual_realm,not_mentioned,none,no,not_your_time,implied,no,He believed he 'had been sent back for some purpose' and was told by a minister it may be to share his story.,"“So, this is what it is like to die.” “No, go back. It is not your time”."
Nichole S Probable NDE 6810,nderf,data\nderf\03393_nichole-s-probable-nde-6810.json,1,no,no,not_mentioned,not_mentioned,yes_explicit,not_mentioned,no,not_your_time,no,no,,“you have to go back. We're not ready for you.” / “There is a God and he loves me.”
Garry R NDE 6802,nderf,data\nderf\03389_garry-r-nde-6802.json,1,no,no,not_mentioned,not_mentioned,implied,none,no,not_mentioned,no,no,,“I exited my body and found myself floating in the center of the room.” “I was also aware of a sort of shimmering fog that surrounded the area…” “I could hear my sister's thoughts… a resistance like a heavy wool blanket between us…”
Kale M NDE 6745,nderf,data\nderf\03359_kale-m-nde-6745.json,1,not_mentioned,not_mentioned,not_mentioned,not_mentioned,yes_explicit,not_mentioned,not_mentioned,not_mentioned,not_mentioned,not_mentioned,,"“my spirit floated to the ceiling.” “I calmly watched from the ceiling” “my spirit was at peace, calm, and somewhat curious.” “As spirit, I had no legs, but that caused no panic.” “I was flying and that caused no panic.”"
Andrea V Probable NDE 6934,nderf,data\nderf\03484_andrea-v-probable-nde-6934.json,1,no,no,not_mentioned,spiritual_realm,not_mentioned,none,no,not_your_time,not_mentioned,not_mentioned,,"“I was almost face to face with my body; I was floating above it horizontally and in parallel.” “I was in total darkness.” “Arriving into the light, I was flooded by a mixture of love, peace, and well-being in my body and soul.” “I was brought to understand that there was a limit that I should not pass: it was not my moment.”"
Lael NDE 6939/899,nderf,data\nderf\03482_lael-nde-6939.json,1,no,no,not_mentioned,not_mentioned,yes_explicit,not_mentioned,no,not_your_time,no,no,,“Go back. It isn't time.”; “God handles us gently. There will be only joy when we cross that barrier.”
Sandrine W NDE 6932,nderf,data\nderf\03478_sandrine-w-nde-6932.json,1,not_mentioned,not_mentioned,not_mentioned,not_mentioned,implied,not_mentioned,not_mentioned,no_reason_given,not_mentioned,not_mentioned,,"""my body was still lying lifeless on the floor""; ""my spirit that I could visualize as myself without a body, in fact there were two me's!""; ""my bodiless me, dove back into my body and then the pain came back!!!"""
Marc O NDE 6931,nderf,data\nderf\03477_marc-o-nde-6931.json,1,no,no,not_mentioned,not_mentioned,implied,not_mentioned,no,no_reason_given,no,no,,"“I realized that I was INSIDE my head!!”; “it was a totally black space. I had no physical body.”; “These were Evil beings.”; “Then I felt another presence, a terrifying one: Satan.”; “I guessed a certain line that was not to be crossed, a point of no return...”; “I realized that it was Jesus who saved me from eternal damnation at the last second. It can only be like that. Even if I didn't feel his presence.”"
Isabel RM Possible NDE 6920,nderf,data\nderf\03476_isabel-rm-possible-nde-6920.json,1,no,no,not_mentioned,not_mentioned,yes_explicit,not_mentioned,no,not_mentioned,implied,no,"He told her: 'be ready, many things are going to happen, there are going to be changes, but the changes are for the better' and 'Start practicing for when you are here'.","“Soon you will be here.” “This way.” “The tree of life.” “Soon you'll be here but at this moment, starting now, this is going to be your place; starting now all is going to be okay in a little while, and all is going to come out okay.” “Be ready, many things are going to happen, there are going to be changes, but the changes are for the better.” “Hurry, somebody is coming: perhaps somebody that you know or that you will know.” “No, not that. That will be here in a few days”. “Start practicing for when you are here”."
Atlanta NDE 6925,nderf,data\nderf\03473_atlanta-nde-6925.json,1,no,no,not_mentioned,not_mentioned,implied,not_mentioned,no,not_your_time,no,no,,‘I don't deserve to be here’ ... they assured me it was where I belonged. ‘NO. She is not ready’. Felt ‘pure consciousness without a material brain’. Found myself ‘slammed’ back into my pain-ridden body.
Jessie S Probable NDE 6917,nderf,data\nderf\03468_jessie-s-probable-nde-6917.json,1,no,no,not_mentioned,spiritual_realm,not_mentioned,not_mentioned,no,family_responsibility,no,no,,"“No walls, no floor: only misty, white space.”; “Behind Anthony and to my right, a brilliant Light.”; “That Light was pure, unconditional Love…”; “I belonged there.”; “He was there to take me home.”; “I looked down below my feet… I could see my husband sleeping… in the hospital next to my bed.”; “I wasn’t ready to go.”; “Falling slowly backwards through the white space…”; “There is no doubt in my mind that what happened to me was real.”; “I no longer fear death. I fear pain, but not death.”"
Young boy visits a comforting dark space and meets four beings after hitting head,iands,data\iands\young-boy-visits-a-comforting-dark-space-and-meets-four-beings-after-hitting-head.json,1,not_mentioned,not_mentioned,not_mentioned,spiritual_realm,not_mentioned,not_mentioned,no,family_responsibility,implied,no,Told he had to return 'to take care of two of the figures standing before me.',"“I woke up in a pitch-black place.”; “I was pure consciousness and no longer had any recollection of having a body.”; “It was home.”; “the voice had no specific source… it conveyed a message I could understand, even though it had no words”; “I distinctly recall the deep, powerful voice telling me I had to return to take care of two of the figures standing before me.”"
"Yes, There's Something After Death",iands,data\iands\yes-there-s-something-after-death.json,1,not_mentioned,not_mentioned,not_mentioned,not_mentioned,implied,not_mentioned,not_mentioned,not_mentioned,no,not_mentioned,,"""I was in asystole or flatlined.""; ""I was warm, very comfortable and couldn't see anything but could sense a white room with no door or windows--nothing but white.""; ""I felt complete and utter love, unlike any love I had ever experienced.""; ""I did not care if I survived.""; ""Just dont let me die.""; ""Do I think there is something after death? Yes."""
Woman with glioblastoma goes to white light and is healed,iands,data\iands\woman-with-glioblastoma-goes-to-white-light-and-is-healed.json,1,no,no,not_mentioned,spiritual_realm,not_mentioned,not_mentioned,no,not_your_time,yes_explicit,no,"“It was not my time. I had a story to share.” / “I need to share my story and life experiences. That is my purpose and once that mission is done on earth, you may return home.”",“You can come back anytime.” / “It was not my time. I had a story to share.” / “Follow the light and love; let this principle guide you.” / “Mostly because I can hear what others are saying inside their head. I can't always turn it off.”
"Woman's out of body experience leaves her with psychic powers, new religious beliefs, and a strong sense of purpose",iands,data\iands\woman-s-out-of-body-experience-leaves-her-with-psychic-powers-new-religious-beliefs-and-a-strong-sense-of-purpose.json,1,not_mentioned,not_mentioned,not_mentioned,not_mentioned,yes_explicit,not_mentioned,not_mentioned,no_reason_given,not_mentioned,not_mentioned,,"“Here it comes,” “Everything is going to change.”"
Woman's cardiac arrest shows her all species are connected as one,iands,data\iands\woman-s-cardiac-arrest-shows-her-all-species-are-connected-as-one.json,1,no,no,not_mentioned,not_mentioned,implied,none,no,not_mentioned,no,no,,"""Oh! My God! I'm dead!!!""; ""I was incredibly calm and at peace.""; ""The light was soft and misty and I felt no need to have a body.""; ""It was so very clear to me that we are all connected by life and not just human life.""; ""I was vaguely aware of being somewhat alive, but disappointed that I'd left serenity behind."""
Woman meets three beings before returning,iands,data\iands\woman-meets-three-beings-before-returning.json,1,no,no,not_mentioned,spiritual_realm,not_mentioned,not_mentioned,no,family_responsibility,not_mentioned,not_mentioned,,"""It just felt natural, the most home I ever felt.""; ""We aren't talking to you, more about you""; ""f..., I can't, I've got children,""; ""boom sent back""; ""I feel like an alien in a human suit on a planet that isn't my home."""
Woman leaves body during procedure and receives messages in the dark,iands,data\iands\woman-leaves-body-during-procedure-and-receives-messages-in-the-dark.json,1,no,no,not_mentioned,not_mentioned,yes_explicit,not_mentioned,no,not_your_time,yes_explicit,no,"The being said, 'Advocate.'","""ALL WILL BE AS IT SHOULD."" ""You're not allowed to see because you wouldn't want to fight."" ""Advocate."" ""It was DARK…endless darkness and I was floating...no weight, no pain, no time."" ""I was there 100 years and a split second all at once."""
Woman is offered exit opportunity,iands,data\iands\woman-is-offered-exit-opportunity.json,1,not_mentioned,not_mentioned,not_mentioned,not_mentioned,yes_explicit,not_mentioned,not_mentioned,other,not_mentioned,not_mentioned,,"""I peeled out of my body. It felt like pulling myself out of a very thick, knitted sweater.""; ""Well God... You could, I suppose, decide to take me now.""; ""I had a sense that if I went any further, I would not come back."""
Woman in France goes into dark tunnel with many beings trying to tell her things,iands,data\iands\woman-in-france-goes-into-dark-tunnel-with-many-beings-trying-to-tell-her-things.json,1,not_mentioned,not_mentioned,not_mentioned,not_mentioned,implied,not_mentioned,not_mentioned,no_reason_given,not_mentioned,not_mentioned,,"“Shock! Shock her now!”; “I did not have a body, just a being.”; “I was in a dark tunnel and I just knew somehow that I had to walk (glide?) to the end of this tunnel.”; “They all wanted to tell me something…all urgently, but without words.”; “Then I was pulled up by my shoulders, back to life.”"
Lana L Possible NDE 7038,nderf,data\nderf\03577_lana-l-possible-nde-7038.json,1,not_mentioned,not_mentioned,not_mentioned,not_mentioned,implied,not_mentioned,not_mentioned,not_mentioned,not_mentioned,not_mentioned,,"“I didn't see a thing; everything was just perception and feelings.” “Words are a very limited source for describing.” “I felt as if I was sitting on His lap, although I didn't have any perception of time or space, or even of my body.” “There was a dialogue between us, but with no words, it was a dialogue of feelings.” “...a complete and absolute knowledge.”"
Laurence D NDE 7071,nderf,data\nderf\03566_laurence-d-nde-7071.json,1,no,no,not_mentioned,not_mentioned,implied,not_mentioned,no,no_reason_given,no,no,,"“Then I found myself submerged in total blackness. My sight changed to 360°. All was black; I was completely alone.”; “this blackness was infinite, timeless with no beginning and no end.”; “I felt an extraordinary flash of fear/panic/anguish coming over me.”"
Martin S Possible NDE 7079,nderf,data\nderf\03563_martin-s-possible-nde-7079.json,1,no,no,not_mentioned,not_mentioned,implied,not_mentioned,no,family_responsibility,no,no,,"""Oh he's dead""; ""the 'many' make up the 'one' and the 'one' is within the 'many'""; ""There you go, boy, have another go."""
Harris B NDE 7074,nderf,data\nderf\03562_harris-b-nde-7074.json,1,no,no,not_mentioned,not_mentioned,yes_explicit,not_mentioned,no,family_responsibility,no,no,,"“I can’t believe I’m gonna die from a bee sting.”; “I know that this is your call, but I’m not ready, with this young wife and family and I’m going to fight this.”; “Whoosh”"
Donald C NDE 7060,nderf,data\nderf\03556_donald-c-nde-7060.json,1,no,no,not_mentioned,not_mentioned,implied,not_mentioned,no,family_responsibility,yes_explicit,no,"Told: ""Donald you've got to go back, but remember. Remember You Are Part of Something Very Important!""","""I'm your Grandmother.""; ""All mothers have a mother and that mother has a mother, and I am one of those.""; ""heaven""; ""If I'm in Heaven, then I want to see Jesus.""; ""You have to go back.""; ""Donald you've got to go back, but remember. Remember You Are Part of Something Very Important!""; ""Donnie breathe, Donnie breathe, please"""
Danee C NDE 7048,nderf,data\nderf\03549_danee-c-nde-7048.json,1,no,no,not_mentioned,not_mentioned,yes_explicit,not_mentioned,no,not_mentioned,no,no,,"""There was complete darkness, yet it was so peaceful that I cannot describe it."" ""everything is as it should be."""
Brent H NDE 16068,nderf,data\nderf\03536_brent-h-nde-16068.json,1,no,no,not_mentioned,spiritual_realm,not_mentioned,not_mentioned,no,earthly_mission,yes_explicit,no,"Jesus said, 'I have much work for you to do on earth.'","'Grandson, it's not time to come home yet.'; 'Open your eyes.'; 'My son, my son, it's not time for you to come home yet. I have much work for you to do on earth.'; 'He's alive, he's got a heart rate!'"
John V Probable NDE 7025,nderf,data\nderf\03533_john-v-probable-nde-7025.json,1,not_mentioned,not_mentioned,not_mentioned,spiritual_realm,not_mentioned,not_mentioned,not_mentioned,other,not_mentioned,not_mentioned,,"“It was like when you would come out of a cold lake, and your mother would wrap a warm towel around you.”"
Peter S NDE 7011,nderf,data\nderf\03530_peter-s-nde-7011.json,1,no,no,not_mentioned,not_mentioned,implied,not_mentioned,no,earthly_mission,yes_explicit,no,Told twice to go back because he 'need[s] to do a lot for the people' / 'still need[s] to accomplish your mission.',"'You have to go back, because you need to do a lot for the people, it is not yet time to come here.'; 'You, also, still need to accomplish your mission'; 'I never saw these colors before and cannot express it'; 'Welcome back, Peter, we thought we had lost you. You were gone for 20 minutes.'"
Adrian B Possible NDE 16067,nderf,data\nderf\03525_adrian-b-possible-nde-16067.json,1,not_mentioned,not_mentioned,not_mentioned,not_mentioned,implied,not_mentioned,not_mentioned,family_responsibility,not_mentioned,not_mentioned,,"""Why are you crying?""; ""I want to go back to my mum!""; ""Don't you like it here?""; ""If you are going back now, you might not be able to return here."""
Yazmine S NDE 6992,nderf,data\nderf\03521_yazmine-s-nde-6992.json,1,not_mentioned,not_mentioned,not_mentioned,not_mentioned,yes_explicit,not_mentioned,not_mentioned,not_your_time,not_mentioned,no,,"“I was flying through Goldenness: pure, serene, and delightful Goldenness.”; “It was the One Mind.”; “All is simultaneously occurring. There is no past or future.”; “In the distance, a Great Presence appeared… emanating extraordinary Brilliance!”; “It is not your time.”; “I have never felt at home here on earth.”"
Lisa T NDEs 6988 NDE 6988,nderf,data\nderf\03519_lisa-t-ndes-6988-nde-6988.json,1,no,no,not_mentioned,not_mentioned,yes_explicit,not_mentioned,no,no_reason_given,no,no,,"“There are really no words to express the intense and complete love I felt.”; “Lisa, open your eyes!”; “No! No!”"
Debra B Probable NDE 6981,nderf,data\nderf\03513_debra-b-probable-nde-6981.json,1,no,no,not_mentioned,spiritual_realm,not_mentioned,not_mentioned,no,family_responsibility,no,no,,“I remember a road with small white gravel.” “I knew if I let one little toe step into that darkness I was lost forever.” “I heard it in my soul and mind.” “He told me I could not go to the top of the hill and that I had to go back because my son needed me.” “My doctor told me I died for almost 3 seconds.” “the details have never dimmed nor have I forgotten anything about that wonderful glimpse into heaven.”
Dawn W Possible NDE 6977,nderf,data\nderf\03510_dawn-w-possible-nde-6977.json,1,no,no,not_mentioned,not_mentioned,yes_explicit,not_mentioned,no,other,implied,no,Made to understand she must do 'much more good' in life.,"“I left my body slowly, peacefully and effortlessly.” / “I was to stop where I was and to go no further.” / “I had not done enough GOOD in my life in order to be allowed to join them.”"
Kelly Q Probable NDE 6951,nderf,data\nderf\03492_kelly-q-probable-nde-6951.json,1,not_mentioned,not_mentioned,not_mentioned,not_mentioned,implied,not_mentioned,not_mentioned,other,not_mentioned,not_mentioned,,"“I was entirely outside of space and time where everything was simultaneous.”; “I was made privy to a record including everything that has ever happened and everything that ever will happen in the future.”; “There was definitely communication between myself and a power greater than me.”; “I realized I was not ready to be judged and reborn, which I believe was possible.”; “I came back frustrated that I could not bring back the knowledge…”; “I also gained the power of discernment of spirits.”; “to me every hour of the day and night is an unspeakably perfect miracle”."
Wanda T NDE 6944,nderf,data\nderf\03487_wanda-t-nde-6944.json,1,not_mentioned,not_mentioned,not_mentioned,not_mentioned,implied,not_mentioned,not_mentioned,family_responsibility,no,no,,“I left my body and looked down at the room from the ceiling.” “I remember seeing the nails pass me.” “It was bright but it did not hurt my eyes like it would here on Earth.” “I slammed back into my body with a big jolt.” “It was horrible to be back…”
Jane O Probable NDE 7140,nderf,data\nderf\03610_jane-o-probable-nde-7140.json,1,no,no,not_mentioned,not_mentioned,yes_explicit,none,no,not_mentioned,no,no,,“It was as if I was separate from my body. I was a warm energy presence above my chest and in that presence there was nothing but stillness and peace.”
Ellen F Probable NDE 7137,nderf,data\nderf\03609_ellen-f-probable-nde-7137.json,1,no,no,not_mentioned,not_mentioned,implied,not_mentioned,no,other,no,no,,"“I remember seeing my body from above and having no physical feeling at all.” “I was then sucked downward into an unending tunnel or a vortex.” “It was very dark and there were red and orange flames everywhere.” “I knew I was going to hell, and it was a million times worse than I had ever imagined.” “In the spiritual world, this seemed to go on for many years, yet I was somehow aware that it was only minutes on earth.” “He was telling me I was being saved and given a second chance at life.”"
Marie M Possible NDE 7136,nderf,data\nderf\03608_marie-m-possible-nde-7136.json,1,no,no,not_mentioned,not_mentioned,implied,not_mentioned,no,not_mentioned,not_mentioned,not_mentioned,,“I remember myself in a dark place that was very peaceful.”; “I felt so alive with so much clarity that I had never felt before.”; “I remember asking these questions without even moving my mouth.”; “My body felt like my spirit was putting a heavy suit on.”
Ron K NDE 32286,nderf,data\nderf\03600_ron-k-nde-32286.json,1,no,no,not_mentioned,not_mentioned,yes_explicit,not_mentioned,no,family_responsibility,no,not_mentioned,,"“She told me years later I was there as a blue light, about 5' above floor, and she knew it was me.” / “My experience was leaving the planet. I was very aware I was in space.” / “It was awful going back into the body..rotten worm filled thing....”"
Woman has cardiac arrest during surgery and sees Abraham Lincoln all night after she wakes up,iands,data\iands\woman-has-cardiac-arrest-during-surgery-and-sees-abraham-lincoln-all-night-after-she-wakes-up.json,1,not_mentioned,not_mentioned,not_mentioned,not_mentioned,yes_explicit,not_mentioned,not_mentioned,not_mentioned,not_mentioned,not_mentioned,,"""we have to take her up now."" ""And you can go too."" ""I have no doubt my soul left my body for a brief time. Consciousness survived. The experience was so vivid and real."""
"Woman, given Fentanyl for pain, leaves body and watches resuscitation",iands,data\iands\woman-given-fentanyl-for-pain-leaves-body-and-watches-resuscitation.json,1,no,no,not_mentioned,not_mentioned,implied,not_mentioned,no,no_reason_given,no,no,,"""God Save Me,"" and then I felt my soul ripped from my body. ... ""I was looking down from the ceiling."" ... ""When my soul hit my body, it was a thud."""
"Woman finds her Joy by almost dying, and her life is changed",iands,data\iands\woman-finds-her-joy-by-almost-dying-and-her-life-is-changed.json,1,no,no,not_mentioned,not_mentioned,implied,not_mentioned,no,family_responsibility,implied,no,"After the experience, she describes her life becoming about helping people find their Joy.","“Paula Sue!”; “You Must Go Back! If You Do Not Go Back, Your Daughters Will Never Find Their Joy Again!”"
Woman dying of Covid leaves body and is taught how to forgive,iands,data\iands\woman-dying-of-covid-leaves-body-and-is-taught-how-to-forgive.json,1,no,no,not_mentioned,spiritual_realm,not_mentioned,none,no,family_responsibility,no,no,,"""Then I was free."" ""Just let go of the debt."" ""Perfect unity, perfect understanding, and perfect acceptance... was my reality and Heaven."""
Woman drops dead but returns knowing things,iands,data\iands\woman-drops-dead-but-returns-knowing-things.json,1,not_mentioned,not_mentioned,not_mentioned,not_mentioned,implied,not_mentioned,not_mentioned,not_mentioned,not_mentioned,not_mentioned,,“I came back knowing certain things about this life and world.”; “we are and will be connected forever.”; “I know this life on earth is temporary but our spirits are forever.”; “My empathy got so strong that I can't be near certain humans with anxiety or negativity as their stuff washes over my soul.”
Woman dies of alcohol abuse and meets deceased grandfather,iands,data\iands\woman-dies-of-alcohol-abuse-and-meets-deceased-grandfather.json,1,no,no,not_mentioned,not_mentioned,implied,not_mentioned,no,not_your_time,no,no,,"""You know what that means,"" and I said, ""Yes, it’s not my time to be here."""
Where teen mom went during coma from spinal meningitis,iands,data\iands\where-teen-mom-went-during-coma-from-spinal-meningitis.json,1,no,no,not_mentioned,not_mentioned,implied,not_mentioned,no,family_responsibility,no,no,,"""It seemed like I was just floating around without any form in an expansive reality where everything was the same thing, all connected."" ""I was everything and everything was me. There was just 'one.'"" ""Then, right after I said that, I felt a huge 'swoosh,' like being sucked by a vacuum, and I was sucked back into my body."""
When I was 3 (58 years ago),iands,data\iands\when-i-was-3-58-years-ago.json,1,no,no,not_mentioned,not_mentioned,yes_explicit,not_mentioned,no,family_responsibility,no,no,,“I felt as if I was trapped in a large piece of bad meat.”
Wheel of Life,iands,data\iands\wheel-of-life.json,1,not_mentioned,not_mentioned,not_mentioned,not_mentioned,implied,not_mentioned,not_mentioned,not_mentioned,not_mentioned,not_mentioned,,"""I declare no heart transplant.""; ""you need to go to the emergency room now""; ""she is not going to make it"" (heard as a mental thought); ""Heaven is not a gated community; it is open for all to enter here."""
Watching Myself Struggle,iands,data\iands\watching-myself-struggle.json,1,no,no,not_mentioned,not_mentioned,implied,none,no,no_reason_given,not_mentioned,no,,“my spirit was out of my body and I was watching myself struggle under the water.”
Lauren K NDE 7116,nderf,data\nderf\03596_lauren-k-nde-7116.json,1,no,no,not_mentioned,not_mentioned,implied,not_mentioned,no,family_responsibility,implied,no,Voice said the tracheotomy scar would be 'an opportunity to share your experience.',"“I left my body and went into an aura of all white light! It was totally warm and Peaceful, pure Love emanating through me and around me.”; “My darling, you have a decision to make.”; “You become the Light.”; “So shall it be and what you shall receive is a blessing.”"
Brandon C NDE 7095,nderf,data\nderf\03581_brandon-c-nde-7095.json,1,no,no,not_mentioned,not_mentioned,implied,not_mentioned,not_mentioned,no_reason_given,no,no,,"“It was like, flat black in color, and I could feel it.” / “I woke up with a jolt, like I was literally slammed back into my body.” / “Almost as if I feel like I don't belong here anymore.”"
Michael Joseph NDE 7210,nderf,data\nderf\03700_michael-joseph-nde-7210.json,1,not_mentioned,not_mentioned,not_mentioned,not_mentioned,implied,not_mentioned,not_mentioned,family_responsibility,not_mentioned,not_mentioned,,"""Oh my God, I'm dead!""; ""This being communicated directly with me with thoughts, no words were ever used.""; ""There was a snap and a pop and I was back in my body.""; ""We are losing him!"" / ""His BP just went to zero.""; ""Instead, I was floating in the entrance to a tunnel or vortex. I was sucked into it."""
Sonya M NDE 7263,nderf,data\nderf\03699_sonya-m-nde-7263.json,1,no,no,not_mentioned,spiritual_realm,not_mentioned,not_mentioned,no,earthly_mission,yes_explicit,no,She was told “It is not your time; you have work left to do” and specifically “you were supposed to write.”,"“It is not your time; you have work left to do.” / “She said that I would survive what was happening. I will have babies and a new husband who would love me unconditionally.” / “You'll know it when you're ready.” / “Then she told me that I was supposed to write.” / “I was then led by the hand and asked if I wanted to meet Jesus. I asked, 'Am I worthy enough?'” / “I was bathed in the light that was radiating from his body.”"
Sabina Possible NDE 7261,nderf,data\nderf\03697_sabina-possible-nde-7261.json,1,no,no,not_mentioned,not_mentioned,implied,not_mentioned,no,not_your_time,no,no,,"""Not now."" / ""I don't believe, I saw It."" / ""It felt like I was too big for my body, like wearing shoes that are too small."""
Hamad A NDE 16072,nderf,data\nderf\03693_hamad-a-nde-16072.json,1,no,no,not_mentioned,not_mentioned,implied,not_mentioned,no,other,no,no,,"“There was no fear or nightmares... there was a special feeling of peace and warmth.”; “It was like there were eyes watching me but I could not see them.”; “The space I was in was light with a special color of green and yellow.”; “When I got away from that green atmosphere, it is very unpleasant to get dirty again and come back to the physical world.”"
Brenda R NDE 7245,nderf,data\nderf\03688_brenda-r-nde-7245.json,1,no,no,not_mentioned,not_mentioned,implied,not_mentioned,no,family_responsibility,no,no,,"“But what about Earth?” / “Earth was beautiful.” / “OK, I’ll go back but only if I can remember all of this like it just happened.” / “Go.” / “I will not lose this patient over such a simple operation.” / “You must take a breath.” / “I felt the stream of living waters fill my body with life.”"
Penny C NDE 7234,nderf,data\nderf\03680_penny-c-nde-7234.json,1,not_mentioned,not_mentioned,not_mentioned,not_mentioned,yes_explicit,not_mentioned,not_mentioned,not_your_time,not_mentioned,not_mentioned,,"“I must be dead”, “Where am I going?”, “it wasn't time”, “I will not forget this. I will not forget this”."
Marisol S NDE 7222,nderf,data\nderf\03671_marisol-s-nde-7222.json,1,not_mentioned,not_mentioned,not_mentioned,not_mentioned,implied,not_mentioned,not_mentioned,no_reason_given,not_mentioned,no,,“f$&@ this I'm not staying here!”; “I can draw what I looked like spot on; even now the memory is clear as day.”
Lesley H Possible NDE 7213,nderf,data\nderf\03665_lesley-h-possible-nde-7213.json,1,no,no,not_mentioned,spiritual_realm,not_mentioned,not_mentioned,no,other,no,no,,"“an official looking man asked me if I knew I had died.” “He asked me what I wanted to do… that I actually had a choice” “if I wanted to pass over and go through the doorway… this would be joyous and eternal… it would also be there forever, whenever I decided to go.”"
Francis G NDE 7208,nderf,data\nderf\03663_francis-g-nde-7208.json,1,no,no,not_mentioned,not_mentioned,implied,not_mentioned,no,earthly_mission,yes_explicit,no,Told it was not his time because he had to 'do beautiful things and help mankind and nature.',"“There was a white light. But like a strong magnet, I was pulled up to the light as it got bigger.”; “I was knocking on the gates of heaven, only I could not get in.”; “A spirit told me that it was not my time because I had to do beautiful things and help mankind and nature.”; “The sounds, smells, and the sights where amazing, like trying to explain what a banana tastes like to someone who had never eaten one.”"
Nicolas F NDE 7204,nderf,data\nderf\03659_nicolas-f-nde-7204.json,1,no,no,not_mentioned,not_mentioned,implied,not_mentioned,no,family_responsibility,implied,no,"He reports receiving a 'message' and returning with 'something more' / 'knowing something,' but no specific task is described.","‘you don't have the right to leave us now.’ / ‘I don't want to die’ / “I was my hospital bed, and I was this vault, I was everything, I could be everything.”"
Teresa P NDE 7191,nderf,data\nderf\03646_teresa-p-nde-7191.json,1,no,no,not_mentioned,not_mentioned,yes_explicit,not_mentioned,no,no_reason_given,no,no,,"“There comes Tere! There comes Tere!” / “Don’t look back! Don’t look back! Don’t look back now!” / “I felt I was time, occupying every space.” / “I call this GOD.” / “I know, while I was going, I saw you coming.”"
Ronnie D NDE 7188,nderf,data\nderf\03645_ronnie-d-nde-7188.json,1,no,no,not_mentioned,not_mentioned,implied,not_mentioned,no,family_responsibility,no,no,,"“call an ambulance the kid is dying.” / “go back or come forward.” / “It’s getting late, make up your mind what you’re going to do” / “I am not going in there” / “How about you come to live with me for a while?” / “I can't go with you, Mommy and Richie, (my little brother) will cry.”"
Lauren NDE 7184,nderf,data\nderf\03644_lauren-nde-7184.json,1,not_mentioned,not_mentioned,not_mentioned,not_mentioned,implied,not_mentioned,not_mentioned,family_responsibility,not_mentioned,not_mentioned,,"“It’s time” (heard as their thoughts). “I was sitting on top of me, meaning half of myself was in my body, from buttocks to the feet, and the upper part of me from my head and chest, wasn't in my body anymore.”"
Daniel M Probable NDE 7174,nderf,data\nderf\03637_daniel-m-probable-nde-7174.json,1,not_mentioned,not_mentioned,not_mentioned,not_mentioned,implied,not_mentioned,not_mentioned,not_your_time,not_mentioned,not_mentioned,,"“I have chains, locks and keys to those locks, he is not yours”
“did I flat-line?” … “Yes”
“no, we were preparing to, God brought you back.”"
Romy NDE 7153,nderf,data\nderf\03620_romy-nde-7153.json,1,no,no,not_mentioned,not_mentioned,yes_explicit,not_mentioned,no,not_mentioned,not_mentioned,no,,‘It is all okay’ … ‘Roll with it’ … ‘contract your diaphragm.’
Fabio G NDE 5463,nderf,data\nderf\03612_fabio-g-nde-5463.json,1,no,no,not_mentioned,not_mentioned,implied,none,no,other,no,no,,"“I found myself projected into the middle of the universe.” “I did not recall who I was in the earthly life... but I had the absolute certainty of being 'me'.” “If I go there, I can't go back.” “I felt an immense and unconditional love, a flow of love.” “It was my reality; I was really in outer space.”"
David B NDE 7395,nderf,data\nderf\03763_david-b-nde-7395.json,1,no,no,not_mentioned,spiritual_realm,not_mentioned,not_mentioned,no,not_your_time,yes_explicit,no,"Grandmother said: 'It is not your time yet, you have a few more things to achieve.'","'It is not your time yet, you have a few more things to achieve.'; 'It was more like ""confusion"" without being confused.'"
Margaret R Possible NDE 7383,nderf,data\nderf\03755_margaret-r-possible-nde-7383.json,1,implied,not_mentioned,not_mentioned,not_mentioned,not_mentioned,not_mentioned,no,not_mentioned,implied,no,"Petition to help ""Ramona""; Father said what she wanted to undertake would be very hard and that she may not remember; mention that ""Friends"" may not be able to help if she didn't remember.","""the Father is ready to hear your petition""; ""all I really needed to remember was how much I am loved, surrounded, and supported and in that to just 'be'."""
Ricardo AH NDE 7379,nderf,data\nderf\03754_ricardo-ah-nde-7379.json,1,no,no,not_mentioned,not_mentioned,implied,not_mentioned,no,no_reason_given,implied,no,He reports 'a need to finish something entrusted to me.',"“I saw a huge white light in front of me, which grew from my central vision to wrap around me completely, I felt like I was literally taken from the reality of my life.”
“I felt at that moment peace, joy and absolute tenderness… I was subjected to a love without limits…”
“I never saw any luminous beings, not angels, nor Christ or the Virgin, or saints or deceased relatives.”
“Everything seems new, as if I have come from another country to settle down for the first time here and I need to adjust back to everything I did before, but now I have another perspective on life.”
“This is an ineffable mystery.”"
Wendy G NDE 7373,nderf,data\nderf\03753_wendy-g-nde-7373.json,1,no,not_mentioned,not_mentioned,spiritual_realm,not_mentioned,not_mentioned,no,not_your_time,yes_explicit,no,Told the message to bring back was: “love. We all have to live in love.”,"“love. We all have to live in love.”; “You have to go back, it is not your time, yet.”; “There is no time here.”; “I wanted to go home.”"
Donna GV NDE 7362,nderf,data\nderf\03745_donna-gv-nde-7362.json,1,no,no,not_mentioned,spiritual_realm,not_mentioned,not_mentioned,no,not_your_time,yes_explicit,no,Told by a collective mind that it was not her time and she had 'one more thing to do.',"""I came to a stop and said 'I am ready'.""; ""They said that it was not my time and that I had one more thing to do.""; ""I thought of earth as a sort of hell, full of pain and suffering."""
Henrietta J NDE 7358,nderf,data\nderf\03743_henrietta-j-nde-7358.json,1,no,no,not_mentioned,spiritual_realm,not_mentioned,not_mentioned,no,family_responsibility,yes_explicit,no,To take care of her grand-aunt's daughter (her cousin).,"“I wanted to jump into this beneficial, living light, which seemed to me as being God.”; “I want to get back home!”; “No, that's not possible.”; “You want me to take care of your daughter, is it so?”; “Yes it is so”."
Sam J NDE 7352,nderf,data\nderf\03741_sam-j-nde-7352.json,1,not_mentioned,not_mentioned,not_mentioned,spiritual_realm,not_mentioned,not_mentioned,not_mentioned,earthly_mission,yes_explicit,no,"Creator/God/Great Spirit said: ""Yes you are. I have 'stuff' for you to do.""","""You’re going back."" / ""No I'm not"" / ""Yes you are. I have 'stuff' for you to do."" / ""Define 'stuff'!"""
Gary J NDE 7346,nderf,data\nderf\03739_gary-j-nde-7346.json,1,no,no,not_mentioned,not_mentioned,implied,not_mentioned,no,family_responsibility,implied,no,To stay to raise his children and to fulfill an unspecified 'thing' that would not be complete without him.,"“What happened? Why does he not have a pulse? Is he getting oxygen? Where is his pulse? Get him going again.”; “I saw the monitor and it was flat-lined.”; “I could stay, or I could step through the door. It was my choice.”; “It was the purest form of ‘choice’ I have ever had or felt. Almost like a diamond in its essence: Clarity. Pure. Clean. Beautiful. Mine.”; “This is not life, as I know life will be.”"
Olivia E NDE 7342/8294,nderf,data\nderf\03738_olivia-e-nde-7342-8294.json,1,no,no,not_mentioned,not_mentioned,implied,not_mentioned,no,not_mentioned,not_mentioned,not_mentioned,,"Felt a big ""WHOOSH."" Then she felt an absolute heaviness, with heat pulsating throughout her body."
Cassandra P NDE 7331,nderf,data\nderf\03733_cassandra-p-nde-7331.json,1,no,no,not_mentioned,not_mentioned,implied,none,no,family_responsibility,no,no,,"'this must be how death feels, how anyone can fear this wonderful release, this joy?' ; 'I can't do this to her' ; 'Don't you dare die, Cassandra!'"
Marie W NDE 7325,nderf,data\nderf\03730_marie-w-nde-7325.json,1,no,no,not_mentioned,not_mentioned,yes_explicit,none,no,other,not_mentioned,no,,"“mustn’t weep for the body, it's time to come with me.”; “the Eye of God”; “The Matrix of Creation”; “Akashic Records”; “I had earned the right to ascend.”; “I was not expected to return. It was my time to stay.”; “Even they could not guarantee that I would survive on earth if they did this.”"
Alta NDE 7318,nderf,data\nderf\03725_alta-nde-7318.json,1,no,no,not_mentioned,not_mentioned,implied,not_mentioned,no,not_mentioned,no,no,,"""Then I was in a wonderful, warm and loving light."" ""It felt as if I was being held in the arms of Jesus; fully protected with no fear, but total calm."" ""I had no awareness of my body or any contact with the physical world."""
Yamen Probable NDE 5468,nderf,data\nderf\03720_yamen-probable-nde-5468.json,1,not_mentioned,not_mentioned,not_mentioned,not_mentioned,yes_explicit,not_mentioned,not_mentioned,no_reason_given,no,no,,“My soul could now roam around where ever it wanted without obstacles. I felt complete freedom.” / “It was not a dream. The feeling of flying was very real.”
Paul Probable NDE 7309,nderf,data\nderf\03719_paul-probable-nde-7309.json,1,not_mentioned,not_mentioned,not_mentioned,spiritual_realm,not_mentioned,not_mentioned,not_mentioned,not_your_time,not_mentioned,no,,"“A chorus of beautiful female-voices rejoiced and sang my name gradually, ‘P-a-u-l’...”; “Finally, for once in my life, I was plugged-in, I belonged.”; “I am not afraid to die and I don't mourn for people who are dead.”; “It is like I am a deaf mute... but they can never [grasp it].”"
Jo B NDE 7275,nderf,data\nderf\03706_jo-b-nde-7275.json,1,no,no,not_mentioned,not_mentioned,implied,not_mentioned,no,family_responsibility,no,no,,"'Oh my gosh, I am dead.'; 'Do you want to go back?'"
Kat P Probable NDE 7269,nderf,data\nderf\03703_kat-p-probable-nde-7269.json,1,not_mentioned,not_mentioned,not_mentioned,spiritual_realm,not_mentioned,not_mentioned,not_mentioned,family_responsibility,not_mentioned,not_mentioned,,"“I found myself fully aware and present, yet all that I could see was the most beautiful of all-consuming light, everywhere just the light.” “It was like the center of a flame.” “It was so good that words cannot describe it.” “But he is only 9.” “At times, still I wonder if I made the right choice.”"
Rhonda M NDE 7468,nderf,data\nderf\03810_rhonda-m-nde-7468.json,1,not_mentioned,not_mentioned,not_mentioned,not_mentioned,implied,not_mentioned,not_mentioned,no_reason_given,no,no,,"“I had a brief-out-of-body experience, saw my body in my nightgown with my exposed butt, and my attacker over me.” “Then, I was almost floating in a void-like dark space that was peaceful and tranquil. I slowly tunneled towards a really bright light.” “A voice forcefully, but gently told me to scream.” “All at once I gained breath… and screamed.” “I do not fear death.”"
Dominic Possible NDE 7458,nderf,data\nderf\03808_dominic-possible-nde-7458.json,1,no,no,not_mentioned,not_mentioned,yes_explicit,not_mentioned,no,earthly_mission,yes_explicit,no,"A voice told him: ""Come back, you still have to help lots of people.""","“Come back, you still have to help lots of people.” / “to continue or come back” / “bye for now” / “would see them all.”"
Valeria M NDE 7447,nderf,data\nderf\03798_valeria-m-nde-7447.json,1,no,no,not_mentioned,not_mentioned,implied,not_mentioned,no,no_reason_given,no,no,,“I was clearly aware that I am dying. It was like clarity. It wasn't scary at all but quite the opposite.”; “I felt my body as if it were sinking...”; “I was in the car: I shouldn't have seen what he was doing outside.”
Flora O Possible NDE 7452,nderf,data\nderf\03795_flora-o-possible-nde-7452.json,1,not_mentioned,not_mentioned,not_mentioned,spiritual_realm,not_mentioned,not_mentioned,not_mentioned,not_mentioned,implied,implied,Message: “We are All Great and Powerful Souls who showed Great Courage in coming to Earth to help. Remember!”,"“I left my body spontaneously. I went. I FLEW!”; “when I arrived, I knew instantly that I was Home! It isn't a place; it's a vibration of Unconditional Love.”; “I ‘knew’ was the River of Life.”; “Love is The Answer” and “We are All Great and Powerful Souls who showed Great Courage in coming to Earth to help. Remember!”"
Bronwen C NDE 7446,nderf,data\nderf\03794_bronwen-c-nde-7446.json,1,no,no,not_mentioned,not_mentioned,implied,not_mentioned,no,other,implied,no,Overwhelming sense of needing to DO something; search for what this is dominated the rest of life.,“I remember looking back at my crumpled body on the rock below and observing that ‘I’ was not my body.”; “The angel was 'reminding' me of the power of LOVE that was actually THE power of the universe.”; “The sense of the reality of these experiences has far eclipsed anything else in my life.”
Vernon C NDE 7443,nderf,data\nderf\03792_vernon-c-nde-7443.json,1,no,no,not_mentioned,not_mentioned,implied,not_mentioned,no,no_reason_given,not_mentioned,no,,"“OMG, here we go again. We don't die. All the hogwash about heaven and hell isn't real. I just drop my body off and, wow! I am not dead.”"
Marney N NDE 7442,nderf,data\nderf\03791_marney-n-nde-7442.json,1,no,no,not_mentioned,spiritual_realm,not_mentioned,not_mentioned,no,not_mentioned,not_mentioned,not_mentioned,,"“I floated above in the room, I could see everything that was going on… I saw them cut my clothes off after 'I was gone.' I validated this later.” / “I was comfortably curled up, in a pair of giant hands that held me.” / “This comfort, this ultimate light was everywhere.” / “This is where I belonged.” / “Then I felt like I fell from a tall building and slammed back into my body.”"
Farrah NDE 7439,nderf,data\nderf\03789_farrah-nde-7439.json,1,not_mentioned,not_mentioned,not_mentioned,not_mentioned,implied,not_mentioned,not_mentioned,no_reason_given,not_mentioned,not_mentioned,,"“I was no longer home; I was safe, free in light traveling somewhere unknown.” “I could choose the light or return to my body.” “I awoke to darkness a LOUD ringing then SEARING PAIN.”"
Joan S FDE 7435 NDE 7435,nderf,data\nderf\03786_joan-s-fde-7435-nde-7435.json,1,no,no,not_mentioned,not_mentioned,implied,not_mentioned,no,not_mentioned,not_mentioned,no,,"“Moments after these thoughts, I was up in the sky, maybe about 20 or 30 feet high. I was looking down on this man who was on top of my body.” “I was aware that I had no body, but I could see, just as though I had eyes.” “There was a layer of darkness above me, an invisible layer below me between myself and the earth, and an open area out to the right side, which was light. I wasn't sure if I was supposed to go there or not.” “I felt like I was the only person in the world who knew for sure: there was life after death.”"
Victoria W Probable NDE 7431,nderf,data\nderf\03783_victoria-w-probable-nde-7431.json,1,not_mentioned,not_mentioned,not_mentioned,spiritual_realm,not_mentioned,not_mentioned,not_mentioned,family_responsibility,no,not_mentioned,,"“the closer I got to him the more I felt, strongly, that I was going home.”"
Sara A Probable NDE 7428,nderf,data\nderf\03782_sara-a-probable-nde-7428.json,1,not_mentioned,not_mentioned,not_mentioned,spiritual_realm,not_mentioned,not_mentioned,no,earthly_mission,yes_explicit,no,"Fulfill a spiritual calling as a spiritual medium: helping others find closure and understand the ""real Heaven"".","“I went to sleep as one distinct consciousness and when I awoke as another consciousness completely.”
“I was fortunate through my NDE in this lifetime to reconnect to the Source of all there is: the infinite intelligence who wants us to find our way back to the nurturing folds of unconditional love.”
“Spirits were somehow able to come through whatever portal had been opened inside of me…”
“We both said at the same time, ‘It smells like Heaven!’”
“I recognized that it was a pre-determined agreement or spiritual contract with God.”"
Juanita NDE-Like Experience 7377 NDE 7377,nderf,data\nderf\03780_juanita-nde-like-experience-7377-nde-7377.json,1,no,no,not_mentioned,not_mentioned,implied,not_mentioned,no,not_your_time,no,no,,"“I felt like I was shot out of my body.” “flying into the midst of an endless ocean of light; going very fast.” “I knew I was reaching a limit after which would be Jesus, God.” “I'm not ready, I must return.”"
Raymond O NDEs 7423 NDE 7423,nderf,data\nderf\03778_raymond-o-ndes-7423-nde-7423.json,1,no,no,not_mentioned,spiritual_realm,not_mentioned,not_mentioned,no,not_mentioned,no,no,,"“I find myself in a place I had been before. I was happy to be back.”; “He is not supposed to be here.”; “You died Raymond.”; “The next I knew, my nose was on the ceiling tiles of the emergency room.”; “Thank you, I needed that!”"
Lisa M Probable NDE 7420,nderf,data\nderf\03776_lisa-m-probable-nde-7420.json,1,no,no,not_mentioned,not_mentioned,implied,not_mentioned,no,other,no,no,,"'Breathe, Lisa, breathe!' ; 'it was a peace so total, that it can't be adequately described'"
Luis H NDE 7415,nderf,data\nderf\03773_luis-h-nde-7415.json,1,no,no,not_mentioned,spiritual_realm,not_mentioned,not_mentioned,no,not_your_time,yes_explicit,no,God told him it was not his time and that he was to tell his story so those who do not believe could see God exists and is watching over us.,"“I woke up in a place where everything was white and clear, I felt alive for the very first time.”; “Once he was in front of me, he hugged me and told me that he was my father and the one who created me.”; “it was not my time and that he would call me again when it was.”"
Rhea S Probable NDE 7399,nderf,data\nderf\03766_rhea-s-probable-nde-7399.json,1,not_mentioned,not_mentioned,not_mentioned,spiritual_realm,not_mentioned,not_mentioned,not_mentioned,family_responsibility,not_mentioned,not_mentioned,,"“high-speed tunnel… a swirling, dark vortex.”; “blissed-out”; “sucked back into my body through my chest.”; “I still struggle with homesickness for the other side.”; “loving, Divine Light” (felt during meditation)."
Tibetan man in car accident experiences his divinity but is stopped by demon,iands,data\iands\tibetan-man-in-car-accident-experiences-his-divinity-but-is-stopped-by-demon.json,1,no,no,not_mentioned,not_mentioned,implied,not_mentioned,no,not_mentioned,not_mentioned,no,,“I had an out of body”; “my only molecular part was there with the body. The rest completely out was everything which is me.”; “it would let me become God by myself.”; “I came across demon.”; “Demon is actually within ourself.”; “I got chance to grieve my own body.”
Three Beings of Light,iands,data\iands\three-beings-of-light.json,1,not_mentioned,not_mentioned,not_mentioned,not_mentioned,yes_explicit,not_mentioned,not_mentioned,earthly_mission,yes_explicit,no,Told their mission/purpose on earth was not yet finished.,"""At one point I became all there was. I knew all there was and I had all knowledge."""
There is No Hell. We All Go Home.,iands,data\iands\there-is-no-hell-we-all-go-home.json,1,no,no,not_mentioned,not_mentioned,yes_explicit,not_mentioned,no,earthly_mission,yes_explicit,not_mentioned,"""You have not done what you said you would do and must go back.""","""I went through the dark into the light--a soft bluish light."" ""We spoke without speaking."" ""You have not done what you said you would do and must go back."" ""You will come here, just not now…not yet. I am sorry."" ""We got him"" / ""Oh my God he is awake."" ""There is no hell. We all go home."""
"The universe without matter is not only more real than this contrived world, but more magnificent",iands,data\iands\the-universe-without-matter-is-not-only-more-real-than-this-contrived-world-but-more-magnificent.json,1,no,no,not_mentioned,not_mentioned,implied,not_mentioned,no,no_reason_given,no,no,,"“It felt like someone had hung the shabby, moth-eaten drapery of reality around me again…”; “This place, this 'reality,' seemed so much foggier and darker than the other place. So much less real.”; “The universe without matter exists, and is malleable to our thoughts. Not only is it more real than this contrived world, but more magnificent.”"
The real world is much more wonderful and complex,iands,data\iands\the-real-world-is-much-more-wonderful-and-complex.json,1,no,no,not_mentioned,spiritual_realm,not_mentioned,none,no,no_reason_given,no,no,,"""What happens here in this life is kind of like a movie... but then the movie ends and you move out of the theater and into the real world."" / ""on the other side of the membrane was the REAL world"" / ""The real world was much more wonderful and complex and full of dimension than this movie I'd been watching all my life."""
Erik C NDE 7513,nderf,data\nderf\03841_erik-c-nde-7513.json,1,no,no,not_mentioned,spiritual_realm,not_mentioned,not_mentioned,no,not_your_time,implied,no,"His son told him, ""Daddy, keep fighting.""","""Daddy, keep fighting."" / ""it wasn't my time yet"" / ""sucked back into my body with a sort of popping noise/feeling."""
Arshan NDE 16074,nderf,data\nderf\03839_arshan-nde-16074.json,1,no,no,not_mentioned,not_mentioned,implied,none,no,other,no,no,,"Doctor shouted, 'code pink!' Nurse shouted, 'Wow, it worked!'"
Jennifer J NDEs 7510 NDE 7510,nderf,data\nderf\03838_jennifer-j-ndes-7510-nde-7510.json,1,not_mentioned,not_mentioned,not_mentioned,not_mentioned,implied,not_mentioned,no,family_responsibility,not_mentioned,no,,"“I was aware that I existed only as a thought, and I quoted to myself, ‘I think, therefore I am.’” / “In the same instant, I knew immediately that if I looked I would not come back.” / “I was one with the Creator and with Creation itself. I was the Creator.”"
Valeria I Possible NDE 439,nderf,data\nderf\03836_valeria-i-possible-nde.json,1,no,no,not_mentioned,not_mentioned,implied,not_mentioned,no,family_responsibility,not_mentioned,no,,"“Immediately, I saw myself rising from the bed and at the ceiling of the room looking down on my body.” “I knew I was in the place where God is. There was no fear, no pain, no hurt, and no worry.” “I asked Jesus, who was the light image, to please let me raise my children and see my grandchildren.” “I have seen dead people with better blood pressure readings than this.” “The voice was 110% real and audible to me.”"
Michael M Probable NDE 7504,nderf,data\nderf\03833_michael-m-probable-nde-7504.json,1,no,no,not_mentioned,spiritual_realm,not_mentioned,not_mentioned,no,no_reason_given,no,no,,"“It's all over, don't worry, you're home!”; “I just forgot while I was there.”; “oh well, I just forgot everything while I was there.”"
Fabien N NDE 7502,nderf,data\nderf\03832_fabien-n-nde-7502.json,1,not_mentioned,not_mentioned,not_mentioned,not_mentioned,implied,not_mentioned,not_mentioned,not_mentioned,not_mentioned,not_mentioned,,"""this is death? Well, I should have died earlier!!!"""
Debbi ER Probable NDE 7500,nderf,data\nderf\03829_debbi-er-probable-nde-7500.json,1,no,no,not_mentioned,not_mentioned,yes_explicit,not_mentioned,no,not_your_time,not_mentioned,no,,"'No, Debbi it is not your time to go. You must stay here.'; 'I am your angel. My name is Babba Ji. I have always been with you and will always be with you.'; 'Look at the elephants marching around the room. Just watch them while I get you help.'"
Brian C Possible NDE 7496,nderf,data\nderf\03827_brian-c-possible-nde-7496.json,1,no,no,not_mentioned,not_mentioned,implied,not_mentioned,no,earthly_mission,yes_explicit,no,"Three instructions: (1) learn to forgive others and himself and also teach forgiveness, (2) address his anger, (3) ""go talk, teach, preach, write, and do a video"" of the experience.","“get off the drugs, get off the drugs, thyroid, thyroid” ; “Do you know where you are. Do you know what you are looking at?” ; “Is this heaven?” / “Yes.” ; “I was floating outside of heaven, looking at it from a distance in space.”"
Akshatha K NDE 7484,nderf,data\nderf\03820_akshatha-k-nde-7484.json,1,no,no,not_mentioned,not_mentioned,implied,not_mentioned,no,no_reason_given,no,no,,"“I was floating in the air. It felt, as if I was losing the connection with the reality.” / “I was dropped back into my body with the same un-felt feel of reality.”"
Paulo JF NDE 7409,nderf,data\nderf\03818_paulo-jf-nde-7409.json,1,not_mentioned,not_mentioned,not_mentioned,not_mentioned,implied,not_mentioned,not_mentioned,not_your_time,implied,no,"“To sum up, it wasn't my time and I had to go that day to be a witness to the two deaths.”","“The tunnel was like the eye of a hurricane… Everything was black and white. Above and in the distance, there was a brilliant white light in the shape of a partially open door…”; “Paulo, they are in the water, open your mouth and go up!!!”; “No words can describe the happiness I felt in those moments.”"
Mona Lisa R NDE 7474,nderf,data\nderf\03815_mona-lisa-r-nde-7474.json,1,no,no,not_mentioned,not_mentioned,implied,not_mentioned,no,not_mentioned,no,no,,"‘We're losing her! we're losing her!’; ‘vhen you vake up again, your mouse will be dry.’; ‘If I had to describe my experience in one word, it would be love, pure love.’"
Patrick VW Probable NDE 7609,nderf,data\nderf\03902_patrick-vw-probable-nde-7609.json,1,no,no,not_mentioned,spiritual_realm,not_mentioned,not_mentioned,no,not_your_time,implied,no,"He asked to remember so he could “pass it on to others,” and was told: “we will be happy when you tell your story and pass it on so others can pass it as well.”","“I will give you two coins, use them wisely.”; “You are very close to achieving this goal.”; “Are you ready for your journey into the light?”; “don’t ever forget who you are and from where you come,”; “In time you will… we will be happy when you tell your story and pass it on so others can pass it as well. Now it's time to go back.”"
Mindy B NDE 7603,nderf,data\nderf\03898_mindy-b-nde-7603.json,1,no,no,not_mentioned,spiritual_realm,not_mentioned,not_mentioned,no,family_responsibility,no,no,,"“I was looking down at myself on the beach.” “I was now in a space that was golden in color and feel.” “I saw it through God's eyes, not my own.” “Then nothingness. It was just a void.” “Mindy, What do you know to be true of Jesus Christ?” “That he died on the cross for me.” “It was like I was home after a long time away.” “I can't leave him like that.” “I think I just died. Love is all that matters!”"
Chanse R NDE 7574,nderf,data\nderf\03883_chanse-r-nde-7574.json,1,no,no,not_mentioned,not_mentioned,yes_explicit,not_mentioned,no,no_reason_given,no,no,,"“I was in complete euphoria. I didn't feel the weight of gravity anymore. I was completely aware of myself without my physical body.” / “I was soaring through space in some galaxy with the whole universe in front of me.” / “Then all of a sudden, like a lightning bolt, I was thrown back into my body hard and abrupt!” / “I made it! I'm back.”"
Shara G NDE 7549,nderf,data\nderf\03873_shara-g-nde-7549.json,1,no,no,not_mentioned,not_mentioned,implied,none,no,not_your_time,no,no,,"“What I experienced was like being sucked out of the operating room through a tiny pin-dot of light.”; “Music was not only something to hear, but to feel, to taste, to smell and to see.”; “I learned later that I never made any external sound.”; “He admitted there had been a procedural mistake and it had caused my heart and breathing to cease for 2 minutes and 17 seconds.”; “A male voice told me I had to go back… it wasn’t words I heard, just an understanding that I HAD TO GO BACK.”"
Jeffrey B NDE 7548,nderf,data\nderf\03872_jeffrey-b-nde-7548.json,1,no,no,not_mentioned,spiritual_realm,not_mentioned,not_mentioned,no,not_mentioned,not_mentioned,not_mentioned,,"“I was ‘coming home’ and that everything was going to be alright.”; “I knew if I could get past the doorway, that I could stay forever.”; “Are you going to bury me?”"
Jeanne ZS NDE 7537,nderf,data\nderf\03859_jeanne-zs-nde-7537.json,1,no,no,not_mentioned,not_mentioned,yes_explicit,not_mentioned,no,family_responsibility,no,no,,"“How do you bring a language back from another plane of existence where words don’t exist to describe it here on earth?”; “There came a time when I had to make a choice to go on or return to my body.”; “In an instant, I was back in my pain-wracked body…”; “It was the total absence of fear with a new understanding of our continuation after death.”"
Sebastian X NDE 7533,nderf,data\nderf\03857_sebastian-x-nde-7533.json,1,no,no,not_mentioned,not_mentioned,yes_explicit,not_mentioned,not_mentioned,earthly_mission,implied,no,"""You have other lives to touch.""","""It is not your time yet. You have other lives to touch. Go back home!""; ""I was shot back into my body with an indescribable force."""
Matthew H Probable NDE 7520,nderf,data\nderf\03846_matthew-h-probable-nde-7520.json,1,no,no,not_mentioned,not_mentioned,implied,not_mentioned,not_mentioned,other,implied,no,Unfinished business to attend to.,"“Come with me.” / “You are your own harshest judge, and always will be... because you have unfinished business to attend to. You can go back if you choose”."
Vietnamese man in car crash accompanies fiance into light but returns alone,iands,data\iands\vietnamese-man-in-car-crash-accompanies-fiance-into-light-but-returns-alone.json,1,not_mentioned,not_mentioned,not_mentioned,not_mentioned,implied,not_mentioned,no,earthly_mission,yes_explicit,yes_explicit,"Asked (from the throne/Light) to “volunteer to be an effective witness of God’s grace and love,” which he accepted; also told by fiancée: “You cannot come because you still have something to do!”","""You cannot come because you still have something to do!""; ""Con dự tính, Ta định đoạt!"" (""You plan things, I make things happen!""); ""Mưu sự tại nhân, thành sự tại thiên"" (""Man proposes, God disposes."")"
Understand the Gift to Enjoy the Treasure,iands,data\iands\understand-the-gift-to-enjoy-the-treasure.json,1,no,no,not_mentioned,not_mentioned,implied,not_mentioned,no,not_your_time,implied,no,Felt compelled to try to “bring religion and science together” and to comfort the grieving / communicate what he learned.,"“Okay. Relax. It’s not your time.” / “You must understand the gift to be able to enjoy and treasure the gift that you have been given,” / “In a blast of light and cognition, I was suddenly faced with ‘All of The Answers.’”"
Two sleep apnea OBEs as a teenager,iands,data\iands\two-sleep-apnea-obes-as-a-teenager.json,1,no,no,not_mentioned,not_mentioned,implied,not_mentioned,no,no_reason_given,no,no,,"""Stop!"" (telepathically) ... ""I immediately stopped.""; ""Jeff! Jeff! Look! Wake up!""; ""Mom! Dad! Look! It's me!""; ""WHOOSH!"" (violent yank back into body); ""God is real! God is real! I can feel him!"""
Two drownings in childhood,iands,data\iands\two-drownings-in-childhood.json,1,no,no,not_mentioned,not_mentioned,yes_explicit,not_mentioned,not_mentioned,other,no,no,,"“After the moment of my death, I became like a breath, and was ‘breathed’ into the body of a nude, non-gender being.” “I was then shuttled through a tunnel of rainbow lights at a speed which cannot be described.” “I knew that I was free to pass down the hall, or return to life, that this was my choice.” “the human experience is invaluable and precious.”"
Two Brushes Unnoticed,iands,data\iands\two-brushes-unnoticed.json,1,no,no,not_mentioned,not_mentioned,implied,none,no,not_mentioned,no,no,,"""Suddenly I was shooting threw a tunnel like a rocket into space.""; ""I was standing amid total bright light.""; ""No, I have three little boys at home that need me.""; ""Fine if you (God) look into the future and see that my boys are better off without me, I will go.""; ""Who else is going to teach them about you?"""
Tremendous Homesickness,iands,data\iands\tremendous-homesickness.json,1,not_mentioned,not_mentioned,not_mentioned,spiritual_realm,not_mentioned,not_mentioned,not_mentioned,no_reason_given,no,no,,"""I am going to die now. Wow."" / ""I thought this one was supposed to be longer. Oh well, I am coming home."" / ""NO! Why was I sent back when he was only going to kill me again?"" / ""I've been to the 'other place.'"" / ""Nothing here on earth compares with it. I now have a tremendous homesickness for the other side."""
Traveling Through the Tunnel,iands,data\iands\traveling-through-the-tunnel.json,1,no,no,not_mentioned,not_mentioned,implied,not_mentioned,no,no_reason_given,no,no,,"""I felt my spirit/self lift away from my body."" ""I gradually became aware of a tunnel, large, dark, with certain highlights lit from a source at the very end of the tunnel."" ""Suddenly, like a swoosh I was pulled back in my body again head first"" ""holy cow - there IS another dimension!"""
"Tickled to meet man who said ""Come""",iands,data\iands\tickled-to-meet-man-who-said-come.json,1,no,no,not_mentioned,spiritual_realm,not_mentioned,none,no,family_responsibility,no,no,,"He said “Come” in a very gentle and tender voice. The experiencer responded: “No, Please don’t make me leave Mommy and Daddy.“"
Nancy R NDEs 7674 NDE 7674,nderf,data\nderf\03942_nancy-r-ndes-7674-nde-7674.json,1,not_mentioned,not_mentioned,not_mentioned,spiritual_realm,not_mentioned,not_mentioned,not_mentioned,not_your_time,yes_explicit,no,"She said she was asked to share what she was taught (e.g., ""We are primarily here to Love"") ""with as many people as possible,"" and she intended to tell it on a blog and possibly publish more.","""my consciousness was in two places simultaneously""; ""hovered out in front of the truck and off to the south""; ""Love was everywhere because there was nowhere that wasn't love""; ""We are primarily here to Love: to practice Love, to show Love, to experience Love.""; ""Yes, this is all real."""
Joanne L NDE 7658,nderf,data\nderf\03930_joanne-l-nde-7658.json,1,no,no,not_mentioned,not_mentioned,implied,not_mentioned,no,family_responsibility,no,no,,"“I felt so calm and peaceful; more peaceful than any words could describe.” “Oh my God! I can't leave my unborn baby with my partner. My baby needs me!” “Suddenly, I lunged forward towards my baby and bounced back into my body with great force. It was like being dropped from a great height.” “Wow she's been here before!”"
Tom A NDE 7656,nderf,data\nderf\03929_tom-a-nde-7656.json,1,no,no,not_mentioned,spiritual_realm,not_mentioned,not_mentioned,no,other,yes_explicit,no,Father told him: 'Tell everyone to be nice to each other.' He also felt someone telling him to tell people to 'stop worrying about their pending death because worrying takes life away.',"'I'm dead.' 'I'm impressed. A little John Wayne-ish, but I am impressed.' 'We have to hurry, I don't want to be late.' 'I can stay here, I want to stay.' 'You have to go through the gate.' 'Tell everyone to be nice to each other.' 'stop worrying about their pending death because worrying takes life away.'"
Joe H NDE 7650,nderf,data\nderf\03926_joe-h-nde-7650.json,1,no,no,not_mentioned,not_mentioned,implied,not_mentioned,not_mentioned,not_mentioned,no,no,,"""I felt like I was inside a long tunnel like whirlpool. In the center of that incredibly fast spinning darkness I saw a bright white light, warm like the sun, very quiet and very serene.""; ""I could literally feel myself, as Spirit, sinking slowly down and out of my body. It was a deeply sickening feeling.""; ""It would take about 2 or 3 minutes and I would slowly feel myself lift just outside my body."""
Mrs. Grace NDE 7649,nderf,data\nderf\03925_mrs-grace-nde-7649.json,1,no,no,not_mentioned,not_mentioned,yes_explicit,not_mentioned,no,no_reason_given,no,no,,"“I was in complete consciousness but felt bodiless and a kind of lightness.” “It was like being lifted above the cot.” “moving effortlessly inside a self-illuminated tube… a divine brightness and a pleasurable experience.” “I was dead during the last stage of surgery.” “Today, I live nearer to God.”"
Jennifer W Probable NDE 7645,nderf,data\nderf\03923_jennifer-w-probable-nde-7645.json,1,not_mentioned,not_mentioned,not_mentioned,not_mentioned,implied,not_mentioned,not_mentioned,not_your_time,not_mentioned,not_mentioned,,“Can I stay? Please?” … “Not yet.”
The older gentleman and his son were together again,iands,data\iands\the-older-gentleman-and-his-son-were-together-again.json,1,no,no,not_mentioned,not_mentioned,yes_explicit,none,no,not_your_time,yes_explicit,no,Told to come back because it was not her time and to let the man's wife know that he and his son were together and that he was okay.,"“I know you.” / “I was given infused knowledge that I had to come back, that it wasn’t my time yet, and I was to let this man’s wife know that he and his son were together and that he was okay.”"
The Fastest Roller Coaster Ride Ever,iands,data\iands\the-fastest-roller-coaster-ride-ever.json,1,no,no,not_mentioned,spiritual_realm,not_mentioned,not_mentioned,no,no_reason_given,no,no,,"“I remember the stoppage of time.” “I think that the zero moment was decision time for me.” “I chose to let it restart and it did.” “I am not afraid of death.” “I know there is a beyond that we all go to and that it is a pleasant place, more peaceful than can be imagined.” “The angels tell us stories and we see our loved ones.” “I feel like a much more spiritual person and not the hyper religious person I was before.” “It was as real and personal as anything I've ever experienced.”"
The Essence of Life,iands,data\iands\the-essence-of-life.json,1,not_mentioned,not_mentioned,not_mentioned,not_mentioned,implied,not_mentioned,not_mentioned,other,no,no,,"“Are you ready to go?” “No, I am too young to die. I have things to do! I want to go back.” “You may return.”"
"Ten-year-old girl falls and leaves body, but returns just in time",iands,data\iands\ten-year-old-girl-falls-and-leaves-body-but-returns-just-in-time.json,1,no,no,not_mentioned,not_mentioned,implied,not_mentioned,no,not_your_time,no,no,,"""Everything was suddenly pitch dark."" ""What is she doing here?"" ""It isn't her time yet."" ""Lynette! Lynette, come on!"""
Teeth-Cleaning Incident Gives Woman Access to Life Review,iands,data\iands\teeth-cleaning-incident-gives-woman-access-to-life-review.json,1,no,no,not_mentioned,not_mentioned,implied,not_mentioned,no,no_reason_given,no,no,,"“Everything went black. I knew I had died, and I just accepted it. The black void was peaceful, and I felt myself (my consciousness or soul?) disconnect from my body.”"
Teenager in UK out of body into light,iands,data\iands\teenager-in-uk-out-of-body-into-light.json,1,no,no,not_mentioned,not_mentioned,implied,none,no,not_your_time,not_mentioned,no,,"""Oh God I’m not ready for this!""; ""what is he doing here, he shouldn’t be here yet."""
Teenager has OOB after drug overdose (caution: profanity),iands,data\iands\teenager-has-oob-after-drug-overdose-caution-profanity.json,1,no,no,not_mentioned,not_mentioned,yes_explicit,not_mentioned,no,not_your_time,no,no,,“i seen the earth below me”; “I LOOK DOWN IM NAKED”; “then i seen a square light”; “i heard like light singing”; “something wouldnt let me thru”; “its not your time”
Teenager communicates with identical twin from coma/NDE,iands,data\iands\teenager-communicates-with-identical-twin-from-coma-nde.json,1,not_mentioned,not_mentioned,not_mentioned,not_mentioned,implied,not_mentioned,not_mentioned,not_mentioned,implied,no,"After survival, doctor told her 'because of that, I had a purpose in this life.' Experiencer reports a 'deep sense of a mission' but not clear what it is.","“I felt as though I was in a timeless place.” “I felt incredibly peaceful and surrounded by an essence that was beyond ‘love’ as we know it in human form.” “I felt like a light, buoyant ball of energy.” “I was in the corner of my room looking diagonally down at my body.” “Don’t worry, I’m going to be okay. I have a lot to tell you.”"
Superimposed,iands,data\iands\superimposed.json,1,no,no,not_mentioned,not_mentioned,yes_explicit,none,no,not_mentioned,implied,no,"After the later NDE, she reports: 'I knew when I came back that I had a purpose to fulfill (although I couldn't remember what).'","""methinks that if I sleep I never wake again.""; ""I don't want to die. I'm only eighteen!""; ""Someone is coming to help you.""; ""I shattered into thousands of pieces of coloured glass. Each one of them so totally and completely loved that I cannot describe it.""; ""It was as if the barrier between the two worlds had been opened and not closed."""
Janna T Possible NDE 7629,nderf,data\nderf\03914_janna-t-possible-nde-7629.json,1,not_mentioned,not_mentioned,not_mentioned,spiritual_realm,not_mentioned,not_mentioned,not_mentioned,no_reason_given,not_mentioned,not_mentioned,,"“I went to a farm house. It was cold.” “The people were very welcoming, and I knew I belonged with them in some way.” “Then I remember leaving the farm house, but felt like I should have stayed. It has been confusing for me ever since.”"
Darcy L NDE 7815,nderf,data\nderf\04042_darcy-l-nde-7815.json,1,not_mentioned,not_mentioned,not_mentioned,not_mentioned,implied,not_mentioned,not_mentioned,other,implied,no,Implied continuing life tasks and helping people who would need her; she named her parents.,"“It's not the moment. You still have things to do and to live down there.” / “This was very unpleasant, cold, painful and the smallest noise in the room was infernal.”"
Kyal L Probable NDE 7787,nderf,data\nderf\04027_kyal-l-probable-nde-7787.json,1,no,no,not_mentioned,spiritual_realm,not_mentioned,none,no,earthly_mission,not_mentioned,no,,"'No! I still love, I still love!'; 'The feeling was love; PURE LOVE; real love.'; 'Mum I thing I think I may have electrocuted myself.'"
Lisa F Probable NDE 7774,nderf,data\nderf\04014_lisa-f-probable-nde-7774.json,1,no,no,not_mentioned,spiritual_realm,not_mentioned,not_mentioned,no,family_responsibility,no,no,,"“If I did not row, I would naturally be taken to heaven.”"
Adelheid L Probable NDE 7762,nderf,data\nderf\04010_adelheid-l-probable-nde-7762.json,1,no,no,not_mentioned,spiritual_realm,not_mentioned,not_mentioned,no,not_mentioned,no,no,,"""Have no fear you are safe here""; ""It is here that I belong.""; the young man said softly, ""go!"""
Emelie M Shared Death Experience 32380 NDE 32380,nderf,data\nderf\04000_emelie-m-shared-death-experience-32380-nde-32380.json,1,no,no,not_mentioned,not_mentioned,implied,not_mentioned,no,not_mentioned,no,no,,"""There is a dear being that wants to see you a last time.""; ""He fought pretty well. . .""; ""not my eyes seeing it, but my soul that saw it""; ""ball of a magnificent light of a warm gold""; ""traveling through the walls of a hospital."""
Sergio S NDE 7751,nderf,data\nderf\03999_sergio-s-nde-7751.json,1,no,no,not_mentioned,not_mentioned,implied,not_mentioned,no,family_responsibility,no,no,,'I MUST RETURN!' / 'I HAVE TO RETURN.'
Jeanne MK NDE 7747,nderf,data\nderf\03994_jeanne-mk-nde-7747.json,1,no,no,not_mentioned,not_mentioned,yes_explicit,not_mentioned,no,family_responsibility,implied,no,Told she needed to go back to take care of her son Adam (whom she was told she would soon have).,"“Oh, no. I'm out of here.” / “Please not me. I'm sorry. I'm so sorry for anything I have ever done.” / “It felt like someone had turned on a giant vacuum and took away everything from me.”"
Frank H NDE 7740,nderf,data\nderf\03987_frank-h-nde-7740.json,1,no,no,not_mentioned,not_mentioned,yes_explicit,not_mentioned,no,no_reason_given,no,no,,"""You're not supposed to be here."" / ""Please don't leave me!"""
Barbara T NDEs 16082 NDE 16082,nderf,data\nderf\03984_barbara-t-ndes-16082-nde-16082.json,1,no,no,not_mentioned,not_mentioned,yes_explicit,not_mentioned,no,not_your_time,yes_explicit,no,"Told: 'YOU HAVE TO GO BACK, YOU HAVE SOMETHING IMPORTANT TO DO.'","'I, Barbara was a SPECK OF CONSCIOUSNESS in completely dark and empty space.' 'FINALLY YOU ARE HERE. WE WERE WAITING FOR YOU.' 'DOCTORS ARE FIGHTING FOR YOUR LIFE. IT'S NOT YOUR TIME YET. YOU HAVE TO GO BACK, YOU HAVE SOMETHING IMPORTANT TO DO.' 'It was REAL.' 'Over THERE everything was so TECHNICAL.' 'IN THE OTHER WORLD THERE WAS SO MUCH MORE DIMENTIONS.'"
Ginny H NDE 7738,nderf,data\nderf\03983_ginny-h-nde-7738.json,1,no,no,not_mentioned,not_mentioned,implied,not_mentioned,no,not_your_time,no,no,,"""Don't worry Ginny the breath of life will be breathed back into you. Your time has not yet come."" / ""But I do not want to go."" / ""Why does this light not hurt my eyes?"""
Brian P NDE 7726,nderf,data\nderf\03976_brian-p-nde-7726.json,1,no,no,not_mentioned,not_mentioned,implied,not_mentioned,no,not_mentioned,no,no,,"""I guess I get to find out what happens now.""; ""All that stuff we have doesn't mean anything."""
Shanna L NDE 7700,nderf,data\nderf\03958_shanna-l-nde-7700.json,1,no,no,not_mentioned,spiritual_realm,not_mentioned,not_mentioned,no,not_your_time,yes_explicit,no,Told: 'it wasn't my time' and she 'still had many good and significant things to do' and would do 'a lot of much-needed good' in her world.,"“I was wrapped in intense, overwhelming love and comfort.” “She told me that it wasn't my time, and that I still had many good and significant things to do in my lifetime.” “I just remember opening the eyes to my physical body and seeing orbs of light floating all around me.”"
Michael J NDE 7693,nderf,data\nderf\03952_michael-j-nde-7693.json,1,no,no,not_mentioned,not_mentioned,implied,none,no,not_mentioned,no,no,,"“Upon impact, I was immediately out of my body and observing the accident from about 30 feet above and traveling along with it.”; “Even if just for a few seconds, the experience seemed more like minutes to me.”; “My spirit body literally had to be removed from my body for a time so my broken body could be restored so I could return and live.”; “I remember watching my surgery from above for a short time and then back again.”"
Faith M NDE 16077,nderf,data\nderf\03946_faith-m-nde-16077.json,1,no,no,not_mentioned,spiritual_realm,not_mentioned,not_mentioned,no,no_reason_given,no,no,,"“I saw the most brilliant light.”; “I saw many spirits including my paternal grandfather, the blessed Mother, Christ, and God.”; “I was on the ceiling watching a doctor and nurse pound on my chest.”; “Why do you tell us you are allergic to penicillin?”; “I have always had no doubt that I went to heaven and back.”"
Neha S NDE 7676,nderf,data\nderf\03944_neha-s-nde-7676.json,1,no,no,not_mentioned,spiritual_realm,not_mentioned,not_mentioned,not_mentioned,not_mentioned,implied,no,She states she will 'be able to help people in every way possible that I can.',"""It is where everyone truly belongs. It is where the soul goes."" ""It was like I was in a portal that looked like a black hole. It was a black hole with all the colors you can imagine and colors that the human eye does not recognize."" ""YOU'RE ONLY 15. GET UP, RUN!"""
Kim B NDE 7675,nderf,data\nderf\03943_kim-b-nde-7675.json,1,no,no,not_mentioned,spiritual_realm,not_mentioned,not_mentioned,no,not_mentioned,implied,no,"Grandfather emphasized she must be there for her children, quit smoking, and not give up; promised peace and happiness ahead.","'I was ""home.""' 'Sweetheart, peace and total happiness is in store for you, I promise. Don\'t give up.' 'Don\'t ever think I\'m not with you, I\'m with you always.'"
Someone Stopped Me,iands,data\iands\someone-stopped-me.json,1,no,no,not_mentioned,not_mentioned,implied,not_mentioned,no,no_reason_given,no,no,,"""Don’t be scared, you’re going to be okay."""
"Someday, my experiences will all add up and make sense",iands,data\iands\someday-my-experiences-will-all-add-up-and-make-sense.json,1,no,no,not_mentioned,not_mentioned,implied,not_mentioned,no,not_mentioned,not_mentioned,not_mentioned,,"""Oh, here we go""; ""Okay, I'll do that.""; ""I realised I was conscious to me, but from her perspective I wasn't.""; ""I was now a light floaty shapeless border-free entity."""
Sleeping man goes to heavenly library but it's not his time,iands,data\iands\sleeping-man-goes-to-heavenly-library-but-it-s-not-his-time.json,1,no,no,not_mentioned,not_mentioned,yes_explicit,not_mentioned,no,not_your_time,no,no,,"""It's not your time.""; ""NO GOD; PLEASE NO! GOD!""; ""You were in the right place at the wrong time."""
Sleep apnea incident causes man in mid-30's to dream of death,iands,data\iands\sleep-apnea-incident-causes-man-in-mid-30-s-to-dream-of-death.json,1,no,no,not_mentioned,spiritual_realm,not_mentioned,not_mentioned,no,no_reason_given,no,no,,“That kind loving woman was death.” “That place felt like home.” “help.” “HELP ME.” “watch your camera; WATCH YOUR CAMERA.” “It was time for bed. It was time to rest…”
Jonathan J NDE 7918,nderf,data\nderf\04102_jonathan-j-nde-7918.json,1,no,no,not_mentioned,not_mentioned,implied,not_mentioned,no,no_reason_given,no,no,,"""I remember seeing a lot of unearthly yellow."" ""There were lots of Beings frantically flying about."" ""I heard loud singing or a loud chorus."" ""The feeling was of being raised up, not put 'into' my body."" ""What was that?!?!"""
Debbie NDE 7913,nderf,data\nderf\04097_debbie-nde-7913.json,1,no,no,not_mentioned,spiritual_realm,not_mentioned,not_mentioned,no,not_your_time,no,no,,“The feeling of leaning on the side of the bridge looking at the play of light on the water was an indescribable joy.” / “The message was do everything with love…” / “Debbie what are you doing here! Go back now!”
Kylie A NDE 7910,nderf,data\nderf\04095_kylie-a-nde-7910.json,1,no,no,not_mentioned,not_mentioned,implied,not_mentioned,no,family_responsibility,no,no,,She asked me 'Are you ready?' / 'Are you sure? You have this new baby who needs you.' / 'Do you want to see your girls?'
Donna C NDE 7896,nderf,data\nderf\04091_donna-c-nde-7896.json,1,no,no,not_mentioned,spiritual_realm,not_mentioned,none,no,family_responsibility,no,no,,"“If this is what it feels like to die, I won't be frightened Mama because it feels so nice.”"
Anna BZ NDE 7889,nderf,data\nderf\04087_anna-bz-nde-7889.json,1,no,no,not_mentioned,not_mentioned,implied,not_mentioned,no,not_your_time,no,no,,"'My God, where am I?' / 'No! No! I don’t want to be here. I got here by mistake.' / 'It’s not your time yet. We must part; you must go back.' / Doctor: 'Now get away.' / Priest: 'You’ll go to heaven.'"
Jamie L Probable NDE 7876,nderf,data\nderf\04077_jamie-l-probable-nde-7876.json,1,not_mentioned,not_mentioned,not_mentioned,not_mentioned,implied,not_mentioned,not_mentioned,no_reason_given,not_mentioned,not_mentioned,,"“my spirit jumped out of my body in an upwards motion.” “I ended up becoming a blue orb or an energy ball that was electric-blue in color.” “There was a buzzing sensation or a humming, almost exactly like what the Buddhist monks chant when they chant OM or AUM.” “I willingly left and rose above my body 2.5 feet, got scared, and went back into my body.” “Ever since these experiences, I have had many paranormal experiences where I feel like I have been on the cusp of both worlds.” “At the time of my OBE, I did not believe in God. But now I am a spiritual freak, wanting to be as close to God as possible.”"
Cheryl G NDEs 7893 NDE 7893,nderf,data\nderf\04076_cheryl-g-ndes-7893-nde-7893.json,1,not_mentioned,not_mentioned,not_mentioned,spiritual_realm,not_mentioned,not_mentioned,not_mentioned,family_responsibility,no,not_mentioned,,"“I was surrounded by warmth and the most brilliant yet, gentle light...” “I am home!” “Stay with us! Stay with us!” “I knew that I was hovering at the edge of no return. It was entirely up to me.” “I have no intention of abandoning you.”"
Dave M NDE 7853/8135 NDE 8135,nderf,data\nderf\04063_dave-m-nde-7853-8135-nde-8135.json,1,not_mentioned,not_mentioned,not_mentioned,not_mentioned,implied,not_mentioned,not_mentioned,not_your_time,no,not_mentioned,,"'I'm dead.' / A very pleasant woman's voice said 'Yes,' (unseen). / 'Sir, you just had a heart attack and your heart stopped.' / 'Holy crap!' / 'The answer is 100% yes, it does.'"
Muriel N NDE 7852/7606 NDE 7606,nderf,data\nderf\04061_muriel-n-nde-7852-7606-nde-7606.json,1,no,no,not_mentioned,not_mentioned,implied,not_mentioned,no,family_responsibility,yes_explicit,no,Given a mission with battered women (she states she had been abused by her husband).,'What do you want?'
Brian M Probable NDE 7849,nderf,data\nderf\04060_brian-m-probable-nde-7849.json,1,not_mentioned,not_mentioned,not_mentioned,spiritual_realm,not_mentioned,not_mentioned,not_mentioned,not_your_time,no,not_mentioned,,"“My father told me I had to go back.”; “The memory of my 'heaven' experience remains vivid, but without benefit of sense of time.”; “heightened sense of intuition by feeling other people's pain, compassion, and their joy.”"
Lisa S Probable NDE 7837,nderf,data\nderf\04054_lisa-s-probable-nde-7837.json,1,no,no,not_mentioned,not_mentioned,implied,not_mentioned,no,not_your_time,no,no,,'Are you ready to go?' / 'It isn't your time yet.' / 'My energy/soul/self was hurled back into my body.'
Kenneth F NDE 23065,nderf,data\nderf\04046_kenneth-f-nde-23065.json,1,no,no,not_mentioned,not_mentioned,implied,not_mentioned,no,no_reason_given,no,no,,"Doctor slapped his buttocks and said, 'Dirty boy!'; inner warning: 'Be careful! Don't!'"
James Y NDE 8007,nderf,data\nderf\04154_james-y-nde-8007.json,1,not_mentioned,not_mentioned,not_mentioned,spiritual_realm,not_mentioned,not_mentioned,not_mentioned,no_reason_given,not_mentioned,not_mentioned,,"“I started to feel this overwhelming peace; in fact, it was the most peaceful feeling I had ever experienced.” “I could feel unconditional love coming from them. I understood that my home was with them.” “I wanted to go with them, not caring if I died.” “I thought you drowned!”"
Juana dB NDE 7999,nderf,data\nderf\04150_juana-db-nde-7999.json,1,no,no,not_mentioned,spiritual_realm,not_mentioned,not_mentioned,no,no_reason_given,not_mentioned,not_mentioned,,"“Finally I was where I belonged, I was home.” / “Everything was light, there were no shadows.” / “There was no Time.” / “I came back from REALITY, from the place where I belonged.”"
Banu U NDE 7985,nderf,data\nderf\04142_banu-u-nde-7985.json,1,not_mentioned,not_mentioned,not_mentioned,not_mentioned,implied,not_mentioned,not_mentioned,no_reason_given,not_mentioned,not_mentioned,,"""I saw a very deep Black tunnel and there was an incredible light at the end of the tunnel.""; ""I couldn't reach to those people and suddenly felt my soul like it's vacuumed back to my body.""; ""My whole body and my whole soul was in peace and joy."""
Mark Possible NDE 7976,nderf,data\nderf\04137_mark-possible-nde-7976.json,1,no,no,not_mentioned,not_mentioned,implied,not_mentioned,no,family_responsibility,no,no,,"“Fear not, it's not your time.”; “It was a light that was brighter than the sun, and it was in all directions like a blinding ocean of light.”; “It was like two dimensions were merging.”"
Karen R NDE 23117,nderf,data\nderf\04136_karen-r-nde-23117.json,1,not_mentioned,not_mentioned,not_mentioned,not_mentioned,implied,not_mentioned,not_mentioned,family_responsibility,no,no,,"""We are losing her""; ""Gee I can see everywhere""; ""I'm not hungry anymore and the pain is gone!""; ""Please not now, I must stay with my children. There is no one else to care for them.""; ""We almost lost you. Can you remember what you saw?"""
Anabela Maria C NDE 7957,nderf,data\nderf\04125_anabela-maria-c-nde-7957.json,1,not_mentioned,not_mentioned,not_mentioned,spiritual_realm,not_mentioned,not_mentioned,not_mentioned,no_reason_given,not_mentioned,not_mentioned,,"“I felt as if I were at home and that I had been away too long.” / “I was being filled with the love of God, being healed, being fulfilled with peace, happiness, joy, and life.” / “I was very sad to be back. But at the same time I was happy because I knew I had been in heaven.”"
Susan D Probable NDE 7938,nderf,data\nderf\04109_susan-d-probable-nde-7938.json,1,no,no,not_mentioned,not_mentioned,implied,not_mentioned,no,earthly_mission,yes_explicit,no,Told telepathically by God to go back because she had work to do: to lead her mother to salvation and help her; later (during surgery OBE) felt God telling her to go back in because she was meant to go through all this.,“Isn't he wonderful? God has done so much for us!”; God said (telepathically) she “had to go back because I had work to do which was to lead my mother to salvation and to help her.”
Lawrance B NDE 7919,nderf,data\nderf\04103_lawrance-b-nde-7919.json,1,no,no,not_mentioned,not_mentioned,yes_explicit,not_mentioned,no,no_reason_given,no,no,,“I was in this place with fog that wasn't fog. It was almost like the fog itself was light.” / “The light wanted to know if I was ready.” / “The last thing I remember is crossing over and passing the point of no return.” / “I didn't have a body. I simply realized I was conscious.” / “The medics said that I died several times.”
"Suicide is told she has no business trying to ""get in""",iands,data\iands\suicide-is-told-she-has-no-business-trying-to-get-in.json,1,no,no,not_mentioned,spiritual_realm,not_mentioned,not_mentioned,no,other,no,no,,"""without leaving my body, I felt my consciousness move to a particular set of clouds""; ""He was upset and annoyed that I was trying to 'get in'""; ""I had absolutely no right to come there""; ""Then I felt myself 'pushed' back into my body."""
"Suicide attempt NDE followed by increased intuitiveness, etc.",iands,data\iands\suicide-attempt-nde-followed-by-increased-intuitiveness-etc.json,1,no,no,not_mentioned,not_mentioned,implied,not_mentioned,no,other,implied,no,Return to complete what was needed “as a human” in this lifetime.,"“I recall clearly leaving my body, being surrounded by beautiful mystical light, then being in conversation with 3 people. One was my maternal grandmother. It was clear that I was to return to body.”"
Suicidally depressed young woman has NDE during minor surgery,iands,data\iands\suicidally-depressed-young-woman-has-nde-during-minor-surgery.json,1,no,no,not_mentioned,earth,yes_explicit,not_mentioned,no,not_mentioned,no,no,,"""You are a part of everyone and belong here on earth."" / ""Do not judge too quickly how easy you think their lives have been."" / ""You are a spirit having a human experience."""
Still Me,iands,data\iands\still-me.json,1,no,no,not_mentioned,not_mentioned,implied,none,no,no_reason_given,no,no,,"""Huh! Dying's not so bad after all!""; ""It should be mentioned that I was still me.""; ""I never once stopped being me, nor did I lose consciousness. All I really lost was my body."""
Standing in the Greenest Grass,iands,data\iands\standing-in-the-greenest-grass.json,1,not_mentioned,not_mentioned,not_mentioned,not_mentioned,implied,not_mentioned,no,not_your_time,yes_explicit,no,Told to write their experience of life and death so that it may help others.,"""STAND STILL.""; Returning to my body was like ""putting 500 pounds on all at once."""
Spirit Flung Out of Body,iands,data\iands\spirit-flung-out-of-body.json,1,no,no,not_mentioned,not_mentioned,implied,none,no,earthly_mission,implied,no,A 'project experience/future commitment' and continuing to 'serve my commitment' from the night of the accident; no specific task described beyond commitment/service.,"""At that moment my spirit flung out of my body, landing like a child at the chest of a much larger being.""; ""I'm not xxx done yet.""; ""There was no light, just a dark setting and no pain."""
Spinning in the Tunnel,iands,data\iands\spinning-in-the-tunnel.json,1,not_mentioned,not_mentioned,not_mentioned,not_mentioned,implied,not_mentioned,not_mentioned,not_your_time,not_mentioned,not_mentioned,,"“I floated up out of my body toward the ceiling and corner of the room.” “I saw a tunnel and began spinning in the tunnel. It was white all around me.” “I will never forget it and I know for a fact, without a doubt, that my soul or spirit left my body that day.”"
"Spanish Man Pleads to Return, Is Given More Time, and Now Serves Others",iands,data\iands\spanish-man-pleads-to-return-is-given-more-time-and-now-serves-others.json,1,no,no,not_mentioned,spiritual_realm,not_mentioned,not_mentioned,no,family_responsibility,yes_explicit,no,"He was allowed to return on condition that his reason be 'bigger than what you would do here,' that he could tell his wife and 'tell my story to the rest of the world,' and that he was given an 'exact period of time' until a specified day to 'go back home.'","""You are at home and now it is when real life begins."" / ""the body that I had used didn’t belong to me any longer"" / ""Death doesn’t exist"" / ""They are more real than you, more real than everything I experience"""
Destiny C NDE 8087,nderf,data\nderf\04214_destiny-c-nde-8087.json,1,no,no,not_mentioned,not_mentioned,implied,not_mentioned,no,family_responsibility,no,no,,"“It was a distinctive 'pop' that I felt when I left my body.” / “Dammit, that was my best Victoria's Secret bra.” / “no way am I going back into that!” / “Out of my body were pure peace, no pain, and no worries.” / “I did not see the tunnel, lights, or feel a godly presence, but I did have the sense that I would be going to heaven.”"
Tricia B NDE 8086,nderf,data\nderf\04213_tricia-b-nde-8086.json,1,no,no,not_mentioned,not_mentioned,implied,not_mentioned,no,other,implied,no,"She felt the angels wanted her to know ""they could work through me in the future.""","""Watch this!""; ""The first moments outside my body felt exciting and electrifying.""; ""this moment was more real than any waking moment in my lifetime.""; ""love is all that matters.""; ""When I returned to my body, it felt like a dark wind had engulfed me."""
Richy K Probable NDE 8084,nderf,data\nderf\04211_richy-k-probable-nde-8084.json,1,not_mentioned,not_mentioned,not_mentioned,not_mentioned,implied,not_mentioned,not_mentioned,not_mentioned,not_mentioned,not_mentioned,,“I was extremely moved by being in the presence of immense LOVE and PEACE.”
Kohn A NDE 8078,nderf,data\nderf\04209_kohn-a-nde-8078.json,1,no,no,not_mentioned,not_mentioned,implied,none,no,other,implied,no,He said he would 'spend the rest of my life helping others in every way that I can.',"“At this point, I remember saying to myself that I'm dead and asking God please forgive me.”"
Belinda K NDE 8071,nderf,data\nderf\04203_belinda-k-nde-8071.json,1,no,no,not_mentioned,spiritual_realm,not_mentioned,not_mentioned,no,family_responsibility,not_mentioned,no,,"“It started out black and as I went up, it got lighter and lighter.”; “I never felt so much love, and each cell in my body was filled with this wonderful feeling.”; “The Light told me ‘It’s time,’ and I asked, ‘For what?’ The Light answered me, ‘To go back.’”; “I feel like I am not from this earth, and I long to go home.”"
Melissa E FDE 8069 NDE 8069,nderf,data\nderf\04201_melissa-e-fde-8069-nde-8069.json,1,no,no,not_mentioned,spiritual_realm,not_mentioned,not_mentioned,no,not_your_time,not_mentioned,no,,"“Before I hit the car, I was down a tunnel falling, travelling at a great rate of speed. It was pink on the sides of the wall and it looked like it went on forever.”"
Ali A NDE 8066,nderf,data\nderf\04197_ali-a-nde-8066.json,1,not_mentioned,not_mentioned,not_mentioned,not_mentioned,yes_explicit,not_mentioned,not_mentioned,no_reason_given,not_mentioned,not_mentioned,,"“I was sure I had died. I felt it was the end and that this was a one-way trip.” / “Here I am, returning to my body!” / “I wish I had stayed in those lights forever.”"
Marina P NDE-Like Experience 8059 NDE 8059,nderf,data\nderf\04193_marina-p-nde-like-experience-8059-nde-8059.json,1,no,no,not_mentioned,spiritual_realm,not_mentioned,not_mentioned,no,no_reason_given,no,no,,"“All of a sudden, I felt like I had been fired upwards, like a rocket at great speed.” “This world that all we know is like a joke or like something made of plastic compared to the new world where I´ve just arrived.” “There was complete serenity wrapped in a sense of timelessness or eternity.” “Come back...Come back...” “The world I am in now was the dream, the other world from that which I came from, was the Reality.”"
Maria P NDE 8055,nderf,data\nderf\04187_maria-p-nde-8055.json,1,no,no,not_mentioned,spiritual_realm,not_mentioned,not_mentioned,no,not_your_time,no,no,,"“Don't be scared, but something very bad is going to happen to me!”; “George, please do not be scared but I'm leaving!”; “I do not want to leave, I want to stay here with you.”; “But it's not your time!”; “Everything is OK.”"
Brenda C NDE 8050,nderf,data\nderf\04183_brenda-c-nde-8050.json,1,no,no,not_mentioned,not_mentioned,implied,not_mentioned,no,family_responsibility,not_mentioned,not_mentioned,,“The white light of the pure pain caused my soul to step sideways outside of my body. I was in the brightest light that felt like I was in a room made out of light.”
Renata W NDE 7996,nderf,data\nderf\04176_renata-w-nde-7996.json,1,no,no,not_mentioned,not_mentioned,implied,not_mentioned,no,not_your_time,no,no,,"“I was sitting on the header of a metal bed, but as if it were very high, and at one point, was even near the ceiling.” “I saw the limp body, the dead body but also the soul…” “I felt peace and tranquility, as if I were on a cloud.” “Then, I was told that it was not yet my time.” “My heart began to pound again and I was sucked back into the body.”"
Diana H NDE 8034,nderf,data\nderf\04174_diana-h-nde-8034.json,1,no,no,not_mentioned,spiritual_realm,not_mentioned,not_mentioned,no,family_responsibility,yes_explicit,no,She was told (as a thought) that she had to come back and continue to be a mother to her sons.,“we 'will fully know as we are fully known.'” / “they 'lost me for a little while'” / “I felt more alive than I every had felt.” / “Words cannot adequately describe the incredible life and power that I had experienced from being in God's presence.”
Celso NDE 8022,nderf,data\nderf\04165_celso-nde-8022.json,1,no,no,not_mentioned,not_mentioned,implied,not_mentioned,no,no_reason_given,no,no,,"“I was looking down at myself from above!” “At that instant, the notion of time and space vanished.” “There was love, endless love everywhere. The past, present and future together at the same time.” “For them, I just was missing for less than 15 minutes. For me, I spent hours and thousands of miles…”"
Tomasz M NDE 8001,nderf,data\nderf\04164_tomasz-m-nde-8001.json,1,not_mentioned,not_mentioned,not_mentioned,spiritual_realm,not_mentioned,not_mentioned,not_mentioned,not_mentioned,not_mentioned,not_mentioned,,"“I was in a wonderful, extremely bright white light. There was no time or dimension.” / “I belonged to this world…” / “I did not want that. I wanted to stay there…” / “I was and am sure it happened; it was not a dream. It really happened.”"
Raed A NDE 8012,nderf,data\nderf\04159_raed-a-nde-8012.json,1,yes_explicit,no,not_mentioned,not_mentioned,not_mentioned,not_mentioned,not_mentioned,not_mentioned,not_mentioned,not_mentioned,,“I was flying in a lovely white tunnel. I saw all my life from the time I was born in our house up until the time of the accident.”
Davy Z Possible NDE 8004,nderf,data\nderf\04155_davy-z-possible-nde-8004.json,1,not_mentioned,not_mentioned,not_mentioned,not_mentioned,implied,not_mentioned,not_mentioned,other,no,no,,"""YOU, YOU ARE TOO KIND! GO BACK""; ""First of all, Sir, you have to understand that you have been dead and that you are a miracle man""; ""I don't feel good, I'm leaving again""."
Eric M NDE 8177,nderf,data\nderf\04271_eric-m-nde-8177.json,1,implied,no,not_mentioned,not_mentioned,not_mentioned,not_mentioned,no,no_reason_given,implied,no,"He reports a feeling of having ""a mission to accomplish good"" and to ""discard and reject evil or protect yourself against it.""","""My past was scrolling backwards""; ""I had a feeling of plenitude where I didn't sense anything anymore""; ""a long, black tunnel with a luminous point""; ""An intense, white light that was radiating but not blinding. It occupies all space endlessly and in all directions.""; ""I came to a barrier that I was not permitted to cross."""
Mary B Probable NDE 8178,nderf,data\nderf\04269_mary-b-probable-nde-8178.json,1,not_mentioned,not_mentioned,not_mentioned,not_mentioned,implied,not_mentioned,not_mentioned,family_responsibility,no,not_mentioned,,“I was telling God and myself that I still had a purpose on this earth. I was saying that I was not ready to die yet because my children needed their mother and I needed to be there for them.”
Craig P NDE 8172,nderf,data\nderf\04266_craig-p-nde-8172.json,1,not_mentioned,not_mentioned,not_mentioned,not_mentioned,implied,not_mentioned,not_mentioned,no_reason_given,not_mentioned,not_mentioned,,“Be calm. Be kind. Understand everything.”
John Possible NDE 8169,nderf,data\nderf\04264_john-possible-nde-8169.json,1,not_mentioned,not_mentioned,not_mentioned,spiritual_realm,not_mentioned,not_mentioned,not_mentioned,not_mentioned,not_mentioned,not_mentioned,,"""I felt like one of the starlings... they were every living creature including humans.""; ""I thought, 'I am a child of this light'.""; ""We were each other; there was no ground and no air, only space.""; ""I KNOW I will return to the Light."""
Paul G NDE 8159,nderf,data\nderf\04255_paul-g-nde-8159.json,1,no,no,not_mentioned,not_mentioned,yes_explicit,not_mentioned,no,no_reason_given,not_mentioned,no,,"“I grasp unsatisfactorily for hollow words to explain things that I know, I saw, and I felt.” / “Time is back on Earth. There is no time here.” / “It was warm there, if warm can explain it.” / “There was something big, VERY BIG, ahead where everyone there was going to.” / “Here I don’t need hearing or sight, because I know, without the need to focus.”"
Pat S NDE 8157,nderf,data\nderf\04254_pat-s-nde-8157.json,1,no,no,not_mentioned,not_mentioned,implied,not_mentioned,no,not_mentioned,no,no,,“That is when the indescribable feeling of peace came over me.” “I had a feeling of unconditional love and it was if all of a sudden I knew everything.” “We have a date...” “With you? Hell No!”
Alan P NDE 8156,nderf,data\nderf\04253_alan-p-nde-8156.json,1,no,no,not_mentioned,not_mentioned,implied,not_mentioned,no,no_reason_given,no,no,,"“the review of my life was not like watching a movie or video. But rather more like standing in front of a large picture and being able to see the picture as a whole, or being able to move in to study some detail of the picture.”; “I felt like I had just taken off a tight rubber glove from my hand.”; “As soon as I took a breath, I was inside of my body. It felt like a great tightness was now compressing my soul.”"
Alena B NDE 8150,nderf,data\nderf\04252_alena-b-nde-8150.json,1,no,no,not_mentioned,not_mentioned,implied,not_mentioned,no,earthly_mission,implied,no,"Felt she was ""needed for something bigger"" and had a driven, mission-like need to maintain control and avoid going into shock so her body would be taken care of.","“Then all went totally white and I went into the tunnel with the brightest light at the end.” / “All I knew is that I did not want to go to that light. I knew it would be the end of me! It was the point where I would disappear forever.” / “All of the sudden, that pulling force disappeared. Then all I could feel was an eternal peace and love.” / “I felt myself returning into my body very slowly, as if I was filling back into myself.”"
Newt J NDE 8137,nderf,data\nderf\04242_newt-j-nde-8137.json,1,no,no,not_mentioned,spiritual_realm,not_mentioned,not_mentioned,no,other,no,no,,"“I saw a 4WD truck moving fast not three meters away and accepted death, then lost track of identity/time/physical coordinates/thought.”
“Immediately there was relief.”
“There seemed to be a swirling color that was luminous but in an absence of light.”
“I felt enveloped in love, and indistinct from it.”
“That sound was enough for me to reconnect to my identity, though I immediately felt loss for having to leave egoless bliss…”"
Carlos Manuel V NDE 8136,nderf,data\nderf\04241_carlos-manuel-v-nde-8136.json,1,no,no,not_mentioned,not_mentioned,yes_explicit,not_mentioned,no,not_your_time,implied,no,"His father-in-law said, 'I think he also said, ""There is a mission.""' (no further specifics given).","“Carlos, it is not yet time."" / “This place is beautiful and I don't want to go back."" / “Yes, it is beautiful. But it is not yet your time, you have to return."" / “There is a mission."""
Catura J Probable NDE 8116,nderf,data\nderf\04232_catura-j-probable-nde-8116.json,1,no,no,not_mentioned,spiritual_realm,not_mentioned,not_mentioned,no,not_mentioned,implied,no,"In a later scene, the experiencer was with Jesus on a school bus 'travelling to California to go fight forest fires.'","'You're in heaven now, you can do whatever you want.'; 'There aren't really words to describe the feeling other than I didn't have a worry in the world.'"
Mwila G NDE 8119,nderf,data\nderf\04231_mwila-g-nde-8119.json,1,no,no,not_mentioned,not_mentioned,implied,not_mentioned,no,not_mentioned,no,no,,"A voice told me, 'No Germaine that's not what it is, live your own experience'."
Georgina C NDE 8117,nderf,data\nderf\04230_georgina-c-nde-8117.json,1,not_mentioned,not_mentioned,not_mentioned,not_mentioned,implied,not_mentioned,not_mentioned,not_your_time,not_mentioned,not_mentioned,,“I told him that I was looking at a very white light.” / “Do you want to go to the light?” / “I didn't want to go.” / “I saw the doctors as they said there was no pulse.” / “They embraced me and told me it was time to return.”
Valéria ABP NDE 8097,nderf,data\nderf\04229_val-ria-abp-nde-8097.json,1,no,no,not_mentioned,not_mentioned,implied,not_mentioned,no,not_mentioned,no,no,,"'Oh, I'm dying. I am dying'; 'I want my family to know that I'm going in peace.'; 'Take her bag off her lap! Take her bag off her lap!'"
Stefan G Probable NDEs 8105 NDE 8105,nderf,data\nderf\04224_stefan-g-probable-ndes-8105-nde-8105.json,1,no,no,not_mentioned,not_mentioned,implied,none,no,not_mentioned,no,no,,"“Surrounding me was an agreeable brightness that was white but not blinding.”; “Without talking but through 'thought transmission' we all knew immediately what was going happening.”; “Time seems to be different there because- a second can be decades or more.”; “I knew that if I went through the door, I would be dead immediately, but that I would be in heaven.”"
Preeti B NDE 8095,nderf,data\nderf\04219_preeti-b-nde-8095.json,1,not_mentioned,not_mentioned,not_mentioned,not_mentioned,implied,not_mentioned,not_mentioned,no_reason_given,implied,no,"Afterward received a message (via an unknown caller) saying she ""should not leave now as there is a lot of work yet to be done"" and that she was saving many people; later she reports healing her mother-in-law after prayer.","""I felt absolute peace and love as I saw myself lying down on the bed.""; ""It was like floating towards this beautiful white light, but in slow motion.""; ""Suddenly I felt like someone is holding my veil from behind and pulling me backwards.""; ""Later she told me that she was giving me mouth to mouth resuscitation because I had no pulse or heartbeat.""; ""God is within you.""; ""I should not leave now as there is a lot of work yet to be done."""
Quiet and Clarity,iands,data\iands\quiet-and-clarity.json,1,no,no,not_mentioned,not_mentioned,implied,not_mentioned,no,not_your_time,no,no,,"""It's not your time yet - you have to go back.""; ""I would much rather let go. I know I'll be alright.""; ""quiet and clarity""; ""all-knowing"""
"Pregnant woman's appendix bursts, she spends time with God, and her life is changed",iands,data\iands\pregnant-woman-s-appendix-bursts-she-spends-time-with-god-and-her-life-is-changed.json,1,no,no,not_mentioned,not_mentioned,yes_explicit,not_mentioned,no,earthly_mission,yes_explicit,no,"God told her: ""My special purpose was to give love, peace, hope, and acceptance to everyone I encountered.""","God assured her family would ""be fine""; she described God as ""the most natural, perfect, brilliant white"" and her purpose as ""to give love, peace, hope, and acceptance to everyone I encountered."""
"Post-partum emergency, but she's enfolded in peaceful, loving darkness",iands,data\iands\post-partum-emergency-but-she-s-enfolded-in-peaceful-loving-darkness.json,1,no,no,not_mentioned,not_mentioned,implied,not_mentioned,no,family_responsibility,no,no,,"“Space and time, in that moment, ceased to exist.” “I saw no lights and I experienced no visions, but I was letting go into a dark, infinitely peaceful and loving embrace.” “it was like someone had forced my spirit back into my body.”"
Petrified of Death After Dental Appointment,iands,data\iands\petrified-of-death-after-dental-appointment.json,1,no,no,not_mentioned,not_mentioned,implied,not_mentioned,no,other,no,no,,"""There was silence and the most black darkness I had ever seen. Black doesn't describe it. It was devoid of color - not even black. It was just BLANK.""; ""Hurry! Hurry! And tell her no more gas. You won't make it next time.""; ""Being back in my body feels very different now... It's like wearing a costume. An uncomfortable one."""
Sharon M NDEs 8247 NDE 8247,nderf,data\nderf\04315_sharon-m-ndes-8247-nde-8247.json,1,no,no,not_mentioned,not_mentioned,yes_explicit,none,no,not_your_time,yes_explicit,no,Told to return and 'let this man’s wife know that he and his son were together and that he was o.k.',"""I was wrapped or cocooned within what felt like a warm, soft, thick black velvet blanket.""; ""Even though I couldn’t see, I knew that God was with me.""; ""Then suddenly, It felt like a vacuum was sucking me down... back into my body.""; ""I was surrounded by a beautiful rainbow-colored light.""; ""Then, I found myself standing in Heaven.""; ""to read from the Book of Life is a gift."""
Casey W Possible NDE 8228,nderf,data\nderf\04314_casey-w-possible-nde-8228.json,1,no,no,not_mentioned,not_mentioned,implied,not_mentioned,no,not_mentioned,not_mentioned,no,,"“I was floating down a long white corridor like a tunnel.”
“It was so beautiful that our words cannot describe it.”
“I was experiencing complete peace and tranquility with no fear or worry.”
“Then I realized I had no body.”
“Suddenly, my eyes flew opened and a nurses face was right there yelling,'Casey, answer me!'”"
4312 Francisco D NDEs 8241 NDE 8241,nderf,data\nderf\04312_4312-francisco-d-ndes-8241-nde-8241.json,1,no,no,not_mentioned,not_mentioned,implied,not_mentioned,no,not_your_time,no,no,,"""Now I can breathe""; ""Marvelous!""; ""You should now return to my body, or I would never again be able to do so""; ""You should stay with us and stop suffering so"" / ""He has much to live through and he is going to be so happy.""; ""Go where the pink shark is""."
Gerry L Probable NDE 8242,nderf,data\nderf\04310_gerry-l-probable-nde-8242.json,1,no,no,not_mentioned,spiritual_realm,not_mentioned,not_mentioned,no,other,no,no,,"""Dying's too good for you. You have to go back!""; ""Oh my God. We got you back.""; ""The Drug Dealer to the Stars.""; ""space station""; ""1/2 way station between earth and eternity."""
Ruei H NDEs 8208 NDE 8208,nderf,data\nderf\04307_ruei-h-ndes-8208-nde-8208.json,1,no,no,not_mentioned,not_mentioned,implied,not_mentioned,no,no_reason_given,no,no,,"'Hurry up! We will be late.'; 'Come back, Hurry back.'; 'Back to where?'; 'We pulled you back finally,'; 'Follow me!'"
Myrian Probable NDE 8227,nderf,data\nderf\04303_myrian-probable-nde-8227.json,1,not_mentioned,not_mentioned,not_mentioned,not_mentioned,implied,not_mentioned,not_mentioned,not_mentioned,not_mentioned,not_mentioned,,"“My vision was 360 degrees.” “I remember being ashamed because I was naked, but in spirit and without a body.” “The love I felt was so intense that I can never describe it with words.”"
Jeffery C STE 8226 NDE 8226,nderf,data\nderf\04300_jeffery-c-ste-8226-nde-8226.json,1,no,no,not_mentioned,not_mentioned,yes_explicit,not_mentioned,no,earthly_mission,yes_explicit,no,"The Voice warned him to get his life in order and said He had a plan/purpose for him to fulfill; he also says he was shown his future and the purpose for being sent back, but the specific content was forgotten on return.","“I was completely surrounded by blackness… Yet, knew I existed.” “Let me say that again... I KNEW ALL THINGS!” “Let go! Let go!”"
Debra H NDE 8225,nderf,data\nderf\04299_debra-h-nde-8225.json,1,no,no,not_mentioned,not_mentioned,implied,not_mentioned,no,no_reason_given,no,no,,"""And it is ALWAYS there, it is ALWAYS there.""; ""I was loved, adored, and cherished.""; ""Somehow, I knew that I was free of my body."""
Gary R Probable NDE 8217,nderf,data\nderf\04296_gary-r-probable-nde-8217.json,1,no,no,not_mentioned,not_mentioned,implied,not_mentioned,no,not_your_time,no,no,,"“The primary experience was, and still is, very lucid.” “There was never any sense of discomfort or fear.” “The connection felt like hands of Love; soothing me…” “...it just wasn’t quite time. He/it said that I was certainly welcome to come back when time comes.” “The time seems to have been about 10 seconds of ‘real time’ on earth.”"
Kustav K NDE 8216,nderf,data\nderf\04295_kustav-k-nde-8216.json,1,no,no,not_mentioned,not_mentioned,yes_explicit,not_mentioned,no,not_your_time,no,no,,"'Kustav, it is not your time to die! Elmar will be here waiting for you when you get back!'"
Diane W Probable NDE 8201,nderf,data\nderf\04287_diane-w-probable-nde-8201.json,1,no,no,not_mentioned,not_mentioned,yes_explicit,not_mentioned,no,not_mentioned,yes_explicit,no,Felt she was supposed to deliver a message to family: to tell a cousin to forgive and give up anger toward grandmother H because grandmother H is in heaven and reconciled with her daughter.,"“I drifted slowly out of my body to a very cloudy, misty place. I rose slowly, as if I was on an escalator.” “It was so real and was not a dream.” “My grandparents did not have to say a word, I just knew what they were thinking.”"
Ember C Probable NDE 8192,nderf,data\nderf\04278_ember-c-probable-nde-8192.json,1,not_mentioned,not_mentioned,not_mentioned,not_mentioned,implied,not_mentioned,not_mentioned,earthly_mission,yes_explicit,no,"Realized ""I was meant to love"" and ""was to inspire the people I meet with the love.""","""I woke up in a place that felt like Oz."" ""I realized that I was meant to love."" ""I knew in that moment that I was not going to die."" ""I was to inspire the people I meet with the love."""
Diego W NDE 8291,nderf,data\nderf\04342_diego-w-nde-8291.json,1,no,not_mentioned,not_mentioned,not_mentioned,yes_explicit,not_mentioned,not_mentioned,other,not_mentioned,no,,"“Let's go.” / “No! No, you are not dreaming. Look at your family now!” / “None of this is important.” / “It let me know that I could jump over it, but then I could never return.” / “I can't stand this!” … “Yes you can, put up with it!”"
Tom B Probable NDE 16089,nderf,data\nderf\04339_tom-b-probable-nde-16089.json,1,no,no,not_mentioned,spiritual_realm,not_mentioned,not_mentioned,no,no_reason_given,no,no,,"""It looked exactly like the Light that I'd visited in 1970.""; ""Each of the colours seemed to be intelligent, as if they were alive and sending me a loving welcome.""; ""Then I was whisked backwards away just as quickly as I'd arrived."""
Dy-Wen L 16088 NDE 16088,nderf,data\nderf\04335_dy-wen-l-16088-nde-16088.json,1,no,no,not_mentioned,spiritual_realm,not_mentioned,not_mentioned,no,not_mentioned,no,no,,'I was only an atom.'; 'I have a God.'; 'This is my home.'; 'it was like entering into a dense object.'
Jennifer B NDE 8282,nderf,data\nderf\04334_jennifer-b-nde-8282.json,1,no,no,not_mentioned,spiritual_realm,not_mentioned,not_mentioned,no,not_mentioned,not_mentioned,not_mentioned,,"“The experience does not translate into language.” “The biggest feeling was not only of peace, but of completeness, and understanding of everything.” “It was like being a molecule of water in a sea, but you are also the whole sea.” “It was like returning to the source and renewing.” “I blamed her for making me come back.”"
Graça P NDE 8260,nderf,data\nderf\04332_gra-a-p-nde-8260.json,1,no,no,not_mentioned,spiritual_realm,not_mentioned,none,no,earthly_mission,yes_explicit,no,Told: 'You have duties to fulfill!' and 'Your mission has not yet ended!',“Don’t be afraid! We are here to help you!” / “Look! That is where we are going!” / “Stop!” / “You have to go back!... You have duties to fulfill! Your mission has not yet ended!” / “I felt I was 'going back home'.”
Anke E NDE 8276,nderf,data\nderf\04331_anke-e-nde-8276.json,1,no,no,not_mentioned,not_mentioned,implied,not_mentioned,no,other,no,no,,"""Give up! Now you are going to die!""; ""It's okay!""; ""You aren't dead Anke""; ""Now you are allowed to make a DECISION! IT'S YOUR CHOICE. Do you want to return into this/your body, or do you want to tell it good-bye here and now?"""
MD FDE 8253 NDE 8253,nderf,data\nderf\04320_md-fde-8253-nde-8253.json,1,not_mentioned,not_mentioned,not_mentioned,not_mentioned,yes_explicit,not_mentioned,not_mentioned,not_mentioned,not_mentioned,not_mentioned,,"“The moment that I realized that I was absolutely going through that windshield and going to die, I left this plane.”; “I was me but wasn't in my body.”; “I never saw a light or a tunnel.”; “After the FDE I had no fear of death, and still do not.”"
"Sixty years in heaven, thirty minutes earth time",iands,data\iands\sixty-years-in-heaven-thirty-minutes-earth-time.json,1,yes_explicit,no,not_mentioned,not_mentioned,not_mentioned,not_mentioned,not_mentioned,not_your_time,implied,no,Told to return and “start my studies” (reading/downloading scrolls); later made a “deal” that when returning again (after death) they would stay.,“I read and studied there for 60 years!!!” / “there is no such thing as time! Your life is happening all at once” / “I had to squeeze my big expanse back into that tiny body”
"Six-year-old boy, who fell and was in and out of his body, also left his body as an infant.",iands,data\iands\six-year-old-boy-who-fell-and-was-in-and-out-of-his-body-also-left-his-body-as-an-infant.json,1,not_mentioned,not_mentioned,not_mentioned,not_mentioned,implied,not_mentioned,no,not_mentioned,not_mentioned,not_mentioned,,"""I was out of my body before my head hit the icy pavement.""; ""I also felt the love of ten million loving mothers.""; ""All of them are special. One isn't any more loved or special than the other.""; ""I could also very clearly hear and feel what he was thinking and feeling."""
Sister's Prayer,iands,data\iands\sister-s-prayer.json,1,no,no,not_mentioned,not_mentioned,implied,not_mentioned,no,family_responsibility,no,no,,"""If you step over you will not be able to go back.""; ""You have chosen well.""; ""She was praying and I could hear her words, begging God to let me come back""; ""there had been no vapor, no breath at all in the past five minutes."""
Shed Body Like Caterpillar for More Beautiful Form,iands,data\iands\shed-body-like-caterpillar-for-more-beautiful-form.json,1,no,no,not_mentioned,not_mentioned,implied,not_mentioned,no,family_responsibility,no,no,,"""No go back as your Mammy needs you.""; ""Suddenly, I was at the bottom of the swimming pool, looking at the filter.""; ""To me life, as we know it, is like a caterpillar... we shed our earthly bodies and take on a more beautiful form."""
Sees Jesus during bad trip,iands,data\iands\sees-jesus-during-bad-trip.json,1,no,no,not_mentioned,not_mentioned,implied,not_mentioned,no,not_your_time,no,no,,"“all sound was gone”; “almost like I was in some place as if in a tunnel”; “I was looking down at myself through the roof of my apartment”; “transporting spheres, for all the souls that where passing over”; “please don’t take me. I have a family”; “I was on the outside looking in, like at a gate”; “sucked down some pipe or portal back to my living room.”"
Saw great grandparents who passed long before she was born,iands,data\iands\saw-great-grandparents-who-passed-long-before-she-was-born.json,1,no,no,not_mentioned,not_mentioned,implied,not_mentioned,no,no_reason_given,no,no,,“I looked down and saw myself...” “There were lots of people and they were kinda in the shadows with backlighting.” “...then I felt myself being pulled back into my body. I DID NOT WANT TO GO BACK!”
Saved by my beautiful tender soft wise cat,iands,data\iands\saved-by-my-beautiful-tender-soft-wise-cat.json,1,no,no,not_mentioned,not_mentioned,implied,not_mentioned,no,other,no,no,,“The ceiling was coming closer and closer… How could this be?”; “All the sounds became muffled and I felt this intense meditative sense of peace and bliss. I realized I was dying.”; “I ‘swam’ backwards and down and went back inside my body.”; “I saw my grandfather.”; “I saw a vision of myself being wheeled out of the hospital in a wheelchair.”
Russian boy drowns and feels all-consuming love,iands,data\iands\russian-boy-drowns-and-feels-all-consuming-love.json,1,no,no,not_mentioned,not_mentioned,implied,not_mentioned,no,not_your_time,no,no,,"""Now I'll die""; ""Why did I live?""; ""Finally, I died.""; ""It is not yet your time.""; ""Death woke me up, as if I had been sleeping for 11 years of carefree sleep."""
Revelation and Transformation,iands,data\iands\revelation-and-transformation.json,1,no,no,not_mentioned,not_mentioned,implied,none,no,other,yes_explicit,no,"Instructed to write about the experience to share a message of ""love, light and peace"" and told she would help others heal.","""I am not ready to die yet""; ""I knew that I would be healed""; ""I was free and that all would be well""."
Raúl ACG NDE 8353,nderf,data\nderf\04382_ra-l-acg-nde-8353.json,1,no,no,not_mentioned,not_mentioned,yes_explicit,not_mentioned,not_mentioned,family_responsibility,no,not_mentioned,,"“MY GOD, WHAT IF I SHOULD DIE FIGHTING? I JUST ASK GIVE ME STRENGTH FOR MY LITTLE CHILDREN.”; “I came to a definite conscious decision to return to life.”; “I was amazed and astonished as I saw everything happening from this brilliant tunnel. It was a chord that unites my soul with the body.”"
Helen S STE 8347 NDE 8347,nderf,data\nderf\04377_helen-s-ste-8347-nde-8347.json,1,no,no,not_mentioned,not_mentioned,implied,none,no,not_mentioned,no,no,,"“I was enveloped in a love I could not put into words.”; “There was no right or wrong, no good or bad, and no judgment whatsoever.”; “Our ordinary reality is a dream; an illusion that we all participate in.”; “Honey, winning and losing do not matter.”; “I learned one cannot take credit for God.”"
James NDE 8344,nderf,data\nderf\04374_james-nde-8344.json,1,no,not_mentioned,not_mentioned,not_mentioned,yes_explicit,not_mentioned,not_mentioned,not_mentioned,not_mentioned,not_mentioned,,"“I distinctly remember a tremendous jerk within my body.” “And then suddenly, I was outside of my body floating in a semi-conscious state.” “I was unbelievably happy and felt like I was enveloped by a loving presence.” “There was no time, just the experience of the moment with no future or past.” “Quite honestly, I was disappointed because I did not want to leave this place.”"
Heikki A NDE 8337,nderf,data\nderf\04373_heikki-a-nde-8337.json,1,yes_explicit,not_mentioned,not_mentioned,not_mentioned,not_mentioned,not_mentioned,not_mentioned,not_mentioned,no,not_mentioned,,"“I had a strong sensation of a motherly love that had been given to me.” “I also have a lingering memory of a giant, white circle and how my deceased mother and brother were standing behind it. I couldn’t go on the other side of that circle.”"
Laetitia V NDE 8339,nderf,data\nderf\04370_laetitia-v-nde-8339.json,1,no,not_mentioned,not_mentioned,not_mentioned,yes_explicit,not_mentioned,not_mentioned,family_responsibility,yes_explicit,not_mentioned,"The silhouette/being said: ""It's only up to you to change things, you can help many people as your soul is pure. You are needed on earth.""","""I don't want to relive this, life is too hard."" / ""It's only up to you to change things, you can help many people as your soul is pure. You are needed on earth."" / ""It's done. We lost her."" / ""Please doctor, try once more to shock her. She's only 21 years old; she's too young to die."""
Karen H NDE 8336,nderf,data\nderf\04369_karen-h-nde-8336.json,1,no,no,not_mentioned,not_mentioned,yes_explicit,none,no,not_mentioned,no,not_mentioned,,"“I was very far away and in a tunnel that was swirling Darkness.” “Yet, it felt just as it was fit for me.” “The Bible says you go 'through the valley of the shadow of death' and I did.”"
Xue-Mei C NDE 8326,nderf,data\nderf\04367_xue-mei-c-nde-8326.json,1,no,no,not_mentioned,not_mentioned,yes_explicit,not_mentioned,not_mentioned,family_responsibility,not_mentioned,not_mentioned,,"'It is like a glass-door partition between you and the world; you can see everything of the physical world, however people on the other side can't feel your existence.'"
Seth C NDE 8325,nderf,data\nderf\04362_seth-c-nde-8325.json,1,yes_explicit,not_mentioned,not_mentioned,not_mentioned,not_mentioned,not_mentioned,not_mentioned,not_your_time,yes_explicit,no,"Reported: ""Jesus loves us so much he wanted me to tell everyone he loves them""; and ""I know I am supposed to play music for God now""; also described guidance about how to live (help people, spread love, pray, be bold Christians).","""Please don't send me back there!"" / ""No, not yet."" / ""Code 3"" / ""Punch it!"""
Zenaida NDE 8324,nderf,data\nderf\04361_zenaida-nde-8324.json,1,yes_explicit,not_mentioned,not_mentioned,not_mentioned,not_mentioned,not_mentioned,not_mentioned,not_mentioned,not_mentioned,not_mentioned,,"""Love means everything.""; ""I crashed into what felt like a swimming pool filled with love instead of water."""
Shirley D Possible NDE 8322,nderf,data\nderf\04359_shirley-d-possible-nde-8322.json,1,no,not_mentioned,not_mentioned,spiritual_realm,not_mentioned,not_mentioned,not_mentioned,not_your_time,no,no,,"""There was such a peaceful and sweet feeling that I cannot put into words.""; ""They held out their hands and told me to stop and that I couldn't come any closer.""; ""I saw millions of spirits.""; ""Just an exsistance.not a place just different shades of silver and light."""
Beth S Possible NDE 8317,nderf,data\nderf\04357_beth-s-possible-nde-8317.json,1,no,not_mentioned,not_mentioned,not_mentioned,implied,not_mentioned,not_mentioned,family_responsibility,implied,no,"Mother told her it wasn't her time and that her husband and daughter still needed her: ""Ed (my husband) and Kalli (my daughter) still need you, so get your ass out of bed!""","""It was as if no time was going on but everything was happening at once.""; ""It was whiteness, and bright. It was not a light, but all light and bright""; ""Ed (my husband) and Kalli (my daughter) still need you, so get your ass out of bed!"""
Adrian W NDEs 8316 NDE 8316,nderf,data\nderf\04356_adrian-w-ndes-8316-nde-8316.json,1,no,not_mentioned,not_mentioned,not_mentioned,yes_explicit,not_mentioned,not_mentioned,not_your_time,implied,no,"""Your son is not born yet; there are many things to do. You have to go back.""","""Adrian."" / ""Do you know what you have done?"" / ""Is this what you want?"" / ""Don't drink that!"" / ""Adrian, no, that's not water!"" / ""What are you doing here?"" / ""Is not your time. Your son is not born yet; there are many things to do. You have to go back."" / ""We'll see each other, don't worry. Go back"""
Ronald M NDE 8312,nderf,data\nderf\04355_ronald-m-nde-8312.json,1,no,not_mentioned,not_mentioned,not_mentioned,yes_explicit,not_mentioned,no,not_your_time,no,no,,"""Please lord let me make it home.""; ""Now is not your time.""; ""All I felt was pure Love."""
Juan F NDE 8307,nderf,data\nderf\04351_juan-f-nde-8307.json,1,no,not_mentioned,not_mentioned,not_mentioned,implied,not_mentioned,no,not_mentioned,implied,no,Felt he should investigate the subject more and try to discover the meaning of existence.,“I was floating at the front of the classroom a few centimeters above the floor.” / “I saw everyone was around my physical body trying to resuscitate me.” / “I went through the roof and then everything was just light.” / “I came to a barrier that I was not permitted to cross; or was sent back against my will.”
Anthony C Probable NDE 8302,nderf,data\nderf\04348_anthony-c-probable-nde-8302.json,1,yes_explicit,not_mentioned,not_mentioned,not_mentioned,not_mentioned,not_mentioned,not_mentioned,not_mentioned,no,not_mentioned,,"“There was no hearing in the NDE, just a sort of silent passing of knowledge.”; “It seemed there was only bright light in the NDE… rather the NDE was the light.”; “About 20 years of future events seemed to become clear in an instant.”"
Cynthia N Probable NDE 8293,nderf,data\nderf\04343_cynthia-n-probable-nde-8293.json,1,yes_explicit,not_mentioned,not_mentioned,not_mentioned,not_mentioned,none,no,not_your_time,no,not_mentioned,,“One angel came behind me and wrapped their body and wings around me.”
Stephanie J NDE 8428,nderf,data\nderf\04429_stephanie-j-nde-8428.json,1,no,no,not_mentioned,not_mentioned,implied,not_mentioned,not_mentioned,not_mentioned,no,not_mentioned,,"“I was looking down, as if from the ceiling, at the frantic scene going on around my body.”; “My out-of-body perception felt much truer and engaging.”; “The quality of the light seemed quite soft, diffused, and a bit shimmery.”; “It was clear to me that my life that was not ending, only the life of the body on the table. I knew that I would continue to 'be.'”"
Brinton M Probable NDE 8418,nderf,data\nderf\04420_brinton-m-probable-nde-8418.json,1,no,no,not_mentioned,not_mentioned,yes_explicit,not_mentioned,no,other,no,no,,"""I floated up and out of my body to the ceiling.""; ""I rose through the ceiling itself and went into an infinite blackness.""; ""It was devoid of all light whatsoever""; ""I suddenly felt sucked back down into my body as if in a vacuum."""
Victor Philip DP NDE 8417,nderf,data\nderf\04419_victor-philip-dp-nde-8417.json,1,no,no,not_mentioned,not_mentioned,yes_explicit,not_mentioned,no,not_your_time,implied,no,"Told he had ""some more things you have to go and do still"" and that it would be made clear as he went on in life.","“Don't you think you could have done it this way?”; “You have to go back now.”; “There are some more things you have to go and do still, you must go now.”; “It will be made clear to you as you go on in your life.”"
Patrick M NDE 8416,nderf,data\nderf\04418_patrick-m-nde-8416.json,1,no,no,not_mentioned,not_mentioned,implied,not_mentioned,not_mentioned,no_reason_given,no,no,,"“Everything looked like someone turned up the brightness on everything while slowly reducing the definition.”
“Colors were intensely brighter, but everything was less defined.”
“I could see the nurse run in with the adrenaline and inject it into my IV.”
“I was really confused as to where I was when coming to.”
“I knew there was at least SOMETHING after death, even if only briefly.”
“I now can confirm that the body and the soul are completely different things, and that the body is a prison for the soul.”"
Revol B Probable NDE 8413,nderf,data\nderf\04415_revol-b-probable-nde-8413.json,1,yes_explicit,not_mentioned,not_mentioned,not_mentioned,not_mentioned,not_mentioned,not_mentioned,other,implied,no,Knew she should stay to complete something but did not know what it was.,"'If you want to leave, all you have do is open the door and step through. If you want to, you can.'; 'No, I want to stay.'; 'Baby's on the other side think like adults, they can make important decisions.'"
Philip S NDE 8407,nderf,data\nderf\04411_philip-s-nde-8407.json,1,no,no,not_mentioned,not_mentioned,yes_explicit,none,no,not_mentioned,no,not_mentioned,,"“I remember passing out of my body, through a window with a lot of light, and looking down on what was happening.”"
Richard L NDE 8403,nderf,data\nderf\04407_richard-l-nde-8403.json,1,no,not_mentioned,not_mentioned,not_mentioned,yes_explicit,not_mentioned,not_mentioned,not_your_time,no,not_mentioned,,‘It’s not your time!’; ‘Then WHAM! I was back in my body!’
Domz Probable NDE 8397,nderf,data\nderf\04405_domz-probable-nde-8397.json,1,no,not_mentioned,not_mentioned,not_mentioned,implied,not_mentioned,no,earthly_mission,yes_explicit,no,The Being of Light told her it was time to remember because she had a job to do; she later frames this as needing to help heal the world.,"“I am up above everyone watching from the ceiling.” “I was going REALLY, REALLY fast and the noise is so LOUD, sounding like a WHOOSH or a train.” “He told me that its time for me to remember because I have a job to do.” “I won't do it again.”"
Charlie D Probable NDE 23250,nderf,data\nderf\04404_charlie-d-probable-nde-23250.json,1,no,no,not_mentioned,not_mentioned,implied,none,no,no_reason_given,not_mentioned,no,,"""My son you have seen the silver thread of life.""; ""Everything about the universe. We are all connected; In a way we are GOD""; ""WOW, it has made me a better occupant of this body""."
1976 Tang Shan Earthquake 16090 NDE 16090,nderf,data\nderf\04399_1976-tang-shan-earthquake-16090-nde-16090.json,1,not_mentioned,not_mentioned,not_mentioned,not_mentioned,implied,not_mentioned,not_mentioned,not_mentioned,not_mentioned,not_mentioned,,"“My consciousness was vivid. Some happy moments run like a revolving lantern as they flashed back before me. I remember merrily playing with my childhood friends, dating my boyfriend, and getting a merit at work.” / “I noticed there are two “selves,” one is lying on a bed like an empty shell, while the other has a human form in a weightless state as light as air, hovering in space cozily.” / “A wind was fiercely blowing sand around, but I am alone in this solitude. Where should I go? While I am wondering where to go, a dark, black hole emerged. I was not afraid of it and walked into the cavern inside where water splashed in ripples everywhere. Walking endless until it seems to be a light illuminated from afar. I run briskly out of it then see the daylight.” / “Vaguely, I was in another dimension. A man who was in a long, mandarin robe-like jacket walked lamely toward me... He took me into a fathomless, black hole... After we walked out of this black hole, I was in an underground palace that glittered golden.”"
MaErija NDE 8384,nderf,data\nderf\04398_maerija-nde-8384.json,1,yes_explicit,not_mentioned,not_mentioned,not_mentioned,not_mentioned,not_mentioned,no,family_responsibility,yes_explicit,no,"Told to pray more for people needing prayers, especially ""for the innocent children that are killed in the womb""; told she would be ""fine, but different"" and would ""see things than others could not see"" and must be humble and good.","""Please God, don't let me die without having my first communion.""; ""I saw Jesus knocking on her door three times.""; ""My soul was filling into my body again.""; Angel said ""penance"" three times."
James C NDE 8383,nderf,data\nderf\04397_james-c-nde-8383.json,1,no,no,not_mentioned,not_mentioned,implied,none,no,not_your_time,not_mentioned,not_mentioned,,“It’s not time yet.”
Missy M NDE 8380,nderf,data\nderf\04396_missy-m-nde-8380.json,1,no,not_mentioned,not_mentioned,spiritual_realm,not_mentioned,not_mentioned,no,not_your_time,no,not_mentioned,,"“I was standing in a desert-type area that was golden and hazy… standing on the edge of heaven.” “It’s not your time, not yet. You have to go back.” “GOD REALLY IS LOVE.” “There are not words to describe it, only the knowledge of knowing Heaven is real.”"
Dyan K NDE 8362,nderf,data\nderf\04389_dyan-k-nde-8362.json,1,no,not_mentioned,not_mentioned,spiritual_realm,not_mentioned,not_mentioned,not_mentioned,family_responsibility,not_mentioned,not_mentioned,,"""I was in the arms of Father and held with a love that I couldn't comprehend.""; ""Everything seemed to be happening at once; or time stopped or lost all meaning.""; ""It was as if I got a ton of information at once about some flaws I need to correct. I also received a big reminder that Judgment is not mine."""
Marc M Probable NDE 8360,nderf,data\nderf\04387_marc-m-probable-nde-8360.json,1,not_mentioned,not_mentioned,not_mentioned,not_mentioned,implied,not_mentioned,no,other,implied,no,He reports being told (a month later) to 'represent' what he saw; also described a sense of responsibility with knowledge.,“I just got assimilated!”; “Am I dead? … I am dead!”; “This was Creation!”; “It was like I was breaking a barrier coming back into this realm.”; “His presence was incredible!!!”
Heidi C NDE 8354,nderf,data\nderf\04383_heidi-c-nde-8354.json,1,no,no,not_mentioned,spiritual_realm,not_mentioned,not_mentioned,no,not_your_time,no,no,,"""The next thing I know, I woke up in heaven or what I like to call 'home'.""; ""I had no body but I was me.""; ""We were all connected and we were all one.""; ""The messages that I received were that I was unconditionally loved; that everything is always how it’s supposed to be; and that everything would always be alright.""; ""I wanted to stay but I was not given the option to stay."""
No surgeries!,iands,data\iands\no-surgeries.json,1,not_mentioned,not_mentioned,not_mentioned,not_mentioned,implied,not_mentioned,not_mentioned,not_mentioned,not_mentioned,no,,"""I Love You.""; ""I don't need air, water, hot or cold! I am in space and I am at peace""; ""it's a miracle I am alive but they have to amputate my leg""; ""I was a ghost""."
New Zealand man is shown a map of knowledge of everything and remembers some interesting details,iands,data\iands\new-zealand-man-is-shown-a-map-of-knowledge-of-everything-and-remembers-some-interesting-details.json,1,no,no,not_mentioned,not_mentioned,implied,not_mentioned,no,other,no,no,,"“a vast empty, stark, intense black void of endless vivid infinite nothing.” / “what I was seeing was a map of knowledge of everything.” / “Come back!”"
New Zealand girl learns from epilepsy near-deaths,iands,data\iands\new-zealand-girl-learns-from-epilepsy-near-deaths.json,1,no,no,not_mentioned,not_mentioned,implied,none,no,not_your_time,not_mentioned,no,,"“It felt like a physical and spiritual transition where I was approximately 20 feet above everyone in spirit.” / “I felt a force and presence of another spirit urging me to go back to earth, my time was not yet up.” / “He aha te mea nui o te ao? He tangata, he tangata, he tangata – What is the most important thing in this world? The people, the people, the people.”"
New mother feels loved beyond comprehension,iands,data\iands\new-mother-feels-loved-beyond-comprehension.json,1,not_mentioned,not_mentioned,not_mentioned,spiritual_realm,not_mentioned,not_mentioned,no,family_responsibility,implied,no,Shown outcomes depending on returning; “countless lives… touched with this Love if I returned.” Later life described creating a large support community and publishing books about abuse/healing and the NDE.,"“Oh, I'm dying.” / “Loved beyond comprehension.” / “It was as if I 'merged' with the light… we became One, completely.” / Asked to return: “No!” (twice), then after being shown her newborn and outcomes: “Yes.”"
Fawn R Probable NDE 8456,nderf,data\nderf\04449_fawn-r-probable-nde-8456.json,1,implied,not_mentioned,not_mentioned,not_mentioned,not_mentioned,not_mentioned,no,not_mentioned,no,no,,"“I became my thoughts and memories floating in a black void. I had no body.” “The Void has absolutely no sound.” “I was aware of my consciousness rushing at light speed, back into my body and I woke with a start.”"
Robyn C NDE 8454,nderf,data\nderf\04448_robyn-c-nde-8454.json,1,not_mentioned,not_mentioned,not_mentioned,not_mentioned,yes_explicit,not_mentioned,no,no_reason_given,implied,no,She felt she 'have come back for a purpose but not sure what that is' and 'I know my time here isn't up. I am back for a reason.',"“I felt an overwhelming sense of complete bliss and contentment.”; “It was like I was separated into two Beings.”; “As I was nearing the end of the tunnel, I suddenly felt a sucking sensation and felt myself sucked back into my body.”; “It was more real to me than anything before or after.”"
Marica NDE 8453,nderf,data\nderf\04447_marica-nde-8453.json,1,no,no,not_mentioned,spiritual_realm,not_mentioned,not_mentioned,not_mentioned,not_your_time,not_mentioned,not_mentioned,,“It felt like I was being sucked back like in a syringe plunger vacuum.”
Fiona Probable NDE 23260,nderf,data\nderf\04446_fiona-probable-nde-23260.json,1,not_mentioned,not_mentioned,not_mentioned,not_mentioned,implied,not_mentioned,not_mentioned,not_mentioned,no,not_mentioned,,"'Oh that's me.'; 'What is it? What's the matter?' ... 'It's her heart'; 'Please give me something for the pain' ... 'We'll give you something in a moment, love.'"
Jia Ming Possible NDE 16093,nderf,data\nderf\04445_jia-ming-possible-nde-16093.json,1,no,no,not_mentioned,not_mentioned,implied,not_mentioned,no,not_mentioned,not_mentioned,no,,"I thought, 'How come their wings are so hugh with thick feathers?'"
Marina A NDE 8444,nderf,data\nderf\04442_marina-a-nde-8444.json,1,no,no,not_mentioned,not_mentioned,yes_explicit,not_mentioned,not_mentioned,other,no,no,,"“Marina, are you ready to die?” / “No, no. I'm only 16 years old and I still haven't done anything good.”"
Taiwan University Student 16092 NDE 16092,nderf,data\nderf\04440_taiwan-university-student-16092-nde-16092.json,1,no,no,not_mentioned,not_mentioned,yes_explicit,not_mentioned,no,no_reason_given,no,no,,'She is hopeless! hopeless! You want a bet?' ; 'Oh! No! I am that girl...perhaps I am her!'
Francesca Possible NDE 8450,nderf,data\nderf\04439_francesca-possible-nde-8450.json,1,no,no,not_mentioned,not_mentioned,implied,not_mentioned,not_mentioned,not_mentioned,no,not_mentioned,,"“the sheer fear of falling backwards into what felt like pitch black tunnel of jelly, unable to stop the fall.”"
Majid A NDE 8448,nderf,data\nderf\04437_majid-a-nde-8448.json,1,no,no,not_mentioned,not_mentioned,yes_explicit,not_mentioned,no,no_reason_given,no,no,,"“I was floating in the air and saw myself from above lying down on the ground.”; “I had a strange feeling, like I just had been released from a very tight and pressing casting of my body.”; “Since the experience, I have lost the fear of death and will never forget that indescribable feeling at the moment of death.”"
Lonnie C Probable NDE 8445/9037,nderf,data\nderf\04436_lonnie-c-probable-nde-8445-9037.json,1,no,no,not_mentioned,not_mentioned,yes_explicit,not_mentioned,not_mentioned,family_responsibility,no,no,,"“NO! I want to stay with my parents!”; “I could see 360 degrees around me”; “I felt as if I was an adult, not a child when I was making this choice.”"
Taylor NDE 8436,nderf,data\nderf\04433_taylor-nde-8436.json,1,no,not_mentioned,not_mentioned,not_mentioned,implied,not_mentioned,no,family_responsibility,no,no,,"""THIS FEELS SO GOOD. I AM SO HAPPY!""; ""I was alone, with the urge to go forward. But I couldn't go forward.""; ""I wasn't in a body, but was just floating or suspended.""; ""The colors, the imagery, there are no English words for it."""
Paige R Possible NDE 8434,nderf,data\nderf\04431_paige-r-possible-nde-8434.json,1,no,no,not_mentioned,not_mentioned,yes_explicit,not_mentioned,not_mentioned,no_reason_given,no,no,,"""It felt like I was floating in the ocean with nothing around for as far as I could see."" ""I saw myself floating while illuminated by that light."" ""I felt something grab the front of my shirt and pull me up fast."""
Ryan M NDE 8528,nderf,data\nderf\04490_ryan-m-nde-8528.json,1,no,no,not_mentioned,not_mentioned,implied,none,no,not_mentioned,no,not_mentioned,,"“My vision started to go black, like ink blots dropped on my field of vision.” “I was swirling and rising in the dark.” “It was my own body that was dying and seizing.” “I flew into my body. At this moment, I snapped awake and jumped to my feet.” “There was only darkness… only pure void all around me.”"
Rene K NDE 8521,nderf,data\nderf\04487_rene-k-nde-8521.json,1,no,no,not_mentioned,not_mentioned,yes_explicit,none,no,earthly_mission,yes_explicit,no,"He was shown a 'movie' of what would not happen if he died: giving lectures to health professionals/at college, writing reports, helping sick people perceive 'new medicine', dealing with pharma-lobby problems in court, and eventually dying naturally at old age; he concluded, 'All this has to happen. I have to go back.'","""*Whoosh* I was outside of my body.""; ""I only wanted to die. I wanted to leave my body.""; ""I had a feeling that I didn't belong here.""; ""now I would see a movie""; ""All this has to happen. I have to go back can't stay anymore.""; ""PLEASE HELP ME!""; ""Everything was fuzzy, soft, warm, and fluffy; like cotton wool and clouds."""
Linda A NDE 8509,nderf,data\nderf\04480_linda-a-nde-8509.json,1,no,no,not_mentioned,not_mentioned,yes_explicit,not_mentioned,no,family_responsibility,no,no,,"'I was up against the ceiling in this huge workout room. I wasn't in my body. I describe it as a vapor of me.'; 'I knew I was dead and I DID NOT WANT TO GO BACK.'; 'Suddenly, it was like I was falling down a black tunnel.'; 'I was so happy, I was so happy.'"
Andrew Y NDE 8501,nderf,data\nderf\04475_andrew-y-nde-8501.json,1,no,no,not_mentioned,not_mentioned,yes_explicit,not_mentioned,no,not_your_time,no,no,,“The whole atmosphere around me was bathed in a purplish light.” “Then I started moving into a dark tunnel… hundreds of people along the sides of the tunnel… shouting at me to go back… it was not my time.” “I heard/felt a loud POP and I was back in my body.”
Martha A Probable NDE 8486,nderf,data\nderf\04465_martha-a-probable-nde-8486.json,1,no,not_mentioned,not_mentioned,spiritual_realm,not_mentioned,not_mentioned,no,no_reason_given,implied,no,,"“All of a sudden, I was in a fantastic city.”; “Around me was a strong light which didn't tired my eyes.”; “I was so happy! I felt so fulfilled that I wanted to stay there forever.”; “I saw total blackness.”; “It is not possible to convey it with words.”"
Billy E NDE 8478,nderf,data\nderf\04461_billy-e-nde-8478.json,1,no,not_mentioned,not_mentioned,not_mentioned,implied,not_mentioned,no,other,implied,no,"Felt a purpose/calling: ""I just knew I had a reason to be here.""","“Suddenly, I found myself looking down onto my body.”; “Must be my diabetes, I must be going low.”; “I cannot ‘float’ upwards anymore. I should head back down and go back into my body.”; “I just knew I had a reason to be here.”; “I can see future events sometimes; rarely.”"
Anthony C NDE 8476,nderf,data\nderf\04459_anthony-c-nde-8476.json,1,no,no,not_mentioned,not_mentioned,yes_explicit,not_mentioned,no,not_mentioned,implied,no,"He reports ""the sense that I was sent back for a purpose"" but says he is not sure what it is.","""It was a feeling of complete peace unlike anything felt before or since.""; ""I testified that they moved my body and the judge asked me how I knew this. In a matter of fact way, I told him I watched them do it.""; ""I came to a barrier that I was not permitted to cross; or was sent back against my will."""
Gabriela L Possible NDE 8471,nderf,data\nderf\04456_gabriela-l-possible-nde-8471.json,1,no,no,not_mentioned,not_mentioned,implied,none,no,not_mentioned,no,not_mentioned,,"“It was as I were standing on the bed, but I was levitating above my body.”; “I immediately felt normal, at peace and was calm.”; “Even the pains that I had felt during the whole situation had suddenly disappeared, as if I was one hundred percent healthy.”; “That nothing you could have possibly done matters when you're about to die. There's no such things as regrets, it doesn't even matter all you have accomplished or all you own.”"
Adoración NDE 8459,nderf,data\nderf\04451_adoraci-n-nde-8459.json,1,no,no,not_mentioned,not_mentioned,yes_explicit,not_mentioned,no,not_your_time,not_mentioned,no,,"“Get up, it isn't your time!”; “The immense love and peace that exists. There is no worry or pain and everything is good.”"
Perfect Love,iands,data\iands\perfect-love.json,1,no,no,not_mentioned,not_mentioned,implied,not_mentioned,no,family_responsibility,no,no,,"""I experienced such peace of mind and perfect love, unconditional love. I cannot describe it with mere words.""; ""Believe me there is another reality. Make no mistake about life after death."""
Peaceful Blue Light Shining from Heaven,iands,data\iands\peaceful-blue-light-shining-from-heaven.json,1,no,no,not_mentioned,not_mentioned,yes_explicit,not_mentioned,no,family_responsibility,not_mentioned,no,,"""I experienced bliss and peace in this velvety black night. There was a soft blue illumination.""; ""That body is still viable... I get to decide to stay or go back.""; ""God said, 'Go back'""; EMT: ""I saw this peaceful blue light shining down from heaven just on you... it was the very presence of God.""; Friend: ""I know you died."""
Out of Body Ecstasy,iands,data\iands\out-of-body-ecstasy.json,1,no,no,not_mentioned,not_mentioned,implied,not_mentioned,no,no_reason_given,no,no,,"""Everything is all right.""; ""Imagine being inside a light bulb, and yet the brightness doesn’t hurt your eyes""; ""I instantaneously slip through my chest and I feel my soul disperse throughout my entire body."""
Our True Home,iands,data\iands\our-true-home.json,1,not_mentioned,not_mentioned,not_mentioned,spiritual_realm,not_mentioned,not_mentioned,not_mentioned,not_your_time,not_mentioned,not_mentioned,,"“Time is just an illusion created by humanity; it simply does not exist. From the other side you can travel to any period in time as easily as crossing the street.”; “Once you crossed over into the white tunnel there was no going back.”; “I have no fear of death. Death is not the end, only a transition to our true home.”"
Original Contract was Complete,iands,data\iands\original-contract-was-complete.json,1,implied,not_mentioned,not_mentioned,not_mentioned,not_mentioned,not_mentioned,no,other,not_mentioned,not_mentioned,,"I was told that my original ""contract"" was complete, but that I could choose to stay longer for more spiritual growth, if I wanted to."
OOB following suffocation (in German),iands,data\iands\oob-following-suffocation-in-german.json,1,not_mentioned,not_mentioned,not_mentioned,not_mentioned,implied,not_mentioned,not_mentioned,other,not_mentioned,no,,"“Das war es jetzt! ….. Gib auf! Jetzt stirbst du!”; “Es ist ok!”; “Du bist nicht tot Anke!”; “Du darfst jetzt eine ENTSCHEIDUNG treffen… möchtest du… zurückkehren, oder… lebe wohl sagen?”"
"Nurse, dead for 20 minutes, sees God but can't enter",iands,data\iands\nurse-dead-for-20-minutes-sees-god-but-can-t-enter.json,1,no,no,not_mentioned,spiritual_realm,not_mentioned,not_mentioned,no,not_your_time,no,no,,"""No tunnel of light or anything."" ""Somehow I knew it was God."" ""Everyone spoke, but it was almost like telepathy."" ""She said I was pronounced dead about 20 minutes ago."" ""It was VERY REAL, very vivid and beyond wonderful!!"""
Oscar NDE 8568,nderf,data\nderf\04520_oscar-nde-8568.json,1,no,no,not_mentioned,not_mentioned,yes_explicit,not_mentioned,no,not_mentioned,no,no,,“I was watching everything calmly. I never saw a light or a tunnel.”
Fatma A Possible NDE 8560,nderf,data\nderf\04516_fatma-a-possible-nde-8560.json,1,no,no,not_mentioned,spiritual_realm,not_mentioned,not_mentioned,no,family_responsibility,no,no,,“I am Allah's Angel and I have been sent to take your soul because you are dead now.” / “You cannot leave this garden. This garden is your place and you have to stay here until Judgment Day.” / “This is my home.”
Paige V NDE 8557,nderf,data\nderf\04513_paige-v-nde-8557.json,1,no,no,not_mentioned,not_mentioned,yes_explicit,not_mentioned,no,not_your_time,no,not_mentioned,,"""Not yet.""; ""I was sucked backward into a gray tunnel.""; ""I felt incredibly peaceful and calm; it was the most wonderful feeling I've ever experienced.""; ""I woke up in my body unable to physically see for awhile until I literally drank in oxygen."""
Evelyn D NDE 8556,nderf,data\nderf\04512_evelyn-d-nde-8556.json,1,no,not_mentioned,not_mentioned,not_mentioned,yes_explicit,not_mentioned,no,not_your_time,yes_explicit,no,"""It is not your time yet. You're going to have to go back."" and ""You still have things to do."" plus ""You will see my face among the Grieved.""","""It is not your time yet. You're going to have to go back.""; ""You still have things to do.""; ""You will see my face among the Grieved.""; ""Coming back into my body was horrible."""
Brian H STE 8554 NDE 8554,nderf,data\nderf\04510_brian-h-ste-8554-nde-8554.json,1,not_mentioned,not_mentioned,not_mentioned,not_mentioned,implied,not_mentioned,no,family_responsibility,implied,no,Told he was doing important work and part of the Creator's plan; instructed after return to help grandparents (wash everyone's clothes) and to keep a positive frame of mind and speak politely despite negativity.,"“You're not going to need that tonight.” “I have a small gift for you tonight.” “It's not a dream hon...” “Your not dreaming, and when I put you back you will know it's not a dream.” “You can't go there!”"
Nasreen NDE 8544,nderf,data\nderf\04507_nasreen-nde-8544.json,1,no,not_mentioned,not_mentioned,spiritual_realm,not_mentioned,not_mentioned,not_mentioned,not_mentioned,no,no,,“Don’t worry; I am protecting you.”
James R NDE 8545,nderf,data\nderf\04506_james-r-nde-8545.json,1,yes_explicit,not_mentioned,not_mentioned,not_mentioned,not_mentioned,not_mentioned,not_mentioned,not_mentioned,not_mentioned,not_mentioned,,"""You're all right, I like you.""; ""I found myself suspended on my back with my arms and legs crossed as if I were lying in a coffin.""; ""I did not hear through my ears, it was through my body."""
Michael L NDE 8543,nderf,data\nderf\04505_michael-l-nde-8543.json,1,not_mentioned,not_mentioned,not_mentioned,not_mentioned,yes_explicit,not_mentioned,not_mentioned,earthly_mission,implied,not_mentioned,"He felt he had a ""special purpose"" for being alive and that it was vitally important not to let the cord break.","“I suddenly 'woke up' floating on the ceiling and was looking down.”
“...the thin, glowing, silver 'cord' leading from my solar plexus down to the body on the table.”
“I had the strong sense that if I was to turn around and look up I would not be able to go back into my body again.”
“In the instant just before I returned to my body, I felt like I knew everything about everything...”"
Steve B Probable NDE 8539,nderf,data\nderf\04501_steve-b-probable-nde-8539.json,1,not_mentioned,not_mentioned,not_mentioned,not_mentioned,yes_explicit,not_mentioned,not_mentioned,not_mentioned,no,no,,"""black box""; ""a vertical line of bright, white light"" that ""started to open, as a door would."""
Stefania S NDE 8530,nderf,data\nderf\04500_stefania-s-nde-8530.json,1,no,not_mentioned,not_mentioned,not_mentioned,yes_explicit,not_mentioned,not_mentioned,other,implied,no,Strong desire to be of service to others; also reported knowing she had to return to face her fears.,"""I floated without weight or physicality."" ""I was enveloped in a soft celestial light, very rarefied."" ""I knew with all my being that I was in a dimension outside of time and space."" ""Why are they persisting so much? What is their problem? I am fine where I am."""
Robert S NDE 8536,nderf,data\nderf\04498_robert-s-nde-8536.json,1,no,no,not_mentioned,not_mentioned,yes_explicit,not_mentioned,no,not_your_time,no,not_mentioned,,"""This is not so bad!""; ""I was pulled into and part-way through a tunnel where I was surrounded by a brilliant yellowish-white light.""; ""I was only thoughts.""; ""It was not my time to leave.""; ""We all need to slow down and embrace mindfulness."""
Victor R NDE 8534,nderf,data\nderf\04497_victor-r-nde-8534.json,1,no,no,not_mentioned,not_mentioned,yes_explicit,not_mentioned,no,not_mentioned,no,not_mentioned,,"“Everything will be all right, relax.”"
Maggie S NDE 8532,nderf,data\nderf\04495_maggie-s-nde-8532.json,1,no,no,not_mentioned,not_mentioned,yes_explicit,not_mentioned,no,not_your_time,yes_explicit,no,She reports being sent back to 'rescue children that needed help' and to 'help people close to death pass over easily.',“I am floating above my body and my heart had stopped.” “I do not want to go back in that body.” “It is not your time yet. You have to go back. You have unfinished business.”
Theodor W NDE 8531,nderf,data\nderf\04494_theodor-w-nde-8531.json,1,no,no,not_mentioned,not_mentioned,yes_explicit,not_mentioned,no,earthly_mission,yes_explicit,no,"He was told he could not enter yet and should 'try for a while to give this feeling of unrestricted, unconditional love to my fellow human beings in earthly life.' He also said he was told he could not speak directly to anyone about his experiences.","“I suddenly hovered over my body and saw the situation from a bird's eye view.” “I am your chosen guardian angel.” “I could not enter yet.” “try for a while to give this feeling of unrestricted, unconditional love to my fellow human beings in earthly life.”"
Carlos C NDE 8526,nderf,data\nderf\04492_carlos-c-nde-8526.json,1,not_mentioned,not_mentioned,not_mentioned,spiritual_realm,not_mentioned,not_mentioned,not_mentioned,not_mentioned,not_mentioned,not_mentioned,,"""It was like a brilliant golden egg that was expanding, creating a tunnel of light."""
Anonza Probable NDE 8529,nderf,data\nderf\04491_anonza-probable-nde-8529.json,1,no,no,not_mentioned,not_mentioned,yes_explicit,none,no,no_reason_given,no,no,,"“It tugged at my flying spirit.” / “I remember how unhappy I was to be back, for many years afterwards.” / “I could not wait for that to happen again.”"
"Mumbai woman has allergic reaction and heads up, only to come back down",iands,data\iands\mumbai-woman-has-allergic-reaction-and-heads-up-only-to-come-back-down.json,1,no,no,not_mentioned,spiritual_realm,not_mentioned,not_mentioned,no,not_your_time,no,no,,"""I was moving from a black hole""; ""inside a womb like a baby""; ""I was not in a body form. I was more like a cell.""; ""telling me to go back as it was not my time yet""; ""death is beautiful and it should not be dreaded.""; ""please take me, I want to go back up"""
David S NDE 8637,nderf,data\nderf\04557_david-s-nde-8637.json,1,no,not_mentioned,not_mentioned,not_mentioned,implied,not_mentioned,not_mentioned,not_mentioned,no,not_mentioned,,"“I was above and looking down at myself on the stretcher.”; “She told me that whatever was going to be, that I wouldn’t go through it alone because she was going to be there with me.”"
Michiel W NDE 8635,nderf,data\nderf\04556_michiel-w-nde-8635.json,1,no,no,not_mentioned,not_mentioned,implied,not_mentioned,no,not_mentioned,no,no,,"God: 'Do you want to live or die?' Experiencer: 'There are still some things I want to do, I want to live.' God: 'Don’t worry, everything will be OK.'"
Michael B NDE 8631,nderf,data\nderf\04553_michael-b-nde-8631.json,1,no,no,not_mentioned,not_mentioned,yes_explicit,not_mentioned,no,no_reason_given,no,no,,"""I was in a black void. There I experienced no time, no pain, and no nothing.""; ""What's next? Why am I here?""; ""I wake up everyday from sleep thinking that I should not be here.""; ""I have regrets about coming back to life."""
Sanaz G NDE 8628,nderf,data\nderf\04552_sanaz-g-nde-8628.json,1,yes_explicit,no,not_mentioned,not_mentioned,not_mentioned,not_mentioned,no,not_mentioned,no,not_mentioned,,"“The light looked as usual, but this time it was alive.” “Time completely stops.” “I have come to believe that we are always living in Eternity.”"
Ruth P Possible NDE 8623,nderf,data\nderf\04548_ruth-p-possible-nde-8623.json,1,no,no,not_mentioned,not_mentioned,yes_explicit,not_mentioned,not_mentioned,not_mentioned,no,no,,“I was looking down at the bed from a corner of the room.” “I saw my body as a 'thing' in the bed and not important.” “I could hear a baby crying… my baby screaming and unattended.”
Maria C NDE 16097,nderf,data\nderf\04543_maria-c-nde-16097.json,1,no,no,not_mentioned,not_mentioned,implied,not_mentioned,no,no_reason_given,no,no,,"""I was near the top of the ceiling, looking at myself below.""; ""I heard a voice that telepathically told me to be calm, that I would return, and that everything was fine.""; ""I saw myself surrounded in brilliant, golden light which didn't sting my eyes.""; ""I heard music... I did not recognize a single note.""; ""Everybody seemed deformed, hideous, and all grotesquely disfigured."""
Tina W NDE 8608,nderf,data\nderf\04539_tina-w-nde-8608.json,1,no,no,not_mentioned,not_mentioned,yes_explicit,not_mentioned,not_mentioned,not_mentioned,no,no,,“Where is this place?”; “The light was brighter than the sunlight but I could watch it directly with my eyes.”; “My soul left my body and I felt peaceful and without pain.”
Mache G NDE 8606,nderf,data\nderf\04538_mache-g-nde-8606.json,1,no,no,not_mentioned,not_mentioned,implied,not_mentioned,no,no_reason_given,no,no,,"“Time wrapped in on itself. There was no past, present, or future as we see it here. Everything happened now and all at one time.”"
Van S NDE 8600,nderf,data\nderf\04534_van-s-nde-8600.json,1,yes_explicit,not_mentioned,not_mentioned,not_mentioned,not_mentioned,not_mentioned,not_mentioned,not_mentioned,not_mentioned,not_mentioned,,"""I was traveling at very high speed through a dark tunnel.""; ""large vaulted room with rays of light with golden specks""; ""I was led to a figure sitting on a stone... an elevated throne with steps leading up to it.""; ""I went from feeling light and in no pain to feeling heavy and in intense pain."""
Sharon T NDE 8597,nderf,data\nderf\04532_sharon-t-nde-8597.json,1,no,no,not_mentioned,not_mentioned,yes_explicit,none,no,not_mentioned,no,no,,"'Close your eyes and it will go by faster.'; 'I had left my body and was looking at Sharon.'; 'There was no panic, no fear... Everything was very calm.'; 'Your eyes were open the entire time while you were unconscious.'"
Charles T NDE 8594,nderf,data\nderf\04530_charles-t-nde-8594.json,1,no,not_mentioned,not_mentioned,spiritual_realm,not_mentioned,not_mentioned,no,not_your_time,no,not_mentioned,,“It is not your time.” / “I told you that your time is not yet come.” / “You KNOW you are home there and you KNOW everything is as it should be.”
Jeet P NDE 8587,nderf,data\nderf\04527_jeet-p-nde-8587.json,1,no,no,not_mentioned,not_mentioned,implied,not_mentioned,not_mentioned,not_mentioned,no,no,,"""I saw that I was on top of my body, some 2 meters up on the back of the bed."" ""I felt very peaceful and with no pain."" ""The sight of my physical body felt unnatural."" ""Experience was definitely real."""
Isabel B Probable NDE 8585,nderf,data\nderf\04526_isabel-b-probable-nde-8585.json,1,no,no,not_mentioned,not_mentioned,yes_explicit,none,no,not_mentioned,no,no,,“I found myself at the hospital and watched the whole team of doctors and nurses around me. I heard the beep of the devices.” / “I remember perfectly having seen a tunnel with the bright white light that was far away and at the end.” / “I was moving at a high speed. I was light as I flew.” / “I put my hands under my body and was clinging to something and I stopped suddenly. At this moment I woke up.”
Stephanie B Possible NDE 8433,nderf,data\nderf\04522_stephanie-b-possible-nde-8433.json,1,yes_explicit,not_mentioned,not_mentioned,not_mentioned,not_mentioned,not_mentioned,not_mentioned,not_mentioned,implied,no,"She reported being given a chance to live 'for a reason' and wanting to help others (e.g., those suffering from depression, fear, or uncertainty).",“I felt like I felt everything in the universe at once.” “I am still adjusting to my new reality.” “He told me I was part of the 'world family' and that he was honored to help.” “It seemed as if I was creating time based on my own observations and responses.” “There was a time just before the accident where I thought I had driven into heaven.” “we're going to save your life today”.
Debra P Probable NDE 8573,nderf,data\nderf\04521_debra-p-probable-nde-8573.json,1,yes_explicit,not_mentioned,not_mentioned,not_mentioned,not_mentioned,not_mentioned,not_mentioned,not_mentioned,not_mentioned,not_mentioned,,"“I was not in my body as they rolled me into surgery.” “The next thing I knew, I found myself in a waiting room.” “I felt the words, 'go back.'” “I was looking down on my body, fully aware that I was an orb.” “I felt a whoosh and found myself gliding under the bed coming up through my chest while gasping for air.” “There is nothing to fear from death, fear itself is the monster.” “We are all timeless beings of light, but only a few of us know how to glow.”"
Hanle P FDE 8668 NDE 8668,nderf,data\nderf\04576_hanle-p-fde-8668-nde-8668.json,1,no,no,not_mentioned,not_mentioned,yes_explicit,not_mentioned,no,not_mentioned,no,not_mentioned,,"“I was in a very warm, lovely place. I felt like I was held and safe.”
“Very far away in the distance, I could hear someone screaming and screaming.”
“Apparently my uncle went in the water and got me out of the sea. They told me that I was the one screaming.”
“Recalling it, I realized that my being or my essence left my body. The body was screaming for help, but that which I really am was perfectly safe.”
“The result has been that death is something I look forward to. I have no fear of death.”
“Don't you know where I am now that this cannot hurt me?”
“It was as if everything, and I mean EVERYTHING, was Love.”"
Samieh Y NDE 8664/8558,nderf,data\nderf\04575_samieh-y-nde-8664-8558.json,1,no,no,not_mentioned,not_mentioned,implied,not_mentioned,no,not_mentioned,no,no,,“I was standing on nothing.” “I saw a bright light at the end of this place… The light was very pleasant and I stopped worrying about where I was or what was going to happen.”
Jenny L NDE 8651,nderf,data\nderf\04566_jenny-l-nde-8651.json,1,no,no,not_mentioned,not_mentioned,implied,not_mentioned,not_mentioned,not_mentioned,no,no,,“I was up in the top corner of the bathroom looking down on myself lying on the bathroom floor.”
Jean C Probable NDE 8649,nderf,data\nderf\04565_jean-c-probable-nde-8649.json,1,no,no,not_mentioned,not_mentioned,yes_explicit,not_mentioned,no,not_mentioned,no,no,,"“I became a point in the middle of the universe. I had no body anymore…”; “I felt that I would be reborn, like a child that is coming out of the womb…”; “I was in symbiosis with universe.”"
Jo H NDE 8648,nderf,data\nderf\04562_jo-h-nde-8648.json,1,no,not_mentioned,not_mentioned,spiritual_realm,not_mentioned,not_mentioned,not_mentioned,not_mentioned,yes_explicit,no,"She reports a duty/purpose to share her story to inspire others, serve others, and help people reconnect with their true selves/source.","“This is it, I am dying!”; “Jo you are going to be fine, trust me. This has to happen now. You are going to be fine.”; “Stay child”; “It was complete and utter bliss and there was nothing but love around me, I was floating…”"
Manuel M NDE 8647,nderf,data\nderf\04560_manuel-m-nde-8647.json,1,no,no,not_mentioned,not_mentioned,implied,not_mentioned,no,family_responsibility,implied,no,"Returned with awareness of having ""a job to do for or with"" his 1.5-year-old granddaughter; later framed as focusing on ""God's project"" and his mission within it.","""I was just a point of consciousness.""; ""Everything that I describe above happened at once""; ""I knew that I was dying, but it was my choice to die or not to die.""; ""I felt that everything was in perfect order"""
Never Wanted to Leave,iands,data\iands\never-wanted-to-leave.json,1,no,no,not_mentioned,not_mentioned,implied,none,no,no_reason_given,no,no,,"""Imagine the most wonderful feeling you have ever had and multiply that times millions."" / ""It was so perfect; I never wanted to leave this place."" / ""Suddenly I was in darkness and yelling 'no!!!!'"""
Never Wanted to Leave the Presence,iands,data\iands\never-wanted-to-leave-the-presence.json,1,no,no,not_mentioned,spiritual_realm,not_mentioned,not_mentioned,no,not_mentioned,no,not_mentioned,,"“I don't remember the crash, just darkness. It was not a malevolent darkness.” / “I felt as if I was transcending time and space.” / “The only human emotion I could feel was pure, unrelenting, unconditional love.” / “I felt the presence of angels… joyous souls… a hundred lifetimes worth of knowledge about our divinity… I knew I was in the presence of God. I never wanted to leave, never.”"
"Near-drowning at age 8 leads man to future encounters, learning loving kindness",iands,data\iands\near-drowning-at-age-8-leads-man-to-future-encounters-learning-loving-kindness.json,1,no,no,not_mentioned,not_mentioned,implied,not_mentioned,no,earthly_mission,yes_explicit,no,"""You have an important purpose to fulfill in this life."" (Purpose not disclosed; later concludes purpose is to be loving and kind.)","“He’s adorable, can we keep him?” … God: “No!” / “You have an important purpose to fulfill in this life.” / “Don’t breathe!” / “What would you like to know?” / “How do you feel about the person that tried to kill you?” … “I forgive him.” / “That’s why I am forgiving you and you will go to heaven.”"
NDE in Pre-Term Labor,iands,data\iands\nde-in-pre-term-labor.json,1,no,no,not_mentioned,not_mentioned,yes_explicit,not_mentioned,no,family_responsibility,no,no,,"""blinked into the void""; ""I knew I existed in only pure consciousness.""; ""Are you ready?""; ""Are you very certain that you are ready to go?""; ""Within the span of a single heart beat... I was back in my body."""
My Post Military Suicide Attempt - Spirals of Pain Turn to Spirals of Joy,iands,data\iands\my-post-military-suicide-attempt-spirals-of-pain-turn-to-spirals-of-joy.json,1,no,no,not_mentioned,not_mentioned,implied,not_mentioned,no,no_reason_given,not_mentioned,no,,"“There was this feeling of falling and spinning backwards in a never ending black space.”; “there was absolutely no sense of time or self--it simply happened.”; “I felt the pain of every single victim.”; “pure, and bright white glow.”; “feelings of unwavering and eternal love towards me from a being above me.”; “I feel that words for it simply do not exist.”"
My Mother and Sister Picked Flowers for Me,iands,data\iands\my-mother-and-sister-picked-flowers-for-me.json,1,no,no,not_mentioned,spiritual_realm,not_mentioned,none,no,not_your_time,not_mentioned,no,,"""Go back! Go back!""; ""I felt that my life had a particular purpose""; ""how clearer the world seemed after my experience""; ""meant to to be here on this Earth."""
My Grandmother's Prayers Saved Me,iands,data\iands\my-grandmother-s-prayers-saved-me.json,1,no,no,not_mentioned,not_mentioned,implied,none,no,family_responsibility,no,no,,"""you are suffering too much down there that I thought you deserved a break from the chaos. Look at what’s going on.""; ""let’s take a walk, meet some people.""; ""it is time for you to go back, I promise you will be back soon. I’ll watch over you. That is a promise""; ""I am answering your grandmothers’ prayers"""
My daughter brought special sweetness,iands,data\iands\my-daughter-brought-special-sweetness.json,1,no,no,not_mentioned,not_mentioned,implied,not_mentioned,no,family_responsibility,no,no,,"""Get the specialist.""; ""We are going to give you a blood transfusion.""; ""I have a daughter to raise"""
My Beloved Sandy,iands,data\iands\my-beloved-sandy.json,1,no,no,not_mentioned,not_mentioned,yes_explicit,not_mentioned,no,no_reason_given,no,no,,"""I became aware of having a visual perspective of being behind the 'medical people,' looking over their shoulders""; ""At that moment I realized I had no body""; ""a tiny pinprick of intense white light""; ""She was surrounded by energy... a translucent pink""; ""I came back and I saw Sandy. Where is my cord?"""
My Awakening With The Angels,iands,data\iands\my-awakening-with-the-angels.json,1,no,no,not_mentioned,spiritual_realm,not_mentioned,not_mentioned,no,family_responsibility,no,no,,"“In an instant the most beautiful Beings of Light surrounded me. The pain was gone.” / “We talked telepathically--- no words were needed.” / “In this space there was no sense of time.” / “That is your choice. Right now, whether you live or go is up to you.”"
Laurence B NDE 8718,nderf,data\nderf\04610_laurence-b-nde-8718.json,1,no,not_mentioned,not_mentioned,not_mentioned,yes_explicit,not_mentioned,not_mentioned,other,implied,no,He reported a strong knowing that he could help others connect with the love/benevolence and heal them (including healing through touch).,"""You have to go back, your Father wants you to stay."""
Muhammad RA 8713 NDE 8713,nderf,data\nderf\04608_muhammad-ra-8713-nde-8713.json,1,no,no,not_mentioned,not_mentioned,yes_explicit,not_mentioned,not_mentioned,no_reason_given,no,no,,"“Suddenly, I found myself floating in the sky and could see from above, all the students moving around.”"
Dave B FDE 23327 NDE 23327,nderf,data\nderf\04603_dave-b-fde-23327-nde-23327.json,1,not_mentioned,not_mentioned,not_mentioned,not_mentioned,yes_explicit,not_mentioned,not_mentioned,not_mentioned,not_mentioned,not_mentioned,,"“Suddenly, I was watching my body from the perspective of my right side, about 5 feet away and just below normal viewing height.”"
Meghan NDE 8704,nderf,data\nderf\04602_meghan-nde-8704.json,1,no,no,not_mentioned,not_mentioned,yes_explicit,not_mentioned,not_mentioned,not_mentioned,no,not_mentioned,,"""PUT ME BACK TO SLEEP, PUT ME BACK TO SLEEP!""; ""It felt like someone had grabbed me by the shoulders and slammed me down onto the table."""
Jack J NDE 8702,nderf,data\nderf\04600_jack-j-nde-8702.json,1,no,no,not_mentioned,not_mentioned,yes_explicit,not_mentioned,not_mentioned,not_mentioned,no,no,,Heard mother say: 'Something is wrong.' and 'Something's wrong with Jack. I am going to see what's going on.'
Charles K NDE 8699,nderf,data\nderf\04599_charles-k-nde-8699.json,1,no,no,not_mentioned,not_mentioned,yes_explicit,not_mentioned,no,family_responsibility,no,no,,"'Oh S#IT, I'm dead.'; 'No, I can't go yet.'; 'In a flash, I dove back into my body.'; 'This was the most convincing reality.'; 'No one will ever convince me that this wasn't real.'"
Edward C NDE 8698,nderf,data\nderf\04598_edward-c-nde-8698.json,1,no,no,not_mentioned,not_mentioned,implied,not_mentioned,no,not_mentioned,no,no,,"""The afterlife is SO REAL that it makes this world seem fake.""; ""The light was literally made of LOVE.""; ""The light was 10,000 times brighter than the sun, yet I could look straight at it."""
Lyle H NDE 8681,nderf,data\nderf\04588_lyle-h-nde-8681.json,1,no,no,not_mentioned,not_mentioned,yes_explicit,not_mentioned,not_mentioned,no_reason_given,no,no,,"“Seconds later, I was floating in the corner of the bathroom.”; “I remember I could hear her words but her mouth was not moving.”; “With a whoosh, I felt my self being shoved back into my body.”; “It was as if I could see sound with my eyes.”"
Lauren J NDE 8680,nderf,data\nderf\04587_lauren-j-nde-8680.json,1,no,not_mentioned,not_mentioned,not_mentioned,yes_explicit,not_mentioned,not_mentioned,not_mentioned,no,no,,"""Total calm. Total oneness. Total peace.""; ""I was ripped back from the oneness into the pain and confusion of living.""; ""That experience was more real to me than what anyone said was happening in the hospital."""
James G Probable NDE 8679,nderf,data\nderf\04586_james-g-probable-nde-8679.json,1,no,not_mentioned,not_mentioned,not_mentioned,yes_explicit,not_mentioned,no,no_reason_given,no,no,,"“I can't breath, don't let me die.” / “Don't let me die!” / “Did I just die? Is this the Afterlife? Where is this? Is this all there is when we die - nothingness?” / “I accomplished nothing.”"
Chad B Probable NDE 8678,nderf,data\nderf\04585_chad-b-probable-nde-8678.json,1,no,no,not_mentioned,spiritual_realm,not_mentioned,not_mentioned,no,not_your_time,no,no,,"""Ok Chad, it is time for you to go now. It is time for you to wake."" / ""Why are you waking me? I am not ready to go. I don't want to go back!"" / ""It was as if LOVE and PEACE was all around me in the room I was in."""
Christine S NDE 8677,nderf,data\nderf\04584_christine-s-nde-8677.json,1,no,no,not_mentioned,not_mentioned,yes_explicit,not_mentioned,no,no_reason_given,no,not_mentioned,,“What am I doing on the floor?”
Michael M NDE 8673,nderf,data\nderf\04582_michael-m-nde-8673.json,1,no,no,not_mentioned,not_mentioned,implied,not_mentioned,no,no_reason_given,no,no,,'The most telling thing for me is that nothing changed with me when I was out of my body. I was the same then as I now am. I didn’t feel one bit different.'; 'Dying brains don’t watch the road and buildings from the passenger seat; they don’t watch people working on your body; and they don’t have conversations with invisible men.'
Rebecca R NDE 8670,nderf,data\nderf\04580_rebecca-r-nde-8670.json,1,no,no,not_mentioned,not_mentioned,yes_explicit,none,no,not_mentioned,no,not_mentioned,,"“No! that would never be asked of your parents.”; “Take the person that you love the most in all the world and magnify that love times a million.”; “I am no longer afraid of death. In fact, I embrace it and can't wait to go home!”"
Maria L NDE 8669,nderf,data\nderf\04578_maria-l-nde-8669.json,1,no,no,not_mentioned,not_mentioned,yes_explicit,not_mentioned,not_mentioned,family_responsibility,not_mentioned,not_mentioned,,"“I found myself up on the ceiling of the theatre. I saw my body sleeping.”
“the suffering had evaporated, and a feeling of infinite peace enveloped me.”
“Although I didn't speak English, I knew perfectly well what was happening.”
“I firmly believe that our consciousness never dies, just that we separate ourselves from our body in something we call death.”"
Jystrup F Possible NDE 8663,nderf,data\nderf\04577_jystrup-f-possible-nde-8663.json,1,no,no,not_mentioned,not_mentioned,implied,not_mentioned,no,not_mentioned,no,no,,"“I rushed at a terrible speed up through a lot of white ceilings.” “Suddenly, I was still. I could see the planet earth far below with a blue corona.” “It was made of light with a little corona around it. My whole body consisted of white light.”"
Man under anesthesia experiences cosmic unity consciousness,iands,data\iands\man-under-anesthesia-experiences-cosmic-unity-consciousness.json,1,no,no,not_mentioned,spiritual_realm,not_mentioned,not_mentioned,no,not_your_time,no,no,,"“Limitless undying love, which shines around me like a million suns, and calls me on and on across the Universe.” / “I think I just had a religious experience.”"
"Man thinks he's going to hell, but Jesus takes his sins away",iands,data\iands\man-thinks-he-s-going-to-hell-but-jesus-takes-his-sins-away.json,1,no,no,not_mentioned,not_mentioned,yes_explicit,not_mentioned,no,family_responsibility,no,no,,"""Good choice."" / ""Last chance."" / ""Dying was not painful. It felt like a giant bubble-wrap popping in your chest."" / ""Being reborn into my body was extremely painful and beautiful."""
Man's NDE at work allows him to help his mother cross over,iands,data\iands\man-s-nde-at-work-allows-him-to-help-his-mother-cross-over.json,1,not_mentioned,not_mentioned,not_mentioned,not_mentioned,implied,not_mentioned,not_mentioned,earthly_mission,yes_explicit,no,It was communicated in pure thought that he was supposed to become a 'writer'.,"""It was like falling through the floor and suddenly landing in God's hand.""; ""I will heal thee.""; ""I immediately 'knew' that if I crossed it, I would never be coming back.""; ""Leave me ALONE! I want to STAY!!!""; ""These things don't happen to people like you."""
Man’s heart stops and he learns to ride light waves through the universe,iands,data\iands\man-s-heart-stops-and-he-learns-to-ride-light-waves-through-the-universe.json,1,no,no,not_mentioned,not_mentioned,implied,not_mentioned,no,other,no,no,,"“No, this shouldn't have happened to you.” / “You are going to breathe life into yourself even though you are dead.” / “What... What? Whose house is this?”"
Man returns from brain surgery to raise as-yet unborn son,iands,data\iands\man-returns-from-brain-surgery-to-raise-as-yet-unborn-son.json,1,implied,not_mentioned,not_mentioned,not_mentioned,not_mentioned,not_mentioned,not_mentioned,family_responsibility,yes_explicit,not_mentioned,He needed to decide whether to return to raise his son who had not yet been born (born November 1999).,“I didn’t go through the tunnel. I didn’t head toward the light. My first recollection was that I was already there.”
Man is shocked out of his body on research vessel and returns after watching his mates,iands,data\iands\man-is-shocked-out-of-his-body-on-research-vessel-and-returns-after-watching-his-mates.json,1,no,no,not_mentioned,not_mentioned,implied,not_mentioned,no,family_responsibility,no,no,,"“I immediately found myself out of my body.” “I was above the trailer, as though it had no ceiling…” “But I wasn't breathing and there wasn't any sense of a heartbeat.” “I knew without knowing that I could leave at that moment.” “I was lighter than air—there was no sensation of weight or gravity.” “When I knew that, I was filled with compassion… and when I thought those thoughts, I swooped back down and into my body.”"
Bart A NDE 8770,nderf,data\nderf\04642_bart-a-nde-8770.json,1,no,no,not_mentioned,not_mentioned,yes_explicit,not_mentioned,not_mentioned,no_reason_given,not_mentioned,not_mentioned,,“I did not want him to save me. I wanted to stay in the peaceful place.”
Bernard J NDE 8765,nderf,data\nderf\04638_bernard-j-nde-8765.json,1,no,not_mentioned,not_mentioned,not_mentioned,yes_explicit,not_mentioned,not_mentioned,not_mentioned,not_mentioned,not_mentioned,,"""It was like I was just a presence."" ""No words can accurately describe the beauty it held."" ""Being back in my body felt painful, disgusting and awkward."" ""I knew I had died and I was seeing heaven."""
Sybille K Probable NDE 8762,nderf,data\nderf\04637_sybille-k-probable-nde-8762.json,1,no,not_mentioned,not_mentioned,spiritual_realm,not_mentioned,not_mentioned,no,not_mentioned,not_mentioned,not_mentioned,,"""I'm delivering myself to God's arms.""; ""Everything was timeless.""; ""Everything was hyper-real and more real than my physical existence.""; ""I knew, here is my real home.""; ""We have been, still are one big family of light.""; ""It was similar to being in a very fast elevator crashing."""
Carla J Probable NDE 8754,nderf,data\nderf\04632_carla-j-probable-nde-8754.json,1,no,no,not_mentioned,spiritual_realm,not_mentioned,not_mentioned,no,not_your_time,no,no,,'You should have seen the colors!'
Stanley S NDE 8753,nderf,data\nderf\04631_stanley-s-nde-8753.json,1,no,no,not_mentioned,not_mentioned,yes_explicit,none,no,earthly_mission,not_mentioned,no,,"""Please kick me into my body, there's something else I need to do.""; ""Finite thought can't explain the infinite.""; ""Giving into the blackness was the key to crossing to the light."""
Julie VP NDE 8747,nderf,data\nderf\04626_julie-vp-nde-8747.json,1,no,no,not_mentioned,not_mentioned,yes_explicit,not_mentioned,no,family_responsibility,not_mentioned,not_mentioned,,"“So, this is what death is like. It's not so serious. In fact, it doesn't hurt.”; “There really are no words to describe something which is solely based upon sensations.”"
Tomasz S NDE 8742,nderf,data\nderf\04625_tomasz-s-nde-8742.json,1,not_mentioned,not_mentioned,not_mentioned,not_mentioned,implied,not_mentioned,not_mentioned,not_mentioned,no,no,,“The entire space above the operating room was filled with strange light and warmth.”
Jonathan S Possible NDE 8737,nderf,data\nderf\04621_jonathan-s-possible-nde-8737.json,1,no,not_mentioned,not_mentioned,spiritual_realm,not_mentioned,not_mentioned,not_mentioned,not_mentioned,not_mentioned,not_mentioned,,"“This world had many colors, and everything was so bright.” “I was able to see myself from every angle.” “They were like interdimensional doors to other places.” “In an instant, it took me to somewhere.” “a unique type of giant temple that was so big that the people looked like ants.”"
Jordan M NDE 23344,nderf,data\nderf\04618_jordan-m-nde-23344.json,1,no,no,not_mentioned,not_mentioned,implied,not_mentioned,no,no_reason_given,no,no,,"“Then I was out and it was all black. The next moment of consciousness, I was looking at the scene from above.” / “I was perfectly fine, in no pain or anything whatsoever.” / “When we looked into the shallow pool… We saw the operating room.” / “I felt myself being pulled towards the pool, head first.” / “Then, I was back in my body. I was in EXCRUCIATING pain.”"
Siri K NDE 8728,nderf,data\nderf\04615_siri-k-nde-8728.json,1,no,no,not_mentioned,spiritual_realm,not_mentioned,not_mentioned,not_mentioned,not_mentioned,not_mentioned,not_mentioned,,"“There was nothing but love and light.”
“Time had stopped.”
“it was somewhere I had never been before, but I felt so at home.”
“there was this laughter. Shared joy, love and openness. No actual 'voice'”"
Serena NDE 8772,nderf,data\nderf\04644_serena-nde-8772.json,1,no,no,not_mentioned,not_mentioned,implied,not_mentioned,no,not_mentioned,no,no,,"“It is not like they show it in the movies, it is more yellowish, bright and beautiful.”"
"Man dies four times during heart procedure, but doctor ""told"" to keep trying to resuscitate him",iands,data\iands\man-dies-four-times-during-heart-procedure-but-doctor-told-to-keep-trying-to-resuscitate-him.json,1,no,no,not_mentioned,spiritual_realm,not_mentioned,none,no,earthly_mission,yes_explicit,no,"Told he had not completed his earthly task and had to return with knowledge/instruction; later frames it as a ""mission"" / ""God-Job"" including spreading love and helping others feel good about themselves; instructed to read, be observant, live to keep the spirit close, and be alert for messages delivered in diverse ways; some instruction would be ""sealed"" and released later.","""Fall forward and come to me.""; ""I'm dead and not seeing the white lights, I must be going to hell.""; ""keep working we are sending him back.""; ""it was not my time to remain in heaven, I had not completed my earthy task and I had to return""; ""I now have direction, a mission, a God-Job to do."""
Male sexual abuse survivor's NDE results in increased psychic abilities,iands,data\iands\male-sexual-abuse-survivor-s-nde-results-in-increased-psychic-abilities.json,1,not_mentioned,not_mentioned,not_mentioned,not_mentioned,implied,not_mentioned,not_mentioned,no_reason_given,not_mentioned,not_mentioned,,"“I was then out of my body, on my knees, looking at my body lying on the mattress.” “then I shot up like a rocket into the light which was yellow and I felt supreme love and joy.” “I was losing all sense of self and that was a little bit unnerving.” “Then I slammed back down into my body in an instant and took a huge gasp of air because I hadn't been breathing.”"
Love will Happen Today,iands,data\iands\love-will-happen-today.json,1,no,no,not_mentioned,spiritual_realm,not_mentioned,not_mentioned,no,not_mentioned,not_mentioned,not_mentioned,,"""I went into complete darkness."" ""It was velvet dark""; ""how peaceful, warm, protected, pain free, and most of all emotional pain did not exist."" ""I learned what most NDErs learn. All that matters when we cross over is: Did we love and how did we treat people?"""
Locked inside a freezer,iands,data\iands\locked-inside-a-freezer.json,1,not_mentioned,not_mentioned,not_mentioned,not_mentioned,implied,not_mentioned,not_mentioned,not_mentioned,not_mentioned,not_mentioned,,"Father: ""Where is Jane?"" Mother: ""Outside playing."" Experiencer: ""Please find me."""
Living Water,iands,data\iands\living-water.json,1,no,no,not_mentioned,not_mentioned,implied,not_mentioned,no,not_your_time,no,no,,"“Everything will be okay.” “It seemed that I was sucked along a tunnel, rushing past stars.” “a place so beautiful that no words can describe it.” “it all seemed so real, even more real than this life we live here.” “it was not my time yet.”"
Lift Up Your Head,iands,data\iands\lift-up-your-head.json,1,no,no,not_mentioned,not_mentioned,implied,not_mentioned,no,earthly_mission,implied,no,"""No! You have purpose.""","""It's a lady in the car and she's dead."" / ""No! You have purpose."" / ""Lift up your head!"" / ""God is in the car with me."""
Life Review: Exchanging Loving Kindness with All,iands,data\iands\life-review-exchanging-loving-kindness-with-all-02.json,1,no,no,not_mentioned,spiritual_realm,not_mentioned,not_mentioned,no,earthly_mission,yes_explicit,not_mentioned,"""You contracted in to help others and the children, and get your PhD.""","""I relaxed, and all of a sudden, I was on the ceiling.""; ""Oh, I’m going home today.""; ""You are only here for a little while; you can’t stay. You contracted in to help others and the children, and get your PhD.""; ""There won’t be any surgery; light and vibration will heal their organs.""; ""We lost the young mom today.""; ""I have a pulse!"""
Let Me Stay,iands,data\iands\let-me-stay.json,1,no,no,not_mentioned,not_mentioned,implied,not_mentioned,no,not_your_time,no,no,,"""Let me stay."" ""You are not ready yet. You must go back."" ""What am I?"" ""Oh, I am me!"""
Mother believed stabbed son was dying but chaplain didn't,iands,data\iands\mother-believed-stabbed-son-was-dying-but-chaplain-didn-t.json,1,no,no,not_mentioned,spiritual_realm,not_mentioned,not_mentioned,no,not_mentioned,not_mentioned,not_mentioned,,“I was going down a tunnel with the most incredibly beautiful light pulling me up towards it.” “I had the sense of unconditional love.” “I did not want to come back. I wanted to go home to the light.”
"Mommy, why didn't you keep me?",iands,data\iands\mommy-why-didn-t-you-keep-me.json,1,not_mentioned,not_mentioned,not_mentioned,not_mentioned,implied,not_mentioned,not_mentioned,other,implied,no,Told she must 'change' how she treats people; she promised to change and said she would get re-baptized.,"""Mommy, why didn't you keep me?""; ""Mommy, you treat people mean and have to care about what they think.""; ""THE HEAT, THE HEAT, ITS TOO HOT!!!!""; ""SEND BACK"""
Miss Where I Was,iands,data\iands\miss-where-i-was.json,1,not_mentioned,not_mentioned,not_mentioned,spiritual_realm,not_mentioned,not_mentioned,not_mentioned,family_responsibility,no,no,,"""like at hyper speed each and every thing that I had done, said, thought, or not done--but should have--played through""; ""I was terrified that I was going to hell.""; ""You can see everything at the same time; there is no field of vision.""; ""I was warm, loved, peaceful, and perfect""; ""when I do it was going to hurt like hell. It did.""; ""To this day I don't fear death and miss where I was."""
Meeting My Guide,iands,data\iands\meeting-my-guide.json,1,no,no,not_mentioned,not_mentioned,yes_explicit,not_mentioned,no,no_reason_given,no,no,,"""...and get it right this time.""; ""What in hell did you do that for?"""
"Mature gentleman begins to slip away, but returns for wife",iands,data\iands\mature-gentleman-begins-to-slip-away-but-returns-for-wife.json,1,no,no,not_mentioned,spiritual_realm,not_mentioned,not_mentioned,no,family_responsibility,not_mentioned,no,,"""We will never end,"" ""Oh no, you're not leaving me."" ""That's a little something extra from me."" ""After almost 8 years, I still feel a joy that is beyond words."""
Massive Infinite Entity,iands,data\iands\massive-infinite-entity.json,1,not_mentioned,not_mentioned,not_mentioned,not_mentioned,implied,not_mentioned,not_mentioned,family_responsibility,not_mentioned,not_mentioned,,"“a massive, infinite entity that encompassed all of the galaxies, all of space” ; “all of the dark matter and dark energy in the whole of the void was God.” ; “it knew everything about me as if it had built me cell by cell.” ; “we are all floating around in a gas… Where we are going, there is no gas and everything is crystal clear, like diamonds.”"
Man with childhood NDE is further activated by NDEs in his 60's,iands,data\iands\man-with-childhood-nde-is-further-activated-by-ndes-in-his-60-s.json,1,not_mentioned,not_mentioned,not_mentioned,not_mentioned,implied,not_mentioned,not_mentioned,not_mentioned,not_mentioned,not_mentioned,,"""Stop it""; ""Son, those are your guardian angels and they are here waiting on your command. Guard your words carefully. They will do what you speak into existence.""; ""That is the soup of souls.""; ""It was called the canvas of life and everything ever created was on the canvas.""; ""I was so excited and happy when I awoke in the hospital. ... I had no words."""
Ana Carolina T NDE 8902,nderf,data\nderf\04712_ana-carolina-t-nde-8902.json,1,no,not_mentioned,not_mentioned,not_mentioned,yes_explicit,not_mentioned,not_mentioned,other,not_mentioned,not_mentioned,,"“My eyes are open and I’m looking at the nurse.”; “I felt my spirit shift back, as if my face was a mask.”; “I knew that I wasn’t supposed to be there.”"
Yi-Ming NDE 16104,nderf,data\nderf\04711_yi-ming-nde-16104.json,1,not_mentioned,not_mentioned,not_mentioned,not_mentioned,implied,not_mentioned,not_mentioned,no_reason_given,not_mentioned,not_mentioned,,"""It seemed like I was engulfed and flying in a black hole.""; ""there were pictures appeared in front of me from my adulthood to childhood and it sped up fast""; ""Finally, I reached to the universe where there are galaxies and unknown stars.""; ""I could hear people’s thoughts from far away.""; ""two human-shaped silhouettes""; ""He is responding, he is back."""
Travis S NDE 8896,nderf,data\nderf\04706_travis-s-nde-8896.json,1,no,no,not_mentioned,not_mentioned,implied,not_mentioned,not_mentioned,not_mentioned,no,not_mentioned,,“LIVE! Just keep fighting!”
Fleur I NDE 8894,nderf,data\nderf\04704_fleur-i-nde-8894.json,1,no,no,not_mentioned,not_mentioned,yes_explicit,not_mentioned,no,no_reason_given,not_mentioned,not_mentioned,,“I was in a darkness [that] kept getting darker.” “I was in the nothing and yet I was in everything.” “It was like an endless wall that I could not go through or over.” “I was sucked back into my body.”
Rev. Larry A NDE 16103,nderf,data\nderf\04700_rev-larry-a-nde-16103.json,1,no,no,not_mentioned,not_mentioned,yes_explicit,not_mentioned,no,earthly_mission,implied,no,Heard: “It’s not your time yet. You have more to do.”,“It’s not your time yet. You have more to do.” / “This is going to really hurt”.
Eva V NDE 8878,nderf,data\nderf\04696_eva-v-nde-8878.json,1,no,no,not_mentioned,not_mentioned,yes_explicit,not_mentioned,not_mentioned,no_reason_given,not_mentioned,not_mentioned,,'I'm dying'; 'everything was white and bathed in a soft light'; 'In my ears I heard a noise similar to the noise when you dive under water.'
Frédéric R NDE 8874,nderf,data\nderf\04695_fr-d-ric-r-nde-8874.json,1,no,no,not_mentioned,not_mentioned,implied,none,no,other,no,no,,'God is calling you.'; 'HE IS'.
Maria W Probable NDE 8872,nderf,data\nderf\04690_maria-w-probable-nde-8872.json,1,no,not_mentioned,not_mentioned,not_mentioned,yes_explicit,not_mentioned,no,family_responsibility,no,not_mentioned,,Telepathic message from deceased father: 'Your daughter needs you!'
Chenguan NDE 16101,nderf,data\nderf\04688_chenguan-nde-16101.json,1,no,no,not_mentioned,not_mentioned,yes_explicit,none,no,family_responsibility,no,no,,"""Instantly, I was split into two.""; ""I was covered with a shield of bright light""; ""I was shapeless, but I still could sense, hear, smell, and touch.""; ""We are losing her. Have her family come.""; ""I don’t want to go back!"""
Chen C NDE 16100,nderf,data\nderf\04684_chen-c-nde-16100.json,1,no,no,not_mentioned,not_mentioned,implied,none,no,not_your_time,no,no,,"“diiiiiiiii”; “a very bright beam of light coming down from the above”; “a bright, glaring tunnel… made of multi-colors and was spiral”; “I felt time ceased”; “it wasn’t my time yet”; “I am no longer afraid of death.”"
Perry D NDE 8849,nderf,data\nderf\04678_perry-d-nde-8849.json,1,no,no,not_mentioned,not_mentioned,yes_explicit,not_mentioned,not_mentioned,family_responsibility,no,not_mentioned,,"“I remember having the perception of seeing in 360-degrees, a a bit like the eyes of a fly.”"
Bonnie J Probable NDE 8836,nderf,data\nderf\04672_bonnie-j-probable-nde-8836.json,1,yes_explicit,not_mentioned,not_mentioned,not_mentioned,not_mentioned,not_mentioned,not_mentioned,not_mentioned,not_mentioned,not_mentioned,,"""Earth time + oxygen = memories.""; ""No, this is a cleansing pool where negativity in thoughts are purified.""; ""Love is our only workable glue."""
Michael C Probable NDE 8806,nderf,data\nderf\04662_michael-c-probable-nde-8806.json,1,no,no,not_mentioned,not_mentioned,yes_explicit,not_mentioned,no,no_reason_given,no,no,,"“the next nanosecond, I was looking down at our room from the corner of the ceiling.” “I was not full size, but was a speck while looking down on the room, a bit like through fish-eye lens today.” “I was whooooosh back into my body.” “It may have been a dream but it was so real and so vivid that I have never felt it was.”"
Andrea D Probable NDE 8802,nderf,data\nderf\04660_andrea-d-probable-nde-8802.json,1,no,no,not_mentioned,not_mentioned,implied,not_mentioned,no,not_mentioned,not_mentioned,no,,"“I remember the incredibly clear, vivid, detailed, and focused view of the hair, spread out in a radial pattern and bobbing up and down, almost as if I saw each strand individually one by one.”"
Françoise E NDE 8799,nderf,data\nderf\04659_fran-oise-e-nde-8799.json,1,no,no,not_mentioned,not_mentioned,yes_explicit,not_mentioned,no,earthly_mission,implied,no,Her father told her she still had to experience something on Earth and had not finished her path on Earth.,"“My daddy… took my arm and told me that this place is not my place, that I still have to experience something on earth.”"
Claudine NDE 8798,nderf,data\nderf\04657_claudine-nde-8798.json,1,no,not_mentioned,not_mentioned,not_mentioned,yes_explicit,none,no,not_mentioned,no,not_mentioned,,"“I was in outer space.” “I didn't have an identity or body at all... there wasn't even a sense of an 'I'.” “Oh yes, in that place there are things call 'Identity' and 'Addresses'.”"
Anonymous NDE 16112,nderf,data\nderf\04754_anonymous-nde-16112.json,1,no,no,not_mentioned,not_mentioned,yes_explicit,not_mentioned,no,other,implied,no,"Implied unfinished tasks: ""lots of things to do""; shown ""things I still need to accomplish.""","""You should not come here. You still have lots of things to do."""
Canon C NDE 16110,nderf,data\nderf\04752_canon-c-nde-16110.json,1,no,no,not_mentioned,not_mentioned,yes_explicit,not_mentioned,no,not_your_time,no,no,,"“I was gone for less than a minute.” “I was lifted from my physical body and up through a tunnel.” “No words were spoken, but I knew that I had a choice that had no wrong decision.” “Like a flash of light, I woke up to see my mother crying by my bedside.” “It was not my time to leave.”"
Brom W NDE 8957,nderf,data\nderf\04749_brom-w-nde-8957.json,1,no,not_mentioned,not_mentioned,not_mentioned,implied,not_mentioned,no,other,yes_explicit,not_mentioned,Purpose was to 'help ease suffering to the best of my ability and be a teacher.',"“I became fully engulfed in heavenly light while being propelled forward.” “I clearly heard the loud sound of rushing wind.” “The light was the space and animated it.” “Light, love and god are all the same thing; accessible and free.” “I knew that complete understanding was within the light but I didn't have time to access it.”"
Alfred A NDE 8950,nderf,data\nderf\04746_alfred-a-nde-8950.json,1,no,not_mentioned,chose_mission,not_mentioned,not_mentioned,not_mentioned,no,not_mentioned,yes_explicit,yes_explicit,Jesus communicated “in my mind” two future-oriented directives/predictions: (1) “I would find my spiritual master”; (2) “reach the goal of spiritual effort otherwise known as ‘self-fulfillment.’”,“I was literally ejected out of my body.”; “Seeing was a pleasurable experience because everything was seen and perceived through consciousness.”; “the forward speed increased like going into hyperdrive.”; “He was ‘talking to me in my mind’”
Theresa C NDE 8951,nderf,data\nderf\04745_theresa-c-nde-8951.json,1,no,no,not_mentioned,not_mentioned,yes_explicit,not_mentioned,no,not_mentioned,no,not_mentioned,,"“Then, I noticed the water was not water anymore. I was in warm, pure LIGHT. It felt like a hug from a true mother.”"
Christopher H Possible NDE 8939,nderf,data\nderf\04742_christopher-h-possible-nde-8939.json,1,no,not_mentioned,not_mentioned,spiritual_realm,not_mentioned,none,no,not_mentioned,not_mentioned,not_mentioned,,“I started to realize that I was having to remind myself to breathe.” “Soon I was wrapped in the colors and felt my spirit being lifted upward.” “I was filled with a truly indescribable feeling of pure LOVE.” “I knew I was home.”
Koppi H Possible NDE 8937,nderf,data\nderf\04741_koppi-h-possible-nde-8937.json,1,not_mentioned,not_mentioned,not_mentioned,not_mentioned,implied,not_mentioned,no,no_reason_given,not_mentioned,not_mentioned,,“It's ok the way it happens.”
Yamuna S Probable NDE 8933,nderf,data\nderf\04739_yamuna-s-probable-nde-8933.json,1,no,no,not_mentioned,not_mentioned,implied,not_mentioned,no,family_responsibility,no,no,,"“I was not in my body and was seeing from above.”; “I floated down from bright light into a place with white curtains and many partitions.”; “I do not fear death. Dying is peaceful, calm and I felt absolutely no pain.”; “I came to a definite conscious decision to return to life.”"
Brandon R Probable NDE 8928,nderf,data\nderf\04733_brandon-r-probable-nde-8928.json,1,no,not_mentioned,not_mentioned,spiritual_realm,not_mentioned,not_mentioned,no,family_responsibility,no,no,,"“You will see me again, beloved.” / “Where should you go? Do you want to go into the light.” / “God”, told me he would fix me. He said he had removed the depression and would allow me to wake up healed."
Kevin O NDE 8923,nderf,data\nderf\04729_kevin-o-nde-8923.json,1,no,no,not_mentioned,not_mentioned,yes_explicit,not_mentioned,no,family_responsibility,no,no,,"""I've NEVER felt that kind of LOVE BEFORE."" ""The kids are going to need you."" ""You are about to leave again, but don't worry. You are coming right back."" ""You are about to meet your wife. She needs you and you need her."""
William F NDE 8919,nderf,data\nderf\04726_william-f-nde-8919.json,1,yes_explicit,not_mentioned,not_mentioned,not_mentioned,not_mentioned,not_mentioned,not_mentioned,other,yes_explicit,not_mentioned,"Go back and fix the wrongs/mistakes in his life; work on becoming a better person; ""regain your health"" and ""regain your heart and mind.""","""Stop""; ""You are death.""; ""God is giving you the choice of going back and fixing the wrongs in your life or you can go through the gate.""; ""I still deal with regrets from my past life.""; ""I’ll see you again, very soon."""
Marco R NDE 8904,nderf,data\nderf\04720_marco-r-nde-8904.json,1,no,no,not_mentioned,not_mentioned,yes_explicit,not_mentioned,not_mentioned,not_mentioned,no,no,,"""At some point, I could see myself from about 20 meters above my body""; ""I was pure spirit""; ""There was no time""; ""I was at peace with the entire universe""; ""It is impossible to express with words that experience."""
Loren M Probable NDE 8913,nderf,data\nderf\04718_loren-m-probable-nde-8913.json,1,no,not_mentioned,not_mentioned,spiritual_realm,not_mentioned,not_mentioned,not_mentioned,no_reason_given,no,no,,"“an omnipresent present, unparalleled peace in the absence of consciousness.”"
Peter S Probable NDE 8912,nderf,data\nderf\04717_peter-s-probable-nde-8912.json,1,no,not_mentioned,not_mentioned,not_mentioned,yes_explicit,not_mentioned,no,not_mentioned,not_mentioned,not_mentioned,,“Imagine a blackhole or void wrapped around you like a blanket. That what it looked like.”
Dr. Dennis M NDE 8911,nderf,data\nderf\04716_dr-dennis-m-nde-8911.json,1,not_mentioned,not_mentioned,not_mentioned,not_mentioned,implied,not_mentioned,no,not_your_time,no,no,,"""Not Just Yet""; ""Oh Shit, I’m back!!!""; ""Well, I guess then there is life after death!""; ""You have No Idea Major!!!"""
Linda M NDE 8909,nderf,data\nderf\04714_linda-m-nde-8909.json,1,no,no,not_mentioned,not_mentioned,implied,not_mentioned,no,earthly_mission,yes_explicit,no,"Told telepathically: ""I had to go back and complete my mission.""","“I was surrounded by incredibly bright light that was loving and welcoming.” “When I looked down, my body was light beams. I was wearing a gown of light.” “I was told telepathically that I had to go back and complete my mission.”"
Impossible to Describe with Human Words,iands,data\iands\impossible-to-describe-with-human-words.json,1,not_mentioned,not_mentioned,not_mentioned,not_mentioned,implied,not_mentioned,not_mentioned,not_mentioned,not_mentioned,not_mentioned,,"“universal, sublime and unconditional love for all of creation impossible to describe with human words.”"
I Want to Go Back,iands,data\iands\i-want-to-go-back.json,1,no,no,not_mentioned,spiritual_realm,not_mentioned,none,no,other,no,no,,"""This is perfect. I want to stay here forever. I have never felt this wonderful!""; ""It was wonderful; I want to go back.""; ""Don't ever worry about me when I die; I've seen heaven, and it's perfect and wonderful."""
I snapped back into my life as a different version of myself,iands,data\iands\i-snapped-back-into-my-life-as-a-different-version-of-myself.json,1,not_mentioned,not_mentioned,not_mentioned,not_mentioned,implied,not_mentioned,not_mentioned,no_reason_given,implied,no,"Advised to ""trust yourself, follow your heart and soul... live out your life with your deep purpose and share your light with the world.""","""trust yourself, follow your heart and soul, listen to who you are, don't succumb to outside people or factors, just live out your life with your deep purpose and share your light with the world""; ""There was a tunnel that was infinite, but it wasn't dark... made of fog and light."""
I now communicate with conscious-energies in the Energic Conscious Continuum,iands,data\iands\i-now-communicate-with-conscious-energies-in-the-energic-conscious-continuum.json,1,no,no,not_mentioned,both,implied,not_mentioned,no,not_mentioned,not_mentioned,no,,"""My spirit (or 'conscious-energy' as I like to call it) came out of my body and saw doctors operating on me to save my life.""; ""Anyway, I was up near the lights in the surgical suite, watching all of this.""; ""Then, I somehow ZIPPED off into what some folks call 'Purgatory.'""; ""Suddenly, I knew MUCH MORE about the afterlife...a ton of information became known to me as though I had always known it!""; ""Then, I felt Jesus (I was somehow sure it was him) shove me towards the operating room and into my body. I felt the WHOOSH of incredible speed.""; ""You weren't supposed to wake up."""
I'm Home,iands,data\iands\i-m-home.json,1,no,no,not_mentioned,spiritual_realm,not_mentioned,not_mentioned,no,not_your_time,implied,no,"Told: ""You still have a lot of work to do.""","""I'm Home""; ""That's where I belong.""; ""It is not your time yet""; ""You still have a lot of work to do."""
I'm different now,iands,data\iands\i-m-different-now.json,1,no,no,not_mentioned,not_mentioned,yes_explicit,not_mentioned,no,not_your_time,no,no,,“I was told my job was not finished and that I needed to go back.”
Nicole D NDE 9019,nderf,data\nderf\04792_nicole-d-nde-9019.json,1,no,not_mentioned,chose_mission,not_mentioned,not_mentioned,not_mentioned,no,family_responsibility,not_mentioned,not_mentioned,,“I remember being under what seemed like a street lamp emitting this tremendous energy except it was different than light. It was so shiny but not bright; it is hard to explain.”
Peter H NDE 9014,nderf,data\nderf\04789_peter-h-nde-9014.json,1,no,no,not_mentioned,not_mentioned,yes_explicit,not_mentioned,no,not_mentioned,no,no,,"“At that moment, I was up in a corner of the ceiling in the treatment room.”
“Everything seemed to be happening at once; or time stopped or lost all meaning.”
“I believe that love is everything.”"
Michael K SDE 9011 NDE 9011,nderf,data\nderf\04786_michael-k-sde-9011-nde-9011.json,1,no,not_mentioned,not_mentioned,not_mentioned,implied,not_mentioned,not_mentioned,not_your_time,no,no,,"“the veil between worlds was thin.” / “looking down a beautiful white tunnel… varied and multi-hued, like it had texture.” / “all the life and light in each of the cells of my body slowly extinguishing… like a little candle in each cell of the body going out.” / “It’s not your time. You have to go back.”"
Douglas D NDE 8995,nderf,data\nderf\04775_douglas-d-nde-8995.json,1,no,not_mentioned,not_mentioned,not_mentioned,yes_explicit,not_mentioned,not_mentioned,not_your_time,not_mentioned,not_mentioned,,“It’s not your time.”
Laura K NDE 8994,nderf,data\nderf\04774_laura-k-nde-8994.json,1,no,no,not_mentioned,not_mentioned,yes_explicit,not_mentioned,no,not_mentioned,no,no,,"""Let me live, please let me live!""; ""Could she, live?""; ""He said Yes! He said Yes!""; ""Don’t Be Afraid. I have you safe and secure. I’m holding you tight."""
Sarah A Probable NDE 8993,nderf,data\nderf\04773_sarah-a-probable-nde-8993.json,1,no,not_mentioned,not_mentioned,spiritual_realm,not_mentioned,not_mentioned,not_mentioned,other,no,not_mentioned,,"""a peaceful Underworld awaited me, and that I could choose to come with him now if I wanted to""; ""the cave of the land of the dead""; ""it felt like time had stopped""; ""It felt more real than reality."""
Andrew C Probable NDE 8980,nderf,data\nderf\04768_andrew-c-probable-nde-8980.json,1,no,no,not_mentioned,not_mentioned,implied,not_mentioned,no,family_responsibility,not_mentioned,no,,"'I don’t care if I live or die, I just want this suffering to end'. 'You can stay here or you can go back—either way the outcome will be the same'."
Perry D Probable NDE 8972,nderf,data\nderf\04762_perry-d-probable-nde-8972.json,1,no,no,not_mentioned,not_mentioned,implied,not_mentioned,no,other,no,no,,“I'm never going to give up on you!”
Sydney U NDE 8963,nderf,data\nderf\04757_sydney-u-nde-8963.json,1,no,not_mentioned,not_mentioned,spiritual_realm,not_mentioned,not_mentioned,not_mentioned,family_responsibility,no,not_mentioned,,"“I was in a dark area where my mom, myself, and a few other people I didn't know were basked in a blue-white glow.”"
Joel P Possible FDE 8962 NDE 8962,nderf,data\nderf\04756_joel-p-possible-fde-8962-nde-8962.json,1,no,no,not_mentioned,not_mentioned,yes_explicit,not_mentioned,no,no_reason_given,no,no,,"“I became aware of being in a totally dark place and being completely still. There was no pain, no awareness of hot or cold, just complete peace and stillness.”"
Anne B Probable NDE 9058,nderf,data\nderf\04820_anne-b-probable-nde-9058.json,1,no,no,not_mentioned,not_mentioned,implied,not_mentioned,no,not_mentioned,no,no,,"“I was floating in an absolutely black void and the loneliness was agonizing.”; “I opened my eyes and found that I was stuck in front of the top of my wardrobe… around 6 feet above the floor.”; “Then I heard a firm, ‘NO!’… ‘STOP!’”"
Lee C NDEs 9054 NDE 9054,nderf,data\nderf\04818_lee-c-ndes-9054-nde-9054.json,1,no,not_mentioned,not_mentioned,spiritual_realm,not_mentioned,not_mentioned,not_mentioned,not_mentioned,yes_explicit,no,He reported his purpose is to tell others that 'death has no sting' and 'death is just the beginning.',"“I woke up in a place that was dark and warm.” “Whole years of my life flashed by in a second, but with complete clarity. Time had no meaning here.” “Yet, there was no judgment, other than my own.” “I was held in the arms of the Creator, in a loving embrace.”"
Cleo D Probable NDE 9055,nderf,data\nderf\04817_cleo-d-probable-nde-9055.json,1,no,not_mentioned,not_mentioned,not_mentioned,yes_explicit,not_mentioned,not_mentioned,no_reason_given,not_mentioned,not_mentioned,,'All that remains is love.'; 'Love everyone. It's all that matters in the end. You can't bring money or fame with you. Only love.'
Van I NDE 9053,nderf,data\nderf\04816_van-i-nde-9053.json,1,no,not_mentioned,not_mentioned,not_mentioned,yes_explicit,not_mentioned,not_mentioned,not_your_time,yes_explicit,no,"God told him to go to college and not stop until God told him to; later he describes being put into service (e.g., passing messages to churches and speaking with people).",“He is always watching....go away.” / “where are you going? There is no escape” / God: “The purpose of life is ‘to live’.”
Caroline L NDE 9049,nderf,data\nderf\04814_caroline-l-nde-9049.json,1,no,no,not_mentioned,not_mentioned,yes_explicit,not_mentioned,no,no_reason_given,no,not_mentioned,,“When you die do not be frightened as it is so peaceful.”
Sophia K NDE 9036,nderf,data\nderf\04805_sophia-k-nde-9036.json,1,not_mentioned,not_mentioned,not_mentioned,not_mentioned,yes_explicit,not_mentioned,not_mentioned,not_your_time,not_mentioned,not_mentioned,,"“It was light, airy, weightless, and without evil or pain.”"
Battushig D Possible NDE 9027,nderf,data\nderf\04799_battushig-d-possible-nde-9027.json,1,no,not_mentioned,not_mentioned,not_mentioned,implied,not_mentioned,not_mentioned,not_mentioned,no,not_mentioned,,“The body I'm in is just like the clothes I am wearing.”
Holly G NDE 16117/9033,nderf,data\nderf\04798_holly-g-nde-16117-9033.json,1,yes_explicit,no,not_mentioned,not_mentioned,not_mentioned,not_mentioned,no,not_your_time,implied,no,She later felt her main purpose was to share/teach others from her experiences and to spread love/positivity.,"Felt she took a short step ""up and to the right"" of her physical body; described a ""black spiraling tunnel"" that she understood as a ""point of no return""; described being in a ""holding area"" like ""the train station waiting for my train to arrive."""
Schon R NDE 9026,nderf,data\nderf\04797_schon-r-nde-9026.json,1,yes_explicit,not_mentioned,not_mentioned,not_mentioned,not_mentioned,not_mentioned,not_mentioned,not_mentioned,not_mentioned,not_mentioned,,"“I transitioned to see a white, glowing space… it seemed like an endless void.”; “I had no shadow, body, or physical form.”; “I felt like I was in a jacuzzi because the light felt like heated water.”"
Lessons I Learned From My NDE,iands,data\iands\lessons-i-learned-from-my-nde.json,1,not_mentioned,not_mentioned,not_mentioned,not_mentioned,implied,not_mentioned,not_mentioned,earthly_mission,no,no,,“I felt my soul lifting out of my body.” “In that moment I realized everything is about love.” “I told this unconditional love source that I wanted to stay…” “I felt my soul return to my body…”
Left and Returned,iands,data\iands\left-and-returned.json,1,no,no,not_mentioned,not_mentioned,implied,not_mentioned,no,not_mentioned,not_mentioned,no,,"""Staying within my body was simply no longer an option, as if it had become a poisonous vessel.""; ""The overpowering impression of having 'left and returned'...""; ""This was a rotating descent, where the ceiling tiles were spinning round and round..."""
Kissed by a Marshmallow,iands,data\iands\kissed-by-a-marshmallow.json,1,no,no,not_mentioned,spiritual_realm,not_mentioned,not_mentioned,no,family_responsibility,no,no,,"""there's no friction here."" ""there's no gravity here."" ""There's no cold here"" ""There’s no stress here!"" ""all of them."" ""for the entertainment of the spirit realm."" ""we have to go back."" ""You will be made whole."" ""Flying through a cloud is like being kissed by a marshmallow."""
Kenyan deaf/mute man is told that his spirit is the son of God,iands,data\iands\kenyan-deaf-mute-man-is-told-that-his-spirit-is-the-son-of-god.json,1,no,no,not_mentioned,not_mentioned,yes_explicit,not_mentioned,no,no_reason_given,no,no,,"Archangel: 'Why are you fearful?' and 'Okay, let’s go.'"
It held all the knowledge that ever was or will be,iands,data\iands\it-held-all-the-knowledge-that-ever-was-or-will-be.json,1,no,no,not_mentioned,not_mentioned,yes_explicit,not_mentioned,no,no_reason_given,no,no,,"“Then time stopped.”
“It held all the knowledge that ever was or will be.”
“I was in a place where I had become everything and nothing at the same time.”
“I know I wasn't asked if I wanted to return to my flesh but something pulled me back to it.”
“Alex is like a twin that I had my whole life and she died.”"
Intuitive Know-How,iands,data\iands\intuitive-know-how.json,1,not_mentioned,not_mentioned,not_mentioned,not_mentioned,implied,not_mentioned,not_mentioned,not_your_time,implied,no,"Felt compelled to leave journalism, travel to Arnhem Land, document Aboriginal sacred ceremonial matters/mythology, and later set up and fund Aboriginal arts/craft training and industry projects across Australia.","""You haven’t finished everything. You must go back.""; ""Don’t worry about it. I’ve been healed. I’m okay now.""; ""Just pick up the tools."""
"In two NDEs, as a toddler and as an adult, woman feels Jesus' love",iands,data\iands\in-two-ndes-as-a-toddler-and-as-an-adult-woman-feels-jesus-love.json,1,no,no,not_mentioned,spiritual_realm,not_mentioned,none,no,earthly_mission,yes_explicit,no,"NDE 1: told she ""had things to do for Him"" and this was a visit to draw upon later. NDE 2: told to ""show them and others the way back to this place, heaven""; only then may she return home to God.","“It’s not your time.”; “seek the Creator of all creation. He will bring us to Him.”; “Everything is so much brighter, so much more real, just more, more, more.”"
Hindu Nepalese young man crashes his motorcycle and has OBE,iands,data\iands\hindu-nepalese-young-man-crashes-his-motorcycle-and-has-obe.json,1,not_mentioned,not_mentioned,not_mentioned,not_mentioned,implied,not_mentioned,not_mentioned,not_mentioned,not_mentioned,not_mentioned,,"“Are you not the one who is desiring to go to Vaikuntha?”; “You can do it.""; “This can never be explained and described.”; “Here I lost the concept of time and everything including the concept of me.”"
Hindu man has NDE two weeks after heart surgery,iands,data\iands\hindu-man-has-nde-two-weeks-after-heart-surgery.json,1,no,no,not_mentioned,not_mentioned,implied,not_mentioned,no,not_your_time,no,no,,"""I was floating above my body."" ""I was in a place full of bright light, it was inviting and enchanting."" ""I mingled with the light and became one."" ""It was beyond space and time continuum."" ""I did not want to leave that place of bliss but was told that time was up, and I had to return."""
Healed at luminous white dome-shaped room,iands,data\iands\healed-at-luminous-white-dome-shaped-room.json,1,no,no,not_mentioned,not_mentioned,yes_explicit,not_mentioned,no,no_reason_given,no,no,,"""I saw myself, my soul, lift out of my navel/belly button."" ""My essence traveled through an umbilical cord/tunnel that was white and grayish with wave-like patterns."" ""It almost felt like Earth is not really real and that this world is more like a dream than reality."" ""I also now sense energy and can see auras of people."" ""I feel as if we are all ONE."" ""We are not these bodies, we are not our accomplishments nor our possessions, we are all one with the Source of all being which is God."""
Lee S NDE 9117,nderf,data\nderf\04864_lee-s-nde-9117.json,1,no,no,not_mentioned,not_mentioned,yes_explicit,not_mentioned,no,not_mentioned,no,no,,“This is it!”; “I left my body and went somewhere wonderful even if it was only a moment.”
Ernest H NDE 9116,nderf,data\nderf\04863_ernest-h-nde-9116.json,1,no,no,not_mentioned,not_mentioned,yes_explicit,not_mentioned,not_mentioned,not_mentioned,no,not_mentioned,,"I heard the EMT say, 'He'll never make it. He has no blood left.'; 'It was like watching myself on TV. And there was no pain or sound'; 'I saw myself on the ground and knew I was dead.'; 'It's like a time capsule and everything is still there.'"
Chris C NDE 9105,nderf,data\nderf\04854_chris-c-nde-9105.json,1,no,not_mentioned,not_mentioned,not_mentioned,yes_explicit,not_mentioned,not_mentioned,no_reason_given,not_mentioned,not_mentioned,,"“It was like a soft, light-bath.”; “I was definitely ‘me,’ but I didn't’ have a body.”; “Then I felt a strange, sucking sensation.”; “oh no, not this world again.”; “There is no way to explain it to other people.”"
Grant F NDE 9104,nderf,data\nderf\04853_grant-f-nde-9104.json,1,no,no,not_mentioned,not_mentioned,yes_explicit,not_mentioned,not_mentioned,not_your_time,no,not_mentioned,,"“Everything around me froze in time… in black and white… Yet, everything was visually frozen in time.” / “I slowly began hovering upwards, towards the sky.” / “It wasn't my time yet.”"
Georgie P Probable NDE 9103,nderf,data\nderf\04852_georgie-p-probable-nde-9103.json,1,no,not_mentioned,not_mentioned,not_mentioned,yes_explicit,not_mentioned,not_mentioned,not_your_time,no,no,,'You're not ready. You can't come yet.'; 'The light coming through the trees could be described as an unearthly light.'
Anthony R Probable NDE 9094,nderf,data\nderf\04844_anthony-r-probable-nde-9094.json,1,no,not_mentioned,not_mentioned,not_mentioned,yes_explicit,not_mentioned,not_mentioned,other,implied,no,Implied reason/mission: to continue living; he believed God brought him back for a reason and learned not to end his life.,“I remember floating in a void. I could see a little box or window to the physical world.”
Kevin G NDE 9089,nderf,data\nderf\04841_kevin-g-nde-9089.json,1,no,no,not_mentioned,not_mentioned,yes_explicit,none,no,other,no,no,,“Get me out of this one and I won't come here again without Him.”
Helena S SDE 23462 NDE 23462,nderf,data\nderf\04840_helena-s-sde-23462-nde-23462.json,1,not_mentioned,not_mentioned,not_mentioned,spiritual_realm,not_mentioned,not_mentioned,not_mentioned,not_mentioned,not_mentioned,not_mentioned,,“coming home”; “forbidden territory to me”; “a beam of brilliant white light with sparks round the outside. Like a super super bright firework.”; “the window is open”.
Liam W NDE 9065,nderf,data\nderf\04826_liam-w-nde-9065.json,1,no,no,not_mentioned,not_mentioned,yes_explicit,none,no,not_mentioned,no,no,,"“It wasn't like a long journey, but rather it was instantaneous. It was just 'poof' and I was through the tunnel and hovering.”"
David C FDE 9064 NDE 9064,nderf,data\nderf\04825_david-c-fde-9064-nde-9064.json,1,no,no,not_mentioned,spiritual_realm,not_mentioned,not_mentioned,no,not_mentioned,no,not_mentioned,,"“During the accident, time seemed to stand still.”; “It was like a veil splitting open and I saw into that unearthly realm.”; “Compared with the realm of peace and beauty I saw, earthly concerns were completely unimportant.”; “The sense of the existence of a transcendent realm of peace, love, and beauty beyond a thin veil to be crossed when we die.”"
Hazim Probable NDE 9063,nderf,data\nderf\04824_hazim-probable-nde-9063.json,1,no,not_mentioned,not_mentioned,not_mentioned,yes_explicit,not_mentioned,not_mentioned,earthly_mission,yes_explicit,no,A Being said: 'Bring him back to life because he has a job to do.','Clear his memory and prepare a new body for him.' 'Bring him back to life because he has a job to do.'
William H NDE 9062,nderf,data\nderf\04822_william-h-nde-9062.json,1,no,no,not_mentioned,not_mentioned,implied,not_mentioned,not_mentioned,not_mentioned,no,no,,“Then something or someone 'pushed' me from behind and I woke up in my body.”
Shia M NDE 9059,nderf,data\nderf\04821_shia-m-nde-9059.json,1,no,no,not_mentioned,not_mentioned,yes_explicit,not_mentioned,no,not_mentioned,no,not_mentioned,,"“I was awake but without a body.” “I was in a dark place, like a void where time seem frozen. Oddly, it seemed full of life.” “I had 360 degree view of everything.” “I completely lost my fear of death.”"
Anna E STE 9158 NDE 9158,nderf,data\nderf\04892_anna-e-ste-9158-nde-9158.json,1,no,not_mentioned,not_mentioned,not_mentioned,yes_explicit,not_mentioned,not_mentioned,not_mentioned,implied,not_mentioned,"Emphasis on creating ""Heaven on Earth,"" loving all, being of joyful service, forgiveness, and spiritual practice.","""I experienced the Void that is the Mind of the Infinite Creator; the Void from which the Light was created."" / ""Imagine floating alone in pitch black empty space, for all eternity, no stars, no body, just pure consciousness."" / ""The Light is the eternal Love of God, pure loving bliss."""
Val C NDE 9155,nderf,data\nderf\04890_val-c-nde-9155.json,1,not_mentioned,not_mentioned,not_mentioned,not_mentioned,yes_explicit,not_mentioned,no,other,yes_explicit,no,"Came back with understanding she needed to love everyone unconditionally, including and especially her father; love life despite difficulties.","“At this thought, my consciousness began to expand until it encompassed the entire universe. I was filled with the most amazing, unconditional love, and I knew that this love was God.”"
Alison B Probable NDE 9144,nderf,data\nderf\04886_alison-b-probable-nde-9144.json,1,no,no,not_mentioned,not_mentioned,implied,none,no,no_reason_given,no,no,,"“Within what felt like a second's time, my nose was up against the clock…”; “I asked her immediately, ‘Mom, why were you screaming so loud?’ She responded, ‘I wasn't the one screaming. You were’.”"
Svetlana Probable NDE 9145,nderf,data\nderf\04885_svetlana-probable-nde-9145.json,1,no,not_mentioned,not_mentioned,spiritual_realm,not_mentioned,not_mentioned,not_mentioned,no_reason_given,no,no,,"“All the life here on earth was like a dream, long time ago, that did not mean much.”; “The experience in a different reality was so real that it changed my worldly perception.”; “I am not afraid of death at all.”; “If I get the chance to go back home, I would go in a second.”"
Wilma B NDE 9141,nderf,data\nderf\04883_wilma-b-nde-9141.json,1,yes_explicit,not_mentioned,not_mentioned,not_mentioned,not_mentioned,not_mentioned,not_mentioned,other,yes_explicit,not_mentioned,Return to have three more children; one child would be a male who would be taken before the Most High.,“They told her it was not her time and she was being sent back. Her purpose was to have three more children; she had 2 children already. They told her one child would be a Male who would be taken before the Most High.”
Kristin K NDE 9130,nderf,data\nderf\04875_kristin-k-nde-9130.json,1,no,no,not_mentioned,not_mentioned,yes_explicit,not_mentioned,no,family_responsibility,yes_explicit,no,"Told by the voice: ""When you are back in your body you have to tell your grandma that you need to get quickly to a hospital, otherwise you will not survive.""","""When you are back in your body you have to tell your grandma that you need to get quickly to a hospital, otherwise you will not survive."""
Joon O NDE 9124,nderf,data\nderf\04872_joon-o-nde-9124.json,1,yes_explicit,not_mentioned,not_mentioned,not_mentioned,not_mentioned,not_mentioned,not_mentioned,earthly_mission,yes_explicit,no,"“Go back there and help a lot of people, and then come back!”","“It’s not your time to come here yet. Go back there and help a lot of people, and then come back!”; “I watched over him all the time! I just don’t know how this accident could have happened!”; “Oh, it’s like that here? Just think about what you want and you can have anything? How cool!”; “This cross saved your brother’s life!”"
Dave M NDE 9123,nderf,data\nderf\04870_dave-m-nde-9123.json,1,no,no,not_mentioned,not_mentioned,yes_explicit,none,no,not_your_time,no,no,,"“I felt myself fall out of my body. It felt like I was peeled out of my body.”; “I was surrounded by a green mist.”; “No, no, no, oh no!”; “I can't feel my arms.”"
Rhonda E Possible NDE 9122,nderf,data\nderf\04869_rhonda-e-possible-nde-9122.json,1,no,no,not_mentioned,not_mentioned,yes_explicit,none,no,not_mentioned,no,no,,"“I remember feeling that I was falling into a hole.” “The walls were spinning and the inside looked like a colorful tornado with a bright light at the end of the tunnel.” “Then, dark arms started coming out of the walls of the tunnel and they were trying to reached me.” “You have been out for more than an hour.”"
I knew my own Separateness and also Oneness with every thing,iands,data\iands\i-knew-my-own-separateness-and-also-oneness-with-every-thing.json,1,no,no,not_mentioned,not_mentioned,yes_explicit,not_mentioned,no,not_mentioned,no,no,,"""Hey, I’m still me... but, I'm a thought.""; ""I couldn’t hear anything... but I was still thinking as who I am.""; ""I knew my own Separateness AND, at the same time, my Oneness with every thing""; ""Orgasmic Consciousness""; ""BREATHE!!! BREATHE!!! BREATHE!!!"""
I had a job to do,iands,data\iands\i-had-a-job-to-do.json,1,no,no,not_mentioned,not_mentioned,yes_explicit,not_mentioned,no,not_your_time,yes_explicit,no,"Told he was there too soon and would return; told to stop lying about who he was (understood as coming out as a gay man); told he was to help someone to the light. Later (1994) a bright light appeared and said: ""Thank you for helping your friend pass into the light"" after he cared for a friend dying of AIDS.","""Thank you for helping your friend pass into the light""; ""that I was there too soon""; ""stop lying about who I was""; ""the next time I reached the light I would be able to stay for eternity."""
I Couldn't Cross,iands,data\iands\i-couldn-t-cross.json,1,no,no,not_mentioned,not_mentioned,yes_explicit,none,no,not_your_time,implied,no,"The experiencer wondered why they were sent back and concluded, ""I must have something else to do on this earth,"" and later emphasized meaning in ""friends and people in need.""","“Somehow there was no one in the room, and I stood there looking at myself in the bed.”
“It looked like I was sleeping peacefully.”
“In the room to my left, where I couldn't cross, I saw my deceased parents, family members, and friends who had crossed over.”
“Without a word, they were pointing back to my body.”
“I was to return, and although I didn't want to go I went back.”
“Since this experience, I no longer fear death…”"
Hospitalized woman leaves body and returns with no fear,iands,data\iands\hospitalized-woman-leaves-body-and-returns-with-no-fear.json,1,no,no,not_mentioned,spiritual_realm,not_mentioned,not_mentioned,no,family_responsibility,implied,no,Return to support her young son; also stated “I knew that I had more to do in this life on Earth” and believed she would be healed on return.,“It was like my spirit was heading straight out of my body through a funnel…”; “time does not exist when we are out of the body.”; “I was given a choice about coming back into my body again or staying here…”; “It felt like it happened at the speed of light. I sensed a bright flash of light on re-entry.”; “The most noticeable thing when I came back was that I had no fear.”
Hospitalized man visits grotesque landscape but is then surrounded by light,iands,data\iands\hospitalized-man-visits-grotesque-landscape-but-is-then-surrounded-by-light.json,1,no,no,not_mentioned,not_mentioned,implied,not_mentioned,no,not_mentioned,no,no,,"""breathe""...over and over. ""You scared us...you stopped breathing."""
Horseback accident leaves young woman with pain and insights,iands,data\iands\horseback-accident-leaves-young-woman-with-pain-and-insights.json,1,no,no,not_mentioned,not_mentioned,implied,none,no,earthly_mission,no,no,,"“my consciousness seemed to ‘bifurcate’”; “watching a ‘Life Review’!”; “The recording went backwards, scene by scene… then finally back to the womb and the moment of conception….”; “there was no sense of time; it all was happening at the same time”; “in a tunnel, traveling so fast and faster toward ‘Light’…. I had no ‘body’ sense…. just pure beingness, consciousness….”; “We had a ‘discussion’ (there were no words, it was all like instantaneous understanding) …I was given a choice to come back to the body or stay.”"
Holy Presence,iands,data\iands\holy-presence.json,1,not_mentioned,not_mentioned,not_mentioned,not_mentioned,implied,not_mentioned,not_mentioned,earthly_mission,yes_explicit,no,"""Your mission is not complete. You have to return."" Later described purpose: ""Live for God and for human beings.""","""Lord will I go home now?"" / ""No, it is not your time. Your mission is not complete. You have to return."""
Five-year-old girl has ski accident and almost dies of allergic reaction in hospital,iands,data\iands\five-year-old-girl-has-ski-accident-and-almost-dies-of-allergic-reaction-in-hospital.json,1,not_mentioned,not_mentioned,not_mentioned,not_mentioned,implied,not_mentioned,not_mentioned,not_your_time,not_mentioned,not_mentioned,,"“I could feel my body lift up - into the trees.” “I watched from the tree branches as the ski patrol loaded my body…” “I sat with Jesus / God and was surrounded by many, many angels.” “There were no words exchanged; however, I felt like I was told a million stories about everything.” “Upon returning to the hospital bed thru the operating theater light…”"
"Five-year-old girl drowns, was revived, and remembers many things from her time outside her body",iands,data\iands\five-year-old-girl-drowns-was-revived-and-remembers-many-things-from-her-time-outside-her-body.json,1,not_mentioned,not_mentioned,not_mentioned,not_mentioned,yes_explicit,not_mentioned,not_mentioned,no_reason_given,no,no,,"“It was as if I was observing the entire scene from above my body.”; “I must be in heaven.”; “Don’t cry Mommy. I’m here.”; “I fell in the water, the day my grandfather died and went to Heaven.”; “This is one of the reasons I am still on earth: to bear witness to the power of faith, and to teach others how to be safer.”"
Finding Spyro,iands,data\iands\finding-spyro.json,1,no,no,not_mentioned,not_mentioned,implied,not_mentioned,no,earthly_mission,yes_explicit,no,The being said: 'You must go back. You have much to accomplish.',"""Do not worry. All is well.""; ""Do not look me in the face.""; ""Look beyond.""; ""You must go back. You have much to accomplish."""
Face-to-face with Jesus the Christ,iands,data\iands\face-to-face-with-jesus-the-christ.json,1,no,no,not_mentioned,not_mentioned,yes_explicit,none,no,earthly_mission,yes_explicit,no,“You are going to spend the rest of your life helping others who have had similar experiences that you've had.”,“He's alive.” / “You were talking to Jesus Christ.” / “It was then that He reached over and touched you and instantaneously cured you of your cancer and sent you back to your body. You are now going to live for another 26 years.” / “You are going to spend the rest of your life helping others who have had similar experiences that you've had.”
Everything Self-Evident,iands,data\iands\everything-self-evident.json,1,no,no,not_mentioned,spiritual_realm,not_mentioned,not_mentioned,no,family_responsibility,implied,no,Knew they had “much work to do back on earth” largely involving “family relationships.”,"""It was a realm consisting entirely of light, sound, joy and bliss."" / ""I was filled with bliss and comfort, and felt 'at home' for the first time ever."" / ""everything was instantly self-evident."" / ""I jumped/dove back into my body instantaneously"""
Candy A NDE 9212,nderf,data\nderf\04924_candy-a-nde-9212.json,1,no,no,not_mentioned,not_mentioned,implied,none,no,not_mentioned,no,not_mentioned,,"""everything went black and absolutely silent""; ""my consciousness was highly alert""; ""It was velvety, soft and comforting.""; ""I was no longer a body with structural form... like a puddle of liquid... millimeters thin."""
Samuel E NDE 9208,nderf,data\nderf\04922_samuel-e-nde-9208.json,1,no,no,not_mentioned,not_mentioned,yes_explicit,not_mentioned,no,no_reason_given,no,no,,"“I realized that I was 'pure thought.'” / “It felt like a veil had been momentarily lifted from my eyes, as if I had 'truly' woken up for a moment, before returning to an earthly daydream I thought of as reality.”"
Jamie B NDE 9204,nderf,data\nderf\04919_jamie-b-nde-9204.json,1,no,not_mentioned,not_mentioned,spiritual_realm,not_mentioned,not_mentioned,no,family_responsibility,no,not_mentioned,,"“The next thing I felt was that I was home.” “I didn't have eyesight, but I could see perfectly. It was like seeing with your mind.” “Everything just WAS.” “Oh, I see now. How did I forget?” “I was very upset and mad that I was back. I didn't want to come back.”"
Joe B NDE 9196,nderf,data\nderf\04913_joe-b-nde-9196.json,1,no,no,not_mentioned,not_mentioned,implied,not_mentioned,no,not_mentioned,no,no,,“THE CLARITY I HAD WHEN WATCHING THE PARAMEDIC.” / “The loudest roaring that I have ever heard; the sound enveloped me.” / “I know that I was looking at myself on that stretcher.”
Liam A NDE 9186,nderf,data\nderf\04909_liam-a-nde-9186.json,1,not_mentioned,not_mentioned,not_mentioned,not_mentioned,yes_explicit,not_mentioned,not_mentioned,not_mentioned,no,not_mentioned,,"“I was standing in an endless expanse in outer space. I was surrounded in absolute darkness.”; “I was without a body and wide awake.”; “I understood that I could answer all the questions in the world.”; “Panic set in as I felt all alone in the dark 'outer space', without stars, and no presence of anyone or anything.”; “In comparison to this lucidity of the mind, the earthly conscience comes like a comatose state.”"
Kevin S Probable NDE 9185,nderf,data\nderf\04908_kevin-s-probable-nde-9185.json,1,yes_explicit,not_mentioned,not_mentioned,not_mentioned,not_mentioned,not_mentioned,no,family_responsibility,no,not_mentioned,,"""All of a sudden, I was looking out the windshield that was behind me.""; ""I guess it's time to go back""; ""No, it would make my mom cry."""
John G NDE 9177,nderf,data\nderf\04905_john-g-nde-9177.json,1,no,no,not_mentioned,not_mentioned,yes_explicit,not_mentioned,no,not_mentioned,no,no,,"“I recall floating above myself right after I landed. I could see myself lying there.” / “It was peaceful, no sound, and filled with blindingly, bright light.” / “Then, it was SUPER bright with clouds. Then, it got dark and I woke up.”"
Alex L NDE 9176,nderf,data\nderf\04904_alex-l-nde-9176.json,1,no,no,not_mentioned,not_mentioned,yes_explicit,not_mentioned,no,no_reason_given,implied,no,"He believes he is back ""just to tell my story and be a messenger of some kind.""","""Thank God, it’s over!""; ""I was then aware of being in blackness, with absolutely nothing.""; ""Then I felt such intense Happiness, Joy and Love.""; ""200 joules. Set. Clear.""; ""NO!""; ""I died on you didn’t I? You only shock us to bring us back."""
Ahly S NDE 9175,nderf,data\nderf\04903_ahly-s-nde-9175.json,1,not_mentioned,not_mentioned,not_mentioned,not_mentioned,yes_explicit,not_mentioned,not_mentioned,not_your_time,no,not_mentioned,,"""It is not your time yet."" / ""I looked at myself and I was a star too."" / ""Then he took me by the hands and place me in the Top of a Huge Rainbow and push me downwards."""
Maria T STE 9170 NDE 9170,nderf,data\nderf\04898_maria-t-ste-9170-nde-9170.json,1,no,not_mentioned,not_mentioned,not_mentioned,yes_explicit,not_mentioned,not_mentioned,family_responsibility,implied,no,She felt with complete certainty her earthly task was to love and protect her three daughters.,"""welcome, welcome, it’s so nice to see you""; ""Come here we want to give you a big hug.""; ""THEN YOU MUST GO BACK!""; ""Do not worry about the surgery, you will come out of it OK."""
Whitney H NDE 9164,nderf,data\nderf\04896_whitney-h-nde-9164.json,1,not_mentioned,not_mentioned,not_mentioned,spiritual_realm,not_mentioned,not_mentioned,no,not_mentioned,yes_explicit,no,"She reported a purpose: ""follow my gut"" to ""make the universe 'better', be more loving, and have less conflict in my life.""","""I was lying peacefully on my back surrounded in a pale blue glow while moving into a calm blue void."" ""We were all connected."" ""I was home and safe."" ""There is no life and death, just being."""
Martina S Probable NDE 9270,nderf,data\nderf\04959_martina-s-probable-nde-9270.json,1,no,no,not_mentioned,spiritual_realm,not_mentioned,not_mentioned,not_mentioned,other,no,no,,"“No, because you now have to go back home.”"
Debora C NDE 9265,nderf,data\nderf\04954_debora-c-nde-9265.json,1,not_mentioned,not_mentioned,not_mentioned,spiritual_realm,not_mentioned,not_mentioned,not_mentioned,not_your_time,not_mentioned,not_mentioned,,"“I remember seeing my body in the water.”
“my soul traveled on a dark path with a long-haired little girl holding my hand”
“To the right of the gate was Jesus extending his hands to me wearing a white long robe. I couldn't see his face, but just a bright light. I felt loved by him.”
“I have never been frightened of death… we don't die, but we pass over to everlasting life.”
“it is more real than here on earth.”"
Norman T NDE 9262,nderf,data\nderf\04953_norman-t-nde-9262.json,1,not_mentioned,not_mentioned,not_mentioned,not_mentioned,yes_explicit,not_mentioned,no,not_your_time,implied,not_mentioned,Told he “still had things to do” / “still had work to do.”,"“All of a sudden, I heard a voice saying that it was not my time.”"
Ray F NDE 9258,nderf,data\nderf\04948_ray-f-nde-9258.json,1,no,no,not_mentioned,spiritual_realm,not_mentioned,none,no,not_mentioned,not_mentioned,not_mentioned,,"""I was sitting in a dark room with a single light above my head, kind of like a spot light shining down.""; ""a gray black twister came out of the darkness and scooped me up.""; ""What was being said to me wasn’t real words, more like thought words, mostly telling me what I can and can’t do.""; ""I felt at home.""; ""I overheard people saying... that I had died several times.""; ""I am an empath and I have been told I am a sensitive."""
James M NDE 9256,nderf,data\nderf\04947_james-m-nde-9256.json,1,no,no,not_mentioned,not_mentioned,implied,none,no,no_reason_given,no,no,,"""right between the eyes""; ""Look what you did! You killed him!""; ""I think the bullet bounced off""."
Daniel H Probable NDE 9255,nderf,data\nderf\04946_daniel-h-probable-nde-9255.json,1,no,no,not_mentioned,not_mentioned,implied,not_mentioned,not_mentioned,not_your_time,no,no,,“Danny you have to go back. It's not your time.”
Amy G NDE 9249,nderf,data\nderf\04943_amy-g-nde-9249.json,1,no,no,not_mentioned,not_mentioned,yes_explicit,not_mentioned,not_mentioned,no_reason_given,no,no,,"“I saw myself walking down a damp dark tunnel looking confused…”; “I remember hearing AMY, AMY AMY…”; “For months I felt like I didn't fit in my body… Like new shoes that are a little tight…”; “pure bliss peace calm.”"
Wallace S NDE 9239,nderf,data\nderf\04938_wallace-s-nde-9239.json,1,yes_explicit,not_mentioned,not_mentioned,not_mentioned,not_mentioned,not_mentioned,not_mentioned,not_your_time,yes_explicit,no,"He reports he was sent back to tell his story / tell everyone what he experienced; also told ""not to judge.""","""To go further, I would need to go through a gate."" ""...it was my time go back."" ""The gate was the boundary I couldn’t cross."" ""Heaven is real! Jesus is real..."" ""I was told don’t judge others."""
Mike C NDE 9216,nderf,data\nderf\04927_mike-c-nde-9216.json,1,no,not_mentioned,not_mentioned,not_mentioned,yes_explicit,not_mentioned,not_mentioned,not_mentioned,no,not_mentioned,,"""my consciousness was transported to the edge of the Universe where I could see all of creation""; ""I felt incredible love that remains beyond my ability to describe""; ""I was both, the observed and the observer.""; ""I did not fear death at all.""; ""I rode on the back of a turtle from the underworld."""
He would respect my decision either way,iands,data\iands\he-would-respect-my-decision-either-way.json,1,no,no,not_mentioned,not_mentioned,implied,none,no,earthly_mission,yes_explicit,no,"He wanted me to go back to fulfill my destiny; ""he had plans for me.""","""He said he would respect my decision either way."" / ""He wanted me to fulfill my destiny and he had plans for me."" / ""I heard them say he's dead."" / ""they felt a faint pulse."""
Girl of six has seizure and returns from void and light with overwhelming abilities,iands,data\iands\girl-of-six-has-seizure-and-returns-from-void-and-light-with-overwhelming-abilities.json,1,no,no,not_mentioned,spiritual_realm,not_mentioned,not_mentioned,no,not_your_time,no,no,,"""Kimmie, it is not your time, you must go back.""; ""I was drawn to this light, traveling at the speed of light through the black void.""; ""I wanted to go back into the light, for I felt that is where I belonged."""
"German man separates from his burning body and watches, then gets all questions answered",iands,data\iands\german-man-separates-from-his-burning-body-and-watches-then-gets-all-questions-answered.json,1,not_mentioned,not_mentioned,not_mentioned,not_mentioned,implied,not_mentioned,not_mentioned,no_reason_given,no,no,,"""My consciousness had separated from my body and I seemed to be next to it, watching... like a spectator""; ""You're not dead, Anke!""; ""You can now make a DECISION... Do you want to return to this, your body, or say goodbye to it here and now?"""
German man in collision analyses consciousness and moral issues,iands,data\iands\german-man-in-collision-analyses-consciousness-and-moral-issues.json,1,not_mentioned,not_mentioned,not_mentioned,not_mentioned,implied,not_mentioned,not_mentioned,no_reason_given,no,no,,"""my immortal consciousness, or rather my soul or spiritual self, left the (clinically) dead body at faster-than-light speed.""; ""Around me was the total knowledge of the universe""; ""Everything simply exists—there is no before, now, or after""; ""I could hear their voices: 'Is he dead?'"""
Gargantuan Energy Source,iands,data\iands\gargantuan-energy-source.json,1,no,no,not_mentioned,not_mentioned,yes_explicit,not_mentioned,no,not_your_time,no,no,,“He” said “you are not ready yet. You have to go back.” / “He” was a gargantuan energy source. I felt like he was God himself.
Found but Lost,iands,data\iands\found-but-lost.json,1,no,no,not_mentioned,not_mentioned,implied,not_mentioned,no,not_your_time,no,no,,"""Death is a transition from one form into another.""; ""the experience is not of words but rather a 'knowing.'""; ""he bumped me hard and I went through a white, white tunnel very fast.""; ""I am no longer religious but would call myself spiritual."""
Floating through the Air,iands,data\iands\floating-through-the-air.json,1,no,no,not_mentioned,not_mentioned,implied,none,no,no_reason_given,no,no,,"“I'm not sitting. I'm not standing. I'm not lying down. Nothing on my body touches the ground. How am I existing?”; “I cannot go. I cannot go. Don't you hear me? I still have to meet my boyfriend.”; “At 2 o'clock you were dead!”; “The second time I died, I did not experience anything except for complete darkness, nothing else. Just darkness.”"
Confirmation of Eternity,iands,data\iands\confirmation-of-eternity.json,1,no,no,not_mentioned,not_mentioned,implied,not_mentioned,no,no_reason_given,no,no,,"“I found myself floating calmly above my body, invisible and in a state of hyper-awareness.” “I had total and complete amnesia about my 10 years of mortal life lived on earth.” “I didn’t see any ‘tunnel,’ nor were there angels beckoning my soul to heaven.” “That experience confirmed my eternity.”"
Concentrate on breathing and opening your eyes,iands,data\iands\concentrate-on-breathing-and-opening-your-eyes.json,1,not_mentioned,not_mentioned,not_mentioned,not_mentioned,implied,not_mentioned,not_mentioned,not_your_time,no,no,,"""Tina…Tina…Tina, it is not your time yet, so don't worry or panic. Relax… and focus on calming your body…. I need you to concentrate on breathing… and opening your eyes."""
Comparison of near-death and drug-induced experiences,iands,data\iands\comparison-of-near-death-and-drug-induced-experiences.json,1,no,no,not_mentioned,not_mentioned,yes_explicit,not_mentioned,no,family_responsibility,not_mentioned,no,,"“Existing without a body, unlocatable and deeply peaceful.” / “I experienced myself as feeling light and of spirit not form.” / “Then suddenly I was in the unlocatable indescribable peace and love… and not just in it; I was it.”"
College student smoking hash has OOB and returns with new understandings,iands,data\iands\college-student-smoking-hash-has-oob-and-returns-with-new-understandings.json,1,not_mentioned,not_mentioned,not_mentioned,spiritual_realm,not_mentioned,not_mentioned,not_mentioned,not_mentioned,not_mentioned,not_mentioned,,"“I found myself somewhere that was all light. In every direction, all I could see was light.” “What I felt was intense bliss.” “Everyone is immortal. No one ever dies permanently.” “This world is not our home, but there is a place that is our home.” “Everyone makes it home eventually.” “Everyone is in bliss all the time, though we’re not aware of it.”"
Mathew B NDE 9324,nderf,data\nderf\04994_mathew-b-nde-9324.json,1,no,not_mentioned,not_mentioned,spiritual_realm,not_mentioned,not_mentioned,not_mentioned,not_mentioned,no,not_mentioned,,"“everything is going to be alright, just chill out”"
Susie P NDE 9323,nderf,data\nderf\04993_susie-p-nde-9323.json,1,no,no,not_mentioned,not_mentioned,yes_explicit,none,no,family_responsibility,yes_explicit,no,Told she would write a book about the experience that would inspire people around the world (including inspiring others to heal).,"“I left the bag of bones that is my flesh and body and I became spirit, like a gaseous wisp of energy.” / “I became one with all the stars around me.” / “I remember clearly that I was given the choice about coming back into my body.” / “I was literally fear-less.”"
Al H NDE 9322,nderf,data\nderf\04992_al-h-nde-9322.json,1,yes_explicit,not_mentioned,not_mentioned,not_mentioned,not_mentioned,not_mentioned,not_mentioned,other,not_mentioned,not_mentioned,,"'Is that a bald spot? Am I going bald?'; 'True Sight in this realm is like 8 dimensions layered over what you can see.'; 'I am told that I will have most of my memories of this taken from me, as knowing the truth breaks this world and the reason for being here.'"
Sarah B STE 9315 NDE 9315,nderf,data\nderf\04989_sarah-b-ste-9315-nde-9315.json,1,no,no,not_mentioned,not_mentioned,implied,none,no,family_responsibility,yes_explicit,no,Message/instruction from the 'Forest Man': 'Have more fun.',"‘Greetings, and welcome back,’ he said. ‘I am a healer, and your sister Jayne has sent me to you.’ / ‘Have more fun.’ / ‘Come home,’ it said. / ‘Back. Get back. Get home.’"
Bruce S NDE 9312,nderf,data\nderf\04988_bruce-s-nde-9312.json,1,yes_explicit,not_mentioned,not_mentioned,not_mentioned,not_mentioned,not_mentioned,not_mentioned,not_mentioned,not_mentioned,not_mentioned,,“No you're not dead; just somewhere else in a different reality.” / “Whatever you do don't blame yourself for my death. It wasn't your fault. It was my fault.”
Sandy K NDE 9311,nderf,data\nderf\04987_sandy-k-nde-9311.json,1,not_mentioned,not_mentioned,not_mentioned,not_mentioned,yes_explicit,not_mentioned,no,not_your_time,implied,not_mentioned,Felt need to guide others and help humanity on a larger scale by sharing the excitement/joy and love communicated during the experience.,“Time seemed to stop but not lose meaning because the meaning of life was being telepathically transcribed to me and on a cellular level.”
Elodie B Probable NDE 9291,nderf,data\nderf\04974_elodie-b-probable-nde-9291.json,1,no,no,not_mentioned,not_mentioned,yes_explicit,not_mentioned,not_mentioned,not_mentioned,no,no,,"“it was as if my conscience was everywhere in the operating room” / “sucked into another dimension, into a vortex that was spinning anti-clockwise” / “The vortex was very colorful… like looking into a kaleidoscope.” / “When I was in the tunnel, it was as if time had stopped.”"
David H Probable NDE 9282,nderf,data\nderf\04969_david-h-probable-nde-9282.json,1,not_mentioned,not_mentioned,not_mentioned,not_mentioned,yes_explicit,not_mentioned,no,not_your_time,implied,no,He was told to 'look to the Lord to find my answer.','You're not ready.'; 'look to the Lord.'; 'Everything will be all right.'; 'Someone up there loves you!'
Don R NDEs 23476 NDE 23476,nderf,data\nderf\04968_don-r-ndes-23476-nde-23476.json,1,no,no,not_mentioned,not_mentioned,implied,not_mentioned,no,family_responsibility,no,no,,"""I need to keep track so I can find my way back.""; ""go be with God or return to my body so I could be there for my daughter.""; ""be there for my daughter."""
Travis S Probable NDE 9274,nderf,data\nderf\04963_travis-s-probable-nde-9274.json,1,no,not_mentioned,not_mentioned,not_mentioned,yes_explicit,not_mentioned,not_mentioned,other,no,not_mentioned,,"""There was light, but no light bulbs. The place smelled clean, and flowery, but I saw no flowers nearby."" / ""It was as if we were on an island in the sky, but a bright haze blurred the edges of the land."" / ""She told me that I would be okay and that WE would be whole again."""
Shawnise C NDE 9273,nderf,data\nderf\04962_shawnise-c-nde-9273.json,1,no,no,not_mentioned,spiritual_realm,not_mentioned,not_mentioned,no,other,not_mentioned,no,,"""oh no I just died...I didn’t mean to die""; ""Swiftly, a calmness came over me like a soft and gentle comfy blanket.""; ""I was immortal floating towards a warm inviting being of light in a dark tunnel.""; ""I felt special, connected, welcomed, home, loved and equaled.""; ""It's like the prayers were an object and I was passing them by.""; ""This was my glimpse into paradise.""; ""Almost liked being sucked through a portal."""
Katharine S Possible NDE 9271,nderf,data\nderf\04960_katharine-s-possible-nde-9271.json,1,no,no,not_mentioned,not_mentioned,yes_explicit,none,no,not_your_time,implied,no,Impression that she was not supposed to be dead yet / not supposed to be there.,"""You don't belong here, go home.""; ER doctor: ""How are you alive? You should be dead."""
Jose G Probable NDE 9397,nderf,data\nderf\05033_jose-g-probable-nde-9397.json,1,no,not_mentioned,not_mentioned,not_mentioned,yes_explicit,not_mentioned,not_mentioned,not_mentioned,not_mentioned,not_mentioned,,"“I felt mentally in an empty space but with a dense atmosphere and an awareness of a much higher reality than my earthly reality.”
“The well-being was totally ineffable.”
“It was just pure thought.”"
Rick H NDE 9386,nderf,data\nderf\05031_rick-h-nde-9386.json,1,no,not_mentioned,not_mentioned,not_mentioned,yes_explicit,not_mentioned,not_mentioned,no_reason_given,no,no,,"“I was out of my body and above the room.” “I was a large golden cloud moving thru the ceiling.” “Everything 'down there' was make-believe, and everything up here was the real deal.” “I suddenly was crammed back into my body (felt like I was being squished).” “you gave us quite a scare”"
Steffan H NDE 16126,nderf,data\nderf\05027_steffan-h-nde-16126.json,1,no,no,not_mentioned,spiritual_realm,not_mentioned,not_mentioned,no,not_your_time,no,no,,"""I saw myself from an outside perspective, flying through a dark tunnel."" ""I was a ball of light and energy, flying super-fast."" ""After the tunnel, I was all of a sudden in the most beautiful blue water I’d ever seen... like a coloring-book blue."" ""At the end of the water was the most beautiful light I’d ever seen... like a sun that I could stare directly at."" ""It was then that God spoke to me... something along the lines that 'it’s not your time'."" ""I remember the love, the light, and the ecstasy of what 'home' really feels like."" ""The other side is nothing to be afraid of."""
Sharlene S NDE 9361,nderf,data\nderf\05020_sharlene-s-nde-9361.json,1,no,not_mentioned,not_mentioned,spiritual_realm,not_mentioned,not_mentioned,no,family_responsibility,not_mentioned,not_mentioned,,"'it\'s the prayers of the saints holding you up' ; 'are you okay, you\'re okay, we\'re making sure you\'re okay' ; 'The light was alive and it was love and it was loving.' ; 'It is the most beautiful light I have ever seen... The light is called Glory.' ; 'There was No time there... It stood still and it happened at once.' ; 'It\'s more real there than it is here.'"
Monique R Possible NDE 9351,nderf,data\nderf\05015_monique-r-possible-nde-9351.json,1,no,no,not_mentioned,not_mentioned,yes_explicit,not_mentioned,no,no_reason_given,no,no,,"""she is dead. I don’t feel a pulse.""; ""it’s ok! I am alright.""; ""I have to get out of here.""; ""It was dark around me and it appeared as if I was just seeing. Infinity! There seemed to be no time or space."""
Sam K Probable NDE 9347,nderf,data\nderf\05013_sam-k-probable-nde-9347.json,1,yes_explicit,not_mentioned,not_mentioned,not_mentioned,not_mentioned,not_mentioned,no,not_mentioned,yes_explicit,no,"Presented with advanced knowledge (quantum physics/biomimetics) to translate spiritual symbolism into physical design, enabling construction/patenting of a clean energy device.","""You are not alone in the universe. You will never be alone in the universe, because you are the universe""; ""I give my soul to Jesus Christ""; ""There was not a voice but a telepathic communication."""
Kaitlin S Anesthesia 9341 NDE 9341,nderf,data\nderf\05005_kaitlin-s-anesthesia-9341-nde-9341.json,1,no,no,not_mentioned,not_mentioned,yes_explicit,not_mentioned,no,family_responsibility,no,no,,"“I was watching the surgery from above, like a corner of the room.” “My entire body felt warm and comfy, like I was under the most amazing blanket.” “You can keep walking towards me. But if you do you’ll reach the point you can’t go back. You’ll reach the point of no return.” “But your girls need you. You need to decide.”"
Hugh P NDE 16124,nderf,data\nderf\05001_hugh-p-nde-16124.json,1,no,no,not_mentioned,spiritual_realm,not_mentioned,none,no,not_your_time,not_mentioned,no,,"“I had returned to a familiar, comfortable and loving place that I recognized as home. Even though everything was dark and no one there to greet me…”; “But it wasn’t my time, I couldn’t stay, I had to leave, go back.”; “My forced slow re-entry to this reality, came about by dots of energy rushing across my vision from left to right.”"
Ramona C NDE 9334,nderf,data\nderf\05000_ramona-c-nde-9334.json,1,yes_explicit,not_mentioned,not_mentioned,not_mentioned,not_mentioned,not_mentioned,no,family_responsibility,implied,no,She states she believes she has a mission but does not know what it is.,"Described the realm as ""clear open white space"" and a transitional ""waiting station."" Returning: ""I have to get back to my boys."""
Euphoria way beyond crack cocaine,iands,data\iands\euphoria-way-beyond-crack-cocaine.json,1,no,no,not_mentioned,spiritual_realm,not_mentioned,none,no,no_reason_given,no,no,,"""As I came out of the anesthesia I felt as if I was literally yanked from a beautiful place."" ""I felt totally immersed in pure joy and love."" ""I demanded they return me there immediately!"" ""The feeling I had during my experience was much like that euphoria but magnified a thousand times..."""
Ethereal Tunnel,iands,data\iands\ethereal-tunnel.json,1,no,no,not_mentioned,not_mentioned,yes_explicit,not_mentioned,no,family_responsibility,yes_explicit,no,Told she would live a long life and had 'lots of work to do.',"“What the hell happened? She was fine a few minutes ago! Get the cart (crash cart)!”; “It isn't time for her. How did this happen?”; “But, you will have to do this all over again. You will live a long life and you have lots of work to do.”; “Who will take care of the baby?”"
Don't move out of the light or you will never leave this place,iands,data\iands\don-t-move-out-of-the-light-or-you-will-never-leave-this-place.json,1,no,no,not_mentioned,not_mentioned,implied,not_mentioned,no,no_reason_given,not_mentioned,no,,"""Don't move out of the light or you will never leave this place."" ""How did I get here? I have to find a way out."""
Divine Encounters,iands,data\iands\divine-encounters.json,1,implied,no,not_mentioned,not_mentioned,not_mentioned,not_mentioned,no,not_mentioned,implied,no,"He reports his life's purpose became clear after the experience and refers to a ""divinely appointed"" purpose.","""(Jesus) Christ, dressed in white light.""; ""What must I learn, what must I take away from this experience""; ""Wonderful!""; ""born again""; ""divinely appointed"" purpose."
Did you go to heaven?,iands,data\iands\did-you-go-to-heaven.json,1,no,no,not_mentioned,not_mentioned,implied,not_mentioned,no,not_your_time,no,no,,"""It's not your time yet. You have to go back. Everything will be okay."" / ""Go with her. She'll take care of you."" / ""Are you ready?"""
Dancing with Gratitude,iands,data\iands\dancing-with-gratitude.json,1,no,no,not_mentioned,not_mentioned,yes_explicit,not_mentioned,no,other,no,no,,"""You made this, this is your reward, enjoy it""; ""You are dead""; ""I think I'm dying""; ""This isn't so bad""."
Construction worker sees his Mamaw and feels love as a dog and birds try to save him,iands,data\iands\construction-worker-sees-his-mamaw-and-feels-love-as-a-dog-and-birds-try-to-save-him.json,1,not_mentioned,not_mentioned,not_mentioned,spiritual_realm,not_mentioned,not_mentioned,not_mentioned,not_mentioned,not_mentioned,not_mentioned,,"""I experienced the greatest love anyone could imagine.""; ""I could hear the insects crawling around me. I could hear each individual bird chirping.""; ""I saw a rainbow tunnel that was coming out of my head.""; ""I was in a white void. It was bright or blinding. It was calming!""; ""David, I love you.""; ""It felt like ALL the love in the world had enclosed around me.""; ""He told the customer that he felt like I was dead!""; ""I know without a doubt that Christ gave me a gift of experiencing his Agape Love for me.""; ""I wanted to go back home."""
Billions of Conscious Minds,iands,data\iands\billions-of-conscious-minds.json,1,not_mentioned,not_mentioned,not_mentioned,not_mentioned,implied,not_mentioned,not_mentioned,earthly_mission,yes_explicit,not_mentioned,The female entity told him to 'bring her children back to her.' He also felt he had not accomplished a task and said he had to go back.,“I refuse to believe that I came back to a crippled body. I will this body to start moving!”; “what I create is mine”; “bring her children back to her.”
At Birth,iands,data\iands\at-birth.json,1,no,no,not_mentioned,not_mentioned,implied,not_mentioned,no,no_reason_given,no,no,,"""So this is what it feels like to die""; ""terrible, very unwell."""
Constanza S NDE 9446,nderf,data\nderf\05077_constanza-s-nde-9446.json,1,no,not_mentioned,not_mentioned,not_mentioned,yes_explicit,not_mentioned,not_mentioned,not_your_time,implied,no,"She reports a sense of purpose/mission: evolving, healing, spreading love, sharing her story/obstacles; she connects this to writing songs.","“please don’t let me go, that it was not my time yet.” / “This can't be true. This can't be true.” / “it's not time yet 333”."
Gail C NDE 9440,nderf,data\nderf\05072_gail-c-nde-9440.json,1,no,no,not_mentioned,not_mentioned,yes_explicit,not_mentioned,no,other,implied,no,"Impression that continuing life was like ""finishing a project""; first NDE voice said she had ""lots to do.""","“No, no, go back, you still have lots to do.” / “Remember last time?” / “Well this time is different.” / “This time it can go either way.” / “You have to choose!” / “You need to ASK!”"
Yin-Ya NDE 16127,nderf,data\nderf\05070_yin-ya-nde-16127.json,1,no,no,not_mentioned,not_mentioned,implied,none,no,family_responsibility,no,no,,"""After all the organs were inoperative, I lay flat, rising and floating vertically."" ""Slowly I flew into a dark space... and there was a gleaming light very far away."" ""It was a very, very comfortable feeling."" ""Later I thought about my kids being too young so that I have to go back. Instantly I woke up."""
Janice F NDE 9436,nderf,data\nderf\05068_janice-f-nde-9436.json,1,no,no,not_mentioned,not_mentioned,implied,not_mentioned,no,not_mentioned,no,no,,“It looked like a living nativity scene.”; “Then she lifted her head and smiled at me. I was suddenly filled with so much love and felt like I was so very important.”; “suddenly it felt like I was being yanked out of the water and took a huge breath”
Andrew M NDE 9431,nderf,data\nderf\05063_andrew-m-nde-9431.json,1,no,not_mentioned,not_mentioned,not_mentioned,implied,not_mentioned,not_mentioned,not_your_time,not_mentioned,not_mentioned,,“I had more to do” and I “wasn’t meant to stay yet.”
Patrick P NDE 9430,nderf,data\nderf\05062_patrick-p-nde-9430.json,1,implied,no,not_mentioned,not_mentioned,not_mentioned,not_mentioned,no,other,implied,no,"He was told he was going back ""for a reason"" but was never told why.","""No, go back!""; ""No, not like this. Follow my breathing. Concentrate on breathing.""; ""aw f#$%. No, you gotta be kidding me!""; ""A voice you didn't hear but felt."""
Eleanor W STE 9428 NDE 9428,nderf,data\nderf\05060_eleanor-w-ste-9428-nde-9428.json,1,no,not_mentioned,not_mentioned,not_mentioned,yes_explicit,not_mentioned,not_mentioned,not_mentioned,yes_explicit,no,"Telepathic message: ""So, go, live your life well.""","""One day, your essence, your spirit, your experiences, will find a home there. Nothing is ever be lost or destroyed. I promise you; all will work out fine in the end. There’s No need to worry. But, you have plenty of things to be getting on with. So, go, live your life well."""
Tony W NDE 9422,nderf,data\nderf\05055_tony-w-nde-9422.json,1,no,not_mentioned,not_mentioned,not_mentioned,implied,not_mentioned,no,no_reason_given,no,no,,"""I felt a feeling of love that was thousands of times more powerful than any love I have ever felt. It's impossible to describe in words."""
Naomi NDEs 9420 NDE 9420,nderf,data\nderf\05053_naomi-ndes-9420-nde-9420.json,1,no,not_mentioned,not_mentioned,spiritual_realm,not_mentioned,not_mentioned,no,family_responsibility,no,no,,"“It was like going back to my real home and with my real family.”; “I remember feeling a heavy and unclean feeling to be back in my body.”; “Without talking, the Being mentioned my four-year old daughter.”"
Estelle G STE 9415 NDE 9415,nderf,data\nderf\05049_estelle-g-ste-9415-nde-9415.json,1,no,no,not_mentioned,spiritual_realm,not_mentioned,not_mentioned,not_mentioned,not_your_time,no,no,,"""It’s not your time yet, but you have a choice whether to stay or not. Know, however, that if you decide to stay, everything will be fine.""; ""I will stay.""; ""It’s working, I'm succeeding!""; ""She’s close to death and she's smiling.""; ""We caught you by your suspenders, in a mouse hole."""
Erin Q NDE 9411,nderf,data\nderf\05047_erin-q-nde-9411.json,1,not_mentioned,not_mentioned,not_mentioned,not_mentioned,yes_explicit,not_mentioned,not_mentioned,family_responsibility,not_mentioned,not_mentioned,,“It’s ALL about love. Everything! Universal love not just lower form romantic love.”
Kelly R FDE 9410 NDE 9410,nderf,data\nderf\05044_kelly-r-fde-9410-nde-9410.json,1,yes_explicit,not_mentioned,not_mentioned,not_mentioned,not_mentioned,not_mentioned,not_mentioned,not_mentioned,no,not_mentioned,,"“God please don’t let me die.”; “It was like I was just hovering over myself but just seeing darkness.”; “okay, you’re going to die here. You’re going to die alone.”"
Byun SS NDE 9409,nderf,data\nderf\05043_byun-ss-nde-9409.json,1,no,no,not_mentioned,not_mentioned,yes_explicit,not_mentioned,not_mentioned,not_mentioned,yes_explicit,no,“I heard to spread the message of love.”,"“Suddenly, I saw in front of me images like a movie, playing everything I had ever done in my life…”; “I had No physical body, I just existed inside extreme peace…”; “as soon as I thought this I was with my siblings…”; “I came to a barrier that I was not permitted to cross; or was sent back against my will.”"
Michael Z NDE 9403,nderf,data\nderf\05041_michael-z-nde-9403.json,1,no,not_mentioned,not_mentioned,spiritual_realm,not_mentioned,not_mentioned,not_mentioned,not_mentioned,not_mentioned,not_mentioned,,"“It was a downright excessive feeling of safety and security, stronger than any hug when I was a child.” / “Love, warmth, security, safety, well-being, relaxation, welcome....everything that you had already experienced in life, but altogether at once.” / “It was more of a coming home.” / “the experience can never be described!!”"
Deanna R NDE 9479,nderf,data\nderf\05098_deanna-r-nde-9479.json,1,no,not_mentioned,not_mentioned,not_mentioned,yes_explicit,not_mentioned,not_mentioned,not_your_time,no,no,,"'Not now. Go back.'; 'Just one more minute honey, we’re almost done.'"
Colecia W NDE 9478,nderf,data\nderf\05097_colecia-w-nde-9478.json,1,yes_explicit,not_mentioned,not_mentioned,not_mentioned,not_mentioned,not_mentioned,not_mentioned,other,not_mentioned,not_mentioned,,"“My soul was on fire, but my body was broken.”"
Zhenya T NDE 9476,nderf,data\nderf\05094_zhenya-t-nde-9476.json,1,no,not_mentioned,not_mentioned,not_mentioned,yes_explicit,not_mentioned,not_mentioned,not_mentioned,no,no,,“I remember being in a white void… a ‘space’ where everything and nothing exists. It is just pure existence.”
Bahar Y NDE 9475,nderf,data\nderf\05093_bahar-y-nde-9475.json,1,no,no,not_mentioned,not_mentioned,implied,not_mentioned,not_mentioned,not_mentioned,no,not_mentioned,,“I could see from above my body how my teacher was swimming towards me.”
Cynthia D STE 9472 NDE 9472,nderf,data\nderf\05091_cynthia-d-ste-9472-nde-9472.json,1,no,not_mentioned,not_mentioned,spiritual_realm,not_mentioned,not_mentioned,not_mentioned,family_responsibility,no,no,,"""CAN YOU FEEL IT?""; ""You can stay, or go back.""; ""Mike, can you see me? Can you hear me?"""
Dr. Phil P FDE and NDE 9471,nderf,data\nderf\05090_dr-phil-p-fde-and-nde-9471.json,1,no,no,not_mentioned,not_mentioned,yes_explicit,none,no,other,not_mentioned,no,,"""We are constructivists! We can determine how we see our lives!""; ""If I yank the wheel around at the last moment, can I manage a flying roll over the concrete barrier?""; ""Strangely enough, during this fainting, I feel my life is connected with all life on this earth.""; ""Everything inside me screams out: I don't want to die."""
Renata D NDE 9465,nderf,data\nderf\05088_renata-d-nde-9465.json,1,no,not_mentioned,not_mentioned,not_mentioned,yes_explicit,not_mentioned,not_mentioned,not_your_time,not_mentioned,not_mentioned,,"""It's not your time yet."""
Carmie S FDE 9461 NDE 9461,nderf,data\nderf\05086_carmie-s-fde-9461-nde-9461.json,1,not_mentioned,not_mentioned,not_mentioned,not_mentioned,implied,not_mentioned,no,not_mentioned,implied,no,"After seeing biblical history and the crucifixion: ""Get me out of here. I have to go tell the world.""","'Do you understand what is happening to you?' 'Do you understand the consequences of your sins?' 'Do you understand you will be eternally separated from your children?' ""Jesus save me!"" ""Get me out of here. I have to go tell the world."""
Jeff L NDE 9453,nderf,data\nderf\05080_jeff-l-nde-9453.json,1,no,no,not_mentioned,not_mentioned,yes_explicit,not_mentioned,not_mentioned,not_mentioned,no,no,,"“Where's the tunnel of light? Where are the loving dead relatives beckoning you forth? Where are the angels of light urging you to fear not and be of good cheer?”; “This thing feels like it's made of wet concrete.”; “Nothing hurt, and the afterlife tenderly awaits your arrival.”"
Child leaves body during tonsillectomy and remembers operating room and Jesus,iands,data\iands\child-leaves-body-during-tonsillectomy-and-remembers-operating-room-and-jesus.json,1,no,no,not_mentioned,spiritual_realm,not_mentioned,not_mentioned,no,family_responsibility,no,no,,"“I am so overwhelmed with unconditional love.” “Everything… is connected. And love is the connection.” “I felt like a rubber band snapped and I was propelled like a missile into my body.” “I died, didn’t I?” “Sometimes, they know. I don't know how, but sometimes they know.” “You have to go back. Also, your mother needs you.” “I knew that was home.”"
Charcoal Corridor,iands,data\iands\charcoal-corridor.json,1,no,no,not_mentioned,not_mentioned,implied,not_mentioned,no,other,no,no,,"""The left meant I would choose to die and the right to live."" / ""This is life."" / ""I just slid back into my body."""
Certain of an Afterlife,iands,data\iands\certain-of-an-afterlife.json,1,no,no,not_mentioned,not_mentioned,implied,not_mentioned,no,not_your_time,not_mentioned,no,,"“There was no thought, no feeling, and no body.” “I was stopped, like I had hit an invisible wall.” “not yet.”"
Canadian woman has cardiac arrest NDE and unusual after-effects,iands,data\iands\canadian-woman-has-cardiac-arrest-nde-and-unusual-after-effects.json,1,no,no,not_mentioned,not_mentioned,implied,not_mentioned,no,not_mentioned,no,no,,"""I am going to die today.""; ""The blue wall had opened up to bright light.""; ""I found myself standing, looking at a merry-go-round that my two youngest sons were playing on.""; ""It felt as if I was being sucked at high speed through a waterslide when I woke up.""; ""I became an extreme empath."""
Canadian Catholic three-year-old drowned and said Mary smiled at her,iands,data\iands\canadian-catholic-three-year-old-drowned-and-said-mary-smiled-at-her.json,1,no,no,not_mentioned,not_mentioned,implied,not_mentioned,no,no_reason_given,no,no,,"""Mary smiled at me and she was so beautiful.""; ""Ah, it's you!""; ""I felt so much love and remembered that I was so important.""; ""I was pulled (sucked) out of the water""; ""In my mind now, death is not scary, because we don't really die. It's going to be amazing."""
Brief childhood NDE leaves woman highly intuitive and filled with childlike wonder and curiosity,iands,data\iands\brief-childhood-nde-leaves-woman-highly-intuitive-and-filled-with-childlike-wonder-and-curiosity.json,1,not_mentioned,not_mentioned,not_mentioned,not_mentioned,implied,not_mentioned,not_mentioned,not_mentioned,not_mentioned,not_mentioned,,"""Being briefly dead was a release from excruciating pain."" ""I experienced pure Love."" ""The most beautiful voice I've ever heard."" ""words cannot truly convey them"""
Boy has NDE when given laughing gas by dentist,iands,data\iands\boy-has-nde-when-given-laughing-gas-by-dentist.json,1,no,no,not_mentioned,not_mentioned,implied,none,no,no_reason_given,no,no,,"""I WAS Vibration, I WAS Resonance, I WAS Sound, I WAS Energy...""; ""I suddenly passed into an absolute and unfathomable 'Void', free from all characteristics""; ""moved forward as a formless 'dot' at an unprecedented speed""; ""wave movement of an alternating swelling/deswelling loud and dominant 'cosmic' Sound ('roar')""."
"Archive through May 12, 2004 - Anonymous (Tuesday, April 13, 2004 - 11:14 am)",iands,data\iands\archive-through-may-12-2004-018.json,1,no,no,not_mentioned,not_mentioned,yes_explicit,not_mentioned,no,earthly_mission,implied,no,"The speaking light said: ""everything is alright now. you have done a great job of telling them about Jesus."" The experiencer pleaded to return because he felt no one else ""loves everybody enough to want to save them all like I do.""","""everything is alright now. you have done a great job of telling them about Jesus.""; ""no I can’t. , I can’t not now. I got to go back.""; ""I was what they called dead to the world, but not to the light.""; ""I no longer believe in goodbyes either... because I know now there is no death."""
Peter P STE 9543 NDE 9543,nderf,data\nderf\05139_peter-p-ste-9543-nde-9543.json,1,no,not_mentioned,not_mentioned,spiritual_realm,not_mentioned,not_mentioned,no,not_mentioned,no,no,,"""I felt pure love, shining brighter than anything you can imagine."" / ""We are bathing in the beauty of the song that makes our heart singing - That's God."" / ""Life is not a school but a remembrance about what we really are."""
Jacky C NDE 16129,nderf,data\nderf\05137_jacky-c-nde-16129.json,1,no,no,not_mentioned,not_mentioned,yes_explicit,not_mentioned,no,family_responsibility,no,no,,"""Immediately I felt strange how this happened that I was bodiless and feeling light weighted."" ""Then, the bronze mirror projected my life from young to adulthood at a super high speed."" ""And I knew that once I passed the bright light then I could never come back anymore."" ""No, if I left, my parents would be weeping and sad. No, I have to come back."""
Ryan R NDE 9535,nderf,data\nderf\05133_ryan-r-nde-9535.json,1,no,no,not_mentioned,not_mentioned,yes_explicit,none,no,not_mentioned,no,not_mentioned,,“I could see any direction at any distance simply by willing it.”
Eileen B NDE 9523,nderf,data\nderf\05127_eileen-b-nde-9523.json,1,no,no,not_mentioned,not_mentioned,implied,not_mentioned,not_mentioned,family_responsibility,no,not_mentioned,,"'Oh my God, I'm dying! Please don't let me die here in Germany. It will kill my mom to lose me.'"
Susanne G NDE 9520,nderf,data\nderf\05126_susanne-g-nde-9520.json,1,no,no,not_mentioned,not_mentioned,yes_explicit,not_mentioned,no,not_mentioned,no,no,,"“I'm am both, a patient and a bystander.” “The last safety line has been cut by the shadow.” “In the darkness, a gate appears on my left side.” “My transition had been denied.” “In my memory, everything happens at the same time.”"
Heather W Probable NDE 9515,nderf,data\nderf\05123_heather-w-probable-nde-9515.json,1,not_mentioned,not_mentioned,not_mentioned,not_mentioned,yes_explicit,not_mentioned,not_mentioned,not_mentioned,no,not_mentioned,,"“We lost you there.” / “I didn’t feel lost though. I felt warm, content, and perfect. I felt like I was in a warm spring and I had all of those that I loved in the room with me.”"
Sanne V NDE 9513,nderf,data\nderf\05122_sanne-v-nde-9513.json,1,no,no,not_mentioned,not_mentioned,yes_explicit,not_mentioned,not_mentioned,not_mentioned,no,not_mentioned,,"“I remember everything being dark, but it was not scary.” “Everything I thought was happening at the same time.” “This memory is way more accurate than any of my other memories.”"
François D STE 9510 NDE 9510,nderf,data\nderf\05119_fran-ois-d-ste-9510-nde-9510.json,1,no,not_mentioned,not_mentioned,not_mentioned,yes_explicit,not_mentioned,no,not_your_time,yes_explicit,no,"He said (in his physical body) his assignment was: ""To love the world.""","""Please God, call me back to you.""; ""I'm coming back.""; ""To love the world."""
Michele C NDE 9505,nderf,data\nderf\05118_michele-c-nde-9505.json,1,no,no,not_mentioned,not_mentioned,yes_explicit,not_mentioned,not_mentioned,no_reason_given,no,no,,"“I experienced my soul leaving my body.” “I had the gift of being everywhere at once.” “As soon as the medicine went into my system, I reentered my body.”"
Sanna F SDE 9509 NDE 9509,nderf,data\nderf\05117_sanna-f-sde-9509-nde-9509.json,1,no,no,not_mentioned,spiritual_realm,not_mentioned,none,no,not_mentioned,no,not_mentioned,,“Come with me.” / “It was home.”
Christopher C NDEs 9501 NDE 9501,nderf,data\nderf\05113_christopher-c-ndes-9501-nde-9501.json,1,not_mentioned,not_mentioned,not_mentioned,not_mentioned,yes_explicit,not_mentioned,no,not_mentioned,not_mentioned,no,,"""Oh my god, how have I lived all my life and not seen this? It has been right in front of my eyes the whole time""; ""OH MY GOD! Let me catch my breath, and then I am going to tell you something amazing!"""
Susan H NDE 9492,nderf,data\nderf\05106_susan-h-nde-9492.json,1,no,no,not_mentioned,not_mentioned,yes_explicit,not_mentioned,no,other,no,no,,“Susan come back!”
Andrea G FDE 9490 NDE 9490,nderf,data\nderf\05103_andrea-g-fde-9490-nde-9490.json,1,no,no,not_mentioned,not_mentioned,yes_explicit,not_mentioned,not_mentioned,not_mentioned,no,not_mentioned,,'We’ve been hit and we’re going to be hit again.' / 'Is this how we die?' / 'I’m glad mum can’t see this as she hates going backwards.'
Chris C NDE 9489,nderf,data\nderf\05102_chris-c-nde-9489.json,1,no,not_mentioned,not_mentioned,not_mentioned,implied,none,no,no_reason_given,no,no,,"""Oh no, not THIS again!"""
Tina K Probable NDE 9484,nderf,data\nderf\05100_tina-k-probable-nde-9484.json,1,yes_explicit,not_mentioned,not_mentioned,not_mentioned,not_mentioned,not_mentioned,not_mentioned,family_responsibility,implied,no,"She reports realizing she was ""supposed to bring as many souls to Jesus as possible.""","""go back!""; ""very bright light""; beings ""looked like white shadows""; ""No one really spoke it was all in the mind."""
Isabel B Probable NDE 9550,nderf,data\nderf\05144_isabel-b-probable-nde-9550.json,1,no,no,not_mentioned,not_mentioned,yes_explicit,not_mentioned,no,not_mentioned,no,no,,“Please hurry.” “Those are only words.”
Yolanda A NDE 9546,nderf,data\nderf\05141_yolanda-a-nde-9546.json,1,no,no,not_mentioned,not_mentioned,implied,not_mentioned,not_mentioned,no_reason_given,no,no,,"""I'm dying!"""
Cynthia C Probable NDE 9545,nderf,data\nderf\05140_cynthia-c-probable-nde-9545.json,1,no,no,not_mentioned,not_mentioned,yes_explicit,not_mentioned,no,not_mentioned,not_mentioned,no,,"“I was in total darkness.” “no time and I had no body. Yet, I was conscious and aware.” “something evil was coming from an even darker place below me.” “Yeshua, Yeshua, Yeshua.” “Experience was definitely real… more real than anything I've ever experienced.”"
As Sacred as Birth,iands,data\iands\as-sacred-as-birth.json,1,no,no,not_mentioned,spiritual_realm,not_mentioned,none,no,family_responsibility,not_mentioned,no,,“It’s not your time. You must go back. Your child needs you.” / “I was home!” / “I want to stay.”
"Archive through September 28, 2003 - Anonymous (Monday, August 18, 2003 - 06:25 pm)",iands,data\iands\archive-through-september-28-2003-022.json,1,no,no,not_mentioned,not_mentioned,implied,none,no,not_your_time,no,no,,"“I was floating above what appeared to be my lifeless body being tossed around by the waves.” “I didn't feel hot, cold, wet or pain, just the most peaceful feeling I have difficulty putting into words.” “The spirits let me know I had to go back, that everything would be all right, that my time wasn't up yet.”"
"Archive through September 28, 2003 - Anonymous (Thursday, August 21, 2003 - 06:41 pm)",iands,data\iands\archive-through-september-28-2003-020.json,1,not_mentioned,not_mentioned,not_mentioned,spiritual_realm,not_mentioned,not_mentioned,not_mentioned,no_reason_given,not_mentioned,not_mentioned,,“when you see the brightest blue the whitest white and the greenest green you will be home.”
"Archive through September 28, 2003 - Anonymous (Friday, August 29, 2003 - 05:19 pm)",iands,data\iands\archive-through-september-28-2003-016.json,1,not_mentioned,not_mentioned,not_mentioned,spiritual_realm,not_mentioned,not_mentioned,not_mentioned,not_your_time,no,not_mentioned,,"""it isn't time yet, you have to go back now""; ""you have to go back...you're not through yet""; ""don't go...please come back"""
"Archive through September 28, 2003 - Anonymous (Friday, September 12, 2003 - 05:38 pm)",iands,data\iands\archive-through-september-28-2003-009.json,1,not_mentioned,not_mentioned,not_mentioned,not_mentioned,implied,not_mentioned,not_mentioned,family_responsibility,no,no,,"“I had a very real and remembered feeling of separating from my body…”; “I seemed to be floating above my body…”; “There was nothing comforting, or peaceable…”; “everything seemed in slow yet perceptible motion…”; “I knew that what I had experienced was indeed very real…”; “my body, mind and spirit were out of sync…”"
"Archive through September 08, 2002 - Anonymous (Saturday, July 20, 2002 - 12:43 am)",iands,data\iands\archive-through-september-08-2002-018.json,1,not_mentioned,not_mentioned,not_mentioned,spiritual_realm,not_mentioned,not_mentioned,not_mentioned,earthly_mission,implied,not_mentioned,"They state they are here for a reason and to ""help,"" possibly by sharing what they learned.","I was drawn into an extremely intense light that is of a power not available to a human world. There was a deep sense of peace, coming home and renewal."
"Archive through September 08, 2002 - Anonymous (Monday, July 22, 2002 - 10:18 pm)",iands,data\iands\archive-through-september-08-2002-017.json,1,no,no,not_mentioned,not_mentioned,implied,not_mentioned,no,no_reason_given,no,no,,"“I remember feeling very cold and then very quickly feeling free, carefree, and curious.”"
"Archive through September 08, 2002 - Anonymous (Sunday, August 25, 2002 - 10:20 pm)",iands,data\iands\archive-through-september-08-2002-004.json,1,no,no,not_mentioned,not_mentioned,implied,not_mentioned,no,earthly_mission,implied,no,Told they would “have to finish what I had started out to accomplish.”,"“I was a presence, aware of the yellow lined green clouds and, was being invited to jump into the turquoise sky.”; “I was in love.”; Voice: I could “not remain” there, I would “have to go back” and “have to finish what I had started out to accomplish”; “The Me in You, the You in Me, There is only ‘I AM.’”"
"Archive through May 22, 2002 - Anonymous (Wednesday, May 15, 2002 - 10:46 pm)",iands,data\iands\archive-through-may-22-2002-015.json,1,no,no,not_mentioned,not_mentioned,implied,not_mentioned,no,no_reason_given,no,no,,"""Words cannot adequately express what I felt or describe the experience.""; ""being back in the physical felt like being dead in comparison""; ""I know that consciousness exists beyond the physical body, that death is but a door we pass through, and that we are all one river."""
"Archive through May 22, 2002 - Anonymous (Wednesday, May 15, 2002 - 10:59 pm)",iands,data\iands\archive-through-may-22-2002-013.json,1,not_mentioned,not_mentioned,not_mentioned,not_mentioned,implied,not_mentioned,not_mentioned,no_reason_given,not_mentioned,not_mentioned,,“It felt as if I was pressing through a cotton ball.”; “I didn't have a mouth.”; “I was this energy...greenish hue...”; “I looked back and saw that my energy was continued into a long string like tail and it was resisting like a rubber band.”; “I was pulled back and slammed into my body.”
"Archive through May 22, 2002 - Anonymous (Wednesday, May 15, 2002 - 11:20 pm)",iands,data\iands\archive-through-may-22-2002-012.json,1,no,no,not_mentioned,not_mentioned,implied,none,no,not_your_time,no,no,,“a bright bright light surrounding me but I wasn’t in bed. I was walking and going towards the source of the light.”; “It wasn’t time yet.”; “the greatest feeling of unconditional love I have ever felt”
"Archive through May 12, 2004 - Anonymous (Tuesday, April 6, 2004 - 07:57 pm)",iands,data\iands\archive-through-may-12-2004-024.json,1,no,no,not_mentioned,not_mentioned,yes_explicit,not_mentioned,no,family_responsibility,not_mentioned,not_mentioned,,"""You cannot stay here."" / ""You have a choice, will you leave your mother and your baby behind?"" / ""Shawna, don't forget to breath"" / ""I'm so glad you came back."""
"Archive through May 12, 2004 - Anonymous (Tuesday, April 13, 2004 - 11:03 am)",iands,data\iands\archive-through-may-12-2004-020.json,1,no,no,not_mentioned,not_mentioned,implied,not_mentioned,no,no_reason_given,no,no,,"""I saw reality dissolve into nothingness."" ""I was told/shown that life was a school and that we were all students."" ""I had no body and no eyes, but I could still see."" ""I certainly have lost all fear of death."""
Cassandra A NDE 9675,nderf,data\nderf\05196_cassandra-a-nde-9675.json,1,no,no,not_mentioned,not_mentioned,implied,not_mentioned,no,family_responsibility,no,no,,"“Everything was the most beautiful, golden light.”
“I knew they were the spirit guides of the universe and I knew they created it.”
“In that moment, a million moments happened in seconds.”
“I was violently thrust back into my body.”"
Pietre M NDE 9674,nderf,data\nderf\05195_pietre-m-nde-9674.json,1,no,not_mentioned,not_mentioned,not_mentioned,implied,not_mentioned,no,not_mentioned,no,no,,“I watched from about 100 feet above and behind the car.” “There was a strange 'zooming' sound or sensation.” “I knew that the body is just a machine... but my soul is entirely separate from that machine.”
Amber W NDE 9632,nderf,data\nderf\05194_amber-w-nde-9632.json,1,not_mentioned,not_mentioned,not_mentioned,not_mentioned,yes_explicit,not_mentioned,not_mentioned,not_your_time,not_mentioned,not_mentioned,,“I was floating above my body.”; “bright white light”; “you have to return to my body because it is not my time yet.”
Don S Probable NDE 9628,nderf,data\nderf\05191_don-s-probable-nde-9628.json,1,no,no,not_mentioned,not_mentioned,yes_explicit,not_mentioned,not_mentioned,not_mentioned,no,no,,"“Put to sleep, floated to top of room and saw the nurse and doctor shaking me. Then I woke up in my body.”"
Maria RJ NDE 9624,nderf,data\nderf\05189_maria-rj-nde-9624.json,1,no,no,not_mentioned,not_mentioned,yes_explicit,not_mentioned,not_mentioned,other,no,no,,"""I DON'T WANT TO GO THERE"""
Melinda B NDE 9625,nderf,data\nderf\05187_melinda-b-nde-9625.json,1,no,no,not_mentioned,not_mentioned,yes_explicit,none,no,not_mentioned,implied,no,Needed to complete why she is alive / complete the life she was supposed to complete to move on; otherwise would be stuck in a bad timeless state.,“I was outside of the planet earth in space and outside of time. An instant was forever and forever was an instant.”
Tilda R NDE 9621,nderf,data\nderf\05185_tilda-r-nde-9621.json,1,no,no,not_mentioned,not_mentioned,yes_explicit,not_mentioned,no,no_reason_given,no,no,,“It was like a light switch had been flipped.”; “this must be my heaven”; “WHAT?”
Kevin Mc SDE 9619 NDE 9619,nderf,data\nderf\05184_kevin-mc-sde-9619-nde-9619.json,1,yes_explicit,not_mentioned,not_mentioned,not_mentioned,not_mentioned,not_mentioned,no,no_reason_given,yes_explicit,no,"One overwhelming message: ""SHARE YOUR STORY.""","“I was being thoroughly and completely engulfed in unconditional LOVE!”; “There was no time where I was.”; “In an instant, I was returned into my body.”; “Now, I don't believe. Now I KNOW!”; “SHARE YOUR STORY.”"
Arthur M Possible NDE 9616,nderf,data\nderf\05181_arthur-m-possible-nde-9616.json,1,no,no,not_mentioned,not_mentioned,implied,not_mentioned,no,family_responsibility,yes_explicit,no,Father “made me promise to take care of my mom and niece.”,"“A few minutes after they administered anesthesia, I was out of my body and looking at myself.” “Am I dead?” “No. You are having surgery…” “everything went white… stepped onto a cloud.” “He made me promise to take care of my mom and niece.”"
Bill D STE 9615 NDE 9615,nderf,data\nderf\05180_bill-d-ste-9615-nde-9615.json,1,not_mentioned,not_mentioned,not_mentioned,not_mentioned,yes_explicit,not_mentioned,no,other,yes_explicit,no,"He understood a purpose to help humanity through mind-body education and was directly instructed to ""WRITE!""","""I am about to show you what life COULD be like."" / ""Fear closes all doors. Fear closes all doors. Fear closes all doors."" / ""WRITE!"""
Shandeen D NDE 9588,nderf,data\nderf\05165_shandeen-d-nde-9588.json,1,yes_explicit,not_mentioned,not_mentioned,not_mentioned,not_mentioned,not_mentioned,not_mentioned,not_your_time,not_mentioned,not_mentioned,,"""The light was telling me that there are a lot of people going through an awakening.""; ""The light made it clear that there was life after death and we laughed how people thought death was the end.""; ""The light told me not to take this life so literal."""
Angel G SDE 9576 NDE 9576,nderf,data\nderf\05158_angel-g-sde-9576-nde-9576.json,1,yes_explicit,not_mentioned,not_mentioned,not_mentioned,not_mentioned,not_mentioned,not_mentioned,not_your_time,yes_explicit,no,"Angel told her she could not live and her time was near; after pleading, she was shown the future of her husband and children; after further pleading, angel said she would be allowed to live ""in between the here and there"" as an angel watching over their children; husband reports he was told/understood he must do certain things and to convey messages about faith, helping people, and preparing for what is coming.","""A concentrated white orb-light came out of her chest through the sternum, rose and hovered momentarily and then departed the room while accelerating."""
Terrance S NDE 9573,nderf,data\nderf\05156_terrance-s-nde-9573.json,1,no,no,not_mentioned,not_mentioned,yes_explicit,not_mentioned,no,not_your_time,implied,no,"He concluded he 'must continue to live my life with some special purpose. Some mission to fulfill,' and later was encouraged to foster troubled youth/pregnant teens.",'It is not your time'
Logan W NDE 9568,nderf,data\nderf\05153_logan-w-nde-9568.json,1,yes_explicit,not_mentioned,not_mentioned,not_mentioned,not_mentioned,not_mentioned,not_mentioned,no_reason_given,implied,no,"Unclear sense of purpose/repurposing; “they were unspoken, but they brought me a sense of purpose, life and meaning, to which Ive yet to discover.”","“Everything stopped. Time was neither moving forward or backwards, I simply 'was'.”
“held me in his arms as his wings wrapped around me; providing a sense of comfort and protection.”
“He enveloped me, and returned me through the point of entry. Flying quickly with me in his arms.”
“I was dead. But I was aware.”"
Shawn L NDE 9564,nderf,data\nderf\05150_shawn-l-nde-9564.json,1,no,no,not_mentioned,not_mentioned,yes_explicit,none,no,not_mentioned,no,no,,“There was a blue or purplish haze to everything.”; “I felt as if I was standing up next to where I had fallen and a line of past friends and relatives... were coming towards me.”; “They came down over the wall as if it was just an easy step down or as if they were on an escalator.”; “I clearly left my body and existed outside it.”; “I remember it being the absolute perfect temperature.”; “I have never really been scared of dying since then.”
Darla J NDEs 9556 NDE 9556,nderf,data\nderf\05146_darla-j-ndes-9556-nde-9556.json,1,yes_explicit,not_mentioned,not_mentioned,not_mentioned,not_mentioned,not_mentioned,not_mentioned,other,implied,no,"She believed she 'came back to life for a reason' and felt she 'must share this data,' but no specific task was described.",“I floated towards the top of a mountain. My hands touched the mountain.” “It was beautiful as I looked at a pattern in the ground.” “Then I was told by my grandmother to go back down the mountain.” “Everything seemed to be happening at once; or time stopped or lost all meaning.”
"Archive through March 30, 2004 - Anonymous (Thursday, March 11, 2004 - 12:59 pm)",iands,data\iands\archive-through-march-30-2004-024.json,1,not_mentioned,not_mentioned,not_mentioned,not_mentioned,implied,not_mentioned,not_mentioned,not_mentioned,not_mentioned,not_mentioned,,"“I had no body, but I was at a point of higher consciousness; a spiritual being telepathically was embracing me with love and peace like I have never known.”"
"Archive through March 30, 2004 - Anonymous (Thursday, March 25, 2004 - 08:54 pm)",iands,data\iands\archive-through-march-30-2004-020.json,1,no,no,not_mentioned,spiritual_realm,not_mentioned,not_mentioned,no,earthly_mission,yes_explicit,no,"Told by GOD: ""Make a difference"" and ""Show LOVE. Live LOVE. BE LOVE."" Also told she had not completed her mission and it was not her time.","""Make a difference, Gayle."" / ""Show LOVE. Live LOVE. BE LOVE."" / ""Breathe. Breathe. Breathe."" / ""Gayle, haven't we had this conversation once before?"""
"Archive through March 30, 2004 - Anonymous (Thursday, March 25, 2004 - 09:01 pm)",iands,data\iands\archive-through-march-30-2004-017.json,1,not_mentioned,not_mentioned,not_mentioned,not_mentioned,implied,not_mentioned,not_mentioned,no_reason_given,not_mentioned,not_mentioned,,"""I remember being in the top right hand corner of a large room in a hospital. I was up near the ceiling, looking down."" ""My vision was very sharp, I could 'hear' people in my thoughts, almost intuitively."" ""Suddenly, I was in TOTAL darkness, going upwards, a gliding feeling..."" ""a rectangle of light 'opened'. No light spilled out..."" ""I felt extreme sadness ...but just for a split second. Then I felt total acceptance with this 'door closing decision' that was not my decision."" ""I always have this 'inner peace' that is part of me now."""
"Archive through March 30, 2004 - Anonymous (Thursday, March 25, 2004 - 09:14 pm)",iands,data\iands\archive-through-march-30-2004-016.json,1,no,no,not_mentioned,not_mentioned,yes_explicit,not_mentioned,no,not_your_time,yes_explicit,no,"""It is not your time to be here, but you may stay if you chose. I have work for you if you choose to return."" The narrator later frames the work as sharing the experience/message about peace and virtues.","""I was in a place that is no place. It was the center of all places""; ""There was no time in this place""; ""There was only awareness. Of everything.""; ""It is not your time to be here, but you may stay if you chose. I have work for you if you choose to return."""
Janelle M Probable NDE 9708,nderf,data\nderf\05239_janelle-m-probable-nde-9708.json,1,no,not_mentioned,not_mentioned,not_mentioned,yes_explicit,not_mentioned,not_mentioned,not_mentioned,no,no,,"“I remember flying forward, spiraling at a very fast rate.” “I was outside and flying like out in space.” “I arrived and floated in the still and quiet and into a vast, white room. It appeared to be a waiting room. I didn’t see anyone and nobody came to meet me.” “I felt that I was in a timeless space and felt weightless.”"
Shayne D NDE 9695,nderf,data\nderf\05229_shayne-d-nde-9695.json,1,no,no,not_mentioned,not_mentioned,implied,not_mentioned,no,not_your_time,no,no,,“It's not your time yet.”; “Something with a jerking motion pulled me out of a thick gelatin-like substance.”
Tom M NDE 9693,nderf,data\nderf\05228_tom-m-nde-9693.json,1,no,not_mentioned,not_mentioned,not_mentioned,yes_explicit,not_mentioned,no,earthly_mission,yes_explicit,not_mentioned,"A female voice told him, ""you can stay or you can go back, if you decide to go back there are many things for you to do.""","""you can stay or you can go back, if you decide to go back there are many things for you to do.""; ""It was like a veil was lifted and I became super intelligent.""; ""I saw a bright white light that emitted pure unconditional love."""
Mark B Probable NDE 16133/4249 NDE 4249,nderf,data\nderf\05226_mark-b-probable-nde-16133-4249-nde-4249.json,1,not_mentioned,not_mentioned,not_mentioned,not_mentioned,implied,not_mentioned,not_mentioned,not_mentioned,not_mentioned,not_mentioned,,"""I felt separate from my body. I felt airy and lightheaded as I rose out of my seat and looked down upon my hands...""; ""I awoke within myself seemingly suspended in the midst of a dark void""; ""There was nothing to see, yet I could 'see' like never before.""; ""I came to a barrier that I was not permitted to cross; or was sent back against my will."""
Khalil Z NDE 9664,nderf,data\nderf\05220_khalil-z-nde-9664.json,1,no,no,not_mentioned,not_mentioned,yes_explicit,not_mentioned,not_mentioned,not_mentioned,no,not_mentioned,,"Grandfather: 'Boy, go back to your mom.' Uncle (on phone): 'If he's not on his way, I am deporting his butt back to Egypt.' Man entering room: 'Get him to the surgery room now.'"
Gregory T NDE 9663,nderf,data\nderf\05219_gregory-t-nde-9663.json,1,no,no,not_mentioned,not_mentioned,implied,not_mentioned,no,no_reason_given,no,no,,"“The feeling I had at that time was extreme calm. I felt no fear whatsoever.” / “I remember thinking that this isn't so bad, if this is death.” / “The clarity was extreme, which is interesting, since my vision is 20/400. I could see everything perfectly.”"
Sandra M NDE 9661,nderf,data\nderf\05217_sandra-m-nde-9661.json,1,no,not_mentioned,not_mentioned,spiritual_realm,not_mentioned,not_mentioned,no,family_responsibility,implied,no,"Told she had to go back; also reported being told she had to go back to care for her children and that she had ""more work to do.""","""I was at home; this is where I should be."" / ""No, go back."" / ""His mouth didn't move but he told me I had to go back."""
Glenn D NDE 16132,nderf,data\nderf\05215_glenn-d-nde-16132.json,1,no,no,not_mentioned,not_mentioned,yes_explicit,not_mentioned,no,not_your_time,not_mentioned,no,,"""Get back here now!""; ""going back in""; ""my heart might have stopped""; ""floated into the darkness above the ceiling""."
Arazdordi T NDE 9655,nderf,data\nderf\05214_arazdordi-t-nde-9655.json,1,no,not_mentioned,not_mentioned,spiritual_realm,not_mentioned,not_mentioned,not_mentioned,not_mentioned,no,no,,"“In this boundless and luminous space, I encountered a multitude of smiling baby faces. They greeted me with waves of welcome.”"
Stephanie M SDE 9653 NDE 9653,nderf,data\nderf\05212_stephanie-m-sde-9653-nde-9653.json,1,no,no,not_mentioned,not_mentioned,implied,not_mentioned,no,not_mentioned,no,no,,"“I was reduced to a point of consciousness, w/o a sentient body, floating 3+ feet above the ground level.”"
Thomas G NDE 9681,nderf,data\nderf\05201_thomas-g-nde-9681.json,1,no,not_mentioned,not_mentioned,not_mentioned,yes_explicit,not_mentioned,not_mentioned,not_your_time,implied,no,Felt God was telling him that ministry was his calling and God wanted him to do it.,"""You’re not going to die on my bird, not on my shift.""; ""Nope, your time has not expired yet.""; Grandfather: ""not to be afraid that this was heaven."""
Leonel C NDE 9677,nderf,data\nderf\05198_leonel-c-nde-9677.json,1,no,no,not_mentioned,not_mentioned,implied,none,no,no_reason_given,no,not_mentioned,,"“The next thing I remember seeing was me looking down on myself.” “I remained close to the ceiling and staring down on the situation.” “All of a sudden, I’m falling from the ceiling and feeling gravity pull me down.” “Once the bleeding was under control… I saw a bald spot on the top of his head.”"
Rob D NDE 9746,nderf,data\nderf\05269_rob-d-nde-9746.json,1,no,not_mentioned,not_mentioned,spiritual_realm,not_mentioned,not_mentioned,not_mentioned,not_your_time,no,no,,"She tells me in the most caring and loving way, that I am not supposed to be there yet and must return. She says she will see me again very soon when I'm supposed to be there."
Michael B NDE 9744,nderf,data\nderf\05267_michael-b-nde-9744.json,1,no,no,not_mentioned,not_mentioned,yes_explicit,none,no,other,no,no,,“I decided not to continue into the 'light' with them and turned around to head back into the dark.”
El S Probable NDE 9736,nderf,data\nderf\05263_el-s-probable-nde-9736.json,1,yes_explicit,not_mentioned,not_mentioned,not_mentioned,not_mentioned,not_mentioned,not_mentioned,not_your_time,not_mentioned,not_mentioned,,“I left my body and went to the astral realm.”; “My guides spoke to me telepathically.”; “A silver sphere appeared in my hand. Then Jesus’ light body appeared.”; “I was then told it was not my time.”; “Say something!” / “Something.”
Denise B NDE 9738,nderf,data\nderf\05260_denise-b-nde-9738.json,1,no,no,not_mentioned,not_mentioned,yes_explicit,not_mentioned,not_mentioned,no_reason_given,no,no,,“I fully realized that I had access to ALL the information in the universe. All I had to do was ask a question and the answer was right there.”
Joan S Anesthesia 23523 NDE 23523,nderf,data\nderf\05258_joan-s-anesthesia-23523-nde-23523.json,1,no,no,not_mentioned,not_mentioned,yes_explicit,not_mentioned,no,no_reason_given,no,no,,"“I slowly levitated out from my body, seeing the dentist, an assistant, and other people sitting around me.”"
Dane L NDE 9719,nderf,data\nderf\05246_dane-l-nde-9719.json,1,yes_explicit,no,not_mentioned,not_mentioned,not_mentioned,none,no,not_your_time,no,no,,"“The only way to describe what I felt in that corridor was love, no pain, no pressures, and no sadness.”"
"Archive through May 12, 2004 - Anonymous (Tuesday, April 13, 2004 - 11:54 am)",iands,data\iands\archive-through-may-12-2004-014.json,1,no,no,not_mentioned,not_mentioned,implied,none,no,not_mentioned,not_mentioned,no,,"""YOU CAN""T KILL A DEAD MAN""; ""AM I DEAD"" … ""NO, You're fine.""; ""You are fine, don't worry.""; ""Dave, Dave, Dave, Dave.""; ""You’re living on borrowed time.""; ""They defibrillated me 17 times""; ""I was gone for 55 minutes."""
"Archive through May 12, 2004 - Anonymous (Tuesday, April 13, 2004 - 12:02 pm)",iands,data\iands\archive-through-may-12-2004-013.json,1,not_mentioned,not_mentioned,not_mentioned,spiritual_realm,not_mentioned,not_mentioned,not_mentioned,not_mentioned,no,no,,"“I felt as if I was a part of ALL, a part of God.”; “Every thought interacted with the whole community. I had no questions; it seemed as if everything was revealed and crystal clear.”"
"Archive through May 09, 2002 - Anonymous (prime.kapa.net - 206.135.162.167) (Tuesday, February 26, 2002 - 11:31 am)",iands,data\iands\archive-through-may-09-2002-025.json,1,no,no,not_mentioned,spiritual_realm,not_mentioned,not_mentioned,no,not_your_time,implied,no,"Told she could not stay; promised she would return someday. In later experience, given a choice: return with the requirement to never attempt self-destruction and to accept responsibility/choice; focus on impact on sons and others.","""I've searched my whole life for words to describe the amount of love and serenity there, and none exist.""; ""You can not stay here with me""; ""It is not time for you to be here with me""; ""It's time""; ""None of us really die."""
"Archive through May 09, 2002 - Anonymous (prime.kapa.net - 206.135.162.167) (Tuesday, February 26, 2002 - 12:21 pm)",iands,data\iands\archive-through-may-09-2002-021.json,1,no,no,not_mentioned,not_mentioned,implied,not_mentioned,no,family_responsibility,not_mentioned,no,,"“The next thing I remember was rising to the top of the room and seeing my body on the table. I was not afraid.”
“I then remember rising into the clouds to a wonderful peace, love, and sweet light.”
“I felt so much love, peace and a knowing that I was with God. I saw someone who I knew was Jesus.”
“come on Honey,you can do better than this, I have seen dead people with better blood pressure readings than yours”.
“He told me that He would never leave me, He said that He loves me forever-even until the end of the world.”
“I fear no death.”"
"Archive through May 09, 2002 - Anonymous (prime.kapa.net - 206.135.162.167) (Tuesday, February 26, 2002 - 12:33 pm)",iands,data\iands\archive-through-may-09-2002-019.json,1,no,no,not_mentioned,not_mentioned,yes_explicit,not_mentioned,no,no_reason_given,no,no,,"""I was in a 'nothingness', a blackness or a void""; ""I 'knew' that I had felt Christ...I felt the crucifiction""; ""I actually felt that I WAS Him""; ""Oh my God, I am dead!!!!!!""; ""What does ecstasy feel like?""; ""I was literally terrified to go back into the 'real world'.""; ""You will remember more as time goes on."""
"Archive through May 09, 2002 - Anonymous (prime.kapa.net - 206.135.162.167) (Tuesday, February 26, 2002 - 12:35 pm)",iands,data\iands\archive-through-may-09-2002-018.json,1,no,no,not_mentioned,not_mentioned,implied,not_mentioned,no,family_responsibility,not_mentioned,no,,"""I 'traveled' to 4 different time-lines.""; ""He asked me what my choice was, and I said ' I haven't loved enough, yet.'""; ""I heard a voice that asked me to choose to return to my body or to leave.""; ""My only thought was my kids and that they needed me.""; ""This presence let me know that either way they would be fine.""; ""I have felt like a part of me was missing."""
"Archive through May 09, 2002 - Anonymous (Thursday, April 4, 2002 - 12:12 pm)",iands,data\iands\archive-through-may-09-2002-014.json,1,no,no,not_mentioned,not_mentioned,yes_explicit,not_mentioned,no,no_reason_given,no,no,,"""I can do anything? I can have everything? Am I God?""; ""I'm dead, this is where I will be now""; ""It was definitely not a dream, I was there!"""
"Archive through May 09, 2002 - Anonymous (Thursday, April 4, 2002 - 12:30 pm)",iands,data\iands\archive-through-may-09-2002-009.json,1,no,no,not_mentioned,spiritual_realm,not_mentioned,not_mentioned,no,not_your_time,no,not_mentioned,,"“an overwhelming feeling of ‘HOME’ filled me... For the first time in my life I felt I was HOME.”; “the Universe exploded with a sense of welcome.”; “in radiance like thought” I was told I “now have what I've needed, and my place is among the living, and must return.”"
"Archive through May 09, 2002 - Anonymous (Tuesday, May 7, 2002 - 10:46 pm)",iands,data\iands\archive-through-may-09-2002-007.json,1,no,no,not_mentioned,not_mentioned,implied,not_mentioned,no,family_responsibility,no,no,,"""Arms enveloping me all three together as one being.""; ""I was lifted above the couch, saw my nonmoving body on the couch, saw my funeral procession""; ""Be still and know that I AM""."
"Archive through May 09, 2002 - Anonymous (Thursday, May 9, 2002 - 10:51 pm)",iands,data\iands\archive-through-may-09-2002-002.json,1,no,no,not_mentioned,not_mentioned,yes_explicit,none,no,no_reason_given,not_mentioned,no,,"“I think this is it. I am going to die.”; “the air somehow looked sparkly, more real.”; “My body was not me.”; “I felt a strong snap and I was back in my body.”"
Grahame G NDE 9812,nderf,data\nderf\05315_grahame-g-nde-9812.json,1,no,no,not_mentioned,not_mentioned,implied,not_mentioned,not_mentioned,no_reason_given,no,not_mentioned,,“I started to feel like I was outside my body and could see people trying to help me and perform CPR.”; “The shock from the AED brought me back into my body and then things went extremely black.”; “I will say the black I saw was the darkest black I have ever seen.”; “It felt more real than real life.”
Ursa L NDE 9808,nderf,data\nderf\05312_ursa-l-nde-9808.json,1,no,not_mentioned,not_mentioned,not_mentioned,yes_explicit,not_mentioned,not_mentioned,not_your_time,no,not_mentioned,,'It's ok. You need to go back now. OK? You're going to be all right.'
Kel N FDE 9801 NDE 9801,nderf,data\nderf\05306_kel-n-fde-9801-nde-9801.json,1,no,no,not_mentioned,not_mentioned,implied,not_mentioned,no,not_your_time,no,no,,"""what is the time."" / ""Time is irrelevant, you must return."""
George C NDE 9797,nderf,data\nderf\05302_george-c-nde-9797.json,1,no,not_mentioned,not_mentioned,not_mentioned,yes_explicit,not_mentioned,no,no_reason_given,no,not_mentioned,,"“I vividly remember floating as though I had no body. I was like an orb of energy, floating over an extreme vast area of green, rolling hills.”"
Joshua D NDE 9793,nderf,data\nderf\05298_joshua-d-nde-9793.json,1,no,no,not_mentioned,not_mentioned,implied,not_mentioned,no,other,no,no,,"“I was above my body.” “After the second dose, I felt sucked back into my body.” “They said I was overdosing for at least 47 minutes before they came in the room.” “I didn’t believe in god at the time… I also now believe in something.”"
Nicholas B NDE 9786,nderf,data\nderf\05295_nicholas-b-nde-9786.json,1,no,not_mentioned,not_mentioned,not_mentioned,yes_explicit,not_mentioned,no,family_responsibility,yes_explicit,no,"He was told (nonverbally) that his task was not done, but he was not told what the task was.","“It was like an eternity of a void.”; “It was like I was one big giant eyeball that could not move.”; “everything had a brilliant, beautiful lighting to it.”; “At the same time, I was hit with a wealth of knowledge like every question I could ever wonder about was answered in less than a moment.”; “Please watch over my wife…”; “Lord please do not let me down in front of my dad.”; “Experience was definitely real.”"
AHK NDE 9789,nderf,data\nderf\05294_ahk-nde-9789.json,1,no,no,not_mentioned,not_mentioned,yes_explicit,not_mentioned,not_mentioned,not_mentioned,no,not_mentioned,,The nurse was saying 'You have to think of your children! You can’t die!' / 'My children will be okay.' / 'In that moment I went back into my body.'
Betty G NDE 9788,nderf,data\nderf\05293_betty-g-nde-9788.json,1,no,not_mentioned,not_mentioned,spiritual_realm,not_mentioned,not_mentioned,not_mentioned,family_responsibility,not_mentioned,not_mentioned,,"""Not my will, Lord, but Yours. I want to see my babies and Amanda (my oldest daughter) needs me.""; ""I was immediately brought back to life.""; ""I know that Heaven is real and it awaits me."""
Kyle P NDEs 9776 NDE 9776,nderf,data\nderf\05284_kyle-p-ndes-9776-nde-9776.json,1,yes_explicit,not_mentioned,not_mentioned,not_mentioned,not_mentioned,not_mentioned,no,family_responsibility,no,no,,"""There was a unexplained, dark void, seemingly endless and not measurable by anything in this world.""; ""It was as if I was sucked back into my physical body by a tremendous force.""; ""There was no up and down or right or left; just being."""
Alexandra R NDE 9774,nderf,data\nderf\05283_alexandra-r-nde-9774.json,1,no,no,not_mentioned,not_mentioned,implied,not_mentioned,no,not_your_time,no,no,,"“I couldn't physically see them, but I could feel the individual presence of each of them around me.”"
Thomas L NDE 9772,nderf,data\nderf\05281_thomas-l-nde-9772.json,1,no,not_mentioned,not_mentioned,not_mentioned,yes_explicit,not_mentioned,no,not_your_time,no,no,,“My awareness was sent from my body through some sort of tunnel that suddenly transported me out into space; or what looked like space or the universe.”
Mason D Probable NDE 9770,nderf,data\nderf\05279_mason-d-probable-nde-9770.json,1,no,no,not_mentioned,not_mentioned,yes_explicit,not_mentioned,not_mentioned,not_mentioned,no,not_mentioned,,"""Next thing I know, I am looking at my body from above the living room.""; ""Time was standing still, almost nonexistent.""; ""My body was burning, like I was on fire.""; ""I felt like I was in hell's waiting room."""
Eduardo O NDE 9769,nderf,data\nderf\05278_eduardo-o-nde-9769.json,1,yes_explicit,not_mentioned,not_mentioned,not_mentioned,not_mentioned,not_mentioned,not_mentioned,earthly_mission,implied,yes_explicit,"He decided to return to ""let everybody know that death is not the end of our life"" and share what he learned.",“remember that you have Free Will.”
Steve P NDE 9761,nderf,data\nderf\05274_steve-p-nde-9761.json,1,no,not_mentioned,not_mentioned,spiritual_realm,no,not_mentioned,not_mentioned,earthly_mission,yes_explicit,no,"Told: 'Steven, you must go back. I have work for you to do.' Also: 'I was told that time here is short and that I should exhaust all avenues to get my experience and His message out.'","“Steven, take note of all you see and hear.” / “Steven, you must go back. I have work for you to do.” / “Glory be to God!” / “There is NOTHING on this earth that could explain, NO WORDS exist that could describe the beauty and the majesty of what I experienced while in Heaven.”"
Jacob D NDE 9749,nderf,data\nderf\05271_jacob-d-nde-9749.json,1,no,no,not_mentioned,not_mentioned,implied,none,no,other,no,no,,"""I found myself floating above the car looking at my lifeless body in the car below.""; ""My soul began a rapid descent... into a dark void.""; ""I came to a sudden stop, immobilized in a quagmire...""; ""I heard a voice in my soul's ears.""; ""He then moved a bit to his left and a chasm opened up between Him and me.""; ""He then gave me the choice of either staying there at the gates of hell until judgment day or returning to this life in a painful and disfigured form.""; ""The entry felt like diving into a pool of warm water."""
Robert L NDE 9748,nderf,data\nderf\05270_robert-l-nde-9748.json,1,no,no,not_mentioned,not_mentioned,yes_explicit,not_mentioned,not_mentioned,not_mentioned,no,not_mentioned,,“He’s not breathing” / “He’s breathing.”
Jane M NDEs 9821 NDE 9821,nderf,data\nderf\05323_jane-m-ndes-9821-nde-9821.json,1,no,no,not_mentioned,not_mentioned,implied,not_mentioned,not_mentioned,not_mentioned,no,not_mentioned,,"“I found myself at ceiling level, in a corner of the room.”; “During this time, I was a dispassionate onlooker. I felt no pain.”; “When all hope is gone, the world becomes peaceful, quiet, and vision becomes very clear.”; “It’s a level of calm and acceptance, a letting go that is impossible to adequately describe.”; “From that point, I was grateful for life and without fear of death.”"
Bryan G NDE 9820,nderf,data\nderf\05322_bryan-g-nde-9820.json,1,no,no,not_mentioned,not_mentioned,yes_explicit,not_mentioned,not_mentioned,not_mentioned,no,no,,"“I vividly remember my spirit leaving my body.” “I felt a feeling of pleasure and bliss so awesome, I can't describe it.” “I saw a giant orb of light. It looked like, and I still believe, it was the Sun.” “She opens her arms to me as if she's ready to take me in.”"
Jesse S NDE 9817,nderf,data\nderf\05319_jesse-s-nde-9817.json,1,no,no,not_mentioned,not_mentioned,implied,not_mentioned,no,family_responsibility,no,not_mentioned,,"“It was like I was floating over myself.”; “It was so quiet and extremely peaceful.”; “Although I was probably drowning in between waves, for less than 10 minutes, it felt like hours.”; “I came to a definite conscious decision to return to life.”"
Michael J NDE 9814,nderf,data\nderf\05317_michael-j-nde-9814.json,1,no,no,not_mentioned,not_mentioned,implied,not_mentioned,no,no_reason_given,no,no,,"""He can't see him""; ""Don’t let him see himself.""; ""I felt sucked backed into my body.""; ""It felt more real then anything."""
"Archive through March 30, 2004 - Anonymous (Tuesday, March 30, 2004 - 09:10 pm)",iands,data\iands\archive-through-march-30-2004-014.json,1,not_mentioned,not_mentioned,not_mentioned,spiritual_realm,not_mentioned,not_mentioned,not_mentioned,family_responsibility,yes_explicit,not_mentioned,Jesus asked: “Would you die to work for me?”; experiencer agreed.,“Would you die to work for me?”; “They said Joe and Alice needed me.”; “that's all it was it's so simple.”; “the ultimate love [that] no words can describe.”; “I knew I was home then and had to leave.”
"Archive through March 30, 2004 - Anonymous (Tuesday, March 30, 2004 - 09:18 pm)",iands,data\iands\archive-through-march-30-2004-010.json,1,not_mentioned,not_mentioned,not_mentioned,not_mentioned,implied,not_mentioned,not_mentioned,other,no,not_mentioned,,"“I was in total light, absolute light I had no body just my mind <me>. I felt totally at peace.”; “it wasn’t a voice as such, but it was communication in my head that asked me if I wanted to move on from this place.”; “wild horses wouldn’t make me go back.”; “destiny said ‘wife.’”"
"Archive through March 30, 2004 - Anonymous (Tuesday, March 30, 2004 - 09:23 pm)",iands,data\iands\archive-through-march-30-2004-006.json,1,not_mentioned,not_mentioned,not_mentioned,not_mentioned,implied,not_mentioned,no,not_mentioned,implied,no,"Felt an important purpose to their being both here and “there”; afterward wanted “to learn, to teach, to love and to help.”",“I felt connected to a powerful source - a oneness which is spiritual and more real than this bodily existence.”; “I felt connected to all knowledge and had a sense of knowing about all life - past and future.”; “I have no fear of death - only of not living.”; “Wish I were back in this experience.”
"Archive through March 30, 2004 - Anonymous (Tuesday, March 30, 2004 - 09:29 pm)",iands,data\iands\archive-through-march-30-2004-001.json,1,no,no,not_mentioned,not_mentioned,implied,not_mentioned,no,not_your_time,no,no,,"""I was still conscious (I think) and I knew I was dying."" ""Suddenly a small, bright light appeared far off and then it got closer to me until I was enveloped in this light."" ""The light spoke to me and told me I was not going to die; that I just needed to go to sleep for a little while."" ""I felt my soul or life leave my body. It floated from my feet, out the top of my head."" ""At the moment my soul was back in my body there was a yellow veil... around my family."""
"Archive through March 11, 2004 - Anonymous (Monday, December 29, 2003 - 07:07 pm)",iands,data\iands\archive-through-march-11-2004-022.json,1,not_mentioned,not_mentioned,not_mentioned,not_mentioned,yes_explicit,not_mentioned,not_mentioned,no_reason_given,not_mentioned,not_mentioned,,"“[Jane], you are better now.” / “You are God... I want to kiss Your feet!” / “God was the One Who saw me, and He presented to me an Image that I could comprehend…”"
"Archive through March 11, 2004 - Anonymous (Saturday, January 3, 2004 - 01:49 pm)",iands,data\iands\archive-through-march-11-2004-021.json,1,no,no,not_mentioned,not_mentioned,yes_explicit,not_mentioned,no,not_your_time,no,no,,"""So this is what it's like to die!""; ""It was like 'thought transfer' or something.""; ""He told me it wasn't my time and I had to go back.""; ""That first breath was a killer."""
"Archive through March 11, 2004 - Anonymous (Thursday, March 4, 2004 - 08:38 pm)",iands,data\iands\archive-through-march-11-2004-017.json,1,not_mentioned,not_mentioned,not_mentioned,spiritual_realm,not_mentioned,not_mentioned,not_mentioned,earthly_mission,yes_explicit,no,Told she 'had more work to do' and 'had to protect my husband and son from someone.',“Fear not; for thou art worthy of my love.” / “I was told I had to go back; I wasn’t supposed to die when I did; and I had more work to do.”
"Archive through March 11, 2004 - Anonymous (Thursday, March 4, 2004 - 08:46 pm)",iands,data\iands\archive-through-march-11-2004-013.json,1,no,no,not_mentioned,spiritual_realm,not_mentioned,none,no,no_reason_given,no,no,,"""as though I were being ripped from my own body""; ""giving birth to my own disembodied consciousness""; the entity appeared ""blacker than black, like a black hole itself""; the being identified himself as ""Satan""; ""God was either dead or had forsaken the entire Universe altogether""."
"Archive through March 11, 2004 - Anonymous (Thursday, March 4, 2004 - 08:54 pm)",iands,data\iands\archive-through-march-11-2004-011.json,1,no,no,not_mentioned,spiritual_realm,not_mentioned,not_mentioned,no,not_your_time,not_mentioned,no,,"""it is not your time!""; ""returning to my body like a hand in a glove""; ""realm of total 'completeness'""; ""wonderful feeling of complete unconditional love and acceptance""; ""Life here pales in comparison to what awaits us."""
"Archive through March 11, 2004 - Anonymous (Thursday, March 4, 2004 - 09:00 pm)",iands,data\iands\archive-through-march-11-2004-007.json,1,no,no,not_mentioned,spiritual_realm,not_mentioned,not_mentioned,no,not_your_time,yes_explicit,no,"Grandfather asked her to look into his WWII crash because the Army had not given correct findings to the families, and asked her to take the family history and continue it.","“It was such a real feeling of being home, safe and loved.”"
"Archive through March 11, 2004 - Anonymous (Thursday, March 4, 2004 - 09:08 pm)",iands,data\iands\archive-through-march-11-2004-005.json,1,no,no,not_mentioned,not_mentioned,implied,not_mentioned,no,not_your_time,no,no,,"“You are not ready yet, you have to return.”; “like a parent or a mother holding her child in her arms.”; “shot back into my body.”"
"Archive through June 2, 2003 - Anonymous (Tuesday, April 29, 2003 - 11:06 am)",iands,data\iands\archive-through-june-2-2003-023.json,1,no,no,not_mentioned,not_mentioned,implied,not_mentioned,no,family_responsibility,no,no,,"""Do you want to go now?""; ""I can't die, my mother is a nervous person and this would really really hurt her""; ""it felt like pure Love."""
"Archive through January 3, 2005 - Anonymous (Tuesday, October 26, 2004 - 11:06 am)",iands,data\iands\archive-through-january-3-2005-009.json,1,not_mentioned,not_mentioned,not_mentioned,spiritual_realm,not_mentioned,not_mentioned,not_mentioned,not_mentioned,not_mentioned,not_mentioned,,"“my spirit left my body and went to a very comforting, welcoming light.”"
Catherine NDE 9916,nderf,data\nderf\05379_catherine-nde-9916.json,1,no,no,not_mentioned,not_mentioned,yes_explicit,none,no,no_reason_given,no,no,,"""Then, I continued rising in total darkness. I was in a 'bubble' and scared as I thought that I may be in this nothingness forever.""; ""Catherine - come back, come back, come back."""
Candace J NDE 9897,nderf,data\nderf\05372_candace-j-nde-9897.json,1,yes_explicit,not_mentioned,not_mentioned,not_mentioned,not_mentioned,none,no,not_mentioned,no,no,,“God isn't done with you yet”
Georg K Possible NDE 9895,nderf,data\nderf\05371_georg-k-possible-nde-9895.json,1,no,no,not_mentioned,not_mentioned,yes_explicit,not_mentioned,no,no_reason_given,no,no,,"“I 'woke up' hovering like a balloon, in the upper left corner of the surgery room.” “You are the one who operated me.” “Yes, but how do you know? We've never met before.”"
David K NDEs 9894 NDE 9894,nderf,data\nderf\05370_david-k-ndes-9894-nde-9894.json,1,no,no,not_mentioned,not_mentioned,implied,not_mentioned,no,no_reason_given,no,no,,“I was above my body looking down at the dentist and the assistant.” “I could see 360 degrees when I was experiencing the NDE.” “I could hear everything in all three rooms at the same time.” “I was in a completely dark room… a very dark and peaceful space.”
Kenneth M Probable NDE 9880,nderf,data\nderf\05364_kenneth-m-probable-nde-9880.json,1,no,no,not_mentioned,not_mentioned,implied,not_mentioned,no,no_reason_given,no,no,,"“During the coma, I found myself in a dark room with a red ceiling, floors, and walls.”; “Suddenly, I walked into space. It was like a dark, night sky that was filled with bright stars.”; “As soon as I thought to myself that I would like to see it closer, it was as if I was catapulted to it.”; “It was like looking down through a glass window.”; “I'm no longer afraid of physical death.”"
Kody Possible NDE 9879,nderf,data\nderf\05363_kody-possible-nde-9879.json,1,no,not_mentioned,not_mentioned,spiritual_realm,not_mentioned,not_mentioned,not_mentioned,not_mentioned,implied,no,"He reported the presence/being communicated that unconditional love, empathy, compassion is how to live.",“It felt like home.”
Sandra DP NDE 9877,nderf,data\nderf\05361_sandra-dp-nde-9877.json,1,no,not_mentioned,not_mentioned,not_mentioned,implied,not_mentioned,no,not_your_time,implied,no,"Felt she was 'sent back...for a purpose' and needed to 'complete my life on earth,' but did not know what it was.","“I floated quickly along a tunnel that seemed to go upwards and toward a light.”; “I could not stay in that place. I was told that I had to go back.”; “The moment he grabbed my ankles and began pulling upwards, I felt like I was sucked back into my body. It was miserable.”"
Andy C NDE 9871,nderf,data\nderf\05358_andy-c-nde-9871.json,1,no,no,not_mentioned,not_mentioned,yes_explicit,none,no,not_mentioned,no,no,,"'It was pure darkness with a very slight, tinge of grey.'; 'In the distance, there is a little, white speck or spot. It is coming towards me at great speed...'; 'Doom, doom, doom'... 'Then, bang, thump! I was thrown in my body.'; 'It's great to be alive!'"
Robin A NDE 9854,nderf,data\nderf\05345_robin-a-nde-9854.json,1,no,not_mentioned,not_mentioned,spiritual_realm,not_mentioned,not_mentioned,not_mentioned,no_reason_given,no,not_mentioned,,"“Is this it?”; “WHY DID YOU BRING ME BACK HERE!”; “I've never seen anything like this. It's nearly impossible that you're alive, let alone that you walked to the emergency room.”; “Theres no human language that can describe it.”"
Dean J Possible NDE 9839,nderf,data\nderf\05338_dean-j-possible-nde-9839.json,1,no,no,not_mentioned,not_mentioned,implied,none,no,no_reason_given,no,no,,"“Suddenly, I was tumbling violently as if I was in a dryer with no heat.”; “It was definitely purgatory, a stage of limbo, or a waiting room for hell.”; “I felt as if I was barely back into my body and was still tethering back for a couple minutes.”"
Tamara H NDE 9836,nderf,data\nderf\05335_tamara-h-nde-9836.json,1,no,no,not_mentioned,not_mentioned,implied,not_mentioned,not_mentioned,not_mentioned,not_mentioned,not_mentioned,,"“I felt myself leave my body. I could see everyone in the room from above them.”; “It was silent, like watching a TV with the sound off.”; “I’m leaving.”; “That I felt I had a choice. I could choose to go back to my body.”"
Lorenza P NDE 9332,nderf,data\nderf\05332_lorenza-p-nde-9332.json,1,no,no,not_mentioned,not_mentioned,implied,not_mentioned,no,earthly_mission,yes_explicit,no,"“You have a story to tell. You will say no more, and you will say no less.”","“It’s me…” / “Oh God…!” / “You are going to survive this accident. You will go back.” / “You have a story to tell. You will say no more, and you will say no less.”"
Rose K STE 9829 NDE 9829,nderf,data\nderf\05330_rose-k-ste-9829-nde-9829.json,1,no,not_mentioned,not_mentioned,not_mentioned,implied,not_mentioned,no,family_responsibility,no,no,,"“I telepathically said, 'I'm here!' ... The light source or God telepathically answered 'YES.'” / “Then I said, 'I died.' ... The response was 'Yes.'” / “I was OVERWHELMED with a full wash-over of love that I cannot describe. There is no word available that can convey it.” / “Your daughters and grandchildren need you.”"
Jacob J Probable NDE 9827,nderf,data\nderf\05328_jacob-j-probable-nde-9827.json,1,no,no,not_mentioned,not_mentioned,yes_explicit,not_mentioned,no,no_reason_given,no,no,,"“I felt a complete absence of matter, time, and any other objective measure of existence. I was floating in a black void.”
“Time was irrelevant, all my thoughts and memories were gone.”
“The ONLY thing that existed there was peace.”
“It started as as tiny white dot of light in the center, and instantly expanded the entirety of my 'vision.'”"
Crystal P NDE 9823,nderf,data\nderf\05324_crystal-p-nde-9823.json,1,no,no,not_mentioned,not_mentioned,yes_explicit,none,no,not_mentioned,no,no,,“I'll have to call you back!”; “Call 911”; grandpa “softly and calmly” calling her name.
Fabian G NDE 9956,nderf,data\nderf\05406_fabian-g-nde-9956.json,1,no,not_mentioned,not_mentioned,spiritual_realm,not_mentioned,not_mentioned,not_mentioned,family_responsibility,implied,no,"Told he ""had to return"" and ""had to return to take care of two of the figures standing before me.""","""I woke up in a pitch-black place.""; ""I was pure consciousness and no longer had any recollection of having a body.""; ""It was home.""; ""a deep, powerful voice... conveyed a message I could understand, even though it had no words or distinguishable language."""
Sabine S NDE 9950,nderf,data\nderf\05403_sabine-s-nde-9950.json,1,no,not_mentioned,not_mentioned,not_mentioned,yes_explicit,not_mentioned,not_mentioned,not_mentioned,no,not_mentioned,,"""I left my body and had the feeling that I'm everywhere.""; ""I knew everything anyone could ever know.""; ""I left my body and was somehow one with the light and the colors; like a drop in the sea and at the same time the whole sea."""
Peter P STE 9942 NDE 9942,nderf,data\nderf\05396_peter-p-ste-9942-nde-9942.json,1,no,not_mentioned,not_mentioned,spiritual_realm,not_mentioned,not_mentioned,not_mentioned,no_reason_given,no,no,,"“I was walking in a fog…”; “four figures standing there with a bright, star-like light radiating everywhere.”; “The light is even going through my toes.”; “You feel at home, like you belong.”"
Joy MM NDE 9335,nderf,data\nderf\05391_joy-mm-nde-9335.json,1,yes_explicit,not_mentioned,not_mentioned,not_mentioned,not_mentioned,not_mentioned,not_mentioned,not_mentioned,implied,not_mentioned,She reported learning that 'we are here to help each other and love each other' and that angels/people in heaven are trying to help solve the world's problems by raising the 'vibration of love' on earth.,“See how much Kathy loves you.”
Jose ER STE 9919 NDE 9919,nderf,data\nderf\05382_jose-er-ste-9919-nde-9919.json,1,no,not_mentioned,not_mentioned,not_mentioned,yes_explicit,not_mentioned,no,no_reason_given,implied,no,"He states he wants to share the experience so others realize death is a passage to eternal life, and that he strongly feels Our Lord wants him to minister to others.","""I wasn’t an 'I' anymore, but, rather, PART OF A GREATER WHOLE.""; ""Rather than being with God, I was part of this Amazingly Loving Being.""; ""I felt that my skin was my prison...""; ""My beloved son, I have given you a sample of what you should expect later..."""
Violet T NDE 9918,nderf,data\nderf\05381_violet-t-nde-9918.json,1,no,not_mentioned,not_mentioned,spiritual_realm,not_mentioned,not_mentioned,not_mentioned,not_mentioned,no,no,,“It was like time stopped moving.”
"Archive through June 2, 2003 - Anonymous (Wednesday, April 30, 2003 - 07:40 pm)",iands,data\iands\archive-through-june-2-2003-021.json,1,no,no,not_mentioned,not_mentioned,implied,none,no,family_responsibility,no,no,,"""At the time of my stopping to breathe, it was the most beautiful feeling of painless release""; ""Everything was completely black.""; ""do I wish to go or to stay?""; ""All pain then returned to my body with a rush, which was terrible.""; ""I have never been scared of death since this experience... But seeing her last agonized breaths... has made me scared of death all over again."""
"Archive through June 2, 2003 - Anonymous (Monday, June 2, 2003 - 08:52 am)",iands,data\iands\archive-through-june-2-2003-003.json,1,no,no,not_mentioned,spiritual_realm,not_mentioned,not_mentioned,no,not_your_time,implied,no,"She felt her life journey was not finished and that she had people to share love with and tell about the wonderful world ""forever.""","""I just walked through the door and I was in another land.""; ""it's not your time yet to be here""; ""no, I had been to this city of gold and I wanted to go back""; ""for several months after the episode I had this displaced feeling, like I just didn't belong here anymore."""
"Archive through June 2, 2003 - Anonymous (Monday, June 2, 2003 - 09:23 am)",iands,data\iands\archive-through-june-2-2003-001.json,1,no,no,not_mentioned,not_mentioned,implied,not_mentioned,no,not_your_time,implied,no,"The being communicated: “go now, you are not done”.","“My god she's not breathing!”; “go now, you are not done”."
"Archive through July 15, 2002 - Anonymous (Monday, May 27, 2002 - 06:59 pm)",iands,data\iands\archive-through-july-15-2002-020.json,1,no,no,not_mentioned,spiritual_realm,not_mentioned,not_mentioned,no,other,yes_explicit,no,Told to 'find his people' and that he 'would know' how to find them.,“I was immediately bathed in a bright white light”; “I felt the warmth of the purest love so strong it is impossible for me to describe”; “we are all its children and loves us all the same”; “until it is time to come home”; “did I want to stay here on earth or come and be with him for all eternity”; “find his people… I would know.”
"Archive through July 15, 2002 - Anonymous (Wednesday, June 5, 2002 - 08:22 pm)",iands,data\iands\archive-through-july-15-2002-016.json,1,no,no,not_mentioned,not_mentioned,implied,none,no,not_your_time,no,no,,"""I was following this spot, but I could see my own body below me on the bed.""; ""I understood without a doubt that if I entered that light I would die""; ""I understood that it was not my time""; ""we were all one and should never harm each other""; ""I am not God, but God is me."""
"Archive through July 15, 2002 - Anonymous (Monday, June 10, 2002 - 07:05 pm)",iands,data\iands\archive-through-july-15-2002-010.json,1,not_mentioned,not_mentioned,not_mentioned,not_mentioned,implied,not_mentioned,not_mentioned,not_mentioned,not_mentioned,not_mentioned,,"“there was nothing in front of me or behind me, no light was in front of me” ; “I couldn't see my body because there was no body” ; “I went through and saw billions of galaxies” ; “I was in a city with buildings made of what appeared of glass. There were no seams in the buildings.” ; “like one massive tunnel of light.” ; “I hit with such an impact that my body raised up of the bunk and I was awake.”"
"Archive through July 15, 2002 - Anonymous (Monday, June 10, 2002 - 07:38 pm)",iands,data\iands\archive-through-july-15-2002-006.json,1,no,no,not_mentioned,not_mentioned,implied,not_mentioned,no,not_mentioned,implied,not_mentioned,"Stated he would 'keep coming back and learning more and more, and help others in the process if I could.'","""get the paddles...he's code blue""; ""a vacuum of gently swirling white and pale yellow light, accompanied by the absolute knowledge of serenity and peace""; ""I died on the table twice, for a total of approx. 8 minutes."""
"Archive through January 3, 2005 - Anonymous (Friday, August 20, 2004 - 08:23 pm)",iands,data\iands\archive-through-january-3-2005-022.json,1,no,no,not_mentioned,not_mentioned,yes_explicit,not_mentioned,no,family_responsibility,not_mentioned,no,,"“I found myself outside my body as a transparent and weightless me floating above my earthly body…”; “Please... let her at least stay here with me.”; “Then God asked me if I wanted to go with him.”; “I knew from the NDE that there truly is a place between heaven and hell… an in between without pain, but yet not with God…”"
"Archive through January 3, 2005 - Anonymous (Friday, August 20, 2004 - 08:25 pm)",iands,data\iands\archive-through-january-3-2005-021.json,1,no,no,not_mentioned,not_mentioned,implied,not_mentioned,no,not_your_time,not_mentioned,not_mentioned,,"“I kept feeling that I was riding on top of the ambulance.”; “I could see every leaf on the trees…”; “I was sucked into a tunnel…”; “I was in space, darkness and I became aware I had no body…”; “They said it was not my time… and it was a mistake.”; “Floating in a white robe shimmering in gold was my Mom.”; “She showed me a toddler… and said she would be with me in five years.”"
"Archive through January 3, 2005 - Anonymous (Tuesday, October 26, 2004 - 11:03 am)",iands,data\iands\archive-through-january-3-2005-011.json,1,no,no,not_mentioned,not_mentioned,implied,not_mentioned,no,other,yes_explicit,no,Heard: 'All men have purpose.' 'You have purpose.' 'White man help the black man.' 'Organize.',"""My soul fell, fell, fell, fell, fell into darkness, the pit, nothingness, I died.""; ""Oh God.""; ""You are a good man."" ""All men have purpose."" ""You have purpose."" ""White man help the black man."" ""Organize.""; ""The forth was evil, the devil."""
Rachel D NDE 13029,nderf,data\nderf\05458_rachel-d-nde-13029.json,1,no,no,not_mentioned,not_mentioned,yes_explicit,not_mentioned,not_mentioned,not_your_time,no,no,,"“It’s not your time, Rachel Rose”"
Debra V Probable NDE 13015,nderf,data\nderf\05448_debra-v-probable-nde-13015.json,1,no,no,not_mentioned,not_mentioned,yes_explicit,not_mentioned,no,not_your_time,implied,no,"Told by an angel: ""it wasn't my time yet"" and she ""still had work to do.""","“An angel appeared before me, surrounded by beautiful, multi-colored light, and told me that it wasn't my time yet and that I still had work to do.”"
Hildred C NDE 13012,nderf,data\nderf\05445_hildred-c-nde-13012.json,1,no,not_mentioned,not_mentioned,not_mentioned,implied,not_mentioned,no,no_reason_given,no,not_mentioned,,"""I was above them, very calm, and witnessed what they were doing."" ""I felt very peaceful and began to move forward toward a light."" ""I came to a barrier that I was not permitted to cross; or was sent back against my will."""
Victor D NDE 13010,nderf,data\nderf\05444_victor-d-nde-13010.json,1,no,not_mentioned,not_mentioned,spiritual_realm,not_mentioned,not_mentioned,no,family_responsibility,no,no,,“Stay with me!”; “Thank Goodness!”; “We thought we lost you.”; “I felt at home.”; “I want to go back there.”
Albert N Probable NDE 9992,nderf,data\nderf\05432_albert-n-probable-nde-9992.json,1,no,not_mentioned,not_mentioned,not_mentioned,yes_explicit,not_mentioned,not_mentioned,family_responsibility,not_mentioned,not_mentioned,,"""It was like 100% true Happiness.""; ""I felt if I continued with this experience any further that it would be impossible to return into my earthly body.""; ""I fought like hell to come back.""; ""I totally remember like it happened last weekend."""
TJ NDE 9991,nderf,data\nderf\05431_tj-nde-9991.json,1,no,no,not_mentioned,not_mentioned,yes_explicit,none,no,other,no,no,,'I am not ready.'; 'Oh no! He's going to pop!'
VP Probable NDE 9989,nderf,data\nderf\05429_vp-probable-nde-9989.json,1,implied,no,not_mentioned,not_mentioned,not_mentioned,not_mentioned,no,earthly_mission,yes_explicit,no,"God: ""Tell everyone about Me."" Jesus: ""Yes, I will train you and make you a leader."" Experiencer: ""I want to go back to earth and live as a Christian for You.""","""Oh God, O Jesus!""; ""I love you.""; ""God""; ""Don't worry, I would have done the same thing in your place.""; ""You can stay until the end; I will be coming soon - in your lifetime. Tell everyone about Me.""; ""Yes, I will train you and make you a leader."""
Will S NDE 9986,nderf,data\nderf\05428_will-s-nde-9986.json,1,yes_explicit,not_mentioned,not_mentioned,not_mentioned,not_mentioned,not_mentioned,no,not_your_time,no,no,,'What are you doing here boy? It’s not time for you to come back.'; 'We got him!'; 'Like you’re a little bit drunk?'
David D Probable NDE 9985,nderf,data\nderf\05427_david-d-probable-nde-9985.json,1,no,not_mentioned,not_mentioned,spiritual_realm,not_mentioned,not_mentioned,not_mentioned,family_responsibility,no,not_mentioned,,"“I felt peacefulness and beauty without words. There was no hate.”; “I saw beautiful colors, leaves, and trees that were all full of energy.”; “I wanted to stay, but my wife needed me more.”; “It was like being in the Garden of Eden.”"
Debby Ellen M NDE 9983,nderf,data\nderf\05425_debby-ellen-m-nde-9983.json,1,no,no,not_mentioned,not_mentioned,yes_explicit,not_mentioned,no,family_responsibility,no,no,,"“I felt as if I was connected to the earth by an invisible, silver thread.”; “I began saying/thinking forcefully… ‘I’m Debby, I’m Debby, I’m Debby.’”"
Matthew Mc NDE 9975,nderf,data\nderf\05420_matthew-mc-nde-9975.json,1,no,not_mentioned,not_mentioned,spiritual_realm,not_mentioned,not_mentioned,not_mentioned,family_responsibility,implied,no,"A voice said, '...if you fight through, I have a plan.'","'Matt, you have lived a hard life and there would be no shame in giving up now. But if you fight through, I have a plan.'"
Dorin T NDE 9972,nderf,data\nderf\05417_dorin-t-nde-9972.json,1,no,not_mentioned,not_mentioned,spiritual_realm,not_mentioned,not_mentioned,no,no_reason_given,no,not_mentioned,,"“I was half in and half outside of the vast, light, warm, amazing, and loving space.”
“I focused on the individual lights themselves and somehow knew they were all people.”
“He didn't say anything but I knew he was in glory.”
“I am positive there is a place to be after we leave this world; a place that did feel more like a natural home than this world does.”"
Shawn R Probable NDE 9971,nderf,data\nderf\05416_shawn-r-probable-nde-9971.json,1,yes_explicit,not_mentioned,not_mentioned,not_mentioned,not_mentioned,not_mentioned,not_mentioned,not_mentioned,implied,no,"He reports being shown guidance/purpose such as: “We are here to nurture not destroy,” “Learn, listen, grow,” and “Extremely visceral feelings of how to truly make humanity better. No more lies so that we can encounter true reality on the other side.”",“Everything about the universe. There is only one consciousness.” / “Time is a man made construct… This is why this life is not true reality.” / “I had to die so that I could know how to live.”
John S NDE 9969,nderf,data\nderf\05414_john-s-nde-9969.json,1,no,no,not_mentioned,not_mentioned,implied,not_mentioned,no,not_your_time,not_mentioned,no,,“What’s he doing here?” “We have no idea.” “He is not due here until _____.”
Kelsey F Drug Experience 9960 NDE 9960,nderf,data\nderf\05408_kelsey-f-drug-experience-9960-nde-9960.json,1,no,no,not_mentioned,not_mentioned,yes_explicit,not_mentioned,no,not_mentioned,implied,no,Felt the event was 'an extreme message to get my attention; a prod to get me to go in a different direction' and that a 'higher intelligence' was nudging her path; also reported gaining info about how to live: like seeing 'outside the game' (matrix/computer-game metaphor).,"“Immediately I fell backwards out of my body, and had a sensation of going up.” “A void is a very good name for it.” “It was black nothingness and also everything-ness.” “It was as if I was in 2 different places at the same time.” “Oh dear, she's quite sensitive. I only started with the small dose!” “I felt like I saw outside the game. But then, who wrote the game?” “I think you are the moon to my earth.”"
Bradley M FDE 9959 NDE 9959,nderf,data\nderf\05407_bradley-m-fde-9959-nde-9959.json,1,no,no,not_mentioned,not_mentioned,implied,not_mentioned,no,not_mentioned,no,no,,"“Please let me die in the crash! I don't want to burn.”; “So would a helicopter falling out of the sky!”; “Once I left my body there was no fear or apprehension. It was actually very peaceful…”; “From the moment I left my body, everything had gone silent.”"
"Archive through February 26, 2002 - Anonymous (prime.kapa.net - 206.135.162.167) (Monday, February 25, 2002 - 02:23 pm)",iands,data\iands\archive-through-february-26-2002-010.json,1,no,no,not_mentioned,not_mentioned,yes_explicit,none,no,not_mentioned,no,no,,"""Breath, Craig, breath. Keep breathing.""; ""I have been dead twice.""; ""The total time of death was between five and six minutes."""
"Archive through February 26, 2002 - Anonymous (prime.kapa.net - 206.135.162.167) (Monday, February 25, 2002 - 02:49 pm)",iands,data\iands\archive-through-february-26-2002-004.json,1,not_mentioned,not_mentioned,not_mentioned,not_mentioned,implied,not_mentioned,not_mentioned,not_mentioned,not_mentioned,not_mentioned,,"""I can feel my heart stopping""; ""this is a peaceful way to go, I'm not in pain.""; ""I could see my body, my mom, the room, all in perfect detail.""; ""For the next four months I talked to animals, saw parts of my life, fell through pie.""; ""I am more psychic"""
"Archive through February 09, 2003 - Anonymous (Thursday, December 26, 2002 - 09:44 pm)",iands,data\iands\archive-through-february-09-2003-021.json,1,no,no,not_mentioned,spiritual_realm,not_mentioned,not_mentioned,no,not_your_time,yes_explicit,no,Told: 'you have many great things that you must do first before you will be allowed to return here.',"""I am sorry my child, but you must go back. It is not your time, and you have many great things that you must do first before you will be allowed to return here.""; ""When my spirit re-entered my body, it was a horrible body slam"""
"Archive through February 09, 2003 - Anonymous (Thursday, December 26, 2002 - 09:48 pm)",iands,data\iands\archive-through-february-09-2003-020.json,1,no,no,not_mentioned,not_mentioned,implied,none,no,not_your_time,no,no,,"“I was in a pitch dark soundless void...it felt like I was in outer space...and I kept telling myself to look for the 'light'.” “...a voice in my mind telling me to go back, it is not my time yet.”"
"Archive through February 09, 2003 - Anonymous (Tuesday, January 7, 2003 - 08:06 pm)",iands,data\iands\archive-through-february-09-2003-015.json,1,no,no,not_mentioned,not_mentioned,implied,not_mentioned,no,family_responsibility,not_mentioned,not_mentioned,,"""This way my spirit could find it's way back to my body.""; ""Why didn’t he say goodbye""; ""I soon realized that I was dying.""; ""I realized that for a moment I had died""."
"Archive through February 09, 2003 - Anonymous (Tuesday, January 14, 2003 - 07:03 pm)",iands,data\iands\archive-through-february-09-2003-013.json,1,no,no,not_mentioned,not_mentioned,implied,not_mentioned,no,not_your_time,not_mentioned,no,,"""Imagine the most peaceful place you have ever seen, then multiply that place a million times""; ""I am not ready Yet!"""
"Archive through February 09, 2003 - Anonymous (Tuesday, January 14, 2003 - 07:10 pm)",iands,data\iands\archive-through-february-09-2003-012.json,1,no,no,not_mentioned,not_mentioned,implied,not_mentioned,no,family_responsibility,no,no,,"""Your hearing is last to go""; ""she is dying her BP is 40 by palpation, I don't know what to do""; ""I had 2 babies to raise and I could not leave them""; ""pushed"" back into my body and landed with a ""thud""."
Jordan H NDE 13066,nderf,data\nderf\05477_jordan-h-nde-13066.json,1,no,not_mentioned,not_mentioned,not_mentioned,implied,not_mentioned,not_mentioned,not_your_time,implied,no,"Told he still had ""stuff to do"" and that it wasn’t his time yet.","""Everything is going to be okay""; ""It wasn’t my time yet."""
Jay G SDE 13064 NDE 13064,nderf,data\nderf\05475_jay-g-sde-13064-nde-13064.json,1,yes_explicit,no,not_mentioned,not_mentioned,not_mentioned,not_mentioned,no,not_mentioned,no,not_mentioned,,“I saw a shadow slowly rise up from my mother’s body; a shadow that was clearly her.”
Rogier J NDE 13063,nderf,data\nderf\05474_rogier-j-nde-13063.json,1,no,yes_explicit,no_choice,not_mentioned,not_mentioned,none,no,not_your_time,not_mentioned,no,,"“Before I was born, I felt myself in my mother's uterus and it was a very comfortable place.”
“At that moment, I had an unpleasant feeling because I had a choice to make.”
“The communication was telepathic and ended with a kind and convincing head-nod.”
“They did not have human skin, but glowed with a high, orange-light energy.”"
Mark B NDE 13060,nderf,data\nderf\05472_mark-b-nde-13060.json,1,no,no,not_mentioned,not_mentioned,yes_explicit,none,no,no_reason_given,no,no,,"“floating away from my body and into a vast opening space, like a gigantic stadium.”"
Terence M NDE 13049,nderf,data\nderf\05468_terence-m-nde-13049.json,1,no,not_mentioned,not_mentioned,not_mentioned,yes_explicit,not_mentioned,not_mentioned,no_reason_given,no,no,,"“Suddenly, there was no ward, no me, not any 'thing' – just brilliant, golden light as if reflecting from beneath a sea of seamless and endless golden clouds.”"
Tommy M Probable NDE 13046,nderf,data\nderf\05466_tommy-m-probable-nde-13046.json,1,yes_explicit,not_mentioned,not_mentioned,not_mentioned,not_mentioned,not_mentioned,no,not_mentioned,no,not_mentioned,,"""God, where are you?""; ""GOODNESS""; ""I thought GOODNESS was a characteristic of GOD, but I now know that GOODNESS is God!"""
Vicki W NDE 13042,nderf,data\nderf\05464_vicki-w-nde-13042.json,1,no,no,not_mentioned,spiritual_realm,not_mentioned,not_mentioned,no,other,implied,no,Helping others ('Hundreds if not thousands').,'She’s going down'; 'I’m home'; 'Can I help them?'; 'Hundreds if not thousands'; 'I’ll return'.
Timothy N NDE 13034,nderf,data\nderf\05460_timothy-n-nde-13034.json,1,no,not_mentioned,not_mentioned,spiritual_realm,not_mentioned,not_mentioned,no,not_mentioned,no,no,,"“I then left the ceiling and entered a bright area, as though going through an incandescent lightbulb.”"
Carole BC STE 13032 NDE 13032,nderf,data\nderf\05459_carole-bc-ste-13032-nde-13032.json,1,yes_explicit,no,not_mentioned,not_mentioned,not_mentioned,none,no,earthly_mission,yes_explicit,no,"She reports being told to ""be the love"" and implies returning to help others who ""hate it"" feel love.","""sentinels""; ""be the love""; ""It was the most real thing that’s ever happened to me."""
Luis F NDE 13102,nderf,data\nderf\05500_luis-f-nde-13102.json,1,no,not_mentioned,not_mentioned,spiritual_realm,not_mentioned,not_mentioned,no,not_your_time,implied,no,He later understood it was a lesson to help others understand life is a gift and should be lived in its beauty.,'It is not your time yet'.
Oscar J NDE 13088,nderf,data\nderf\05494_oscar-j-nde-13088.json,1,no,no,not_mentioned,not_mentioned,yes_explicit,not_mentioned,not_mentioned,not_mentioned,no,not_mentioned,,"""My being was absorbed, as if by a gigantic vacuum.""; ""I did not want to be in this world because it was so peaceful on the other side.""; ""Time was meaningless."""
Herman K Probable NDE 13087,nderf,data\nderf\05493_herman-k-probable-nde-13087.json,1,yes_explicit,not_mentioned,not_mentioned,not_mentioned,not_mentioned,not_mentioned,not_mentioned,not_mentioned,no,not_mentioned,,"“After the first surgery, my soul was leaving the body and I could see the stars.” “A manifestation in human form came and pointed me back earth.” “No noise, completely quiet except the manifestation pointing me back to earth.”"
Margo S NDE 13084,nderf,data\nderf\05491_margo-s-nde-13084.json,1,no,no,not_mentioned,spiritual_realm,not_mentioned,not_mentioned,not_mentioned,family_responsibility,implied,no,"She described her purpose as choosing ""a fight"" to stay on Earth to be with and fight for her son.","“He was right near my face and telling me to make my choice.” / “I felt I was seeing another realm compared to everyone else in the room… like an extra layer of reality.” / “When we go to die, we make a choice. We can continue in this realm or choose the next one.”"
Jack M Probable NDE 13080,nderf,data\nderf\05488_jack-m-probable-nde-13080.json,1,no,no,not_mentioned,spiritual_realm,not_mentioned,not_mentioned,no,not_mentioned,no,no,,"""And where is here Jack?""; ""I became aware of a beautiful void.""; ""It was the most beautiful silence.""; ""In conclusion, my experience left me with no fear of dying."""
Devon B NDE 13077,nderf,data\nderf\05485_devon-b-nde-13077.json,1,no,no,not_mentioned,spiritual_realm,not_mentioned,not_mentioned,not_mentioned,not_mentioned,implied,no,"Later felt a purpose ""to tell my testimony"" and to ""serve Jesus"" / help ""his church and his people.""","""There was a long, hilly golden-brick road with wheat on each side of me."" ""In the distance, I saw a crystal city."" ""If I could bottle the smell of heaven, I would be the richest person alive."" ""Everything was enhanced a hundred percent, and I was floating towards the pearly gates."""
Michael H NDE 13072,nderf,data\nderf\05482_michael-h-nde-13072.json,1,no,not_mentioned,not_mentioned,not_mentioned,implied,none,no,no_reason_given,no,not_mentioned,,“Join me brother in paradise.” / “I don’t fear death anymore.” / “This robed figure that I saw emitted nothing but pure unconditional love.”
Luanna B NDE 13069,nderf,data\nderf\05479_luanna-b-nde-13069.json,1,yes_explicit,not_mentioned,not_mentioned,not_mentioned,not_mentioned,not_mentioned,not_mentioned,earthly_mission,yes_explicit,yes_explicit,"A voice/light told her: “Daughter, come back! Your mission has not yet begun. There are many lives that still need you… this is part of a work for the good of your brothers on the terrestrial orb… you chose to be help out of love for your companions.”","“Daughter, come back! Your mission has not yet begun. There are many lives that still need you… We are One… Everything on Earth is suffering, but you chose to be help out of love for your companions.”"
"Archive through January 3, 2005 - Anonymous (Monday, January 3, 2005 - 09:16 pm)",iands,data\iands\archive-through-january-3-2005-001.json,1,no,no,not_mentioned,not_mentioned,implied,not_mentioned,no,family_responsibility,no,no,,"“I don't think she is here” / “I’m here, I’m here!!”
“Doctor, she's going into cardiac arrest!”
“Let me go back, please let me come back. I have children and a husband that need me!”
“Please, Lord not now.”
“Are you the plumber that's going to fix the pipes in my basement?? I’m glad you showed up. Let me show you the problem!!”
“The Lord must have been with you because we all thought you were a gonner.”"
"Archive through February 26, 2002 - Anonymous (prime.kapa.net - 206.135.162.167) (Wednesday, January 23, 2002 - 10:23 am)",iands,data\iands\archive-through-february-26-2002-030.json,1,not_mentioned,not_mentioned,not_mentioned,spiritual_realm,not_mentioned,not_mentioned,not_mentioned,earthly_mission,implied,not_mentioned,Felt “reminded strongly of what I had to do… return and finish what I had agreed to do in this lifetime.” Later reports being “able to help other people before they passed over.”,“I wanted to go back home…”; “There are no words in our language to describe the emotions…”; “It is like going home and I have been away a long time. Now multiply these emotions… by 10…”; “I don't remember lights or tunnels just the presence of what is on the other side. There were not visuals…”; “I could stay on the other side or return and finish what I had agreed to do in this lifetime.”; “Something like sending an angry child to its room with the reminder of the promise they made to clean it up!”; “20 years after the near death experience the memories of that time are the same and have never changed.”
"Archive through February 26, 2002 - Anonymous (prime.kapa.net - 206.135.162.167) (Wednesday, January 23, 2002 - 10:35 am)",iands,data\iands\archive-through-february-26-2002-028.json,1,no,no,not_mentioned,not_mentioned,implied,none,no,no_reason_given,no,no,,"""I was not aware of myself as 'myself,' I had no sense of past or future""; ""a wonderfully peaceful feeling""; ""passing by a long line of 'beings,' who were observing me silently""; ""an incessant calling that was very annoying""; ""a very clear view of the sidewalk pavement and the bottom of a wall""."
"Archive through February 26, 2002 - Anonymous (prime.kapa.net - 206.135.162.167) (Wednesday, January 23, 2002 - 10:45 am)",iands,data\iands\archive-through-february-26-2002-026.json,1,not_mentioned,not_mentioned,not_mentioned,not_mentioned,implied,not_mentioned,not_mentioned,not_mentioned,not_mentioned,not_mentioned,,“it felt like I was pulled from my body with a strong vacuuming or suctioning device.”; “I felt like I was everywhere that my being was like a small wisp of smoke that spread out in all directions.”; “I felt a total peace and love and contentment that I could never mirror back here on earth.”
"Archive through February 26, 2002 - Anonymous (prime.kapa.net - 206.135.162.167) (Wednesday, January 23, 2002 - 11:00 am)",iands,data\iands\archive-through-february-26-2002-025.json,1,no,no,not_mentioned,not_mentioned,yes_explicit,not_mentioned,no,not_mentioned,not_mentioned,not_mentioned,,"“I was in a place of pure light, as if a warm, gentle, loving fog had enveloped me and was me…”; “Everytime I hurt someone I felt their pain as my own.”; “shown MANY MANY different futures all at the same time.”"
"Archive through February 26, 2002 - Anonymous (prime.kapa.net - 206.135.162.167) (Tuesday, February 5, 2002 - 12:39 pm)",iands,data\iands\archive-through-february-26-2002-020.json,1,not_mentioned,not_mentioned,not_mentioned,spiritual_realm,not_mentioned,not_mentioned,not_mentioned,family_responsibility,not_mentioned,not_mentioned,,"""It's time to go, Lynne""; ""It's not time to go, it's not time to go""; ""I felt like I became everything""; ""I don't belong here in this shell."""
"Archive through February 26, 2002 - Anonymous (prime.kapa.net - 206.135.162.167) (Tuesday, February 5, 2002 - 12:44 pm)",iands,data\iands\archive-through-february-26-2002-018.json,1,no,no,not_mentioned,not_mentioned,implied,not_mentioned,no,not_your_time,not_mentioned,no,,"“I flew though a tunnel of bluish white light and came up to an edge where I stood(?) and looked out over all the souls that ever were or will be.” / “There was a sense of being there forever and only a moment. Time had no beginning or end, it was all just now.” / “I felt like I got lots of help coming back, like souls riding along steering me and aiding me.”"
"Archive through February 26, 2002 - Anonymous (prime.kapa.net - 206.135.162.167) (Tuesday, February 5, 2002 - 12:52 pm)",iands,data\iands\archive-through-february-26-2002-017.json,1,no,no,not_mentioned,spiritual_realm,not_mentioned,not_mentioned,no,earthly_mission,yes_explicit,no,"Told it was ""not my time"" and that they ""had a mission to fulfill""; later framed as using the experience to ""empower people"" and ""tell the world about the realms of the spirit"" and their ""advice and guidance"" (especially for young people).","""slipping out of something that felt like prison""; ""it felt warm and radiant like some one was with me""; ""it was not my time and that I had a mission to fulfill""."
"Archive through December 19, 2002 - Anonymous (Wednesday, September 18, 2002 - 07:45 pm)",iands,data\iands\archive-through-december-19-2002-022.json,1,no,no,not_mentioned,not_mentioned,implied,not_mentioned,no,not_mentioned,no,no,,"""Suddenly, all the pain was gone and I no longer felt the need to breathe.""; ""I could see myself or body sitting in the back seat.""; ""I watched it all.""; ""I knew at that time that there was life after death."""
"Archive through December 19, 2002 - Anonymous (Sunday, October 13, 2002 - 02:41 pm)",iands,data\iands\archive-through-december-19-2002-018.json,1,no,no,not_mentioned,spiritual_realm,not_mentioned,not_mentioned,no,family_responsibility,not_mentioned,no,,"""In case you didn't notice I said: 'I was on the couch' but, also next to my mom looking at myself too.""; ""It's very hard to describe all the things that were taking place all at once.""; ""I know what I know and it wasn't a dream."""
"Archive through December 19, 2002 - Anonymous (Sunday, October 13, 2002 - 03:41 pm)",iands,data\iands\archive-through-december-19-2002-016.json,1,no,no,not_mentioned,not_mentioned,yes_explicit,not_mentioned,no,family_responsibility,no,no,,"“I feel like ...like a contented smile, not a laugh or a giggle. A contented smile.”; “fear”; “It’s alright. It’s only Alice.”; “we are all one thing.”"
"Archive through August 20, 2004 - Anonymous (Thursday, July 8, 2004 - 09:17 pm)",iands,data\iands\archive-through-august-20-2004-023.json,1,no,no,not_mentioned,not_mentioned,implied,not_mentioned,no,no_reason_given,not_mentioned,no,,"""Get ready, something is going to happen. Don't let them interfere..""; ""I had no doubt that I was dead, stone cold dead.""; ""It was like having my own feeling body, sewn to a corpse."""
Elsa C Probable NDE 13174,nderf,data\nderf\05541_elsa-c-probable-nde-13174.json,1,no,no,not_mentioned,not_mentioned,yes_explicit,not_mentioned,no,not_mentioned,no,no,,“I was hovering over it. I felt a lightness I'd never felt before.” “I had never felt so at peace.” “I saw myself slip into my body from the back and heard a loud swish sound.” “I am sad that I could not go and not come back. It still makes me angry.”
Laura C NDE 13159,nderf,data\nderf\05532_laura-c-nde-13159.json,1,no,not_mentioned,not_mentioned,spiritual_realm,not_mentioned,not_mentioned,not_mentioned,earthly_mission,yes_explicit,not_mentioned,"Her grandfather and guide told her she was supposed to live and that she had a purpose, but she cannot remember the specifics.","“I found myself in a waiting room, that looked like it was almost in the mid-century.”"
Tasha L NDE 13147,nderf,data\nderf\05528_tasha-l-nde-13147.json,1,no,not_mentioned,not_mentioned,not_mentioned,implied,not_mentioned,not_mentioned,no_reason_given,implied,no,Understood she could 'be a bright light' and make a positive impact; encouraged toward love/compassion and healing.,"'STOP.'; 'Don’t pass out. Don’t puke. Don’t pass out. Don’t puke,'"
Stacey RS NDE 13144,nderf,data\nderf\05527_stacey-rs-nde-13144.json,1,yes_explicit,not_mentioned,not_mentioned,not_mentioned,not_mentioned,not_mentioned,no,no_reason_given,implied,no,“I was put back in my body for a reason… I was meant to be here for whatever needs to happen on this earth.”,"“I was floating in the corner of the room as high in the room as I could get.”; “The light that filled in around us was just radiant.”; “This was the most peaceful feeling I have ever had.”; “Then ‘poof,’ I was back on the bed… I thought it was minutes.”"
Haneefa M NDE 13143,nderf,data\nderf\05526_haneefa-m-nde-13143.json,1,no,not_mentioned,not_mentioned,not_mentioned,implied,not_mentioned,not_mentioned,not_mentioned,no,not_mentioned,,"""In the darkness, I felt an incredible sense of peace, love and acceptance.""; ""What have I been doing with my life?"""
Margit K Other 13142 NDE 13142,nderf,data\nderf\05525_margit-k-other-13142-nde-13142.json,1,yes_explicit,no,not_mentioned,not_mentioned,not_mentioned,not_mentioned,no,other,not_mentioned,not_mentioned,,“I had the absolute clear feeling that a presence was behind my back watching over me.”
Toni A NDE 13140,nderf,data\nderf\05523_toni-a-nde-13140.json,1,no,no,not_mentioned,not_mentioned,yes_explicit,not_mentioned,not_mentioned,not_mentioned,no,no,,"""I am right here!""; ""Stayin’ Alive""; the woman: ""she was so close and I cannot escape"" and ""she will get what is rightfully hers."""
Paula A NDE 13130,nderf,data\nderf\05518_paula-a-nde-13130.json,1,yes_explicit,not_mentioned,not_mentioned,not_mentioned,not_mentioned,not_mentioned,not_mentioned,not_mentioned,no,no,,"“The sky seemed to rip open and I saw a landscape unfold before me.” “It was made clear to me that what was important was not my actions, but how my actions made others feel.” “The things I expected to be punished for were not a big deal because there was no judgment.” “I was not allowed to see him because if I saw him, I would have chosen to stay there and not return to my life.” “There are no words in English that can describe what happened or how it felt.”"
Serge D Probable NDE 13123,nderf,data\nderf\05513_serge-d-probable-nde-13123.json,1,no,no,not_mentioned,not_mentioned,implied,not_mentioned,no,no_reason_given,no,no,,"“I couldn't see myself, I was in total darkness.” / “I heard all the conversations in the room, but no longer with my ears. It was as if the sound was an integral part of me.” / “I'm going to call the firefighters!”"
Sharene E NDE 13115,nderf,data\nderf\05508_sharene-e-nde-13115.json,1,no,not_mentioned,not_mentioned,not_mentioned,yes_explicit,not_mentioned,no,family_responsibility,no,no,,"God said, 'Go back.'"
Catherine F STE 13111 NDE 13111,nderf,data\nderf\05506_catherine-f-ste-13111-nde-13111.json,1,no,not_mentioned,not_mentioned,spiritual_realm,not_mentioned,not_mentioned,not_mentioned,not_mentioned,no,no,,“You must look up!”; “Every moment of this experienced was supercharged with deep moral and metaphysical reality.”; “It had more reality than waking earthly life itself.”
Nancy Y NDE 13105,nderf,data\nderf\05502_nancy-y-nde-13105.json,1,no,no,not_mentioned,not_mentioned,yes_explicit,not_mentioned,no,not_mentioned,no,no,,"'How did you get here?'; 'You can always go back.'; 'What the f#$% are you guys doing?!? Her heart’s not beating and she’s not breathing!! I’m a nurse, move away!'"
Melody M SOBE 13219 NDE 13219,nderf,data\nderf\05576_melody-m-sobe-13219-nde-13219.json,1,no,no,not_mentioned,not_mentioned,implied,not_mentioned,not_mentioned,family_responsibility,no,not_mentioned,,“I felt a sudden pulling at my chest. Then I felt as if I had left my body and was in the air hovering above and looking down at myself.”; “I want to hold my baby.”; “I came to a definite conscious decision to return to life. I chose to come back to greet my baby.”
Sally L NDE 13214,nderf,data\nderf\05572_sally-l-nde-13214.json,1,yes_explicit,no,not_mentioned,not_mentioned,not_mentioned,not_mentioned,not_mentioned,earthly_mission,yes_explicit,no,"Told she had 'a purpose on earth,' was reminded of free will, warned 'this is my last chance,' and that she 'can't mess it up.'","“I had one foot in the hospital room, but was taken through something like a portal.” “It was a room but yet, not a room. It expanded forever It seemed.” “I was warned that I can't mess it up because this is my last chance.”"
Eric R NDE 13213,nderf,data\nderf\05571_eric-r-nde-13213.json,1,no,not_mentioned,not_mentioned,not_mentioned,implied,not_mentioned,not_mentioned,earthly_mission,implied,no,Stated purpose is to teach and help others; created a non-profit to help disabled people.,“You are OK now.”
Kelly F NDE 13205,nderf,data\nderf\05564_kelly-f-nde-13205.json,1,no,not_mentioned,not_mentioned,not_mentioned,yes_explicit,not_mentioned,no,not_mentioned,no,not_mentioned,,"""He's in shock!""; ""Then, I was in the whitest light experiencing the most loving, caring, peaceful feeling I ever felt""; ""Can't find words to describe the unearthly feeling of love""."
Thea B NDE 13199,nderf,data\nderf\05559_thea-b-nde-13199.json,1,no,no,not_mentioned,not_mentioned,implied,not_mentioned,not_mentioned,not_mentioned,no,no,,"“At one point, I had this wave of all earthly stresses wash away. Then I had the most overwhelming feeling of love that I have ever felt.”; “Instantly, I knew I was loved and would be ok.”; “I knew I had to turn away because it wasn’t my time to go.”; “From this moment, I was looking at the whole scene from above.”"
Brooke K Probable NDE 13190,nderf,data\nderf\05551_brooke-k-probable-nde-13190.json,1,no,no,not_mentioned,not_mentioned,yes_explicit,not_mentioned,no,not_mentioned,no,no,,"“I had no recollection of ever being in my life, my body, my name, my parents. I no memory whatsoever.” / “I felt so loved in a way I had never known. I was loved and loved and loved.” / “I saw a warm, cozy light behind a sheer screen, like a warm fire that beckoned to me and pulled me towards it.”"
"Archive through February 09, 2003 - Anonymous (Thursday, February 6, 2003 - 06:01 pm)",iands,data\iands\archive-through-february-09-2003-002.json,1,no,no,not_mentioned,not_mentioned,implied,not_mentioned,no,not_your_time,no,no,,"""They've killed me.""; ""You weren't expected.""; ""You can't come in.""; ""Your time has not yet come.""; ""Now you must promise never to attempt to come here again."""
"Archive through December 5, 2003 - Anonymous (Sunday, September 28, 2003 - 12:20 pm)",iands,data\iands\archive-through-december-5-2003-025.json,1,not_mentioned,not_mentioned,not_mentioned,not_mentioned,implied,not_mentioned,not_mentioned,family_responsibility,no,not_mentioned,,"""words cannot describe this feeling""; ""you cannot stay here""; ""you have a choice, will you leave your mother and your baby behind?""; ""what are you so worried about I am fine""; ""I'm so glad you came back""."
"Archive through December 5, 2003 - Anonymous (Sunday, September 28, 2003 - 01:11 pm)",iands,data\iands\archive-through-december-5-2003-024.json,1,no,no,not_mentioned,spiritual_realm,not_mentioned,not_mentioned,no,no_reason_given,no,no,,“ITS OKAY WE LOVE HIM TOO” / “I can breath alright now” / “It was like coming home.”
"Archive through December 5, 2003 - reviewer (Tuesday, November 11, 2003 - 04:39 pm)",iands,data\iands\archive-through-december-5-2003-021.json,1,no,no,not_mentioned,not_mentioned,implied,not_mentioned,no,other,no,no,,"""Help me, I can't breath.""; ""I just died, I just died,""; ""Oh no I just died!""; ""I am supposed to be dead right this very instant."""
"Archive through December 5, 2003 - Anonymous (Tuesday, November 11, 2003 - 05:02 pm)",iands,data\iands\archive-through-december-5-2003-014.json,1,no,no,not_mentioned,not_mentioned,implied,not_mentioned,no,not_your_time,no,no,,"“I remember just suddenly sort of floating up in the corner of the room…”; “I was there, but not in my body!”; “it’s not my time, I’m needed, and to go back, that everything will be fine.”; “He did tell me NOT TO TELL ANYONE OR THEY’D PROBABLY LOCK ME AWAY!!”"
"Archive through December 5, 2003 - Anonymous (Tuesday, November 11, 2003 - 09:44 pm)",iands,data\iands\archive-through-december-5-2003-012.json,1,no,no,not_mentioned,not_mentioned,implied,not_mentioned,no,no_reason_given,no,no,,"""NOT YET... NOT YET...""; ""I Know already.""; ""It felt SOOOOOOOOOOO good."""
"Archive through December 5, 2003 - Anonymous (Wednesday, November 12, 2003 - 11:51 am)",iands,data\iands\archive-through-december-5-2003-009.json,1,implied,not_mentioned,not_mentioned,not_mentioned,not_mentioned,not_mentioned,no,no_reason_given,no,no,,"“The place I went to was completely dark and empty.” “It was a loneliness beyond description.” “I felt myself pulled down a tunnel I could only describe as a kaleidoscope of rainbow colors swirling around me as I fell.” “I believe the place I went to was before creation, even before light.”"
"Archive through December 5, 2003 - reviewer (Friday, November 28, 2003 - 10:36 am)",iands,data\iands\archive-through-december-5-2003-005.json,1,not_mentioned,not_mentioned,not_mentioned,not_mentioned,implied,not_mentioned,no,other,not_mentioned,implied,,"""It was like I existed everywhere, within everything.""; ""dense fog imaginable. It was dark, but not black.""; ""I was given a choice. Asked... what I really wanted.""; ""it is actually very uncomfortable to 'live' in a body... an ache... encased in a shell... too small."""
"Archive through December 5, 2003 - Anonymous (Thursday, December 4, 2003 - 03:30 pm)",iands,data\iands\archive-through-december-5-2003-004.json,1,not_mentioned,not_mentioned,not_mentioned,spiritual_realm,not_mentioned,not_mentioned,not_mentioned,other,implied,no,"Teach/embody selfless love and compassion (“look…with our hearts”), and to allow God to “take things over” regarding Joe while she agreed; later she frames being Steve’s friend as something God wants.","“I was HOME.” “It was at this point I realize that this place was ‘THE REALITY!’” “PURE PURE PURE UNCONDITIONAL LOVE.” “We need to look not with our eyes but with our hearts.” “We are all connected!” “OH MY GOD, ITS GOD!” “WE DON’T DIE.”"
"Archive through December 19, 2002 - Anonymous (Monday, September 16, 2002 - 09:15 am)",iands,data\iands\archive-through-december-19-2002-023.json,1,no,no,not_mentioned,spiritual_realm,not_mentioned,not_mentioned,no,family_responsibility,implied,no,"After the experience, the experiencer felt compelled to write poetry and sensed a purpose/reason for it.","""I was going 'home', not heaven, not hell, but 'home'."" ""then there was this void that filled with light, not a tunnel"" ""I cannot describe in words no matter how hard I try, the beauty the completeness"""
Teen NDE 10,nderf,data\nderf\10037_teen-nde-10.json,1,not_mentioned,not_mentioned,not_mentioned,spiritual_realm,not_mentioned,not_mentioned,not_mentioned,other,no,no,,"""Suddenly all sensations vanished as I became aware of another dimension in space."" / ""I saw a beautiful purple place"" / ""ask me in 'thought' transference if I wanted to stay or return."""
Sarah NDE 15,nderf,data\nderf\10033_sarah-nde-15.json,1,no,no,not_mentioned,not_mentioned,implied,not_mentioned,no,family_responsibility,no,no,,"""You do not have the information to enter this world""; ""I'm here"" / ""Great""; ""I'm leaving"" / ""Great""; ""Don't go Sarah! What about Zane?""; ""If you pass through this door, you can't come back."""
Israel NDE 17,nderf,data\nderf\10031_israel-nde-17.json,1,no,no,not_mentioned,not_mentioned,implied,not_mentioned,not_mentioned,not_your_time,implied,yes_explicit,The angel told him: 'There are many duties you must complete' / 'You have a lot of work to do here.' Later (age 15) he reports being told he had to 'volunteer to help others.',"""You must go back. It is not your time yet. There are many duties you must complete... you will be back here in due time."" / ""I suddenly could hear their thoughts and feelings."" / ""I felt like I was flying at an enormous speed through a long and dark pipe that was also soft and secure."""
Christianne NDEs 18 NDE 18,nderf,data\nderf\10030_christianne-ndes-18-nde-18.json,1,no,no,not_mentioned,not_mentioned,implied,not_mentioned,no,not_mentioned,yes_explicit,no,Norman 'told me I had a special mission' and told her to go back inside and present herself to the owners.,"""An angel came and rescued me, Fred""; ""I had no tunnel of light, no reuniting with relatives, just a 105 degree fever and no heartbeat""; ""Mind speak is a communication without using words""; ""The first room was the room of forgiveness""; ""she is ready for return or take off""."
George NDE 20,nderf,data\nderf\10028_george-nde-20.json,1,no,no,not_mentioned,not_mentioned,implied,not_mentioned,no,no_reason_given,no,no,,"“I never felt like I was ‘out’ of my body, but I wasn’t exactly ‘in’ it either.” “I couldn’t escape the awareness that I had been ‘thrust’ back into my body from ‘somewhere’ else.” “I am not afraid of death ... I know there is no pain.”"
Charles E NDE 23,nderf,data\nderf\10026_charles-e-nde-23.json,1,no,no,not_mentioned,spiritual_realm,not_mentioned,not_mentioned,no,family_responsibility,implied,no,"Told it was not his time; he still had a lot left to do and ""would have to take care of my daughters.""","“There are no words in the human language to describe the feeling of warmth, belonging, peace, and especially love.”; “Needless to say, I knew in an instant I was home and I did not want to leave!”; “It saddened me being told that it was not my time for me to stay, that I still had a lot left to do, and that I would have to take care of my daughters.”; “...do what the doctors want to do and you will be home in four days...”"
Peter NDE 39,nderf,data\nderf\10016_peter-nde-39.json,1,not_mentioned,not_mentioned,not_mentioned,not_mentioned,implied,not_mentioned,no,not_mentioned,not_mentioned,not_mentioned,,"""My first early life memory is looking down from above and seeing myself as a baby...""; ""In my opinion, I saw my physical form drown while my spirit was looking down.""; ""Death to me was a celebration... with no fear but with excitement that it will go on forever, life after life, a never-ending cycle."""
India Physician NDE 49,nderf,data\nderf\10014_india-physician-nde-49.json,1,no,no,not_mentioned,not_mentioned,implied,not_mentioned,no,no_reason_given,no,no,,"“From the ceiling, I was looking at my own body!”; “it was as though I could see without vision, hear without sound.”; “In that out-of-body state I could fulfill all my desires as if I were Omnipotent, Omniscient!”; “All my arrogance vanished.”"
Barbara NDE 52,nderf,data\nderf\10013_barbara-nde-52.json,1,not_mentioned,not_mentioned,not_mentioned,spiritual_realm,not_mentioned,not_mentioned,not_mentioned,not_mentioned,implied,no,"Impression of having more ""work"" to do and would ""continue on"" in some way.","""WELL WE THOUGHT YOU WERE GONE TWICE""; ""I'M BACK""; ""I WAS NOT GUILTY OF A-N-Y-T-H-I-N-G""; ""I saw no one but I felt a 'MASSIVE PRESENCE' of warmth and love."""
Ruthie NDE 54,nderf,data\nderf\10012_ruthie-nde-54.json,1,no,no,not_mentioned,spiritual_realm,not_mentioned,not_mentioned,no,not_your_time,not_mentioned,not_mentioned,,"“Come with us Ruthie, we are having FUN!!""; “beginning to cross over--going to the Light.”; “I had NEVER seen so much color and beauty in my life! I swear, I thought it was Eden.”"
Tim NDE 56,nderf,data\nderf\10010_tim-nde-56.json,1,no,no,not_mentioned,not_mentioned,yes_explicit,not_mentioned,no,no_reason_given,no,no,,"“No honey, I am afraid that it won’t.”; “He’s back! You’re back! You are safe now, Try and relax! Everything will be all right. Try and relax.”; “Wake up! Wake up!”"
Bette NDE 59,nderf,data\nderf\10008_bette-nde-59.json,1,no,no,not_mentioned,not_mentioned,implied,not_mentioned,no,not_mentioned,no,not_mentioned,,"“I was listening to every word.” / “I was floating between the top and my body.” / “I went straight to the ceiling and watched as if I were watching TV.” / “I did not think of it as a tunnel, but it was dark and there was a brilliant white light ahead.” / “The only sound was like a whirling noise.” / “There is no death, only transition to another level.”"
Michael G NDE 66,nderf,data\nderf\10006_michael-g-nde-66.json,1,no,no,not_mentioned,spiritual_realm,not_mentioned,not_mentioned,no,not_your_time,no,no,,"“I flew through that portal so fast, as if my britches were on fire.”; “I was Home in the Unconditional Loving White Light.”; “Hell is a dead color.”; “Don't let bitterness, destroy the rose that you are Kathleen, I will be waiting for you.”; “He's back!”"
Almost to Heaven on My Harley NDE 68,nderf,data\nderf\10005_almost-to-heaven-on-my-harley-nde-68.json,1,no,no,not_mentioned,not_mentioned,implied,not_mentioned,no,family_responsibility,no,no,,"“I didn’t see any bright lights, tunnel… no clouds, glitter or gold.” / “Well George, what are you going to do?” / “We spoke to each other through mental telepathy…” / “I returned to my body with great force.” / “Son Of A Bitch, That Was Real.”"
Ellen NDE 69,nderf,data\nderf\10004_ellen-nde-69.json,1,no,no,not_mentioned,not_mentioned,yes_explicit,not_mentioned,no,family_responsibility,no,no,,"“I materialized at the ceiling, to the right of my body.” “Everything was black. There was absolutely no light.” “There was a dark, ominous figure… He appeared evil.” “Sounds like soul wrenching screams… emitted from the fire behind him.” “Let me die.” “You have a boy.” “Eighteen more years then I can go.” “The blackness was 25 over zero.”"
Carolyn H NDE 13226,nderf,data\nderf\05583_carolyn-h-nde-13226.json,1,no,no,not_mentioned,not_mentioned,yes_explicit,none,no,not_your_time,no,no,,"“I was floating on the ceiling and looking down on myself sleeping.” “There was a roaring sound and a lot of turbulence... I was bumping along a turbulent and noisy river of air.” “I am following Grandma out of this world. No, I am too young to do this. It is not my time yet, I have to go back.”"
"Archive through April 6, 2004 - Anonymous (Tuesday, March 30, 2004 - 10:07 pm)",iands,data\iands\archive-through-april-6-2004-014.json,1,no,no,not_mentioned,spiritual_realm,not_mentioned,not_mentioned,no,no_reason_given,no,no,,"""Doctor, her pressure is dropping.""; ""you are judging yourself much too harshly.""; ""I felt as if I had been going to my true home and was forced back here. I did not want to come back.""; ""I am now no longer fearful of death, for I know that it is just the closing of one door and the opening of another."""
Luis H Probable NDE,nderf,data\nderf\13198_luis-h-probable-nde.json,1,not_mentioned,not_mentioned,not_mentioned,not_mentioned,implied,not_mentioned,not_mentioned,not_mentioned,not_mentioned,not_mentioned,,"""Relax and let go. All is well.""; ""Oh, I guess I am going to die now,""; ""Are you ready to go?"" / ""Yes. This is boring,""; ""What is wrong with it?"" / ""It cannot breathe,""; ""What is breathing?"""
Janna W NDE,nderf,data\nderf\13192_janna-w-nde.json,1,no,no,not_mentioned,spiritual_realm,not_mentioned,not_mentioned,no,earthly_mission,yes_explicit,no,"Told telepathically it was not her time; she was to go back and figure out how to use her gift with others. Later devoted life to parenting, teaching, and became an end-of-life educator as a higher calling.","“I started to feel a dark but extremely, peaceful tunnel around me.”; “An intensely bright, warm light enveloped me. It felt like the most tranquil home full of love and I did not want to leave.”; “A voice in my head, like telepathy, told me that it was not my time.”; “I was to go back and figure out how to use my gift with others.”; “I quickly landed back in my body and haven’t been the same since.”"
Brooke K Probable NDE,nderf,data\nderf\13190_brooke-k-probable-nde.json,1,not_mentioned,not_mentioned,not_mentioned,not_mentioned,implied,not_mentioned,not_mentioned,not_mentioned,not_mentioned,not_mentioned,,"“I had no recollection of ever being in my life, my body, my name, my parents. I no memory whatsoever.”; “I saw a warm, cozy light behind a sheer screen, like a warm fire that beckoned to me and pulled me towards it.”; “I felt so loved in a way I had never known... I cannot verbally describe this love.”"
John-Clement G ADC,nderf,data\nderf\13186_john-clement-g-adc.json,1,no,no,not_mentioned,spiritual_realm,not_mentioned,not_mentioned,no,not_mentioned,implied,no,"Grandmother advised: ""Stay on this path, and one day you will find out on your own.""","""I'm free at last."" (implied by empty straps after wheelchair scene)
""I don't think they want me to tell you.""
""Stay on this path, and one day you will find out on your own."""
Kevin C Probable NDEs,nderf,data\nderf\13184_kevin-c-probable-ndes.json,1,no,no,not_mentioned,not_mentioned,implied,not_mentioned,no,not_your_time,not_mentioned,no,,"'Not yet'. 'That's it, let's go.' 'I lived the first 19 years of my life in real time... it lasted only 3-5 seconds.'"
Raimondo NDE,nderf,data\nderf\13173_raimondo-nde.json,1,not_mentioned,not_mentioned,not_mentioned,spiritual_realm,not_mentioned,not_mentioned,not_mentioned,not_your_time,no,not_mentioned,,"""Raimondo, turn back; it is not your time."""
Todd H NDE,nderf,data\nderf\13162_todd-h-nde.json,1,no,no,not_mentioned,not_mentioned,implied,not_mentioned,no,no_reason_given,no,no,,"“I felt myself being pulled away and I was leaving my body.” “I was dying and felt alone.” “I had stepped into the doorway of the other side, but had not ventured any further down the path.”"
Laura C NDE,nderf,data\nderf\13159_laura-c-nde.json,1,no,no,not_mentioned,spiritual_realm,not_mentioned,not_mentioned,no,earthly_mission,yes_explicit,no,Grandfather told her she was supposed to live and told her her purpose (she cannot remember the content).,"“I found myself in a waiting room, that looked like it was almost in the mid-century.”; “My grandfather and I spoke not with our mouths but with our minds.”; “I remember looking at the city, like I really wanted to go home there. The man shook his finger 'no'.”; “They said I had experienced death.”; “It took me a long time to come back to earth, so to speak.”"
Gavin M NDE,nderf,data\nderf\13150_gavin-m-nde.json,1,no,no,not_mentioned,spiritual_realm,not_mentioned,none,no,not_mentioned,no,no,,"“I had no eyes so I saw nothing. I could feel; so, I knew I existed.” “I was space without any feeling of restriction.” “We could communicate, but without words.” “She let me know that I shouldn't get comfortable because I wouldn't be staying long.”"
Tasha L NDE,nderf,data\nderf\13147_tasha-l-nde.json,1,no,no,not_mentioned,not_mentioned,yes_explicit,not_mentioned,no,no_reason_given,implied,no,Realized she could be a bright light and make a positive impact on the lives of everyone she encounters.,"“In an instant, I found myself hovering above my body.” “It was as if I was traveling through a dark tunnel in outer space.” “Engulfed by the brightest and most vivid white light—brighter than anyone could imagine.” “I experienced a form of telepathic communication… downloading their communication directly into my being.” “STOP.”"
NDE from 696 A.D. 158 NDE 158,nderf,data\nderf\10091_nde-from-696-a-d-158-nde.json,1,no,no,not_mentioned,not_mentioned,implied,not_mentioned,no,not_your_time,yes_explicit,no,"Instructed to return and live differently: ""examine your actions"" and ""preserve your manner of living and your words in righteousness and simplicity"" to have a place among the blessed.","""He that led me had a countenance full of light, and shining raiment""; ""Think not so, for this is not the Hell you believe it to be""; ""that foul flaming pit which you saw, is the mouth of Hell""; ""I much abhorred returning to the body""; ""on a sudden, I found myself, I know not how, alive among men."""
Myra E DBV 155 NDE 155,nderf,data\nderf\10072_myra-e-dbv-155-nde.json,1,not_mentioned,not_mentioned,not_mentioned,spiritual_realm,not_mentioned,not_mentioned,not_mentioned,not_mentioned,not_mentioned,not_mentioned,,"""We must hurry!""; ""Hurry! Hurry! I have to get there.""; ""You have to go back now... You can't stay.""; ""It was everything we love wrapped up into light.""; ""It was the feeling of home, family, reassurance and love."""
Jean NDE 32,nderf,data\nderf\10061_jean-nde-32.json,1,no,no,not_mentioned,spiritual_realm,not_mentioned,not_mentioned,no,earthly_mission,yes_explicit,no,Told firmly 'there was something I had to do' and could return when she had 'finished my work' (no specific task described).,"""You'll grow into it.""; ""all time is 'now' and all space is 'here'.""; ""I was one of them and always had been.""; ""there was something I had to do"""
A Child NDE 8,nderf,data\nderf\10039_a-child-nde-8.json,1,no,no,not_mentioned,spiritual_realm,not_mentioned,not_mentioned,no,earthly_mission,yes_explicit,no,Told by sister: 'You need to save mother from the fire... you need to go back now.',"""I died"" and drifted into a safe black void of comfort and ease, no pain and no fear. ""You need to go back now, Sandy,"" she said. ""You need to save mother from the fire."" ""Sandy, go home, go home now""."
One Soldier NDE 9,nderf,data\nderf\10038_one-soldier-nde-9.json,1,not_mentioned,not_mentioned,not_mentioned,spiritual_realm,not_mentioned,not_mentioned,not_mentioned,earthly_mission,yes_explicit,no,"Ed told him: ""Your mission is to help others and to protect them... for now you need to go back and discover your mission in full.""","""This trench was filled with blood, guts and body parts. It had a consistency of thick beef stew.""; ""Your mission is to help others and to protect them.""; ""This is your home and you will return, but for now you need to go back."""
A Musical Note,iands,data\iands\a-musical-note.json,1,no,no,not_mentioned,not_mentioned,yes_explicit,not_mentioned,no,no_reason_given,not_mentioned,no,,"""for God's sake breathe.""; ""Then I was travelling backwards faster than a bullet through this blacker than black void.""; ""The colours were nothing like we see on earth, they were alive, vibrant and glowing.""; ""Again the musical note sounded and WHAM, I was back in my body gasping for air."""
Sammy E,nderf,data\nderf\33160_sammy-e.json,1,no,no,not_mentioned,not_mentioned,implied,none,no,other,no,no,,"“I suddenly felt incredibly relieved, detached from all the physical sensations of my body, and fully awake again.” “...like I was floating in a dark void with no dimension and no physicality.” “...sharply aware that I was at a threshold of sorts, and that if I did not take decisive action immediately I would not be coming back.”"
Sam K,nderf,data\nderf\33154_sam-k.json,1,not_mentioned,not_mentioned,not_mentioned,not_mentioned,yes_explicit,not_mentioned,not_mentioned,not_your_time,no,not_mentioned,,"“Within less than a split second, I felt a release and experienced an expansion out into a tunnel of lightning.” “The tunnel was moving at vortex-like speed through a spaceless state of oneness.” “It was like being a droplet in an experience beyond words, and all happening at once.” “I came back with a message that I was not done yet and it was not my time.”"
A Burst of Light Amid Violence,iands,data\iands\a-burst-of-light-amid-violence.json,1,not_mentioned,not_mentioned,not_mentioned,not_mentioned,implied,not_mentioned,not_mentioned,not_your_time,no,no,,"""No es tu tiempo"" / ""It is not your time.""; ""I felt unconditional love.""; ""I had no hands or body. I felt that I had become 'awareness' not a being."""
דנה פ (Dana F),nderf,data\nderf\33144_dana-f.json,1,no,no,not_mentioned,not_mentioned,implied,none,no,not_your_time,implied,no,Told there were many things she still needed to do and she hadn't finished her path in this world.,"""That's it. It's over."" / ""Finally! I'm finally free of it."" / ""It wasn't my time..."" / ""I was then asked if it was all right with me to return... I answered 'Yes,' and immediately afterward, it was as if I was thrown back into my body."" / ""It was as if abilities I never had before were 'installed' in me."""
A lifetime: Brief moments of light when suddenly truth beams on us,iands,data\iands\a-lifetime-brief-moments-of-light-when-suddenly-truth-beams-on-us.json,1,not_mentioned,not_mentioned,not_mentioned,not_mentioned,implied,not_mentioned,not_mentioned,family_responsibility,not_mentioned,no,,"“Would you like to go to heaven or stay with your mommy and daddy?”; “Come, Lord Jesus.”"
Chip Mc,nderf,data\nderf\33138_chip-mc.json,1,no,no,not_mentioned,not_mentioned,implied,none,no,no_reason_given,no,no,,"""The last thing I saw was my own flatline on the monitor."" ""Immediately, I saw myself from a third-person viewpoint."" ""Suddenly, like a strong magnet, I was pulled back into my body."""
Raleigh,nderf,data\nderf\33125_raleigh.json,1,no,no,not_mentioned,not_mentioned,implied,not_mentioned,no,not_mentioned,no,no,,"“I experienced a vast darkness and an intense pleasure, unlike anything I had ever felt - including from opioids.”"
Diana K,nderf,data\nderf\33124_diana-k.json,1,no,no,not_mentioned,spiritual_realm,not_mentioned,not_mentioned,no,no_reason_given,no,no,,"“We went through a tunnel together toward the light, where all my shame, guilt, self-hate, and fear were lifted.”"
Tessa T,nderf,data\nderf\33122_tessa-t.json,1,not_mentioned,not_mentioned,not_mentioned,not_mentioned,implied,not_mentioned,not_mentioned,not_mentioned,no,no,,"“So, this is how I’m going to die.” / “Wow, that actually felt good, like a puffy cloud.”"
Omar C,nderf,data\nderf\33045_omar-c.json,1,no,no,not_mentioned,not_mentioned,implied,none,no,other,implied,no,"After he decided to return, the voice said, 'Your next mission is...' but he does not know what the mission is.",“Your next mission is...”
Мария (Mariya),nderf,data\nderf\33042_mariya.json,1,no,no,not_mentioned,not_mentioned,implied,not_mentioned,no,not_mentioned,implied,no,"Interpreted a door labeled ""Staff Only"" as ""God’s call for me to serve.""","""I experienced a three-day JUDGMENT while fully alive and conscious.""; ""My consciousness seemed to split""; ""I saw the room not with my eyes but with my soul.""; ""Jesus is near.""; ""Go to Him!""; ""I want to LIVE."""
Brandon D,nderf,data\nderf\33021_brandon-d.json,1,not_mentioned,not_mentioned,not_mentioned,not_mentioned,implied,not_mentioned,no,earthly_mission,no,no,,"“I was mentally asked, ‘What did you learn?’” / “It was like I was on a cushion of air, relaxing in absolute peace and tranquility.” / “I didn’t see angels, demons, humans, or animals... It was more like I was pure consciousness, communicating with one other formless entity.” / “I caused a lot of pain. I wish to return so I could heal the pain I put onto others.”"
Oleg K,nderf,data\nderf\33018_oleg-k.json,1,no,no,not_mentioned,not_mentioned,implied,not_mentioned,no,no_reason_given,no,no,,"“Then suddenly, I was outside my body, near the ceiling above the operating light.”"
John-Michael S,nderf,data\nderf\33015_john-michael-s.json,1,no,no,not_mentioned,not_mentioned,yes_explicit,not_mentioned,no,other,no,no,,"""The place was gray, like the sky before a hurricane.""; ""Mist reached up to my knees.""; ""He said I would not be judged, but I would go to hell if I didn’t turn back.""; ""Mr. John, you’re back!""; ""I don’t have any grand revelations from my near-death experience... I came back with nothing."""
Nicole G,nderf,data\nderf\33011_nicole-g.json,1,no,no,not_mentioned,not_mentioned,implied,not_mentioned,no,not_your_time,no,no,,"""NIKKI!""; ""It isn't your time. You must go back.""; ""Time didn't seem to be relevant and trying to write this down and make it linear doesn't make sense."""
Marcus E,nderf,data\nderf\33071_marcus-e.json,1,no,no,not_mentioned,not_mentioned,implied,not_mentioned,no,earthly_mission,no,no,,"“No, it’s not his time yet. He needs to go back. He has important things to do.” / “I wasn’t afraid, only amazed.” / “as if attached to a stretched rubber band and released… like a rubber band snapping.”"
Dave B,nderf,data\nderf\33063_dave-b.json,1,no,no,not_mentioned,spiritual_realm,not_mentioned,not_mentioned,no,earthly_mission,implied,no,"God told him, 'he said I had more to do on Earth.'","“I felt as if I had gone home. I belonged.” “His love was unconditional.” “Without words, he told me he loved me and everything was as it should be.” “He said I had more to do on Earth.” “I absolutely did not want to leave, but he sent me back anyway.” “I remember how heavy my body felt when I returned to it.”"
Nurit N,nderf,data\nderf\33056_nurit-n.json,1,no,no,not_mentioned,not_mentioned,yes_explicit,not_mentioned,no,family_responsibility,not_mentioned,no,,"""I felt pure, unconditional love with no expectations, no religion, and no obligations."" ""Then, I was pulled like a magnet into a dark gray cloud, where I saw other souls moving together in a circle."" ""Dying felt like truly waking up."""
J. David J,nderf,data\nderf\33053_j-david-j.json,1,no,no,not_mentioned,not_mentioned,implied,not_mentioned,no,not_mentioned,no,no,,"""This is funny. I'm dead, and I don't feel bad.""; ""This is great. I don't have anything to worry about; I don't have any pain."""
"Archive through April 6, 2004 - Anonymous (Tuesday, March 30, 2004 - 10:18 pm)",iands,data\iands\archive-through-april-6-2004-011.json,1,no,no,not_mentioned,spiritual_realm,not_mentioned,not_mentioned,no,no_reason_given,no,no,,“I sensed that I belonged there.” “I only remember a tremendous peace.” “A voice told me I was not through.”
"Archive through April 6, 2004 - Anonymous (Thursday, April 1, 2004 - 08:48 pm)",iands,data\iands\archive-through-april-6-2004-004.json,1,no,no,not_mentioned,spiritual_realm,not_mentioned,not_mentioned,no,family_responsibility,not_mentioned,no,,"“like down a tunnel but on my side.” / “it was time to go home.” / “I told the voice to forget it, I was not ready and that was that.”"
"Archive through April 10, 2003 - Anonymous (Sunday, February 16, 2003 - 01:53 pm)",iands,data\iands\archive-through-april-10-2003-017.json,1,no,no,not_mentioned,not_mentioned,implied,none,no,family_responsibility,implied,no,"Felt she was ""sent back to protect guide her, to be her mother""; also mentions a possible purpose: ""to be her mother or healing?""","""rushing noise, like wind in bamboo""; ""wonderful warm safe secure light""; ""safe, warm loved""; ""Drawn back to dark to pain""; ""I know that it was real."""
"Archive through April 10, 2003 - Anonymous (Monday, March 3, 2003 - 07:14 pm)",iands,data\iands\archive-through-april-10-2003-010.json,1,not_mentioned,not_mentioned,not_mentioned,not_mentioned,implied,not_mentioned,not_mentioned,other,no,no,,"“I was in total light, absolute light I had no body just my mind. I felt totally at peace.”"
"Archive through April 10, 2003 - Anonymous (Saturday, March 15, 2003 - 01:07 pm)",iands,data\iands\archive-through-april-10-2003-008.json,1,no,no,not_mentioned,not_mentioned,yes_explicit,not_mentioned,no,no_reason_given,not_mentioned,no,,"“I found myself in a place that was devoid of everything except, a doorway of white/gold light.” “I had a consciousness, no body, and could see all around at once.” “It was like a welcome mat of sorts.” “I was racing at a breath-taking speed through the darkness.” “found myself cracking back into my body through the top of my head.” “I was sooo at peace… it was all Loving.”"
"Archive through April 10, 2003 - Anonymous (Saturday, March 15, 2003 - 01:28 pm)",iands,data\iands\archive-through-april-10-2003-006.json,1,not_mentioned,not_mentioned,not_mentioned,not_mentioned,implied,not_mentioned,not_mentioned,not_mentioned,not_mentioned,not_mentioned,,"""Oh! - That’s me!""; ""It's her heart""; ""joined at the waist as if my spirit was half outside of my body""; ""I wish I could feel that calm all the time!!!"""
"Archive through April 10, 2003 - Anonymous (Tuesday, March 18, 2003 - 08:05 pm)",iands,data\iands\archive-through-april-10-2003-004.json,1,not_mentioned,not_mentioned,not_mentioned,spiritual_realm,not_mentioned,not_mentioned,not_mentioned,no_reason_given,not_mentioned,not_mentioned,,"""Just one minute I was in my body and the next I was in this place that was hard to explain."" ""It was a nothing place with light fog or mist."" ""If you're dead and I'm here with you, then..."" ""Just as suddenly I slammed back into my body."" ""So many times in my life I have just cried and cried and wanted to go Home. I mean my REAL Home."""
"Archive through April 10, 2003 - Anonymous (Tuesday, March 25, 2003 - 09:51 pm)",iands,data\iands\archive-through-april-10-2003-003.json,1,no,no,not_mentioned,not_mentioned,implied,not_mentioned,no,not_your_time,not_mentioned,no,,"""its not your time""; ""It was almost like as if I was a spectator watching someone else getting involved in an accident."""
"Archive through April 10, 2003 - Anonymous (Thursday, April 10, 2003 - 05:05 pm)",iands,data\iands\archive-through-april-10-2003-001.json,1,no,no,not_mentioned,spiritual_realm,not_mentioned,not_mentioned,no,other,no,no,,"""They told me they were Escort Angels and had come to take me Home.""; ""I was back on Earth and suffering from Homesickness.""; ""Why don't you thank us now?"""
An NDE during Child Birth,iands,data\iands\an-nde-during-child-birth.json,1,no,no,not_mentioned,not_mentioned,implied,not_mentioned,no,family_responsibility,not_mentioned,not_mentioned,,"“Come on, stop bleeding!”; “I can't. I'm too tired.”; “I felt like a wave of movement rising above my body to the ceiling.”; “I was immersed in a white light all around me.”; “I'll go back with her.”; “It was like slipping back into an old shoe.”"
"Algerian Man Hit by Car Is Visited by Jesus, Mohammed, Shiva, and Female Deity",iands,data\iands\algerian-man-hit-by-car-is-visited-by-jesus-mohammed-shiva-and-female-deity.json,1,not_mentioned,not_mentioned,not_mentioned,not_mentioned,implied,not_mentioned,not_mentioned,other,yes_explicit,no,"Instruction: 'She is my daughter, take care of her.'","""Don’t be afraid of the truck. It’s still far away. Look closely at this light—it’s here to protect you.""; ""Don’t fall asleep, don’t close your eyes.""; ""Make way, the Lord is coming. Step aside and clear the path.""; ""Now, you have grace.""; ""Get up and follow the hand of the Lord Jesus.""; ""Hold my hand tightly and always keep looking straight ahead.""; ""Now is when the show begins.""; ""Come, we must go. Our time here is over. If we stay, we’ll lose our way.""; ""She is my daughter, take care of her.""; ""Remember, I am everywhere."""
Above the Bleachers,iands,data\iands\above-the-bleachers.json,1,not_mentioned,not_mentioned,not_mentioned,not_mentioned,implied,not_mentioned,not_mentioned,not_mentioned,not_mentioned,not_mentioned,,"""I left my body to watch from the top bleacher""; ""It seems like there is no time when you don't have a body.""; ""She was like an angel reassuring me."""
