title,dataset,source_file,prebirth_indicator_count,premortal_existence_info,pre_birth_realm_description,incarnation_choice,home_identification,identity_pre_body,death_memory,past_life_memory,return_reason,mission_commissioned,volunteer_language,mission_detail,notable_quotes
Girl has 8 NDEs and learns the purpose of suffering on Earth,iands,data\iands\girl-has-8-ndes-and-learns-the-purpose-of-suffering-on-earth.json,5,yes_explicit,yes_explicit,chose_mission,spiritual_realm,yes_explicit,not_mentioned,not_mentioned,earthly_mission,implied,implied,"Implied duty/work: 'I had promised. I had work to do even though it was really, really hard work.' Also framed as choosing/continuing an 'impossible life' to try not to fail.",'Remember exactly what they say.' / 'You don't have to go back. It's your choice.' / 'Earth is a place where the unlimited becomes limited; where the singular becomes many.' / 'Someone must. Why not me?'
Franziska R ADCs 7539 NDE 7539,nderf,data\nderf\03864_franziska-r-adcs-7539-nde-7539.json,5,yes_explicit,implied,chose_parents,spiritual_realm,yes_explicit,not_mentioned,no,earthly_mission,yes_explicit,no,"Repeated message from Andreas: there is 'a plan' and the experiencer is important for it; later Elage gives a specific task: 'tell the tour guide, that the accident was not his fault.' (He also said he had 'two tasks' but only one is stated.)","“I was a little ball of brilliant blue light, about 5 cm in diameter.” “This brook was the border to heaven.” “Now you have to forget everything what we discussed here! Only when you come back here again, you are allowed to remember it.” “You know that you shouldn't ask this question! Now we can never again meet here.” “I jumped against a kind of plasma or rubber wall. It was soft and flexible, was glowing in a golden orange color, and hurled me back.” “I was in total silence and total darkness.” “Oh, that love was indescribable.”"
Ann S NDE 2617,nderf,data\nderf\00852_ann-s-nde-2617.json,5,yes_explicit,yes_explicit,chose_mission,spiritual_realm,yes_explicit,not_mentioned,no,family_responsibility,not_mentioned,not_mentioned,,"""we were in line to be born""; ""The clicking happened every time someone was born""; ""I was so excited, I was going to be a human, I was going to be real""; ""when it ends, I want another chance, another go around""."
Philippe M NDE 13120,nderf,data\nderf\05511_philippe-m-nde-13120.json,4,yes_explicit,implied,not_mentioned,spiritual_realm,implied,not_mentioned,not_mentioned,not_your_time,implied,no,"He later interpreted the return as implying he 'must have a mission' and later felt guided: 'you should do something, you must put your skills at the service of these suffering souls.'","“This is our real world, our home!”; “No, this is not the time for you, you must come back.”; return felt like “a bungee jump, upside down.”"
Sterling K NDE 13104,nderf,data\nderf\05504_sterling-k-nde-13104.json,4,yes_explicit,implied,chose_mission,not_mentioned,yes_explicit,not_mentioned,not_mentioned,family_responsibility,yes_explicit,implied,"Told by his deceased father that he had 'much work' to do; his daughters and grandchildren needed him; he could not remain until his service with children, grandchildren, and friends was complete.","'Son, it's not your time yet.'; 'I love you son. We will be together again after your work is complete.'; 'The light itself is a place.'"
Joshua H,nderf,data\nderf\33140_joshua-h.json,4,yes_explicit,implied,not_mentioned,spiritual_realm,yes_explicit,not_mentioned,no,no_reason_given,no,no,,"“I was everything and nothing at once.” / “I sensed I was home – the place from which I came before birth, and the place to which we all return.” / “I’m back!”"
Randy W,nderf,data\nderf\33165_randy-w.json,4,yes_explicit,yes_explicit,chose_mission,not_mentioned,yes_explicit,not_mentioned,no,not_mentioned,yes_explicit,no,"Jesus: ""I will ask you to give a message to the world."" Later he reports being told to give the world two messages: (1) urge NDErs to share and urge institutions to recognize an afterlife; (2) work to make Earth ""as it is in heaven"" (feed the poor, heal the sick, remove greed/corruption, leaders with kindness/integrity/understanding).","""I knew immediately that the dream was so realistic it was not a dream but a memory.""; ""The following events happened before I was born.""; ""This soul wants to go to Earth. He has no title, no status, no preparation, nor any history.""; ""Earth is not an adventure and it is hard on the soul.""; ""I will ask you to give a message to the world. You will be branded a liar by your friends and family.""; ""Your kingdom come, your will be done, on earth as it is in heaven."""
Back Home,iands,data\iands\back-home.json,4,implied,implied,not_mentioned,spiritual_realm,implied,not_mentioned,not_mentioned,other,not_mentioned,not_mentioned,,"""You are not supposed to remember this!""; ""I knew that if I reached the top that I would be home.""; ""Mere words can't explain how breathtakingly fantastic it was."""
Liver failure shows me all animals and plants have souls,iands,data\iands\liver-failure-shows-me-all-animals-and-plants-have-souls.json,4,yes_explicit,implied,chose_mission,not_mentioned,implied,not_mentioned,no,family_responsibility,not_mentioned,no,,"“I went through the tunnel of love…”; “There was no judgement, only reflection.”; “They showed me that all animals have souls… They also said that plants have a soul too.”; “There was no concept of time.”"
Tomás O Possible NDE 8857,nderf,data\nderf\04681_tom-s-o-possible-nde-8857.json,4,yes_explicit,implied,not_mentioned,spiritual_realm,yes_explicit,not_mentioned,no,not_mentioned,no,not_mentioned,,"Heard whispers: ""welcome"" and ""it's done"" (""se acabó""). Felt like returning ""to a mother who was not my mother... THE mother, an archetypal mother."" ""I felt my 'life force' leaving my body."" ""It's truer than what I'm seeing in my daily life."""
Ray C Probable NDE 8621,nderf,data\nderf\04547_ray-c-probable-nde-8621.json,4,yes_explicit,implied,not_mentioned,spiritual_realm,yes_explicit,not_mentioned,not_mentioned,not_your_time,no,no,,"“I understood that the light that I was looking at, was my own.”; “There is no start or ending and there is no time in between. You can be anywhere or everywhere all at once.”; “There is no hate or judgement. There is no pain.”; “The love we can understand here at its maximum, is only a grain of sand in a desert compared to the love you have over there.”"
Healthy woman is given a visit to the afterlife after falling asleep,iands,data\iands\healthy-woman-is-given-a-visit-to-the-afterlife-after-falling-asleep.json,4,yes_explicit,implied,not_mentioned,spiritual_realm,yes_explicit,not_mentioned,no,no_reason_given,not_mentioned,not_mentioned,,"""This is the place I was before I was born!"" / ""OH MY GOD! I was back HOME"" / ""I understood without being told that if I crossed that line... there would be no coming back."""
Heaven's Green Room,iands,data\iands\heaven-s-green-room.json,4,yes_explicit,yes_explicit,not_mentioned,spiritual_realm,implied,not_mentioned,no,earthly_mission,yes_explicit,yes_explicit,Guide conveyed messages/lessons from 'those in Heaven' and said the experiencer had previously volunteered/agreed (before birth) to serve as a messenger: to synthesize the teachings into human-understandable form and disseminate them on Earth.,"""At that moment I realized my consciousness was in two places at once.""; ""I wasn’t in Heaven per se... I was in the waiting area. Heaven’s green room.""; ""I was an atheist. No longer."""
Bristol O NDE 13171,nderf,data\nderf\05538_bristol-o-nde-13171.json,4,yes_explicit,yes_explicit,no_choice,spiritual_realm,yes_explicit,none,no,other,implied,no,Implied obligation to live in a way that connects to others and makes the story of life meaningful (to entice 'slumbering spirits' to want to live/struggle).,"""I was thrust suddenly into the darkness of space."" ""It occupied the entire expanse of reality."" ""We are all energetically intertwined into essentially a big 'us.'"" ""I would be placed 'in the back of the line.'"" ""I had forgotten how violent animation was."" ""Thank you, thank you, thank you."""
Kathy S,nderf,data\nderf\33102_kathy-s.json,4,yes_explicit,implied,not_mentioned,spiritual_realm,yes_explicit,not_mentioned,not_mentioned,family_responsibility,not_mentioned,no,,"""I hate it there. Please don’t make me go back.""; ""Oh yeah, Michael. I have to go back.""; ""You just 'know.'""; ""I command to be fully conscious here.""; ""But I know now death isn’t real."""
Christina C,nderf,data\nderf\33069_christina-c.json,4,implied,implied,not_mentioned,spiritual_realm,implied,not_mentioned,no,not_mentioned,not_mentioned,not_mentioned,,"""It is like floating in timelessness.""; ""During this, I saw a white light so bright it should have been blinding, but it wasn’t.""; ""I knew without any question that it was Source. I knew it was home.""; ""Another profound understanding that came with this was that there is no death.""; ""Today, I received a download from Source""; ""Earth is both our sandbox and our school."""
David A Probable NDE 216,nderf,data\nderf\01411_david-a-probable-nde.json,4,implied,implied,chose_mission,not_mentioned,implied,not_mentioned,no,other,not_mentioned,no,,"“Then, a sense of void and darkness surrounded me, and I could sense a presence watching me...” “I tried to move my arms and touch my face, but I had no arms or hands...” “I thought to myself that this is hell...” “I somehow knew I was in a woman's vagina, about to be born.” “I will forget everything and learn it all over again, and that there was no guaranty that I will be ok.” “I refused, and suddenly another being took my place in the womb.”"
Chantal T NDE 4031,nderf,data\nderf\01940_chantal-t-nde-4031.json,4,yes_explicit,no,chose_mission,spiritual_realm,yes_explicit,not_mentioned,not_mentioned,earthly_mission,yes_explicit,no,"Told she had not completed what she had to do yet; urged to think of her husband and children; statements included 'Truth shall spread, men shall wake up' and 'Planet Earth shall be saved.'","“Time has come to go.” “You did not complete what you had to do yet.” “Think to A. (my husband) and to the children.” “You shall be helped.” “Truth shall spread, men shall wake up.” “Planet Earth shall be saved.”"
Cathleen C NDE 3735,nderf,data\nderf\01734_cathleen-c-nde-3735.json,4,yes_explicit,not_mentioned,chose_mission,spiritual_realm,yes_explicit,not_mentioned,not_mentioned,family_responsibility,no,no,,"“I immediately descended as if in a speeding elevator car.” “I WAS DEAD. I HAD BEEN CREATED BY GOD.” “the countless voices of many, many souls… only weeping and wailing.” “a gigantic hand came down… and lifted me out of that abyss.” “we talked at length… His thoughts instantly transferred to my consciousness and mine to His.” “there were millions and millions of doorways…” “picking a door would be my exit out of heaven and I would be born again out of the womb of some woman somewhere on Earth.” “He removes all memories of previous lives…” “I became so horrified, distressed, and depressed beyond words.”"
Derry B NDE 198,nderf,data\nderf\01425_derry-b-nde.json,4,yes_explicit,implied,not_mentioned,spiritual_realm,implied,not_mentioned,no,other,yes_explicit,no,"To ""testify that the spirit world is real and beautiful"" and that ""Jesus is who he says he is,"" and to help self/others (including husband).","""The light was everywhere - it even passed through me!""; ""I was outside of it, looking at my body from above.""; ""I obviously could read their thoughts!""; ""I was given the choice that I could either come back to this earth... or stay with him there in Heaven."""
Jim W NDE 4485,nderf,data\nderf\02252_jim-w-nde-4485.json,4,yes_explicit,implied,chose_mission,not_mentioned,yes_explicit,not_mentioned,no,not_mentioned,not_mentioned,implied,,"“I saw my life pass before me in rapid succession.”; “At some point after this, I had a remembrance or knowledge of being in heaven before I was ever born, and being offered a selection of a time to come live on earth. I chose the time after WWII because I thought it would be a great time to live.”; “I clearly remember this occasion of choice and it was not a dream.”"
Victor B NDE 4081,nderf,data\nderf\01961_victor-b-nde-4081.json,4,yes_explicit,implied,not_mentioned,spiritual_realm,implied,not_mentioned,not_mentioned,not_your_time,no,no,,'Angels!' ; 'You have to go back. This is not for you.' ; 'I was literally sucked back into my crumpled body.'
Sara V NDE 9582,nderf,data\nderf\05166_sara-v-nde-9582.json,4,yes_explicit,implied,not_mentioned,spiritual_realm,yes_explicit,not_mentioned,not_mentioned,earthly_mission,implied,no,"She felt she 'had to do other things on earth' and later increasingly dedicated herself to healing work, eventually becoming a full-time healer.","“At the bottom of this clearing of grass, there was a huge, majestic oak tree... I knew the tree was a doorway.”; “Suddenly a pure white, shining unicorn appeared in front of me.”; “I was in an in-between state, where I perceived another world and I wasn't perfectly connected to here.”"
Louise L Pre-birth 9071 NDE 9071,nderf,data\nderf\04831_louise-l-pre-birth-9071-nde-9071.json,4,yes_explicit,implied,chose_mission,not_mentioned,yes_explicit,not_mentioned,not_mentioned,other,no,not_mentioned,,"Entities asked: ""What do you want to do?"" She replied: ""I want to come, and to make it."" She was ""whooshed"" back into the baby’s body. Later: ""Please don’t let me sleep, as I won’t come back."" ""Real, real, real."""
Laura Z Probable NDE 9118,nderf,data\nderf\04865_laura-z-probable-nde-9118.json,4,yes_explicit,implied,not_mentioned,spiritual_realm,yes_explicit,not_mentioned,not_mentioned,no_reason_given,implied,no,"Key message remembered: ""Have you considered love as an option?"" / ""The truth is love.""","""Have you considered love as an option?"" / ""The truth is love. And what you fear most is unconditional love."""
Annalise E NDE 9115,nderf,data\nderf\04862_annalise-e-nde-9115.json,4,yes_explicit,implied,not_mentioned,spiritual_realm,implied,not_mentioned,not_mentioned,no_reason_given,not_mentioned,not_mentioned,,"“I did not exist as a body, but was energy.” / “There is no human word for how amazing and peaceful this state of being feels.” / “This place was familiar, like I had been here before. I may have even come from here.”"
Angela B STE 9268 NDE 9268,nderf,data\nderf\04957_angela-b-ste-9268-nde-9268.json,4,yes_explicit,implied,not_mentioned,spiritual_realm,implied,not_mentioned,not_mentioned,not_mentioned,no,no,,"'Dear God, please don't let me die. I want to be a mother and a wife.'; 'You're going to be ok, you're going to be ok, you're going to be ok.'; 'This must be God.'; 'Take me.'"
Joyce G NDE and NDE 9301,nderf,data\nderf\04979_joyce-g-nde-and-nde-9301.json,4,yes_explicit,implied,not_mentioned,spiritual_realm,implied,none,no,no_reason_given,not_mentioned,not_mentioned,,"“I felt perfectly at Home there, as if this were my nest of origin and light!”; “I am inside here! This body is not me!”"
Mom said I fainted,iands,data\iands\mom-said-i-fainted.json,4,implied,implied,not_mentioned,spiritual_realm,implied,not_mentioned,no,not_your_time,not_mentioned,not_mentioned,,"""I felt myself come out of my body.""; ""a vision/memory of a very beautiful city came to me""; ""That was my home.""; ""some being... a being of light""; ""Except time just doesn't exist the way we perceive it."""
Catherine T NDE 8835,nderf,data\nderf\04671_catherine-t-nde-8835.json,4,yes_explicit,yes_explicit,not_mentioned,spiritual_realm,yes_explicit,not_mentioned,not_mentioned,not_your_time,yes_explicit,not_mentioned,"Beings impressed upon her 'love and support' and 'all of the things I am to do before returning home again' (mentions future work: podcast, blog, travels for teaching).","“You’re not supposed to be here yet. You will come back again, but you cannot stay here now. You must breath, and you must and wake up. Now.” / “The only way I can describe the 'coming back' process is if you can imagine having your soul, spirit, or essence, stuffed into a goldfish's body, and then dropped into a fish bowl.”"
Ingrid H NDE 8440,nderf,data\nderf\04434_ingrid-h-nde-8440.json,4,yes_explicit,implied,not_mentioned,spiritual_realm,yes_explicit,not_mentioned,not_mentioned,not_mentioned,no,no,,"""Then suddenly came a feeling of total relief."" / ""This was my own lifeless body."" / ""Time and distance had vanished for me; I could be anywhere at any time."" / ""I was a being made of pure light."" / ""Suddenly I was falling... being sucked back into my body like it was a vacuum."""
Shana S NDE 6790,nderf,data\nderf\03386_shana-s-nde-6790.json,4,yes_explicit,implied,not_mentioned,spiritual_realm,yes_explicit,not_mentioned,not_mentioned,not_mentioned,implied,not_mentioned,"Repeated exhortations to write, pray, communicate, and serve God (e.g., “Write, write, pick up your pen and write… Serve Him, love Him, pray to Him, and write to Him.”).",“Before you were home with God and you will return there when it's time.”
Brice W NDE 4906,nderf,data\nderf\02506_brice-w-nde-4906.json,4,yes_explicit,implied,no_choice,spiritual_realm,yes_explicit,none,not_mentioned,earthly_mission,yes_explicit,no,Exit/transition was 'for the purpose of rousing transcendent awareness that would gradually unfold upon return'; guidance would come in increasingly recognizable form; would become aware as he was then even while in the body.,"""I observed the body surrounded by a surgical team, then the hospital from above, then the hospital surrounded by wintering cornfields."" ""In space, it was not cold or particularly dark or foreign, but somehow familiar and vaguely pleasing."" ""I was lovingly advised that this was my choice"" ""It was like rousing from a dream."" ""(It was actually clear then, as it is now, that we aren't really 'in' bodies - they are perhaps more like stiff mittens covering and restraining a tiny portion of ourselves)."""
Stanley P NDE 4598,nderf,data\nderf\02321_stanley-p-nde-4598.json,4,yes_explicit,yes_explicit,chose_mission,not_mentioned,implied,none,not_mentioned,other,not_mentioned,implied,,"""Then I went to the beginning, by that I mean to a place before the universe existed.""; ""There was an overwhelming sense of serenity where all the souls that exist are in a sea of souls...""; ""I was individual yet part of a larger whole.""; ""My soul fell back through a dark tunnel except for a thin shower of individual photons that smarted like sand in a wind.""; ""How can this still be here after all that time?"""
Roger F NDE 4667,nderf,data\nderf\02364_roger-f-nde-4667.json,4,yes_explicit,implied,not_mentioned,spiritual_realm,yes_explicit,not_mentioned,not_mentioned,no_reason_given,not_mentioned,not_mentioned,,"“welcomed” Home; “It was I, and yet, I was everyone else at the same time.”; “the Eternal Now”"
Jack A NDE 16003,nderf,data\nderf\02095_jack-a-nde-16003.json,4,yes_explicit,yes_explicit,not_mentioned,spiritual_realm,yes_explicit,not_mentioned,not_mentioned,no_reason_given,not_mentioned,no,,“two hours and fifty-four minutes I remained clinically dead... I spent one hundred and fifty five active and healthful years creating art and architecture on ‘the other side.’”
Tim V NDE 4375,nderf,data\nderf\02169_tim-v-nde-4375.json,4,implied,implied,not_mentioned,spiritual_realm,implied,not_mentioned,no,no_reason_given,no,no,,"“welcome me home, not to worry we will take good care of you” / “Trust in God and pray.” / “I came away from this experience knowing that we're from there not here.”"
Multiple NDEr shares about wars in heaven and on earth,iands,data\iands\multiple-nder-shares-about-wars-in-heaven-and-on-earth.json,4,yes_explicit,yes_explicit,chose_mission,not_mentioned,yes_explicit,not_mentioned,no,family_responsibility,implied,not_mentioned,Felt they had 'agreed to help' a man seen on a rocky desert island shore; also decided to return thinking of their children and needing to be there for them; later teachings emphasized family roles and responsibilities.,"“I found myself looking down to see myself in the seat…”; “I also began to see in many different directions all at once.”; “Somehow I sensed that I should NOT look directly at him, because if I did I wouldn’t ever want to go back into my body.”; “For weeks after this NDE, the veil was still very thin with me.”; “I literally have memories of my Heavenly Father and my Heavenly Mother raising me in Heaven.”"
Mary W FDE 2349 NDE 2349,nderf,data\nderf\00689_mary-w-fde-2349-nde-2349.json,4,yes_explicit,no,chose_mission,spiritual_realm,yes_explicit,not_mentioned,no,earthly_mission,yes_explicit,no,"She was shown 'what I still had left to do - the whole reason I came to Earth - the job I asked Him for', but says she could not remember the specifics afterward.","'Immediately time stopped - it became eternal.'; 'I was in my body but was taken out of Earth's time frame.'; 'My child, calm down, everything is just fine.'; 'Wait a minute young lady you get back here!'; 'Take your foot off the brake and floor the gas.'; 'I really want to go with you - but I have to stay.'"
Mark J NDE 2126,nderf,data\nderf\00560_mark-j-nde-2126.json,4,yes_explicit,yes_explicit,not_mentioned,spiritual_realm,yes_explicit,not_mentioned,not_mentioned,other,not_mentioned,not_mentioned,,"“I rode out of my body inside this last breath.”; “I was the air, which left my body.”; “The question was put in my mind, ‘Do you want to stay?’”"
Debra M Probable NDE 6933,nderf,data\nderf\03479_debra-m-probable-nde-6933.json,4,yes_explicit,implied,not_mentioned,spiritual_realm,yes_explicit,not_mentioned,not_mentioned,earthly_mission,yes_explicit,no,"Sent back into the living world ""to finish out what God had intended it to do""; spirits are in the flesh ""for a purpose.""","""I actually went up and back from where I call 'home' three different times.""; ""I can recall being pulled or drawn to a very compelling bright light: spinning around very quickly.""; ""When I went into the light, I had no doubt that God was present.""; ""I possessed a different spirit, one of a boy in fact.""; ""In effect, Debra had died, and was never to return."""
Dot NDE 904,nderf,data\nderf\00372_dot-nde.json,4,yes_explicit,implied,chose_both,not_mentioned,implied,not_mentioned,not_mentioned,not_mentioned,yes_explicit,no,"“A higher power is showing us a mission to do… [shows] two ways to accomplish our mission… the main thing he is interested in is whether we will… do it the way he asks, yes or no.”","“There are dark shadows and it smells like sin, evil, and awfulness.”; “Ok, yes, I will do as you wish.”; “I will meet you here and there.”; “Some even said they will be my children in this life.”"
Janet B NDE 109,nderf,data\nderf\00536_janet-b-nde.json,4,yes_explicit,implied,not_mentioned,spiritual_realm,yes_explicit,not_mentioned,not_mentioned,not_mentioned,implied,no,Poem frames the NDE as 'a message from The Lord for me' and says: 'And now you're award is to pass along THE CALL.',"""I heard the word ""Jesus""""; ""from far out in the distance was a giant red ""blob""""; ""i'm up above the world (earth) and looking down at it from a northwest viewpoint""; ""juanita's back!!! We thought we sacrificed her!!!""; ""it was/is my home. I had been there forever.""; ""My home is goodness in every way beyond all words."""
Jeffrey C NDE 8024,nderf,data\nderf\04167_jeffrey-c-nde-8024.json,4,yes_explicit,implied,chose_both,not_mentioned,yes_explicit,not_mentioned,no,other,no,yes_explicit,,"'It’s alright, we’ll save you.'; 'Don’t do it. You’ll regret it. You’ll be lost forever.'; 'Say the words, Jesus Christ my savior in heaven, please save me.'; 'Who told you it was going to be a fair world?'; 'My son, I can not cause pain to another, I can only heal those who are broken.'; 'No one can see God.'; 'Give me a chance, give me a chance to make it right in the end.'"
Mohammad Z NDE 16083,nderf,data\nderf\03991_mohammad-z-nde-16083.json,4,yes_explicit,implied,not_mentioned,spiritual_realm,yes_explicit,not_mentioned,no,earthly_mission,implied,no,He was reminded of 'responsibilities back on the earth' and shown that returning would 'help many other people and help them to see the Light.',"""Am I dead? Is this my body on the bed?""; ""I have a transparent and illuminated body.""; ""I passed very fast through a tunnel and moved towards a bright light at the end of tunnel.""; ""I felt that this is my true home and I belonged there.""; ""My presence on earth looked like a deportation to a stranger, an isolated island.""; ""Resuscitation unsuccessful, the patient is pronounced dead at …."""
"My Son, My Light",iands,data\iands\my-son-my-light.json,4,yes_explicit,yes_explicit,not_mentioned,spiritual_realm,yes_explicit,not_mentioned,no,not_your_time,not_mentioned,not_mentioned,,"“I’m going to die.”; “I had come home.”; “If you had only known I was here, you never would have had to go through this.”; “My child, you mustn’t take things so seriously.”; “You must return.”; “Your life is not completed.”; “My child, I have given you the gift of love.”; “Now I know.”"
"Archive through August 11, 2003 - Anonymous (Tuesday, July 1, 2003 - 10:49 pm)",iands,data\iands\archive-through-august-11-2003-022.json,3,yes_explicit,not_mentioned,chose_mission,spiritual_realm,not_mentioned,not_mentioned,no,not_mentioned,no,yes_explicit,,"""I was swimming in an ocean of pure Love.""; ""They VOLUNTEERED for this demanding curriculum.""; ""We asked for our 'life assignments' before we were born.""; ""Everything..every single thing that ever happens here on earth is designed to help souls grow."""
Aslan the cat and forgiveness,iands,data\iands\aslan-the-cat-and-forgiveness.json,3,implied,no,not_mentioned,spiritual_realm,implied,not_mentioned,no,not_your_time,not_mentioned,not_mentioned,,"""Wow, I'm home again.""; ""We must stop meeting this way""; ""Look, you keep coming back but it's not your time""; ""Damn, do I have to go back again into that hellhole?"""
Guided to Do Out of Love,iands,data\iands\guided-to-do-out-of-love.json,3,implied,not_mentioned,not_mentioned,spiritual_realm,implied,not_mentioned,no,earthly_mission,yes_explicit,no,"Angel told him his ""mission was not done"" (he says he still does not know what it is).","""Relax everything is going to be okay.""; ""You never die.""; ""It's the things that I do out of love that count.""; ""Some how I knew I was home.""; ""that world is more real than this one"""
David B STE 13122 NDE 13122,nderf,data\nderf\05512_david-b-ste-13122-nde-13122.json,3,yes_explicit,not_mentioned,not_mentioned,spiritual_realm,yes_explicit,not_mentioned,not_mentioned,not_mentioned,not_mentioned,not_mentioned,,"'Oh, I'm dying.' 'I understood EVERYTHING.' 'Death is a very pleasant experience, and should not be feared, but looked forward to. When this body dies, we get to finally go home.' 'I traded my faith and belief for knowledge. I now KNOW.'"
André R NDE 13183,nderf,data\nderf\05547_andr-r-nde-13183.json,3,implied,not_mentioned,not_mentioned,spiritual_realm,yes_explicit,not_mentioned,not_mentioned,family_responsibility,implied,no,"He says he had to return to 'realize my path with an accomplishment and a transmission of the Love that I had received,' and to maintain 'the peace of my mind and the emotional balance of my loved ones.'","“At that moment, a door opened onto an infinite, very happy consciousness.” / “I was dazzled by an intense luminosity, submerged by an immeasurable, omnipresent and eternal love.” / “It was a purely telepathic language.” / “This being was so whole, so luminous, so loving that I would dare to call it ‘God’. It had nothing to do with the God of religious books.”"
"All is Everything, Everything is One",iands,data\iands\all-is-everything-everything-is-one.json,3,yes_explicit,not_mentioned,chose_mission,not_mentioned,yes_explicit,not_mentioned,no,family_responsibility,not_mentioned,not_mentioned,,"""All is everything, everything is one."""
"Archive through August 11, 2003 - Anonymous (Tuesday, July 1, 2003 - 11:00 pm)",iands,data\iands\archive-through-august-11-2003-021.json,3,yes_explicit,not_mentioned,chose_mission,not_mentioned,yes_explicit,not_mentioned,no,family_responsibility,implied,yes_explicit,Felt a covenant/mission connected to raising/protecting/teaching daughter; also that husband/son/self had 'tasks to fulfill together' and that experiencer would be a 'catalyst' for them; later urgency about making the world better through ministry.,"""Welcome, little one."" / ""You may stay...if you choose to."" / ""God is not like that; God is love."" / ""I knew I was a volunteer for this life: I DID ask to get born!"""
New Zealand school girl meets mother figure in The Real Place,iands,data\iands\new-zealand-school-girl-meets-mother-figure-in-the-real-place.json,3,implied,not_mentioned,not_mentioned,spiritual_realm,implied,not_mentioned,not_mentioned,not_your_time,no,no,,“I'm back!”; “The Real Place”; “This Place”; “Words cannot describe how I knew… that 'This Place' was the actual reality.”
Not A Dream,iands,data\iands\not-a-dream.json,3,yes_explicit,implied,not_mentioned,not_mentioned,implied,not_mentioned,not_mentioned,family_responsibility,not_mentioned,not_mentioned,,"""Gee, this is so easy, why didn't I think of doing this before?""; ""But my parents will be so sad they'll never get over it.""; ""I must have been dreaming.""; ""Yet I knew I wasn't dreaming when it happened.""; ""If it wouldn't have been for penicillin, your daughter would have died."""
Justin H NDE 9611,nderf,data\nderf\05176_justin-h-nde-9611.json,3,yes_explicit,not_mentioned,not_mentioned,spiritual_realm,implied,not_mentioned,not_mentioned,not_mentioned,no,no,,“You don't bargain with me.” / “The best way I can describe what happened next is that my consciousness uploaded to heaven.” / “It was pure light.” / “Earth *is* what we would think of as hell.”
Michael F Probable NDE 9614,nderf,data\nderf\05179_michael-f-probable-nde-9614.json,3,yes_explicit,not_mentioned,not_mentioned,spiritual_realm,implied,not_mentioned,not_mentioned,earthly_mission,not_mentioned,not_mentioned,,"“I was taken to a very nice garden-like place with fine grass to walk in.” “Everything was very clear and alive, more so than any dream I have ever had.” “Fear not.”"
Oneness is Reality,iands,data\iands\oneness-is-reality.json,3,yes_explicit,no,not_mentioned,spiritual_realm,yes_explicit,not_mentioned,no,family_responsibility,not_mentioned,no,,"“Stop interfering, let the machine breathe you, all you have to do is be here.” / “I went into a flow of oneness that I think is God … it is a state of bliss where I am all there is.” / “Life on earth is the dream and this oneness/bliss is the reality…” / “It’s time for you to go back now.”"
Doug C NDE 9502,nderf,data\nderf\05114_doug-c-nde-9502.json,3,yes_explicit,not_mentioned,not_mentioned,spiritual_realm,yes_explicit,not_mentioned,not_mentioned,earthly_mission,implied,no,He had to return because 'there was more I had to learn on Earth.',"""Don't worry, we've got ya""; ""man, I'm glad that's over with!""; ""I felt like I was finally going home""."
Thomas D NDE 9539,nderf,data\nderf\05134_thomas-d-nde-9539.json,3,yes_explicit,no,not_mentioned,spiritual_realm,yes_explicit,not_mentioned,no,not_your_time,not_mentioned,no,,"""I recognize the door as my 'pain and anguish' door.""; ""It's the guilt that I installed on myself... You no longer need to carry it anymore.""; ""Let it go because I couldn't have changed the inevitable.""; ""All I could see was white light.""; ""they did give me a choice to stay home or I could come back. I chose to come back."""
Ronnie E STE 9561 NDE 9561,nderf,data\nderf\05148_ronnie-e-ste-9561-nde-9561.json,3,yes_explicit,no,not_mentioned,spiritual_realm,yes_explicit,none,no,other,no,no,,"""oh, of course......it's YOU""; ""no.....I'm not ready yet""; ""Words cannot describe the experience."""
Stefania B Probable NDE 9577,nderf,data\nderf\05159_stefania-b-probable-nde-9577.json,3,yes_explicit,not_mentioned,not_mentioned,spiritual_realm,yes_explicit,not_mentioned,not_mentioned,earthly_mission,implied,no,She promised to share what she had remembered with human beings; she returned because she had to do many things necessary for her evolution and that of others.,"“It was as if, in an instant, I had taken off numerous layers of artificial weights…”; “time seemed to be only the present”; “my first feeling…was a feeling of suffocation and smallness.”"
April W STE 9586 NDE 9586,nderf,data\nderf\05163_april-w-ste-9586-nde-9586.json,3,yes_explicit,not_mentioned,not_mentioned,spiritual_realm,yes_explicit,not_mentioned,no,no_reason_given,no,no,,"'Everything that ever was or will be, is here.'; 'Is there a God?' (response described as 'a chorus of happy laughter'); 'Now I know that God is Love. Love is everything; Love is God and God is Love.'"
Lynnclaire D NDE 9787,nderf,data\nderf\05303_lynnclaire-d-nde-9787.json,3,yes_explicit,not_mentioned,not_mentioned,spiritual_realm,yes_explicit,not_mentioned,not_mentioned,not_mentioned,yes_explicit,implied,"Message from an unknown man: ""Lynnclaire, you will be a catalyst for change, for love. You will bring forth, hold and honor remembrance. You will bring to conscious awareness the realms, realities and remnants in order that the spirit may remember the Dance, and to return the sacred feminine to Sion. And we will meet in 27+1.""","""Not in this lifetime!""; ""Oh… I am not my body.""; ""Lynnclaire, you will be a catalyst for change, for love. You will bring forth, hold and honor remembrance. You will bring to conscious awareness the realms, realities and remnants in order that the spirit may remember the Dance, and to return the sacred feminine to Sion. And we will meet in 27+1.""; ""You can see me today.""; ""Give me this day my daily delusion"""
Rickalan K NDE 9739,nderf,data\nderf\05261_rickalan-k-nde-9739.json,3,yes_explicit,no,not_mentioned,spiritual_realm,yes_explicit,not_mentioned,no,not_mentioned,not_mentioned,no,,"“I realize I am floating and it hits me, 'Wait that's me.'”; “Suddenly, I slam into my body screaming in pain as I hear someone yell, 'He's back!'”"
Abi Probable NDE 9650,nderf,data\nderf\05225_abi-probable-nde-9650.json,3,yes_explicit,not_mentioned,not_mentioned,spiritual_realm,implied,not_mentioned,not_mentioned,no_reason_given,no,no,,"“I realized that this was not a place, but a state of consciousness within me.” “I was certain that life on earth was a play... It was A THEATER PLAY.” “I was certain that I had been there before... and that this was my home.”"
Amera S NDE 9709,nderf,data\nderf\05240_amera-s-nde-9709.json,3,yes_explicit,not_mentioned,not_mentioned,spiritual_realm,yes_explicit,not_mentioned,not_mentioned,not_mentioned,implied,no,For many years I did feel that my fellow human beings would one day need hope... share comforting knowledge of our eternal souls... holding firm to the beautiful light of the soul would ensure our return to God... ministering comforting words and holding tight to integrity was the right path.,"“As I listened, I floated up and saw a tunnel that appeared to be parallel to the floor. I floated, feet first through the tunnel for maybe 20 feet or so.”"
Jackie S STEs 9922 NDE 9922,nderf,data\nderf\05384_jackie-s-stes-9922-nde-9922.json,3,implied,no,not_mentioned,spiritual_realm,implied,none,no,not_mentioned,no,no,,"""Find peace, my child. You've suffered enough.""; ""Don't you know, it all flows.""; ""You'll find God tomorrow.""; ""He intends to perform an evil act, and you must stop him.""; ""You must fight evil!""; ""It's not safe for you to stand here. You have to move."""
Emily W NDE 13013,nderf,data\nderf\05446_emily-w-nde-13013.json,3,yes_explicit,not_mentioned,not_mentioned,spiritual_realm,yes_explicit,not_mentioned,no,not_mentioned,no,not_mentioned,,"“THERE you are.” / “We are going to have to knock you out. You are dying and your baby is too.” / “God is pure love.” / “BODIES ARE MADE TO HEAL THEMSELVES.” / “Ahh, there you are.”"
Timothy G NDE 13005,nderf,data\nderf\05442_timothy-g-nde-13005.json,3,yes_explicit,not_mentioned,not_mentioned,spiritual_realm,yes_explicit,not_mentioned,not_mentioned,family_responsibility,no,no,,"“Jacie, I think I'm dying.” / “The path that I was walking with my mom felt like I was going home.” / “When I found myself holding Jackie's hand, my immediate thought was 'what just happened? It wasn't a dream.'” / “To this day, I know that I died.”"
Tyler G NDE 13037/13207,nderf,data\nderf\05462_tyler-g-nde-13037-13207.json,3,yes_explicit,not_mentioned,not_mentioned,spiritual_realm,yes_explicit,not_mentioned,no,not_your_time,not_mentioned,not_mentioned,,“Come back.” / “That light was Home.” / “I lived a thousand lives in what must have been three Earth minutes.” / “I’m a strong-minded motherf’er.”
Kristen G NDE 9819,nderf,data\nderf\05321_kristen-g-nde-9819.json,3,yes_explicit,not_mentioned,not_mentioned,spiritual_realm,yes_explicit,not_mentioned,not_mentioned,not_your_time,implied,no,"Felt her purpose was ""helping others through love"" / ""be each other's light and love.""","""THIS is a dream. That place is REAL; way more real than here.""; ""It's like explaining the color blue to a blind person.""; ""it wasn't my time yet."""
August U NDE 9828,nderf,data\nderf\05329_august-u-nde-9828.json,3,yes_explicit,no,not_mentioned,spiritual_realm,yes_explicit,not_mentioned,no,other,implied,no,Implied message that he was not finished on earth and had more to learn.,"'This was home.'; 'There is absolutely nothing to be afraid of, and everything will be fine.'; 'I don’t want to die yet.'; 'Today is the day I will die.'"
Thomas B NDE 9832,nderf,data\nderf\05332_thomas-b-nde-9832.json,3,yes_explicit,not_mentioned,not_mentioned,spiritual_realm,yes_explicit,not_mentioned,not_mentioned,other,yes_explicit,no,"He reports being told he had a purpose/was ""not finished"" and later frames the meaning/purpose as learning and showing love, helping others, and sharing the message.","""You are loved, you are welcome here.""; ""welcome back""; ""COME.""; ""You are loved, you are accepted.""; ""I am sorry, you must go back now.""; ""This is how you see Me.""; ""You must go back now; you are not finished.""; ""I am so sorry; you must go back. I love you"""
Anita B NDE 9813,nderf,data\nderf\05316_anita-b-nde-9813.json,3,yes_explicit,no,not_mentioned,spiritual_realm,yes_explicit,not_mentioned,not_mentioned,family_responsibility,no,no,,"'This is when I leave, this is when I die.'"
Heart attack leads to teachings about dimensions by Higher Self,iands,data\iands\heart-attack-leads-to-teachings-about-dimensions-by-higher-self.json,3,implied,not_mentioned,not_mentioned,spiritual_realm,implied,not_mentioned,no,earthly_mission,implied,implied,He later concludes his purpose for returning was to inform others (through books) about establishing conscious communication with 'the other side.',"“You now have a choice. You can come Home with me, or you can return to your body and to your life. What do you choose to do?”; “No, there are some things I would still like to do in this lifetime, so I choose to return to my body and my life.”; “Its 10:30am, May the Fourth… be with you!”"
Kristie C NDE 9803,nderf,data\nderf\05307_kristie-c-nde-9803.json,3,yes_explicit,not_mentioned,not_mentioned,spiritual_realm,yes_explicit,not_mentioned,no,not_mentioned,no,no,,"""My near death experience was devoid of all senses. I was in complete darkness.""; ""It was a darkness which was not dark.""; ""I felt like a dot in the middle of a circle of welcoming, safety and love.""; ""I resented being brought back into my human body.""; ""I now know that Kristie, the human woman will die, but my consciousness continues."""
Candace Q NDE 9800,nderf,data\nderf\05305_candace-q-nde-9800.json,3,yes_explicit,not_mentioned,not_mentioned,spiritual_realm,yes_explicit,not_mentioned,not_mentioned,other,not_mentioned,no,,"""I’m home!"""
Michael M NDE 9946,nderf,data\nderf\05400_michael-m-nde-9946.json,3,yes_explicit,not_mentioned,not_mentioned,spiritual_realm,yes_explicit,not_mentioned,not_mentioned,not_your_time,implied,no,"Told by the familiar presence that it was not his time to be home yet and he had ""something very important to do back on Earth.""","""This is my home!""; ""No, you can’t look at me and you must go back to your vessel on Earth!""; ""I thought my life string, my connection with that body, was just severed and I’m dead.""; ""All those lights in the sky are people’s energy while they inhabit life vessels."""
Johnny D NDE 8507,nderf,data\nderf\04478_johnny-d-nde-8507.json,3,yes_explicit,not_mentioned,not_mentioned,spiritual_realm,yes_explicit,not_mentioned,no,earthly_mission,yes_explicit,no,Told by the young girl that he had things to 'witness' and then could come back.,"“I was in a deep, dark place that was absolutely inky black.” “I began to travel at a really fast speed, yet I felt no wind or sound.” “As if I were back home in my real surroundings, Heaven!” “She seemed to be telling me that it was not yet my time and that I couldn't stay.” “...she said I had things to 'witness' and then I could come back...”"
Jon M NDE 8694,nderf,data\nderf\04594_jon-m-nde-8694.json,3,yes_explicit,no,not_mentioned,spiritual_realm,implied,not_mentioned,no,no_reason_given,no,no,,“Imagine the best day you ever had and multiple that by a billion and that doesn't even come close to the feeling I felt.”
Lisa M NDE 47,nderf,data\nderf\00169_lisa-m-nde-47.json,3,not_mentioned,not_mentioned,chose_mission,spiritual_realm,implied,not_mentioned,not_mentioned,earthly_mission,yes_explicit,yes_explicit,"Purpose: 'learn more about love, compassion, and how to express them on earth' and 'help other people in any way I could.'","'This was my home, the place that was really my home.'; 'Never forget, in reality there is no time, only eternity itself.'; 'Love was all that was really important, only love was real.'"
Catherine NDE 8697,nderf,data\nderf\04597_catherine-nde-8697.json,3,yes_explicit,not_mentioned,not_mentioned,spiritual_realm,yes_explicit,not_mentioned,not_mentioned,not_your_time,not_mentioned,no,,“I sensed that I was in another dimension and experienced peace that surpasses all earthly understanding.” “It was a like a home-coming because I had been here before.” “I felt as if a Life Force was drawing me to Him. I knew it was God.”
Tony D NDE 693,nderf,data\nderf\00215_tony-d-nde.json,3,yes_explicit,not_mentioned,not_mentioned,spiritual_realm,yes_explicit,not_mentioned,not_mentioned,no_reason_given,not_mentioned,not_mentioned,,"""I recognized that I knew him before I came in here, into this body."" ""I actually remembered knowing him even before this universe was created."" ""The communication was in whole concepts."" ""I could see all around, front, back sideways."" ""I knew that I was home."""
Greg N NDE 8783,nderf,data\nderf\04650_greg-n-nde-8783.json,3,yes_explicit,not_mentioned,not_mentioned,spiritual_realm,yes_explicit,not_mentioned,not_mentioned,not_your_time,no,no,,"“This was no dream because I just knew it was real.” “It was more real than my sitting here and typing this.” “Time didn't seem to exist.” “I had no sense of even having a body. I just 'Was.'” “In front of me was a demarcation point consisting of a bright blue sky with swirling white clouds around it.” “In the very center, I saw a massive ball of light… I knew immediately this was God.” “I was immediately blocked by an unseen force.” “He was unmistakably Jesus.” “I was being gently directed back towards the tunnel, whether I liked it or not.”"
Jeffrey C NDE 8890,nderf,data\nderf\04701_jeffrey-c-nde-8890.json,3,implied,not_mentioned,not_mentioned,spiritual_realm,yes_explicit,not_mentioned,no,no_reason_given,no,no,,"“We're losing him!”; “Everything started turning white, a brilliant white until there was no form, only bright light.”; “I heard a whoosh! I was back, back in my body experiencing horrific pain.”; “Like 20 pounds of mud crammed into a 5 lb burlap bag.”"
Adriana G NDE 8804,nderf,data\nderf\04663_adriana-g-nde-8804.json,3,yes_explicit,not_mentioned,not_mentioned,spiritual_realm,yes_explicit,not_mentioned,not_mentioned,family_responsibility,no,not_mentioned,,"“Adriana, if you pass through here, you will not be able to return.” / “Mom, I need you for my wedding.” / “It is not going to be easy, but the best years of your life were still to come.”"
Michael NDE 9017,nderf,data\nderf\04791_michael-nde-9017.json,3,yes_explicit,no,not_mentioned,spiritual_realm,yes_explicit,not_mentioned,no,not_your_time,not_mentioned,not_mentioned,,"""I felt a warm feeling with no pain whatsoever."" ""Brighter than the Sun, but I can see his face."" ""It was as if I never left him."" ""I wasn't supposed to be home with him yet."""
Timothy P NDE 8915/9913,nderf,data\nderf\04721_timothy-p-nde-8915-9913.json,3,yes_explicit,not_mentioned,not_mentioned,spiritual_realm,yes_explicit,not_mentioned,not_mentioned,not_your_time,yes_explicit,no,Angels said his 'work on earth here is not complete' and he 'must go back'; life is 'a mission' to complete before the 'Heavenly Kingdom'; he was told to do 'work' for the 'Heavenly Father' and that he would be protected while doing it; he later understood it involved helping others (including telling people when they are sick) and 'tell as many people as I can what it is like in Heaven.',"“The more I thought about going home to heaven, the faster I travelled through the tunnel.”; “You have to go back. It's not your time to come to the heavenly kingdom.”; “Bodies are heavy and they hurt.”; “He wants us all to help each other more than we help ourselves.”"
Susan H NDE 8974,nderf,data\nderf\04765_susan-h-nde-8974.json,3,yes_explicit,implied,not_mentioned,spiritual_realm,not_mentioned,not_mentioned,not_mentioned,not_mentioned,yes_explicit,no,"Impressed later: 'You are a Carrier of Peace. Go now and carry Peace.' She reports focusing on sharing/normalizing afterlife conversation, pointing people to Jesus, and speaking about healings.",'YOU MUST COME BACK.'; 'I don’t want to go back... I want to stay here.'; 'I was in Heaven.'; 'You are a Carrier of Peace. Go now and carry Peace.'
"Suddenly I remembered EVERYTHING - who I was, what my life was about, what home was",iands,data\iands\suddenly-i-remembered-everything-who-i-was-what-my-life-was-about-what-home-was.json,3,implied,not_mentioned,not_mentioned,spiritual_realm,yes_explicit,not_mentioned,not_mentioned,no_reason_given,not_mentioned,not_mentioned,,"""Then suddenly, I was outside of my body and it was totally dark."" ""Before me was a pulsing light with yellow and pink tones."" ""I could see a beautiful glow off in the distance and suddenly remembered EVERYTHING! Who I was, what my life was about, what 'home' was - everything!."" ""I was so angry to be back in my body!"" ""This experience is more clear than any memory, any dream, any other experience I've ever had."""
Tina T Possible NDE 9120,nderf,data\nderf\04867_tina-t-possible-nde-9120.json,3,yes_explicit,not_mentioned,not_mentioned,spiritual_realm,yes_explicit,not_mentioned,not_mentioned,earthly_mission,yes_explicit,no,Return to continue leadership/care for many animals (dog daycare/pack) and to unlock creative potential (modeling/music) with the help of a body-contouring surgery idea that was presented as important to her evolution.,"“I sort of 'ejected' myself out of my body, as if by will.”
“It was absolute bliss; all of the pain was gone and I was in this all-encompassing orgasmic state.”
“Sound was telepathic, it was like ideas being projected at me instead of noises/words being spoken to me.”
“I decided the visions were right and that I should return to my body. So I pushed my energy really hard to the left side, until I fell out of the tunnel of energy and was instantly back in my body.”"
Spirit Communication,iands,data\iands\spirit-communication.json,3,implied,not_mentioned,not_mentioned,spiritual_realm,implied,not_mentioned,not_mentioned,earthly_mission,implied,no,"He believed he returned ""to testify about the beauty of the spirit world"" and to help others (including his husband), and to relate a message about Jesus.","""There was a bright mist permeating everything."" ""The light was everywhere; it even passed through me."" ""When Jesus and I talked it wasn't with our mouths, but I knew we were communicating."" ""I was given the choice that I could either come back to earth and live more life or stay with him in heaven."" ""Look, I'm alive. I'm in here. I'm going to live."""
Anelia G NDE 9108,nderf,data\nderf\04858_anelia-g-nde-9108.json,3,yes_explicit,not_mentioned,not_mentioned,spiritual_realm,yes_explicit,none,no,earthly_mission,implied,no,"She felt she ""was supposed to become someone"" and had not started her intended earthly life; she chose to return to continue it.",“It felt as if time had stopped or just didn’t exist.” / “I had knowledge that I was dead.” / “I was returning to where I originated from.” / “I wasn’t a human form nor did I have an age. I just was.” / “It was as real and even more real than real.”
Sandi T NDEs 9082 NDE 9082,nderf,data\nderf\04838_sandi-t-ndes-9082-nde-9082.json,3,not_mentioned,not_mentioned,chose_mission,spiritual_realm,yes_explicit,not_mentioned,not_mentioned,earthly_mission,implied,not_mentioned,"Implied obligation/commitment: 'I had promised. I had work to do even though it was really, really hard work.'","'Remember exactly what they say.' / 'You don't have to go back. It's your choice.' / 'Let us take a tour,' / 'Time here will not pass while we are there.' / 'That is the answer to your question.'"
Jillian C NDE 9483,nderf,data\nderf\05099_jillian-c-nde-9483.json,3,yes_explicit,not_mentioned,not_mentioned,spiritual_realm,implied,not_mentioned,not_mentioned,family_responsibility,not_mentioned,no,,"""come with me, or stay, the choice is yours, but if you stay it will be difficult."" / ""ENOUGH, LAST CHANCE!"""
Janine S NDE 9132,nderf,data\nderf\04876_janine-s-nde-9132.json,3,implied,not_mentioned,not_mentioned,spiritual_realm,yes_explicit,none,no,not_mentioned,no,no,,“I want to come home. Why won’t you let me come home? I don’t want to stay here.”
Marlon C Pre-Birth 23501 NDE 23501,nderf,data\nderf\05074_marlon-c-pre-birth-23501-nde-23501.json,3,yes_explicit,implied,no_choice,not_mentioned,yes_explicit,none,not_mentioned,other,no,no,,'he won't survive much longer.'; 'you have to go back'.
Wendy W NDE 9146,nderf,data\nderf\04887_wendy-w-nde-9146.json,3,yes_explicit,not_mentioned,not_mentioned,spiritual_realm,yes_explicit,not_mentioned,no,family_responsibility,not_mentioned,no,,"""You need to call for help NOW, or you're going Home.""; ""All you have to do is being willing to try to get up on your hands and knees - then we can help you.""; ""Oh please don't make me walk through a long tunnel - I am totally out of energy.""; ""Welcome Home!"" (described as a party); ""He told me I could not take one more step toward the Light or I wouldn't be able to return to my body... the choice was mine.""; ""Your contract with your husband is done."""
Patricia B NDE 9669,nderf,data\nderf\05203_patricia-b-nde-9669.json,3,yes_explicit,not_mentioned,not_mentioned,spiritual_realm,yes_explicit,not_mentioned,no,not_your_time,implied,no,She understood she 'had more earthly life to live' because she was told it was not her time.,"“Oh Fred, I can’t get the number right.” / “It’s okay mom. I’m all right.” / “it is not your time. You will return when it is your time,”"
Brian N STE 9629 NDE 9629,nderf,data\nderf\05192_brian-n-ste-9629-nde-9629.json,3,yes_explicit,not_mentioned,not_mentioned,spiritual_realm,implied,not_mentioned,no,no_reason_given,no,no,,“My soul was pounding through my heart with intense energy and force… an indescribable amount of love contained in my heart that could fill the entire universe.”
Marina R Probable NDE 6702,nderf,data\nderf\03335_marina-r-probable-nde-6702.json,3,yes_explicit,implied,not_mentioned,not_mentioned,yes_explicit,not_mentioned,no,not_mentioned,no,no,,"“I am consciousness, but not yet with a body.”; “I was very aware that there wasn’t anybody there to receive me.”; “I am above the incubator. I can see this little scrawny wrinkled red baby full of tubes and tape.”"
Linda B NDE 1030/10084/10085 NDE 10085,nderf,data\nderf\00455_linda-b-nde-1030-10084-10085-nde-10085.json,3,yes_explicit,not_mentioned,not_mentioned,spiritual_realm,yes_explicit,not_mentioned,no,not_your_time,implied,no,"Told to ""Search for My face. Search for My truth... Continue to search all the days of your life, never stop questioning."" Also given a ""special name"" as a sign of God's presence.","""In an instant I was transported to a tunnel or hallway filled with pure, beautiful blue/white light.""; ""YOU CANNOT GIVE HIM TO ME FOR HE IS ALREADY MINE!""; ""I have given you a name from your birth. When you hear this name spoken, you will know that I am with you.""; ""Search for My face. Search for My truth... Continue to search all the days of your life, never stop questioning."""
Phillip S NDE 961,nderf,data\nderf\00414_phillip-s-nde.json,3,yes_explicit,implied,not_mentioned,not_mentioned,yes_explicit,not_mentioned,no,not_your_time,yes_explicit,not_mentioned,"God “told me exactly what my purpose should be,” but the purpose/knowledge was then taken and is not remembered.",“How did you serve your fellow man?”; “I was dead for nearly four hours.”; “It felt as if I was in heaven for days and days.”
Hannah F NDE 7202,nderf,data\nderf\03655_hannah-f-nde-7202.json,3,implied,no,not_mentioned,spiritual_realm,implied,not_mentioned,no,no_reason_given,no,no,,"“In my experience, I was ME but I wasn't 'HANNAH'.” / “It's time to go back now.” / “Jesus/God emits feelings of love and peace, and near them is where our home really is.” / “Also that pain is the best reminder of earth.”"
John K STE 7161 NDE 7161,nderf,data\nderf\03628_john-k-ste-7161-nde-7161.json,3,implied,no,not_mentioned,spiritual_realm,implied,not_mentioned,no,not_mentioned,no,no,,"“I’m here for you, my child. I love you completely. You are my child, and I am your Father.” / “There is nothing you could possibly say or do to separate you from my love. You are perfect and will always be perfect.” / “when he called me by my real name, I recognized it instantly and knew that I was home, and I’d been there before.” / “I know for a fact that this was the most real experience I’ve ever had, more real than the life I live now.”"
Nichole BD NDE 7417,nderf,data\nderf\03774_nichole-bd-nde-7417.json,3,implied,not_mentioned,not_mentioned,spiritual_realm,implied,not_mentioned,no,earthly_mission,implied,no,She believed she was shown the experience “so I could carry on KNOWING what we are truly made of… I think I was given this blessing so I could share it with others… Now I try to help others to Just BE LOVE.”,"“It was just wave after wave of pure love. It was within me, it was around me, it was EVERYTHING.” / “I knew I had a choice. To keep going forward or to go back.” / “NO, LET ME GO BACK! WANT TO GO BACK!”"
Kathy VB NDE 7157,nderf,data\nderf\03623_kathy-vb-nde-7157.json,3,yes_explicit,implied,not_mentioned,not_mentioned,implied,not_mentioned,no,not_mentioned,no,no,,"“So this is how I am going to die.” / “I became the word ‘peace’ and the word ‘love’ feeling intensely loved unconditionally…” / “I was able to open my eyes under the water and see clearly. Beautiful colors, a brightness of white light…” / “I felt as if I was in the water, struggling and at the same time able to watch what was happening on the beach from above.” / “you are safe, loved and everything is perfect.”"
Nigel O NDE 7098/9032 NDE 9032,nderf,data\nderf\03583_nigel-o-nde-7098-9032-nde-9032.json,3,yes_explicit,no,not_mentioned,spiritual_realm,yes_explicit,none,no,family_responsibility,yes_explicit,no,"Told he could “go back and fulfill my job, cause or mission.”","“You have done enough; you can come over.” “No vocabulary can describe the feelings, the 'Presence,' or the place.” “I felt a profound sense of loss for leaving the 'place' and having to return to this life.”"
Nicole E Friend Experience 32304 NDE 32304,nderf,data\nderf\03679_nicole-e-friend-experience-32304-nde-32304.json,3,yes_explicit,implied,not_mentioned,not_mentioned,yes_explicit,not_mentioned,no,not_mentioned,not_mentioned,not_mentioned,,"“he remembers watching everyone from up in the sky, and being in his mother's belly before he was born.”
“He said that when he was waiting to be born, he was invisible and he was in my grey car with me on the way to the hospital while I listened to the song, 'Winter, Spring, Summer or Fall.'”
“He said that he wanted me for his mommy because he liked my voice when I was speaking to the attendant.”
“he asked God if I could be his mom because he knew that his 'real mom' wouldn't survive very long, and he was afraid of being alone on Earth.”
“Apparently, he was told that he couldn't have me for his 'real mom' but that everything would be OK and he would still get to be around me during his life.”
“It's OK. My life did turn out OK; so don't worry about not being my mom.”"
Stephanie R NDE 7724,nderf,data\nderf\03974_stephanie-r-nde-7724.json,3,yes_explicit,no,not_mentioned,spiritual_realm,implied,not_mentioned,no,other,no,no,,"“There was no tunnel. No time for tunnels. I was catapulted to the other side instantly. It was like flipping over a playing card, as if on the other side of the card is another reality…”"
Brad M Probable NDE 6101,nderf,data\nderf\02879_brad-m-probable-nde-6101.json,3,yes_explicit,not_mentioned,chose_parents,not_mentioned,yes_explicit,not_mentioned,not_mentioned,other,implied,not_mentioned,"Implied task/challenge: to stay despite ""dark forces"" and a ""big challenge.""","""He spoke to my mind, and I could understand, just like an adult."" ""He asked me if I wanted to leave or stay."" ""Wealthy or poor, I don't want to bail out; I will stay."" ""The dark forces are around you, this is a big challenge."""
Laura M NDEs 6235 NDE 6235,nderf,data\nderf\02995_laura-m-ndes-6235-nde-6235.json,3,yes_explicit,not_mentioned,chose_mission,not_mentioned,yes_explicit,not_mentioned,no,earthly_mission,yes_explicit,no,Told she needed to return 'to complete my life's mission' and later that the experience was something she needed 'to accomplish your chosen life mission.',"“I was in a place of tremendous energy; a great black void, but I was not fearful.” “Then I was with Him and enveloped in such a great light and love it defies description.” “communication was purely exchanged through the language of love.” “The decision will of course be yours! But first let me show you some things.” “You made a covenant to fill these rolls in each other's Earth life.” “My life flashed before me; a life review was in order.” “There Was no judgment only love coming from Him.” “Everything… was made in love for you!” “the only thing I would get to bring back with me was love; the love I gave away.”"
Evan B NDE 6289,nderf,data\nderf\03051_evan-b-nde-6289.json,3,implied,no,not_mentioned,spiritual_realm,implied,not_mentioned,not_mentioned,not_your_time,no,not_mentioned,,"‘This is peace; this is love; this is truth. You know what this is. You have been here before. You will be here again. Accept it, and let yourself enter it. It is time to come back.’"
William W NDE 6292,nderf,data\nderf\03054_william-w-nde-6292.json,3,yes_explicit,implied,not_mentioned,not_mentioned,yes_explicit,not_mentioned,not_mentioned,no_reason_given,no,not_mentioned,,“relax and let go.”; “I got the sense that I could never die because I have always existed and I always will.”; “I felt like I was in a womb filled with amniotic fluid and pure love.”; “There was no time it just didn't exist and it didn't matter.”
Ellen K NDE 2213/6178 NDE 6178,nderf,data\nderf\00615_ellen-k-nde-2213-6178-nde-6178.json,3,yes_explicit,not_mentioned,not_mentioned,spiritual_realm,implied,not_mentioned,not_mentioned,family_responsibility,not_mentioned,no,,“golden vortex”; “ultimate Father of all”; “could have done better.”; “Hell is a myth!”
JoAnn M NDE 186,nderf,data\nderf\00638_joann-m-nde.json,3,implied,not_mentioned,not_mentioned,spiritual_realm,implied,not_mentioned,no,earthly_mission,yes_explicit,no,Told by God she must return because her 'mission here wasn't complete'; later framed as: 'you haven't loved enough' and to 'let people know that death is not to be feared and the transition is a glorious one.',"“black, velvety tunnel, a color black I had never seen”; “It was as if I had no sense of self, that I was everything and everything was me, including God.”; “you haven't loved enough”; “death is not to be feared and the transition is a glorious one.”; “It very kindly said no.”"
Chantal L NDE 6428,nderf,data\nderf\03155_chantal-l-nde-6428.json,3,yes_explicit,not_mentioned,chose_mission,not_mentioned,yes_explicit,not_mentioned,no,earthly_mission,yes_explicit,implied,"She remembered she ""had agreed to accomplish a mission"" and chose to return because she ""had not accomplished my mission,"" but forgot the mission upon re-entering her body.","“I watched as I exhaled my last breath: amazingly, I was not afraid.”; “There were no buildings, no structures, just light and love.”; “Would you like to stay or would you like to go back?”; “I must go back; I have not accomplished my mission.”; “It seems that once the door between both worlds is open, it never closes again.”"
Gwen J NDE 6429,nderf,data\nderf\03156_gwen-j-nde-6429.json,3,implied,not_mentioned,not_mentioned,spiritual_realm,implied,not_mentioned,not_mentioned,not_mentioned,not_mentioned,not_mentioned,,"“I had completely merged again with God. It was a void, darkness, but unconditional love. I was no longer a separate being. I was where I belonged, where I came from. It was perfect.”"
Brian T Probable NDE 6609,nderf,data\nderf\03273_brian-t-probable-nde-6609.json,3,yes_explicit,not_mentioned,not_mentioned,spiritual_realm,yes_explicit,not_mentioned,no,no_reason_given,no,no,,"“That was no dream!”; “far more real than normal waking consciousness.”; “I could see every part of my life, every event and incident all at once.”; “a radiant Being of pure light… a thousand times brighter than the sun.”"
Donna G NDE 6463,nderf,data\nderf\03172_donna-g-nde-6463.json,3,yes_explicit,not_mentioned,not_mentioned,spiritual_realm,yes_explicit,not_mentioned,not_mentioned,other,not_mentioned,no,,"“We are Escort Angels… We have come to take you home.” / “There is something you must do before you can leave.” / “I plunged headfirst into the navel, and it was like diving into wet concrete.”"
Peter N NDE 6584/10105 NDE 10105,nderf,data\nderf\03253_peter-n-nde-6584-10105-nde-10105.json,3,implied,not_mentioned,not_mentioned,spiritual_realm,implied,not_mentioned,no,no_reason_given,no,no,,"Unseen voice in blackness: ""It's okay. They'll be fine. Nothing can hurt them. They cannot even be touched."" Sense of home: ""being home and now completely safe"". Light/Being: ""The singular property of this light was one of absolute love."" Judgment criterion: ""What is, was, the essence of your love?"" Rock communication: ""I will see you (or meet you) again later."""
Elena Possible NDE 5425,nderf,data\nderf\03261_elena-possible-nde-5425.json,3,implied,no,not_mentioned,spiritual_realm,yes_explicit,not_mentioned,no,no_reason_given,no,no,,"“I exited out of my body from my ribs, around my solar plexus...” “I saw myself in the form of a small pink cloud...” “No fear, no pain, complete 'comfort'.” “It's time to go back!” “No, no, I don't want to, I like it here!” “It was as if a wave pushed me along...”"
Bolette L NDE 5437,nderf,data\nderf\03379_bolette-l-nde-5437.json,3,implied,no,chose_mission,not_mentioned,implied,not_mentioned,no,family_responsibility,yes_explicit,no,"She was instructed to return, take care of her health, forgive, and was told she would later write and publish books and work in something completely different, with different future goals.","“Then I died, in silence and calm, by feeling and observing myself slipping out of my body, out of the back of my head.”
“It felt so nice, soft and loving.”
“We communicated with the use of our thoughts and mind.”
“Mom, you promised me to be my mother in this life! Otherwise I wouldn’t be here!”
“It only took a split-second to come back and it hurt incredibly to get back in my body.”"
Derrick Birth Experiences 5167 NDE 5167,nderf,data\nderf\02692_derrick-birth-experiences-5167-nde-5167.json,3,implied,yes_explicit,not_mentioned,not_mentioned,implied,not_mentioned,no,not_mentioned,no,no,,“in a disembodied state surrounded by a being of bright golden light.” “massive hands and he cradled and caressed me in his hands.” “going backwards down a dark tunnel… and then almost like with a thud I found myself in my body.”
Hilde B Probable NDE 4419,nderf,data\nderf\02209_hilde-b-probable-nde-4419.json,3,implied,not_mentioned,not_mentioned,spiritual_realm,implied,not_mentioned,no,earthly_mission,yes_explicit,no,"She ""had to return"" to finish a task: ""forgiveness, to heal and to love"".","""No more pain. Death is merciful."" ""Soaring through pitch black space of profound peace."" ""She was part of all there is She was home."" ""There was no tunnel of light, no angels to greet her."" ""She had to return to her body To finish a task. of forgiveness, to heal and to love"" ""Soul is eternal."""
Sharon D NDE 2934,nderf,data\nderf\01022_sharon-d-nde-2934.json,3,yes_explicit,not_mentioned,no_choice,spiritual_realm,yes_explicit,not_mentioned,not_mentioned,earthly_mission,not_mentioned,no,,"“I passed through into the light.” “I did not see anything or anyone except my own life review.” “There was nothing but illumination, knowledge of the age's future, past, all that will be and has been.” “Do you want to come back, go back, be back in your body?”"
John C Probable NDE 4018,nderf,data\nderf\01927_john-c-probable-nde-4018.json,3,yes_explicit,yes_explicit,not_mentioned,not_mentioned,implied,not_mentioned,not_mentioned,not_mentioned,not_mentioned,not_mentioned,,"""My life did 'flash' before me; however, this 'review' did not stop at my birth.""; ""As I awoke from my coma in my hospital bed, I looked at my wife and said 'Is it okay if I go back?'""; ""When you are close to God, it is significantly peaceful and beautiful.""; ""Life' does not end when we die; we carry on in spirit."""
Mr. W NDE 4025,nderf,data\nderf\01934_mr-w-nde-4025.json,3,implied,no,not_mentioned,spiritual_realm,implied,not_mentioned,no,other,not_mentioned,no,,"""It was if I had returned to the familiar after a long journey and was finally home at long last.""; ""I do not fear 'death' any longer... I look forward to that day with great anticipation.""; ""Suicide however will never be an option for me again."""
Maria S NDE 2671,nderf,data\nderf\00892_maria-s-nde-2671.json,3,implied,no,not_mentioned,spiritual_realm,implied,not_mentioned,no,not_your_time,implied,no,She states there was a purpose she didn't understand; her obsession was not to forget who she is.,“How funny. The car dies right in front of a cemetery!”; “NO!”; “You have to return.”
Gary A NDE 2630,nderf,data\nderf\00858_gary-a-nde-2630.json,3,implied,no,not_mentioned,spiritual_realm,implied,none,no,not_your_time,not_mentioned,no,,“I was traveling towards an almost globe of light (a bubble) that I knew contained all that was known.”; “it was not my time and that I had a very long life to live.”; “God don't let me die!”
Hafur NDE 3558,nderf,data\nderf\01609_hafur-nde-3558.json,3,yes_explicit,not_mentioned,chose_mission,not_mentioned,yes_explicit,not_mentioned,not_mentioned,family_responsibility,not_mentioned,yes_explicit,,"'Through love you will understand everything. The essence, the essence, the essence...'; 'We live in a ""Plural Unity"" or ""Oneness"".'; 'When I returned to this life, I felt I had fallen into a very heavy space, and that my body was as lead and my mind was the same and very slow.'"
Erika K NDE 3400,nderf,data\nderf\01339_erika-k-nde-3400.json,3,yes_explicit,not_mentioned,chose_mission,not_mentioned,yes_explicit,not_mentioned,not_mentioned,not_mentioned,implied,not_mentioned,"Shown ""the importance of the future of my life as a human"" and that each person plays an important part; that not fulfilling one's life plan impacts the whole.","“leaving my body and suddenly being in a place surrounded by the purest form of love, which permeated everything”
“we were all connected to each other and if our life's plan is not fulfilled how it impacts the whole.”
“I was then given the choice to stay or return. I chose to return.”
“I somehow knew that we are reincarnated many times”"
Phillip H NDE 3191,nderf,data\nderf\01223_phillip-h-nde-3191.json,3,yes_explicit,yes_explicit,not_mentioned,not_mentioned,yes_explicit,not_mentioned,not_mentioned,not_mentioned,not_mentioned,not_mentioned,,"""I heard nothing and felt nothing."" / ""I found myself standing outside with a dark gray appearance that darkened my view"" / ""Where are my brothers"" / ""I found myself with my hands up to my head, blood running into my eyes."""
DW NDE 3587/6106 NDE 6106,nderf,data\nderf\01615_dw-nde-3587-6106-nde-6106.json,3,implied,not_mentioned,not_mentioned,spiritual_realm,yes_explicit,not_mentioned,no,not_your_time,no,no,,"'I did not ""die."" You will not ""die."" My body was dead. ""I"" was still alive.'; 'I was HOME.'; 'As I made you, I did you perfectly!'; 'I had to go back; this was not my time.'; 'It was just - Poof! - I was back.'"
Jennifer V NDE 3318,nderf,data\nderf\01153_jennifer-v-nde-3318.json,3,implied,not_mentioned,not_mentioned,spiritual_realm,implied,not_mentioned,no,earthly_mission,yes_explicit,no,"Told to return to help an injured man in the car wreck: pick up his severed nose, press it onto his face to stop bleeding, walk him up the right side of the road, flag a car, go to ECM hospital, keep him calm.","""I felt that I had returned HOME!""; ""I am Sorry, but you must return.""; ""Jennifer, you must go back and help.""; ""Swoosh, I am back into my body!"""
Per Eric E,nderf,data\nderf\33055_per-eric-e.json,3,implied,not_mentioned,not_mentioned,spiritual_realm,yes_explicit,not_mentioned,not_mentioned,no_reason_given,not_mentioned,not_mentioned,,"""Everything was vibration."" ""I felt an extraordinary sense of love."" ""I felt at home."" ""It felt unreal, like an illusion."" ""The place I had just visited, felt perfectly real."" ""I instantly knew eternal life was real and death an illusion."" ""I am not my body."""
Kathryn E,nderf,data\nderf\33012_kathryn-e.json,3,yes_explicit,not_mentioned,not_mentioned,spiritual_realm,yes_explicit,not_mentioned,no,other,implied,no,"She told God, ""My story could help them!""","""It’s your time.""; ""On Earth, they call this ‘the Kingdom of Heaven.’""; ""They were like me! My story could help them!""; ""I think God is good."""
"Archive through September 08, 2002 - Anonymous (Sunday, September 8, 2002 - 11:28 pm)",iands,data\iands\archive-through-september-08-2002-001.json,3,yes_explicit,not_mentioned,chose_mission,spiritual_realm,not_mentioned,not_mentioned,not_mentioned,no_reason_given,not_mentioned,no,,"""After closing my eyes, the next recollection was myself being... enveloped in, PURE UNCONDITIONAL LOVE.""; ""I did not want to return... I argued.""; ""I found myself crying out 'nooo' as I glided backwards through the Universe.""; ""I already have and was sent back. I have no fear of death.""; ""this planet is based on duality. Hence negativity exists."""
"Archive through May 22, 2002 - Anonymous (Monday, May 13, 2002 - 08:56 pm)",iands,data\iands\archive-through-may-22-2002-019.json,3,yes_explicit,yes_explicit,not_mentioned,not_mentioned,yes_explicit,not_mentioned,not_mentioned,not_mentioned,not_mentioned,not_mentioned,,"""I next found myself in a dark tunnel.....at the end of the tunnel was a bright light...""; ""someone...or...something was closing the door and the light was disappearing""; ""I just managed to put my hand on the door and push ! It opened in time""; ""I came around shouting.... I can see you""; ""I remember the time prior to my birth...I was in a huge room...it was dimly lit...a voice called me""; ""it’s your turn.... go down and give them a message from me.... tell them I am alive and well""; ""god is alive and well...and this is a super holiday we are on...make sure you give more than you take...and hell could only be...to be kept from the light"""
"Archive through March 30, 2004 - Anonymous (Tuesday, March 30, 2004 - 09:17 pm)",iands,data\iands\archive-through-march-30-2004-011.json,3,implied,no,not_mentioned,spiritual_realm,implied,not_mentioned,not_mentioned,not_mentioned,not_mentioned,not_mentioned,,"""I suddenly found myself in a waiting area, it was like a room with no dimensions, but filled with the beautiful light that has no source."" ""It was like going home."" ""When I came back, it was painful."""
"Archive through July 15, 2002 - Anonymous (Monday, July 15, 2002 - 11:58 pm)",iands,data\iands\archive-through-july-15-2002-001.json,3,yes_explicit,not_mentioned,chose_mission,spiritual_realm,not_mentioned,not_mentioned,not_mentioned,other,yes_explicit,no,"She was shown “why I came to Earth” and “what I still had left to do,” but could not remember the specifics after choosing to stay.","""Immediately time stopped …it became eternal.""; ""I was being hugged, big time!""; ""My child, calm down, everything is just fine.""; ""Do you want to stay or go?""; ""But I have to stay.""; ""Take your foot off the brake and floor the gas."""
"Archive through January 3, 2005 - Anonymous (Tuesday, October 26, 2004 - 11:07 am)",iands,data\iands\archive-through-january-3-2005-008.json,3,yes_explicit,not_mentioned,not_mentioned,spiritual_realm,yes_explicit,not_mentioned,no,no_reason_given,no,no,,"“It’s a bit like trying to depict a magnificent sunset, by drawing it in sand with a stick.”; “In fact it was far more real than normal waking consciousness.”; “I could see every part of my life, every event and instance all at once.”; “A hundred times, a thousand times brighter than the sun.”; “I walked around the house saying ‘that was no dream!’”"
"Archive through April 10, 2003 - Anonymous (Monday, March 3, 2003 - 06:59 pm)",iands,data\iands\archive-through-april-10-2003-011.json,2,not_mentioned,not_mentioned,not_mentioned,spiritual_realm,implied,not_mentioned,not_mentioned,not_mentioned,not_mentioned,not_mentioned,,"""a room with no dimensions, but filled with the beautiful light that has no source""; ""I was in a place that I knew from before. It was like going home.""; ""what the hell happened, I must have died.""; ""When I came back, it was painful I felt the gravity, the wet coldness of the tile floor, the slowdown of the vibration"""
"Archive through December 19, 2002 - Anonymous (Thursday, December 19, 2002 - 04:17 pm)",iands,data\iands\archive-through-december-19-2002-001.json,2,no,no,not_mentioned,spiritual_realm,implied,not_mentioned,no,not_your_time,no,no,,"""It’s not your time, it just isn't your time""; ""did you see the light""; ""why does she get to go!"""
"Archive through December 19, 2002 - Anonymous (Sunday, December 8, 2002 - 12:45 pm)",iands,data\iands\archive-through-december-19-2002-004.json,2,no,no,not_mentioned,spiritual_realm,implied,not_mentioned,not_mentioned,not_your_time,no,no,,"""I was there much too soon and that I should go back, but he would see me in awhile.""; ""I'm no longer afraid of death.""; ""That Great City in the Sky""."
"Archive through February 09, 2003 - Anonymous (Sunday, December 22, 2002 - 02:23 pm)",iands,data\iands\archive-through-february-09-2003-025.json,2,no,no,not_mentioned,spiritual_realm,implied,not_mentioned,no,not_mentioned,implied,no,Implied commitment to discipleship: “Until that time I will learn all I can about how to be one of his disciples.”,"“We were alone together in a void of white light, everything else had disappeared.”; “I realized that I wasn't breathing… I could hear the sound of my heart beating… then it stopped.”; “I heard someone say, ‘she’s gone…’”; “It was the same eyes, the same face, the same expression.”"
"Archive through July 15, 2002 - Anonymous (Friday, June 7, 2002 - 08:12 pm)",iands,data\iands\archive-through-july-15-2002-014.json,2,no,no,not_mentioned,spiritual_realm,yes_explicit,not_mentioned,no,no_reason_given,implied,no,"He states he is ""here on a mission"" related to ""being useful to others"" and to ""love everyone.""","""the real me, not in a dream, not in my body""; ""as if I were looking up from the bottom of a well""; ""no worries, no fear""; ""I have no fear of death at all""; ""I am here on a mission""; ""we will find out what it all means when we go back home."""
"Archive through July 15, 2002 - Anonymous (Saturday, June 1, 2002 - 11:16 pm)",iands,data\iands\archive-through-july-15-2002-018.json,2,no,no,not_mentioned,spiritual_realm,implied,not_mentioned,no,no_reason_given,not_mentioned,no,,"""KNOWING IT (LIFE AND ALL IT'S QUESTIONS) WAS ALL SO SIMPLE -- IT WAS JUST THE LITTLE THINGS...""; ""I felt a sense of being home""; ""He said, 'I know' and I was amazed that he could talk to me without moving his mouth.""; ""it seemed like everything was happening at the exact same time""; ""COUGH"""
"Archive through June 2, 2003 - Anonymous (Monday, June 2, 2003 - 08:05 am)",iands,data\iands\archive-through-june-2-2003-004.json,2,implied,not_mentioned,not_mentioned,not_mentioned,implied,not_mentioned,no,no_reason_given,no,no,,"“NO, GO BACK”."
"Archive through March 11, 2004 - Anonymous (Thursday, March 4, 2004 - 08:58 pm)",iands,data\iands\archive-through-march-11-2004-009.json,2,no,no,not_mentioned,spiritual_realm,implied,not_mentioned,no,family_responsibility,yes_explicit,no,“We want you to take a message back with you. Man must change his ways.” / “Spread the message.”,"“It is time to review your life experiences.” / “You review your life in order to cleanse your soul.” / “Your life is evaluated by the most powerful judge there is… That judge is you.” / “We have been waiting for you. But, this isn’t your time to be here.” / “Look into the bowl and see the future of mankind.” / “Man must change his ways.” / “Spread the message.” / “They are your children.” / “He is never born. He is your child but he will remain here.” / “It is now time that you return.”"
"Archive through March 11, 2004 - Anonymous (Thursday, December 11, 2003 - 03:39 pm)",iands,data\iands\archive-through-march-11-2004-025.json,2,no,no,not_mentioned,spiritual_realm,implied,not_mentioned,no,other,no,no,,"""I'll breathe for you Dad.""; ""We then 'moved' through what was like a tunnel...""; ""Mama, Mama.""; ""Lynn! go and answer the door!""; ""Bye honey, and thank you.""; ""not yet."""
"Archive through March 30, 2004 - Anonymous (Tuesday, March 30, 2004 - 09:28 pm)",iands,data\iands\archive-through-march-30-2004-002.json,2,no,no,not_mentioned,spiritual_realm,yes_explicit,not_mentioned,no,other,implied,no,She told the experiencer they were 'to live life fully' and not keep following the path back to God/Heaven in that way.,"""Far enough child!""; ""God.""; ""Uh huh""; ""Many would follow the path to God and I was not to do this, I was to live life fully""; ""indiscreet""."
"Archive through March 30, 2004 - Anonymous (Friday, March 26, 2004 - 02:41 pm)",iands,data\iands\archive-through-march-30-2004-015.json,2,implied,no,not_mentioned,spiritual_realm,not_mentioned,not_mentioned,no,not_mentioned,not_mentioned,implied,,"""there is something better ahead,"" ""Your belief will heal you."", ""The point of power is in the present."", ""I wish I was on the other side where there is unconditional love 100% of the time."", ""I know I chose to be here, but I am stuck."", ""I just want to go back home"""
"Archive through May 09, 2002 - Anonymous (Thursday, April 4, 2002 - 12:25 pm)",iands,data\iands\archive-through-may-09-2002-010.json,2,implied,not_mentioned,not_mentioned,spiritual_realm,not_mentioned,not_mentioned,no,other,no,no,,"""I was told that I must go to meet someone who was waiting for me."" ""This being was the Father I had been taught about in heaven."" ""We had much conversation without saying any words."" ""If I had a question in my thought, I immediately had the answer."" ""I was home and I wanted to stay!"" ""He answered, and I felt him smiling, ' unconditional love'."""
Derry NDE 53,nderf,data\nderf\10044_derry-nde-53.json,2,implied,not_mentioned,not_mentioned,not_mentioned,implied,not_mentioned,not_mentioned,family_responsibility,yes_explicit,no,"Said she returned to testify that ""the spirit world is real and beautiful"" and that ""Jesus is who he says he is""; also wanted to return if she could ""help myself and others"" and live more life with her husband if able to communicate/help him.","""Look! I'm alive! I'm in here! I'm going to live!""; ""There was a bright mist permeating everything. The light was everywhere; it even passed through me!""; ""this stream of water fairly sang!"""
Cesar G NDE 13135,nderf,data\nderf\05519_cesar-g-nde-13135.json,2,yes_explicit,not_mentioned,not_mentioned,not_mentioned,yes_explicit,not_mentioned,not_mentioned,earthly_mission,implied,no,He concluded his “mission was not finish yet” and chose to return to assist others on Earth.,"“I was floating in the room.” “I rapidly found out that I was pure energy as I started traveling to several places simultaneously.” “I felt pulled to a tunnel made of pure light.” “It felt like when your mom hugs you unconditionally.” “There was no judgment towards me.” “Then, it looks like you need to return… But you have to take a decision NOW.” “It was very painful to be inside my body again.” “We all are Gods, creating our Universe through our Intentions.”"
God Exists,iands,data\iands\god-exists.json,2,no,no,not_mentioned,spiritual_realm,implied,not_mentioned,no,not_your_time,not_mentioned,no,,"""Regardless of what happens, it’s going to be okay.""; ""Isn’t he beautiful."""
"Following childbirth, woman passes dark place and heals her brain bleed",iands,data\iands\following-childbirth-woman-passes-dark-place-and-heals-her-brain-bleed.json,2,not_mentioned,not_mentioned,not_mentioned,spiritual_realm,implied,not_mentioned,not_mentioned,family_responsibility,yes_explicit,no,"Told she needed to share her gifts; 'bring Heaven to Earth in all hearts and homes,' 'help bring Divine Mother ways back,' and remind people they have a unique path and purpose.","""I’m not going there.""; ""I’m not ready to die; I’d like to see my kids grow older and be with my family.""; ""It was full of unconditional love!!""; ""I was guided on how to heal it."""
Everything is always how it's supposed to be,iands,data\iands\everything-is-always-how-it-s-supposed-to-be.json,2,no,no,not_mentioned,spiritual_realm,implied,not_mentioned,no,not_mentioned,no,no,,"""I woke up in heaven or what I like to call 'home.'""; ""I had no body but I was me.""; ""I was bathed in the most beautiful white, golden light""; ""No words were spoken, everything was communicated by thought.""; ""My questions were answered even before I could finish my thought.""; ""Everything is always how it’s supposed to be""; ""Everything would always be all right."""
"During brain surgery, man receives the gift of a visit ""home""",iands,data\iands\during-brain-surgery-man-receives-the-gift-of-a-visit-home.json,2,no,no,not_mentioned,spiritual_realm,implied,not_mentioned,no,not_your_time,not_mentioned,no,,"“experience the unconditional love, peace, and understanding of the one without name.” / “I felt like I was back at the place I belonged. Where I was a part of everything ever.” / “I was given the choice to go to the light… or to return to my physical body.” / “I then received a sense of the number 22.” / “I regained consciousness in the ICU with a sense of being born again…”"
Death is the door to the real world beyond this imitation that is called Life,iands,data\iands\death-is-the-door-to-the-real-world-beyond-this-imitation-that-is-called-life.json,2,no,no,not_mentioned,spiritual_realm,implied,none,no,family_responsibility,no,no,,"“Stop breathing, Jody. You don't need to breathe anymore.” / “Death’s cloak is truly dark and black.” / “Death is the door to the real world beyond this imitation that is called Life.” / “Death truly is the best sleep that I have ever had!”"
Death from Covid helps woman forgive and want to live again,iands,data\iands\death-from-covid-helps-woman-forgive-and-want-to-live-again.json,2,no,no,not_mentioned,spiritual_realm,implied,none,no,family_responsibility,no,no,,“Just let go of the debt.”; “Then it was time to make a choice. Source said I could stay. I said YES!”; “I was then placed into the awareness of my mom. I felt her heart crush upon hearing of my death.”; “The warmth that was my consciousness escaped like water vapor and rose up.”
Coming and Going Somewhere,iands,data\iands\coming-and-going-somewhere.json,2,not_mentioned,not_mentioned,not_mentioned,spiritual_realm,implied,not_mentioned,not_mentioned,not_mentioned,not_mentioned,not_mentioned,,"""My vision was more real than a dream.""; ""I was going somewhere and I have come from somewhere.""; ""Now I 'see' people my clients bring into the room, sometimes.""; ""The instant I walked into the room I knew he was somewhere else."""
Childhood Imaginary Friend/NDE Guide,iands,data\iands\childhood-imaginary-friend-nde-guide.json,2,not_mentioned,not_mentioned,not_mentioned,spiritual_realm,implied,not_mentioned,not_mentioned,other,yes_explicit,no,“You have chosen life. You will suffer as you help others.”,“Why have you worried so much in your life?” “What good is it now?” “Here is your assured home you built while you were living. Have you finished everything you want in this life?” “This is what happens to evil people.” “This will happen to your mother.” “We are going on a journey.” “You have chosen life. You will suffer as you help others.”
By Accident,iands,data\iands\by-accident.json,2,implied,not_mentioned,not_mentioned,not_mentioned,implied,not_mentioned,not_mentioned,not_mentioned,not_mentioned,not_mentioned,,"“No squinting, no pain in eyes, just a sense of great love.” “We all are part of the Divine's love… not for one particular group of people, but for everyone.” “It was like a void, but a lit up void.” “It told me telepathically, I could have anything I wanted.” “There is no hell. There is no condemnation. The Love covers all.”"
Blocked by a Golden Being,iands,data\iands\blocked-by-a-golden-being.json,2,no,no,not_mentioned,spiritual_realm,yes_explicit,not_mentioned,no,not_your_time,not_mentioned,no,,"""I'm standing in a place of love."" ""There's a glow of golden light ahead of me in the distance"" ""You must go back."" ""It's not yet your time. You must go back."""
Australian man is taken on guided journey of the universe,iands,data\iands\australian-man-is-taken-on-guided-journey-of-the-universe.json,2,not_mentioned,not_mentioned,chose_parents,not_mentioned,yes_explicit,not_mentioned,no,earthly_mission,yes_explicit,no,To return to his body to help change the public perception of death and tell people dying should not be feared; later expresses desire to become a helper after death.,"""All of a sudden, my entire life flashed before my eyes, complete in every detail.""; ""the entire review appeared to last for only a split-second, because all the events of my entire life were shown to me simultaneously.""; ""a feeling of unconditional love and acceptance poured into that empty space.""; ""So that I can go back to my body...to tell the world that dying should not be feared in the slightest""."
Australian man chokes and finds himself in another place,iands,data\iands\australian-man-chokes-and-finds-himself-in-another-place.json,2,no,no,not_mentioned,spiritual_realm,implied,not_mentioned,no,not_mentioned,no,no,,"""I suddenly found myself facing a light grey colour, like in a mist.""; ""Immediately I felt an immense euphoria - it was ecstasy - it was a bliss""; ""I retained my individuality. I was still 'me.'""; ""our lives on earth are 'heavy,' like walking in treacle.""; ""I also felt that I was 'Home.'""; ""I did not think of the word 'God' - it was a Force, an Intelligence""; ""For me death will be a doorway to ecstasy and Home."""
Gail D NDE 13099,nderf,data\nderf\05499_gail-d-nde-13099.json,2,no,not_mentioned,not_mentioned,spiritual_realm,yes_explicit,not_mentioned,not_mentioned,family_responsibility,implied,no,She reports being told she had to come back and that her granddaughter would need her; she also reports being given direction to share the experience.,"“I heard a distinct 'click,' my heart stopped…”; “There was no doubt in my mind, I knew I was dead.”; “The entities there weren't physical; we were all made of energy and were blending into the light.”; “She then showed me a vision of my granddaughter, who wouldn’t be born for another five years.”; “The noise was overwhelming and the pain was excruciating. The light was harsh.”"
Susan W NDE 13039,nderf,data\nderf\05463_susan-w-nde-13039.json,2,yes_explicit,not_mentioned,not_mentioned,not_mentioned,implied,not_mentioned,not_mentioned,not_your_time,no,no,,"“Here, let me hide you. He is death and he is looking for you; but he can't take you if he doesn't see you.” “It is not your time.”"
Nick K STE 13028 NDE 13028,nderf,data\nderf\05457_nick-k-ste-13028-nde-13028.json,2,yes_explicit,not_mentioned,not_mentioned,spiritual_realm,not_mentioned,not_mentioned,no,no_reason_given,no,no,,"“This was no dream. It was more real to me than anything that's happened in this world.”; “The room was made with shimmering gold light… like a lava lamp, but pure gold, white light.”; “This was literally Jesus!”; “He communicated… that we’re all made perfect.”; “It was as if I had swooshed back to my body.”"
Tracy T NDE3641 NDE 3641,nderf,data\nderf\01648_tracy-t-nde3641-nde-3641.json,2,no,no,not_mentioned,spiritual_realm,yes_explicit,not_mentioned,no,earthly_mission,yes_explicit,no,"Shown the future of their life if they returned and ""why we are here""; understood their purpose and that their return was important ""to all of mankind""; later states: ""I'm now here to do what I was called to do.""","""NO, I want to stay here.""; ""Time did not exist as we know it here.""; ""I saw all things; nothing was hidden.""; ""Suddenly, I was in my body again. It felt awful!"""
Jeff S NDE 6936/3616 NDE 3616,nderf,data\nderf\01628_jeff-s-nde-6936-3616-nde-3616.json,2,no,no,not_mentioned,spiritual_realm,yes_explicit,not_mentioned,no,other,not_mentioned,no,,“Absolute void.”; “They will be fine.”; “Everything was so alive all around me and I felt I was part of everything and everything was a part of me. We were one.”; “I am not worthy to be here. I should not be here”; “In/out”
Teri NDE 3486,nderf,data\nderf\01547_teri-nde-3486.json,2,no,no,not_mentioned,spiritual_realm,implied,not_mentioned,no,no_reason_given,no,no,,"'Love was almost tangible, as was the lack of distance or time.'; 'I knew it was where I belonged and it was natural to be there... just right.'; 'The other dimension is reality and this world is an illusion.'"
Tara B NDE 126,nderf,data\nderf\01459_tara-b-nde.json,2,not_mentioned,not_mentioned,chose_mission,not_mentioned,implied,not_mentioned,no,earthly_mission,implied,no,The three figures said she had to decide if she was done with her task; she was not meeting her goals; she had picked this life as a test; the goal would be the same even if she got another body.,"“I was rushing through a tunnel of blue swirling mist and saw a bright light at the end, brilliant white and blue, no words could describe it, and I felt love emanating from it.”"
Walter G NDE 2815,nderf,data\nderf\01417_walter-g-nde-2815.json,2,yes_explicit,no,not_mentioned,not_mentioned,yes_explicit,not_mentioned,no,no_reason_given,not_mentioned,not_mentioned,,“I was happy that I felt so good.” “I was a drop of light in an ocean of light. The mind disappeared.” “I saw myself in my mother's womb two months before my birth.”
Charlene P NDE 3434,nderf,data\nderf\01416_charlene-p-nde-3434.json,2,not_mentioned,not_mentioned,not_mentioned,spiritual_realm,implied,not_mentioned,not_mentioned,other,not_mentioned,not_mentioned,,"“It seemed like I was there for days and days, like in some sort of 'holding room'.”; “I am done here if I want to be done here or I could return.”; “I wanted to return to be here for the ascension.”; “I feel like an alien here.”"
Hanne B NDE 3426,nderf,data\nderf\01413_hanne-b-nde-3426.json,2,no,no,not_mentioned,spiritual_realm,implied,not_mentioned,not_mentioned,not_mentioned,not_mentioned,not_mentioned,,"“Next I found 'myself zooming out'” / “between thousands of stars and spiraling galaxies they were All Around 'me' and I was part of the Whole.” / “I felt One and All Consciousness and extremely happy.” / “When I moved my 'hands', stars would spring from them and join the rest on the firmament.” / “If you just knew how old I really am.” / “If anything, I 'woke down'.”"
Padraic R NDE 3412,nderf,data\nderf\01378_padraic-r-nde-3412.json,2,no,no,not_mentioned,spiritual_realm,implied,not_mentioned,no,other,no,no,,"“Lie still, you're fine!”; “As you believed in me, I shall believe in you and thou shalt not die.”"
Steven D Probable NDE 367,nderf,data\nderf\01355_steven-d-probable-nde.json,2,yes_explicit,not_mentioned,not_mentioned,not_mentioned,yes_explicit,not_mentioned,no,earthly_mission,yes_explicit,no,He was told he could 'come back to my body and serve on a mission for the Lord' and was 'called to protect' 'the Lord's Mountain of Gold.' He was cautioned to keep the mission 'between the Lord and me' and to document everything for thirty-five years.,"“I come from the presence of the Lord and my name is Moroni, an ancient prophet.”"
Gene J NDE 3361,nderf,data\nderf\01309_gene-j-nde-3361.json,2,no,no,not_mentioned,spiritual_realm,implied,none,no,no_reason_given,no,no,,"""I was alone in total darkness.""; ""I suddenly found myself standing alone... in the middle of what was a large, ultra-bright, white glowing room.""; ""I felt an overwhelming comfort here, a warmth-like I belonged here.""; ""I began to feel like I knew everything.""; ""This is not a dream or a hallucination. I am here.""; ""I know without a doubt that I had just experienced and felt the Real Power of GOD, and The Holy Spirit!"""
Terre D NDE 3169,nderf,data\nderf\01256_terre-d-nde-3169.json,2,no,no,not_mentioned,spiritual_realm,yes_explicit,not_mentioned,no,not_mentioned,no,not_mentioned,,"""There was this great, great feeling of unconditional love.""; ""this feeling that death is going home.""; ""Then suddenly I was whisked away... caught in a stream of energy flowing around a planet... and also within a giant tree on a hill...""; ""Now I could see through my eyelids."""
Rhea D Probable NDE 3165,nderf,data\nderf\01254_rhea-d-probable-nde-3165.json,2,not_mentioned,not_mentioned,not_mentioned,spiritual_realm,implied,not_mentioned,not_mentioned,family_responsibility,not_mentioned,not_mentioned,,“The feeling was horrible afterward for a few seconds because you have to get adjusted to your fleshy body. I felt like I had on a mud suit.”
Bonnie B NDE1242 NDE 3144,nderf,data\nderf\01242_bonnie-b-nde1242-nde-3144.json,2,no,no,not_mentioned,spiritual_realm,yes_explicit,none,no,no_reason_given,no,no,,"""a beautiful, golden, brilliant light of pure love and acceptance""; ""the place I wanted so badly to go to was 'HOME.'""; ""I heard a loud buzzing and felt that I was in a total darkness and then I left my body."""
Bonnie B NDE 3144,nderf,data\nderf\01242_bonnie-b-nde-3144.json,2,no,no,not_mentioned,spiritual_realm,implied,not_mentioned,no,not_mentioned,no,no,,"""a beautiful, golden, brilliant light of pure love and acceptance""; ""the place I wanted so badly to go to was 'HOME.'""; ""There was no sense of time or space""; ""It was not a 'near' death experience, it was death."""
Kathi B NDE 3339,nderf,data\nderf\01235_kathi-b-nde-3339.json,2,no,no,not_mentioned,spiritual_realm,implied,not_mentioned,no,earthly_mission,yes_explicit,no,Told she was 'too early' and 'still had work to do' and would 'have to go back' (work not specified).,"""Let go. Go with the flow. Let go.""; ""I was home.""; ""I was told that I was too early. I still had work to do."""
James H NDE 3213,nderf,data\nderf\01214_james-h-nde-3213.json,2,no,no,not_mentioned,spiritual_realm,implied,not_mentioned,no,no_reason_given,no,no,,“I had never felt so alive and complete.” “My spirit or energy was floating through what looked like a heavy snow fall.” “I possessed the certain knowledge that once I reached the light I would be whole or complete - that this was the only place I belonged.” “I did not come back willingly or by choice.”
Anne C NDE 2616,nderf,data\nderf\00851_anne-c-nde-2616.json,2,no,no,not_mentioned,spiritual_realm,implied,not_mentioned,no,not_your_time,no,no,,"“it wasn't time for me to stay, and that I needed to 'go back'.”"
Frank G NDE/ADC 31670 NDE 31670,nderf,data\nderf\02012_frank-g-nde-adc-31670-nde-31670.json,2,no,no,not_mentioned,spiritual_realm,implied,not_mentioned,no,earthly_mission,yes_explicit,no,Told: “I am not ready! Have to make the planet a beautiful place!”,“I flew through the walls and ceiling and left the building.” “The Gates of Heaven! I found myself looking in but could not get in!” “Have to make the planet a beautiful place!” “Then I was given a big PUSH!”
Blester PW NDE 4091,nderf,data\nderf\01966_blester-pw-nde-4091.json,2,not_mentioned,not_mentioned,not_mentioned,spiritual_realm,implied,not_mentioned,not_mentioned,not_mentioned,not_mentioned,not_mentioned,,"“I felt like my body was missing and I was in a void space.” “I just felt like I was supposed to be here.” “Hello, hello.”"
Cynthia Y NDE 4020,nderf,data\nderf\01931_cynthia-y-nde-4020.json,2,no,no,not_mentioned,spiritual_realm,implied,none,no,earthly_mission,yes_explicit,no,God said: 'You have three missions then you can die.' (Missions not specified.),“You have three missions then you can die.”; “Do you know who I am?”; “Don't worry we'll be with you.”; “Dying is not really dying; you become a being of light and are born into another better plane of existence.”
Adaline C NDE 3920,nderf,data\nderf\01862_adaline-c-nde-3920.json,2,no,no,not_mentioned,spiritual_realm,implied,not_mentioned,no,not_your_time,no,no,,"“This Other Side was unexplainable in words. Too peaceful, too overwhelming, I was overpowered with so much love.”"
Jolene NDE 3913,nderf,data\nderf\01855_jolene-nde-3913.json,2,no,no,not_mentioned,spiritual_realm,implied,not_mentioned,no,other,no,no,,"""Are you ready to come home?""; ""It is the purest white light you could ever see""; ""I was dead.""; ""My journey was the same, just backwards."""
John S NDE 3876,nderf,data\nderf\01839_john-s-nde-3876.json,2,not_mentioned,not_mentioned,not_mentioned,spiritual_realm,yes_explicit,not_mentioned,not_mentioned,not_your_time,not_mentioned,not_mentioned,,"“time and space stopped.” “I was home where everything was so familiar and safe.” “Within an instant, I was in my body…”"
Jason N NDE 3888,nderf,data\nderf\01838_jason-n-nde-3888.json,2,no,no,not_mentioned,spiritual_realm,yes_explicit,not_mentioned,no,earthly_mission,yes_explicit,no,"""it is not time my son, go back and take care of people.""","""it is not time my son, go back and take care of people."""
Kate B Possible NDE 3871,nderf,data\nderf\01830_kate-b-possible-nde-3871.json,2,not_mentioned,not_mentioned,not_mentioned,spiritual_realm,yes_explicit,not_mentioned,not_mentioned,no_reason_given,not_mentioned,no,,"“It seemed like I was in a very crowded area full of my best friends, and I had never been so happy.” “It was as if I went through a dimension, like a wall, I popped through and then I was floating in the darkest space. There were bright stars all around.” “Suddenly, I felt like I was grabbed and my body slammed back into my body.” “I was not dead, but I am not in the least bit afraid of death.”"
JMH NDE 3863,nderf,data\nderf\01827_jmh-nde-3863.json,2,no,no,not_mentioned,spiritual_realm,implied,none,no,earthly_mission,implied,no,Experiencer stated they had not finished 'the work I was born to do' and should finish it.,"“Surely the presence of God is in this place.” / “I was above the bed watching people working on me…” / “In a space, not sure it was time, a warm and loving voice asked me if I wanted to stay or return to my life.” / “I haven't finished the work I was born to do…”"
Kendra NDE 3755,nderf,data\nderf\01750_kendra-nde-3755.json,2,no,no,not_mentioned,spiritual_realm,implied,not_mentioned,not_mentioned,not_your_time,implied,no,Jesus said: 'Follow me and have faith in me and I shall protect you.',Jesus: 'It's not your time. Follow me and have faith in me and I shall protect you.'
Kane D NDE 3692/2698 NDE 2698,nderf,data\nderf\01696_kane-d-nde-3692-2698-nde-2698.json,2,not_mentioned,not_mentioned,not_mentioned,spiritual_realm,yes_explicit,not_mentioned,not_mentioned,family_responsibility,not_mentioned,not_mentioned,,"“The experience of death has been the most real and physical experience of my life and the world here felt cold, heavy, and unreal for some time afterwards.”"
Glauco S NDE 3674,nderf,data\nderf\01675_glauco-s-nde-3674.json,2,implied,not_mentioned,not_mentioned,not_mentioned,implied,not_mentioned,no,not_your_time,implied,no,"He understood 'it wasn't my time' and that his 'mission wasn't done,' but he did not know what the mission was.","“PLEASE GOD HELP ME!”; “relax and that everything was going to be okay.”; “Don't worry, these are just lessons.”; “Bye”; “This can't be them! They couldn't survive twenty-two minutes underwater and talk about it!”"
Judy H NDE3669 NDE 3669,nderf,data\nderf\01670_judy-h-nde3669-nde-3669.json,2,not_mentioned,not_mentioned,not_mentioned,spiritual_realm,implied,not_mentioned,not_mentioned,not_your_time,no,no,,'No you can't climb that hill yet it is not your time.'; 'I could not look upon his face just yet.'; 'he needs you more than any of them does.'
Attila P Possible NDE 3625,nderf,data\nderf\01658_attila-p-possible-nde-3625.json,2,no,no,not_mentioned,spiritual_realm,yes_explicit,not_mentioned,no,earthly_mission,yes_explicit,no,"The judge said: ""But you have a mission."" He understood his destiny was intertwined with others like a mosaic and must be fulfilled.","""Hey, what are you doing here? Go back home.""; ""But you have a mission.""; ""You must go back!""; ""It was a place of palpable tangible love. A place of welcome, of feeling absolutely at home."""
Jackie G Probable NDE3572 NDE 3572,nderf,data\nderf\01656_jackie-g-probable-nde3572-nde-3572.json,2,no,no,not_mentioned,spiritual_realm,implied,none,no,not_your_time,no,no,,"“I know I have died and my past life means nothing to me.” “You are not supposed to be here, it is not your time, and you must go.” “Then I saw myself stretched on the bed like a corpse, pale, with mouth open.”"
Herb B NDE 4184,nderf,data\nderf\02077_herb-b-nde-4184.json,2,not_mentioned,not_mentioned,not_mentioned,spiritual_realm,implied,not_mentioned,not_mentioned,not_your_time,not_mentioned,not_mentioned,,"""Standing up out of my body was no more significant than taking off my clothes."" ""I'm back. I belong here."" ""This one is not going to make it."" ""As soon as I accepted this, I was rocketed back into my body."""
Sandra B NDE 4235,nderf,data\nderf\02068_sandra-b-nde-4235.json,2,no,no,not_mentioned,spiritual_realm,implied,not_mentioned,no,other,no,no,,"""I must be dead as I am looking at my dead body down there."" ""God please do not kill me I am only sixty-two years old and I do not want to die. Please God put me back into my body."""
Casper NDE 4210,nderf,data\nderf\02048_casper-nde-4210.json,2,no,no,not_mentioned,spiritual_realm,implied,not_mentioned,no,not_mentioned,implied,no,"Angels escorted the experiencer to a higher place and taught lessons ""for me to share with other people.""","""Acts 3, verse 1-8""; ""What have you done with your life?""; ""Nothing. I have wasted the entire forty-seven years.""; ""First, there is no such thing as time. It is man-made and self-imposed.""; ""We are all connected as one spirit.""; ""What goes around comes around""; ""They are our 911 to heaven."""
Heron S NDE 4173,nderf,data\nderf\02043_heron-s-nde-4173.json,2,no,no,not_mentioned,spiritual_realm,yes_explicit,not_mentioned,no,not_your_time,not_mentioned,no,,"“The Light had a tangible quality to it, like some exquisite and viscous liquid Energy - it was radiating and pulsating continuously outward and I simply was bathed in its delicious, nourishment.”"
Nannci R Possible NDE 4157,nderf,data\nderf\02036_nannci-r-possible-nde-4157.json,2,no,no,not_mentioned,spiritual_realm,implied,not_mentioned,no,not_mentioned,no,no,,"“welcome home” ; “Your beautiful and loved, always be full of hope Nannci I love you.” ; “To describe the actual merging of this is just not humanly possible”"
Linda S Probable NDE 2903,nderf,data\nderf\01011_linda-s-probable-nde-2903.json,2,not_mentioned,not_mentioned,not_mentioned,spiritual_realm,yes_explicit,not_mentioned,not_mentioned,no_reason_given,not_mentioned,not_mentioned,,"“Passionless, I watched my spirit leave my body…”; “I saw a vast, endless blackness. Like a void or black hole…”; “I beheld a radiant, Spirit being… I knew the Spirit was Christ.”; “The light was love and love was God.”; “This is beautiful. I am home… I want to stay.” / “You can stay for a little while and then you must return.”"
Kami C NDE 2900,nderf,data\nderf\01009_kami-c-nde-2900.json,2,no,no,not_mentioned,spiritual_realm,yes_explicit,none,no,family_responsibility,yes_explicit,no,"They insisted she return because her mother needed her and because she ""had to heal others"" / people needed her.","""Instant pain relief is the first thing I felt."" / ""When I hit it, I hit it like a ton of bricks."" / ""There was also no sense of time where I was, for eternity was all we knew."""
Harry B NDE 2873,nderf,data\nderf\00991_harry-b-nde-2873.json,2,no,no,not_mentioned,spiritual_realm,yes_explicit,not_mentioned,no,not_mentioned,no,no,,"“I found myself without a body in the middle of black, misty darkness.” “It felt more real than life itself.” “It felt like home.” “I left a place of no pain and entered a body of pain.”"
Sue V NDE 2869,nderf,data\nderf\00983_sue-v-nde-2869.json,2,not_mentioned,not_mentioned,not_mentioned,spiritual_realm,implied,not_mentioned,no,not_mentioned,implied,no,"Received a strong nonverbal message that what she was doing was the right thing and she ""didn't need to do anything other than what"" she did; also felt she was on Earth ""for a purpose"" but could not remember it.","""I was then in outer space""; ""a bright light... flowed quickly towards and over me engulfing me""; ""Simultaneously, the light was also this complete LOVE""; ""I was back in my body and still driving my car at the very same spot""; ""where I was, was home, and that I am only visiting earth for a purpose."""
Lynn C NDE 2822,nderf,data\nderf\00961_lynn-c-nde-2822.json,2,no,no,not_mentioned,spiritual_realm,yes_explicit,not_mentioned,no,not_your_time,no,no,,"“I was aware of being in total darkness. A void type darkness in which I felt tremendously sad and terribly lonely.” “The river upon which we were being rowed was silver, like mercury. The oars made no ripples in the water.” “Again, nobody spoke, but my mind filled with voices telling me to go back, it wasn't my time.”"
Filiesha L Probable NDE 2821,nderf,data\nderf\00960_filiesha-l-probable-nde-2821.json,2,not_mentioned,not_mentioned,not_mentioned,spiritual_realm,yes_explicit,not_mentioned,no,earthly_mission,yes_explicit,no,Key/mission emphasized as 'TRUTH'; also messages: learn love/compassion/forgiveness; fear is unnecessary and harms growth; 'none of us are to be left behind' and Earth is needed to fill the void.,"“I did know that I was now Home, my (out) Real home.” / “Where I went to next can only be described as a Huge Black Hole.” / “Soothingly, my Guides helped me transform back into my body and left me with a key, truth.”"
Jesse N NDE 2809,nderf,data\nderf\00956_jesse-n-nde-2809.json,2,not_mentioned,not_mentioned,not_mentioned,spiritual_realm,implied,not_mentioned,not_mentioned,other,not_mentioned,not_mentioned,,"""HOME! That was HOME!""; ""Time doesn't exist!""; ""the physical one resembled a black and white movie"""
Wan I NDE 2790,nderf,data\nderf\00950_wan-i-nde-2790.json,2,not_mentioned,not_mentioned,not_mentioned,spiritual_realm,yes_explicit,not_mentioned,not_mentioned,not_your_time,implied,no,Interpreted the experience and subsequent 'gift' as to help those around him; emphasized doing good to others.,“It felt like a tunnel with a light at the end of it.” / “It felt like that comfort feeling of 'home.'” / “I don't wanna die! I don't wanna die!”
Lucia L NDE 2759,nderf,data\nderf\00937_lucia-l-nde-2759.json,2,implied,not_mentioned,not_mentioned,not_mentioned,implied,not_mentioned,not_mentioned,no_reason_given,implied,not_mentioned,"Jesus told her, 'Take these gifts home with you.' Later she reports understanding her purpose: to help stop what is going on and to prove 'the ONENESS is in us all.'","“Take these gifts home with you.” / “Someone help her, please! For God's sake, someone help her!” / “I ripped the mask off and kept telling everyone that the tunnel was real.”"
Marsha NDE 2638,nderf,data\nderf\00863_marsha-nde-2638.json,2,yes_explicit,yes_explicit,not_mentioned,not_mentioned,not_mentioned,not_mentioned,no,not_mentioned,no,not_mentioned,,"“I was seeing my life in reverse, going back to the womb and then it was like a star-burst, a sensation of being almost in space.”"
John G Probable NDE 2624,nderf,data\nderf\00855_john-g-probable-nde-2624.json,2,implied,no,not_mentioned,not_mentioned,implied,not_mentioned,not_mentioned,not_mentioned,no,not_mentioned,,"“I just remember the scene from the ceiling of room, and the understanding of all the people in the room.”"
Stacy S NDE 4756,nderf,data\nderf\02411_stacy-s-nde-4756.json,2,no,no,not_mentioned,spiritual_realm,implied,not_mentioned,no,family_responsibility,not_mentioned,no,,'ARE YOU FINISHED?' ; 'I was home in God's arms and I was being given a peek behind the veil at Universal Knowledge through the eyes of God.'
Mandy C FDE 4750 NDE 4750,nderf,data\nderf\02408_mandy-c-fde-4750-nde-4750.json,2,no,no,not_mentioned,spiritual_realm,implied,not_mentioned,no,no_reason_given,no,no,,"“I was traveling through a great black void, like outer space, at a tremendous speed.”"
Cheryl N NDE 4741,nderf,data\nderf\02401_cheryl-n-nde-4741.json,2,no,no,not_mentioned,spiritual_realm,implied,not_mentioned,no,no_reason_given,no,no,,"“There was a warm glow or ambience around me that was so peaceful, so full of awe and love.” / “I knew who I was but had no form.” / “I felt I was connected to a whole, like I was home again.” / “Then I seemed to be traveling, soaring over snow-capped mountaintops, as an eagle would do.” / “I felt a rush back into my body… as though I was poured back into my body.”"
Michele NDE 4705,nderf,data\nderf\02381_michele-nde-4705.json,2,no,no,not_mentioned,spiritual_realm,implied,not_mentioned,no,family_responsibility,no,no,,"""I did not pass through tunnels or spirals. I awoke in a forest by a stream.""; ""There are no words to describe heavenly peace.""; ""Imprints are a good word for how communication was done.""; ""Although I knew this was Jesus not God""; ""What about your children?""; ""Time is very slow here I realized."""
Pamela K NDE 4649,nderf,data\nderf\02356_pamela-k-nde-4649.json,2,no,no,not_mentioned,spiritual_realm,yes_explicit,not_mentioned,no,family_responsibility,no,no,,"“It was like everything was shown simultaneously.” “the entirety of my life had just been a game, like Monopoly… and ‘Pam’ was the equivalent of one of the game’s playing pieces” “I realized that in truth, the ‘I Am’ was who I really was” “a Light that was brighter than a million suns but which didn’t hurt my vision” “It radiated the most all-encompassing unconditional Love I’ve ever experienced.” “with that I felt myself zip at warp speed back into my body.” “It was the experience of Love loving Itself.”"
Sally P NDE 4576,nderf,data\nderf\02304_sally-p-nde-4576.json,2,no,no,not_mentioned,spiritual_realm,implied,none,no,family_responsibility,no,no,,'Whatever you need to do you will do.'; 'The freedom of a soul released from a body is wonderful.'
Crystal M NDE 4572,nderf,data\nderf\02302_crystal-m-nde-4572.json,2,implied,not_mentioned,not_mentioned,not_mentioned,yes_explicit,not_mentioned,no,family_responsibility,implied,not_mentioned,"They told her to ""tell what I remembered.""","""surrounded by the most beautiful light that human words can never explain""; ""EVERYTHING was exactly as it was supposed to be""; ""Why didn't I do more for you?""; ""the choice was mine""; ""they told me to tell what I remembered""; ""They did CPR for four and half minutes. I had no pulse and was not breathing."""
Fifi T Probable NDE 4402,nderf,data\nderf\02190_fifi-t-probable-nde-4402.json,2,no,no,not_mentioned,spiritual_realm,implied,not_mentioned,no,not_your_time,not_mentioned,no,,"""Felt love and forgiveness that is not humanly possible in this life. You never want to leave it.""; ""This lasted probably two seconds, but the longest two seconds ever.""; ""Light was emitted in everything and out of everything.""; ""I did not give my family on earth a second thought.""; ""she was not letting me pass.""; ""it wasn't my 'time'."""
Viva T NDE 4397,nderf,data\nderf\02187_viva-t-nde-4397.json,2,no,no,not_mentioned,spiritual_realm,yes_explicit,not_mentioned,no,family_responsibility,yes_explicit,no,"Share/transmit what was witnessed so people know earthly life ""is not the totality of existence, but a crucial part of the overall plan.""","""This must be who I really am""; ""They think I'm gone, but I'm really up here.""; ""If you go in you cannot come out.""; ""You have a little son ... who needs you.""; ""ONE WITH THE LIGHT!"""
Khat H NDE 4394,nderf,data\nderf\02186_khat-h-nde-4394.json,2,no,no,not_mentioned,spiritual_realm,yes_explicit,not_mentioned,no,not_your_time,yes_explicit,no,"He told her she was ""put here to perform great works"" and that what she was going to do ""would help all of the human race,"" and that she ""still had many things to do.""","""It is not time for you to come to me Khat.""; ""WHOOSH! I was back in my body again.""; ""put here to perform great works""; ""would help all of the human race""; ""allow me to come Home""."
Paul O NDE 4331,nderf,data\nderf\02144_paul-o-nde-4331.json,2,no,no,not_mentioned,spiritual_realm,implied,not_mentioned,no,no_reason_given,no,no,,"“If this is being dead, I like it.” / “Go back.” / “Jesus is inside you.” / “My sense of loss at being back in my body was too great to describe.”"
Ken W NDE 4322,nderf,data\nderf\02139_ken-w-nde-4322.json,2,no,not_mentioned,not_mentioned,spiritual_realm,implied,not_mentioned,no,not_your_time,no,no,,"“I was looking down from about fifteen feet…”; “Thought, knowledge and memory were not linear… but all at once.”; “The senior… told me I had to go back and that I would not remember.”; “Next thing I was gasping in pain on the ground, ice and blood in my mouth…”"
Bobbie K NDE 4285/8166 NDE 8166,nderf,data\nderf\02111_bobbie-k-nde-4285-8166-nde-8166.json,2,no,no,not_mentioned,spiritual_realm,implied,not_mentioned,no,other,no,no,,"""Then, I became part of that Light."" / ""I saw no one, yet I knew I was in the presence of God."" / ""Although I cannot recall any visual images, I knew that I was home."" / ""I was angry about having to be ‘born’ again."""
Ludmila NDE 4168,nderf,data\nderf\02093_ludmila-nde-4168.json,2,no,no,not_mentioned,spiritual_realm,implied,not_mentioned,no,family_responsibility,no,no,,"“This input was in the form of a square, the lengths of each side were about one meter long - and my soul started to enter that space through the head.”; “My first feeling after exit from my body was the feeling of an incredible relief.”; “I did not think with the help of words, I felt and understood everything without words.”; “I had a free access to all knowledge and to all information.”; “I was overflowing with the feeling of pleasure, and the feeling that at last I was coming back to the place that was so dear to me.”; “What I am doing! Now I am so far away that I cannot return - and I'm leaving my seven year old daughter.”; “I started to enter my body, as a hand enters a glove.”"
Miguel RP NDE 4133,nderf,data\nderf\02084_miguel-rp-nde-4133.json,2,no,no,not_mentioned,spiritual_realm,implied,not_mentioned,no,earthly_mission,yes_explicit,no,"Angel Gabriel: 'you have to go back, there is a mission for you to accomplish.' He later describes bearing witness/telling others what he was shown.","Angel identified: 'He replied that he was the Angel Gabriel, that I was in heaven and that Christ had saved me.' Return command: 'Miguel, you must go back.' Identity of voice: 'I am the true and faithful witness.'"
Debbie NDE 4253,nderf,data\nderf\02081_debbie-nde-4253.json,2,no,no,not_mentioned,spiritual_realm,implied,not_mentioned,no,not_your_time,no,no,,"“I was looking at my body floating in the water.”
“That's when I saw a fuzzy white circle of white light in the distance.”
“I ‘thought’ at the light ‘Oh no not yet please! I like this one and I’m not ready yet’.”
“I felt as though I knew everything I had ever wanted to know, and more, even at that very young age.”
“The feeling of complete unconditional love was so very strong… I belonged with it.”"
Bruce NDE 5252,nderf,data\nderf\02747_bruce-nde-5252.json,2,no,no,not_mentioned,spiritual_realm,yes_explicit,not_mentioned,no,earthly_mission,yes_explicit,no,"He ""must return and complete a prepared task, or work, that will change others"" (possibly ""hardly noticeable,"" but desired by God).","""I understood I'd had a heart attack, died, and left my body behind."" / ""traveling through a tunnel at extreme speed"" / ""very ornate light-filled room with a throne"" / ""surrounded by unconditional love, and, for lack of a better word, I was 'home'."""
Lori K NDE 5241,nderf,data\nderf\02745_lori-k-nde-5241.json,2,no,no,not_mentioned,spiritual_realm,yes_explicit,not_mentioned,no,family_responsibility,yes_explicit,no,"Jesus said she could go back and that she ""had work now to do"" and told her to ""stay awake"" and that he would ""take care and restore everything.""","""It was all very real, more real than anything had ever been to me before""; ""It shone down on me from Jesus""; ""with it shining on you, YOU became ALL KNOWING""; ""It was a beautiful day to die.""; ""I have no fear of Death."""
Pierre T NDE 5216,nderf,data\nderf\02744_pierre-t-nde-5216.json,2,implied,no,not_mentioned,not_mentioned,yes_explicit,not_mentioned,not_mentioned,no_reason_given,no,not_mentioned,,"""Total stillness - I have no body anymore; I am just consciousness."" / ""I was more myself there than I am here!"""
Katalin F NDE 5118,nderf,data\nderf\02653_katalin-f-nde-5118.json,2,no,no,not_mentioned,spiritual_realm,yes_explicit,not_mentioned,no,other,no,no,,'release me'; 'Float on your back.'; 'I belonged there.'
Lorraine J NDE 5045,nderf,data\nderf\02648_lorraine-j-nde-5045.json,2,no,no,not_mentioned,spiritual_realm,yes_explicit,not_mentioned,no,other,no,no,,"""Above me was a small black opening. It swallowed me up.""; ""The light emanated warmth, love and happiness. It was a living light.""; ""Once inside it felt as though I was home again."""
Renate NDE 5016,nderf,data\nderf\02646_renate-nde-5016.json,2,no,no,not_mentioned,spiritual_realm,implied,not_mentioned,no,family_responsibility,yes_explicit,no,Angel said the spirit world would need her to complete a mission/task while back on earth; she was not told what the task would be.,"""I collapsed into a total darkness""; ""floating up by the ceiling""; ""At the other end was an incredible bright warm white light, but it wasn't blinding.""; ""I knew I was back home again.""; ""he communicated with me telepathically""; ""it was my choice""; ""all at once, I knew everything."""
David J Probable NDE 5095,nderf,data\nderf\02641_david-j-probable-nde-5095.json,2,no,no,not_mentioned,spiritual_realm,yes_explicit,not_mentioned,no,family_responsibility,no,no,,“There's no friction here.” “There's no gravity here.” “There's no cold here.” “THERE'S NO STRESS HERE!” “For the entertainment of the spirit realm.” “You will be made whole.” “Heaven is real! I was there!”
Janet M NDE 5092,nderf,data\nderf\02639_janet-m-nde-5092.json,2,no,no,not_mentioned,spiritual_realm,implied,none,no,other,no,no,,"“death is a lie we don't die. We continue in a different form. No pain, no fear, but there is Truth.”"
Gregory C NDE 5068,nderf,data\nderf\02624_gregory-c-nde-5068.json,2,no,no,not_mentioned,spiritual_realm,implied,not_mentioned,no,other,not_mentioned,no,,"'It was though all the creatures on earth as well as in the universe stopped momentarily and looked at me and smiled and said, ""We love you.""' / 'I chose to die that day' / 'I was pure plasma, a glowing bodiless form... my vision was 360%'"
David O NDE 5066,nderf,data\nderf\02622_david-o-nde-5066.json,2,no,no,not_mentioned,spiritual_realm,implied,not_mentioned,no,family_responsibility,no,no,,"""I became aware at some point of being in a place of great expansion and light and being complete and very peaceful.""; ""I felt at home and complete where I was and unlimited.""; ""It was home and I was choosing to go back to a much less developed state of being.""; ""It would come on suddenly that I was in Eternity (with no time, no objects, and no thought, as we know it)."""
Denise M NDE 5037,nderf,data\nderf\02608_denise-m-nde-5037.json,2,no,no,not_mentioned,spiritual_realm,implied,none,no,not_mentioned,no,no,,"“So, this is what it's like to be dead.”; “code blue, code blue”; “I had an immense feeling of love and warmth - like being engulfed in a secure, warm blanket.”"
Renee M NDE 22437,nderf,data\nderf\02588_renee-m-nde-22437.json,2,not_mentioned,not_mentioned,not_mentioned,spiritual_realm,implied,not_mentioned,not_mentioned,not_mentioned,not_mentioned,no,,"""I could see myself outside of my body."" / ""My heart was lying outside of my chest and it was not beating."" / ""Almost instantaneous... I merged with God. I instantly became all knowing."" / ""Death is an Earth-created illusion... Come back where? I never left."" / ""We are Immortal spiritual beings having a human experience."""
Austin T NDE 4930,nderf,data\nderf\02528_austin-t-nde-4930.json,2,no,no,not_mentioned,spiritual_realm,implied,not_mentioned,no,not_your_time,implied,no,He believed that communicating the sentence could spread across the world and that he 'had the ability to fix this world.',"“Someone that I could not see spoke one sentence, one sentence that answered every question that I had ever asked and every question that I would ever ask forever!!!”"
Giselle RV NDE 4859,nderf,data\nderf\02521_giselle-rv-nde-4859.json,2,no,no,not_mentioned,spiritual_realm,yes_explicit,none,no,family_responsibility,implied,no,She was told it was not her time; shown her newborn son and told her decision would greatly affect his life; she states she must finish what she promised and has tried to help others and give the best of herself.,"'At last, I have returned home, my God this is my home.'; 'Doctor, she has a pulse.'"
Rachel Probable NDE 4918,nderf,data\nderf\02517_rachel-probable-nde-4918.json,2,no,no,not_mentioned,spiritual_realm,yes_explicit,not_mentioned,no,no_reason_given,no,no,,"“I heard what sounded like snap of finger I felt a release of something inside of me and it is then that I saw a white form come out of me…”; “absolute deadly silence and peace such as I have never experienced here on earth.”; “I again felt pushed, slammed back into my body.”"
Tatyana R NDE 4803,nderf,data\nderf\02435_tatyana-r-nde-4803.json,2,not_mentioned,not_mentioned,not_mentioned,spiritual_realm,implied,not_mentioned,not_mentioned,not_mentioned,not_mentioned,not_mentioned,,"“I was moving through a narrow and somewhat dark hallway.” “The light was ultra-white and bright.” “I knew what had happened; it seemed I knew everything.” “I had no body weight, no emotional attachments, only the ultimate Peace.” “I was home.”"
Ana G NDE 2167,nderf,data\nderf\00603_ana-g-nde-2167.json,2,no,no,not_mentioned,spiritual_realm,yes_explicit,none,no,family_responsibility,no,no,,"“No, my God, not yet. My children need me,” and “Mommy, what's happening to you mommy?”"
Oliver V NDE 6325,nderf,data\nderf\03077_oliver-v-nde-6325.json,2,no,no,not_mentioned,spiritual_realm,implied,not_mentioned,no,not_your_time,no,no,,"“It is not your time, yet” / “I was an observer without a physical body, bathed in pure elation in the midst of this Love.” / “Going back into my body was extremely painful.”"
Susan S Probable NDE 6298,nderf,data\nderf\03058_susan-s-probable-nde-6298.json,2,no,no,not_mentioned,spiritual_realm,yes_explicit,not_mentioned,no,not_your_time,no,no,,"“you can choose to come with me if you wish, but it is not your time yet”. “I had no form; I was just 'me'.” “I felt completely at peace, like I was 'coming home'.”"
Jill J NDE 6274,nderf,data\nderf\03034_jill-j-nde-6274.json,2,no,no,not_mentioned,spiritual_realm,implied,not_mentioned,no,family_responsibility,no,no,,"""my heart was not compatible with living""; ""Jesus was beside me, holding me like a child""; ""I heard, tasted, saw, felt and smelled the universe."""
Kathy M Probable NDE 6271,nderf,data\nderf\03029_kathy-m-probable-nde-6271.json,2,no,no,not_mentioned,spiritual_realm,yes_explicit,none,no,not_your_time,implied,no,Told it was not yet her time and she had a lot to achieve/learn/do and grow in this lifetime.,“I would remain aware and 'conscious' as I continued to expand infinitely to the very ends of the universe so that my mind and soul would literally be subsumed and I would become 'one' with the entire cosmos.”
Chris V NDE 6258,nderf,data\nderf\03022_chris-v-nde-6258.json,2,no,no,not_mentioned,spiritual_realm,implied,not_mentioned,no,not_your_time,no,no,,"“God, I'm ready to go home!” / “you're not ready yet” / “I'm not ready yet.” / “help me.” / “Life is Love.”"
Natalie S NDE 6246,nderf,data\nderf\03006_natalie-s-nde-6246.json,2,yes_explicit,not_mentioned,not_mentioned,not_mentioned,implied,not_mentioned,not_mentioned,earthly_mission,yes_explicit,implied,"Requested to return because her ""particular skills with energy were needed"" and would be effective only while ""present in a body within the earth vibration""; agreed on ""specific tasks"" and that the Gathering would provide ""certain assistance"".","""I’ll call this instantaneous movement 'blinking' from one place to another""; ""addressing thousands of white-robed beings or personalities""; ""All communication was accomplished through thought.""; ""From the physical perspective, this state lasted an equivalent of centuries within less than a moment.""; ""Then I simply took a deep breath and popped back into the body. All I heard was a 'pop'."""
Herman V NDE 6227,nderf,data\nderf\02987_herman-v-nde-6227.json,2,not_mentioned,not_mentioned,not_mentioned,spiritual_realm,implied,not_mentioned,not_mentioned,no_reason_given,no,no,,'we lost him'; 'so this is what it's like to be dead.'; 'home'; 'Welcome back. We thought we'd lost you.'
Jean R NDE 6166,nderf,data\nderf\02932_jean-r-nde-6166.json,2,implied,not_mentioned,not_mentioned,spiritual_realm,not_mentioned,not_mentioned,no,family_responsibility,implied,no,Emphasis on living by love/relationships and “walk the walk… loving and caring for each other… Take care of each other whenever you can.”,"“I went through a light… totally saturated in unconditional love.”; “I felt what they felt in my relationship with them.”; “No one was judging me… only my own reactions to it all.”; “asked if I wanted to come home… or… come back here.”; “They all are. Each religion is a pathway trying to reach the same place.”; “You have done well, My Child, and I am pleased.”; “I do not fear death… I know I will someday go ‘home’, and it is there not here.”"
Sue C NDE 6159,nderf,data\nderf\02927_sue-c-nde-6159.json,2,not_mentioned,not_mentioned,not_mentioned,spiritual_realm,yes_explicit,not_mentioned,not_mentioned,family_responsibility,no,no,,"""The answer lies over the rainbow""; ""Go over""; ""You can stay here as long as you want""; ""This is the source""; ""Everyone is connected to the source. We come from the source, we return to the source""; ""You cannot return to where you were if you stay""; ""You can return later""; ""Here? This time? Seriously?"""
Ahmed B Possible NDE 16059,nderf,data\nderf\02906_ahmed-b-possible-nde-16059.json,2,no,no,not_mentioned,spiritual_realm,yes_explicit,not_mentioned,no,other,no,no,,"“you will come out within ten days and you will not stay more than ten days.”; “it belongs to another man, I hated it.”; “I will go to hell, because I was not in prayer.”; “I am just a visitor from that world, the real world.”"
Karen NDE 6120,nderf,data\nderf\02896_karen-nde-6120.json,2,yes_explicit,not_mentioned,not_mentioned,spiritual_realm,not_mentioned,not_mentioned,not_mentioned,not_your_time,not_mentioned,not_mentioned,,"“I knew that I was very sick and felt 'stuck' between life and death.” “I felt like I was 'light', not weightless but actual light.” “It felt like I was somewhere I knew and it was where I belonged.” “Yes, I am not finished”."
Donna NDE 6008,nderf,data\nderf\02834_donna-nde-6008.json,2,no,no,not_mentioned,spiritual_realm,implied,not_mentioned,no,no_reason_given,no,no,,"“suddenly and seamlessly I was over my body up near the ceiling.” / “I felt like I was going home…” / “Suddenly, I hit an invisible wall, and I felt like I was slammed back into my body.”"
Kelly D NDE 5323,nderf,data\nderf\02800_kelly-d-nde-5323.json,2,no,no,not_mentioned,spiritual_realm,yes_explicit,not_mentioned,no,family_responsibility,implied,no,"Understood 'Mary' to mean her little sister Mary Elizabeth, who would need her as legal guardian.","“I had been spiritually catapulted right through my neck and into the embrace of Mary, the Mother of God.”; “I cannot describe the utter joy and peace.”; “I felt safe, free and certain that this was the gateway to Heaven.”; “All is well, and all that shall be shall be well.”; “I wanted to stay there forever.”; “At once… I was back in my car.”; “This was the most important experience of my life.”"
Donna K FDE 22536 NDE 22536,nderf,data\nderf\02799_donna-k-fde-22536-nde-22536.json,2,implied,not_mentioned,not_mentioned,not_mentioned,implied,not_mentioned,not_mentioned,other,implied,no,Had to return 'for change.',"“I am not ‘me, that is just the body I am currently residing in.” “I saw my birth, and every moment of my life concurrently.” “I had to ‘re-learn’ all the ‘laws’ of the planet earth; gravity was very, very difficult to adjust to.” “Is this the life I chose? Are YOU the person I chose?”"
Karen G Mother NDE 5304,nderf,data\nderf\02788_karen-g-mother-nde-5304.json,2,no,no,not_mentioned,spiritual_realm,implied,not_mentioned,no,family_responsibility,no,no,,“SLAMMED” (back into her body); “flat lined for 4 minutes”; “It was like an openness; an awakening that her brain registered as a light.”; “like going home.”
John K NDE 6377,nderf,data\nderf\03119_john-k-nde-6377.json,2,no,no,not_mentioned,spiritual_realm,yes_explicit,not_mentioned,no,other,no,no,,"“Then I seemed to jump, in some way, above all Creation in the Presence of God. The Light was so bright and infusing I thought that it was power. Then I realized that it was Love.”"
Robyn O NDE 6371,nderf,data\nderf\03113_robyn-o-nde-6371.json,2,no,no,not_mentioned,spiritual_realm,yes_explicit,none,no,no_reason_given,no,no,,"“It was black, enormous and I was everything, everywhere.” “I felt embraced, cradled, but free and open.” “I started flying backward thru a tunnel.” “lights of every color… I could feel the vibration of the colors and hear the music of each color.” “I cannot fear death, for myself or for anyone.”"
Mariana H NDE 6306,nderf,data\nderf\03100_mariana-h-nde-6306.json,2,no,no,not_mentioned,spiritual_realm,implied,not_mentioned,no,no_reason_given,no,no,,“What’s happening? What is this? Is this death?”
Lori E STE/SOBE 22717 NDE 22717,nderf,data\nderf\03098_lori-e-ste-sobe-22717-nde-22717.json,2,no,no,not_mentioned,spiritual_realm,implied,not_mentioned,no,not_your_time,no,no,,"“I didn't see my hands or feet, I just felt like I was a being of pulsating energy”; “There was absolutely NO judgment attached to it”; “It was God… it was MINE! It was MY voice!”; “I suddenly knew that I was part of the universe! I was not separate!”; “I was told I couldn't enter that realm just yet… reserved for when my life expired on earth.”"
Nash J NDE 2568,nderf,data\nderf\00824_nash-j-nde-2568.json,2,not_mentioned,not_mentioned,not_mentioned,spiritual_realm,yes_explicit,not_mentioned,not_mentioned,not_mentioned,not_mentioned,not_mentioned,,"“Pulled into a great blue light, I found myself without body, without anything but consciousness, sitting within… God.”"
Terry M NDE 2551,nderf,data\nderf\00820_terry-m-nde-2551.json,2,no,no,not_mentioned,spiritual_realm,implied,none,no,not_mentioned,not_mentioned,not_mentioned,,"""The light was all about me, but I was not distinct from it."" / ""In the light is only where I ever felt complete and not separated."" / ""Space and time were of no value."""
Gary D NDE 2428,nderf,data\nderf\00742_gary-d-nde-2428.json,2,implied,not_mentioned,not_mentioned,spiritual_realm,not_mentioned,not_mentioned,no,other,yes_explicit,no,"Jesus: ""I have work to do through you one day."" Also told him: ""You will have a long life.""","""You have to decide if you want to go or come with us."" / ""That is my funeral isn't it?"" (Guide: ""Yes."") / Jesus: ""You must decide if you're coming with us or would like to go back."" / ""I have work to do through you one day."" / ""You will have a long life."""
HB NDE 2445,nderf,data\nderf\00740_hb-nde-2445.json,2,no,no,not_mentioned,spiritual_realm,yes_explicit,none,no,not_mentioned,no,no,,"“It felt like coming home.” “You will remember nothing of this,” “Then I breathed and that was incredible. It felt like the universe expanding in me.” “All of a sudden, someone turned on the volume.”"
TJ NDE 2410,nderf,data\nderf\00723_tj-nde-2410.json,2,no,no,not_mentioned,spiritual_realm,yes_explicit,not_mentioned,no,family_responsibility,not_mentioned,no,,"“It is not your time to cross. If you cross over, you cannot go back.” / “Thank you for choosing,” / “Do you know who these children are?”"
Daniel RS NDE 2364,nderf,data\nderf\00706_daniel-rs-nde-2364.json,2,not_mentioned,not_mentioned,not_mentioned,spiritual_realm,yes_explicit,not_mentioned,not_mentioned,other,not_mentioned,not_mentioned,,"""I suddenly felt absorbed into a dark tunnel that carried me upward.""; ""I no longer had a body. I was pure vision.""; ""All this dialog was communicated in thoughts.""; ""It was as if a thousand atomic bombs exploded in front of you.""; ""I long for the other world, my original home."""
Nicholas P NDE 2319,nderf,data\nderf\00676_nicholas-p-nde-2319.json,2,yes_explicit,not_mentioned,not_mentioned,not_mentioned,yes_explicit,not_mentioned,not_mentioned,not_mentioned,implied,not_mentioned,"The Light told him: 'You have chosen an experience, you wish to live, and it is far from over.' He also reported gaining knowledge about his purpose but declined to describe it.","'No Nick you can't die you were never born.'; 'I am the great I am.'; 'There is a golden thread in all religions and practices. I am the blanket and you are a thread of it.'; 'There is no hell. Hell is a lack of harmony. Heaven is harmony.'; 'You will have a child late in life. You will call him Quentin. It will be with the third woman.'; 'Religion is for people who are afraid of hell, spiritually is for people who have been there.'; 'The original sin is most people don't know they are a spirit having a human experience.'"
Desiree B NDE 2247,nderf,data\nderf\00637_desiree-b-nde-2247.json,2,no,no,not_mentioned,spiritual_realm,yes_explicit,not_mentioned,no,not_your_time,implied,no,"For now, I have a task still to accomplish here below.","""I felt completely welcomed, as if coming home after a long trip away."" ""I was given to know that it was not my time."" ""He sees everything you are and knows that you are good."""
Sam P NDE 2261,nderf,data\nderf\00634_sam-p-nde-2261.json,2,implied,not_mentioned,not_mentioned,spiritual_realm,not_mentioned,not_mentioned,no,no_reason_given,not_mentioned,not_mentioned,,"'The sensation was as of a piece of a metal being swept into a magnet.'; 'I was returning home.'; 'I left and returned to my body, which seemed as if I were putting on soiled clothes.'; 'This world is entirely about love.'"
Diane G NDE 175,nderf,data\nderf\00622_diane-g-nde.json,2,not_mentioned,not_mentioned,not_mentioned,spiritual_realm,implied,not_mentioned,not_mentioned,not_your_time,yes_explicit,no,"Told that if she chose to go back, she would be given certain knowledge to take back with her to share with others.","""oh, my god, I'm dead!""; ""total knowledge of reality appeared to me and I saw the multi-dimensionality of the universe""; ""a feeling of love so profound... as pure Bliss""; ""traveling rapidly through a vortex toward a beautiful white light""; ""remembering that I was going home""."
Joel B NDE 2181,nderf,data\nderf\00611_joel-b-nde-2181.json,2,not_mentioned,not_mentioned,not_mentioned,spiritual_realm,yes_explicit,not_mentioned,not_mentioned,not_your_time,implied,no,"Told he ""had many more things to do"" and gained the sense ""we are all connected"" and there is ""one source, or creator.""","""I felt like I popped out of the tunnel and fell into this white light... It seemed like a container of light but without any end or borders.""; ""I saw what I believe to be Jesus. He was in a white robe that was dripping in pure gold.""; ""I felt like I was home."""
Talia NDE 2195,nderf,data\nderf\00606_talia-nde-2195.json,2,not_mentioned,not_mentioned,not_mentioned,spiritual_realm,yes_explicit,not_mentioned,no,earthly_mission,no,no,,“found myself in a vastness that was dark… close to jet blue.”; “The light was… directly behind me and comfortably so.”; “I didn't feel a body… but instead just consciousness.”; “'Tears in flame'”
Mukurarinda D NDE 6820,nderf,data\nderf\03399_mukurarinda-d-nde-6820.json,2,no,no,not_mentioned,spiritual_realm,implied,not_mentioned,no,earthly_mission,yes_explicit,no,"Jesus told the experiencer to return because 'There is something I want you to do.' Later, the experiencer reports being called 'to preach the truth (His Word) and tell people about the reality of the future life.'","A voice told me, 'Drink’... 'Like a vaccination drop, it fell in my mouth and my whole being was refreshed.'; 'Are you coming into heaven?'; 'Do you agree to have done this while on earth?'; 'I want you to go back to earth. There is something I want you to do.'; 'Don't you remember that you need to go back?'; Re-entering the body was 'like when you put your hand into your pocket.'"
Tonja BB NDE 6806,nderf,data\nderf\03392_tonja-bb-nde-6806.json,2,not_mentioned,not_mentioned,not_mentioned,spiritual_realm,implied,not_mentioned,not_mentioned,no_reason_given,no,no,,"“I left my stomach as an energy ball (I do not know how to describe it).” “I was finally home.” “That is a human word, but if it makes you feel comfortable, you may call us God.” “They made me come back.” “The meat jacket.”"
Deborah W NDE 6758,nderf,data\nderf\03367_deborah-w-nde-6758.json,2,no,no,not_mentioned,spiritual_realm,yes_explicit,not_mentioned,no,other,no,no,,"“I was floating, upward for a while, then just forward and there was so much to look at.”; “I realized I was in Heaven.”; “I was forced to stop by a very powerful, loving energy.”; “He’s the one who gave all of us free will yet he took away my free will when I was in Heaven.”; “I know there is nothing more important in this world than love and that love never dies.”"
Jenny S NDE 5449,nderf,data\nderf\03348_jenny-s-nde-5449.json,2,no,no,not_mentioned,spiritual_realm,implied,not_mentioned,no,not_mentioned,no,no,,"""But suddenly I saw myself from above laying underwater with my mouth and eyes wide open and thought, 'what a horrible sight!'""; ""Everything radiated an indescribable light and I was part of that light, everything was part of that light.""; ""I was just a dot but just as lively and at the same time as softly radiant as everything around me.""; ""my ex-friend told me suddenly that I had to go back.""; ""it became ice cold and dark as soot around and in me.""; ""I kept asking the rescue team WHY they had brought me back!"""
Bonnie C NDE 6713,nderf,data\nderf\03338_bonnie-c-nde-6713.json,2,not_mentioned,not_mentioned,not_mentioned,spiritual_realm,implied,none,no,family_responsibility,yes_explicit,no,"Told: if she ever speaks of this, give the message: “It's not complicated, don't make it so… We don't live and then die but we die and then live… Stop searching to answer the mystery when there isn't one.”","‘how can I do this surgery when I've just lost a patient?!’ / ‘oh. So I died… But, I'm not dead. Don't they know I'm not dead?’ / ‘don't say it’ / ‘Are you ready to come with us?’ / “It's not complicated, don't make it so… We don't live and then die but we die and then live.”"
Matt T NDE 6689,nderf,data\nderf\03327_matt-t-nde-6689.json,2,implied,implied,not_mentioned,not_mentioned,not_mentioned,not_mentioned,no,other,no,no,,"“go back, you don't have to come up here!”; “are you worthy of this level of existence?”; “Who wants to be born of alcoholic parents?”; “no, no, no!”"
Robyn NDE 6636,nderf,data\nderf\03291_robyn-nde-6636.json,2,no,no,not_mentioned,spiritual_realm,yes_explicit,not_mentioned,no,no_reason_given,no,no,,"'All went dark and weightless, an infinite bluish purple perhaps, and amazing sparkling particles connected everything. I was home.'; 'I zoomed to the ceiling and ‘faced’ all directions simultaneously.'; 'I knew everything that had ever and will ever exist in the universe.'; 'I would never again... fear death. Because there is no death!!!'"
Maya Probable NDE 6635,nderf,data\nderf\03290_maya-probable-nde-6635.json,2,no,no,not_mentioned,spiritual_realm,implied,not_mentioned,no,not_your_time,no,no,,"“The feeling was love, totally unconditional love that I've never felt before.” / “It felt like I was coming home.” / “It is not my time to come home yet… ‘Go and have fun. Go and have fun. Go and have fun.’”"
Joseph S NDE 6634,nderf,data\nderf\03289_joseph-s-nde-6634.json,2,yes_explicit,not_mentioned,not_mentioned,not_mentioned,yes_explicit,not_mentioned,not_mentioned,not_mentioned,not_mentioned,not_mentioned,,"“Everything about the universe and why we are here was downloaded or imprinted upon me.”; “It was if I had been living in a dark room and suddenly the lights came on.”; “The reason we are here is to love, to learn, to create and to grow. But mostly just to love.”; “It felt like I was swaddled in an eternal security blanket.”; “Time had no meaning there.”; “about ten to seven”."
Tyrone NDE 6597,nderf,data\nderf\03260_tyrone-nde-6597.json,2,no,no,not_mentioned,spiritual_realm,implied,not_mentioned,no,family_responsibility,implied,no,"Told he had ""much more to give"" and would ""change more lives for the positive""; also described as a ""positive force in a cold world.""","""Wow! This is home!""; ""You are giving up! You have never given up!""; ""No, go back to your family, now!"""
Nancy Probable NDE 6587,nderf,data\nderf\03256_nancy-probable-nde-6587.json,2,no,no,not_mentioned,spiritual_realm,yes_explicit,not_mentioned,no,family_responsibility,no,no,,"“I asked where I was and it replied that I was home.”; “I can't stay here, as I haven't seen my baby yet.”; “I just died. I'm back again now.”"
David NDE 6562,nderf,data\nderf\03240_david-nde-6562.json,2,not_mentioned,not_mentioned,not_mentioned,spiritual_realm,implied,not_mentioned,no,earthly_mission,implied,not_mentioned,Jesus: 'You promised you would do this. And you have much left to do.',Stephen: 'death is a lie men tell themselves. We never truly die.' Jesus: 'You promised you would do this. And you have much left to do.'
Josef P NDE 6546,nderf,data\nderf\03229_josef-p-nde-6546.json,2,no,no,not_mentioned,spiritual_realm,yes_explicit,none,no,earthly_mission,implied,no,Informed he had to go back because he had to do more on Earth; later lived trying to be helpful and an example of love.,"“It took me several moments to comprehend that the man was ME.” “Suddenly I got a feeling of freedom and peace!” “I was engulfed by the feeling of the extraordinary love.” “I didn't know how long I had been there, because there was no time there.” “Two or three sneezes and back to reality!” “my real home is there.”"
Rynne R Probable NDE 6472,nderf,data\nderf\03177_rynne-r-probable-nde-6472.json,2,no,no,not_mentioned,spiritual_realm,implied,not_mentioned,no,family_responsibility,yes_explicit,no,"Mimi told her: ""you have to go back, you have things to do and your Mother needs you.""","""Rynne, you have to go back, you have things to do and your Mother needs you.""; ""Everything is going to be OK, but you have to go back. There are things to do.""; ""I saw the front doors of Heaven""; ""There was no ego, nothing but love and warmth."""
Roberto P NDE 5420,nderf,data\nderf\03128_roberto-p-nde-5420.json,2,no,no,not_mentioned,spiritual_realm,yes_explicit,not_mentioned,no,no_reason_given,no,no,,"'Welcome! We have been waiting for you!'
'I am sorry but it has been decided otherwise.'"
Mira G NDE 6385,nderf,data\nderf\03122_mira-g-nde-6385.json,2,no,no,not_mentioned,spiritual_realm,implied,not_mentioned,no,no_reason_given,no,no,,"“The next thing I remember is being very happy and very safe.”; “I was in my spirit in the Polish countryside…”; “I was devastated because when I was outside of my body and in the Polish countryside, I was perfectly centered and I knew who I was and what I was capable of doing in life.”"
Kathryn H NDE 6975,nderf,data\nderf\03508_kathryn-h-nde-6975.json,2,no,no,not_mentioned,spiritual_realm,implied,not_mentioned,no,not_mentioned,implied,no,"She reports being ""meant to be here for some reason"" and to ""share it with others,"" ""make this beautiful world a better, more compassionate place,"" and ""let creativity flow through me.""","“On the spiritual plane, when I was unconscious, I felt a sense of being welcomed home: golden light, a sense of peace and quiet, and joy.” / “...being so light and bodiless and merging with all other beings into interconnectedness and non-differentiation.” / “we are already all One” / “I do not feel nearly as afraid of death.”"
Benita H Possible NDE 6916,nderf,data\nderf\03467_benita-h-possible-nde-6916.json,2,no,no,not_mentioned,spiritual_realm,yes_explicit,not_mentioned,no,not_your_time,no,no,,"“I realized I was lying on the ceiling. At first, I was scared but then it became a peaceful feeling. I wasn't hurting at all.”"
Tonya Z NDE 160,nderf,data\nderf\00601_tonya-z-nde.json,2,no,no,not_mentioned,spiritual_realm,implied,not_mentioned,no,no_reason_given,not_mentioned,no,,“this is a mistake!”; “It felt like I had arrived home from somewhere.”
Karen D NDE 154,nderf,data\nderf\00595_karen-d-nde.json,2,implied,no,not_mentioned,spiritual_realm,not_mentioned,not_mentioned,not_mentioned,no_reason_given,implied,not_mentioned,"After discharge, she felt she should go to the hospital to tell families not to leave loved ones in a coma because 'they can hear you.'","""Then I felt like I was just in the dark somewhere.""; ""He kept telling me that it was ok to die... to just give up.""; ""The light seemed to hold me, like someone carrying or cuddling me.""; ""I sincerely felt like I was back where I came from and knew it.""; ""I felt like where I was, was real and that the life part had all been a dream, a test or an experience."""
Gloria M NDE 2158,nderf,data\nderf\00586_gloria-m-nde-2158.json,2,no,no,not_mentioned,spiritual_realm,yes_explicit,none,no,no_reason_given,no,no,,"""Don't be afraid, we will hold you until it is all over. You are going to be all right. We will stay with you and hold you."""
Jim F NDE 2156,nderf,data\nderf\00584_jim-f-nde-2156.json,2,no,no,not_mentioned,spiritual_realm,implied,none,no,not_mentioned,implied,no,"Came away knowing he has a purpose; ""a primary part of that purpose is to love one another, and help one another experience the splendor of creation."" Also: he looks forward to returning to God ""when my mission here on earth is over.""","“Suddenly, I found myself floating near the ceiling of my bedroom, looking down at my motionless, lifeless body.” / “Words cannot possibly convey the overwhelming feelings that I was having.” / “Death no longer holds any fear for me!”"
Kim M NDE 2107,nderf,data\nderf\00542_kim-m-nde-2107.json,2,no,no,not_mentioned,spiritual_realm,yes_explicit,none,no,family_responsibility,implied,no,“Not yet. I have to finish my tasks on earth. To be with my family.”,“Not yet. I have to finish my tasks on earth. To be with my family. I will be back later.”
Wally T NDE 2056,nderf,data\nderf\00504_wally-t-nde-2056.json,2,not_mentioned,not_mentioned,not_mentioned,spiritual_realm,implied,not_mentioned,no,other,not_mentioned,not_mentioned,,"“There was a great lifting of my spirit, that this was my home that I really never left.” / “Time did not exist.” / “I saw the past, present and future as simultaneous.” / “And then I realized it was the ego. The personality!”"
Ruth NDE 2038,nderf,data\nderf\00491_ruth-nde-2038.json,2,not_mentioned,not_mentioned,not_mentioned,spiritual_realm,implied,not_mentioned,not_mentioned,not_your_time,not_mentioned,no,,"""we have lost her now."" ""pure white LIGHT"" ""unconditional love and warmth"" ""it was not my time to stay there"" ""slammed back into my body in reverse"" ""Total peace and that I was finally at HOME."" ""They called themselves the Counsel"" ""soul recyclers"" ""I could see the silver cord"""
Shalom G NDE 10082,nderf,data\nderf\00448_shalom-g-nde-10082.json,2,not_mentioned,not_mentioned,not_mentioned,spiritual_realm,implied,not_mentioned,not_mentioned,earthly_mission,yes_explicit,no,"Mission stated as: 'To help Healers, Heal...'; to connect 'doctors, attorneys, priests, rabbis and peoples of ALL faiths' to help one another; 'Heal yourself through forgiveness, Love, prayer and mediation'; do it 'without greed or ego getting in the way'; 'BE PATIENT'.","'If this is death then there is nothing to fear.'; 'It's not your time, you must go back, you haven't completed your missions and purposes in life, yet'.; 'I am called by many names... you can call me BIG BROTHER, and I will call you, My Little Prince of Peace'.; 'To help Healers, Heal...'; 'BE PATIENT'."
James T NDE 10080,nderf,data\nderf\00432_james-t-nde-10080.json,2,no,no,not_mentioned,spiritual_realm,yes_explicit,not_mentioned,no,not_your_time,not_mentioned,no,,"“I simply became this perfect white light.” / “All of a sudden, I was on the ceiling looking back at my body.” / “It just revealed that I wasn't in normal space/time; I was somehow outside of it…” / “billions and billions of 'bit's' of light… this 'body of light', which is simply a more visual description of what we call God.” / “The instant I had that thought, I was hurled all the way back and slammed back into my body… (WHAM!!!)”"
Glenda H NDE 981,nderf,data\nderf\00422_glenda-h-nde.json,2,no,no,not_mentioned,spiritual_realm,yes_explicit,not_mentioned,no,other,implied,no,Told she still had to learn one of life's lessons.,"""Your life was not intended to be taken by another.""; ""Not at this time, soon you will be.""; ""We'll miss you, remember you, and also wait for you.""; ""You must leave or your soul will live in mysteries forever. Wake up and urinate."""
Ron A NDE 916,nderf,data\nderf\00383_ron-a-nde.json,2,no,no,not_mentioned,spiritual_realm,implied,not_mentioned,no,not_your_time,no,no,,"""He asked me if I wanted to stay with them and I said yes, realizing that nothing on earth was worth going back for.""; ""Then he told me that it was not my time and I must go back.""; ""As I'm leaving, I'm loosing the information I learned.""; ""Ron's dead."" / ""No, I'm not, I'm right here."""
Petra W NDE 6897,nderf,data\nderf\03453_petra-w-nde-6897.json,2,implied,not_mentioned,chose_mission,not_mentioned,not_mentioned,not_mentioned,not_mentioned,other,not_mentioned,not_mentioned,,"“She decided that I needed to be punished by having the devil beaten out of me.” / “In that exact moment, I found myself away from my body looking at the scene.” / “The tunnel was full of radiant light.” / “One of them was Archangel Mich'l.” / “I instantly knew that I had reached a crossroad.” / “...reminded me of my commitment why I wanted to come back to earth, wanting to fully integrate with myself and experience ascension.” / “...go back into the body of this child taking one big breath.”"
Sarah NDE 6863,nderf,data\nderf\03430_sarah-nde-6863.json,2,no,no,not_mentioned,spiritual_realm,implied,not_mentioned,no,no_reason_given,no,no,,“being forced back into my body.”; “put back in my body.”; “I feel like that comfort and love was ripped from me and I felt like I belonged there.”
Dr. Bell C NDE 16052,nderf,data\nderf\03401_dr-bell-c-nde-16052.json,2,implied,no,not_mentioned,spiritual_realm,not_mentioned,not_mentioned,no,other,implied,no,"He later states he believes his most important mission is to ""share my miracle recovery story"" and be a ""selected story teller.""","""The darkness is over. Welcome to the brightness,"" and ""There is no such thing as final judgment."""
Jennifer W NDE 7516,nderf,data\nderf\03843_jennifer-w-nde-7516.json,2,no,no,not_mentioned,spiritual_realm,yes_explicit,not_mentioned,no,no_reason_given,not_mentioned,not_mentioned,,"""Stars began to fall on the horizon and dropped into the sea."" ""When I looked up at the wave, it was suspended above me dripping droplets of water from its crest."" ""My spirit was taken in an instant to outer space and exploded into pure consciousness!"" ""Inviting and comforting... I knew without a doubt it was the entrance to heaven."" ""I was rudely blasted back into my body!"""
Dr. Jean Renee H NDE 7481,nderf,data\nderf\03816_dr-jean-renee-h-nde-7481.json,2,no,no,not_mentioned,spiritual_realm,implied,not_mentioned,no,not_your_time,no,no,,“It never occurred to me it was my body below.” “This union exceeded what I can explain.” “It's not my time yet.”
Janice G Probable NDE 7467,nderf,data\nderf\03809_janice-g-probable-nde-7467.json,2,no,no,not_mentioned,spiritual_realm,implied,not_mentioned,no,earthly_mission,yes_explicit,no,Told she had to go back because she had work to do; she was shown revelations and healing for people on earth and felt she needed to talk about the experience.,"""I'M ALIVE! I'M ALIVE!""; ""You have to go back, you have work to do.""; ""I understood what God meant when He said, 'I AM' and know that 'WE ARE.'"""
Genny H NDE 7462,nderf,data\nderf\03806_genny-h-nde-7462.json,2,no,no,not_mentioned,spiritual_realm,implied,not_mentioned,no,earthly_mission,yes_explicit,no,"Jesus told her: “My child, I have more work on earth for you to do for me,” and that he was going to send her back to that work.","“My child, I can not let you come in.” / “My child, I have more work on earth for you to do for me.” / “I know I'm in heaven.”"
Elle D NDE 7413,nderf,data\nderf\03772_elle-d-nde-7413.json,2,yes_explicit,not_mentioned,not_mentioned,not_mentioned,yes_explicit,none,no,not_mentioned,no,no,,"“I was suddenly in a place I can only describe as chaos: it seemed that everything that had ever happened, would ever happen, to all beings was happening at once and I was aware of all of it in detail.”; “When that happened, I found myself in a blissful realm, of supreme love and wisdom.”; “fear and resistance take us to a lower realm of experience, whereas, surrender was an important state to be in to gain access to the realm of what could be called the ‘clear light’.”"
Monika NDE 7398,nderf,data\nderf\03767_monika-nde-7398.json,2,no,no,not_mentioned,spiritual_realm,implied,not_mentioned,not_mentioned,not_your_time,no,no,,"“I was received with enormous love and no one in any way will judge me.” / “My inner feeling was that I ended up home.” / “Don’t you do it, it is still not your time.” / Doctors said she would be “a drooling vegetable.”"
Don D NDE 16073,nderf,data\nderf\03748_don-d-nde-16073.json,2,no,no,not_mentioned,spiritual_realm,yes_explicit,not_mentioned,no,no_reason_given,no,no,,"“Don’t worry, they can’t hurt you as long as you are with me” ; “you have to go back.”"
Sherrye KS Probable NDE 7246,nderf,data\nderf\03689_sherrye-ks-probable-nde-7246.json,2,no,no,not_mentioned,spiritual_realm,yes_explicit,none,no,not_your_time,implied,no,She was told there was 'much I had to see and learn first.','Come with me. We are having a worship service there.'; 'That's where I want to go. I want to go to Paradise.'; 'the children of the world' would be theirs.; 'Are you ready to meet the King?'; 'Wait here. I'll see if He is ready for you.'; 'This existence I returned to felt dirty and evil.'
Heidi C Probable NDE 7164,nderf,data\nderf\03630_heidi-c-probable-nde-7164.json,2,no,no,not_mentioned,spiritual_realm,implied,not_mentioned,no,no_reason_given,no,no,,"""I was bathed in it."" ""I felt like I was wrapped in Angel wings."" ""I had no physical body I just was."" ""I felt like I was home."" ""It was a gift from God."""
Abigail K Probable NDE 7163,nderf,data\nderf\03629_abigail-k-probable-nde-7163.json,2,no,no,not_mentioned,spiritual_realm,implied,not_mentioned,no,other,yes_explicit,no,"Return because she had more to do, specifically to have children, and to know about/bring awareness of the 'unspeakable love' she called God.",“Do you want to go forward or do you want to go back?”; “There is no need to breathe air. There is only love.”; “No I'm staying home!”
Silvia C Possible NDE 5462,nderf,data\nderf\03613_silvia-c-possible-nde-5462.json,2,no,no,not_mentioned,spiritual_realm,implied,not_mentioned,no,not_your_time,no,no,,"“I move out of my body as if I were inside a shell from which I'm going out.”; “this is not your time”; “I WANT TO BE IN THE WORLD OF SPIRITS, OF THE SOULS.”"
Beata M Probable NDE 7123,nderf,data\nderf\03602_beata-m-probable-nde-7123.json,2,no,no,not_mentioned,spiritual_realm,implied,not_mentioned,no,not_your_time,implied,no,She sensed she had 'work here first' before eventually going where she had been shown.,"'You just got here; don't know how to move yet.' / 'it was not the time' / 'light itself, no beginning or end'"
Sara J NDE 7089,nderf,data\nderf\03574_sara-j-nde-7089.json,2,no,no,not_mentioned,spiritual_realm,implied,none,no,earthly_mission,implied,no,"A strong voice told her she could not die and go there yet because there was something she had to do first, but it was not specified.","“There was an unbelievable feeling of peace and of ‘coming home’.” / “At one point, my whole life history flashed before my eyes…” / “...a strong voice telling me that I could not die and go there yet; there was something that I had to do in my life first…”"
Angelo G Probable NDE 5460,nderf,data\nderf\03568_angelo-g-probable-nde-5460.json,2,yes_explicit,not_mentioned,not_mentioned,not_mentioned,implied,not_mentioned,not_mentioned,family_responsibility,implied,no,"He says he wanted to return because of ""Felicia"" and stated: ""When I get back I want to create the 'Union of All religions of the Lord God our Father'"" to stop divisions; God says ""Beloved is the person who asks and dedicates his or her life to help people in their awakening. To help them remember and know they are ALL generated from me"".","“Everything I experienced… is almost impossible to describe in words.” / “We existed before creation… before the universe and life as we know it.” / “I was surrounded (like being hugged) by a huge indescribable love…” / God: “Son, look. Choose where you want to go” / “No, Father. I do not want to go. I want to go back because of Felicia.” / God: “Do you know what beloved means? Beloved is the person who asks and dedicates his or her life to help people in their awakening.” / “Suddenly, I found myself in absolute darkness with no external reference points…” / “FA FA FA…THER!…FATHER!” / God: “My Son, I wanted you to directly experience the terrible conditions in which those who 'are not' live…”"
Eruera M NDE 7053,nderf,data\nderf\03554_eruera-m-nde-7053.json,2,not_mentioned,not_mentioned,not_mentioned,spiritual_realm,yes_explicit,not_mentioned,not_mentioned,other,no,no,,"""The grass was me and I was the grass.""; ""The tunnel was dark in color but with love and care filling the void.""; ""It was as if I was crying and asking God to not return me. Then POP, I was back in my body."""
Sarah W Probable NDE 7003,nderf,data\nderf\03523_sarah-w-probable-nde-7003.json,2,no,no,not_mentioned,spiritual_realm,implied,none,no,earthly_mission,yes_explicit,no,"Jesus told her what to do on Earth: “Love and have fun,” and she saw “all the people I was going to save and bring to God.”","“This is your HOME and you can go anywhere you wish.” / “There is nothing you could do that could ever change the way God feels about you… God loves me.” / “Love and have fun.” / “the body needed to breathe, not YOU.”"
Marie S Possible NDE 7835,nderf,data\nderf\04052_marie-s-possible-nde-7835.json,2,not_mentioned,not_mentioned,not_mentioned,spiritual_realm,implied,not_mentioned,not_mentioned,not_your_time,yes_explicit,no,Beings told her she was shown this to demonstrate 'that there is something to believe in after death.',"“In the distance I saw a light, and I went back into the Light.” “I was immersed in this ocean of love.” “No, not now. It is not your time, and you will come back.”"
Cristina NDE 7826,nderf,data\nderf\04051_cristina-nde-7826.json,2,no,no,not_mentioned,spiritual_realm,yes_explicit,none,no,no_reason_given,no,no,,'I WANT TO GO BACK THERE.'; 'This earth is just a transitory place...'
John B NDE 7834,nderf,data\nderf\04050_john-b-nde-7834.json,2,no,no,not_mentioned,spiritual_realm,implied,not_mentioned,no,no_reason_given,no,no,,"“I feel connected to my body as if I were a kite tied to it, but I no longer feel the pain.” “It is as if I were a glove… being turned inside-out.” “I find myself in something that resembles a ‘tunnel of clouds.’” “Yes, this is where I belong.” “My first feeling was one of deep disappointment at being here again… I wanted go back to the warmth of the Light Being.”"
Laura NDE 7804,nderf,data\nderf\04032_laura-nde-7804.json,2,not_mentioned,not_mentioned,not_mentioned,spiritual_realm,implied,not_mentioned,not_mentioned,no_reason_given,not_mentioned,not_mentioned,,"""I felt my soul leave my body."" ""Suddenly, I was across the room watching the entire scene."" ""As I looked at the bright golden light... wondering if I should stay on earth or go Home."" ""I was being pulled back into my body."" ""I didn't want to come back because I was at such peace."""
William L NDE 7779,nderf,data\nderf\04022_william-l-nde-7779.json,2,no,no,not_mentioned,spiritual_realm,implied,not_mentioned,no,no_reason_given,no,no,,'All is well.'; 'being wrapped in a blanket of love.'; 'I was home and wanted to stay.'; 'Quick! What was I just repeating?'
Cristine H Experience 23053 NDE 23053,nderf,data\nderf\04019_cristine-h-experience-23053-nde-23053.json,2,no,no,not_mentioned,spiritual_realm,yes_explicit,not_mentioned,no,no_reason_given,no,no,,"“I began falling through a blackness that quickly turned into super fast moving streaks of brilliant, colored light.”; “I was through the tunnel and suddenly landed and watching the creation and birth of everything…”; “Here, my physical body was now completely gone. I was light…”; “There wasn’t the ticking of time passing and it would slow down or go backwards so that I could take every detail in.”; “I thanked God for letting me come here.”"
Fred B Ketamine 7748 NDE 7748,nderf,data\nderf\03995_fred-b-ketamine-7748-nde-7748.json,2,implied,not_mentioned,not_mentioned,spiritual_realm,not_mentioned,not_mentioned,no,no_reason_given,implied,not_mentioned,"A 'mission' on Earth was referenced (e.g., newscast said he was officially off 'my mission'; discussion that he had chosen a good/comfortable planet).",“It seems that life on planet Earth is a 'passage' and that I was coming back home.”; “cheater”; “we don't know what's happening”; “I was officially off 'my mission'”
Udaya N NDE 7711,nderf,data\nderf\03964_udaya-n-nde-7711.json,2,no,no,not_mentioned,spiritual_realm,yes_explicit,none,no,no_reason_given,no,no,,"“While floating through the black tunnel, all I felt was the joy of going somewhere I wanted to go.”"
Angela M Possible NDE 7663,nderf,data\nderf\03933_angela-m-possible-nde-7663.json,2,no,not_mentioned,not_mentioned,spiritual_realm,yes_explicit,not_mentioned,not_mentioned,no_reason_given,no,no,,"“Angela, close your eyes, relax and accept it.”; “I realized that I did not have a body! … I was pure consciousness.”; “I existed in the eternal moment of now, the eternal flow of life.”; “I knew that these portals were here to let people travel from the physical life to the spirit life and from the spirit life, back to Earth.”; “It was not your average demon, but one made of cardboard.”; “GOD, PLEASE HELP ME!”"
Bobby HR NDE 16075,nderf,data\nderf\03932_bobby-hr-nde-16075.json,2,not_mentioned,not_mentioned,not_mentioned,spiritual_realm,implied,not_mentioned,not_mentioned,not_mentioned,not_mentioned,not_mentioned,,"“It was as if I were viewing my body from around my head and above my body.” “The light felt fun and interesting, like the feeling you get as a child when you arrive at the playground and headed to play.” “Yes. They NEVER take their eyes off HIM.”"
Jayne S NDE 7610,nderf,data\nderf\03903_jayne-s-nde-7610.json,2,not_mentioned,not_mentioned,not_mentioned,spiritual_realm,implied,not_mentioned,no,earthly_mission,yes_explicit,no,"Heard a deep, prolonged voice say, 'TEACH' (drawn out: 't-e-e-e-a-a-a-c-c-c-h-h-h…'); later stated she was 'returned to my body with a divine purpose to teach.'","“I heard a loud bang as if heavy doors were slamming shut behind me and I felt such a great sense of relief.” “I felt I was bubbles, popping like effervescence in lemonade, and I was stretching for millions of miles.” “Love was all around, peace, and blissful-joy.” “I heard the sound of singing… musical tones that sounded like angels singing.” “In a split second I came to a place where there were lots of rainbows.” “I heard a deep, prolonged voice say, ‘TEACH’ only it sounded like ‘t-e-e-e-a-a-a-c-c-c-h-h-h…’.”"
Ana Cecilia G NDE 7572,nderf,data\nderf\03891_ana-cecilia-g-nde-7572.json,2,no,no,not_mentioned,spiritual_realm,yes_explicit,not_mentioned,no,other,yes_explicit,no,"She was told: 'Do everything that I have asked you,' but what was asked was not specified.","“Stay calm and go in peace. Do everything that I have asked you.”; “No! I don't want to return, Leave me in peace!”"
Alan S NDE 7581/9022 NDE 9022,nderf,data\nderf\03887_alan-s-nde-7581-9022-nde-9022.json,2,yes_explicit,not_mentioned,not_mentioned,not_mentioned,yes_explicit,not_mentioned,not_mentioned,earthly_mission,yes_explicit,no,"Tiger says, 'Now you have a task.'",'So this is what it’s like to die.'; 'You are about to die... if you choose to.'; 'Everyone is given a choice with no judgment passed either way.'; 'Now you have a task.'; 'I am nothing more nor any less than that which you already are.'; 'What can I do? I think he’s dead!'
Scott W NDE 7578,nderf,data\nderf\03885_scott-w-nde-7578.json,2,no,no,not_mentioned,spiritual_realm,implied,not_mentioned,no,not_your_time,not_mentioned,no,,"""I was home.""; ""Son, you must go back, it’s not your time.""; ""My son, do not fear, you will not be alone and I will take care of you.""; ""We don’t get judged here. We don’t suffer here."""
Yvonne N Probable NDE 7527,nderf,data\nderf\03853_yvonne-n-probable-nde-7527.json,2,no,no,not_mentioned,spiritual_realm,yes_explicit,not_mentioned,no,other,no,no,,“The multitude is petitioning for you.” / “The petition is granted.” / “It was unspeakably beautiful all around me.” / “It felt like ‘home’ in a way I can’t describe.” / “I realized that it wasn't as real as where I was now.” / “I was in heaven!”
Leonard K NDE 7526,nderf,data\nderf\03852_leonard-k-nde-7526.json,2,not_mentioned,not_mentioned,not_mentioned,spiritual_realm,yes_explicit,not_mentioned,no,family_responsibility,no,no,,"“I couldn’t feel my body because I was separated from it.” / “God, please make them stop!” / “I think he was an angel.” / “God is love, we are all his children.” / “You should not care about the events of the world. What you have seen will happen, and it will happen because it must.” / “Mother… asked me if I wanted to stay in heaven, or if I wanted to return to my life on earth.” / “Grandma! I met your mother!” / “Behold my son, of whom I am proud!”"
Martin W NDE 8303,nderf,data\nderf\04349_martin-w-nde-8303.json,2,no,not_mentioned,not_mentioned,spiritual_realm,yes_explicit,not_mentioned,not_mentioned,not_mentioned,implied,no,"He reports being ""educated"" and later transmitting/sharing what he learned; the light being said he would ""go on"" to experience what had been ""previously decided.""","""I floated in a warm, soft sea of light that consisted of glistening and vibrating colored crystals.""; ""I was dead for 8 minutes.""; ""We have two bodies!""; ""Death is only a transition into other and higher dimensions of life.""; ""It felt like coming home.""; ""We spoke without words to each other through radiation...""; ""Now you are going to go on because you are to experience that which has been previously decided."""
Brian K Possible NDE 8300,nderf,data\nderf\04347_brian-k-possible-nde-8300.json,2,yes_explicit,not_mentioned,not_mentioned,not_mentioned,implied,not_mentioned,no,not_mentioned,not_mentioned,not_mentioned,,"""I had this feeling of leaving my body as I saw the room from the ceiling."" ""It was as if I were immersed in a pool of black water that was much thicker than water."" ""This strange place was more like that of a deep black space... a...nonplace."""
Karen T NDE 8250,nderf,data\nderf\04317_karen-t-nde-8250.json,2,implied,no,not_mentioned,not_mentioned,yes_explicit,not_mentioned,no,family_responsibility,no,no,,"“That’s not Jesus!”; “peace that passeth all understanding”; Surgeon: “How did you know that?”; Gynecologist: “That was YOU! I was in the adjacent operating room that day and heard all hell breaking loose in there. The air was blue for a while, I can tell you !”"
Marie DB NDE 8219,nderf,data\nderf\04297_marie-db-nde-8219.json,2,no,no,not_mentioned,spiritual_realm,implied,not_mentioned,no,earthly_mission,implied,no,Belief that she was made to come back because she 'still [has] things to do in this life.',"“I saw myself leaving my body through the top of my head.” “It was me without being me.” “I saw the light, but I also was the light.” “I felt that I was surrounded by hierarchies of angels!” “Death doesn't exist because we when we leave this world, we go to a new world of love.”"
Katherine L NDE 8213,nderf,data\nderf\04294_katherine-l-nde-8213.json,2,no,no,not_mentioned,spiritual_realm,implied,not_mentioned,no,earthly_mission,yes_explicit,no,She “must choose action instead of inaction” and “behave in a way that would help bring more awareness and love to the world.”,“I was out of my body but not seeing with my eyes.”; “I remember floating toward a light.”; “I reviewed my life like a movie except that I could pause it and zoom into… important times… from multiple perspectives.”; “there was no concept of untruth or lies there.”; “Time was now…”; “unconditional positive regard.”; “I could not go deeper into this city.”; “greener than green is on earth.”
Wilson FDE 8200 NDE 8200,nderf,data\nderf\04284_wilson-fde-8200-nde-8200.json,2,yes_explicit,no,not_mentioned,not_mentioned,yes_explicit,not_mentioned,no,not_mentioned,no,no,,"“Words, even the most carefully chosen words, capture no more than 1% of this experience at best.”
“The wheel WAS reality, itself. It represented EVERY CONCEIVABLE POSSIBILITY for a life or for a world…”
“I had seen the object before I was born and I will see it again when I die.”
“I was the ALL, and knew the ALL.”
“One way or another, I WOULD be ‘sorted’ whether I liked it or not.”"
Joseph S NDE 8190,nderf,data\nderf\04277_joseph-s-nde-8190.json,2,no,no,not_mentioned,spiritual_realm,yes_explicit,not_mentioned,no,no_reason_given,not_mentioned,not_mentioned,,"""The best that I can explain it is that I was home.""; ""Light was everywhere, but it didn't seem to have a source.""; ""I felt all knowledge or truth. I could feel the infinite. I was infinite.""; ""I believe I relived my entire life in one instance. Everything seemed to be revealed to me at once."""
Vincent H NDE 8148,nderf,data\nderf\04249_vincent-h-nde-8148.json,2,not_mentioned,not_mentioned,chose_parents,spiritual_realm,not_mentioned,not_mentioned,not_mentioned,not_mentioned,not_mentioned,not_mentioned,,"“Below me I see, loads of people working on a stretched out form that I recognize with surprise, that's I...”; “Immersion... This tunnel... This light.”; “I was not dead, but just a simple visitor, a simple experiencer...” ; “I have the impression to come back at home into my country…”; “I saw beyond walls, beyond and through matter; I felt the thoughts of the people…”; “Knowledge is pouring in a single moment; I understood everything about everything…”"
Karen M NDE 8141,nderf,data\nderf\04244_karen-m-nde-8141.json,2,implied,not_mentioned,not_mentioned,not_mentioned,yes_explicit,not_mentioned,no,earthly_mission,yes_explicit,no,Told her lessons were not complete; she had much to learn and much to teach others; she was needed; must remember she is not alone.,“I was simply nothing and everything all at once.” “They called me their beloved daughter and said that I had a choice to make.” “Time no longer existed.”
Pearler NDE 8098,nderf,data\nderf\04217_pearler-nde-8098.json,2,not_mentioned,not_mentioned,not_mentioned,spiritual_realm,implied,not_mentioned,not_mentioned,earthly_mission,yes_explicit,not_mentioned,"Jesus said, 'You have not done what you said you would do and you must go back.' Afterward he became a chaplain and reports healing people and animals.","'Oh my God, it is real! It's true and I am here!'

'You have not done what you said you would do and you must go back.'

'You will come here. You do get to come here, but not yet. Not now. I'm sorry.'

'We got him. My God, he's awake!'"
Lucie F Possible NDE 8040,nderf,data\nderf\04178_lucie-f-possible-nde-8040.json,2,no,no,not_mentioned,spiritual_realm,yes_explicit,not_mentioned,no,not_mentioned,no,no,,"""I was floating above myself... tied to my body with a thick thread like a cord."" ""A bright white light appeared... captivating and full of love."" ""My 'living me' regained life when I integrated into my body through my head; my brain, the eyes and ears, and respiration."""
Steven D NDE 7981,nderf,data\nderf\04141_steven-d-nde-7981.json,2,implied,yes_explicit,not_mentioned,not_mentioned,not_mentioned,not_mentioned,no,not_mentioned,no,no,,"'If you listen to Thomas, seek out Thomas...'; 'Do you understand??'; 'What would be your idea of heaven?'"
Rick I NDE 7963,nderf,data\nderf\04128_rick-i-nde-7963.json,2,implied,not_mentioned,not_mentioned,spiritual_realm,not_mentioned,not_mentioned,no,other,implied,no,Told he still had 'things to do.',"'I'M HOME!! I finally made it back to where I started!!' ; 'Ricky, you have things to do still.' ; 'I never really saw anything, just felt it.'"
Sharon M NDE 7925,nderf,data\nderf\04107_sharon-m-nde-7925.json,2,no,not_mentioned,not_mentioned,spiritual_realm,yes_explicit,not_mentioned,not_mentioned,not_mentioned,no,not_mentioned,,"'What you put out into the universe will come back to you'. 'What would you do if it were just me and you?' 'God, You made me, you are in me, so when I look in the mirror, I see you.'"
Andreas Probable NDE 7912,nderf,data\nderf\04096_andreas-probable-nde-7912.json,2,no,no,not_mentioned,spiritual_realm,yes_explicit,not_mentioned,no,not_mentioned,no,no,,"""I could see my body below me."" / ""Hey I know this feeling, it feels like home"" / ""I was an infinitely tiny dot of nothingness. Yet I was conscious in the nothingness."" / ""I could 'see' my own heart pumping blood and fighting relentlessly."""
Philip S NDE 7855,nderf,data\nderf\04065_philip-s-nde-7855.json,2,no,no,not_mentioned,spiritual_realm,implied,none,no,not_your_time,implied,no,He was told to 'try to show the unconditional love for the people you meet' and not to fear mistakes; also 'Don't be afraid if people believe in me or not... let me handle... judging.',"'My life is over lord, it is in your hands now!'

""My child, why are you here? It is not your time to be here, I have to send you back!""

""Don't be afraid when you return back to Earth and make mistakes, just live your life the best way you can and try to show the unconditional love for the people you meet...""

""I can't get his pulse! He has no pulse! Oh, wait he has a pulse now."""
Abby Jo O NDE 8650,nderf,data\nderf\04564_abby-jo-o-nde-8650.json,2,no,not_mentioned,not_mentioned,spiritual_realm,yes_explicit,not_mentioned,not_mentioned,family_responsibility,implied,no,Implied obligations/agreements: returning so that “many people…depending on you” would not be disappointed; a knowing of at least one child “waiting for a body” she needed to provide; finish what was started and balance karma.,"“Thank you for escorting him. Someone will meet with you shortly. Wait here.” / “you can. You have free will. You can do what you choose to do. But if you stay here now, many people who have been waiting a very long time for you, and who are depending on you, will be disappointed…” / “things will get better”"
Holly P NDE 8633,nderf,data\nderf\04554_holly-p-nde-8633.json,2,no,not_mentioned,not_mentioned,spiritual_realm,yes_explicit,not_mentioned,not_mentioned,not_your_time,implied,no,"Had a strong feeling of returning for a reason, but doesn't know what it is.","“I was pulled from my body, not swiftly, but rather slowly and entered what can best be described as cold, heavy darkness.” “Then a flood of light enveloped me…” “Pure love, contentment and complete acceptance. This was home, I wanted to stay.” “I recall a profound sense of loss.”"
Gary F NDE 8564,nderf,data\nderf\04518_gary-f-nde-8564.json,2,yes_explicit,not_mentioned,not_mentioned,spiritual_realm,not_mentioned,none,no,not_mentioned,no,not_mentioned,,“I went to a place where I had no body and drifted in space above a hard flat surface.”
Valeria Experience 8523 NDE 8523,nderf,data\nderf\04493_valeria-experience-8523-nde-8523.json,2,yes_explicit,not_mentioned,not_mentioned,spiritual_realm,not_mentioned,none,no,not_your_time,no,no,,"""Oh no! I am back here!""; ""I realized that the mind is a claustrophobic and painful prison.""; ""It seemed to me that I was at home, that place has been my home since ever."""
Laurie L NDE 8525,nderf,data\nderf\04489_laurie-l-nde-8525.json,2,yes_explicit,not_mentioned,not_mentioned,not_mentioned,yes_explicit,not_mentioned,no,earthly_mission,yes_explicit,no,Told she 'must go back and finish your work on Earth' and later concluded she was 'meant to heal others.',"'God please help me!'; 'You have arrived too soon, the time has not come yet for you to be here. You must go back and finish your work on Earth.'; 'I am Yahshael. I have been with you since the dawn of time, and I will be with you for eternity.'; 'You cannot cross the barrier.'"
Robin H NDE 8519,nderf,data\nderf\04485_robin-h-nde-8519.json,2,yes_explicit,not_mentioned,not_mentioned,not_mentioned,yes_explicit,not_mentioned,no,not_mentioned,no,not_mentioned,,"“I'm still here, I'm still here.”; “Actually, I was nothing but light.”; “I couldn't see anything but blinding light.”"
Chao Y NDE 8489,nderf,data\nderf\04467_chao-y-nde-8489.json,2,no,no,not_mentioned,spiritual_realm,yes_explicit,not_mentioned,no,not_mentioned,no,no,,"“I saw clearly that there was another ‘I’ lying on the bed.” “In a split second, I came through a tunnel and to a place filled with bright light that did not hurt eyes.” “On the contrary, I felt I was home.” “Suddenly, I was pull back into my body… like souls were ripped in some movie-scene.”"
Matteo C NDE 8447,nderf,data\nderf\04441_matteo-c-nde-8447.json,2,no,not_mentioned,not_mentioned,spiritual_realm,yes_explicit,not_mentioned,no,not_mentioned,no,not_mentioned,,"'Oh? I can breathe water!?' ; 'Surrounding us was the Wholeness, indescribable in its form.' ; 'It was an incomparable but soothing silence.'"
Keith R NDE 8435,nderf,data\nderf\04432_keith-r-nde-8435.json,2,yes_explicit,not_mentioned,not_mentioned,not_mentioned,yes_explicit,not_mentioned,not_mentioned,not_your_time,no,not_mentioned,,'It's not your time.'
Barb Z Probable NDE 8423,nderf,data\nderf\04424_barb-z-probable-nde-8423.json,2,implied,no,not_mentioned,not_mentioned,implied,none,no,other,no,no,,"“Get him out of here.” “Faster! We're losing her!” “Put her down, put her way down. I don't know what we're going to find in there!”"
Robbi J Possible NDE 8425,nderf,data\nderf\04423_robbi-j-possible-nde-8425.json,2,yes_explicit,no,not_mentioned,not_mentioned,yes_explicit,not_mentioned,no,not_your_time,no,no,,"“It is not your time, you are to be sent back.”; “Finally, I saw a TINY pin prick of bright LIGHT in the darkness.”; “I felt PURE LOVE as God embraced me in light.”; “I came into my body again in a flash of SHOCK.”"
Marie-Pierre C Possible NDE 8405,nderf,data\nderf\04410_marie-pierre-c-possible-nde-8405.json,2,no,not_mentioned,not_mentioned,spiritual_realm,implied,not_mentioned,not_mentioned,family_responsibility,yes_explicit,no,"She reports she was made to come back because her 7-year-old son ""had to experience an 'important' future"" and that ""it is my mission to be with him""; she also says she needed to ""elevate"" herself spiritually for her next lives.","“I felt an immense universal love and peace in me.”
“I felt like I was on a cloud, but also in the cloud and I was the cloud.”
“I was filled with a happiness that is not known on this earth.”
“communication was intuitive and not verbal.”
“I understood that up there was my refuge, my home.”
“It's more real than our reality on earth.”"
Merrideth H NDE 8401,nderf,data\nderf\04408_merrideth-h-nde-8401.json,2,implied,no,not_mentioned,not_mentioned,yes_explicit,not_mentioned,no,family_responsibility,no,no,,"“It was as if some part of me unconsciously remembered life without a physical body.” / “You have to go back inside your body. It's not your time to go yet.” / “if you don't, your daughter will be raised without any parents.” / “All of the sudden, I went speeding, faster than light and slammed HARD into my body.”"
Michael Probable NDE 8391,nderf,data\nderf\04402_michael-probable-nde-8391.json,2,yes_explicit,not_mentioned,not_mentioned,not_mentioned,implied,not_mentioned,not_mentioned,not_mentioned,not_mentioned,not_mentioned,,"“I have always loved you, I have always loved you...”"
Judy G NDE 8329,nderf,data\nderf\04364_judy-g-nde-8329.json,2,yes_explicit,not_mentioned,not_mentioned,not_mentioned,yes_explicit,not_mentioned,not_mentioned,earthly_mission,not_mentioned,not_mentioned,,"""It is his time to be born again. If not to you, then to someone else.""; ""Do you want to continue this life, or die?""; ""death was not an ending, but a wonderful opening to my real life.""; ""The LIGHT had Presence, Intelligence, and complete, pure, powerful LOVE."""
John D NDE 8328,nderf,data\nderf\04363_john-d-nde-8328.json,2,no,no,not_mentioned,spiritual_realm,yes_explicit,none,no,not_mentioned,no,no,,"""The next thing I remember was hovering about 10 feet in the air over my body.""; ""It was foggy, but not foggy. Hard to explain. It had no defined borders or colors.""; ""It felt like... not breathing was normal.""; ""I sat up and said, 'I can tell you.'"""
"Woman dies following childbirth and meets Jesus who says to care for everyone, even strangers",iands,data\iands\woman-dies-following-childbirth-and-meets-jesus-who-says-to-care-for-everyone-even-strangers.json,2,not_mentioned,not_mentioned,not_mentioned,spiritual_realm,yes_explicit,not_mentioned,not_mentioned,family_responsibility,yes_explicit,no,"Jesus ('Yashuah') told her she still had work to do and needed to go back; she later understood this as returning to remind everyone Heaven exists and Jesus is real, and to tell people to treat strangers as family and care about everyone.","“I honestly thought my insides had fallen out of me and I knew without any doubt that I was going to die!”; “I seemed to be in a room that had no ceiling and it was filled with the whitest light I have ever seen.”; “This part is hard to describe because it is completely un-describable.”; “I felt as though I’d come home!”; “He told me that I still had work to do and I couldn’t stay there, I needed to go back.”"
Woman dies but is given three messages that helped her when she returned to life,iands,data\iands\woman-dies-but-is-given-three-messages-that-helped-her-when-she-returned-to-life.json,2,not_mentioned,not_mentioned,not_mentioned,spiritual_realm,implied,not_mentioned,not_mentioned,family_responsibility,no,no,,“home”; “I was unconditionally loved.”; “everything is always how it’s supposed to be”; “everything would always be alright.”
Will S Probable NDE 8779,nderf,data\nderf\04649_will-s-probable-nde-8779.json,2,no,not_mentioned,not_mentioned,spiritual_realm,implied,not_mentioned,not_mentioned,no_reason_given,no,no,,"""I also knew I had been here before and that I was 'home'.""; ""The instant I thought 'yes,' I was back in my body.""; ""If I was using human eyes, I probably would not have been able to look at it."""
KC NDE 8766,nderf,data\nderf\04640_kc-nde-8766.json,2,yes_explicit,not_mentioned,not_mentioned,not_mentioned,yes_explicit,not_mentioned,not_mentioned,not_mentioned,not_mentioned,not_mentioned,,"""Mom, catch me""; ""I heard something similar to applause, or perhaps white noise""; ""The sound was pure static""; ""It looked as though I was on a stage with lights lining the edge""; ""I don't worry about death anymore, because I am certain now that I am not my body."""
Olivia F Probable NDE 8757,nderf,data\nderf\04633_olivia-f-probable-nde-8757.json,2,implied,no,not_mentioned,not_mentioned,implied,not_mentioned,no,not_your_time,not_mentioned,no,,"“I saw a white light and felt so much unconditional love.” “I asked, ‘Is this God?’ … the question was spoken with my mind.” “My mum told me she loved me so much and for me to go home because it is not my time yet.” “I know I will see them again and I'm not scared of dying now because we will all be together.”"
Gary G NDE 8751,nderf,data\nderf\04629_gary-g-nde-8751.json,2,no,not_mentioned,not_mentioned,spiritual_realm,yes_explicit,not_mentioned,not_mentioned,family_responsibility,no,no,,"“Gary, would you like to stay for eternal peace and happiness or go back?”"
Myriam O STE 8739 NDE 8739,nderf,data\nderf\04622_myriam-o-ste-8739-nde-8739.json,2,not_mentioned,not_mentioned,not_mentioned,spiritual_realm,implied,not_mentioned,not_mentioned,not_mentioned,not_mentioned,no,,"“Oops, there goes Myriam!”; “I was like a droplet of that gigantic mass of consciousness but in reality I was also that huge consciousness”; “I, little drop of consciousness, now free from the illusion, returned to where I have always belonged.”"
William R NDE 8726,nderf,data\nderf\04614_william-r-nde-8726.json,2,no,no,not_mentioned,spiritual_realm,yes_explicit,not_mentioned,no,earthly_mission,implied,no,Told he was 'a part of God's plan' and shown how each person affects others (domino-effect); said staying would require changing 'millions of events'.,"'Hurry, we must go!' / 'The dark ones are coming.' / 'No, no it is not yet your time.' / 'You are a part of God's plan.' / 'Your beliefs and your bible are not completely correct or complete, but they are the best you have and you must do the best you can with them.' / 'That is to serve as a reminder so that you will never forget what has happened.'"
Jenifer L Probable NDE 8709,nderf,data\nderf\04606_jenifer-l-probable-nde-8709.json,2,no,not_mentioned,not_mentioned,spiritual_realm,yes_explicit,not_mentioned,not_mentioned,not_your_time,no,no,,“NO! It's not your time. You must go back.” / “It felt PERFECT.” / “The only word I can best describe this light is the word 'beautiful.'”
Kerry B NDEs 8703 NDE 8703,nderf,data\nderf\04601_kerry-b-ndes-8703-nde-8703.json,2,no,not_mentioned,not_mentioned,spiritual_realm,yes_explicit,none,no,not_your_time,yes_explicit,not_mentioned,God said: 'You are my child. I love you. I love you. I love you. Go tell ‘em.',"“I’m gay, will you still love me?” / “You are my child. I love you. I love you. I love you. Go tell ‘em.” / “This is how I’m going to go out? Really?”"
Ashli NDEs 8696 NDE 8696,nderf,data\nderf\04596_ashli-ndes-8696-nde-8696.json,2,no,no,not_mentioned,spiritual_realm,implied,not_mentioned,no,earthly_mission,yes_explicit,no,"Told she had a spiritual job to complete on earth; described as being among souls whose job is to be God's witnesses, and that she must finish her work/journey.","“Goodbye old friend.” / “JESUS, SAVE ME, I’m scared!!” / “Don’t you even know who you are?” / “YOU ARE MY CHILD AND I LOVE YOU.”"
Sabine G NDE 8685,nderf,data\nderf\04591_sabine-g-nde-8685.json,2,no,not_mentioned,not_mentioned,spiritual_realm,implied,not_mentioned,no,no_reason_given,no,no,,“Going out of my body was like waking up. Life down here seems like a dream or a game.”
Cathy L Probable NDE 8675,nderf,data\nderf\04583_cathy-l-probable-nde-8675.json,2,yes_explicit,not_mentioned,not_mentioned,not_mentioned,yes_explicit,not_mentioned,not_mentioned,family_responsibility,no,not_mentioned,,"""Then I heard extremely loud, beautiful music that has no words to describe it."" / ""It was just darkness."" / ""I felt like I was in universal knowledge and expanded to understand so much."" / ""Then I had a knowing that told me to wake up NOW for my daughter."" / ""I felt compressed into my body."""
Beverly F Possible NDE 8667,nderf,data\nderf\04579_beverly-f-possible-nde-8667.json,2,yes_explicit,no,not_mentioned,not_mentioned,implied,none,no,not_mentioned,no,no,,"'Wow, I can see that.'; 'Okay, let's close up now.'; 'Why can I hear them? Why am I in here awake?'"
Sandra M NDE 8659,nderf,data\nderf\04571_sandra-m-nde-8659.json,2,no,no,not_mentioned,spiritual_realm,yes_explicit,not_mentioned,no,family_responsibility,no,no,,"“I screamed for him in a panic, but the words that came out - it was energy.” / Cook: “She wasn’t moving. I thought she was gone!” / “It’s reality and this life is like playing a game of monopoly. It is real but not reality, just a small recreation of reality.”"
Matthew S NDE 8655,nderf,data\nderf\04568_matthew-s-nde-8655.json,2,not_mentioned,not_mentioned,not_mentioned,spiritual_realm,yes_explicit,not_mentioned,no,not_your_time,not_mentioned,not_mentioned,,"""Have the parents have been notified? Has an ambulance was dispatched?""; ""Have you remembered home.""; ""Love is all there is.""; ""It seemed like heaven is right here within arm's length."""
Douglas T NDE 8845,nderf,data\nderf\04677_douglas-t-nde-8845.json,2,yes_explicit,not_mentioned,not_mentioned,not_mentioned,implied,not_mentioned,no,not_your_time,yes_explicit,no,Jesus told him: 'tell them about me' / to tell people on earth that Jesus/God is real.,Jesus: 'if want to enter here you have to change.' 'you have to go back it's not your time yet.' 'tell them about me.'
Sandi A NDE 8822,nderf,data\nderf\04669_sandi-a-nde-8822.json,2,yes_explicit,not_mentioned,not_mentioned,not_mentioned,implied,not_mentioned,not_mentioned,not_mentioned,not_mentioned,not_mentioned,,"“I saw everything, despite my eyes being closed.”; “I saw darkness that felt so dark and evil.”; “I feel like I have been shoved into a body that is no longer my own.”; “it isn't real.”"
Pamela H NDE 8821,nderf,data\nderf\04668_pamela-h-nde-8821.json,2,no,not_mentioned,not_mentioned,spiritual_realm,yes_explicit,not_mentioned,not_mentioned,earthly_mission,implied,no,"Told her ""your purpose wasn't fulfilled"" / ""Your time is not up yet. You have to go back.""",“She's not dead! She's Not Dead!” / “Your time is not up yet. You have to go back.” / “I don't want to go back! I want to stay. Please let me stay.”
Marcelle G Probable NDE 8816,nderf,data\nderf\04665_marcelle-g-probable-nde-8816.json,2,yes_explicit,not_mentioned,not_mentioned,not_mentioned,yes_explicit,not_mentioned,not_mentioned,other,not_mentioned,no,,'You have nothing to do here. We signed a contract and you must go back.'
Roger C NDE 744,nderf,data\nderf\00253_roger-c-nde.json,2,no,no,not_mentioned,spiritual_realm,yes_explicit,not_mentioned,no,earthly_mission,implied,no,He 'formulated a wish that I'd like to return to Earth in order to share this knowledge with as many people as possible.',"'I noticed I could travel into time!' ; 'I went into a dark place with nothing around me, but I wasn't scared. It was really peaceful there.' ; 'It was like a cone of light.' ; 'BANG! Just like an explosion of love!' ; 'I've noticed at that point I had the complete knowledge of the universe available to me and I simply had to ask to know!' ; 'We weren't communicating with voice, but through the minds (telepathic)' ; 'Life will last until what human years as we calculate it now. Answer: 3587'"
Deborah Le NDE 2050/700 NDE 700,nderf,data\nderf\00231_deborah-le-nde-2050-700-nde.json,2,implied,not_mentioned,not_mentioned,spiritual_realm,not_mentioned,not_mentioned,not_mentioned,family_responsibility,no,not_mentioned,,"'Oh yeah, I remember now, it's sooo simple. I will never forget again.'; 'You know you have to decide real soon'; 'don't you want to be with your son?'"
August Probable NDE 51,nderf,data\nderf\00188_august-probable-nde-51.json,2,no,no,not_mentioned,spiritual_realm,implied,not_mentioned,no,no_reason_given,implied,no,"Experiencer states they ""cannot leave this life until I have completed whatever it is that I am set to do in this life.""","""Suddenly, I felt myself being pulled very swiftly through total blackness to the entrance of a churning tunnel""; ""I was merely a shimmering light.""; ""communication was by telepathy.""; ""The floating bubbles... were 'snap shot' moments of my life.""; ""This Light... is an aggregation of many multitudes of immortal souls... and is collectively a life-force.""; ""I have no fear of death""; ""As my soul entered the earthly body... it vibrated."""
Rachel Probable NDE 41,nderf,data\nderf\00101_rachel-probable-nde-41.json,2,not_mentioned,not_mentioned,not_mentioned,spiritual_realm,implied,not_mentioned,not_mentioned,other,not_mentioned,not_mentioned,,"""Oh, my God I am going to die.""; ""NO, Rachel!""; ""No, you must go back.""; ""Don't go by by Memo, Memo don't go""; ""It’s like I was stopped suddenly like an invisible wall was put up."""
Young woman dies of a broken heart but now knows her friend lives,iands,data\iands\young-woman-dies-of-a-broken-heart-but-now-knows-her-friend-lives.json,2,implied,not_mentioned,not_mentioned,not_mentioned,implied,not_mentioned,no,not_your_time,yes_explicit,no,Heard Todd tell her: “Tell our story. It matters.”,"“We love you so much. It is not your time to die yet, you have to go back. We are so sorry!”; “I love you more, sweet girl. Please stay alive,”; “Tell our story. It matters.”"
Woman with toxemia visits with deceased father following childbirth,iands,data\iands\woman-with-toxemia-visits-with-deceased-father-following-childbirth.json,2,not_mentioned,not_mentioned,not_mentioned,spiritual_realm,implied,not_mentioned,not_mentioned,family_responsibility,implied,no,Her father told her she had two beautiful children that needed her and that she needed to fight for them.,"""Princess, it's not your time.""; ""This feels so wonderful, I want to be with you; this is where I want to be."""
Woman with migraine is saved from overdose of meds and joins God briefly,iands,data\iands\woman-with-migraine-is-saved-from-overdose-of-meds-and-joins-god-briefly.json,2,no,no,not_mentioned,spiritual_realm,yes_explicit,none,no,no_reason_given,no,no,,"“An angel of the Lord stood by them, and the glory of the Lord shone round about them, and they were sore afraid.” “You’re going to be ok.” “This is God.” “I was home.” “Take me.”"
Woman in labor has OOB and feels like she is home,iands,data\iands\woman-in-labor-has-oob-and-feels-like-she-is-home.json,2,no,no,not_mentioned,spiritual_realm,yes_explicit,not_mentioned,no,not_mentioned,no,no,,"""I did not feel when I left my body, but I knew I was not in it."" / ""I was to the upper right-hand side of my body."" / ""Everything in the room I could see all at once."" / ""Don't go, don't go, Lori, don't go."" / ""I Felt Like I Was Home."""
Woman in hospital leaves body and meets ball of beautiful diamond light projecting LOVE,iands,data\iands\woman-in-hospital-leaves-body-and-meets-ball-of-beautiful-diamond-light-projecting-love.json,2,no,no,not_mentioned,spiritual_realm,implied,not_mentioned,no,not_mentioned,implied,no,"She concluded God wanted her to ""share his word and this experience"" so people can see there is ""NO FEAR of death.""","“It was a feeling beyond LOVE, a feeling I want to feel again!”; “It was beyond description.”; “let people see there is NO FEAR of death!”"
Woman feels she's been given the meaning of life,iands,data\iands\woman-feels-she-s-been-given-the-meaning-of-life.json,2,not_mentioned,not_mentioned,not_mentioned,spiritual_realm,implied,not_mentioned,not_mentioned,not_mentioned,no,no,,"""I knew myself as Light."" / ""This is the point of it [mortal life] all."" / ""I wanted to go home! I wanted to be my real self!"""
Woman enters the light and praises God,iands,data\iands\woman-enters-the-light-and-praises-god.json,2,no,no,not_mentioned,spiritual_realm,implied,none,no,no_reason_given,not_mentioned,no,,"""There is no need to list. I know, Charity."" / ""Your will be done, Lord."" / ""I am not done praising you, Lord!"" / ""I call it being almost home."""
Woman Dies from COVID and Learns the True Nature of Trees and Water,iands,data\iands\woman-dies-from-covid-and-learns-the-true-nature-of-trees-and-water.json,2,no,no,not_mentioned,spiritual_realm,yes_explicit,not_mentioned,no,family_responsibility,implied,no,"She felt compelled to share and to devote her academic/creative work to bridging western science and traditional ecological knowledge to help the planet and “more than human life prosper,” and to help others suffer less.","“Suddenly, I am in the place I call ‘Death Consciousness.’ It is a darker place—one of shadows. A shadowland.” / “I had access to omniscience, total omniscience.” / “Trees are very much living beings that speak, have consciousness…” / “Water has its own consciousness… and carries all answers to any single question you could ever ask…” / “I didn’t have a body, but I was me.” / “I didn’t want to stay. I did not have a choice.”"
Suffocating to Life,iands,data\iands\suffocating-to-life.json,2,no,no,not_mentioned,spiritual_realm,yes_explicit,not_mentioned,no,family_responsibility,implied,no,Jesus said he needed to 'go back to your other body and live in the world' and 'need to make a life for myself on earth.',"""Cool, a secret place where I can hang out and my parents will never know.""; ""I no longer needed the oxygen from earth and I was no longer confined to my physical body, yet I was completely coherent.""; ""Someone, please help me.""; ""I am Jesus your savior, savior of all mankind and today I am taking you with me to paradise.""; ""Things have changed. You have to go back.""; ""Is there anything more you would like to ask before you go?"""
School Bus to Heaven,iands,data\iands\school-bus-to-heaven.json,2,not_mentioned,not_mentioned,not_mentioned,spiritual_realm,yes_explicit,not_mentioned,not_mentioned,not_your_time,no,no,,"""it is not your time, you have to go back.""; ""I went into a huge ball of white light that protected me and brought me to Heaven!""; ""I saw the ambulance drive off with my body on it!"""
Estelle D NDE 9069,nderf,data\nderf\04830_estelle-d-nde-9069.json,2,no,not_mentioned,not_mentioned,spiritual_realm,yes_explicit,not_mentioned,not_mentioned,not_your_time,yes_explicit,no,"""You still have things to do on Earth; you must go back.""","""Lord, you see what this sacrifice is costing me, make it at least so that it’s not in vain!""; ""I'm going to die!""; ""You still have things to do on Earth; you must go back.""; ""If you save my life, I promise to make up for all these moments and to love more."""
Fatih A NDE 9048,nderf,data\nderf\04813_fatih-a-nde-9048.json,2,no,not_mentioned,not_mentioned,spiritual_realm,implied,not_mentioned,not_mentioned,not_mentioned,not_mentioned,not_mentioned,,"“I was watching everything from above.” / “Everything I’m going to write here is beyond describing because I just can’t describe it right with words.” / “I was surrounded completely in bright light.” / “I was in a place where I felt very welcomed and like I belonged there.” / “It felt like home and I still miss that place.” / “If I was given the choice, I would never choose to come back.”"
Franciose R NDE 9041,nderf,data\nderf\04809_franciose-r-nde-9041.json,2,yes_explicit,not_mentioned,not_mentioned,not_mentioned,yes_explicit,not_mentioned,no,no_reason_given,no,no,,"“Then it all went quiet. I stopped moving completely and felt total peace.” / “I heard a small voice say that it was fine, that I would die and that is ok.” / “I remember a beautiful void, like an underwater tunnel… quickly filling with bright rays of light.” / “I existed as a flowing Being of light and joy without limits.” / “I was deeply saddened to be back.”"
James M NDE 9035,nderf,data\nderf\04802_james-m-nde-9035.json,2,no,not_mentioned,not_mentioned,spiritual_realm,yes_explicit,not_mentioned,not_mentioned,not_mentioned,not_mentioned,not_mentioned,,"""I no longer felt anger, sadness, or regret.""; ""We communicated through emotional feelings.""; ""This was not a hallucination because it was so real.""; ""I came to a barrier that I was not permitted to cross; or was sent back against my will."""
Melinda G NDE 9029,nderf,data\nderf\04800_melinda-g-nde-9029.json,2,not_mentioned,not_mentioned,not_mentioned,spiritual_realm,yes_explicit,not_mentioned,not_mentioned,not_mentioned,implied,not_mentioned,"“My purpose is to stand up for the meek, to be compassionate, but most of all is to love.”","“At some point, a veil lifted.”; “I was in total bliss and happiness. I was home. I didn't want to go back.”; “Although time did not exist, this life review took forever but in reality it was only a blink of a second.”; “The bright light filled everything and was totally god's love - unconditional and filled with such joy and peace!”"
Chris T FDE 9028/6511/6510 NDE 6510,nderf,data\nderf\04800_chris-t-fde-9028-6511-6510-nde-6510.json,2,yes_explicit,not_mentioned,not_mentioned,not_mentioned,yes_explicit,not_mentioned,not_mentioned,family_responsibility,yes_explicit,no,He reports it was revealed he is to share how God healed his life so others may be healed; also a general aim to live as his 'greatest self' and help others align.,"“There was no 'feeling' of floating, only the fact that I was.”; “you will be fine”; “I was told I could leave earth if I wished... or I could stay and be there for those I loved.”; “It is done.”"
Darlene P NDE 16116,nderf,data\nderf\04787_darlene-p-nde-16116.json,2,no,no,not_mentioned,spiritual_realm,implied,not_mentioned,no,not_mentioned,no,no,,"“Then I felt myself slowly floating up with no pain.”
“The lights that surrounded me were like watching the aurora borealis.”
“As the hands opened up, I could see big scars in his hands.”
“I knew then that I was looking at Jesus.”
“Immediately, I felt a warmth flow throughout my body.”
“She replied, 'not bad for someone that just flatlined.'”
“I can tell you I saw Jesus, I was in Heaven, and I am in sound mind.”"
Melanie J Possible NDE 9003,nderf,data\nderf\04779_melanie-j-possible-nde-9003.json,2,no,no,not_mentioned,spiritual_realm,yes_explicit,not_mentioned,no,not_mentioned,no,not_mentioned,,“The ‘essence’ of me was reduced to a simple thread of purple frost about 15cm long.” “It was hugely peaceful. I felt so comfortable and at home there.” “I had a new sense of not being afraid of death.” “I felt very connected with the universe.”
Yon J NDE 8988,nderf,data\nderf\04771_yon-j-nde-8988.json,2,yes_explicit,no,not_mentioned,not_mentioned,yes_explicit,none,no,not_mentioned,no,not_mentioned,,"“Suddenly, my body was floating on the ceiling and looking down on my body.” “Suddenly, I was flying through a very dark tunnel at a very high speed.” “I could hear the sound of hammering through the tunnel.” “I couldn't get out of the tunnel until waking up in the hospital room.”"
Maureen K NDE 8982,nderf,data\nderf\04769_maureen-k-nde-8982.json,2,yes_explicit,no,not_mentioned,not_mentioned,implied,none,no,family_responsibility,yes_explicit,no,God “asked me if I would be of service.” She also reports: “I would help to eliminate depression through my ancestral lines… spiritual gifts… would now be activated.”,“You have two minutes to live. Get out of that apartment now or you will die there!”; “Everything around me was light and ethereal and warm and alive.”; “They asked me… did you create joy during your life on earth?”; “God lovingly and firmly asked me if I would be of service.”
John J Probable NDE 8917,nderf,data\nderf\04724_john-j-probable-nde-8917.json,2,no,not_mentioned,not_mentioned,spiritual_realm,yes_explicit,not_mentioned,no,not_mentioned,not_mentioned,not_mentioned,,"“I remember being in a hospital room, just above the heads of the doctor and nurse. I moved up to the ceiling.” / “It was as though I was wrapped in warm love.” / “I don't remember any words being spoken. I knew things.” / “The sound felt as though it went through me. It was as if I could hear it inside me.”"
Scott W NDE 8914,nderf,data\nderf\04719_scott-w-nde-8914.json,2,yes_explicit,no,not_mentioned,not_mentioned,yes_explicit,not_mentioned,no,not_mentioned,not_mentioned,not_mentioned,,"""the energy that binds matter here is that of Unconditional Love""; ""This place was for me and it contained all the Unconditional Love I had for others and that they had for me.""; ""I remember passing through veils or sheets of some kind of energy.""; ""The energy embraced me and the profound healing power of Unconditional Love healed me."""
Alice U NDE 8871,nderf,data\nderf\04689_alice-u-nde-8871.json,2,yes_explicit,not_mentioned,not_mentioned,not_mentioned,yes_explicit,not_mentioned,not_mentioned,not_mentioned,no,not_mentioned,,"“There is no reality but God, there is no reality but God.”; “I had been in Reality and just did not understand how I could possibly wake up into a dream.”"
Kristin M SDE 8866 NDE 8866,nderf,data\nderf\04686_kristin-m-sde-8866-nde-8866.json,2,yes_explicit,not_mentioned,not_mentioned,not_mentioned,yes_explicit,none,no,not_mentioned,implied,no,"She believed she was witnessing her friend dying and later wrote, ""At the time, I was not aware that I had helped a soul cross over to Heaven.""",“The tunnel was a living entity. I call it Gods thread of love.”
Bill J NDE 9165,nderf,data\nderf\04897_bill-j-nde-9165.json,2,no,not_mentioned,not_mentioned,spiritual_realm,yes_explicit,not_mentioned,not_mentioned,not_your_time,no,not_mentioned,,“This is it.”; “I suddenly seemed to know all the questions in my life and had all the answers.”; “This place really felt like home.”
Robert B NDE 9163,nderf,data\nderf\04895_robert-b-nde-9163.json,2,yes_explicit,not_mentioned,not_mentioned,not_mentioned,yes_explicit,not_mentioned,no,not_mentioned,no,not_mentioned,,"""I knew I was COMPLETELY ME without a body.""; ""It is not about what you have done. Christ accomplished this and it was for you and for all. You are safe.""; ""You coded sir. Do you remember anything?""; ""The instant I was in Heaven, or rather the outskirts of it, time stopped."""
Robin A Probable NDE 9159,nderf,data\nderf\04893_robin-a-probable-nde-9159.json,2,implied,not_mentioned,not_mentioned,not_mentioned,implied,not_mentioned,no,not_your_time,not_mentioned,not_mentioned,,"“Not your time. It is time to go back now.”; “There are definitely, absolutely, other planes to existence!”"
Anna P Possible NDE 9127,nderf,data\nderf\04882_anna-p-possible-nde-9127.json,2,yes_explicit,not_mentioned,not_mentioned,not_mentioned,yes_explicit,not_mentioned,not_mentioned,other,not_mentioned,not_mentioned,,“My Spirit looked like dense fog.”; “I felt and knew that I was coming out of my body because my heart was not beating and my body was not breathing.”; “I decided that I had to force my body to breathe.”; “My body took a sharp breath and my heart starting beating.”
Woman contracts Covid-19 but is reassured during NDE,iands,data\iands\woman-contracts-covid-19-but-is-reassured-during-nde.json,2,no,no,not_mentioned,spiritual_realm,implied,not_mentioned,no,earthly_mission,yes_explicit,no,"Bring back the message ""not to fear and not to judge others"" (especially related to the illness), and to show compassion/participate in life; she was also told she would heal and that she was returning.","""I turned to face it and was overwhelmed with the sense of pure Love.""; ""We are all one, always connected, never separate from source.""; ""No fear, no judgement, just pure Love.""; ""Where I had been in the light was more real than anything I ever saw or felt before and now."""
Velvety Dark Stillness,iands,data\iands\velvety-dark-stillness.json,2,no,no,not_mentioned,spiritual_realm,implied,not_mentioned,no,not_your_time,no,no,,"""It’s not your time. You must go back."" / ""You must go back"" / ""You must fight to go back."" / ""velvety, dark stillness"" / ""a voice that was not a voice"""
"Upset New Zealand girl eats mushrooms and hears beings in void saying, ""Go back""",iands,data\iands\upset-new-zealand-girl-eats-mushrooms-and-hears-beings-in-void-saying-go-back.json,2,no,no,not_mentioned,spiritual_realm,yes_explicit,none,no,not_your_time,no,no,,"“Not yet.” / ""completely dark but not like a normal darkness"" / ""I felt like they were my soul family"" / ""it felt more real than regular life"" / ""this life was a kind of virtual reality"""
"The void, my grandmother, and God change the way I see life",iands,data\iands\the-void-my-grandmother-and-god-change-the-way-i-see-life.json,2,no,no,not_mentioned,spiritual_realm,yes_explicit,none,no,not_your_time,implied,no,"To share the message that 'we are all connected' and to live/act with God's love, caring for each other and fulfilling God's purpose.","""Hang on kiddo, I'm coming""; ""Calm yourself, Dear One.""; ""You are not dead, there is no death...""; ""Your consciousness exists outside your body.""; ""I AM.""; ""Please! Grant me at least the memory of this!"""
The divine Love we share between us is all that truly matters and is measured and endures,iands,data\iands\the-divine-love-we-share-between-us-is-all-that-truly-matters-and-is-measured-and-endures.json,2,not_mentioned,not_mentioned,not_mentioned,spiritual_realm,implied,not_mentioned,not_mentioned,earthly_mission,yes_explicit,no,A vowed responsibility/assignment to be truly kind and express love at all times (not a single big task).,"""Welcome home. Welcome, we’ve been waiting for you.""; ""Yes. Yes, my child.""; ""Hell is the self-judgment that keeps us imprisoned.""; ""The divine Love we share between us is all that truly matters, and is measured, and endures."""
The Christ concept brings all our songs into a perfect balance with our universe,iands,data\iands\the-christ-concept-brings-all-our-songs-into-a-perfect-balance-with-our-universe.json,2,not_mentioned,not_mentioned,not_mentioned,spiritual_realm,implied,not_mentioned,not_mentioned,other,not_mentioned,not_mentioned,,"""it was obvious to me that it was MY LIFE being played for me in the form of a symphony""; ""You are going to die.""; ""As I walk through the valley of the shadow of death, I shall fear no evil.""; ""Then, Oneness.""; ""You will always be safe, but you will be mine.""; ""No.""; ""the void""; ""It is done.""; ""You are Christ.""; ""Do you want to come home or keep going?"""
Ten-year-old boy is thrown from car and is saved by light being,iands,data\iands\ten-year-old-boy-is-thrown-from-car-and-is-saved-by-light-being.json,2,no,no,not_mentioned,spiritual_realm,implied,not_mentioned,no,not_your_time,implied,no,Later concluded the purpose was: “Tell my people what I have done.”,“It was as if I was standing over my own right shoulder.” / “It” had already healed me. / “Tell my people what I have done.”
"Teen wishes for death, but is shown who she really is",iands,data\iands\teen-wishes-for-death-but-is-shown-who-she-really-is.json,2,no,no,not_mentioned,spiritual_realm,implied,not_mentioned,no,earthly_mission,implied,no,She reports a deep yearning 'to share this love I had experienced with the world' and later frames it as a 'soul’s mission to help humanity rise above all perceived limitations.',"“If there is anyone listening, if there is a God, please help me or take me.” / “I felt like I was returning home.” / “I then shot up into the most pure, white, loving, light that held me in a cocoon of radiant love and bliss that I will never be able to explain with words.” / “My soul then asked to return to Earth, without words - there was a deep yearning to share this love I had experienced with the world.”"
Teen is buried alive and remembers revising her contract with the universe,iands,data\iands\teen-is-buried-alive-and-remembers-revising-her-contract-with-the-universe.json,2,not_mentioned,not_mentioned,not_mentioned,spiritual_realm,implied,not_mentioned,not_mentioned,other,no,no,,"""I found myself outside my body, surrounded by the black universe.""; ""Here, time did not exist. My body did not exist.""; ""I knew I had a choice: I could die, or I could choose to live.""; ""I’m not done yet—there are things I need to do.""; ""I haven’t been a judge yet.""; ""And from the second I was back in my body, I knew I would be okay."""
Teen commits suicide but is taken by God and feels pure love before being returned to his body,iands,data\iands\teen-commits-suicide-but-is-taken-by-god-and-feels-pure-love-before-being-returned-to-his-body.json,2,no,no,not_mentioned,spiritual_realm,yes_explicit,not_mentioned,no,not_your_time,implied,no,"He states his experience carries a message for others struggling with addiction, loss, grief, shame, and emphasizes self-compassion and sharing compassion/love with others.","""It is not your time.""; ""I had returned home and finally felt whole.""; ""The light was consciousness itself.""; ""It was the most real thing I have ever known."""
Sweet Contentment,iands,data\iands\sweet-contentment.json,2,not_mentioned,not_mentioned,not_mentioned,spiritual_realm,implied,not_mentioned,not_mentioned,family_responsibility,no,no,,"“Suddenly it was bright, clean white. I don’t remember a tunnel but a doorway.”; “It was the most okay place I have ever been!”; “You can come now or go back. It’s your choice.”; “That feeling of sweet contentment brings tears to my eyes now.”"
Suicide beholds the essence of God as love and light,iands,data\iands\suicide-beholds-the-essence-of-god-as-love-and-light.json,2,yes_explicit,not_mentioned,not_mentioned,not_mentioned,yes_explicit,not_mentioned,not_mentioned,family_responsibility,yes_explicit,no,"Agreed to 'be of service' and, after return, described serving by sending telepathic prayers/blessings to ambulance patients; also stated she would help eliminate depression through ancestral lines.","“You have two minutes to live. Get out of that apartment now or you will die there!”; “There are no human words that could ever express or begin to capture the essence of God as love and light.”; Jesus message: “You are a child of God, you are a woman of Light, and this is LOVE.”"
Kevin L NDE 9362,nderf,data\nderf\05022_kevin-l-nde-9362.json,2,not_mentioned,not_mentioned,not_mentioned,spiritual_realm,yes_explicit,not_mentioned,no,family_responsibility,no,no,,'DO NOT WORSHIP ME.'; 'This is my true home.'; 'I DON’T WANT TO LEAVE MY FAMILY.'; 'CHOOSE'.
ErinRae G NDE 9365,nderf,data\nderf\05021_erinrae-g-nde-9365.json,2,no,not_mentioned,not_mentioned,spiritual_realm,implied,none,no,not_mentioned,no,no,,"""I saw the brightest light I have ever seen but it didn't hurt to look at it."" ""I felt something carrying me."" ""It felt like home."" ""It was beyond real, if there's a word for that."""
Robine C Probable NDE 9357,nderf,data\nderf\05018_robine-c-probable-nde-9357.json,2,no,no,not_mentioned,spiritual_realm,yes_explicit,not_mentioned,no,other,implied,no,"Implied self-commitment to ""make my life better"" if allowed to return.","""I see the room where I am, but from the ceiling."" / ""It was a kingdom of clouds, love, and peace."" / ""If you let me go back into my body, I’ll make my life better."" / ""Up there, it’s very beautiful... it was better there, than here."""
Charlene R NDE 9310,nderf,data\nderf\04986_charlene-r-nde-9310.json,2,yes_explicit,not_mentioned,not_mentioned,not_mentioned,yes_explicit,not_mentioned,not_mentioned,not_your_time,not_mentioned,not_mentioned,,"“I was waking up out of the sleep of a lifetime and into a pool of the most overwhelming emotion of peace, serenity and love.”"
Katty Q Probable NDE 9308,nderf,data\nderf\04985_katty-q-probable-nde-9308.json,2,yes_explicit,no,not_mentioned,not_mentioned,yes_explicit,not_mentioned,no,not_your_time,implied,no,"Implied by the message: ""You can't leave until you finish what you started.""","""You can't leave until you finish what you started.""; husband: ""your son, He needs you."""
Catherine Ann M 9305 NDE 9305,nderf,data\nderf\04983_catherine-ann-m-9305-nde-9305.json,2,yes_explicit,no,not_mentioned,not_mentioned,yes_explicit,not_mentioned,not_mentioned,earthly_mission,yes_explicit,no,Intuitive agreement/communication that she had not accomplished her mission yet.,"“My spirit rose up above my body, to a place near the ceiling.”; “an agreement that I had not achieved my mission yet.”; “I’m not sure at exactly what moment I reentered my body, or how my body was made whole again. It just happened.”"
Ben B NDE 9298,nderf,data\nderf\04977_ben-b-nde-9298.json,2,no,no,not_mentioned,spiritual_realm,implied,not_mentioned,no,not_your_time,implied,no,"He is told: ""as long as you work on yourself I will always be there for you"" and ""only if you move on and forgive yourself.""","""You’re here, didn’t I tell you not to come , you’re not ready.""; ""WHY DO YOU CONTINUE TO HATE, WHY DO YOU ABUSE YOUR SOUL THAT I CREATED MY CHILD? DO YOU KNOW WHAT REAL PAIN IS?""; ""You can’t help him; he is where he needs to be.""; ""only if you move on and forgive yourself"""
Cheltsey T NDE 9267,nderf,data\nderf\04956_cheltsey-t-nde-9267.json,2,no,not_mentioned,not_mentioned,spiritual_realm,yes_explicit,not_mentioned,not_mentioned,not_your_time,not_mentioned,not_mentioned,,"Jesus told her ""it wasn’t my time yet; that I had a purpose"" and repeatedly ""not yet""; she described ""SO many beautiful and BRIGHT colors that we don’t have on Earth"" and ""A bright white 360 view."""
Alba Monn SDE 9253 NDE 9253,nderf,data\nderf\04949_alba-monn-sde-9253-nde-9253.json,2,yes_explicit,not_mentioned,not_mentioned,not_mentioned,yes_explicit,not_mentioned,not_mentioned,not_mentioned,not_mentioned,not_mentioned,,“Forgive him!”; “I forgive him!”; “Mama! Don't be so sad! I'm so glad that everything has ended!”
Stefan vdB NDE 9238,nderf,data\nderf\04937_stefan-vdb-nde-9238.json,2,yes_explicit,not_mentioned,not_mentioned,not_mentioned,yes_explicit,not_mentioned,no,family_responsibility,not_mentioned,not_mentioned,,"'Hello, I'm the grandfather of your father, I was sent to meet you, you can come with me since you are allowed into heaven' ... 'Then you should go back'."
Anouk P Probable NDE 9226,nderf,data\nderf\04932_anouk-p-probable-nde-9226.json,2,implied,no,not_mentioned,not_mentioned,implied,not_mentioned,no,other,not_mentioned,not_mentioned,,"“I woke up in a dark and infinite space.” / “They were two beautiful beings made of light. I couldn't see their faces; there was only light.” / “I felt like I had access to all the knowledge in the world.” / “Certainly, it was with immense joy that I chose to return.”"
Karen L NDE 9224,nderf,data\nderf\04930_karen-l-nde-9224.json,2,yes_explicit,not_mentioned,not_mentioned,not_mentioned,yes_explicit,not_mentioned,not_mentioned,family_responsibility,implied,not_mentioned,"She returned to take care of her newborn/autistic child; also described being ""supposed to help others through their journey"" and like being an ""earth angel"" helping others discover their purpose or being with them before death.","“I was above my body and saw the emergency medical technician (EMT) working on my body below me.” “I moved to another dimension where there was an extremely bright, lighted area.” “The voice asked me whether I wanted to stay or go back and take care of my newborn child who needed me.”"
Anne L NDE 9215/9293,nderf,data\nderf\04926_anne-l-nde-9215-9293.json,2,no,not_mentioned,not_mentioned,spiritual_realm,yes_explicit,not_mentioned,not_mentioned,earthly_mission,implied,no,"Felt/decided she ""still has to have my son"" and raise him; also ""I have a lot of work to do"" on earth (later interpreted as spiritual work and comforting others).","""NOTHING I SAW WAS EVER ALARMING OR FRIGHTENING.""; ""Everything went pitch black. The darkest, dark ever.""; ""home""; ""Do you want to stay? or do you want to go?""; ""Your life will always be a struggle.""; ""There are choices you can make that can cost you your soul""; ""I have a lot of work to do""; ""SLAMMED"" back into my body."
Rebekah M NDE 9213,nderf,data\nderf\04925_rebekah-m-nde-9213.json,2,yes_explicit,not_mentioned,not_mentioned,not_mentioned,yes_explicit,not_mentioned,not_mentioned,family_responsibility,no,not_mentioned,,'Am I dying?'
Niels W NDE 9193,nderf,data\nderf\04911_niels-w-nde-9193.json,2,yes_explicit,not_mentioned,not_mentioned,not_mentioned,yes_explicit,not_mentioned,no,family_responsibility,no,no,,"""I was then suddenly rocketed out of my body and I could see myself on the surgery table.""; ""Well I guess this is it, good-bye body.""; ""Who are you?"" / ""Who do you want me to be?""; ""Usually people wait until their actual death to choose their reincarnation.""; ""Not yet.""; ""I saw an angel!""; ""No contact whatsoever"""
Dilara Probable NDE 9173,nderf,data\nderf\04901_dilara-probable-nde-9173.json,2,implied,not_mentioned,not_mentioned,not_mentioned,yes_explicit,not_mentioned,not_mentioned,other,no,no,,"“I was there and not there at the same time.”; “Then I was in complete blackness.”; “I had no form or weight, where the rules of physics were not applying to me.”; “I felt completely accepted and embraced.”; “I knew if I chose to go, there would be no coming back.”; “It was like something was telling me that ‘it was all fine.’”"
Professor of religion has two NDEs from allergic reaction to bites,iands,data\iands\professor-of-religion-has-two-ndes-from-allergic-reaction-to-bites.json,2,not_mentioned,not_mentioned,not_mentioned,spiritual_realm,implied,not_mentioned,no,family_responsibility,implied,no,"He felt urged to return ""for the sake of the love of my beautiful sons"" and says ""my work was not accomplished yet.""","""With starry dome above and all about, I found myself buoyed in an inky nighttime ocean that was at once an Abyss, but also celestial and paradisical.""; ""Glowing and lights were all about me, but these were more than mere lights. They were love itself.""; ""Death severed nothing.""; ""I was sobbing tears of pure ecstasy and joy and love.""; ""That same inky night Abyss of an ocean with the same vault of brilliant stars above buoyed me within her adoring arms again."""
Prayers Like Musical Notes,iands,data\iands\prayers-like-musical-notes.json,2,implied,not_mentioned,not_mentioned,not_mentioned,implied,not_mentioned,no,family_responsibility,not_mentioned,no,,"""That’s not Jesus!""; ""peace that passeth all understanding""; ""How did you know that?"""
Over the Scene,iands,data\iands\over-the-scene.json,2,not_mentioned,not_mentioned,not_mentioned,spiritual_realm,implied,not_mentioned,no,not_mentioned,no,no,,"""I felt lifted out of the car--over the scene--""; ""an overwhelming sense of love and homecoming""; ""So this is the end of this particular chapter.""; ""I felt elements of my identity drop away from me one by one--blond, tall, female, and violinist."""
No time existed in my heaven,iands,data\iands\no-time-existed-in-my-heaven.json,2,no,no,not_mentioned,spiritual_realm,implied,not_mentioned,no,not_mentioned,not_mentioned,not_mentioned,,“NO time existed in my heaven.”
My Spiritual Enlightenment,iands,data\iands\my-spiritual-enlightenment.json,2,not_mentioned,not_mentioned,not_mentioned,spiritual_realm,implied,not_mentioned,not_mentioned,no_reason_given,no,no,,"""The Rescue Squad was still several blocks away from my vantage point above...""; ""I moved through the dark void of the black tunnel...""; ""I was enveloped in love.""; ""I was given the knowledge of the universe..."""
My Journey to The 'Other Side',iands,data\iands\my-journey-to-the-other-side.json,2,no,no,not_mentioned,spiritual_realm,implied,none,no,not_your_time,no,no,,"""Finally, for once in my life I was plugged-in and belonged...HOME! This is where I'm meant to be!""; ""Fear of death and sorrow for those who died no longer existed.""; ""It was extraordinarily bright and I was slowly going past a very fine threshold and now entering into the light itself."""
Motorcyclist has OOB and after-effects since accident,iands,data\iands\motorcyclist-has-oob-and-after-effects-since-accident.json,2,yes_explicit,not_mentioned,not_mentioned,not_mentioned,implied,not_mentioned,not_mentioned,not_mentioned,no,not_mentioned,,"""Why am I in a helicopter?""; ""Wow. I'm dead.""; ""No, you are not dead. All is not as you've been told. You've been here before; you'll be here again.""; ""a wave of information was poured into me.""; ""The NDE is as vivid today as the day it occurred."""
"Man in Snowmobile Accident Feels Trees' Connection to His Spirit, Cheering Him On",iands,data\iands\man-in-snowmobile-accident-feels-trees-connection-to-his-spirit-cheering-him-on.json,2,no,no,not_mentioned,spiritual_realm,yes_explicit,not_mentioned,no,not_mentioned,not_mentioned,not_mentioned,,"""my spirit left my body""; ""standing above my body, 5-6' in the air""; ""communicating soul-to-soul""; ""the trees feeling connected to my spirit""; ""as if they were cheering for me to be okay""; ""Just waking up back in my body.""; ""my spirit was a circle being squeezed to fit into a trapezoidal 3-dimensional container""; ""This life really is a temporary thing."""
Man in motorcycle accident meets God and is given choice of returning,iands,data\iands\man-in-motorcycle-accident-meets-god-and-is-given-choice-of-returning.json,2,not_mentioned,not_mentioned,not_mentioned,spiritual_realm,implied,not_mentioned,not_mentioned,family_responsibility,no,no,,"“Do you want to go back or come with me?"" / ""You will now go back and you will survive this for your children; however, one day you will come with me, but not now."" / ""I felt absolute elation and that I was finally home, and now I understand all and know how everything fits together and works."""
Man dies suddenly and feels God's love pouring onto infinite array of glowing blocks,iands,data\iands\man-dies-suddenly-and-feels-god-s-love-pouring-onto-infinite-array-of-glowing-blocks.json,2,no,no,not_mentioned,spiritual_realm,implied,not_mentioned,no,no_reason_given,not_mentioned,not_mentioned,,"""I'm finally home.""; ""God was pouring His love (as if from a bucket) onto every block in the infinite array, all at once.""; ""the burdens of this physical world (bills, work, other daily struggles) press down on my soul like a ton of bricks."""
Nicholas G NDE 9474,nderf,data\nderf\05092_nicholas-g-nde-9474.json,2,no,not_mentioned,not_mentioned,spiritual_realm,yes_explicit,not_mentioned,no,other,implied,no,He felt he must “fulfill my purpose on earth so I can return with a job 'Well Done'.”,“my human personality and ego ‘switched off’ like a light bulb; leaving me free to fully embrace myself as spirit.”
Franklin R NDE 9433,nderf,data\nderf\05065_franklin-r-nde-9433.json,2,yes_explicit,not_mentioned,not_mentioned,not_mentioned,yes_explicit,not_mentioned,no,not_mentioned,no,not_mentioned,,“He told me he would give me this language to remember this event as I would never believe it after I woke up.”
Mimi D NDE 9417,nderf,data\nderf\05050_mimi-d-nde-9417.json,2,yes_explicit,not_mentioned,not_mentioned,not_mentioned,yes_explicit,not_mentioned,not_mentioned,not_your_time,yes_explicit,no,Returned because it 'wasn't my time yet' and the experiencer 'still had a job to do to help others'; later reports the story helped others.,“We’ve lost her!” / “She’s back!” / “I was with my mum.” / “It was like hovering in a cloud of white light.” / “It was like knowing; like being part of everything.”
Amanda G NDE 9395,nderf,data\nderf\05036_amanda-g-nde-9395.json,2,yes_explicit,no,not_mentioned,not_mentioned,yes_explicit,not_mentioned,no,family_responsibility,no,not_mentioned,,"“My spirit or soul was relaxed and without distress.”; “the body is simply a vessel for this spirit - nothing more.”; “White robed Male floated out of the light and beckoned me.”; “No, my husband and baby need me.”; “I literally lie down and re-enter my body.”"
Lisette SL Probable NDE 9378,nderf,data\nderf\05028_lisette-sl-probable-nde-9378.json,2,implied,no,not_mentioned,not_mentioned,implied,not_mentioned,no,family_responsibility,implied,no,Felt she needed to return to raise her daughter; later described an urgency to live her purpose of love.,"“gone somewhere else outside of time, in complete darkness.” “I felt indescribably comfortable and loved.” “There was no time. Time was irrelevant there.” “I heard the whooshing sound and felt suction.” “Wake up! Wake up, Lise and open your eyes! Open your eyes and look at your daughter!”"
Valentina D NDE 9367,nderf,data\nderf\05023_valentina-d-nde-9367.json,2,yes_explicit,not_mentioned,not_mentioned,not_mentioned,yes_explicit,not_mentioned,not_mentioned,family_responsibility,implied,no,"She understood she had left 'intact the job of mother' and returned to continue her role as mother and also 'wife, daughter, sister, nurse.'","“I am a gray ball like you would make with smoke.” / “You are expansive, you are the universe, you are infinity. No pain, only love and infinite joy.” / “I came to a definite conscious decision to return to life.”"
Bobby D NDE 9795,nderf,data\nderf\05300_bobby-d-nde-9795.json,2,no,not_mentioned,not_mentioned,spiritual_realm,implied,not_mentioned,not_mentioned,not_mentioned,no,no,,"“Instantly, I was no longer in my head. I was a ball of light inside my chest then I was leaving my body.”; “I KNEW EVERYTHING.”; “I knew I was going BACK… It was HOME. It was YHWH.”; “I did not feel blessed to survive. I was angry at God for letting me live.”"
Kelly B Probable NDE 9794,nderf,data\nderf\05299_kelly-b-probable-nde-9794.json,2,no,not_mentioned,not_mentioned,spiritual_realm,yes_explicit,not_mentioned,not_mentioned,other,not_mentioned,no,,"“Everything was nothing, and nothing was everything.”"
Penny S NDE 9773,nderf,data\nderf\05282_penny-s-nde-9773.json,2,no,not_mentioned,not_mentioned,spiritual_realm,implied,not_mentioned,no,family_responsibility,implied,no,"Told/understood (without words) that she had to return because ""Our older brother cannot handle the loss of another sibling"" and she ""had to come back for the people who were still alive that loved me,"" and to live with honesty and love rather than selfishly.","""Our older brother cannot handle the loss of another sibling. You have to go back.""; ""Love love love love. Love is the answer to everything""; ""When we die, we go home."""
James B Probable NDE 9724,nderf,data\nderf\05249_james-b-probable-nde-9724.json,2,yes_explicit,no,not_mentioned,not_mentioned,yes_explicit,not_mentioned,no,family_responsibility,no,not_mentioned,,"“everything was bathed in a light”; “I was as happy as I have ever been”; “I would love to die right now, but my wife and son are both dependent on me”; “this was not my time”; “I no longer have any reservations about death and actually look forward to it.”"
Jeanne K Probable NDE 16130,nderf,data\nderf\05177_jeanne-k-probable-nde-16130.json,2,no,no,not_mentioned,spiritual_realm,yes_explicit,not_mentioned,not_mentioned,not_mentioned,no,not_mentioned,,"“I was thrilled to be out of pain. It was so peaceful.” / “I observed myself and saw that I was a thin blue, floating spirit.” / “She is very ill and if she does not improve soon, we will have to admit her to the hospital.” / “It was such an awful feeling being sucked back into my body and feeling the pain and fever of the illness.”"
Bárbara AH NDE 9602,nderf,data\nderf\05173_b-rbara-ah-nde-9602.json,2,no,not_mentioned,not_mentioned,spiritual_realm,yes_explicit,not_mentioned,not_mentioned,family_responsibility,not_mentioned,not_mentioned,,"""I saw my own burial.""; ""The love, tranquility and luminosity that I experienced then were indescribable.""; ""there was a wonderful, beautiful, white and brilliant light, as if it were indicating to me that it’s HERE, COME. WELCOME!""; ""I came to a definite conscious decision to return to life"" (motivated by her mother’s and sister’s grief)."
Gretchen T Probable NDE 9593,nderf,data\nderf\05169_gretchen-t-probable-nde-9593.json,2,not_mentioned,not_mentioned,not_mentioned,spiritual_realm,yes_explicit,none,no,family_responsibility,no,no,,"""I suddenly left my body.""; ""I was floating above everyone in the surgery room and watching them operate on me.""; ""Then I moved into what looked like a tunnel of white fluffy clouds and towards a bright light.""; ""The light of these two beings was pure love.""; ""I immediately and without hesitation communicated without words that I needed to go back. I was worried about my mother."""
Aridai STE 9591 NDE 9591,nderf,data\nderf\05168_aridai-ste-9591-nde-9591.json,2,yes_explicit,not_mentioned,not_mentioned,not_mentioned,yes_explicit,not_mentioned,not_mentioned,not_mentioned,no,no,,"“There was literally nothing; no space, no time, no sky, no floor.”"
Alicia S NDE 9590,nderf,data\nderf\05167_alicia-s-nde-9590.json,2,not_mentioned,not_mentioned,not_mentioned,spiritual_realm,implied,not_mentioned,no,no_reason_given,not_mentioned,no,,"""Good, I'm not drowning anymore.""; ""It's because I no longer have lungs.""; ""I felt the most wonderful peace I have ever been in.""; ""It was as if I had come home after a long journey.""; ""they tore me out of there and I returned to the pain."""
Cynthia C NDE 9587,nderf,data\nderf\05164_cynthia-c-nde-9587.json,2,yes_explicit,no,not_mentioned,not_mentioned,yes_explicit,not_mentioned,no,family_responsibility,no,no,,"""You killed her! You gave her too much.""; ""That way.""; ""I have to go back. I have to go home. My three children are waiting for me. Please send me back. Please.""; ""The next time you come no matter how you beg and plead you not will return."""
Colby C NDE 9565,nderf,data\nderf\05152_colby-c-nde-9565.json,2,yes_explicit,not_mentioned,not_mentioned,not_mentioned,yes_explicit,not_mentioned,no,earthly_mission,yes_explicit,no,"Told 'time was short' and he needed to 'find the Lord’s church (CJCLDS) and develop a relationship with Jesus Christ'; also that he had been given a mission before mortal life and was granted 'another chance' with commitments, help, and a guiding companion.","“In case something happens to me, my keys and gas money are in my backpack.” / “He descended upon it from above and entered into his forehead.” / “time was short and that he needed to find the Lord’s church (CJCLDS) and develop a relationship with Jesus Christ.”"
Jeanette H NDE 9557,nderf,data\nderf\05147_jeanette-h-nde-9557.json,2,implied,not_mentioned,not_mentioned,spiritual_realm,not_mentioned,not_mentioned,not_mentioned,not_your_time,implied,no,"She reports knowledge of self-healing/self-love and purpose: 'to be a tread in the big web, to share my true energy and truth.'",“Everything is unconditional love. I feel IMMEDIATELY that I have come home. I am no longer separate.”
Daniel B STE 9541 NDE 9541,nderf,data\nderf\05136_daniel-b-ste-9541-nde-9541.json,2,no,no,not_mentioned,spiritual_realm,implied,not_mentioned,not_mentioned,earthly_mission,yes_explicit,no,"God/Jesus requested: ""You will help my sheep."" He interpreted this as ""Become As They Are""—find something in common with those who need help and show forgiveness and love.","""I have a request of you."" / ""I am."" / ""You will help my sheep."" / ""Become as they are!"" / ""Rise, and brush the dust from your feet in the grasses where you stand. Then come forward and step upon the rock that supports me."""
Natalie B STE 9531 NDE 9531,nderf,data\nderf\05130_natalie-b-ste-9531-nde-9531.json,2,yes_explicit,not_mentioned,not_mentioned,spiritual_realm,not_mentioned,not_mentioned,not_mentioned,earthly_mission,implied,no,"She reports she 'had more business to do on earth' and later frames her purpose as loving God/others and loving someone represented by the blonde, blue-eyed boy; she also reports later foster/adoption and helping her husband through addiction.","“Heaven felt like home, and I had no desire to see my earthly home again.”"
Sally F Probable NDE 9527,nderf,data\nderf\05128_sally-f-probable-nde-9527.json,2,yes_explicit,not_mentioned,not_mentioned,spiritual_realm,not_mentioned,not_mentioned,no,not_mentioned,not_mentioned,not_mentioned,,"""There was everything and nothing; it was dark and light at the same time.""; ""I felt like I was an orb; of being separate yet joined to eternity.""; ""I felt like I had a knowing of everything that there is to know in the universe.""; ""It transcended language."""
Sarah M STE 9508 NDE 9508,nderf,data\nderf\05116_sarah-m-ste-9508-nde-9508.json,2,no,no,not_mentioned,spiritual_realm,yes_explicit,not_mentioned,no,family_responsibility,yes_explicit,no,Jesus told her she had to save a girl from doing drugs; she later met her and convinced her.,"""Make happy and you maybe will become it too.""; ""Sarah, come.""; ""Don't look back.""; ""That is inspiration to people on earth.""; ""I don't want your mom to be sad.""; ""Eat it.""; ""But it's okay now""; ""Bend for your master!"""
John B NDE 9853,nderf,data\nderf\05347_john-b-nde-9853.json,2,yes_explicit,not_mentioned,not_mentioned,not_mentioned,yes_explicit,not_mentioned,no,no_reason_given,no,not_mentioned,,"“It was like glass in between me and the world, but yet I couldn't see it. Although it could not be seen, I knew it was there.”"
Seth R Possible NDE 9835,nderf,data\nderf\05334_seth-r-possible-nde-9835.json,2,yes_explicit,no,not_mentioned,spiritual_realm,not_mentioned,not_mentioned,not_mentioned,not_your_time,yes_explicit,no,"Told to 'Keep fighting and wait,' that he was 'going to do incredible things in the world,' and that there was 'more work' for him to do; instructed to never give up and that more challenges were ahead.",“Keep fighting and wait.” / “You were dead and had no pulse!” / “Knock me out now.” / “Who are you and what is that?”
Miranda D Probable NDE 9834,nderf,data\nderf\05333_miranda-d-probable-nde-9834.json,2,no,not_mentioned,not_mentioned,spiritual_realm,yes_explicit,not_mentioned,not_mentioned,not_your_time,yes_explicit,not_mentioned,“God wanted me to share the love of him… I’ve shared this story… to my children… friends… churches… doctors nurses.”,“as if it was calling me home.” / “I saw stairs heading up to heaven.” / “he showed me it wasn’t my time.” / “I remember the sheets fluffing up in the air a little bit as my spirit went inside of my body.” / “to never look back.”
Carlos G NDE 9804,nderf,data\nderf\05308_carlos-g-nde-9804.json,2,yes_explicit,not_mentioned,not_mentioned,spiritual_realm,not_mentioned,not_mentioned,no,other,no,no,,"“Every pain and worry, every experience and moment were washed away.”; “My feet were bare and I was standing in tall, green grass and I was warm.”; “I knew that I called this place home for longer than I could possibly imagine.”"
Male teen on drugs has NDE and slow re-entry to Earth reality,iands,data\iands\male-teen-on-drugs-has-nde-and-slow-re-entry-to-earth-reality.json,2,not_mentioned,not_mentioned,not_mentioned,spiritual_realm,implied,not_mentioned,not_mentioned,no_reason_given,not_mentioned,not_mentioned,,"""My mind was clear, more clear than I had ever experienced before. At this time, I felt no effects of the drugs. I was completely sober, and with no fear – in fact it felt like I belonged there.""; ""There was no sense of passing time.""; ""I was on one side of a barrier; He was on the other.""; ""I felt nothing but acceptance and love."""
Lucid and Rapid Thinking,iands,data\iands\lucid-and-rapid-thinking.json,2,not_mentioned,not_mentioned,not_mentioned,spiritual_realm,implied,not_mentioned,not_mentioned,earthly_mission,yes_explicit,no,"Told she needed to return to accomplish an entrusted mission; guidance through dreams/visions; her words and life experiences would help heal thousands, awakening them and preparing them for hard days to come; called one of the divine's ""flesh ropes.""","""Welcome back.""; ""Dad, I'm going to die.""; ""Go my child, go.""; ""Please I need to be back now... what about the ones who are waiting for me? What about those two kids?"""
"Love, Everything that Exists",iands,data\iands\love-everything-that-exists.json,2,no,no,not_mentioned,spiritual_realm,implied,not_mentioned,no,no_reason_given,no,no,,"“love itself is everything that does exist”; “I was everything, everywhere, everytime”; “It was like someone was shoving a mask over my head, suffocating most of my senses.”"
Lost Connection with the Physical Plane,iands,data\iands\lost-connection-with-the-physical-plane.json,2,not_mentioned,not_mentioned,not_mentioned,spiritual_realm,implied,not_mentioned,not_mentioned,not_your_time,not_mentioned,not_mentioned,,"“I felt the most overwhelming sense of belonging, like I had come home. It was pure love, just pure existence in love.”"
Life review shows his encouragement of others,iands,data\iands\life-review-shows-his-encouragement-of-others.json,2,no,no,not_mentioned,spiritual_realm,yes_explicit,not_mentioned,no,no_reason_given,yes_explicit,no,"The Being emphasized encouragement: after showing four scenes where he encouraged others, it said, ""More of this!""","""More of this!""; ""Trying to piece the clarity of the next world with the confusion of this world is very hard.""; ""I have zero fear of death."""
Life Review: Exchanging Loving Kindness with All,iands,data\iands\life-review-exchanging-loving-kindness-with-all.json,2,not_mentioned,not_mentioned,not_mentioned,spiritual_realm,implied,not_mentioned,no,earthly_mission,yes_explicit,no,"Told she 'contracted in to help others and the children, and get your PhD.'","""Oh, I’m going home today.""; ""You are only here for a little while; you can’t stay. You contracted in to help others and the children, and get your PhD.""; ""There won’t be any surgery; light and vibration will heal their organs.""; ""There aren’t any mistakes.""; ""We lost the young mom today.""; ""I don’t know what you are talking about; I have a pulse!"""
Left for dead on a pile of snow,iands,data\iands\left-for-dead-on-a-pile-of-snow.json,2,no,no,not_mentioned,spiritual_realm,implied,not_mentioned,no,not_your_time,no,no,,"""Then, as if a switch had been flipped I was in INSTANT PEACE."" / ""No one had better be sad. This is wonderful. What a perfect time to come home."" / ""He simply told me there had been a mistake and I was to go back."" / ""oh, (very reluctantly) I guess I’d better go back."""
Kayak spill gives teen visit with her angel plus new psychic abilities and new purpose,iands,data\iands\kayak-spill-gives-teen-visit-with-her-angel-plus-new-psychic-abilities-and-new-purpose.json,2,implied,no,not_mentioned,not_mentioned,yes_explicit,not_mentioned,no,not_your_time,yes_explicit,no,Told to go back and 'finish your work on Earth' and 'be there for them'; later understood she was meant to heal others.,"""God, please help me!""; ""You have arrived too soon, the time has not come yet for you to be here. You must go back and finish your work on Earth.""; ""I am Yahshael. I have been with you since the dawn of time, and I will be with you for eternity.""; ""You cannot cross the barrier. It is time for you to go back to your existence on Earth."""
In the Highest Plain,iands,data\iands\in-the-highest-plain.json,2,no,no,not_mentioned,spiritual_realm,yes_explicit,not_mentioned,no,not_your_time,no,no,,"""Nicholas, it is not your time""; ""Why was I sent back to this world filled with pain and suffering.""; ""Though I walk through the valley of death, I fear no evil for the Lord is with me..."""
I'm completely different since...,iands,data\iands\i-m-completely-different-since.json,2,not_mentioned,not_mentioned,not_mentioned,spiritual_realm,implied,not_mentioned,not_mentioned,family_responsibility,no,no,,"“That is your choice. Right now, whether you live or go on in the nonphysical is up to you. It is always your choice when you want to go. You are given several opportunities in your life to choose to stay on the earth or go Home. So I ask you, what do you choose?”"
"I am a bird, and thus starts my life",iands,data\iands\i-am-a-bird-and-thus-starts-my-life.json,2,no,no,not_mentioned,spiritual_realm,implied,none,no,no_reason_given,no,no,,"“Everything, including the bird, emanated a pure, otherworldly white light.”

“I actually was the bird.”

“This place, this 'reality,' seemed so much foggier and darker than the other place. So much less real.”

“We are not alone, and there is no reason to fear death, as it is not an ending, but a beginning.”"
Hodgkin's Disease Respiratory Failure,iands,data\iands\hodgkin-s-disease-respiratory-failure.json,2,no,no,not_mentioned,spiritual_realm,implied,none,no,not_mentioned,no,not_mentioned,,"“Everything, including me, dissipated-- became like mist-- … It was more like knowing what was beyond the mist…”; “there was only one reality”; “The reality was very strong, overwhelming in fact, and singular. It had consciousness.”; “The quality of its attention was like that of a new mother holding her long-awaited firstborn child”; “I did not feel separate from that reality. I felt myself coalesce with it…”; “The fog re-formed and rebuilt the world. Gently, I was back in my body. I cried for weeks.”"
Tyrone H NDE 13022,nderf,data\nderf\05453_tyrone-h-nde-13022.json,2,yes_explicit,not_mentioned,not_mentioned,not_mentioned,yes_explicit,not_mentioned,not_mentioned,not_your_time,no,not_mentioned,,"“Then I saw my spirit/essence rising from the gurney. In real time, I watched myself dying.”; “Oh, this is not your time you have to go back”; “I’m back.”; “God I commit my body into your hands; do what you do.”; “You were healed physically instantly but the rest is up to you.”; “I told you I wasn't going anywhere.”"
David J NDE 13002,nderf,data\nderf\05441_david-j-nde-13002.json,2,yes_explicit,not_mentioned,not_mentioned,not_mentioned,yes_explicit,not_mentioned,not_mentioned,other,not_mentioned,not_mentioned,,"“I was way out into space, like I was shot from a canon.” “When I stopped, I was enclosed in a dark ambe-like light.” “If I kept going, I couldn't go back to my body.” “I was instantly back in my body, lying on the street and fighting for my life.”"
Jennifer B NDE 13000,nderf,data\nderf\05440_jennifer-b-nde-13000.json,2,yes_explicit,not_mentioned,not_mentioned,not_mentioned,yes_explicit,not_mentioned,not_mentioned,not_mentioned,no,not_mentioned,,"“God, you get down here, now, and fix my life or take me home.”; “You can’t do that! You can’t bring people here and then send them back to that! It’s just not right!”; “Nay. Stand, stand. All are equal.”"
Jean-Jacques F NDE 9998,nderf,data\nderf\05437_jean-jacques-f-nde-9998.json,2,no,no,not_mentioned,spiritual_realm,implied,not_mentioned,no,no_reason_given,no,no,,"""I felt myself floating face down over my body and rising up towards the ceiling""; ""a long and upward dark tunnel appeared behind me at about a 45-degree angle""; ""I was overwhelmed with feelings of Happiness, peace, unconditional love""; ""It was as though I was returning home after a long trip abroad""; ""mere words cannot describe."""
John F NDE 9997,nderf,data\nderf\05436_john-f-nde-9997.json,2,no,not_mentioned,not_mentioned,spiritual_realm,yes_explicit,not_mentioned,no,family_responsibility,no,no,,"“Everything was dark, but I felt so much love and peace.”; “It felt like I was in space.”; “I got to go back. I had an argument with my son.”; “It was like I was a star.”; “I’m not afraid to die anymore.”"
Tomas S. NDE 9974,nderf,data\nderf\05419_tomas-s-nde-9974.json,2,no,no,not_mentioned,spiritual_realm,yes_explicit,not_mentioned,no,not_your_time,no,not_mentioned,,"“What is the purpose of my life?” … “Do whatever you like, just do not hurt others.”"
Leea W NDE 9965,nderf,data\nderf\05412_leea-w-nde-9965.json,2,no,not_mentioned,not_mentioned,spiritual_realm,yes_explicit,not_mentioned,not_mentioned,earthly_mission,yes_explicit,no,Told she would return because she still had 'work to do.',"“If you can visualize a soap bubble blown and floating in the air until it pops, that's what it felt like to me.”; “I was instantly in this incredible sea of living light.”; “I was told I would return because I still had work to do.”; “when the body-vehicle is dropped, our consciousness does not blink, not even for a nanosecond.”"
Robert E NDE 9944,nderf,data\nderf\05398_robert-e-nde-9944.json,2,yes_explicit,not_mentioned,not_mentioned,not_mentioned,yes_explicit,not_mentioned,not_mentioned,not_mentioned,not_mentioned,not_mentioned,,"'Am I dead.' / 'Yes, you are.'; 'Praise Him.'; 'like being completely ripped apart'; 'put my body back on, as if I were putting on a set of clothes.'"
Amy B NDE 9939,nderf,data\nderf\05394_amy-b-nde-9939.json,2,no,no,not_mentioned,spiritual_realm,yes_explicit,not_mentioned,no,family_responsibility,no,no,,"“Suddenly, I felt like I went from my car to another realm.”; “There's was no tunnel.”; “I could not see myself.”; “It just felt like I went from earth to another realm.”; “I just saw God.”; “God is REAL!”"
Anastasia F NDE 9936,nderf,data\nderf\05392_anastasia-f-nde-9936.json,2,no,not_mentioned,not_mentioned,spiritual_realm,implied,not_mentioned,not_mentioned,no_reason_given,no,no,,“It was as if my body didn’t exist anymore. It was just 'me'.”; “It felt like I came home and that everything was okay.”; “It was like the tunnel closed its end.”
Sharon Q NDE 9915,nderf,data\nderf\05381_sharon-q-nde-9915.json,2,not_mentioned,not_mentioned,not_mentioned,spiritual_realm,yes_explicit,not_mentioned,not_mentioned,other,yes_explicit,no,Non-negotiable requirement to deal with alcohol addiction/stop drinking; described as a 'safety valve recall' to get life-path back on track.,"“I know this drill, done it thousands of times.”; “I was happy, joyous, and free!”; described the death as a “safety valve recall.”"
Birdie A NDE 9908,nderf,data\nderf\05377_birdie-a-nde-9908.json,2,yes_explicit,not_mentioned,not_mentioned,not_mentioned,yes_explicit,not_mentioned,not_mentioned,earthly_mission,implied,no,"Felt spared for a reason and needed to ""pay it forward"" with small everyday acts: be helpful, kind, and less judgmental.","“I did see a flash of light. Then I was hovering over myself.” / “Time seemed to stop.” / “Then I was above my body again and yelling at myself, 'MOVE!MOVE!MOVE!'”"
Donna C NDE 9893,nderf,data\nderf\05369_donna-c-nde-9893.json,2,yes_explicit,not_mentioned,not_mentioned,not_mentioned,yes_explicit,not_mentioned,no,other,no,no,,"""All vibrated with infinite octaves of Aum.""; ""I was blissful beyond description.""; ""if I continued on that the connection to my body would be destroyed.""; ""You are almost old enough to be on your own. Do you want to go through childhood again? For you have karma.""; ""Yes, but to not over-ask."""
Justine L NDE 9890,nderf,data\nderf\05368_justine-l-nde-9890.json,2,no,no,not_mentioned,spiritual_realm,yes_explicit,not_mentioned,not_mentioned,not_mentioned,implied,no,"On returning, she felt there was ""a purpose or job to do.""","“I felt the most profound, loving, and peaceful feeling.” “I remember feeling spread out or a part of everything. I also knew everything.” “My experience was like I was being watched by a big eye.” “I wasn't met by anyone; I just was. I was everything.” “the Justine before the experience wasn't really there anymore.”"
James R NDE 9868,nderf,data\nderf\05356_james-r-nde-9868.json,2,yes_explicit,not_mentioned,not_mentioned,not_mentioned,yes_explicit,not_mentioned,not_mentioned,other,no,not_mentioned,,"'yes, this way.'; 'yes, now fight'; 'I felt myself slam into my body.'; 'Everything was o.k. now.'"
Austin W NDE 9856,nderf,data\nderf\05348_austin-w-nde-9856.json,2,yes_explicit,no,not_mentioned,not_mentioned,yes_explicit,not_mentioned,no,other,no,no,,"""I suddenly experienced, all at once, everything and nothing."" ""All knowledge, all experience coalesced into one singular principle; 'I am.'"" ""I saw the whole of spacetime from the outside."" ""The only mystical being I witnessed was a shadow-person with white eyes and deer antlers."""
Ch NDE 91,nderf,data\nderf\10048_ch-nde-91.json,2,no,no,not_mentioned,spiritual_realm,yes_explicit,not_mentioned,no,not_your_time,no,no,,"""come you guys we're losing her we're losing her,""; ""go forward because there were much better things in store for me""; ""I didn't need a name where I was going""; ""once I floated out of the tunnel, I couldn't go back""; ""it felt as though a suction pulled me back down into my body""."
Jeff F,nderf,data\nderf\33145_jeff-f.json,2,implied,not_mentioned,not_mentioned,not_mentioned,implied,not_mentioned,no,earthly_mission,yes_explicit,no,“You must go back immediately; you have much more to do.” Also: spread love/positivity and make a positive difference.,"“If this is actually a heart attack, I am ready to go. My soul is tired and I am ready to leave this crazy world.” / “Do not step any further” / “You must go back immediately; you have much more to do” / “Physical life is precious and crucial to the universe” / “Love is the most powerful force in the universe” / Doctor: “Do you trust me?” Experiencer: “I have no choice.”"
"Archive through April 6, 2004 - Anonymous (Thursday, April 1, 2004 - 08:46 pm)",iands,data\iands\archive-through-april-6-2004-006.json,2,no,no,not_mentioned,spiritual_realm,yes_explicit,not_mentioned,no,no_reason_given,no,no,,"""My next sight was of me laying on the gurney, only I was 30 to 40 feet above looking down.""; ""a hole in a black background, a very bright white hole""; ""many times brighter than the sun, but it was relaxing.""; ""I saw her hit me WITH BOTH EYES!""; ""I have no fear of death""."
Sarah S,nderf,data\nderf\33114_sarah-s.json,2,no,no,not_mentioned,spiritual_realm,implied,none,no,other,implied,no,Implied need to continue earthly journey to not miss important experiences / what she is 'supposed to do on Earth.',"""I realized I was finally home. I was in the doorway of home.""; ""It spoke to me in the language of knowing.""; ""If I kept going, there would be no return to my body.""; ""Death is not an end but a transition into another vibration of existence.""; ""Most of all, whatever happens, everything is going to be okay."""
Brenda M,nderf,data\nderf\33110_brenda-m.json,2,no,no,not_mentioned,spiritual_realm,implied,not_mentioned,no,other,implied,no,“I know I’m supposed to teach from this experience… meant to help other people who come back with spiritual depression as well.”,"“To the left was the beautiful white light that I know so very well, but they said I couldn’t go that way this time.” / “They told me that I could stay forever… All I have to do is go to sleep.” / “I had finally made it back to the beautiful love that I have been homesick for for so many years… homesick for nowhere on earth.” / “It has been one week… They said it’s a spiritual depression.”"
"Archive through August 20, 2004 - Anonymous (Sunday, July 25, 2004 - 11:59 am)",iands,data\iands\archive-through-august-20-2004-006.json,2,yes_explicit,not_mentioned,not_mentioned,not_mentioned,yes_explicit,not_mentioned,not_mentioned,no_reason_given,not_mentioned,not_mentioned,,"""I remember a brilliant flash of white light."" ""Then I suddenly found myself in a tight space where it was very dark."" ""When I passed into that light, I saw a man... a doctor."" ""it's a boy!"" ""I did not speak, I cried! I CRIED LIKE A BABY"" ""As soon as I left my body... there was a barrier or boundary of sorts stopping me from leaving the room."" ""I was thrust, rather, SLAMMED back into my body."""
Christina G NDE 13215,nderf,data\nderf\05573_christina-g-nde-13215.json,2,no,not_mentioned,not_mentioned,spiritual_realm,implied,not_mentioned,not_mentioned,family_responsibility,yes_explicit,no,"Told she ""must return with new sight""; understood her suffering/pain was purposeful and that she was to help guide others out of darkness (including suicide prevention).","""Do you see now?""; ""I was in heaven, another realm where I felt at home and felt peaceful.""; ""I did not want to return to my body, as I had felt peace for the first time in my entire life."""
Caitlin O NDE 13206,nderf,data\nderf\05565_caitlin-o-nde-13206.json,2,yes_explicit,not_mentioned,not_mentioned,not_mentioned,yes_explicit,not_mentioned,not_mentioned,not_mentioned,no,not_mentioned,,"“After being hit in the head the first time, I felt as though I had slipped out of my body and shot 30 feet in the air.” “I watched from above the street light as he beat me for 10 more minutes.” “This is unfortunate that this had to happened.” “We are souls with personalities and not our bodies.” “Love is the blank canvas underneath all things.”"
Luis H Probable NDE 13198,nderf,data\nderf\05558_luis-h-probable-nde-13198.json,2,yes_explicit,not_mentioned,not_mentioned,not_mentioned,yes_explicit,not_mentioned,not_mentioned,family_responsibility,implied,not_mentioned,Final instruction emphasized love: “Love is the only thing that’s real.”,"“Relax and let go. All is well.” / “Yes, this is part of what humans call heaven.” / “God is everywhere, all the time, and in everything.” / “You can be a religious person if you like, but you don’t have to be because religion is of man, not of God.” / “I heard you asking for me. So here I am. I’ve always been here with you. And you have always been here with me.” / “Remember, all that truly matters is Love, Love is the only thing that’s real.”"
Janna W NDE 13192,nderf,data\nderf\05553_janna-w-nde-13192.json,2,not_mentioned,not_mentioned,not_mentioned,spiritual_realm,implied,not_mentioned,not_mentioned,earthly_mission,yes_explicit,no,Told telepathically it was not her time and she was to go back and figure out how to use her gift with others; later frames this as sharing the light/message of love and helping others not fear death.,"“Then, things changed and it seemed like my whole short life was quickly flashed before me like a movie reel.”; “An intensely bright, warm light enveloped me. It felt like the most tranquil home full of love and I did not want to leave.”; “A voice in my head, like telepathy, told me that it was not my time. I was to go back and figure out how to use my gift with others.”"
Kevin C Probable NDEs 13184 NDE 13184,nderf,data\nderf\05548_kevin-c-probable-ndes-13184-nde-13184.json,2,yes_explicit,no,not_mentioned,spiritual_realm,not_mentioned,not_mentioned,no,not_your_time,yes_explicit,no,Felt he had to stay on earth due to unfinished business and to help/take care of his family.,"'Not yet.'; 'That's it, let's go.'; 'Earth is not our home.'; 'This is the part that cannot be described, other than sheer bliss.'"
Jason D NDE 13181,nderf,data\nderf\05544_jason-d-nde-13181.json,2,yes_explicit,no,not_mentioned,not_mentioned,yes_explicit,not_mentioned,no,not_mentioned,no,no,,"“catapulted down and out of my body into what seemed like a cold, dark well”; “I heard terrible screams, along with horrible, hellish sounds”; “they telepathically communicated to me that I belonged with them there”; “I was rocketed back into my body.”"
Raimondo NDE 13173,nderf,data\nderf\05540_raimondo-nde-13173.json,2,yes_explicit,not_mentioned,not_mentioned,spiritual_realm,not_mentioned,not_mentioned,not_mentioned,not_your_time,no,not_mentioned,,"“Raimondo, turn back; it is not your time.”; “I was in His home, in His kingdom, the ‘Paradise’ of our Lord, Father of us all.”"
Yi-Ping T NDEs 13168 NDE 13168,nderf,data\nderf\05537_yi-ping-t-ndes-13168-nde-13168.json,2,yes_explicit,not_mentioned,not_mentioned,not_mentioned,implied,not_mentioned,not_mentioned,earthly_mission,implied,no,Stated God sent her back because 'my job was not done' and she had 'a purpose on the earth.',“I was in a completely dark place.” “Everything was shining like gold.” “I saw myself in the sky and I flew as a balloon.” “I started fall like an airplane crashing to the ground.” “I came to a barrier that I was not permitted to cross.”
Gavin M NDE 13150,nderf,data\nderf\05529_gavin-m-nde-13150.json,2,no,not_mentioned,not_mentioned,spiritual_realm,implied,not_mentioned,not_mentioned,no_reason_given,no,not_mentioned,,"""I was space without any feeling of restriction.""; ""We were both just space.""; ""She let me know that I shouldn't get comfortable because I wouldn't be staying long.""; ""I knew the human body was a vessel we used to interact with this world, nothing more."""
Tony R NDE 13136,nderf,data\nderf\05520_tony-r-nde-13136.json,2,not_mentioned,not_mentioned,not_mentioned,spiritual_realm,implied,not_mentioned,not_mentioned,no_reason_given,no,not_mentioned,,“I recall the sensation as if I were returning home after a being gone a long time.”
Alice S NDE 21640,nderf,data\nderf\01149_alice-s-nde-21640.json,2,implied,not_mentioned,not_mentioned,not_mentioned,implied,not_mentioned,not_mentioned,family_responsibility,implied,no,"Told she would have children; ""My son was important"" and ""when I was an old woman, I would be doing something special.""","""Honey, this is it""; ""She was me, and I was her""; ""I could see my body lying there... I knew I was dead""; ""although we had planned for me to leave at this time, some things had changed""; ""I'm supposed to be dead, and my neck is broken""."
Leonie W NDE 3131,nderf,data\nderf\01123_leonie-w-nde-3131.json,2,no,no,not_mentioned,spiritual_realm,implied,not_mentioned,no,family_responsibility,no,no,,"""I was surrounded by love."" ""I was encompassed by warmth and a sense of belonging I've never experienced since."" ""It was like everything was in some type of relief."" ""As soon as that thought passed through me, I was back in my body."""
Olma S NDE 3053,nderf,data\nderf\01083_olma-s-nde-3053.json,2,not_mentioned,not_mentioned,not_mentioned,spiritual_realm,yes_explicit,not_mentioned,not_mentioned,family_responsibility,no,no,,"'WOW I'm dead!!' ; 'WOW I'm home' ; 'Moving through velvety blackness with sparkles... somewhat tunnel like.' ; 'Strangely, I could not remember the meaning of life and it was as if a curtain had been pulled across that memory.'"
James E NDE 2962,nderf,data\nderf\01046_james-e-nde-2962.json,2,implied,not_mentioned,not_mentioned,not_mentioned,implied,not_mentioned,not_mentioned,not_your_time,no,no,,"""DON'T FALL.""; ""very much like a 'bit map' on a computer""; ""POOF, I'm in the light.""; ""You have to go back."""
Beverly B Possible NDE 2945,nderf,data\nderf\01031_beverly-b-possible-nde-2945.json,2,no,no,not_mentioned,spiritual_realm,yes_explicit,not_mentioned,no,not_mentioned,implied,no,She states she understands marrying and becoming a mother to be part of her mission; also describes becoming more loving/tolerant and living more responsibly.,"“I found myself floating on the ceiling over the bed looking down at my unconscious body.”
“a radiant being bathed in a shimmering white glow.”
“a large opening lead to a circular path… a white light shone through.”
“Finally… was the living presence of the Light… I was actually facing God!”
“all knowledge unfolded to me, like the instant blossoming of an infinite number of flowers all at once.”
“the feeling of being Home”
“I consider the rest of my life to be a passing fantasy, a brief dream that will end when I again awaken… ”"
Margaret W,nderf,data\nderf\33066_margaret-w.json,2,no,no,not_mentioned,spiritual_realm,implied,not_mentioned,no,family_responsibility,no,no,,"""the golden place""; ""I simply knew I had come home where my soul belonged.""; ""It felt like eternity and an instant at the same time.""; ""It was like plunging into a pool of agony."""
Meridian J,nderf,data\nderf\33052_meridian-j.json,2,no,no,not_mentioned,spiritual_realm,implied,not_mentioned,no,no_reason_given,not_mentioned,no,,"“I watched my body shut down from the inside like switches on a control panel.” / “My awareness became larger than the farm itself.” / “My arrival to the other side was punctuated by vast reaches of arms and hands… welcoming me home.” / “I was without form but dissolved into formless everything-ness.” / “Ever since my near-death experience, it was as if my soul was just barely buckled back into my body.” / “Divine homesickness.”"
Elleni D,nderf,data\nderf\33048_elleni-d.json,2,no,no,not_mentioned,spiritual_realm,implied,not_mentioned,no,family_responsibility,no,no,,"""In the name of Jesus, I don’t want to go with you,""; ""Even though the surgery went well, we lost her. It was tough for us.""; ""Your faith and prayers have brought her back. It was beyond our control."""
Brent S,nderf,data\nderf\33046_brent-s.json,2,yes_explicit,not_mentioned,no_choice,not_mentioned,yes_explicit,not_mentioned,no,earthly_mission,yes_explicit,implied,He was “instructed to share” an answer with a friend praying in the temple; later he describes a “new assignment” and being directed to focus on “joyful transition” rather than apocalyptic scenarios.,"“I suddenly became afraid… ‘If it is my time, then I accept.’”; “my heart exploded. I was free from the normal constraints of the body”; “connected to the internet of God”; “There was no judgment whatsoever”; “Would you like me to take you into the presence of Father?”; “my process was ‘100% complete.’”; “I do not recall exchanging any words with Her – just Her embrace, which felt like eternity.”"
Riley H,nderf,data\nderf\33034_riley-h.json,2,not_mentioned,not_mentioned,not_mentioned,spiritual_realm,yes_explicit,not_mentioned,not_mentioned,earthly_mission,yes_explicit,no,"Told by God: “So I’ll let you go back. But you must stay awake. If you don’t—the cards will lay where they lay.” Afterward frames purpose as living intentionally, pointing people toward God, reminding others death is not the end.",“Love is a choice. I am Love. And that life back there… was about Me. And you didn’t choose Me. You missed the boat.” / “You’ve impacted enough of My people… So I’ll let you go back. But you must stay awake. If you don’t—the cards will lay where they lay.” / “You’ll never be able to be perfect.”
Davide M NDE-like,nderf,data\nderf\13224_davide-m-nde-like.json,2,not_mentioned,not_mentioned,not_mentioned,spiritual_realm,implied,not_mentioned,not_mentioned,no_reason_given,no,no,,"""Do not follow me.""; ""Finally, it's about time! I am finally back!""; ""I felt like I was home.""; ""I didn't have to ask anything because I already knew everything.""; ""Love is the purpose of it all."""
James W NDE,nderf,data\nderf\13221_james-w-nde.json,2,implied,not_mentioned,chose_parents,not_mentioned,not_mentioned,not_mentioned,not_mentioned,not_your_time,no,not_mentioned,,"""I'm with the corpse,""; ""Ok. Yeah.""; ""I do not belong here."""
Tyler G NDE,nderf,data\nderf\13037_tyler-g-nde.json,2,not_mentioned,not_mentioned,not_mentioned,spiritual_realm,implied,not_mentioned,no,not_your_time,not_mentioned,not_mentioned,,"“I stood in a vast blue-and-white expanse, surrounded by a black geometric grid stretching infinitely in every direction.” “And somehow, I knew that light was Home.” “I relived every moment of my life, but not from my own perspective. I experienced it from every point of view.” “I lived a thousand lives in what must have been three Earth minutes. Time no longer existed.” “Then I heard a faint but powerful sound saying, 'Come back.' It wasn’t a voice exactly. It was more like a calling.” “And then I snapped back like a soul crashing into glass.”"
Jennifer B NDE,nderf,data\nderf\13000_jennifer-b-nde.json,2,yes_explicit,not_mentioned,not_mentioned,not_mentioned,yes_explicit,not_mentioned,not_mentioned,not_mentioned,not_mentioned,no,,"“Michael’s energy force pulled me out of my body and car.” / “I instantly realized Michael had taken me out of my body long before the crash even took place.” / “There was no emotion, thought, or separation. Telepathic knowing took the place of spoken language. I was unified with everything, everywhere, and completely immersed in love.” / “The light inside was so bright and blinding, it appeared black.” / “Nay. Stand, stand. All are equal.”"
David H NDE 145,nderf,data\nderf\10059_david-h-nde.json,2,no,no,not_mentioned,spiritual_realm,implied,not_mentioned,no,not_your_time,implied,no,Told: 'go off and be a good lad for there is much more for you to learn.',"""Go, I did - very very fast. All of my life's record played back from my birth until my death.""; ""So beautiful was his light, words cannot express.""; ""Please Lord, can I stay?"" / ""Hush, He would say, your time on earth has not been completed.""; ""WHAM!!! I am in my body again"""
Alexa H NDE 76,nderf,data\nderf\10050_alexa-h-nde-76.json,2,no,no,not_mentioned,spiritual_realm,yes_explicit,not_mentioned,no,not_your_time,implied,no,"After the NDE she 'knew I was to raise my children to be Christians, strong ones.'","""Oh Jesus, I hope you’re everything I’ve been worshipping all these years! ... God I give You my Soul…""; ""I can’t find a pulse""; ""Where’s the Crash cart?""; ""IS SHE COVERED BY THE BLOOD OF THE LAMB?""; ""IS IT HER TIME? NO!!!""; ""I WANT TO GO BACK…BACK""; nurse: ""Welcome home"" / ""We lost you there for a while."""
