title,dataset,source_file,soul_path,prebirth_indicator_count,has_trauma_markers,has_volunteer_markers,has_prebirth_awareness,return_reason,mission_commissioned,volunteer_language,premortal_existence_info,incarnation_choice,home_identification,identity_pre_body,sense_of_belonging,death_memory,past_life_memory
10 Day Coma - Sees Grandfather,iands,data\iands\10-day-coma-sees-grandfather.json,Ohkado,1,False,False,True,family_responsibility,yes_explicit,not_mentioned,not_mentioned,not_mentioned,not_mentioned,yes_explicit,not_mentioned,not_mentioned,not_mentioned
A Burst of Light Amid Violence,iands,data\iands\a-burst-of-light-amid-violence.json,Ohkado,1,False,False,True,not_your_time,no,no,not_mentioned,not_mentioned,not_mentioned,implied,not_mentioned,not_mentioned,not_mentioned
A lifetime: Brief moments of light when suddenly truth beams on us,iands,data\iands\a-lifetime-brief-moments-of-light-when-suddenly-truth-beams-on-us.json,Ohkado,1,False,False,True,family_responsibility,not_mentioned,no,not_mentioned,not_mentioned,not_mentioned,implied,not_mentioned,not_mentioned,not_mentioned
A Musical Note,iands,data\iands\a-musical-note.json,Ohkado,1,False,False,True,no_reason_given,not_mentioned,no,no,not_mentioned,not_mentioned,yes_explicit,explicit,not_mentioned,no
Above the Bleachers,iands,data\iands\above-the-bleachers.json,Ohkado,1,False,False,True,not_mentioned,not_mentioned,not_mentioned,not_mentioned,not_mentioned,not_mentioned,implied,not_mentioned,not_mentioned,not_mentioned
"Algerian Man Hit by Car Is Visited by Jesus, Mohammed, Shiva, and Female Deity",iands,data\iands\algerian-man-hit-by-car-is-visited-by-jesus-mohammed-shiva-and-female-deity.json,Ohkado,1,False,False,True,other,yes_explicit,no,not_mentioned,not_mentioned,not_mentioned,implied,not_mentioned,not_mentioned,not_mentioned
"All is Everything, Everything is One",iands,data\iands\all-is-everything-everything-is-one.json,Ohkado,3,False,False,True,family_responsibility,not_mentioned,not_mentioned,yes_explicit,chose_mission,not_mentioned,yes_explicit,not_mentioned,not_mentioned,no
An NDE during Child Birth,iands,data\iands\an-nde-during-child-birth.json,Ohkado,1,False,False,True,family_responsibility,not_mentioned,not_mentioned,no,not_mentioned,not_mentioned,implied,not_mentioned,not_mentioned,no
"Archive through April 10, 2003 - Anonymous (Thursday, April 10, 2003 - 05:05 pm)",iands,data\iands\archive-through-april-10-2003-001.json,Ohkado,1,False,False,True,other,no,no,no,not_mentioned,spiritual_realm,not_mentioned,explicit,not_mentioned,no
"Archive through April 10, 2003 - Anonymous (Tuesday, March 25, 2003 - 09:51 pm)",iands,data\iands\archive-through-april-10-2003-003.json,Ohkado,1,False,False,True,not_your_time,not_mentioned,no,no,not_mentioned,not_mentioned,implied,not_mentioned,not_mentioned,no
"Archive through April 10, 2003 - Anonymous (Tuesday, March 18, 2003 - 08:05 pm)",iands,data\iands\archive-through-april-10-2003-004.json,Ohkado,1,False,False,True,no_reason_given,not_mentioned,not_mentioned,not_mentioned,not_mentioned,spiritual_realm,not_mentioned,not_mentioned,not_mentioned,not_mentioned
"Archive through April 10, 2003 - Anonymous (Saturday, March 15, 2003 - 01:28 pm)",iands,data\iands\archive-through-april-10-2003-006.json,Ohkado,1,False,False,True,not_mentioned,not_mentioned,not_mentioned,not_mentioned,not_mentioned,not_mentioned,implied,not_mentioned,not_mentioned,not_mentioned
"Archive through April 10, 2003 - Anonymous (Saturday, March 15, 2003 - 01:07 pm)",iands,data\iands\archive-through-april-10-2003-008.json,Ohkado,1,False,False,True,no_reason_given,not_mentioned,no,no,not_mentioned,not_mentioned,yes_explicit,not_mentioned,not_mentioned,no
"Archive through April 10, 2003 - Anonymous (Monday, March 3, 2003 - 07:14 pm)",iands,data\iands\archive-through-april-10-2003-010.json,Ohkado,1,False,False,True,other,no,no,not_mentioned,not_mentioned,not_mentioned,implied,implied,not_mentioned,not_mentioned
"Archive through April 10, 2003 - Anonymous (Monday, March 3, 2003 - 06:59 pm)",iands,data\iands\archive-through-april-10-2003-011.json,Ohkado,2,False,False,True,not_mentioned,not_mentioned,not_mentioned,not_mentioned,not_mentioned,spiritual_realm,implied,explicit,not_mentioned,not_mentioned
"Archive through April 10, 2003 - Anonymous (Sunday, February 16, 2003 - 01:53 pm)",iands,data\iands\archive-through-april-10-2003-017.json,Ohkado,1,False,False,True,family_responsibility,implied,no,no,not_mentioned,not_mentioned,implied,implied,none,no
"Archive through April 6, 2004 - Anonymous (Thursday, April 1, 2004 - 08:48 pm)",iands,data\iands\archive-through-april-6-2004-004.json,Ohkado,1,False,False,True,family_responsibility,not_mentioned,no,no,not_mentioned,spiritual_realm,not_mentioned,explicit,not_mentioned,no
"Archive through April 6, 2004 - Anonymous (Thursday, April 1, 2004 - 08:46 pm)",iands,data\iands\archive-through-april-6-2004-006.json,Ohkado,2,False,False,True,no_reason_given,no,no,no,not_mentioned,spiritual_realm,yes_explicit,implied,not_mentioned,no
"Archive through April 6, 2004 - Anonymous (Tuesday, March 30, 2004 - 10:18 pm)",iands,data\iands\archive-through-april-6-2004-011.json,Ohkado,1,False,False,True,no_reason_given,no,no,no,not_mentioned,spiritual_realm,not_mentioned,explicit,not_mentioned,no
"Archive through April 6, 2004 - Anonymous (Tuesday, March 30, 2004 - 10:07 pm)",iands,data\iands\archive-through-april-6-2004-014.json,Ohkado,1,False,False,True,no_reason_given,no,no,no,not_mentioned,spiritual_realm,not_mentioned,explicit,not_mentioned,no
"Archive through April 6, 2004 - Anonymous (Tuesday, March 30, 2004 - 09:53 pm)",iands,data\iands\archive-through-april-6-2004-020.json,Ohkado,1,False,False,True,not_your_time,no,no,no,not_mentioned,not_mentioned,implied,not_mentioned,not_mentioned,no
"Archive through April 6, 2004 - Anonymous (Tuesday, March 30, 2004 - 09:39 pm)",iands,data\iands\archive-through-april-6-2004-024.json,Ohkado,1,False,False,True,not_mentioned,not_mentioned,not_mentioned,not_mentioned,not_mentioned,not_mentioned,implied,not_mentioned,not_mentioned,not_mentioned
"Archive through August 11, 2003 - Anonymous (Wednesday, July 16, 2003 - 05:41 pm)",iands,data\iands\archive-through-august-11-2003-006.json,Ohkado,1,False,False,True,no_reason_given,not_mentioned,not_mentioned,not_mentioned,not_mentioned,spiritual_realm,not_mentioned,explicit,not_mentioned,not_mentioned
"Archive through August 11, 2003 - Anonymous (Wednesday, July 9, 2003 - 02:16 pm)",iands,data\iands\archive-through-august-11-2003-013.json,Ohkado,1,False,False,True,not_mentioned,not_mentioned,no,no,not_mentioned,not_mentioned,yes_explicit,not_mentioned,not_mentioned,no
"Archive through August 11, 2003 - Anonymous (Saturday, July 5, 2003 - 06:40 pm)",iands,data\iands\archive-through-august-11-2003-018.json,Ohkado,1,False,False,True,not_mentioned,not_mentioned,not_mentioned,not_mentioned,not_mentioned,spiritual_realm,not_mentioned,not_mentioned,not_mentioned,not_mentioned
"Archive through August 11, 2003 - Anonymous (Wednesday, June 4, 2003 - 09:07 am)",iands,data\iands\archive-through-august-11-2003-025.json,Ohkado,1,False,False,True,not_mentioned,not_mentioned,not_mentioned,not_mentioned,not_mentioned,not_mentioned,not_mentioned,not_mentioned,not_mentioned,not_mentioned
"Archive through August 20, 2004 - Anonymous (Friday, August 20, 2004 - 08:17 pm)",iands,data\iands\archive-through-august-20-2004-005.json,Ohkado,1,False,False,True,not_your_time,no,no,not_mentioned,not_mentioned,not_mentioned,implied,no,not_mentioned,no
"Archive through August 20, 2004 - Anonymous (Sunday, July 25, 2004 - 11:59 am)",iands,data\iands\archive-through-august-20-2004-006.json,Ohkado,2,False,False,True,no_reason_given,not_mentioned,not_mentioned,yes_explicit,not_mentioned,not_mentioned,yes_explicit,not_mentioned,not_mentioned,not_mentioned
"Archive through August 20, 2004 - Anonymous (Thursday, July 8, 2004 - 09:37 pm)",iands,data\iands\archive-through-august-20-2004-009.json,Ohkado,1,False,False,True,no_reason_given,not_mentioned,no,no,not_mentioned,not_mentioned,implied,explicit,not_mentioned,no
"Archive through August 20, 2004 - Anonymous (Thursday, July 8, 2004 - 09:35 pm)",iands,data\iands\archive-through-august-20-2004-010.json,Ohkado,1,False,False,True,no_reason_given,not_mentioned,not_mentioned,not_mentioned,not_mentioned,not_mentioned,implied,not_mentioned,not_mentioned,not_mentioned
"Archive through August 20, 2004 - Anonymous (Thursday, July 8, 2004 - 09:33 pm)",iands,data\iands\archive-through-august-20-2004-012.json,Ohkado,1,False,False,True,no_reason_given,no,no,no,not_mentioned,not_mentioned,implied,not_mentioned,not_mentioned,no
"Archive through August 20, 2004 - Anonymous (Thursday, July 8, 2004 - 09:32 pm)",iands,data\iands\archive-through-august-20-2004-013.json,Ohkado,1,False,False,True,other,yes_explicit,no,not_mentioned,not_mentioned,spiritual_realm,not_mentioned,explicit,not_mentioned,not_mentioned
"Archive through August 20, 2004 - Anonymous (Thursday, July 8, 2004 - 09:31 pm)",iands,data\iands\archive-through-august-20-2004-014.json,Ohkado,1,False,False,True,not_mentioned,not_mentioned,not_mentioned,not_mentioned,not_mentioned,not_mentioned,implied,not_mentioned,not_mentioned,not_mentioned
"Archive through August 20, 2004 - Anonymous (Thursday, July 8, 2004 - 09:17 pm)",iands,data\iands\archive-through-august-20-2004-023.json,Ohkado,1,False,False,True,no_reason_given,not_mentioned,no,no,not_mentioned,not_mentioned,implied,not_mentioned,not_mentioned,no
"Archive through December 19, 2002 - Anonymous (Thursday, December 19, 2002 - 04:17 pm)",iands,data\iands\archive-through-december-19-2002-001.json,Ohkado,2,False,False,True,not_your_time,no,no,no,not_mentioned,spiritual_realm,implied,explicit,not_mentioned,no
"Archive through December 19, 2002 - Anonymous (Sunday, December 8, 2002 - 12:45 pm)",iands,data\iands\archive-through-december-19-2002-004.json,Ohkado,2,False,False,True,not_your_time,no,no,no,not_mentioned,spiritual_realm,implied,implied,not_mentioned,not_mentioned
"Archive through December 19, 2002 - Anonymous (Sunday, October 13, 2002 - 03:41 pm)",iands,data\iands\archive-through-december-19-2002-016.json,Ohkado,1,False,False,True,family_responsibility,no,no,no,not_mentioned,not_mentioned,yes_explicit,no,not_mentioned,no
"Archive through December 19, 2002 - Anonymous (Sunday, October 13, 2002 - 02:41 pm)",iands,data\iands\archive-through-december-19-2002-018.json,Ohkado,1,False,False,True,family_responsibility,not_mentioned,no,no,not_mentioned,spiritual_realm,not_mentioned,implied,not_mentioned,no
"Archive through December 19, 2002 - Anonymous (Wednesday, September 18, 2002 - 07:45 pm)",iands,data\iands\archive-through-december-19-2002-022.json,Ohkado,1,False,False,True,not_mentioned,no,no,no,not_mentioned,not_mentioned,implied,not_mentioned,not_mentioned,no
"Archive through December 19, 2002 - Anonymous (Monday, September 16, 2002 - 09:15 am)",iands,data\iands\archive-through-december-19-2002-023.json,Ohkado,1,False,False,True,family_responsibility,implied,no,no,not_mentioned,spiritual_realm,not_mentioned,explicit,not_mentioned,no
"Archive through December 5, 2003 - Anonymous (Thursday, December 4, 2003 - 03:30 pm)",iands,data\iands\archive-through-december-5-2003-004.json,Ohkado,1,False,False,True,other,implied,no,not_mentioned,not_mentioned,spiritual_realm,not_mentioned,explicit,not_mentioned,not_mentioned
"Archive through December 5, 2003 - Anonymous (Wednesday, November 12, 2003 - 11:51 am)",iands,data\iands\archive-through-december-5-2003-009.json,Ohkado,1,False,False,True,no_reason_given,no,no,implied,not_mentioned,not_mentioned,not_mentioned,no,not_mentioned,no
"Archive through December 5, 2003 - Anonymous (Tuesday, November 11, 2003 - 09:44 pm)",iands,data\iands\archive-through-december-5-2003-012.json,Ohkado,1,False,False,True,no_reason_given,no,no,no,not_mentioned,not_mentioned,implied,not_mentioned,not_mentioned,no
"Archive through December 5, 2003 - Anonymous (Tuesday, November 11, 2003 - 05:02 pm)",iands,data\iands\archive-through-december-5-2003-014.json,Ohkado,1,False,False,True,not_your_time,no,no,no,not_mentioned,not_mentioned,implied,no,not_mentioned,no
"Archive through December 5, 2003 - reviewer (Tuesday, November 11, 2003 - 04:39 pm)",iands,data\iands\archive-through-december-5-2003-021.json,Ohkado,1,False,False,True,other,no,no,no,not_mentioned,not_mentioned,implied,not_mentioned,not_mentioned,no
"Archive through December 5, 2003 - Anonymous (Sunday, September 28, 2003 - 01:11 pm)",iands,data\iands\archive-through-december-5-2003-024.json,Ohkado,1,False,False,True,no_reason_given,no,no,no,not_mentioned,spiritual_realm,not_mentioned,explicit,not_mentioned,no
"Archive through December 5, 2003 - Anonymous (Sunday, September 28, 2003 - 12:20 pm)",iands,data\iands\archive-through-december-5-2003-025.json,Ohkado,1,False,False,True,family_responsibility,no,not_mentioned,not_mentioned,not_mentioned,not_mentioned,implied,not_mentioned,not_mentioned,not_mentioned
"Archive through February 09, 2003 - Anonymous (Thursday, February 6, 2003 - 06:01 pm)",iands,data\iands\archive-through-february-09-2003-002.json,Ohkado,1,False,False,True,not_your_time,no,no,no,not_mentioned,not_mentioned,implied,not_mentioned,not_mentioned,no
"Archive through February 09, 2003 - Anonymous (Tuesday, January 14, 2003 - 07:10 pm)",iands,data\iands\archive-through-february-09-2003-012.json,Ohkado,1,False,False,True,family_responsibility,no,no,no,not_mentioned,not_mentioned,implied,not_mentioned,not_mentioned,no
"Archive through February 09, 2003 - Anonymous (Tuesday, January 14, 2003 - 07:03 pm)",iands,data\iands\archive-through-february-09-2003-013.json,Ohkado,1,False,False,True,not_your_time,not_mentioned,no,no,not_mentioned,not_mentioned,implied,not_mentioned,not_mentioned,no
"Archive through February 09, 2003 - Anonymous (Tuesday, January 7, 2003 - 08:06 pm)",iands,data\iands\archive-through-february-09-2003-015.json,Ohkado,1,False,False,True,family_responsibility,not_mentioned,not_mentioned,no,not_mentioned,not_mentioned,implied,not_mentioned,not_mentioned,no
"Archive through February 09, 2003 - Anonymous (Thursday, December 26, 2002 - 09:48 pm)",iands,data\iands\archive-through-february-09-2003-020.json,Ohkado,1,False,False,True,not_your_time,no,no,no,not_mentioned,not_mentioned,implied,not_mentioned,none,no
"Archive through February 09, 2003 - Anonymous (Thursday, December 26, 2002 - 09:44 pm)",iands,data\iands\archive-through-february-09-2003-021.json,Ohkado,1,False,False,True,not_your_time,yes_explicit,no,no,not_mentioned,spiritual_realm,not_mentioned,explicit,not_mentioned,no
"Archive through February 09, 2003 - Anonymous (Sunday, December 22, 2002 - 02:23 pm)",iands,data\iands\archive-through-february-09-2003-025.json,Ohkado,2,False,False,True,not_mentioned,implied,no,no,not_mentioned,spiritual_realm,implied,implied,not_mentioned,no
"Archive through February 26, 2002 - Anonymous (prime.kapa.net - 206.135.162.167) (Monday, February 25, 2002 - 02:49 pm)",iands,data\iands\archive-through-february-26-2002-004.json,Ohkado,1,False,False,True,not_mentioned,not_mentioned,not_mentioned,not_mentioned,not_mentioned,not_mentioned,implied,not_mentioned,not_mentioned,not_mentioned
"Archive through February 26, 2002 - Anonymous (prime.kapa.net - 206.135.162.167) (Monday, February 25, 2002 - 02:23 pm)",iands,data\iands\archive-through-february-26-2002-010.json,Ohkado,1,False,False,True,not_mentioned,no,no,no,not_mentioned,not_mentioned,yes_explicit,not_mentioned,none,no
"Archive through February 26, 2002 - Anonymous (prime.kapa.net - 206.135.162.167) (Tuesday, February 5, 2002 - 12:44 pm)",iands,data\iands\archive-through-february-26-2002-018.json,Ohkado,1,False,False,True,not_your_time,not_mentioned,no,no,not_mentioned,not_mentioned,implied,not_mentioned,not_mentioned,no
"Archive through February 26, 2002 - Anonymous (prime.kapa.net - 206.135.162.167) (Tuesday, February 5, 2002 - 12:39 pm)",iands,data\iands\archive-through-february-26-2002-020.json,Ohkado,1,False,False,True,family_responsibility,not_mentioned,not_mentioned,not_mentioned,not_mentioned,spiritual_realm,not_mentioned,not_mentioned,not_mentioned,not_mentioned
"Archive through February 26, 2002 - Anonymous (prime.kapa.net - 206.135.162.167) (Wednesday, January 23, 2002 - 11:00 am)",iands,data\iands\archive-through-february-26-2002-025.json,Ohkado,1,False,False,True,not_mentioned,not_mentioned,not_mentioned,no,not_mentioned,not_mentioned,yes_explicit,not_mentioned,not_mentioned,no
"Archive through February 26, 2002 - Anonymous (prime.kapa.net - 206.135.162.167) (Wednesday, January 23, 2002 - 10:45 am)",iands,data\iands\archive-through-february-26-2002-026.json,Ohkado,1,False,False,True,not_mentioned,not_mentioned,not_mentioned,not_mentioned,not_mentioned,not_mentioned,implied,not_mentioned,not_mentioned,not_mentioned
"Archive through February 26, 2002 - Anonymous (prime.kapa.net - 206.135.162.167) (Wednesday, January 23, 2002 - 10:35 am)",iands,data\iands\archive-through-february-26-2002-028.json,Ohkado,1,False,False,True,no_reason_given,no,no,no,not_mentioned,not_mentioned,implied,not_mentioned,none,no
"Archive through January 3, 2005 - Anonymous (Monday, January 3, 2005 - 09:16 pm)",iands,data\iands\archive-through-january-3-2005-001.json,Ohkado,1,False,False,True,family_responsibility,no,no,no,not_mentioned,not_mentioned,implied,no,not_mentioned,no
"Archive through January 3, 2005 - Anonymous (Tuesday, October 26, 2004 - 11:07 am)",iands,data\iands\archive-through-january-3-2005-008.json,Ohkado,3,False,False,True,no_reason_given,no,no,yes_explicit,not_mentioned,spiritual_realm,yes_explicit,explicit,not_mentioned,no
"Archive through January 3, 2005 - Anonymous (Tuesday, October 26, 2004 - 11:06 am)",iands,data\iands\archive-through-january-3-2005-009.json,Ohkado,1,False,False,True,not_mentioned,not_mentioned,not_mentioned,not_mentioned,not_mentioned,spiritual_realm,not_mentioned,explicit,not_mentioned,not_mentioned
"Archive through January 3, 2005 - Anonymous (Tuesday, October 26, 2004 - 11:03 am)",iands,data\iands\archive-through-january-3-2005-011.json,Ohkado,1,False,False,True,other,yes_explicit,no,no,not_mentioned,not_mentioned,implied,not_mentioned,not_mentioned,no
"Archive through January 3, 2005 - Anonymous (Friday, August 20, 2004 - 08:25 pm)",iands,data\iands\archive-through-january-3-2005-021.json,Ohkado,1,False,False,True,not_your_time,not_mentioned,not_mentioned,no,not_mentioned,not_mentioned,implied,not_mentioned,not_mentioned,no
"Archive through January 3, 2005 - Anonymous (Friday, August 20, 2004 - 08:23 pm)",iands,data\iands\archive-through-january-3-2005-022.json,Ohkado,1,False,False,True,family_responsibility,not_mentioned,no,no,not_mentioned,not_mentioned,yes_explicit,not_mentioned,not_mentioned,no
"Archive through July 15, 2002 - Anonymous (Monday, June 10, 2002 - 07:38 pm)",iands,data\iands\archive-through-july-15-2002-006.json,Ohkado,1,False,False,True,not_mentioned,implied,not_mentioned,no,not_mentioned,not_mentioned,implied,not_mentioned,not_mentioned,no
"Archive through July 15, 2002 - Anonymous (Monday, June 10, 2002 - 07:05 pm)",iands,data\iands\archive-through-july-15-2002-010.json,Ohkado,1,False,False,True,not_mentioned,not_mentioned,not_mentioned,not_mentioned,not_mentioned,not_mentioned,implied,not_mentioned,not_mentioned,not_mentioned
"Archive through July 15, 2002 - Anonymous (Friday, June 7, 2002 - 08:12 pm)",iands,data\iands\archive-through-july-15-2002-014.json,Ohkado,2,False,False,True,no_reason_given,implied,no,no,not_mentioned,spiritual_realm,yes_explicit,implied,not_mentioned,no
"Archive through July 15, 2002 - Anonymous (Wednesday, June 5, 2002 - 08:22 pm)",iands,data\iands\archive-through-july-15-2002-016.json,Ohkado,1,False,False,True,not_your_time,no,no,no,not_mentioned,not_mentioned,implied,not_mentioned,none,no
"Archive through July 15, 2002 - Anonymous (Saturday, June 1, 2002 - 11:16 pm)",iands,data\iands\archive-through-july-15-2002-018.json,Ohkado,2,False,False,True,no_reason_given,not_mentioned,no,no,not_mentioned,spiritual_realm,implied,explicit,not_mentioned,no
"Archive through July 15, 2002 - Anonymous (Monday, May 27, 2002 - 06:59 pm)",iands,data\iands\archive-through-july-15-2002-020.json,Ohkado,1,False,False,True,other,yes_explicit,no,no,not_mentioned,spiritual_realm,not_mentioned,implied,not_mentioned,no
"Archive through June 2, 2003 - Anonymous (Monday, June 2, 2003 - 09:23 am)",iands,data\iands\archive-through-june-2-2003-001.json,Ohkado,1,False,False,True,not_your_time,implied,no,no,not_mentioned,not_mentioned,implied,not_mentioned,not_mentioned,no
"Archive through June 2, 2003 - Anonymous (Monday, June 2, 2003 - 08:52 am)",iands,data\iands\archive-through-june-2-2003-003.json,Ohkado,1,False,False,True,not_your_time,implied,no,no,not_mentioned,spiritual_realm,not_mentioned,explicit,not_mentioned,no
"Archive through June 2, 2003 - Anonymous (Monday, June 2, 2003 - 08:05 am)",iands,data\iands\archive-through-june-2-2003-004.json,Ohkado,2,False,False,True,no_reason_given,no,no,implied,not_mentioned,not_mentioned,implied,not_mentioned,not_mentioned,no
"Archive through June 2, 2003 - Anonymous (Wednesday, April 30, 2003 - 07:40 pm)",iands,data\iands\archive-through-june-2-2003-021.json,Ohkado,1,False,False,True,family_responsibility,no,no,no,not_mentioned,not_mentioned,implied,not_mentioned,none,no
"Archive through June 2, 2003 - Anonymous (Tuesday, April 29, 2003 - 11:06 am)",iands,data\iands\archive-through-june-2-2003-023.json,Ohkado,1,False,False,True,family_responsibility,no,no,no,not_mentioned,not_mentioned,implied,not_mentioned,not_mentioned,no
"Archive through March 11, 2004 - Anonymous (Thursday, March 4, 2004 - 09:08 pm)",iands,data\iands\archive-through-march-11-2004-005.json,Ohkado,1,False,False,True,not_your_time,no,no,no,not_mentioned,not_mentioned,implied,not_mentioned,not_mentioned,no
"Archive through March 11, 2004 - Anonymous (Thursday, March 4, 2004 - 09:00 pm)",iands,data\iands\archive-through-march-11-2004-007.json,Ohkado,1,False,False,True,not_your_time,yes_explicit,no,no,not_mentioned,spiritual_realm,not_mentioned,explicit,not_mentioned,no
"Archive through March 11, 2004 - Anonymous (Thursday, March 4, 2004 - 08:58 pm)",iands,data\iands\archive-through-march-11-2004-009.json,Ohkado,2,False,False,True,family_responsibility,yes_explicit,no,no,not_mentioned,spiritual_realm,implied,explicit,not_mentioned,no
"Archive through March 11, 2004 - Anonymous (Thursday, March 4, 2004 - 08:54 pm)",iands,data\iands\archive-through-march-11-2004-011.json,Ohkado,1,False,False,True,not_your_time,not_mentioned,no,no,not_mentioned,spiritual_realm,not_mentioned,explicit,not_mentioned,no
"Archive through March 11, 2004 - Anonymous (Thursday, March 4, 2004 - 08:46 pm)",iands,data\iands\archive-through-march-11-2004-013.json,Ohkado,1,False,False,True,no_reason_given,no,no,no,not_mentioned,spiritual_realm,not_mentioned,not_mentioned,none,no
"Archive through March 11, 2004 - Anonymous (Saturday, January 3, 2004 - 01:49 pm)",iands,data\iands\archive-through-march-11-2004-021.json,Ohkado,1,False,False,True,not_your_time,no,no,no,not_mentioned,not_mentioned,yes_explicit,not_mentioned,not_mentioned,no
"Archive through March 11, 2004 - Anonymous (Monday, December 29, 2003 - 07:07 pm)",iands,data\iands\archive-through-march-11-2004-022.json,Ohkado,1,False,False,True,no_reason_given,not_mentioned,not_mentioned,not_mentioned,not_mentioned,not_mentioned,yes_explicit,not_mentioned,not_mentioned,not_mentioned
"Archive through March 11, 2004 - Anonymous (Thursday, December 11, 2003 - 03:39 pm)",iands,data\iands\archive-through-march-11-2004-025.json,Ohkado,2,False,False,True,other,no,no,no,not_mentioned,spiritual_realm,implied,explicit,not_mentioned,no
"Archive through March 30, 2004 - Anonymous (Tuesday, March 30, 2004 - 09:29 pm)",iands,data\iands\archive-through-march-30-2004-001.json,Ohkado,1,False,False,True,not_your_time,no,no,no,not_mentioned,not_mentioned,implied,not_mentioned,not_mentioned,no
"Archive through March 30, 2004 - Anonymous (Tuesday, March 30, 2004 - 09:28 pm)",iands,data\iands\archive-through-march-30-2004-002.json,Ohkado,2,False,False,True,other,implied,no,no,not_mentioned,spiritual_realm,yes_explicit,explicit,not_mentioned,no
"Archive through March 30, 2004 - Anonymous (Tuesday, March 30, 2004 - 09:23 pm)",iands,data\iands\archive-through-march-30-2004-006.json,Ohkado,1,False,False,True,not_mentioned,implied,no,not_mentioned,not_mentioned,not_mentioned,implied,not_mentioned,not_mentioned,no
"Archive through March 30, 2004 - Anonymous (Tuesday, March 30, 2004 - 09:18 pm)",iands,data\iands\archive-through-march-30-2004-010.json,Ohkado,1,False,False,True,other,no,not_mentioned,not_mentioned,not_mentioned,not_mentioned,implied,not_mentioned,not_mentioned,not_mentioned
"Archive through March 30, 2004 - Anonymous (Tuesday, March 30, 2004 - 09:17 pm)",iands,data\iands\archive-through-march-30-2004-011.json,Ohkado,3,False,False,True,not_mentioned,not_mentioned,not_mentioned,implied,not_mentioned,spiritual_realm,implied,explicit,not_mentioned,not_mentioned
"Archive through March 30, 2004 - Anonymous (Tuesday, March 30, 2004 - 09:10 pm)",iands,data\iands\archive-through-march-30-2004-014.json,Ohkado,1,False,False,True,family_responsibility,yes_explicit,not_mentioned,not_mentioned,not_mentioned,spiritual_realm,not_mentioned,explicit,not_mentioned,not_mentioned
"Archive through March 30, 2004 - Anonymous (Thursday, March 25, 2004 - 09:14 pm)",iands,data\iands\archive-through-march-30-2004-016.json,Ohkado,1,False,False,True,not_your_time,yes_explicit,no,no,not_mentioned,not_mentioned,yes_explicit,not_mentioned,not_mentioned,no
"Archive through March 30, 2004 - Anonymous (Thursday, March 25, 2004 - 09:01 pm)",iands,data\iands\archive-through-march-30-2004-017.json,Ohkado,1,False,False,True,no_reason_given,not_mentioned,not_mentioned,not_mentioned,not_mentioned,not_mentioned,implied,not_mentioned,not_mentioned,not_mentioned
"Archive through March 30, 2004 - Anonymous (Thursday, March 11, 2004 - 12:59 pm)",iands,data\iands\archive-through-march-30-2004-024.json,Ohkado,1,False,False,True,not_mentioned,not_mentioned,not_mentioned,not_mentioned,not_mentioned,not_mentioned,implied,implied,not_mentioned,not_mentioned
"Archive through May 09, 2002 - Anonymous (Thursday, May 9, 2002 - 10:51 pm)",iands,data\iands\archive-through-may-09-2002-002.json,Ohkado,1,False,False,True,no_reason_given,not_mentioned,no,no,not_mentioned,not_mentioned,yes_explicit,not_mentioned,none,no
"Archive through May 09, 2002 - Anonymous (Tuesday, May 7, 2002 - 10:46 pm)",iands,data\iands\archive-through-may-09-2002-007.json,Ohkado,1,False,False,True,family_responsibility,no,no,no,not_mentioned,not_mentioned,implied,not_mentioned,not_mentioned,no
"Archive through May 09, 2002 - Anonymous (Thursday, April 4, 2002 - 12:30 pm)",iands,data\iands\archive-through-may-09-2002-009.json,Ohkado,1,False,False,True,not_your_time,no,not_mentioned,no,not_mentioned,spiritual_realm,not_mentioned,explicit,not_mentioned,no
"Archive through May 09, 2002 - Anonymous (Thursday, April 4, 2002 - 12:25 pm)",iands,data\iands\archive-through-may-09-2002-010.json,Ohkado,2,False,False,True,other,no,no,implied,not_mentioned,spiritual_realm,not_mentioned,explicit,not_mentioned,no
"Archive through May 09, 2002 - Anonymous (Thursday, April 4, 2002 - 12:12 pm)",iands,data\iands\archive-through-may-09-2002-014.json,Ohkado,1,False,False,True,no_reason_given,no,no,no,not_mentioned,not_mentioned,yes_explicit,not_mentioned,not_mentioned,no
"Archive through May 09, 2002 - Anonymous (prime.kapa.net - 206.135.162.167) (Tuesday, February 26, 2002 - 12:35 pm)",iands,data\iands\archive-through-may-09-2002-018.json,Ohkado,1,False,False,True,family_responsibility,not_mentioned,no,no,not_mentioned,not_mentioned,implied,not_mentioned,not_mentioned,no
"Archive through May 09, 2002 - Anonymous (prime.kapa.net - 206.135.162.167) (Tuesday, February 26, 2002 - 12:33 pm)",iands,data\iands\archive-through-may-09-2002-019.json,Ohkado,1,False,False,True,no_reason_given,no,no,no,not_mentioned,not_mentioned,yes_explicit,not_mentioned,not_mentioned,no
"Archive through May 09, 2002 - Anonymous (prime.kapa.net - 206.135.162.167) (Tuesday, February 26, 2002 - 12:21 pm)",iands,data\iands\archive-through-may-09-2002-021.json,Ohkado,1,False,False,True,family_responsibility,not_mentioned,no,no,not_mentioned,not_mentioned,implied,not_mentioned,not_mentioned,no
"Archive through May 09, 2002 - Anonymous (prime.kapa.net - 206.135.162.167) (Tuesday, February 26, 2002 - 11:31 am)",iands,data\iands\archive-through-may-09-2002-025.json,Ohkado,1,False,False,True,not_your_time,implied,no,no,not_mentioned,spiritual_realm,not_mentioned,explicit,not_mentioned,no
"Archive through May 12, 2004 - Anonymous (Tuesday, April 13, 2004 - 12:02 pm)",iands,data\iands\archive-through-may-12-2004-013.json,Ohkado,1,False,False,True,not_mentioned,no,no,not_mentioned,not_mentioned,spiritual_realm,not_mentioned,implied,not_mentioned,not_mentioned
"Archive through May 12, 2004 - Anonymous (Tuesday, April 13, 2004 - 11:54 am)",iands,data\iands\archive-through-may-12-2004-014.json,Ohkado,1,False,False,True,not_mentioned,not_mentioned,no,no,not_mentioned,not_mentioned,implied,not_mentioned,none,no
"Archive through May 12, 2004 - Anonymous (Tuesday, April 13, 2004 - 11:03 am)",iands,data\iands\archive-through-may-12-2004-020.json,Ohkado,1,False,False,True,no_reason_given,no,no,no,not_mentioned,not_mentioned,implied,not_mentioned,not_mentioned,no
"Archive through May 12, 2004 - Anonymous (Tuesday, April 6, 2004 - 07:57 pm)",iands,data\iands\archive-through-may-12-2004-024.json,Ohkado,1,False,False,True,family_responsibility,not_mentioned,not_mentioned,no,not_mentioned,not_mentioned,yes_explicit,not_mentioned,not_mentioned,no
"Archive through May 22, 2002 - Anonymous (Wednesday, May 15, 2002 - 11:20 pm)",iands,data\iands\archive-through-may-22-2002-012.json,Ohkado,1,False,False,True,not_your_time,no,no,no,not_mentioned,not_mentioned,implied,not_mentioned,none,no
"Archive through May 22, 2002 - Anonymous (Wednesday, May 15, 2002 - 10:59 pm)",iands,data\iands\archive-through-may-22-2002-013.json,Ohkado,1,False,False,True,no_reason_given,not_mentioned,not_mentioned,not_mentioned,not_mentioned,not_mentioned,implied,not_mentioned,not_mentioned,not_mentioned
"Archive through May 22, 2002 - Anonymous (Wednesday, May 15, 2002 - 10:46 pm)",iands,data\iands\archive-through-may-22-2002-015.json,Ohkado,1,False,False,True,no_reason_given,no,no,no,not_mentioned,not_mentioned,implied,not_mentioned,not_mentioned,no
"Archive through May 22, 2002 - Anonymous (Monday, May 13, 2002 - 08:56 pm)",iands,data\iands\archive-through-may-22-2002-019.json,Ohkado,3,False,False,True,not_mentioned,not_mentioned,not_mentioned,yes_explicit,not_mentioned,not_mentioned,yes_explicit,not_mentioned,not_mentioned,not_mentioned
"Archive through September 08, 2002 - Anonymous (Sunday, September 8, 2002 - 11:28 pm)",iands,data\iands\archive-through-september-08-2002-001.json,Ohkado,3,False,False,True,no_reason_given,not_mentioned,no,yes_explicit,chose_mission,spiritual_realm,not_mentioned,explicit,not_mentioned,not_mentioned
"Archive through September 08, 2002 - Anonymous (Monday, July 22, 2002 - 10:18 pm)",iands,data\iands\archive-through-september-08-2002-017.json,Ohkado,1,False,False,True,no_reason_given,no,no,no,not_mentioned,not_mentioned,implied,not_mentioned,not_mentioned,no
"Archive through September 28, 2003 - Anonymous (Friday, September 12, 2003 - 05:38 pm)",iands,data\iands\archive-through-september-28-2003-009.json,Ohkado,1,False,False,True,family_responsibility,no,no,not_mentioned,not_mentioned,not_mentioned,implied,no,not_mentioned,not_mentioned
"Archive through September 28, 2003 - Anonymous (Friday, August 29, 2003 - 05:19 pm)",iands,data\iands\archive-through-september-28-2003-016.json,Ohkado,1,False,False,True,not_your_time,no,not_mentioned,not_mentioned,not_mentioned,spiritual_realm,not_mentioned,not_mentioned,not_mentioned,not_mentioned
"Archive through September 28, 2003 - Anonymous (Thursday, August 21, 2003 - 06:41 pm)",iands,data\iands\archive-through-september-28-2003-020.json,Ohkado,1,False,False,True,no_reason_given,not_mentioned,not_mentioned,not_mentioned,not_mentioned,spiritual_realm,not_mentioned,not_mentioned,not_mentioned,not_mentioned
"Archive through September 28, 2003 - Anonymous (Monday, August 18, 2003 - 06:25 pm)",iands,data\iands\archive-through-september-28-2003-022.json,Ohkado,1,False,False,True,not_your_time,no,no,no,not_mentioned,not_mentioned,implied,not_mentioned,none,no
As Sacred as Birth,iands,data\iands\as-sacred-as-birth.json,Ohkado,1,False,False,True,family_responsibility,not_mentioned,no,no,not_mentioned,spiritual_realm,not_mentioned,explicit,none,no
Aslan the cat and forgiveness,iands,data\iands\aslan-the-cat-and-forgiveness.json,Ohkado,3,False,False,True,not_your_time,not_mentioned,not_mentioned,implied,not_mentioned,spiritual_realm,implied,explicit,not_mentioned,no
At Birth,iands,data\iands\at-birth.json,Ohkado,1,False,False,True,no_reason_given,no,no,no,not_mentioned,not_mentioned,implied,not_mentioned,not_mentioned,no
Australian man chokes and finds himself in another place,iands,data\iands\australian-man-chokes-and-finds-himself-in-another-place.json,Ohkado,2,False,False,True,not_mentioned,no,no,no,not_mentioned,spiritual_realm,implied,explicit,not_mentioned,no
Back Home,iands,data\iands\back-home.json,Ohkado,4,False,False,True,other,not_mentioned,not_mentioned,implied,not_mentioned,spiritual_realm,implied,explicit,not_mentioned,not_mentioned
Blocked by a Golden Being,iands,data\iands\blocked-by-a-golden-being.json,Ohkado,2,False,False,True,not_your_time,not_mentioned,no,no,not_mentioned,spiritual_realm,yes_explicit,explicit,not_mentioned,no
Boy has NDE when given laughing gas by dentist,iands,data\iands\boy-has-nde-when-given-laughing-gas-by-dentist.json,Ohkado,1,False,False,True,no_reason_given,no,no,no,not_mentioned,not_mentioned,implied,no,none,no
Brief childhood NDE leaves woman highly intuitive and filled with childlike wonder and curiosity,iands,data\iands\brief-childhood-nde-leaves-woman-highly-intuitive-and-filled-with-childlike-wonder-and-curiosity.json,Ohkado,1,False,False,True,not_mentioned,not_mentioned,not_mentioned,not_mentioned,not_mentioned,not_mentioned,implied,not_mentioned,not_mentioned,not_mentioned
By Accident,iands,data\iands\by-accident.json,Ohkado,2,False,False,True,not_mentioned,not_mentioned,not_mentioned,implied,not_mentioned,not_mentioned,implied,implied,not_mentioned,not_mentioned
Canadian Catholic three-year-old drowned and said Mary smiled at her,iands,data\iands\canadian-catholic-three-year-old-drowned-and-said-mary-smiled-at-her.json,Ohkado,1,False,False,True,no_reason_given,no,no,no,not_mentioned,not_mentioned,implied,not_mentioned,not_mentioned,no
Canadian woman has cardiac arrest NDE and unusual after-effects,iands,data\iands\canadian-woman-has-cardiac-arrest-nde-and-unusual-after-effects.json,Ohkado,1,False,False,True,not_mentioned,no,no,no,not_mentioned,not_mentioned,implied,no,not_mentioned,no
Certain of an Afterlife,iands,data\iands\certain-of-an-afterlife.json,Ohkado,1,False,False,True,not_your_time,not_mentioned,no,no,not_mentioned,not_mentioned,implied,implied,not_mentioned,no
Charcoal Corridor,iands,data\iands\charcoal-corridor.json,Ohkado,1,False,False,True,other,no,no,no,not_mentioned,not_mentioned,implied,not_mentioned,not_mentioned,no
Child leaves body during tonsillectomy and remembers operating room and Jesus,iands,data\iands\child-leaves-body-during-tonsillectomy-and-remembers-operating-room-and-jesus.json,Ohkado,1,False,False,True,family_responsibility,no,no,no,not_mentioned,spiritual_realm,not_mentioned,explicit,not_mentioned,no
Childhood Imaginary Friend/NDE Guide,iands,data\iands\childhood-imaginary-friend-nde-guide.json,Ohkado,2,False,False,True,other,yes_explicit,no,not_mentioned,not_mentioned,spiritual_realm,implied,explicit,not_mentioned,not_mentioned
College student smoking hash has OOB and returns with new understandings,iands,data\iands\college-student-smoking-hash-has-oob-and-returns-with-new-understandings.json,Ohkado,1,False,False,True,not_mentioned,not_mentioned,not_mentioned,not_mentioned,not_mentioned,spiritual_realm,not_mentioned,not_mentioned,not_mentioned,not_mentioned
Coming and Going Somewhere,iands,data\iands\coming-and-going-somewhere.json,Ohkado,2,False,False,True,not_mentioned,not_mentioned,not_mentioned,not_mentioned,not_mentioned,spiritual_realm,implied,not_mentioned,not_mentioned,not_mentioned
Comparison of near-death and drug-induced experiences,iands,data\iands\comparison-of-near-death-and-drug-induced-experiences.json,Ohkado,1,False,False,True,family_responsibility,not_mentioned,no,no,not_mentioned,not_mentioned,yes_explicit,not_mentioned,not_mentioned,no
Concentrate on breathing and opening your eyes,iands,data\iands\concentrate-on-breathing-and-opening-your-eyes.json,Ohkado,1,False,False,True,not_your_time,no,no,not_mentioned,not_mentioned,not_mentioned,implied,not_mentioned,not_mentioned,not_mentioned
Confirmation of Eternity,iands,data\iands\confirmation-of-eternity.json,Ohkado,1,False,False,True,no_reason_given,no,no,no,not_mentioned,not_mentioned,implied,not_mentioned,not_mentioned,no
Construction worker sees his Mamaw and feels love as a dog and birds try to save him,iands,data\iands\construction-worker-sees-his-mamaw-and-feels-love-as-a-dog-and-birds-try-to-save-him.json,Ohkado,1,False,False,True,not_mentioned,not_mentioned,not_mentioned,not_mentioned,not_mentioned,spiritual_realm,not_mentioned,not_mentioned,not_mentioned,not_mentioned
Dancing with Gratitude,iands,data\iands\dancing-with-gratitude.json,Ohkado,1,False,False,True,other,no,no,no,not_mentioned,not_mentioned,yes_explicit,not_mentioned,not_mentioned,no
Death from Covid helps woman forgive and want to live again,iands,data\iands\death-from-covid-helps-woman-forgive-and-want-to-live-again.json,Ohkado,2,False,False,True,family_responsibility,no,no,no,not_mentioned,spiritual_realm,implied,explicit,none,no
Death is the door to the real world beyond this imitation that is called Life,iands,data\iands\death-is-the-door-to-the-real-world-beyond-this-imitation-that-is-called-life.json,Ohkado,2,False,False,True,family_responsibility,no,no,no,not_mentioned,spiritual_realm,implied,explicit,none,no
Did you go to heaven?,iands,data\iands\did-you-go-to-heaven.json,Ohkado,1,False,False,True,not_your_time,no,no,no,not_mentioned,not_mentioned,implied,implied,not_mentioned,no
Divine Encounters,iands,data\iands\divine-encounters.json,Ohkado,1,False,False,True,not_mentioned,implied,no,implied,not_mentioned,not_mentioned,not_mentioned,not_mentioned,not_mentioned,no
Don't move out of the light or you will never leave this place,iands,data\iands\don-t-move-out-of-the-light-or-you-will-never-leave-this-place.json,Ohkado,1,False,False,True,no_reason_given,not_mentioned,no,no,not_mentioned,not_mentioned,implied,no,not_mentioned,no
"During brain surgery, man receives the gift of a visit ""home""",iands,data\iands\during-brain-surgery-man-receives-the-gift-of-a-visit-home.json,Ohkado,2,False,False,True,not_your_time,not_mentioned,no,no,not_mentioned,spiritual_realm,implied,explicit,not_mentioned,no
Ethereal Tunnel,iands,data\iands\ethereal-tunnel.json,Ohkado,1,False,False,True,family_responsibility,yes_explicit,no,no,not_mentioned,not_mentioned,yes_explicit,not_mentioned,not_mentioned,no
Euphoria way beyond crack cocaine,iands,data\iands\euphoria-way-beyond-crack-cocaine.json,Ohkado,1,False,False,True,no_reason_given,no,no,no,not_mentioned,spiritual_realm,not_mentioned,not_mentioned,none,no
Everything is always how it's supposed to be,iands,data\iands\everything-is-always-how-it-s-supposed-to-be.json,Ohkado,2,False,False,True,not_mentioned,no,no,no,not_mentioned,spiritual_realm,implied,explicit,not_mentioned,no
Everything Self-Evident,iands,data\iands\everything-self-evident.json,Ohkado,1,False,False,True,family_responsibility,implied,no,no,not_mentioned,spiritual_realm,not_mentioned,explicit,not_mentioned,no
"Five-year-old girl drowns, was revived, and remembers many things from her time outside her body",iands,data\iands\five-year-old-girl-drowns-was-revived-and-remembers-many-things-from-her-time-outside-her-body.json,Ohkado,1,False,False,True,no_reason_given,no,no,not_mentioned,not_mentioned,not_mentioned,yes_explicit,not_mentioned,not_mentioned,not_mentioned
Five-year-old girl has ski accident and almost dies of allergic reaction in hospital,iands,data\iands\five-year-old-girl-has-ski-accident-and-almost-dies-of-allergic-reaction-in-hospital.json,Ohkado,1,False,False,True,not_your_time,not_mentioned,not_mentioned,not_mentioned,not_mentioned,not_mentioned,implied,not_mentioned,not_mentioned,not_mentioned
Floating through the Air,iands,data\iands\floating-through-the-air.json,Ohkado,1,False,False,True,no_reason_given,no,no,no,not_mentioned,not_mentioned,implied,no,none,no
"Following childbirth, woman passes dark place and heals her brain bleed",iands,data\iands\following-childbirth-woman-passes-dark-place-and-heals-her-brain-bleed.json,Ohkado,2,False,False,True,family_responsibility,yes_explicit,no,not_mentioned,not_mentioned,spiritual_realm,implied,not_mentioned,not_mentioned,not_mentioned
Found but Lost,iands,data\iands\found-but-lost.json,Ohkado,1,False,False,True,not_your_time,no,no,no,not_mentioned,not_mentioned,implied,not_mentioned,not_mentioned,no
Gargantuan Energy Source,iands,data\iands\gargantuan-energy-source.json,Ohkado,1,False,False,True,not_your_time,no,no,no,not_mentioned,not_mentioned,yes_explicit,implied,not_mentioned,no
German man in collision analyses consciousness and moral issues,iands,data\iands\german-man-in-collision-analyses-consciousness-and-moral-issues.json,Ohkado,1,False,False,True,no_reason_given,no,no,not_mentioned,not_mentioned,not_mentioned,implied,not_mentioned,not_mentioned,not_mentioned
"German man separates from his burning body and watches, then gets all questions answered",iands,data\iands\german-man-separates-from-his-burning-body-and-watches-then-gets-all-questions-answered.json,Ohkado,1,False,False,True,no_reason_given,no,no,not_mentioned,not_mentioned,not_mentioned,implied,not_mentioned,not_mentioned,not_mentioned
Girl of six has seizure and returns from void and light with overwhelming abilities,iands,data\iands\girl-of-six-has-seizure-and-returns-from-void-and-light-with-overwhelming-abilities.json,Ohkado,1,False,False,True,not_your_time,no,no,no,not_mentioned,spiritual_realm,not_mentioned,explicit,not_mentioned,no
God Exists,iands,data\iands\god-exists.json,Ohkado,2,False,False,True,not_your_time,not_mentioned,no,no,not_mentioned,spiritual_realm,implied,implied,not_mentioned,no
Healed at luminous white dome-shaped room,iands,data\iands\healed-at-luminous-white-dome-shaped-room.json,Ohkado,1,False,False,True,no_reason_given,no,no,no,not_mentioned,not_mentioned,yes_explicit,not_mentioned,not_mentioned,no
Healthy woman is given a visit to the afterlife after falling asleep,iands,data\iands\healthy-woman-is-given-a-visit-to-the-afterlife-after-falling-asleep.json,Ohkado,4,False,False,True,no_reason_given,not_mentioned,not_mentioned,yes_explicit,not_mentioned,spiritual_realm,yes_explicit,explicit,not_mentioned,no
Hindu man has NDE two weeks after heart surgery,iands,data\iands\hindu-man-has-nde-two-weeks-after-heart-surgery.json,Ohkado,1,False,False,True,not_your_time,no,no,no,not_mentioned,not_mentioned,implied,not_mentioned,not_mentioned,no
Hindu Nepalese young man crashes his motorcycle and has OBE,iands,data\iands\hindu-nepalese-young-man-crashes-his-motorcycle-and-has-obe.json,Ohkado,1,False,False,True,not_mentioned,not_mentioned,not_mentioned,not_mentioned,not_mentioned,not_mentioned,implied,not_mentioned,not_mentioned,not_mentioned
Hodgkin's Disease Respiratory Failure,iands,data\iands\hodgkin-s-disease-respiratory-failure.json,Ohkado,2,False,False,True,not_mentioned,no,not_mentioned,no,not_mentioned,spiritual_realm,implied,explicit,none,no
Hospitalized man visits grotesque landscape but is then surrounded by light,iands,data\iands\hospitalized-man-visits-grotesque-landscape-but-is-then-surrounded-by-light.json,Ohkado,1,False,False,True,not_mentioned,no,no,no,not_mentioned,not_mentioned,implied,not_mentioned,not_mentioned,no
Hospitalized woman leaves body and returns with no fear,iands,data\iands\hospitalized-woman-leaves-body-and-returns-with-no-fear.json,Ohkado,1,False,False,True,family_responsibility,implied,no,no,not_mentioned,spiritual_realm,not_mentioned,explicit,not_mentioned,no
"I am a bird, and thus starts my life",iands,data\iands\i-am-a-bird-and-thus-starts-my-life.json,Ohkado,2,False,False,True,no_reason_given,no,no,no,not_mentioned,spiritual_realm,implied,implied,none,no
I Couldn't Cross,iands,data\iands\i-couldn-t-cross.json,Ohkado,1,False,False,True,not_your_time,implied,no,no,not_mentioned,not_mentioned,yes_explicit,implied,none,no
I had a job to do,iands,data\iands\i-had-a-job-to-do.json,Ohkado,1,False,False,True,not_your_time,yes_explicit,no,no,not_mentioned,not_mentioned,yes_explicit,not_mentioned,not_mentioned,no
I knew my own Separateness and also Oneness with every thing,iands,data\iands\i-knew-my-own-separateness-and-also-oneness-with-every-thing.json,Ohkado,1,False,False,True,not_mentioned,no,no,no,not_mentioned,not_mentioned,yes_explicit,not_mentioned,not_mentioned,no
I'm completely different since...,iands,data\iands\i-m-completely-different-since.json,Ohkado,2,False,False,True,family_responsibility,no,no,not_mentioned,not_mentioned,spiritual_realm,implied,implied,not_mentioned,not_mentioned
I'm different now,iands,data\iands\i-m-different-now.json,Ohkado,1,False,False,True,not_your_time,no,no,no,not_mentioned,not_mentioned,yes_explicit,not_mentioned,not_mentioned,no
I'm Home,iands,data\iands\i-m-home.json,Ohkado,1,False,False,True,not_your_time,implied,no,no,not_mentioned,spiritual_realm,not_mentioned,explicit,not_mentioned,no
I now communicate with conscious-energies in the Energic Conscious Continuum,iands,data\iands\i-now-communicate-with-conscious-energies-in-the-energic-conscious-continuum.json,Ohkado,1,False,False,True,not_mentioned,not_mentioned,no,no,not_mentioned,both,implied,implied,not_mentioned,no
I snapped back into my life as a different version of myself,iands,data\iands\i-snapped-back-into-my-life-as-a-different-version-of-myself.json,Ohkado,1,False,False,True,no_reason_given,implied,no,not_mentioned,not_mentioned,not_mentioned,implied,not_mentioned,not_mentioned,not_mentioned
I Want to Go Back,iands,data\iands\i-want-to-go-back.json,Ohkado,1,False,False,True,other,no,no,no,not_mentioned,spiritual_realm,not_mentioned,implied,none,no
Impossible to Describe with Human Words,iands,data\iands\impossible-to-describe-with-human-words.json,Ohkado,1,False,False,True,not_mentioned,not_mentioned,not_mentioned,not_mentioned,not_mentioned,not_mentioned,implied,not_mentioned,not_mentioned,not_mentioned
In the Highest Plain,iands,data\iands\in-the-highest-plain.json,Ohkado,2,False,False,True,not_your_time,no,no,no,not_mentioned,spiritual_realm,yes_explicit,implied,not_mentioned,no
Intuitive Know-How,iands,data\iands\intuitive-know-how.json,Ohkado,1,False,False,True,not_your_time,implied,no,not_mentioned,not_mentioned,not_mentioned,implied,not_mentioned,not_mentioned,not_mentioned
It held all the knowledge that ever was or will be,iands,data\iands\it-held-all-the-knowledge-that-ever-was-or-will-be.json,Ohkado,1,False,False,True,no_reason_given,no,no,no,not_mentioned,not_mentioned,yes_explicit,not_mentioned,not_mentioned,no
Kayak spill gives teen visit with her angel plus new psychic abilities and new purpose,iands,data\iands\kayak-spill-gives-teen-visit-with-her-angel-plus-new-psychic-abilities-and-new-purpose.json,Ohkado,2,False,False,True,not_your_time,yes_explicit,no,implied,not_mentioned,not_mentioned,yes_explicit,not_mentioned,not_mentioned,no
Kenyan deaf/mute man is told that his spirit is the son of God,iands,data\iands\kenyan-deaf-mute-man-is-told-that-his-spirit-is-the-son-of-god.json,Ohkado,1,False,False,True,no_reason_given,no,no,no,not_mentioned,not_mentioned,yes_explicit,not_mentioned,not_mentioned,no
Kissed by a Marshmallow,iands,data\iands\kissed-by-a-marshmallow.json,Ohkado,1,False,False,True,family_responsibility,no,no,no,not_mentioned,spiritual_realm,not_mentioned,implied,not_mentioned,no
Left and Returned,iands,data\iands\left-and-returned.json,Ohkado,1,False,False,True,not_mentioned,not_mentioned,no,no,not_mentioned,not_mentioned,implied,not_mentioned,not_mentioned,no
Left for dead on a pile of snow,iands,data\iands\left-for-dead-on-a-pile-of-snow.json,Ohkado,2,False,False,True,not_your_time,no,no,no,not_mentioned,spiritual_realm,implied,explicit,not_mentioned,no
Let Me Stay,iands,data\iands\let-me-stay.json,Ohkado,1,False,False,True,not_your_time,no,no,no,not_mentioned,not_mentioned,implied,not_mentioned,not_mentioned,no
Life review shows his encouragement of others,iands,data\iands\life-review-shows-his-encouragement-of-others.json,Ohkado,2,False,False,True,no_reason_given,yes_explicit,no,no,not_mentioned,spiritual_realm,yes_explicit,not_mentioned,not_mentioned,no
Liver failure shows me all animals and plants have souls,iands,data\iands\liver-failure-shows-me-all-animals-and-plants-have-souls.json,Ohkado,4,False,False,True,family_responsibility,not_mentioned,no,yes_explicit,chose_mission,not_mentioned,implied,not_mentioned,not_mentioned,no
Living Water,iands,data\iands\living-water.json,Ohkado,1,False,False,True,not_your_time,no,no,no,not_mentioned,not_mentioned,implied,not_mentioned,not_mentioned,no
Locked inside a freezer,iands,data\iands\locked-inside-a-freezer.json,Ohkado,1,False,False,True,not_mentioned,not_mentioned,not_mentioned,not_mentioned,not_mentioned,not_mentioned,implied,not_mentioned,not_mentioned,not_mentioned
Lost Connection with the Physical Plane,iands,data\iands\lost-connection-with-the-physical-plane.json,Ohkado,2,False,False,True,not_your_time,not_mentioned,not_mentioned,not_mentioned,not_mentioned,spiritual_realm,implied,explicit,not_mentioned,not_mentioned
"Love, Everything that Exists",iands,data\iands\love-everything-that-exists.json,Ohkado,2,False,False,True,no_reason_given,no,no,no,not_mentioned,spiritual_realm,implied,explicit,not_mentioned,no
Love will Happen Today,iands,data\iands\love-will-happen-today.json,Ohkado,1,False,False,True,not_mentioned,not_mentioned,not_mentioned,no,not_mentioned,spiritual_realm,not_mentioned,implied,not_mentioned,no
Male sexual abuse survivor's NDE results in increased psychic abilities,iands,data\iands\male-sexual-abuse-survivor-s-nde-results-in-increased-psychic-abilities.json,Ohkado,1,False,False,True,no_reason_given,not_mentioned,not_mentioned,not_mentioned,not_mentioned,not_mentioned,implied,not_mentioned,not_mentioned,not_mentioned
Male teen on drugs has NDE and slow re-entry to Earth reality,iands,data\iands\male-teen-on-drugs-has-nde-and-slow-re-entry-to-earth-reality.json,Ohkado,2,False,False,True,no_reason_given,not_mentioned,not_mentioned,not_mentioned,not_mentioned,spiritual_realm,implied,explicit,not_mentioned,not_mentioned
Man dies suddenly and feels God's love pouring onto infinite array of glowing blocks,iands,data\iands\man-dies-suddenly-and-feels-god-s-love-pouring-onto-infinite-array-of-glowing-blocks.json,Ohkado,2,False,False,True,no_reason_given,not_mentioned,not_mentioned,no,not_mentioned,spiritual_realm,implied,explicit,not_mentioned,no
Man in motorcycle accident meets God and is given choice of returning,iands,data\iands\man-in-motorcycle-accident-meets-god-and-is-given-choice-of-returning.json,Ohkado,2,False,False,True,family_responsibility,no,no,not_mentioned,not_mentioned,spiritual_realm,implied,explicit,not_mentioned,not_mentioned
"Man in Snowmobile Accident Feels Trees' Connection to His Spirit, Cheering Him On",iands,data\iands\man-in-snowmobile-accident-feels-trees-connection-to-his-spirit-cheering-him-on.json,Ohkado,2,False,False,True,not_mentioned,not_mentioned,not_mentioned,no,not_mentioned,spiritual_realm,yes_explicit,not_mentioned,not_mentioned,no
Man is shocked out of his body on research vessel and returns after watching his mates,iands,data\iands\man-is-shocked-out-of-his-body-on-research-vessel-and-returns-after-watching-his-mates.json,Ohkado,1,False,False,True,family_responsibility,no,no,no,not_mentioned,not_mentioned,implied,not_mentioned,not_mentioned,no
Man returns from brain surgery to raise as-yet unborn son,iands,data\iands\man-returns-from-brain-surgery-to-raise-as-yet-unborn-son.json,Ohkado,1,False,False,True,family_responsibility,yes_explicit,not_mentioned,implied,not_mentioned,not_mentioned,not_mentioned,not_mentioned,not_mentioned,not_mentioned
Man’s heart stops and he learns to ride light waves through the universe,iands,data\iands\man-s-heart-stops-and-he-learns-to-ride-light-waves-through-the-universe.json,Ohkado,1,False,False,True,other,no,no,no,not_mentioned,not_mentioned,implied,not_mentioned,not_mentioned,no
"Man thinks he's going to hell, but Jesus takes his sins away",iands,data\iands\man-thinks-he-s-going-to-hell-but-jesus-takes-his-sins-away.json,Ohkado,1,False,False,True,family_responsibility,no,no,no,not_mentioned,not_mentioned,yes_explicit,no,not_mentioned,no
Man under anesthesia experiences cosmic unity consciousness,iands,data\iands\man-under-anesthesia-experiences-cosmic-unity-consciousness.json,Ohkado,1,False,False,True,not_your_time,no,no,no,not_mentioned,spiritual_realm,not_mentioned,explicit,not_mentioned,no
Man with childhood NDE is further activated by NDEs in his 60's,iands,data\iands\man-with-childhood-nde-is-further-activated-by-ndes-in-his-60-s.json,Ohkado,1,False,False,True,not_mentioned,not_mentioned,not_mentioned,not_mentioned,not_mentioned,not_mentioned,implied,not_mentioned,not_mentioned,not_mentioned
Massive Infinite Entity,iands,data\iands\massive-infinite-entity.json,Ohkado,1,False,False,True,family_responsibility,not_mentioned,not_mentioned,not_mentioned,not_mentioned,not_mentioned,implied,not_mentioned,not_mentioned,not_mentioned
"Mature gentleman begins to slip away, but returns for wife",iands,data\iands\mature-gentleman-begins-to-slip-away-but-returns-for-wife.json,Ohkado,1,False,False,True,family_responsibility,not_mentioned,no,no,not_mentioned,spiritual_realm,not_mentioned,explicit,not_mentioned,no
Meeting My Guide,iands,data\iands\meeting-my-guide.json,Ohkado,1,False,False,True,no_reason_given,no,no,no,not_mentioned,not_mentioned,yes_explicit,not_mentioned,not_mentioned,no
Miss Where I Was,iands,data\iands\miss-where-i-was.json,Ohkado,1,False,False,True,family_responsibility,no,no,not_mentioned,not_mentioned,spiritual_realm,not_mentioned,implied,not_mentioned,not_mentioned
Mom said I fainted,iands,data\iands\mom-said-i-fainted.json,Ohkado,4,False,False,True,not_your_time,not_mentioned,not_mentioned,implied,not_mentioned,spiritual_realm,implied,explicit,not_mentioned,no
"Mommy, why didn't you keep me?",iands,data\iands\mommy-why-didn-t-you-keep-me.json,Ohkado,1,False,False,True,other,implied,no,not_mentioned,not_mentioned,not_mentioned,implied,not_mentioned,not_mentioned,not_mentioned
Mother believed stabbed son was dying but chaplain didn't,iands,data\iands\mother-believed-stabbed-son-was-dying-but-chaplain-didn-t.json,Ohkado,1,False,False,True,not_mentioned,not_mentioned,not_mentioned,no,not_mentioned,spiritual_realm,not_mentioned,explicit,not_mentioned,no
Motorcyclist has OOB and after-effects since accident,iands,data\iands\motorcyclist-has-oob-and-after-effects-since-accident.json,Ohkado,2,False,False,True,not_mentioned,no,not_mentioned,yes_explicit,not_mentioned,not_mentioned,implied,not_mentioned,not_mentioned,not_mentioned
"Mumbai woman has allergic reaction and heads up, only to come back down",iands,data\iands\mumbai-woman-has-allergic-reaction-and-heads-up-only-to-come-back-down.json,Ohkado,1,False,False,True,not_your_time,no,no,no,not_mentioned,spiritual_realm,not_mentioned,implied,not_mentioned,no
My Awakening With The Angels,iands,data\iands\my-awakening-with-the-angels.json,Ohkado,1,False,False,True,family_responsibility,no,no,no,not_mentioned,spiritual_realm,not_mentioned,implied,not_mentioned,no
My Beloved Sandy,iands,data\iands\my-beloved-sandy.json,Ohkado,1,False,False,True,no_reason_given,no,no,no,not_mentioned,not_mentioned,yes_explicit,not_mentioned,not_mentioned,no
My daughter brought special sweetness,iands,data\iands\my-daughter-brought-special-sweetness.json,Ohkado,1,False,False,True,family_responsibility,no,no,no,not_mentioned,not_mentioned,implied,not_mentioned,not_mentioned,no
My Grandmother's Prayers Saved Me,iands,data\iands\my-grandmother-s-prayers-saved-me.json,Ohkado,1,False,False,True,family_responsibility,no,no,no,not_mentioned,not_mentioned,implied,not_mentioned,none,no
My Journey to The 'Other Side',iands,data\iands\my-journey-to-the-other-side.json,Ohkado,2,False,False,True,not_your_time,no,no,no,not_mentioned,spiritual_realm,implied,explicit,none,no
My Mother and Sister Picked Flowers for Me,iands,data\iands\my-mother-and-sister-picked-flowers-for-me.json,Ohkado,1,False,False,True,not_your_time,not_mentioned,no,no,not_mentioned,spiritual_realm,not_mentioned,not_mentioned,none,no
My Post Military Suicide Attempt - Spirals of Pain Turn to Spirals of Joy,iands,data\iands\my-post-military-suicide-attempt-spirals-of-pain-turn-to-spirals-of-joy.json,Ohkado,1,False,False,True,no_reason_given,not_mentioned,no,no,not_mentioned,not_mentioned,implied,not_mentioned,not_mentioned,no
"My Son, My Light",iands,data\iands\my-son-my-light.json,Ohkado,4,False,False,True,not_your_time,not_mentioned,not_mentioned,yes_explicit,not_mentioned,spiritual_realm,yes_explicit,explicit,not_mentioned,no
My Spiritual Enlightenment,iands,data\iands\my-spiritual-enlightenment.json,Ohkado,2,False,False,True,no_reason_given,no,no,not_mentioned,not_mentioned,spiritual_realm,implied,not_mentioned,not_mentioned,not_mentioned
NDE in Pre-Term Labor,iands,data\iands\nde-in-pre-term-labor.json,Ohkado,1,False,False,True,family_responsibility,no,no,no,not_mentioned,not_mentioned,yes_explicit,not_mentioned,not_mentioned,no
Never Wanted to Leave the Presence,iands,data\iands\never-wanted-to-leave-the-presence.json,Ohkado,1,False,False,True,not_mentioned,no,not_mentioned,no,not_mentioned,spiritual_realm,not_mentioned,explicit,not_mentioned,no
Never Wanted to Leave,iands,data\iands\never-wanted-to-leave.json,Ohkado,1,False,False,True,no_reason_given,no,no,no,not_mentioned,not_mentioned,implied,implied,none,no
New mother feels loved beyond comprehension,iands,data\iands\new-mother-feels-loved-beyond-comprehension.json,Ohkado,1,False,False,True,family_responsibility,implied,no,not_mentioned,not_mentioned,spiritual_realm,not_mentioned,explicit,not_mentioned,no
New Zealand girl learns from epilepsy near-deaths,iands,data\iands\new-zealand-girl-learns-from-epilepsy-near-deaths.json,Ohkado,1,False,False,True,not_your_time,not_mentioned,no,no,not_mentioned,not_mentioned,implied,not_mentioned,none,no
New Zealand man is shown a map of knowledge of everything and remembers some interesting details,iands,data\iands\new-zealand-man-is-shown-a-map-of-knowledge-of-everything-and-remembers-some-interesting-details.json,Ohkado,1,False,False,True,other,no,no,no,not_mentioned,not_mentioned,implied,implied,not_mentioned,no
New Zealand school girl meets mother figure in The Real Place,iands,data\iands\new-zealand-school-girl-meets-mother-figure-in-the-real-place.json,Ohkado,3,False,False,True,not_your_time,no,no,implied,not_mentioned,spiritual_realm,implied,explicit,not_mentioned,not_mentioned
No surgeries!,iands,data\iands\no-surgeries.json,Ohkado,1,False,False,True,not_mentioned,not_mentioned,no,not_mentioned,not_mentioned,not_mentioned,implied,not_mentioned,not_mentioned,not_mentioned
No time existed in my heaven,iands,data\iands\no-time-existed-in-my-heaven.json,Ohkado,2,False,False,True,not_mentioned,not_mentioned,not_mentioned,no,not_mentioned,spiritual_realm,implied,not_mentioned,not_mentioned,no
Not A Dream,iands,data\iands\not-a-dream.json,Ohkado,3,False,False,True,family_responsibility,not_mentioned,not_mentioned,yes_explicit,not_mentioned,not_mentioned,implied,no,not_mentioned,not_mentioned
"Nurse, dead for 20 minutes, sees God but can't enter",iands,data\iands\nurse-dead-for-20-minutes-sees-god-but-can-t-enter.json,Ohkado,1,False,False,True,not_your_time,no,no,no,not_mentioned,spiritual_realm,not_mentioned,not_mentioned,not_mentioned,no
Oneness is Reality,iands,data\iands\oneness-is-reality.json,Ohkado,3,False,False,True,family_responsibility,not_mentioned,no,yes_explicit,not_mentioned,spiritual_realm,yes_explicit,explicit,not_mentioned,no
OOB following suffocation (in German),iands,data\iands\oob-following-suffocation-in-german.json,Ohkado,1,False,False,True,other,not_mentioned,no,not_mentioned,not_mentioned,not_mentioned,implied,not_mentioned,not_mentioned,not_mentioned
Original Contract was Complete,iands,data\iands\original-contract-was-complete.json,Ohkado,1,False,False,True,other,not_mentioned,not_mentioned,implied,not_mentioned,not_mentioned,not_mentioned,not_mentioned,not_mentioned,no
Our True Home,iands,data\iands\our-true-home.json,Ohkado,1,False,False,True,not_your_time,not_mentioned,not_mentioned,not_mentioned,not_mentioned,spiritual_realm,not_mentioned,explicit,not_mentioned,not_mentioned
Out of Body Ecstasy,iands,data\iands\out-of-body-ecstasy.json,Ohkado,1,False,False,True,no_reason_given,no,no,no,not_mentioned,not_mentioned,implied,not_mentioned,not_mentioned,no
Over the Scene,iands,data\iands\over-the-scene.json,Ohkado,2,False,False,True,not_mentioned,no,no,not_mentioned,not_mentioned,spiritual_realm,implied,explicit,not_mentioned,no
Peaceful Blue Light Shining from Heaven,iands,data\iands\peaceful-blue-light-shining-from-heaven.json,Ohkado,1,False,False,True,family_responsibility,not_mentioned,no,no,not_mentioned,not_mentioned,yes_explicit,not_mentioned,not_mentioned,no
Perfect Love,iands,data\iands\perfect-love.json,Ohkado,1,False,False,True,family_responsibility,no,no,no,not_mentioned,not_mentioned,implied,not_mentioned,not_mentioned,no
Petrified of Death After Dental Appointment,iands,data\iands\petrified-of-death-after-dental-appointment.json,Ohkado,1,False,False,True,other,no,no,no,not_mentioned,not_mentioned,implied,no,not_mentioned,no
"Post-partum emergency, but she's enfolded in peaceful, loving darkness",iands,data\iands\post-partum-emergency-but-she-s-enfolded-in-peaceful-loving-darkness.json,Ohkado,1,False,False,True,family_responsibility,no,no,no,not_mentioned,not_mentioned,implied,not_mentioned,not_mentioned,no
Prayers Like Musical Notes,iands,data\iands\prayers-like-musical-notes.json,Ohkado,2,False,False,True,family_responsibility,not_mentioned,no,implied,not_mentioned,not_mentioned,implied,not_mentioned,not_mentioned,no
Professor of religion has two NDEs from allergic reaction to bites,iands,data\iands\professor-of-religion-has-two-ndes-from-allergic-reaction-to-bites.json,Ohkado,2,False,False,True,family_responsibility,implied,no,not_mentioned,not_mentioned,spiritual_realm,implied,explicit,not_mentioned,no
Quiet and Clarity,iands,data\iands\quiet-and-clarity.json,Ohkado,1,False,False,True,not_your_time,no,no,no,not_mentioned,not_mentioned,implied,not_mentioned,not_mentioned,no
Revelation and Transformation,iands,data\iands\revelation-and-transformation.json,Ohkado,1,False,False,True,other,yes_explicit,no,no,not_mentioned,not_mentioned,implied,not_mentioned,none,no
Russian boy drowns and feels all-consuming love,iands,data\iands\russian-boy-drowns-and-feels-all-consuming-love.json,Ohkado,1,False,False,True,not_your_time,no,no,no,not_mentioned,not_mentioned,implied,not_mentioned,not_mentioned,no
Saved by my beautiful tender soft wise cat,iands,data\iands\saved-by-my-beautiful-tender-soft-wise-cat.json,Ohkado,1,False,False,True,other,no,no,no,not_mentioned,not_mentioned,implied,not_mentioned,not_mentioned,no
Saw great grandparents who passed long before she was born,iands,data\iands\saw-great-grandparents-who-passed-long-before-she-was-born.json,Ohkado,1,False,False,True,no_reason_given,no,no,no,not_mentioned,not_mentioned,implied,not_mentioned,not_mentioned,no
School Bus to Heaven,iands,data\iands\school-bus-to-heaven.json,Ohkado,2,False,False,True,not_your_time,no,no,not_mentioned,not_mentioned,spiritual_realm,yes_explicit,not_mentioned,not_mentioned,not_mentioned
Sees Jesus during bad trip,iands,data\iands\sees-jesus-during-bad-trip.json,Ohkado,1,False,False,True,not_your_time,no,no,no,not_mentioned,not_mentioned,implied,no,not_mentioned,no
Shed Body Like Caterpillar for More Beautiful Form,iands,data\iands\shed-body-like-caterpillar-for-more-beautiful-form.json,Ohkado,1,False,False,True,family_responsibility,no,no,no,not_mentioned,not_mentioned,implied,implied,not_mentioned,no
Sister's Prayer,iands,data\iands\sister-s-prayer.json,Ohkado,1,False,False,True,family_responsibility,no,no,no,not_mentioned,not_mentioned,implied,not_mentioned,not_mentioned,no
"Six-year-old boy, who fell and was in and out of his body, also left his body as an infant.",iands,data\iands\six-year-old-boy-who-fell-and-was-in-and-out-of-his-body-also-left-his-body-as-an-infant.json,Ohkado,1,False,False,True,not_mentioned,not_mentioned,not_mentioned,not_mentioned,not_mentioned,not_mentioned,implied,not_mentioned,not_mentioned,no
"Sixty years in heaven, thirty minutes earth time",iands,data\iands\sixty-years-in-heaven-thirty-minutes-earth-time.json,Ohkado,1,False,False,True,not_your_time,implied,no,yes_explicit,not_mentioned,not_mentioned,not_mentioned,implied,not_mentioned,not_mentioned
Sleep apnea incident causes man in mid-30's to dream of death,iands,data\iands\sleep-apnea-incident-causes-man-in-mid-30-s-to-dream-of-death.json,Ohkado,1,False,False,True,no_reason_given,no,no,no,not_mentioned,spiritual_realm,not_mentioned,explicit,not_mentioned,no
Sleeping man goes to heavenly library but it's not his time,iands,data\iands\sleeping-man-goes-to-heavenly-library-but-it-s-not-his-time.json,Ohkado,1,False,False,True,not_your_time,no,no,no,not_mentioned,not_mentioned,yes_explicit,not_mentioned,not_mentioned,no
"Someday, my experiences will all add up and make sense",iands,data\iands\someday-my-experiences-will-all-add-up-and-make-sense.json,Ohkado,1,False,False,True,not_mentioned,not_mentioned,not_mentioned,no,not_mentioned,not_mentioned,implied,not_mentioned,not_mentioned,no
Someone Stopped Me,iands,data\iands\someone-stopped-me.json,Ohkado,1,False,False,True,no_reason_given,no,no,no,not_mentioned,not_mentioned,implied,not_mentioned,not_mentioned,no
"Spanish Man Pleads to Return, Is Given More Time, and Now Serves Others",iands,data\iands\spanish-man-pleads-to-return-is-given-more-time-and-now-serves-others.json,Ohkado,1,False,False,True,family_responsibility,yes_explicit,no,no,not_mentioned,spiritual_realm,not_mentioned,explicit,not_mentioned,no
Spinning in the Tunnel,iands,data\iands\spinning-in-the-tunnel.json,Ohkado,1,False,False,True,not_your_time,not_mentioned,not_mentioned,not_mentioned,not_mentioned,not_mentioned,implied,not_mentioned,not_mentioned,not_mentioned
Standing in the Greenest Grass,iands,data\iands\standing-in-the-greenest-grass.json,Ohkado,1,False,False,True,not_your_time,yes_explicit,no,not_mentioned,not_mentioned,not_mentioned,implied,not_mentioned,not_mentioned,no
Still Me,iands,data\iands\still-me.json,Ohkado,1,False,False,True,no_reason_given,no,no,no,not_mentioned,not_mentioned,implied,not_mentioned,none,no
"Suddenly I remembered EVERYTHING - who I was, what my life was about, what home was",iands,data\iands\suddenly-i-remembered-everything-who-i-was-what-my-life-was-about-what-home-was.json,Ohkado,3,False,False,True,no_reason_given,not_mentioned,not_mentioned,implied,not_mentioned,spiritual_realm,yes_explicit,explicit,not_mentioned,not_mentioned
Suffocating to Life,iands,data\iands\suffocating-to-life.json,Ohkado,2,False,False,True,family_responsibility,implied,no,no,not_mentioned,spiritual_realm,yes_explicit,not_mentioned,not_mentioned,no
Suicidally depressed young woman has NDE during minor surgery,iands,data\iands\suicidally-depressed-young-woman-has-nde-during-minor-surgery.json,Ohkado,1,False,False,True,not_mentioned,no,no,no,not_mentioned,earth,yes_explicit,explicit,not_mentioned,no
"Suicide attempt NDE followed by increased intuitiveness, etc.",iands,data\iands\suicide-attempt-nde-followed-by-increased-intuitiveness-etc.json,Ohkado,1,False,False,True,other,implied,no,no,not_mentioned,not_mentioned,implied,not_mentioned,not_mentioned,no
Suicide beholds the essence of God as love and light,iands,data\iands\suicide-beholds-the-essence-of-god-as-love-and-light.json,Ohkado,2,False,False,True,family_responsibility,yes_explicit,no,yes_explicit,not_mentioned,not_mentioned,yes_explicit,not_mentioned,not_mentioned,not_mentioned
"Suicide is told she has no business trying to ""get in""",iands,data\iands\suicide-is-told-she-has-no-business-trying-to-get-in.json,Ohkado,1,False,False,True,other,no,no,no,not_mentioned,spiritual_realm,not_mentioned,no,not_mentioned,no
Superimposed,iands,data\iands\superimposed.json,Ohkado,1,False,False,True,not_mentioned,implied,no,no,not_mentioned,not_mentioned,yes_explicit,not_mentioned,none,no
Sweet Contentment,iands,data\iands\sweet-contentment.json,Ohkado,2,False,False,True,family_responsibility,no,no,not_mentioned,not_mentioned,spiritual_realm,implied,explicit,not_mentioned,not_mentioned
Teen commits suicide but is taken by God and feels pure love before being returned to his body,iands,data\iands\teen-commits-suicide-but-is-taken-by-god-and-feels-pure-love-before-being-returned-to-his-body.json,Ohkado,2,False,False,True,not_your_time,implied,no,no,not_mentioned,spiritual_realm,yes_explicit,explicit,not_mentioned,no
Teen is buried alive and remembers revising her contract with the universe,iands,data\iands\teen-is-buried-alive-and-remembers-revising-her-contract-with-the-universe.json,Ohkado,2,False,False,True,other,no,no,not_mentioned,not_mentioned,spiritual_realm,implied,explicit,not_mentioned,not_mentioned
Teenager communicates with identical twin from coma/NDE,iands,data\iands\teenager-communicates-with-identical-twin-from-coma-nde.json,Ohkado,1,False,False,True,not_mentioned,implied,no,not_mentioned,not_mentioned,not_mentioned,implied,not_mentioned,not_mentioned,not_mentioned
Teenager has OOB after drug overdose (caution: profanity),iands,data\iands\teenager-has-oob-after-drug-overdose-caution-profanity.json,Ohkado,1,False,False,True,not_your_time,no,no,no,not_mentioned,not_mentioned,yes_explicit,not_mentioned,not_mentioned,no
Teenager in UK out of body into light,iands,data\iands\teenager-in-uk-out-of-body-into-light.json,Ohkado,1,False,False,True,not_your_time,not_mentioned,no,no,not_mentioned,not_mentioned,implied,no,none,no
Teeth-Cleaning Incident Gives Woman Access to Life Review,iands,data\iands\teeth-cleaning-incident-gives-woman-access-to-life-review.json,Ohkado,1,False,False,True,no_reason_given,no,no,no,not_mentioned,not_mentioned,implied,not_mentioned,not_mentioned,no
Ten-year-old boy is thrown from car and is saved by light being,iands,data\iands\ten-year-old-boy-is-thrown-from-car-and-is-saved-by-light-being.json,Ohkado,2,False,False,True,not_your_time,implied,no,no,not_mentioned,spiritual_realm,implied,explicit,not_mentioned,no
"Ten-year-old girl falls and leaves body, but returns just in time",iands,data\iands\ten-year-old-girl-falls-and-leaves-body-but-returns-just-in-time.json,Ohkado,1,False,False,True,not_your_time,no,no,no,not_mentioned,not_mentioned,implied,no,not_mentioned,no
The Christ concept brings all our songs into a perfect balance with our universe,iands,data\iands\the-christ-concept-brings-all-our-songs-into-a-perfect-balance-with-our-universe.json,Ohkado,2,False,False,True,other,not_mentioned,not_mentioned,not_mentioned,not_mentioned,spiritual_realm,implied,not_mentioned,not_mentioned,not_mentioned
The Essence of Life,iands,data\iands\the-essence-of-life.json,Ohkado,1,False,False,True,other,no,no,not_mentioned,not_mentioned,not_mentioned,implied,not_mentioned,not_mentioned,not_mentioned
The Fastest Roller Coaster Ride Ever,iands,data\iands\the-fastest-roller-coaster-ride-ever.json,Ohkado,1,False,False,True,no_reason_given,no,no,no,not_mentioned,spiritual_realm,not_mentioned,implied,not_mentioned,no
The older gentleman and his son were together again,iands,data\iands\the-older-gentleman-and-his-son-were-together-again.json,Ohkado,1,False,False,True,not_your_time,yes_explicit,no,no,not_mentioned,not_mentioned,yes_explicit,not_mentioned,none,no
The real world is much more wonderful and complex,iands,data\iands\the-real-world-is-much-more-wonderful-and-complex.json,Ohkado,1,False,False,True,no_reason_given,no,no,no,not_mentioned,spiritual_realm,not_mentioned,not_mentioned,none,no
"The universe without matter is not only more real than this contrived world, but more magnificent",iands,data\iands\the-universe-without-matter-is-not-only-more-real-than-this-contrived-world-but-more-magnificent.json,Ohkado,1,False,False,True,no_reason_given,no,no,no,not_mentioned,not_mentioned,implied,not_mentioned,not_mentioned,no
"The void, my grandmother, and God change the way I see life",iands,data\iands\the-void-my-grandmother-and-god-change-the-way-i-see-life.json,Ohkado,2,False,False,True,not_your_time,implied,no,no,not_mentioned,spiritual_realm,yes_explicit,implied,none,no
Tibetan man in car accident experiences his divinity but is stopped by demon,iands,data\iands\tibetan-man-in-car-accident-experiences-his-divinity-but-is-stopped-by-demon.json,Ohkado,1,False,False,True,not_mentioned,not_mentioned,no,no,not_mentioned,not_mentioned,implied,not_mentioned,not_mentioned,no
"Tickled to meet man who said ""Come""",iands,data\iands\tickled-to-meet-man-who-said-come.json,Ohkado,1,False,False,True,family_responsibility,no,no,no,not_mentioned,spiritual_realm,not_mentioned,explicit,none,no
Traveling Through the Tunnel,iands,data\iands\traveling-through-the-tunnel.json,Ohkado,1,False,False,True,no_reason_given,no,no,no,not_mentioned,not_mentioned,implied,not_mentioned,not_mentioned,no
Tremendous Homesickness,iands,data\iands\tremendous-homesickness.json,Ohkado,1,False,False,True,no_reason_given,no,no,not_mentioned,not_mentioned,spiritual_realm,not_mentioned,explicit,not_mentioned,not_mentioned
Two Brushes Unnoticed,iands,data\iands\two-brushes-unnoticed.json,Ohkado,1,False,False,True,not_mentioned,no,no,no,not_mentioned,not_mentioned,implied,no,none,no
Two drownings in childhood,iands,data\iands\two-drownings-in-childhood.json,Ohkado,1,False,False,True,other,no,no,no,not_mentioned,not_mentioned,yes_explicit,not_mentioned,not_mentioned,not_mentioned
Two sleep apnea OBEs as a teenager,iands,data\iands\two-sleep-apnea-obes-as-a-teenager.json,Ohkado,1,False,False,True,no_reason_given,no,no,no,not_mentioned,not_mentioned,implied,not_mentioned,not_mentioned,no
Understand the Gift to Enjoy the Treasure,iands,data\iands\understand-the-gift-to-enjoy-the-treasure.json,Ohkado,1,False,False,True,not_your_time,implied,no,no,not_mentioned,not_mentioned,implied,no,not_mentioned,no
"Upset New Zealand girl eats mushrooms and hears beings in void saying, ""Go back""",iands,data\iands\upset-new-zealand-girl-eats-mushrooms-and-hears-beings-in-void-saying-go-back.json,Ohkado,2,False,False,True,not_your_time,no,no,no,not_mentioned,spiritual_realm,yes_explicit,explicit,none,no
Velvety Dark Stillness,iands,data\iands\velvety-dark-stillness.json,Ohkado,2,False,False,True,not_your_time,no,no,no,not_mentioned,spiritual_realm,implied,implied,not_mentioned,no
Watching Myself Struggle,iands,data\iands\watching-myself-struggle.json,Ohkado,1,False,False,True,no_reason_given,not_mentioned,no,no,not_mentioned,not_mentioned,implied,not_mentioned,none,no
Wheel of Life,iands,data\iands\wheel-of-life.json,Ohkado,1,False,False,True,not_mentioned,not_mentioned,not_mentioned,not_mentioned,not_mentioned,not_mentioned,implied,not_mentioned,not_mentioned,not_mentioned
When I was 3 (58 years ago),iands,data\iands\when-i-was-3-58-years-ago.json,Ohkado,1,False,False,True,family_responsibility,no,no,no,not_mentioned,not_mentioned,yes_explicit,not_mentioned,not_mentioned,no
Where teen mom went during coma from spinal meningitis,iands,data\iands\where-teen-mom-went-during-coma-from-spinal-meningitis.json,Ohkado,1,False,False,True,family_responsibility,no,no,no,not_mentioned,not_mentioned,implied,not_mentioned,not_mentioned,no
Woman dies but is given three messages that helped her when she returned to life,iands,data\iands\woman-dies-but-is-given-three-messages-that-helped-her-when-she-returned-to-life.json,Ohkado,2,False,False,True,family_responsibility,no,no,not_mentioned,not_mentioned,spiritual_realm,implied,explicit,not_mentioned,not_mentioned
"Woman dies following childbirth and meets Jesus who says to care for everyone, even strangers",iands,data\iands\woman-dies-following-childbirth-and-meets-jesus-who-says-to-care-for-everyone-even-strangers.json,Ohkado,2,False,False,True,family_responsibility,yes_explicit,no,not_mentioned,not_mentioned,spiritual_realm,yes_explicit,not_mentioned,not_mentioned,not_mentioned
Woman Dies from COVID and Learns the True Nature of Trees and Water,iands,data\iands\woman-dies-from-covid-and-learns-the-true-nature-of-trees-and-water.json,Ohkado,2,False,False,True,family_responsibility,implied,no,no,not_mentioned,spiritual_realm,yes_explicit,explicit,not_mentioned,no
Woman dies of alcohol abuse and meets deceased grandfather,iands,data\iands\woman-dies-of-alcohol-abuse-and-meets-deceased-grandfather.json,Ohkado,1,False,False,True,not_your_time,no,no,no,not_mentioned,not_mentioned,implied,not_mentioned,not_mentioned,no
Woman drops dead but returns knowing things,iands,data\iands\woman-drops-dead-but-returns-knowing-things.json,Ohkado,1,False,False,True,not_mentioned,not_mentioned,not_mentioned,not_mentioned,not_mentioned,not_mentioned,implied,not_mentioned,not_mentioned,not_mentioned
Woman dying of Covid leaves body and is taught how to forgive,iands,data\iands\woman-dying-of-covid-leaves-body-and-is-taught-how-to-forgive.json,Ohkado,1,False,False,True,family_responsibility,no,no,no,not_mentioned,spiritual_realm,not_mentioned,not_mentioned,none,no
Woman enters the light and praises God,iands,data\iands\woman-enters-the-light-and-praises-god.json,Ohkado,2,False,False,True,no_reason_given,not_mentioned,no,no,not_mentioned,spiritual_realm,implied,explicit,none,no
Woman feels she's been given the meaning of life,iands,data\iands\woman-feels-she-s-been-given-the-meaning-of-life.json,Ohkado,2,False,False,True,not_mentioned,no,no,not_mentioned,not_mentioned,spiritual_realm,implied,explicit,not_mentioned,not_mentioned
"Woman finds her Joy by almost dying, and her life is changed",iands,data\iands\woman-finds-her-joy-by-almost-dying-and-her-life-is-changed.json,Ohkado,1,False,False,True,family_responsibility,implied,no,no,not_mentioned,not_mentioned,implied,implied,not_mentioned,no
"Woman, given Fentanyl for pain, leaves body and watches resuscitation",iands,data\iands\woman-given-fentanyl-for-pain-leaves-body-and-watches-resuscitation.json,Ohkado,1,False,False,True,no_reason_given,no,no,no,not_mentioned,not_mentioned,implied,no,not_mentioned,no
Woman has cardiac arrest during surgery and sees Abraham Lincoln all night after she wakes up,iands,data\iands\woman-has-cardiac-arrest-during-surgery-and-sees-abraham-lincoln-all-night-after-she-wakes-up.json,Ohkado,1,False,False,True,not_mentioned,not_mentioned,not_mentioned,not_mentioned,not_mentioned,not_mentioned,yes_explicit,not_mentioned,not_mentioned,not_mentioned
Woman in accident sees Earth as oval,iands,data\iands\woman-in-accident-sees-earth-as-oval.json,Ohkado,1,False,False,True,other,yes_explicit,no,no,not_mentioned,not_mentioned,yes_explicit,not_mentioned,not_mentioned,no
Woman in France goes into dark tunnel with many beings trying to tell her things,iands,data\iands\woman-in-france-goes-into-dark-tunnel-with-many-beings-trying-to-tell-her-things.json,Ohkado,1,False,False,True,no_reason_given,not_mentioned,not_mentioned,not_mentioned,not_mentioned,not_mentioned,implied,not_mentioned,not_mentioned,not_mentioned
Woman in hospital leaves body and meets ball of beautiful diamond light projecting LOVE,iands,data\iands\woman-in-hospital-leaves-body-and-meets-ball-of-beautiful-diamond-light-projecting-love.json,Ohkado,2,False,False,True,not_mentioned,implied,no,no,not_mentioned,spiritual_realm,implied,not_mentioned,not_mentioned,no
Woman in labor has OOB and feels like she is home,iands,data\iands\woman-in-labor-has-oob-and-feels-like-she-is-home.json,Ohkado,2,False,False,True,not_mentioned,no,no,no,not_mentioned,spiritual_realm,yes_explicit,explicit,not_mentioned,no
Woman is offered exit opportunity,iands,data\iands\woman-is-offered-exit-opportunity.json,Ohkado,1,False,False,True,other,not_mentioned,not_mentioned,not_mentioned,not_mentioned,not_mentioned,yes_explicit,not_mentioned,not_mentioned,not_mentioned
Woman leaves body during procedure and receives messages in the dark,iands,data\iands\woman-leaves-body-during-procedure-and-receives-messages-in-the-dark.json,Ohkado,1,False,False,True,not_your_time,yes_explicit,no,no,not_mentioned,not_mentioned,yes_explicit,not_mentioned,not_mentioned,no
Woman meets three beings before returning,iands,data\iands\woman-meets-three-beings-before-returning.json,Ohkado,1,False,False,True,family_responsibility,not_mentioned,not_mentioned,no,not_mentioned,spiritual_realm,not_mentioned,explicit,not_mentioned,no
Woman's cardiac arrest shows her all species are connected as one,iands,data\iands\woman-s-cardiac-arrest-shows-her-all-species-are-connected-as-one.json,Ohkado,1,False,False,True,not_mentioned,no,no,no,not_mentioned,not_mentioned,implied,not_mentioned,none,no
"Woman's out of body experience leaves her with psychic powers, new religious beliefs, and a strong sense of purpose",iands,data\iands\woman-s-out-of-body-experience-leaves-her-with-psychic-powers-new-religious-beliefs-and-a-strong-sense-of-purpose.json,Ohkado,1,False,False,True,no_reason_given,not_mentioned,not_mentioned,not_mentioned,not_mentioned,not_mentioned,yes_explicit,not_mentioned,not_mentioned,not_mentioned
Woman with glioblastoma goes to white light and is healed,iands,data\iands\woman-with-glioblastoma-goes-to-white-light-and-is-healed.json,Ohkado,1,False,False,True,not_your_time,yes_explicit,no,no,not_mentioned,spiritual_realm,not_mentioned,not_mentioned,not_mentioned,no
Woman with migraine is saved from overdose of meds and joins God briefly,iands,data\iands\woman-with-migraine-is-saved-from-overdose-of-meds-and-joins-god-briefly.json,Ohkado,2,False,False,True,no_reason_given,no,no,no,not_mentioned,spiritual_realm,yes_explicit,explicit,none,no
Woman with toxemia visits with deceased father following childbirth,iands,data\iands\woman-with-toxemia-visits-with-deceased-father-following-childbirth.json,Ohkado,2,False,False,True,family_responsibility,implied,no,not_mentioned,not_mentioned,spiritual_realm,implied,explicit,not_mentioned,not_mentioned
"Yes, There's Something After Death",iands,data\iands\yes-there-s-something-after-death.json,Ohkado,1,False,False,True,not_mentioned,no,not_mentioned,not_mentioned,not_mentioned,not_mentioned,implied,not_mentioned,not_mentioned,not_mentioned
Young boy visits a comforting dark space and meets four beings after hitting head,iands,data\iands\young-boy-visits-a-comforting-dark-space-and-meets-four-beings-after-hitting-head.json,Ohkado,1,False,False,True,family_responsibility,implied,no,not_mentioned,not_mentioned,spiritual_realm,not_mentioned,explicit,not_mentioned,no
"Young child dies from pills, meets a being, and returns to feel trapped",iands,data\iands\young-child-dies-from-pills-meets-a-being-and-returns-to-feel-trapped.json,Ohkado,1,False,False,True,not_your_time,no,no,no,not_mentioned,spiritual_realm,not_mentioned,explicit,none,no
"Young man has hellish experience but returns grateful, faith-filled and intuitive",iands,data\iands\young-man-has-hellish-experience-but-returns-grateful-faith-filled-and-intuitive.json,Ohkado,1,False,False,True,family_responsibility,no,no,no,not_mentioned,not_mentioned,yes_explicit,not_mentioned,not_mentioned,no
Young man hit by car goes out of body and has four broken bones healed when he returns,iands,data\iands\young-man-hit-by-car-goes-out-of-body-and-has-four-broken-bones-healed-when-he-returns.json,Ohkado,1,False,False,True,not_your_time,yes_explicit,no,no,not_mentioned,not_mentioned,yes_explicit,not_mentioned,not_mentioned,no
Young man is shot and talks to sister who was stillborn,iands,data\iands\young-man-is-shot-and-talks-to-sister-who-was-stillborn.json,Ohkado,1,False,False,True,not_your_time,implied,no,no,not_mentioned,not_mentioned,implied,implied,not_mentioned,no
"Young mother finds self in void, then is shown life review/purpose",iands,data\iands\young-mother-finds-self-in-void-then-is-shown-life-review-purpose.json,Ohkado,1,False,False,True,family_responsibility,implied,no,no,not_mentioned,not_mentioned,implied,no,not_mentioned,no
Young mother goes into void but doesn't understand for 20+ years,iands,data\iands\young-mother-goes-into-void-but-doesn-t-understand-for-20-years.json,Ohkado,1,False,False,True,not_mentioned,no,no,no,not_mentioned,not_mentioned,implied,no,not_mentioned,no
Young woman dies of a broken heart but now knows her friend lives,iands,data\iands\young-woman-dies-of-a-broken-heart-but-now-knows-her-friend-lives.json,Ohkado,2,False,False,True,not_your_time,yes_explicit,no,implied,not_mentioned,not_mentioned,implied,implied,not_mentioned,no
Young woman hit by car in Australia has meaningful out of body experience,iands,data\iands\young-woman-hit-by-car-in-australia-has-meaningful-out-of-body-experience.json,Ohkado,1,False,False,True,no_reason_given,not_mentioned,no,no,not_mentioned,spiritual_realm,not_mentioned,not_mentioned,not_mentioned,no
Young woman leaves her body and rises toward welcoming tree,iands,data\iands\young-woman-leaves-her-body-and-rises-toward-welcoming-tree.json,Ohkado,1,False,False,True,not_mentioned,no,no,no,not_mentioned,not_mentioned,implied,implied,none,no
"Young woman overdoses and experiences unending, undying love, among other things",iands,data\iands\young-woman-overdoses-and-experiences-unending-undying-love-among-other-things.json,Ohkado,1,False,False,True,family_responsibility,no,no,no,not_mentioned,spiritual_realm,not_mentioned,not_mentioned,not_mentioned,no
Young woman pedestrian is hit by car and has brief time out of body with entity,iands,data\iands\young-woman-pedestrian-is-hit-by-car-and-has-brief-time-out-of-body-with-entity.json,Ohkado,1,False,False,True,family_responsibility,not_mentioned,no,no,not_mentioned,not_mentioned,implied,not_mentioned,not_mentioned,no
"Your heart stopped for a minute there, but we got you back",iands,data\iands\your-heart-stopped-for-a-minute-there-but-we-got-you-back.json,Ohkado,1,False,False,True,family_responsibility,no,no,no,not_mentioned,not_mentioned,implied,not_mentioned,not_mentioned,no
When Time Stood Still 3 NDE 3,nderf,data\nderf\00004_when-time-stood-still-3-nde-3.json,Ohkado,1,False,False,True,no_reason_given,no,no,no,not_mentioned,spiritual_realm,not_mentioned,explicit,not_mentioned,no
Twenty Years Later 4 NDE 4,nderf,data\nderf\00047_twenty-years-later-4-nde-4.json,Ohkado,1,False,False,True,not_your_time,not_mentioned,no,not_mentioned,not_mentioned,spiritual_realm,not_mentioned,explicit,not_mentioned,no
Rosemary J NDE 37,nderf,data\nderf\00079_rosemary-j-nde-37.json,Ohkado,1,False,False,True,family_responsibility,no,no,no,not_mentioned,not_mentioned,yes_explicit,not_mentioned,not_mentioned,no
D NDE 35,nderf,data\nderf\00081_d-nde-35.json,Ohkado,1,False,False,True,not_mentioned,yes_explicit,no,not_mentioned,not_mentioned,not_mentioned,implied,not_mentioned,not_mentioned,not_mentioned
Guy NDE 40,nderf,data\nderf\00095_guy-nde-40.json,Ohkado,1,False,False,True,no_reason_given,not_mentioned,not_mentioned,not_mentioned,not_mentioned,spiritual_realm,not_mentioned,not_mentioned,not_mentioned,not_mentioned
Rachel Probable NDE 41,nderf,data\nderf\00101_rachel-probable-nde-41.json,Ohkado,2,False,False,True,other,not_mentioned,not_mentioned,not_mentioned,not_mentioned,spiritual_realm,implied,not_mentioned,not_mentioned,not_mentioned
Greg NDE 42,nderf,data\nderf\00103_greg-nde-42.json,Ohkado,1,False,False,True,not_your_time,no,no,not_mentioned,not_mentioned,not_mentioned,implied,not_mentioned,not_mentioned,not_mentioned
John F NDE 61,nderf,data\nderf\00171_john-f-nde-61.json,Ohkado,1,False,False,True,not_your_time,yes_explicit,no,no,not_mentioned,spiritual_realm,not_mentioned,explicit,not_mentioned,no
August Probable NDE 51,nderf,data\nderf\00188_august-probable-nde-51.json,Ohkado,2,False,False,True,no_reason_given,implied,no,no,not_mentioned,spiritual_realm,implied,explicit,not_mentioned,no
George E Probable NDE 20130/6923 NDE 6923,nderf,data\nderf\00207_george-e-probable-nde-20130-6923-nde-6923.json,Ohkado,1,False,False,True,other,no,no,no,not_mentioned,not_mentioned,implied,not_mentioned,not_mentioned,no
Anthony N NDE 677,nderf,data\nderf\00209_anthony-n-nde.json,Ohkado,1,False,False,True,no_reason_given,yes_explicit,no,no,not_mentioned,not_mentioned,implied,not_mentioned,not_mentioned,no
Kathaleen NDE 690,nderf,data\nderf\00213_kathaleen-nde.json,Ohkado,1,False,False,True,family_responsibility,yes_explicit,no,no,not_mentioned,spiritual_realm,not_mentioned,implied,not_mentioned,no
Tony D NDE 693,nderf,data\nderf\00215_tony-d-nde.json,Ohkado,3,False,False,True,no_reason_given,not_mentioned,not_mentioned,yes_explicit,not_mentioned,spiritual_realm,yes_explicit,explicit,not_mentioned,not_mentioned
Waylan NDE 737,nderf,data\nderf\00217_waylan-nde.json,Ohkado,1,False,False,True,not_mentioned,yes_explicit,no,not_mentioned,not_mentioned,spiritual_realm,not_mentioned,implied,not_mentioned,not_mentioned
Ashley P NDE 691,nderf,data\nderf\00221_ashley-p-nde.json,Ohkado,1,False,False,True,not_your_time,no,no,no,not_mentioned,not_mentioned,implied,implied,not_mentioned,no
Deborah Le NDE 2050/700 NDE 700,nderf,data\nderf\00231_deborah-le-nde-2050-700-nde.json,Ohkado,2,False,False,True,family_responsibility,no,not_mentioned,implied,not_mentioned,spiritual_realm,not_mentioned,explicit,not_mentioned,not_mentioned
Tina S NDE 710,nderf,data\nderf\00233_tina-s-nde.json,Ohkado,1,False,False,True,not_your_time,implied,not_mentioned,not_mentioned,not_mentioned,spiritual_realm,not_mentioned,explicit,not_mentioned,not_mentioned
Kim G NDE 727,nderf,data\nderf\00259_kim-g-nde.json,Ohkado,1,False,False,True,family_responsibility,no,no,no,not_mentioned,not_mentioned,implied,implied,not_mentioned,no
Tommy T NDE 723,nderf,data\nderf\00260_tommy-t-nde.json,Ohkado,1,False,False,True,family_responsibility,implied,no,no,not_mentioned,spiritual_realm,not_mentioned,explicit,not_mentioned,no
Brian L NDE 748,nderf,data\nderf\00268_brian-l-nde.json,Ohkado,1,False,False,True,family_responsibility,not_mentioned,not_mentioned,not_mentioned,not_mentioned,not_mentioned,implied,not_mentioned,not_mentioned,not_mentioned
David B NDE 768,nderf,data\nderf\00278_david-b-nde.json,Ohkado,1,False,False,True,not_your_time,implied,no,not_mentioned,not_mentioned,spiritual_realm,not_mentioned,explicit,not_mentioned,not_mentioned
Chet W NDE 10069,nderf,data\nderf\00280_chet-w-nde-10069.json,Ohkado,1,False,False,True,other,implied,no,no,not_mentioned,spiritual_realm,not_mentioned,explicit,not_mentioned,no
Greeley C NDE 20215,nderf,data\nderf\00289_greeley-c-nde-20215.json,Ohkado,1,False,False,True,not_mentioned,not_mentioned,not_mentioned,not_mentioned,not_mentioned,not_mentioned,implied,not_mentioned,not_mentioned,not_mentioned
Carlene W NDE 773,nderf,data\nderf\00290_carlene-w-nde.json,Ohkado,1,False,False,True,family_responsibility,no,no,no,not_mentioned,spiritual_realm,not_mentioned,not_mentioned,not_mentioned,no
Edwin NDE 785,nderf,data\nderf\00295_edwin-nde.json,Ohkado,1,False,False,True,not_your_time,no,no,no,not_mentioned,not_mentioned,implied,not_mentioned,not_mentioned,no
Miguel NDE 63,nderf,data\nderf\00304_miguel-nde-63.json,Ohkado,1,False,False,True,not_your_time,not_mentioned,not_mentioned,not_mentioned,not_mentioned,spiritual_realm,not_mentioned,not_mentioned,not_mentioned,not_mentioned
Deanna C NDE 814,nderf,data\nderf\00310_deanna-c-nde.json,Ohkado,1,False,False,True,not_your_time,no,no,no,not_mentioned,not_mentioned,implied,explicit,not_mentioned,no
Howard P NDE 10099,nderf,data\nderf\00313_howard-p-nde-10099.json,Ohkado,1,False,False,True,other,yes_explicit,no,not_mentioned,not_mentioned,not_mentioned,yes_explicit,not_mentioned,not_mentioned,no
Jocelyne R NDE 818,nderf,data\nderf\00314_jocelyne-r-nde.json,Ohkado,1,False,False,True,family_responsibility,no,no,no,not_mentioned,spiritual_realm,not_mentioned,explicit,not_mentioned,no
Heather S NDE 819,nderf,data\nderf\00318_heather-s-nde.json,Ohkado,1,False,False,True,not_mentioned,not_mentioned,not_mentioned,not_mentioned,not_mentioned,spiritual_realm,not_mentioned,not_mentioned,not_mentioned,not_mentioned
Sil A NDE 11067,nderf,data\nderf\00320_sil-a-nde-11067.json,Ohkado,1,False,False,True,other,no,no,no,not_mentioned,not_mentioned,implied,not_mentioned,none,no
Herbert M NDE 820,nderf,data\nderf\00322_herbert-m-nde.json,Ohkado,1,False,False,True,no_reason_given,no,no,not_mentioned,not_mentioned,spiritual_realm,not_mentioned,explicit,not_mentioned,not_mentioned
Roxanne S NDE 828,nderf,data\nderf\00326_roxanne-s-nde.json,Ohkado,1,False,False,True,not_mentioned,not_mentioned,not_mentioned,not_mentioned,not_mentioned,spiritual_realm,not_mentioned,explicit,not_mentioned,not_mentioned
Denise B NDE 831,nderf,data\nderf\00331_denise-b-nde.json,Ohkado,1,False,False,True,family_responsibility,implied,no,implied,not_mentioned,not_mentioned,not_mentioned,not_mentioned,not_mentioned,not_mentioned
Kamme O NDE 839,nderf,data\nderf\00334_kamme-o-nde.json,Ohkado,1,False,False,True,family_responsibility,not_mentioned,not_mentioned,not_mentioned,not_mentioned,spiritual_realm,not_mentioned,explicit,not_mentioned,not_mentioned
Paula J NDE 20313,nderf,data\nderf\00341_paula-j-nde-20313.json,Ohkado,1,False,False,True,family_responsibility,not_mentioned,not_mentioned,not_mentioned,not_mentioned,not_mentioned,implied,not_mentioned,not_mentioned,not_mentioned
John M NDE 870/2044,nderf,data\nderf\00348_john-m-nde-870-2044.json,Ohkado,1,False,False,True,not_mentioned,implied,no,no,not_mentioned,not_mentioned,implied,not_mentioned,not_mentioned,no
Vicki S NDE 892,nderf,data\nderf\00366_vicki-s-nde.json,Ohkado,1,False,False,True,not_mentioned,no,no,no,not_mentioned,not_mentioned,implied,not_mentioned,not_mentioned,no
Nancy H NDE 897,nderf,data\nderf\00368_nancy-h-nde.json,Ohkado,1,False,False,True,not_your_time,implied,no,no,not_mentioned,not_mentioned,implied,not_mentioned,not_mentioned,no
Achess NDE 893,nderf,data\nderf\00378_achess-nde.json,Ohkado,1,False,False,True,no_reason_given,no,no,no,not_mentioned,not_mentioned,implied,not_mentioned,not_mentioned,no
Barbara H NDE 912,nderf,data\nderf\00381_barbara-h-nde.json,Ohkado,1,False,False,True,family_responsibility,not_mentioned,not_mentioned,not_mentioned,not_mentioned,spiritual_realm,not_mentioned,explicit,not_mentioned,not_mentioned
Vadra P NDE 913,nderf,data\nderf\00382_vadra-p-nde.json,Ohkado,1,False,False,True,not_mentioned,not_mentioned,not_mentioned,not_mentioned,not_mentioned,spiritual_realm,not_mentioned,explicit,not_mentioned,not_mentioned
Ron A NDE 916,nderf,data\nderf\00383_ron-a-nde.json,Ohkado,2,False,False,True,not_your_time,no,no,no,not_mentioned,spiritual_realm,implied,explicit,not_mentioned,no
Cinthia NDE 910,nderf,data\nderf\00385_cinthia-nde.json,Ohkado,1,False,False,True,other,implied,not_mentioned,not_mentioned,not_mentioned,spiritual_realm,not_mentioned,explicit,not_mentioned,not_mentioned
Val NDE 77,nderf,data\nderf\00389_val-nde-77.json,Ohkado,1,False,False,True,family_responsibility,no,no,not_mentioned,not_mentioned,spiritual_realm,not_mentioned,not_mentioned,not_mentioned,not_mentioned
Burke NDE 78,nderf,data\nderf\00390_burke-nde-78.json,Ohkado,1,False,False,True,not_your_time,no,no,no,not_mentioned,not_mentioned,yes_explicit,not_mentioned,not_mentioned,no
Wilfred B NDE 949,nderf,data\nderf\00407_wilfred-b-nde.json,Ohkado,1,False,False,True,not_mentioned,not_mentioned,not_mentioned,not_mentioned,not_mentioned,not_mentioned,implied,not_mentioned,not_mentioned,not_mentioned
Frank G NDE 20412,nderf,data\nderf\00411_frank-g-nde-20412.json,Ohkado,1,False,False,True,not_your_time,implied,no,no,not_mentioned,spiritual_realm,not_mentioned,explicit,none,no
Phillip S NDE 961,nderf,data\nderf\00414_phillip-s-nde.json,Ohkado,3,False,False,True,not_your_time,yes_explicit,not_mentioned,yes_explicit,not_mentioned,not_mentioned,yes_explicit,not_mentioned,not_mentioned,no
Lori M NDE 967,nderf,data\nderf\00421_lori-m-nde.json,Ohkado,1,False,False,True,other,yes_explicit,not_mentioned,not_mentioned,not_mentioned,spiritual_realm,not_mentioned,explicit,not_mentioned,not_mentioned
Glenda H NDE 981,nderf,data\nderf\00422_glenda-h-nde.json,Ohkado,2,False,False,True,other,implied,no,no,not_mentioned,spiritual_realm,yes_explicit,implied,not_mentioned,no
Judith E NDE 979,nderf,data\nderf\00424_judith-e-nde.json,Ohkado,1,False,False,True,not_mentioned,not_mentioned,not_mentioned,not_mentioned,not_mentioned,not_mentioned,implied,not_mentioned,not_mentioned,not_mentioned
James T NDE 10080,nderf,data\nderf\00432_james-t-nde-10080.json,Ohkado,2,False,False,True,not_your_time,not_mentioned,no,no,not_mentioned,spiritual_realm,yes_explicit,explicit,not_mentioned,no
Barbara M NDE 1000,nderf,data\nderf\00438_barbara-m-nde-1000.json,Ohkado,1,False,False,True,not_your_time,no,no,no,not_mentioned,not_mentioned,implied,not_mentioned,not_mentioned,no
Miranda G NDE 1008,nderf,data\nderf\00439_miranda-g-nde-1008.json,Ohkado,1,False,False,True,not_your_time,implied,no,no,not_mentioned,not_mentioned,implied,not_mentioned,not_mentioned,no
Jean T NDE 1005,nderf,data\nderf\00445_jean-t-nde-1005.json,Ohkado,1,False,False,True,family_responsibility,yes_explicit,no,no,not_mentioned,not_mentioned,implied,not_mentioned,not_mentioned,no
Norella D NDE 10081,nderf,data\nderf\00447_norella-d-nde-10081.json,Ohkado,1,False,False,True,not_mentioned,not_mentioned,not_mentioned,no,not_mentioned,not_mentioned,implied,not_mentioned,not_mentioned,no
Paul G NDE 106/1029 NDE 1029,nderf,data\nderf\00451_paul-g-nde-106-1029-nde-1029.json,Ohkado,1,False,False,True,no_reason_given,not_mentioned,not_mentioned,no,not_mentioned,not_mentioned,yes_explicit,not_mentioned,not_mentioned,no
Linda B NDE 1030/10084/10085 NDE 10085,nderf,data\nderf\00455_linda-b-nde-1030-10084-10085-nde-10085.json,Ohkado,3,False,False,True,not_your_time,implied,no,yes_explicit,not_mentioned,spiritual_realm,yes_explicit,not_mentioned,not_mentioned,no
Maria TK NDE 996,nderf,data\nderf\00457_maria-tk-nde.json,Ohkado,1,False,False,True,no_reason_given,no,no,no,not_mentioned,spiritual_realm,not_mentioned,explicit,not_mentioned,no
Darlene H NDE 1061,nderf,data\nderf\00464_darlene-h-nde-1061.json,Ohkado,1,False,False,True,family_responsibility,yes_explicit,no,not_mentioned,not_mentioned,not_mentioned,implied,not_mentioned,not_mentioned,not_mentioned
Hannah NDE 1027,nderf,data\nderf\00472_hannah-nde-1027.json,Ohkado,1,False,False,True,no_reason_given,not_mentioned,not_mentioned,not_mentioned,not_mentioned,not_mentioned,implied,not_mentioned,not_mentioned,not_mentioned
PJ NDE 86,nderf,data\nderf\00480_pj-nde-86.json,Ohkado,1,False,False,True,no_reason_given,no,no,no,not_mentioned,not_mentioned,implied,not_mentioned,not_mentioned,no
Laura Z NDE 2006,nderf,data\nderf\00484_laura-z-nde-2006.json,Ohkado,1,False,False,True,not_mentioned,no,not_mentioned,not_mentioned,not_mentioned,not_mentioned,implied,not_mentioned,not_mentioned,not_mentioned
Ruth NDE 2038,nderf,data\nderf\00491_ruth-nde-2038.json,Ohkado,2,False,False,True,not_your_time,not_mentioned,no,not_mentioned,not_mentioned,spiritual_realm,implied,explicit,not_mentioned,not_mentioned
Traci NDE 90,nderf,data\nderf\00494_traci-nde-90.json,Ohkado,1,False,False,True,no_reason_given,no,no,no,not_mentioned,not_mentioned,implied,not_mentioned,not_mentioned,no
Michelle M NDE 2018,nderf,data\nderf\00502_michelle-m-nde-2018.json,Ohkado,1,False,False,True,family_responsibility,implied,no,not_mentioned,not_mentioned,spiritual_realm,not_mentioned,explicit,not_mentioned,not_mentioned
Wally T NDE 2056,nderf,data\nderf\00504_wally-t-nde-2056.json,Ohkado,2,False,False,True,other,not_mentioned,not_mentioned,not_mentioned,not_mentioned,spiritual_realm,implied,explicit,not_mentioned,no
Catherine G NDE 2047,nderf,data\nderf\00505_catherine-g-nde-2047.json,Ohkado,1,False,False,True,not_mentioned,no,no,no,not_mentioned,spiritual_realm,not_mentioned,explicit,not_mentioned,no
Jeffrey C NDE 2057,nderf,data\nderf\00507_jeffrey-c-nde-2057.json,Ohkado,1,False,False,True,no_reason_given,not_mentioned,no,no,not_mentioned,not_mentioned,yes_explicit,not_mentioned,not_mentioned,no
Rena P NDE 2060,nderf,data\nderf\00511_rena-p-nde-2060.json,Ohkado,1,False,False,True,no_reason_given,no,no,no,not_mentioned,not_mentioned,yes_explicit,not_mentioned,not_mentioned,no
Francis M NDE 928,nderf,data\nderf\00516_francis-m-nde.json,Ohkado,1,False,False,True,not_your_time,implied,no,not_mentioned,not_mentioned,not_mentioned,implied,not_mentioned,not_mentioned,not_mentioned
Daniel E Possible NDE 103,nderf,data\nderf\00520_daniel-e-possible-nde.json,Ohkado,1,False,False,True,not_your_time,implied,no,not_mentioned,not_mentioned,spiritual_realm,not_mentioned,not_mentioned,not_mentioned,not_mentioned
Anne J NDE 2076,nderf,data\nderf\00521_anne-j-nde-2076.json,Ohkado,1,False,False,True,not_mentioned,not_mentioned,not_mentioned,not_mentioned,not_mentioned,not_mentioned,implied,implied,not_mentioned,not_mentioned
Mary L NDE 2073,nderf,data\nderf\00523_mary-l-nde-2073.json,Ohkado,1,False,False,True,not_mentioned,no,no,no,not_mentioned,spiritual_realm,not_mentioned,explicit,none,no
Linda S NDE 2082,nderf,data\nderf\00529_linda-s-nde-2082.json,Ohkado,1,False,False,True,not_your_time,yes_explicit,no,not_mentioned,not_mentioned,not_mentioned,implied,not_mentioned,not_mentioned,not_mentioned
Analisa D NDE 108,nderf,data\nderf\00533_analisa-d-nde.json,Ohkado,1,False,False,True,no_reason_given,no,no,no,not_mentioned,not_mentioned,implied,not_mentioned,not_mentioned,no
Sylvain C NDE 1088,nderf,data\nderf\00534_sylvain-c-nde-1088.json,Ohkado,1,False,False,True,not_mentioned,not_mentioned,not_mentioned,not_mentioned,not_mentioned,not_mentioned,implied,not_mentioned,not_mentioned,not_mentioned
Silvia C NDE 1097,nderf,data\nderf\00535_silvia-c-nde-1097.json,Ohkado,1,False,False,True,no_reason_given,no,no,no,not_mentioned,not_mentioned,implied,not_mentioned,not_mentioned,no
Dario F NDE 1096,nderf,data\nderf\00536_dario-f-nde-1096.json,Ohkado,1,False,False,True,not_your_time,implied,no,not_mentioned,not_mentioned,not_mentioned,implied,explicit,not_mentioned,not_mentioned
Janet B NDE 109,nderf,data\nderf\00536_janet-b-nde.json,Ohkado,4,False,False,True,not_mentioned,implied,no,yes_explicit,not_mentioned,spiritual_realm,yes_explicit,explicit,not_mentioned,not_mentioned
Malcolm G NDE 2358,nderf,data\nderf\00537_malcolm-g-nde-2358.json,Ohkado,1,False,False,True,not_your_time,no,no,no,not_mentioned,not_mentioned,implied,not_mentioned,not_mentioned,no
Kim M NDE 2107,nderf,data\nderf\00542_kim-m-nde-2107.json,Ohkado,2,False,False,True,family_responsibility,implied,no,no,not_mentioned,spiritual_realm,yes_explicit,implied,none,no
Leslie M NDE 1067,nderf,data\nderf\00545_leslie-m-nde-1067.json,Ohkado,1,False,False,True,not_your_time,implied,no,no,not_mentioned,spiritual_realm,not_mentioned,explicit,not_mentioned,no
Heidi D NDE 1072,nderf,data\nderf\00549_heidi-d-nde-1072.json,Ohkado,1,False,False,True,not_mentioned,no,no,no,not_mentioned,not_mentioned,implied,not_mentioned,not_mentioned,no
Bob A NDE 124,nderf,data\nderf\00552_bob-a-nde.json,Ohkado,1,False,False,True,not_mentioned,implied,no,no,not_mentioned,not_mentioned,implied,not_mentioned,not_mentioned,no
Mark J NDE 2126,nderf,data\nderf\00560_mark-j-nde-2126.json,Ohkado,4,False,False,True,other,not_mentioned,not_mentioned,yes_explicit,not_mentioned,spiritual_realm,yes_explicit,explicit,not_mentioned,not_mentioned
Thomas F NDE 2117,nderf,data\nderf\00564_thomas-f-nde-2117.json,Ohkado,1,False,False,True,not_mentioned,not_mentioned,no,no,not_mentioned,spiritual_realm,not_mentioned,implied,none,no
Pierre Q FDE 2130 NDE 2130,nderf,data\nderf\00568_pierre-q-fde-2130-nde-2130.json,Ohkado,1,False,False,True,not_mentioned,no,no,no,not_mentioned,not_mentioned,implied,not_mentioned,not_mentioned,no
Bob H NDE 20703,nderf,data\nderf\00577_bob-h-nde-20703.json,Ohkado,1,False,False,True,not_mentioned,not_mentioned,not_mentioned,not_mentioned,not_mentioned,not_mentioned,implied,not_mentioned,not_mentioned,not_mentioned
Jim F NDE 2156,nderf,data\nderf\00584_jim-f-nde-2156.json,Ohkado,2,False,False,True,not_mentioned,implied,no,no,not_mentioned,spiritual_realm,implied,explicit,none,no
Gloria M NDE 2158,nderf,data\nderf\00586_gloria-m-nde-2158.json,Ohkado,2,False,False,True,no_reason_given,no,no,no,not_mentioned,spiritual_realm,yes_explicit,implied,none,no
Corina NDE 151,nderf,data\nderf\00592_corina-nde.json,Ohkado,1,False,False,True,family_responsibility,not_mentioned,no,no,not_mentioned,not_mentioned,implied,not_mentioned,not_mentioned,no
Karen D NDE 154,nderf,data\nderf\00595_karen-d-nde.json,Ohkado,2,False,False,True,no_reason_given,implied,not_mentioned,implied,not_mentioned,spiritual_realm,not_mentioned,explicit,not_mentioned,not_mentioned
Peter H NDE 2168,nderf,data\nderf\00596_peter-h-nde-2168.json,Ohkado,1,False,False,True,other,implied,no,no,not_mentioned,not_mentioned,implied,not_mentioned,not_mentioned,no
Jim B NDE 22252/2176 NDE 2176,nderf,data\nderf\00601_jim-b-nde-22252-2176-nde-2176.json,Ohkado,1,False,False,True,no_reason_given,no,not_mentioned,not_mentioned,not_mentioned,not_mentioned,implied,not_mentioned,not_mentioned,not_mentioned
Tonya Z NDE 160,nderf,data\nderf\00601_tonya-z-nde.json,Ohkado,2,False,False,True,no_reason_given,not_mentioned,no,no,not_mentioned,spiritual_realm,implied,explicit,not_mentioned,no
Ana G NDE 2167,nderf,data\nderf\00603_ana-g-nde-2167.json,Ohkado,2,False,False,True,family_responsibility,no,no,no,not_mentioned,spiritual_realm,yes_explicit,not_mentioned,none,no
Mary S NDE 2190,nderf,data\nderf\00605_mary-s-nde-2190.json,Ohkado,1,False,False,True,other,not_mentioned,no,no,not_mentioned,spiritual_realm,not_mentioned,explicit,not_mentioned,no
Marguerite S Possible NDE 2186,nderf,data\nderf\00610_marguerite-s-possible-nde-2186.json,Ohkado,1,False,False,True,not_your_time,yes_explicit,no,not_mentioned,not_mentioned,not_mentioned,implied,not_mentioned,not_mentioned,not_mentioned
Joel B NDE 2181,nderf,data\nderf\00611_joel-b-nde-2181.json,Ohkado,2,False,False,True,not_your_time,implied,no,not_mentioned,not_mentioned,spiritual_realm,yes_explicit,explicit,not_mentioned,not_mentioned
Laura R NDE 2182,nderf,data\nderf\00612_laura-r-nde-2182.json,Ohkado,1,False,False,True,not_mentioned,no,no,no,not_mentioned,not_mentioned,yes_explicit,not_mentioned,not_mentioned,no
Ellen K NDE 2213/6178 NDE 6178,nderf,data\nderf\00615_ellen-k-nde-2213-6178-nde-6178.json,Ohkado,3,False,False,True,family_responsibility,not_mentioned,no,yes_explicit,not_mentioned,spiritual_realm,implied,explicit,not_mentioned,not_mentioned
Anthony C NDE 2202,nderf,data\nderf\00617_anthony-c-nde-2202.json,Ohkado,1,False,False,True,no_reason_given,not_mentioned,not_mentioned,no,not_mentioned,not_mentioned,yes_explicit,not_mentioned,not_mentioned,no
Elaine G NDE 2201,nderf,data\nderf\00618_elaine-g-nde-2201.json,Ohkado,1,False,False,True,not_your_time,no,no,no,not_mentioned,not_mentioned,implied,not_mentioned,not_mentioned,no
Bill W NDE 180,nderf,data\nderf\00619_bill-w-nde.json,Ohkado,1,False,False,True,family_responsibility,yes_explicit,no,not_mentioned,not_mentioned,spiritual_realm,not_mentioned,implied,not_mentioned,not_mentioned
Debora E NDE 2223,nderf,data\nderf\00620_debora-e-nde-2223.json,Ohkado,1,False,False,True,family_responsibility,no,no,no,not_mentioned,not_mentioned,yes_explicit,not_mentioned,not_mentioned,no
Diane G NDE 175,nderf,data\nderf\00622_diane-g-nde.json,Ohkado,2,False,False,True,not_your_time,yes_explicit,no,not_mentioned,not_mentioned,spiritual_realm,implied,explicit,not_mentioned,not_mentioned
Larry L NDE 178,nderf,data\nderf\00626_larry-l-nde.json,Ohkado,1,False,False,True,family_responsibility,not_mentioned,not_mentioned,not_mentioned,not_mentioned,spiritual_realm,not_mentioned,explicit,not_mentioned,not_mentioned
Richard P NDE 2236,nderf,data\nderf\00626_richard-p-nde-2236.json,Ohkado,1,False,False,True,family_responsibility,not_mentioned,not_mentioned,no,not_mentioned,spiritual_realm,not_mentioned,explicit,not_mentioned,no
Jack C Probable NDE 2244,nderf,data\nderf\00630_jack-c-probable-nde-2244.json,Ohkado,1,False,False,True,no_reason_given,no,no,no,not_mentioned,not_mentioned,implied,implied,not_mentioned,no
Sam P NDE 2261,nderf,data\nderf\00634_sam-p-nde-2261.json,Ohkado,2,False,False,True,no_reason_given,not_mentioned,not_mentioned,implied,not_mentioned,spiritual_realm,not_mentioned,explicit,not_mentioned,no
Leo P NDE 1117,nderf,data\nderf\00636_leo-p-nde-1117.json,Ohkado,1,False,False,True,no_reason_given,no,no,not_mentioned,not_mentioned,not_mentioned,yes_explicit,not_mentioned,not_mentioned,no
Desiree B NDE 2247,nderf,data\nderf\00637_desiree-b-nde-2247.json,Ohkado,2,False,False,True,not_your_time,implied,no,no,not_mentioned,spiritual_realm,yes_explicit,explicit,not_mentioned,no
Frances W NDE 2245,nderf,data\nderf\00641_frances-w-nde-2245.json,Ohkado,1,False,False,True,not_your_time,yes_explicit,no,no,not_mentioned,spiritual_realm,not_mentioned,implied,not_mentioned,no
Frank A NDE 645/450 NDE 190,nderf,data\nderf\00645_frank-a-nde-645-450-nde.json,Ohkado,1,False,False,True,no_reason_given,not_mentioned,not_mentioned,not_mentioned,not_mentioned,spiritual_realm,not_mentioned,explicit,not_mentioned,not_mentioned
Graciela H NDE 2274,nderf,data\nderf\00652_graciela-h-nde-2274.json,Ohkado,1,False,False,True,not_your_time,yes_explicit,no,no,not_mentioned,spiritual_realm,not_mentioned,explicit,not_mentioned,no
Ramie N NDE 2287,nderf,data\nderf\00661_ramie-n-nde-2287.json,Ohkado,1,False,False,True,not_your_time,no,no,not_mentioned,not_mentioned,spiritual_realm,not_mentioned,not_mentioned,not_mentioned,not_mentioned
Saundra V NDE 2316,nderf,data\nderf\00671_saundra-v-nde-2316.json,Ohkado,1,False,False,True,family_responsibility,no,no,no,not_mentioned,not_mentioned,yes_explicit,no,not_mentioned,no
Beth L NDE 2308,nderf,data\nderf\00673_beth-l-nde-2308.json,Ohkado,1,False,False,True,not_your_time,not_mentioned,not_mentioned,not_mentioned,not_mentioned,not_mentioned,yes_explicit,not_mentioned,not_mentioned,not_mentioned
Nicholas P NDE 2319,nderf,data\nderf\00676_nicholas-p-nde-2319.json,Ohkado,2,False,False,True,not_mentioned,implied,not_mentioned,yes_explicit,not_mentioned,not_mentioned,yes_explicit,not_mentioned,not_mentioned,not_mentioned
Georgia S NDE 2325,nderf,data\nderf\00684_georgia-s-nde-2325.json,Ohkado,1,False,False,True,other,no,no,no,not_mentioned,not_mentioned,implied,no,none,no
Pilar L Probable NDE 2232,nderf,data\nderf\00694_pilar-l-probable-nde-2232.json,Ohkado,1,False,False,True,no_reason_given,no,no,no,not_mentioned,not_mentioned,yes_explicit,not_mentioned,not_mentioned,no
Fena D NDE 2374,nderf,data\nderf\00700_fena-d-nde-2374.json,Ohkado,1,False,False,True,not_your_time,implied,no,not_mentioned,not_mentioned,spiritual_realm,not_mentioned,explicit,not_mentioned,not_mentioned
Robert B NDE 2379,nderf,data\nderf\00701_robert-b-nde-2379.json,Ohkado,1,False,False,True,family_responsibility,not_mentioned,no,no,not_mentioned,spiritual_realm,not_mentioned,explicit,not_mentioned,no
Daniel RS NDE 2364,nderf,data\nderf\00706_daniel-rs-nde-2364.json,Ohkado,2,False,False,True,other,not_mentioned,not_mentioned,not_mentioned,not_mentioned,spiritual_realm,yes_explicit,implied,not_mentioned,not_mentioned
Marinda G NDE 2388,nderf,data\nderf\00709_marinda-g-nde-2388.json,Ohkado,1,False,False,True,not_your_time,yes_explicit,no,no,not_mentioned,not_mentioned,yes_explicit,not_mentioned,none,no
TJ NDE 2410,nderf,data\nderf\00723_tj-nde-2410.json,Ohkado,2,False,False,True,family_responsibility,not_mentioned,no,no,not_mentioned,spiritual_realm,yes_explicit,implied,not_mentioned,no
Richard H NDE 2439,nderf,data\nderf\00730_richard-h-nde-2439.json,Ohkado,1,False,False,True,not_mentioned,not_mentioned,not_mentioned,not_mentioned,not_mentioned,not_mentioned,implied,implied,not_mentioned,not_mentioned
HB NDE 2445,nderf,data\nderf\00740_hb-nde-2445.json,Ohkado,2,False,False,True,not_mentioned,no,no,no,not_mentioned,spiritual_realm,yes_explicit,explicit,none,no
Gary D NDE 2428,nderf,data\nderf\00742_gary-d-nde-2428.json,Ohkado,2,False,False,True,other,yes_explicit,no,implied,not_mentioned,spiritual_realm,not_mentioned,explicit,not_mentioned,no
Madison T NDE 2455,nderf,data\nderf\00743_madison-t-nde-2455.json,Ohkado,1,False,False,True,no_reason_given,not_mentioned,no,no,not_mentioned,not_mentioned,implied,not_mentioned,not_mentioned,no
Irene NDE 2452,nderf,data\nderf\00746_irene-nde-2452.json,Ohkado,1,False,False,True,no_reason_given,no,no,no,not_mentioned,not_mentioned,yes_explicit,no,none,no
Rachel B NDE 2451,nderf,data\nderf\00747_rachel-b-nde-2451.json,Ohkado,1,False,False,True,no_reason_given,not_mentioned,no,no,not_mentioned,not_mentioned,yes_explicit,not_mentioned,not_mentioned,no
Pat B NDE 2461,nderf,data\nderf\00752_pat-b-nde-2461.json,Ohkado,1,False,False,True,family_responsibility,no,no,no,not_mentioned,not_mentioned,yes_explicit,not_mentioned,not_mentioned,no
Paola MH NDE 2417,nderf,data\nderf\00755_paola-mh-nde-2417.json,Ohkado,1,False,False,True,family_responsibility,no,not_mentioned,not_mentioned,not_mentioned,not_mentioned,yes_explicit,explicit,not_mentioned,not_mentioned
Ramiro J NDE 2224,nderf,data\nderf\00756_ramiro-j-nde-2224.json,Ohkado,1,False,False,True,not_mentioned,implied,no,no,not_mentioned,not_mentioned,implied,no,not_mentioned,no
Bob M NDE 2466,nderf,data\nderf\00759_bob-m-nde-2466.json,Ohkado,1,False,False,True,not_mentioned,no,not_mentioned,no,not_mentioned,spiritual_realm,not_mentioned,explicit,not_mentioned,not_mentioned
Paulene NDE 2471,nderf,data\nderf\00761_paulene-nde-2471.json,Ohkado,1,False,False,True,not_mentioned,yes_explicit,not_mentioned,not_mentioned,not_mentioned,not_mentioned,yes_explicit,not_mentioned,not_mentioned,not_mentioned
Lizzette T NDE 2476,nderf,data\nderf\00763_lizzette-t-nde-2476.json,Ohkado,1,False,False,True,not_your_time,no,not_mentioned,no,not_mentioned,spiritual_realm,not_mentioned,explicit,not_mentioned,no
Rose D NDE 2483,nderf,data\nderf\00766_rose-d-nde-2483.json,Ohkado,1,False,False,True,other,implied,no,not_mentioned,not_mentioned,not_mentioned,implied,not_mentioned,not_mentioned,not_mentioned
Tarik Possible NDE 2467,nderf,data\nderf\00769_tarik-possible-nde-2467.json,Ohkado,1,False,False,True,no_reason_given,no,not_mentioned,not_mentioned,not_mentioned,not_mentioned,implied,not_mentioned,not_mentioned,not_mentioned
Muhammad NDE 2479,nderf,data\nderf\00770_muhammad-nde-2479.json,Ohkado,1,False,False,True,not_mentioned,no,not_mentioned,not_mentioned,not_mentioned,not_mentioned,yes_explicit,not_mentioned,not_mentioned,no
Gloria T Probable NDE 2492,nderf,data\nderf\00773_gloria-t-probable-nde-2492.json,Ohkado,1,False,False,True,family_responsibility,yes_explicit,no,not_mentioned,not_mentioned,not_mentioned,implied,not_mentioned,not_mentioned,not_mentioned
Lidia G NDE 21144,nderf,data\nderf\00783_lidia-g-nde-21144.json,Ohkado,1,False,False,True,family_responsibility,no,no,no,not_mentioned,not_mentioned,implied,implied,not_mentioned,no
John F NDE 2501,nderf,data\nderf\00785_john-f-nde-2501.json,Ohkado,1,False,False,True,other,implied,no,no,not_mentioned,not_mentioned,yes_explicit,not_mentioned,none,no
Charlie D NDE 2506,nderf,data\nderf\00789_charlie-d-nde-2506.json,Ohkado,1,False,False,True,no_reason_given,not_mentioned,no,no,not_mentioned,not_mentioned,yes_explicit,not_mentioned,not_mentioned,no
Mikel R NDE 2509,nderf,data\nderf\00791_mikel-r-nde-2509.json,Ohkado,1,False,False,True,family_responsibility,no,no,no,not_mentioned,spiritual_realm,not_mentioned,not_mentioned,not_mentioned,no
Kent M Probable NDE 2513,nderf,data\nderf\00794_kent-m-probable-nde-2513.json,Ohkado,1,False,False,True,not_mentioned,implied,not_mentioned,not_mentioned,not_mentioned,not_mentioned,yes_explicit,not_mentioned,not_mentioned,not_mentioned
Sandra C FDE 2521 NDE 2521,nderf,data\nderf\00797_sandra-c-fde-2521-nde-2521.json,Ohkado,1,False,False,True,family_responsibility,no,no,no,not_mentioned,not_mentioned,yes_explicit,not_mentioned,not_mentioned,no
Katie NDE 2526,nderf,data\nderf\00802_katie-nde-2526.json,Ohkado,1,False,False,True,not_your_time,no,no,no,not_mentioned,not_mentioned,implied,implied,not_mentioned,no
Peg A NDE 2527,nderf,data\nderf\00803_peg-a-nde-2527.json,Ohkado,1,False,False,True,family_responsibility,yes_explicit,no,no,not_mentioned,spiritual_realm,not_mentioned,explicit,not_mentioned,not_mentioned
Gail D NDE 2529,nderf,data\nderf\00805_gail-d-nde-2529.json,Ohkado,1,False,False,True,family_responsibility,no,not_mentioned,not_mentioned,not_mentioned,spiritual_realm,not_mentioned,not_mentioned,not_mentioned,not_mentioned
Brian T NDE 2538,nderf,data\nderf\00809_brian-t-nde-2538.json,Ohkado,1,False,False,True,not_your_time,implied,no,no,not_mentioned,not_mentioned,yes_explicit,not_mentioned,not_mentioned,no
R.T.F. NDE 21166,nderf,data\nderf\00814_r-t-f-nde-21166.json,Ohkado,1,False,False,True,not_your_time,yes_explicit,no,no,not_mentioned,not_mentioned,implied,not_mentioned,not_mentioned,no
Terry M NDE 2551,nderf,data\nderf\00820_terry-m-nde-2551.json,Ohkado,2,False,False,True,not_mentioned,not_mentioned,not_mentioned,no,not_mentioned,spiritual_realm,implied,explicit,none,no
Kenneth N NDE 2559,nderf,data\nderf\00823_kenneth-n-nde-2559.json,Ohkado,1,False,False,True,not_mentioned,not_mentioned,no,no,not_mentioned,not_mentioned,implied,no,not_mentioned,no
Nash J NDE 2568,nderf,data\nderf\00824_nash-j-nde-2568.json,Ohkado,2,False,False,True,not_mentioned,not_mentioned,not_mentioned,not_mentioned,not_mentioned,spiritual_realm,yes_explicit,explicit,not_mentioned,not_mentioned
Christine E NDE 2569,nderf,data\nderf\00825_christine-e-nde-2569.json,Ohkado,1,False,False,True,family_responsibility,no,no,no,not_mentioned,not_mentioned,implied,not_mentioned,not_mentioned,no
Carmen B NDE 2574,nderf,data\nderf\00828_carmen-b-nde-2574.json,Ohkado,1,False,False,True,no_reason_given,no,no,no,not_mentioned,not_mentioned,yes_explicit,not_mentioned,none,no
David Se NDE 2575,nderf,data\nderf\00829_david-se-nde-2575.json,Ohkado,1,False,False,True,not_your_time,no,no,no,not_mentioned,not_mentioned,yes_explicit,not_mentioned,not_mentioned,no
Arthur W NDE 2576/22781 NDE 22781,nderf,data\nderf\00830_arthur-w-nde-2576-22781-nde-22781.json,Ohkado,1,False,False,True,not_your_time,implied,no,no,not_mentioned,not_mentioned,implied,not_mentioned,not_mentioned,no
Tristan Z NDE 2589,nderf,data\nderf\00838_tristan-z-nde-2589.json,Ohkado,1,False,False,True,not_mentioned,no,no,no,not_mentioned,not_mentioned,yes_explicit,not_mentioned,not_mentioned,no
Traci P FDE 2592 NDE 2592,nderf,data\nderf\00839_traci-p-fde-2592-nde-2592.json,Ohkado,1,False,False,True,no_reason_given,no,no,no,not_mentioned,not_mentioned,yes_explicit,not_mentioned,not_mentioned,no
Montreal Q NDE 2597,nderf,data\nderf\00840_montreal-q-nde-2597.json,Ohkado,1,False,False,True,not_your_time,no,no,no,not_mentioned,not_mentioned,implied,not_mentioned,not_mentioned,no
Chuck B NDE 2603,nderf,data\nderf\00843_chuck-b-nde-2603.json,Ohkado,1,False,False,True,not_your_time,not_mentioned,not_mentioned,not_mentioned,not_mentioned,spiritual_realm,not_mentioned,explicit,not_mentioned,not_mentioned
Marci S NDE 2604,nderf,data\nderf\00844_marci-s-nde-2604.json,Ohkado,1,False,False,True,family_responsibility,no,not_mentioned,not_mentioned,not_mentioned,spiritual_realm,not_mentioned,explicit,not_mentioned,no
Anne C NDE 2616,nderf,data\nderf\00851_anne-c-nde-2616.json,Ohkado,2,False,False,True,not_your_time,no,no,no,not_mentioned,spiritual_realm,implied,implied,not_mentioned,no
Ann S NDE 2617,nderf,data\nderf\00852_ann-s-nde-2617.json,Ohkado,5,False,False,True,family_responsibility,not_mentioned,not_mentioned,yes_explicit,chose_mission,spiritual_realm,yes_explicit,explicit,not_mentioned,no
Carol W NDE 2618,nderf,data\nderf\00853_carol-w-nde-2618.json,Ohkado,1,False,False,True,family_responsibility,no,no,no,not_mentioned,spiritual_realm,not_mentioned,explicit,not_mentioned,no
Celeste Y NDE 2621,nderf,data\nderf\00854_celeste-y-nde-2621.json,Ohkado,1,False,False,True,other,implied,no,not_mentioned,not_mentioned,not_mentioned,implied,not_mentioned,not_mentioned,not_mentioned
John G Probable NDE 2624,nderf,data\nderf\00855_john-g-probable-nde-2624.json,Ohkado,2,False,False,True,not_mentioned,no,not_mentioned,implied,not_mentioned,not_mentioned,implied,not_mentioned,not_mentioned,not_mentioned
Gary A NDE 2630,nderf,data\nderf\00858_gary-a-nde-2630.json,Ohkado,3,False,False,True,not_your_time,not_mentioned,no,implied,not_mentioned,spiritual_realm,implied,explicit,none,no
Sherry W NDE 2637,nderf,data\nderf\00862_sherry-w-nde-2637.json,Ohkado,1,False,False,True,family_responsibility,no,no,no,not_mentioned,not_mentioned,yes_explicit,not_mentioned,not_mentioned,no
Marsha NDE 2638,nderf,data\nderf\00863_marsha-nde-2638.json,Ohkado,2,False,False,True,not_mentioned,no,not_mentioned,yes_explicit,not_mentioned,not_mentioned,not_mentioned,not_mentioned,not_mentioned,no
Victor M NDE 2639,nderf,data\nderf\00864_victor-m-nde-2639.json,Ohkado,1,False,False,True,no_reason_given,no,no,no,not_mentioned,not_mentioned,implied,not_mentioned,not_mentioned,no
James B NDE 2648,nderf,data\nderf\00868_james-b-nde-2648.json,Ohkado,1,False,False,True,no_reason_given,not_mentioned,not_mentioned,not_mentioned,not_mentioned,not_mentioned,implied,not_mentioned,not_mentioned,not_mentioned
Denny B NDE/ADC 31028 NDE 31028,nderf,data\nderf\00873_denny-b-nde-adc-31028-nde-31028.json,Ohkado,1,False,False,True,other,implied,no,not_mentioned,not_mentioned,not_mentioned,implied,not_mentioned,not_mentioned,not_mentioned
Brian H NDE 2663/8493,nderf,data\nderf\00877_brian-h-nde-2663-8493.json,Ohkado,1,False,False,True,not_your_time,implied,not_mentioned,no,not_mentioned,not_mentioned,yes_explicit,not_mentioned,not_mentioned,not_mentioned
Miguel NDE 2667,nderf,data\nderf\00888_miguel-nde-2667.json,Ohkado,1,False,False,True,no_reason_given,no,no,no,not_mentioned,spiritual_realm,not_mentioned,implied,not_mentioned,no
Louise B NDE 2684,nderf,data\nderf\00890_louise-b-nde-2684.json,Ohkado,1,False,False,True,family_responsibility,yes_explicit,no,no,not_mentioned,not_mentioned,yes_explicit,not_mentioned,none,no
Maria S NDE 2671,nderf,data\nderf\00892_maria-s-nde-2671.json,Ohkado,3,False,False,True,not_your_time,implied,no,implied,not_mentioned,spiritual_realm,implied,explicit,not_mentioned,no
Peter J NDE 2699,nderf,data\nderf\00899_peter-j-nde-2699.json,Ohkado,1,False,False,True,other,no,no,no,not_mentioned,not_mentioned,yes_explicit,not_mentioned,none,no
Louise NDE 2703,nderf,data\nderf\00900_louise-nde-2703.json,Ohkado,1,False,False,True,family_responsibility,no,not_mentioned,not_mentioned,not_mentioned,spiritual_realm,not_mentioned,not_mentioned,not_mentioned,not_mentioned
Gia P NDE 21272,nderf,data\nderf\00904_gia-p-nde-21272.json,Ohkado,1,False,False,True,other,no,no,no,not_mentioned,not_mentioned,implied,not_mentioned,none,no
Timothy T NDE 2735,nderf,data\nderf\00913_timothy-t-nde-2735.json,Ohkado,1,False,False,True,not_your_time,no,no,not_mentioned,not_mentioned,spiritual_realm,not_mentioned,explicit,not_mentioned,not_mentioned
Karyn T NDE 21278,nderf,data\nderf\00919_karyn-t-nde-21278.json,Ohkado,1,False,False,True,family_responsibility,no,no,no,not_mentioned,not_mentioned,implied,not_mentioned,not_mentioned,no
David M NDE 2743,nderf,data\nderf\00920_david-m-nde-2743.json,Ohkado,1,False,False,True,family_responsibility,no,no,no,not_mentioned,not_mentioned,yes_explicit,not_mentioned,none,no
Dominique S NDE 2745,nderf,data\nderf\00921_dominique-s-nde-2745.json,Ohkado,1,False,False,True,not_mentioned,no,not_mentioned,not_mentioned,not_mentioned,not_mentioned,implied,no,not_mentioned,not_mentioned
Cara M NDE 21310,nderf,data\nderf\00930_cara-m-nde-21310.json,Ohkado,1,False,False,True,not_your_time,no,no,no,not_mentioned,not_mentioned,implied,not_mentioned,not_mentioned,no
Anita E NDE 2772,nderf,data\nderf\00933_anita-e-nde-2772.json,Ohkado,1,False,False,True,no_reason_given,not_mentioned,no,no,not_mentioned,spiritual_realm,not_mentioned,explicit,not_mentioned,no
Lucia L NDE 2759,nderf,data\nderf\00937_lucia-l-nde-2759.json,Ohkado,2,False,False,True,no_reason_given,implied,not_mentioned,implied,not_mentioned,not_mentioned,implied,not_mentioned,not_mentioned,not_mentioned
Wan I NDE 2790,nderf,data\nderf\00950_wan-i-nde-2790.json,Ohkado,2,False,False,True,not_your_time,implied,no,not_mentioned,not_mentioned,spiritual_realm,yes_explicit,explicit,not_mentioned,not_mentioned
Zulaykha NDE 21351,nderf,data\nderf\00951_zulaykha-nde-21351.json,Ohkado,1,False,False,True,no_reason_given,no,no,no,not_mentioned,not_mentioned,implied,not_mentioned,not_mentioned,no
Michelle R NDE 2797,nderf,data\nderf\00952_michelle-r-nde-2797.json,Ohkado,1,False,False,True,no_reason_given,no,no,no,not_mentioned,not_mentioned,yes_explicit,not_mentioned,not_mentioned,no
Jesse N NDE 2809,nderf,data\nderf\00956_jesse-n-nde-2809.json,Ohkado,2,False,False,True,other,not_mentioned,not_mentioned,not_mentioned,not_mentioned,spiritual_realm,implied,explicit,not_mentioned,not_mentioned
Lynn C NDE 2822,nderf,data\nderf\00961_lynn-c-nde-2822.json,Ohkado,2,False,False,True,not_your_time,no,no,no,not_mentioned,spiritual_realm,yes_explicit,explicit,not_mentioned,no
Andrew S NDE 2829,nderf,data\nderf\00966_andrew-s-nde-2829.json,Ohkado,1,False,False,True,no_reason_given,not_mentioned,not_mentioned,no,not_mentioned,not_mentioned,implied,not_mentioned,not_mentioned,no
Roberta NDE 2844,nderf,data\nderf\00975_roberta-nde-2844.json,Ohkado,1,False,False,True,not_your_time,no,not_mentioned,not_mentioned,not_mentioned,not_mentioned,implied,not_mentioned,not_mentioned,not_mentioned
P.A. NDE 2846,nderf,data\nderf\00976_p-a-nde-2846.json,Ohkado,1,False,False,True,not_mentioned,no,no,no,not_mentioned,not_mentioned,yes_explicit,not_mentioned,none,no
Cathy M NDE 2850,nderf,data\nderf\00978_cathy-m-nde-2850.json,Ohkado,1,False,False,True,family_responsibility,implied,no,not_mentioned,not_mentioned,not_mentioned,implied,not_mentioned,not_mentioned,not_mentioned
Sue V NDE 2869,nderf,data\nderf\00983_sue-v-nde-2869.json,Ohkado,2,False,False,True,not_mentioned,implied,no,not_mentioned,not_mentioned,spiritual_realm,implied,explicit,not_mentioned,no
John D NDE 2857,nderf,data\nderf\00985_john-d-nde-2857.json,Ohkado,1,False,False,True,no_reason_given,not_mentioned,no,no,not_mentioned,not_mentioned,yes_explicit,not_mentioned,none,no
Benny M NDE 2866,nderf,data\nderf\00989_benny-m-nde-2866.json,Ohkado,1,False,False,True,not_mentioned,not_mentioned,no,no,not_mentioned,not_mentioned,yes_explicit,not_mentioned,none,no
Harry B NDE 2873,nderf,data\nderf\00991_harry-b-nde-2873.json,Ohkado,2,False,False,True,not_mentioned,no,no,no,not_mentioned,spiritual_realm,yes_explicit,explicit,not_mentioned,no
Kathleen D NDE 2875,nderf,data\nderf\00992_kathleen-d-nde-2875.json,Ohkado,1,False,False,True,family_responsibility,no,no,not_mentioned,not_mentioned,not_mentioned,implied,not_mentioned,not_mentioned,not_mentioned
Oscar T NDE 2876,nderf,data\nderf\00993_oscar-t-nde-2876.json,Ohkado,1,False,False,True,no_reason_given,not_mentioned,not_mentioned,not_mentioned,not_mentioned,not_mentioned,yes_explicit,not_mentioned,not_mentioned,not_mentioned
Sandi T NDE 16005,nderf,data\nderf\00995_sandi-t-nde-16005.json,Ohkado,1,False,False,True,not_your_time,not_mentioned,no,no,not_mentioned,not_mentioned,yes_explicit,not_mentioned,not_mentioned,no
Mathilde M NDE 16006,nderf,data\nderf\00996_mathilde-m-nde-16006.json,Ohkado,1,False,False,True,family_responsibility,no,no,no,not_mentioned,not_mentioned,yes_explicit,not_mentioned,not_mentioned,no
Kami C NDE 2900,nderf,data\nderf\01009_kami-c-nde-2900.json,Ohkado,2,False,False,True,family_responsibility,yes_explicit,no,no,not_mentioned,spiritual_realm,yes_explicit,implied,none,no
Linda S Probable NDE 2903,nderf,data\nderf\01011_linda-s-probable-nde-2903.json,Ohkado,2,False,False,True,no_reason_given,not_mentioned,not_mentioned,not_mentioned,not_mentioned,spiritual_realm,yes_explicit,explicit,not_mentioned,not_mentioned
John C NDE 2926,nderf,data\nderf\01019_john-c-nde-2926.json,Ohkado,1,False,False,True,not_your_time,not_mentioned,not_mentioned,no,not_mentioned,not_mentioned,yes_explicit,not_mentioned,not_mentioned,no
Frank P NDE 2936,nderf,data\nderf\01023_frank-p-nde-2936.json,Ohkado,1,False,False,True,family_responsibility,implied,no,not_mentioned,not_mentioned,not_mentioned,yes_explicit,not_mentioned,not_mentioned,no
Barbara G NDE 2946,nderf,data\nderf\01030_barbara-g-nde-2946.json,Ohkado,1,False,False,True,family_responsibility,not_mentioned,not_mentioned,not_mentioned,not_mentioned,spiritual_realm,not_mentioned,explicit,not_mentioned,not_mentioned
Beverly B Possible NDE 2945,nderf,data\nderf\01031_beverly-b-possible-nde-2945.json,Ohkado,2,False,False,True,not_mentioned,implied,no,no,not_mentioned,spiritual_realm,yes_explicit,explicit,not_mentioned,no
Kasandra L NDE 2952,nderf,data\nderf\01037_kasandra-l-nde-2952.json,Ohkado,1,False,False,True,not_your_time,not_mentioned,no,no,not_mentioned,not_mentioned,yes_explicit,no,not_mentioned,no
Ruud L NDE 2819,nderf,data\nderf\01038_ruud-l-nde-2819.json,Ohkado,1,False,False,True,other,no,no,no,not_mentioned,not_mentioned,yes_explicit,not_mentioned,not_mentioned,no
James E NDE 2962,nderf,data\nderf\01046_james-e-nde-2962.json,Ohkado,2,False,False,True,not_your_time,no,no,implied,not_mentioned,not_mentioned,implied,not_mentioned,not_mentioned,not_mentioned
William S Probable NDE 2965,nderf,data\nderf\01049_william-s-probable-nde-2965.json,Ohkado,1,False,False,True,not_your_time,no,no,not_mentioned,not_mentioned,spiritual_realm,not_mentioned,explicit,not_mentioned,not_mentioned
SM NDE 2978,nderf,data\nderf\01057_sm-nde-2978.json,Ohkado,1,False,False,True,not_mentioned,no,no,no,not_mentioned,not_mentioned,yes_explicit,not_mentioned,none,no
Bonnie B NDE 2982,nderf,data\nderf\01058_bonnie-b-nde-2982.json,Ohkado,1,False,False,True,family_responsibility,no,not_mentioned,not_mentioned,not_mentioned,not_mentioned,implied,not_mentioned,not_mentioned,not_mentioned
Gwen P NDE 3014,nderf,data\nderf\01066_gwen-p-nde-3014.json,Ohkado,1,False,False,True,family_responsibility,no,no,no,not_mentioned,not_mentioned,implied,not_mentioned,not_mentioned,no
Ally D NDE 3019,nderf,data\nderf\01068_ally-d-nde-3019.json,Ohkado,1,False,False,True,other,not_mentioned,no,not_mentioned,not_mentioned,not_mentioned,yes_explicit,no,not_mentioned,not_mentioned
Andy B NDE 2864,nderf,data\nderf\01072_andy-b-nde-2864.json,Ohkado,1,False,False,True,not_your_time,implied,no,not_mentioned,not_mentioned,not_mentioned,implied,not_mentioned,not_mentioned,not_mentioned
Olma S NDE 3053,nderf,data\nderf\01083_olma-s-nde-3053.json,Ohkado,2,False,False,True,family_responsibility,no,no,not_mentioned,not_mentioned,spiritual_realm,yes_explicit,explicit,not_mentioned,not_mentioned
Paquita NDE 2840,nderf,data\nderf\01085_paquita-nde-2840.json,Ohkado,1,False,False,True,not_mentioned,no,not_mentioned,not_mentioned,not_mentioned,not_mentioned,yes_explicit,not_mentioned,not_mentioned,not_mentioned
Barbara NDE 3059,nderf,data\nderf\01087_barbara-nde-3059.json,Ohkado,1,False,False,True,no_reason_given,not_mentioned,not_mentioned,not_mentioned,not_mentioned,not_mentioned,implied,explicit,not_mentioned,not_mentioned
Theresa M NDE 3060,nderf,data\nderf\01102_theresa-m-nde-3060.json,Ohkado,1,False,False,True,not_mentioned,not_mentioned,not_mentioned,not_mentioned,not_mentioned,not_mentioned,implied,not_mentioned,not_mentioned,not_mentioned
Aurora N NDE 3077,nderf,data\nderf\01105_aurora-n-nde-3077.json,Ohkado,1,False,False,True,not_your_time,no,not_mentioned,not_mentioned,not_mentioned,spiritual_realm,not_mentioned,implied,not_mentioned,not_mentioned
Sandra R NDE 3095,nderf,data\nderf\01107_sandra-r-nde-3095.json,Ohkado,1,False,False,True,no_reason_given,implied,no,not_mentioned,not_mentioned,not_mentioned,implied,no,not_mentioned,not_mentioned
Augustin NDE 2872,nderf,data\nderf\01110_augustin-nde-2872.json,Ohkado,1,False,False,True,not_your_time,implied,no,no,not_mentioned,spiritual_realm,not_mentioned,explicit,not_mentioned,no
Leonie W NDE 3131,nderf,data\nderf\01123_leonie-w-nde-3131.json,Ohkado,2,False,False,True,family_responsibility,no,no,no,not_mentioned,spiritual_realm,implied,explicit,not_mentioned,no
Mark G Dad NDE 16012,nderf,data\nderf\01125_mark-g-dad-nde-16012.json,Ohkado,1,False,False,True,not_your_time,no,not_mentioned,no,not_mentioned,spiritual_realm,not_mentioned,explicit,not_mentioned,no
Suzanne B NDE 3065,nderf,data\nderf\01126_suzanne-b-nde-3065.json,Ohkado,1,False,False,True,other,yes_explicit,no,no,not_mentioned,not_mentioned,yes_explicit,not_mentioned,not_mentioned,no
John L NDE 16065,nderf,data\nderf\01129_john-l-nde-16065.json,Ohkado,1,False,False,True,not_mentioned,not_mentioned,not_mentioned,no,not_mentioned,not_mentioned,implied,not_mentioned,not_mentioned,not_mentioned
Philippe R NDE 3156,nderf,data\nderf\01135_philippe-r-nde-3156.json,Ohkado,1,False,False,True,no_reason_given,no,no,no,not_mentioned,spiritual_realm,not_mentioned,explicit,not_mentioned,no
Rebecca E NDE 3293,nderf,data\nderf\01138_rebecca-e-nde-3293.json,Ohkado,1,False,False,True,family_responsibility,no,no,no,not_mentioned,spiritual_realm,not_mentioned,explicit,not_mentioned,no
Alice S NDE 21640,nderf,data\nderf\01149_alice-s-nde-21640.json,Ohkado,2,False,False,True,family_responsibility,implied,no,implied,not_mentioned,not_mentioned,implied,explicit,not_mentioned,not_mentioned
Deborah F NDE 21647,nderf,data\nderf\01150_deborah-f-nde-21647.json,Ohkado,1,False,False,True,not_your_time,no,no,no,not_mentioned,not_mentioned,yes_explicit,no,not_mentioned,no
Pedro L Father NDE 3232,nderf,data\nderf\01154_pedro-l-father-nde-3232.json,Ohkado,1,False,False,True,not_mentioned,not_mentioned,not_mentioned,not_mentioned,not_mentioned,not_mentioned,implied,not_mentioned,not_mentioned,not_mentioned
Sylvia D NDE 2652,nderf,data\nderf\01156_sylvia-d-nde-2652.json,Ohkado,1,False,False,True,not_your_time,no,no,no,not_mentioned,not_mentioned,implied,not_mentioned,not_mentioned,no
Marney M NDE 3274,nderf,data\nderf\01158_marney-m-nde-3274.json,Ohkado,1,False,False,True,not_mentioned,not_mentioned,not_mentioned,not_mentioned,not_mentioned,spiritual_realm,not_mentioned,explicit,not_mentioned,not_mentioned
Mitch R NDE 3283,nderf,data\nderf\01162_mitch-r-nde-3283.json,Ohkado,1,False,False,True,no_reason_given,no,no,no,not_mentioned,not_mentioned,implied,not_mentioned,not_mentioned,no
Kenneth L NDE 3241,nderf,data\nderf\01177_kenneth-l-nde-3241.json,Ohkado,1,False,False,True,other,no,no,no,not_mentioned,not_mentioned,yes_explicit,no,none,no
Joyce D NDE 3246,nderf,data\nderf\01179_joyce-d-nde-3246.json,Ohkado,1,False,False,True,not_your_time,no,no,no,not_mentioned,not_mentioned,implied,not_mentioned,not_mentioned,no
Arda F Probable NDE 3249,nderf,data\nderf\01180_arda-f-probable-nde-3249.json,Ohkado,1,False,False,True,family_responsibility,no,no,no,not_mentioned,not_mentioned,implied,not_mentioned,none,no
Sherri A NDE 3260,nderf,data\nderf\01189_sherri-a-nde-3260.json,Ohkado,1,False,False,True,not_mentioned,no,not_mentioned,not_mentioned,not_mentioned,not_mentioned,implied,not_mentioned,not_mentioned,not_mentioned
Michael H NDE 3264,nderf,data\nderf\01191_michael-h-nde-3264.json,Ohkado,1,False,False,True,other,not_mentioned,no,no,not_mentioned,spiritual_realm,not_mentioned,implied,none,no
Kathy N NDE 3226,nderf,data\nderf\01198_kathy-n-nde-3226.json,Ohkado,1,False,False,True,not_your_time,not_mentioned,not_mentioned,not_mentioned,not_mentioned,not_mentioned,implied,not_mentioned,not_mentioned,not_mentioned
Dan W NDE 3333,nderf,data\nderf\01203_dan-w-nde-3333.json,Ohkado,1,False,False,True,family_responsibility,no,no,no,not_mentioned,not_mentioned,implied,not_mentioned,none,no
James H NDE 3213,nderf,data\nderf\01214_james-h-nde-3213.json,Ohkado,2,False,False,True,no_reason_given,no,no,no,not_mentioned,spiritual_realm,implied,explicit,not_mentioned,no
Christine R NDE 3217,nderf,data\nderf\01217_christine-r-nde-3217.json,Ohkado,1,False,False,True,other,no,no,no,not_mentioned,not_mentioned,yes_explicit,not_mentioned,none,no
Jorge R NDE 3287,nderf,data\nderf\01218_jorge-r-nde-3287.json,Ohkado,1,False,False,True,not_mentioned,not_mentioned,not_mentioned,no,not_mentioned,spiritual_realm,not_mentioned,not_mentioned,not_mentioned,no
Sally A NDE 3188,nderf,data\nderf\01220_sally-a-nde-3188.json,Ohkado,1,False,False,True,family_responsibility,no,no,no,not_mentioned,not_mentioned,implied,not_mentioned,none,no
Phillip H NDE 3191,nderf,data\nderf\01223_phillip-h-nde-3191.json,Ohkado,3,False,False,True,not_mentioned,not_mentioned,not_mentioned,yes_explicit,not_mentioned,not_mentioned,yes_explicit,not_mentioned,not_mentioned,not_mentioned
Delia S NDE 3194,nderf,data\nderf\01225_delia-s-nde-3194.json,Ohkado,1,False,False,True,family_responsibility,no,no,no,not_mentioned,spiritual_realm,not_mentioned,explicit,not_mentioned,no
Pat P NDE 3197,nderf,data\nderf\01228_pat-p-nde-3197.json,Ohkado,1,False,False,True,not_your_time,not_mentioned,no,no,not_mentioned,not_mentioned,implied,no,not_mentioned,no
Cindy M NDE 3342,nderf,data\nderf\01237_cindy-m-nde-3342.json,Ohkado,1,False,False,True,no_reason_given,no,no,no,not_mentioned,not_mentioned,implied,not_mentioned,not_mentioned,no
Bonnie B NDE 3144,nderf,data\nderf\01242_bonnie-b-nde-3144.json,Ohkado,2,False,False,True,not_mentioned,no,no,no,not_mentioned,spiritual_realm,implied,explicit,not_mentioned,no
Bonnie B NDE1242 NDE 3144,nderf,data\nderf\01242_bonnie-b-nde1242-nde-3144.json,Ohkado,2,False,False,True,no_reason_given,no,no,no,not_mentioned,spiritual_realm,yes_explicit,explicit,none,no
Colin F NDE 3149,nderf,data\nderf\01244_colin-f-nde-3149.json,Ohkado,1,False,False,True,no_reason_given,not_mentioned,not_mentioned,not_mentioned,not_mentioned,not_mentioned,implied,not_mentioned,not_mentioned,not_mentioned
Patricia M NDE 3154,nderf,data\nderf\01248_patricia-m-nde-3154.json,Ohkado,1,False,False,True,not_mentioned,not_mentioned,not_mentioned,not_mentioned,not_mentioned,not_mentioned,implied,not_mentioned,not_mentioned,not_mentioned
Rhea D Probable NDE 3165,nderf,data\nderf\01254_rhea-d-probable-nde-3165.json,Ohkado,2,False,False,True,family_responsibility,not_mentioned,not_mentioned,not_mentioned,not_mentioned,spiritual_realm,implied,implied,not_mentioned,not_mentioned
Terre D NDE 3169,nderf,data\nderf\01256_terre-d-nde-3169.json,Ohkado,2,False,False,True,not_mentioned,no,not_mentioned,no,not_mentioned,spiritual_realm,yes_explicit,explicit,not_mentioned,no
Judy P NDE 3171,nderf,data\nderf\01257_judy-p-nde-3171.json,Ohkado,1,False,False,True,no_reason_given,no,no,no,not_mentioned,not_mentioned,implied,not_mentioned,not_mentioned,no
Raven R NDE 3178,nderf,data\nderf\01261_raven-r-nde-3178.json,Ohkado,1,False,False,True,not_your_time,yes_explicit,no,no,not_mentioned,not_mentioned,yes_explicit,not_mentioned,not_mentioned,not_mentioned
Don T NDE 3181,nderf,data\nderf\01262_don-t-nde-3181.json,Ohkado,1,False,False,True,not_your_time,no,not_mentioned,not_mentioned,not_mentioned,not_mentioned,implied,not_mentioned,not_mentioned,no
Pat H NDE 860,nderf,data\nderf\01270_pat-h-nde.json,Ohkado,1,False,False,True,other,no,no,no,not_mentioned,not_mentioned,implied,not_mentioned,not_mentioned,no
Jason DH NDE 724,nderf,data\nderf\01274_jason-dh-nde.json,Ohkado,1,False,False,True,not_mentioned,not_mentioned,not_mentioned,not_mentioned,not_mentioned,spiritual_realm,not_mentioned,explicit,not_mentioned,not_mentioned
John B NDE 490,nderf,data\nderf\01277_john-b-nde.json,Ohkado,1,False,False,True,other,implied,no,no,not_mentioned,not_mentioned,yes_explicit,not_mentioned,not_mentioned,no
Olivia C Possible NDE 455,nderf,data\nderf\01284_olivia-c-possible-nde.json,Ohkado,1,False,False,True,not_mentioned,no,no,no,not_mentioned,not_mentioned,implied,not_mentioned,not_mentioned,no
Shawn J NDE 448,nderf,data\nderf\01288_shawn-j-nde.json,Ohkado,1,False,False,True,not_mentioned,not_mentioned,not_mentioned,no,not_mentioned,spiritual_realm,not_mentioned,explicit,not_mentioned,no
Brenda F Probable NDE 424,nderf,data\nderf\01294_brenda-f-probable-nde.json,Ohkado,1,False,False,True,family_responsibility,no,no,no,not_mentioned,not_mentioned,implied,not_mentioned,not_mentioned,no
Virginia F NDE 418,nderf,data\nderf\01295_virginia-f-nde.json,Ohkado,1,False,False,True,family_responsibility,not_mentioned,no,no,not_mentioned,not_mentioned,implied,not_mentioned,not_mentioned,no
Evan D NDE 416/22863,nderf,data\nderf\01296_evan-d-nde-416-22863.json,Ohkado,1,False,False,True,family_responsibility,no,no,no,not_mentioned,not_mentioned,implied,not_mentioned,none,no
Annie NDE 404,nderf,data\nderf\01299_annie-nde.json,Ohkado,1,False,False,True,not_mentioned,implied,not_mentioned,not_mentioned,not_mentioned,not_mentioned,yes_explicit,not_mentioned,not_mentioned,not_mentioned
Gene J NDE 3361,nderf,data\nderf\01309_gene-j-nde-3361.json,Ohkado,2,False,False,True,no_reason_given,no,no,no,not_mentioned,spiritual_realm,implied,explicit,none,no
Malinda K NDE 3362,nderf,data\nderf\01310_malinda-k-nde-3362.json,Ohkado,1,False,False,True,not_mentioned,not_mentioned,not_mentioned,not_mentioned,not_mentioned,not_mentioned,implied,not_mentioned,not_mentioned,not_mentioned
Jools G NDE 3367,nderf,data\nderf\01313_jools-g-nde-3367.json,Ohkado,1,False,False,True,not_mentioned,no,no,not_mentioned,not_mentioned,not_mentioned,implied,not_mentioned,not_mentioned,not_mentioned
Dennis G NDE 3377,nderf,data\nderf\01322_dennis-g-nde-3377.json,Ohkado,1,False,False,True,not_your_time,no,no,no,not_mentioned,not_mentioned,implied,not_mentioned,none,no
Vandimir Probable NDE 3386,nderf,data\nderf\01329_vandimir-probable-nde-3386.json,Ohkado,1,False,False,True,not_mentioned,implied,no,implied,not_mentioned,not_mentioned,not_mentioned,not_mentioned,not_mentioned,not_mentioned
Barbara B NDE 3389,nderf,data\nderf\01331_barbara-b-nde-3389.json,Ohkado,1,False,False,True,family_responsibility,implied,no,no,not_mentioned,not_mentioned,implied,not_mentioned,not_mentioned,no
Arlene H NDE 386,nderf,data\nderf\01341_arlene-h-nde.json,Ohkado,1,False,False,True,family_responsibility,no,no,no,not_mentioned,spiritual_realm,not_mentioned,explicit,not_mentioned,no
Tim E Probable NDE 3406,nderf,data\nderf\01347_tim-e-probable-nde-3406.json,Ohkado,1,False,False,True,not_mentioned,no,no,no,not_mentioned,not_mentioned,implied,not_mentioned,not_mentioned,no
Dian S Probable NDE 377,nderf,data\nderf\01351_dian-s-probable-nde.json,Ohkado,1,False,False,True,other,implied,no,no,not_mentioned,not_mentioned,implied,not_mentioned,not_mentioned,no
Shelby M NDE 375,nderf,data\nderf\01352_shelby-m-nde.json,Ohkado,1,False,False,True,not_your_time,no,no,no,not_mentioned,not_mentioned,implied,implied,not_mentioned,no
James C NDE 351,nderf,data\nderf\01360_james-c-nde.json,Ohkado,1,False,False,True,not_your_time,not_mentioned,not_mentioned,not_mentioned,not_mentioned,not_mentioned,implied,not_mentioned,not_mentioned,not_mentioned
Tenna N NDE 337,nderf,data\nderf\01364_tenna-n-nde.json,Ohkado,1,False,False,True,not_your_time,not_mentioned,not_mentioned,not_mentioned,not_mentioned,not_mentioned,implied,not_mentioned,not_mentioned,not_mentioned
Lee Probable NDE 302,nderf,data\nderf\01374_lee-probable-nde.json,Ohkado,1,False,False,True,no_reason_given,no,no,no,not_mentioned,spiritual_realm,not_mentioned,not_mentioned,not_mentioned,no
Padraic R NDE 3412,nderf,data\nderf\01378_padraic-r-nde-3412.json,Ohkado,2,False,False,True,other,no,no,no,not_mentioned,spiritual_realm,implied,explicit,not_mentioned,no
Deana M NDE 290,nderf,data\nderf\01380_deana-m-nde.json,Ohkado,1,False,False,True,not_mentioned,implied,no,no,not_mentioned,spiritual_realm,not_mentioned,not_mentioned,not_mentioned,no
Katie T NDE 278,nderf,data\nderf\01385_katie-t-nde.json,Ohkado,1,False,False,True,family_responsibility,implied,no,no,not_mentioned,not_mentioned,implied,not_mentioned,not_mentioned,no
Newie Y NDE 253,nderf,data\nderf\01395_newie-y-nde.json,Ohkado,1,False,False,True,no_reason_given,not_mentioned,not_mentioned,not_mentioned,not_mentioned,not_mentioned,implied,not_mentioned,not_mentioned,not_mentioned
David A Probable NDE 216,nderf,data\nderf\01411_david-a-probable-nde.json,Ohkado,4,False,False,True,other,not_mentioned,no,implied,chose_mission,not_mentioned,implied,no,not_mentioned,no
Hanne B NDE 3426,nderf,data\nderf\01413_hanne-b-nde-3426.json,Ohkado,2,False,False,True,not_mentioned,not_mentioned,not_mentioned,no,not_mentioned,spiritual_realm,implied,explicit,not_mentioned,not_mentioned
Charlene P NDE 3434,nderf,data\nderf\01416_charlene-p-nde-3434.json,Ohkado,2,False,False,True,other,not_mentioned,not_mentioned,not_mentioned,not_mentioned,spiritual_realm,implied,explicit,not_mentioned,not_mentioned
Walter G NDE 2815,nderf,data\nderf\01417_walter-g-nde-2815.json,Ohkado,2,False,False,True,no_reason_given,not_mentioned,not_mentioned,yes_explicit,not_mentioned,not_mentioned,yes_explicit,not_mentioned,not_mentioned,no
Derry B NDE 198,nderf,data\nderf\01425_derry-b-nde.json,Ohkado,4,False,False,True,other,yes_explicit,no,yes_explicit,not_mentioned,spiritual_realm,implied,not_mentioned,not_mentioned,no
Dan Z NDE 196,nderf,data\nderf\01427_dan-z-nde.json,Ohkado,1,False,False,True,no_reason_given,not_mentioned,no,no,not_mentioned,not_mentioned,implied,not_mentioned,not_mentioned,no
Steven R Probable NDE 190,nderf,data\nderf\01430_steven-r-probable-nde.json,Ohkado,1,False,False,True,not_your_time,implied,no,no,not_mentioned,not_mentioned,implied,not_mentioned,not_mentioned,no
JC S NDE 189,nderf,data\nderf\01431_jc-s-nde.json,Ohkado,1,False,False,True,not_your_time,not_mentioned,not_mentioned,not_mentioned,not_mentioned,spiritual_realm,not_mentioned,explicit,not_mentioned,not_mentioned
Matthew T NDE 2874,nderf,data\nderf\01435_matthew-t-nde-2874.json,Ohkado,1,False,False,True,not_mentioned,no,not_mentioned,no,not_mentioned,not_mentioned,implied,not_mentioned,none,no
Helen PB NDE 154,nderf,data\nderf\01449_helen-pb-nde.json,Ohkado,1,False,False,True,no_reason_given,not_mentioned,not_mentioned,no,not_mentioned,not_mentioned,yes_explicit,not_mentioned,not_mentioned,no
Diana P Probable NDE 150,nderf,data\nderf\01450_diana-p-probable-nde.json,Ohkado,1,False,False,True,other,no,no,no,not_mentioned,not_mentioned,implied,no,not_mentioned,no
Francesco D Possible NDE 3430,nderf,data\nderf\01466_francesco-d-possible-nde-3430.json,Ohkado,1,False,False,True,family_responsibility,no,no,no,not_mentioned,not_mentioned,yes_explicit,not_mentioned,not_mentioned,no
Stephane B Possible NDE 3366,nderf,data\nderf\01467_stephane-b-possible-nde-3366.json,Ohkado,1,False,False,True,no_reason_given,no,no,not_mentioned,not_mentioned,spiritual_realm,not_mentioned,explicit,not_mentioned,not_mentioned
Thomas M NDE 3440,nderf,data\nderf\01468_thomas-m-nde-3440.json,Ohkado,1,False,False,True,no_reason_given,not_mentioned,not_mentioned,no,not_mentioned,not_mentioned,implied,not_mentioned,not_mentioned,no
Vivian H NDE 3442,nderf,data\nderf\01471_vivian-h-nde-3442.json,Ohkado,1,False,False,True,family_responsibility,no,no,no,not_mentioned,not_mentioned,yes_explicit,not_mentioned,not_mentioned,no
Richard L NDE 3444,nderf,data\nderf\01472_richard-l-nde-3444.json,Ohkado,1,False,False,True,no_reason_given,no,no,no,not_mentioned,not_mentioned,implied,no,not_mentioned,no
Hera A NDE 3447,nderf,data\nderf\01474_hera-a-nde-3447.json,Ohkado,1,False,False,True,family_responsibility,not_mentioned,not_mentioned,not_mentioned,not_mentioned,spiritual_realm,not_mentioned,not_mentioned,not_mentioned,not_mentioned
Dana S NDE 3451,nderf,data\nderf\01476_dana-s-nde-3451.json,Ohkado,1,False,False,True,not_your_time,no,no,no,not_mentioned,spiritual_realm,not_mentioned,explicit,not_mentioned,no
Cal G Possible NDE 121,nderf,data\nderf\01479_cal-g-possible-nde.json,Ohkado,1,False,False,True,family_responsibility,no,no,no,not_mentioned,not_mentioned,implied,no,not_mentioned,no
Patti D Probable NDE 28,nderf,data\nderf\01503_patti-d-probable-nde-28.json,Ohkado,1,False,False,True,no_reason_given,not_mentioned,not_mentioned,not_mentioned,not_mentioned,not_mentioned,implied,not_mentioned,not_mentioned,not_mentioned
Paul B NDE 16,nderf,data\nderf\01510_paul-b-nde-16.json,Ohkado,1,False,False,True,not_your_time,no,no,no,not_mentioned,not_mentioned,implied,not_mentioned,not_mentioned,no
Rita Probable NDE 3275,nderf,data\nderf\01521_rita-probable-nde-3275.json,Ohkado,1,False,False,True,no_reason_given,not_mentioned,not_mentioned,no,not_mentioned,spiritual_realm,not_mentioned,implied,not_mentioned,no
Rick J NDE 2883,nderf,data\nderf\01532_rick-j-nde-2883.json,Ohkado,1,False,False,True,not_mentioned,not_mentioned,not_mentioned,not_mentioned,not_mentioned,not_mentioned,not_mentioned,not_mentioned,not_mentioned,not_mentioned
Debra C NDE 3477,nderf,data\nderf\01542_debra-c-nde-3477.json,Ohkado,1,False,False,True,family_responsibility,implied,no,no,not_mentioned,not_mentioned,yes_explicit,not_mentioned,not_mentioned,no
Lois M NDE 3482,nderf,data\nderf\01543_lois-m-nde-3482.json,Ohkado,1,False,False,True,family_responsibility,no,no,no,not_mentioned,not_mentioned,implied,not_mentioned,not_mentioned,no
Teri NDE 3486,nderf,data\nderf\01547_teri-nde-3486.json,Ohkado,2,False,False,True,no_reason_given,no,no,no,not_mentioned,spiritual_realm,implied,explicit,not_mentioned,no
Michael R Possible NDE 3489,nderf,data\nderf\01548_michael-r-possible-nde-3489.json,Ohkado,1,False,False,True,no_reason_given,no,no,no,not_mentioned,not_mentioned,implied,no,not_mentioned,no
Mouse NDE 3498,nderf,data\nderf\01556_mouse-nde-3498.json,Ohkado,1,False,False,True,not_your_time,no,no,no,not_mentioned,spiritual_realm,not_mentioned,explicit,not_mentioned,no
Michelle P NDE 3505,nderf,data\nderf\01563_michelle-p-nde-3505.json,Ohkado,1,False,False,True,family_responsibility,no,no,no,not_mentioned,not_mentioned,yes_explicit,implied,none,no
Kate D NDE 3518,nderf,data\nderf\01570_kate-d-nde-3518.json,Ohkado,1,False,False,True,not_mentioned,no,no,no,not_mentioned,spiritual_realm,not_mentioned,explicit,none,no
Lindsey S NDE 3532,nderf,data\nderf\01575_lindsey-s-nde-3532.json,Ohkado,1,False,False,True,family_responsibility,implied,no,no,not_mentioned,not_mentioned,implied,not_mentioned,not_mentioned,no
Elisa P NDE 3472,nderf,data\nderf\01579_elisa-p-nde-3472.json,Ohkado,1,False,False,True,other,not_mentioned,not_mentioned,not_mentioned,not_mentioned,not_mentioned,yes_explicit,not_mentioned,not_mentioned,not_mentioned
Bonnie C NDE 7180/3540 NDE 3540,nderf,data\nderf\01581_bonnie-c-nde-7180-3540-nde-3540.json,Ohkado,1,False,False,True,not_mentioned,not_mentioned,not_mentioned,not_mentioned,not_mentioned,not_mentioned,implied,not_mentioned,not_mentioned,not_mentioned
Susan R NDE 3545,nderf,data\nderf\01584_susan-r-nde-3545.json,Ohkado,1,False,False,True,not_your_time,no,no,no,not_mentioned,not_mentioned,yes_explicit,not_mentioned,not_mentioned,no
Jennifer H Probable NDE 3548,nderf,data\nderf\01587_jennifer-h-probable-nde-3548.json,Ohkado,1,False,False,True,not_your_time,no,no,no,not_mentioned,spiritual_realm,not_mentioned,explicit,not_mentioned,no
Carolyn H NDE 16013,nderf,data\nderf\01592_carolyn-h-nde-16013.json,Ohkado,1,False,False,True,not_your_time,no,not_mentioned,no,not_mentioned,spiritual_realm,not_mentioned,not_mentioned,not_mentioned,no
Lesley B NDE 3569,nderf,data\nderf\01603_lesley-b-nde-3569.json,Ohkado,1,False,False,True,not_your_time,no,no,no,not_mentioned,spiritual_realm,not_mentioned,implied,not_mentioned,no
Kimberly F NDE 3571,nderf,data\nderf\01605_kimberly-f-nde-3571.json,Ohkado,1,False,False,True,not_your_time,implied,no,no,not_mentioned,spiritual_realm,not_mentioned,explicit,not_mentioned,no
DW NDE 3587/6106 NDE 6106,nderf,data\nderf\01615_dw-nde-3587-6106-nde-6106.json,Ohkado,3,False,False,True,not_your_time,no,no,implied,not_mentioned,spiritual_realm,yes_explicit,explicit,not_mentioned,no
Denise N Possible NDE 3602,nderf,data\nderf\01623_denise-n-possible-nde-3602.json,Ohkado,1,False,False,True,not_mentioned,no,no,no,not_mentioned,not_mentioned,implied,not_mentioned,not_mentioned,no
Jeff S NDE 6936/3616 NDE 3616,nderf,data\nderf\01628_jeff-s-nde-6936-3616-nde-3616.json,Ohkado,2,False,False,True,other,not_mentioned,no,no,not_mentioned,spiritual_realm,yes_explicit,explicit,not_mentioned,no
Cabell M NDE3642 NDE 3642,nderf,data\nderf\01649_cabell-m-nde3642-nde-3642.json,Ohkado,1,False,False,True,not_mentioned,not_mentioned,not_mentioned,not_mentioned,not_mentioned,not_mentioned,implied,not_mentioned,not_mentioned,no
Christopher E OBE3652 NDE 3652,nderf,data\nderf\01651_christopher-e-obe3652-nde-3652.json,Ohkado,1,False,False,True,not_your_time,no,no,no,not_mentioned,not_mentioned,implied,not_mentioned,not_mentioned,no
Bridget F NDE3648 NDE 3648,nderf,data\nderf\01654_bridget-f-nde3648-nde-3648.json,Ohkado,1,False,False,True,other,yes_explicit,no,no,not_mentioned,not_mentioned,implied,not_mentioned,not_mentioned,no
Olivia G NDE3643 NDE 3643,nderf,data\nderf\01655_olivia-g-nde3643-nde-3643.json,Ohkado,1,False,False,True,family_responsibility,no,no,no,not_mentioned,not_mentioned,implied,not_mentioned,not_mentioned,no
Jackie G Probable NDE3572 NDE 3572,nderf,data\nderf\01656_jackie-g-probable-nde3572-nde-3572.json,Ohkado,2,False,False,True,not_your_time,no,no,no,not_mentioned,spiritual_realm,implied,explicit,none,no
Alfonso SD NDE 3618,nderf,data\nderf\01666_alfonso-sd-nde-3618.json,Ohkado,1,False,False,True,not_mentioned,no,no,no,not_mentioned,not_mentioned,implied,no,not_mentioned,no
Van R NDE 3665,nderf,data\nderf\01669_van-r-nde-3665.json,Ohkado,1,False,False,True,no_reason_given,not_mentioned,not_mentioned,not_mentioned,not_mentioned,not_mentioned,implied,not_mentioned,not_mentioned,not_mentioned
Judy H NDE3669 NDE 3669,nderf,data\nderf\01670_judy-h-nde3669-nde-3669.json,Ohkado,2,False,False,True,not_your_time,no,no,not_mentioned,not_mentioned,spiritual_realm,implied,explicit,not_mentioned,not_mentioned
Glauco S NDE 3674,nderf,data\nderf\01675_glauco-s-nde-3674.json,Ohkado,2,False,False,True,not_your_time,implied,no,implied,not_mentioned,not_mentioned,implied,explicit,not_mentioned,no
Pam C Probable NDE16032 NDE 16032,nderf,data\nderf\01683_pam-c-probable-nde16032-nde-16032.json,Ohkado,1,False,False,True,not_your_time,no,no,not_mentioned,not_mentioned,spiritual_realm,not_mentioned,explicit,not_mentioned,no
Hosin F Possible NDE 3663,nderf,data\nderf\01684_hosin-f-possible-nde-3663.json,Ohkado,1,False,False,True,no_reason_given,no,no,no,not_mentioned,not_mentioned,implied,implied,not_mentioned,no
Roxanne H NDE3698 NDE 3698,nderf,data\nderf\01690_roxanne-h-nde3698-nde-3698.json,Ohkado,1,False,False,True,not_mentioned,no,no,no,not_mentioned,not_mentioned,implied,not_mentioned,none,no
Derek C NDE3694 NDE 3694,nderf,data\nderf\01693_derek-c-nde3694-nde-3694.json,Ohkado,1,False,False,True,family_responsibility,no,no,no,not_mentioned,spiritual_realm,not_mentioned,implied,not_mentioned,no
Kane D NDE 3692/2698 NDE 2698,nderf,data\nderf\01696_kane-d-nde-3692-2698-nde-2698.json,Ohkado,2,False,False,True,family_responsibility,not_mentioned,not_mentioned,not_mentioned,not_mentioned,spiritual_realm,yes_explicit,explicit,not_mentioned,not_mentioned
Mary G SOBE 21870 NDE 21870,nderf,data\nderf\01699_mary-g-sobe-21870-nde-21870.json,Ohkado,1,False,False,True,no_reason_given,no,no,implied,not_mentioned,not_mentioned,not_mentioned,not_mentioned,not_mentioned,no
Newie NDE3706 NDE 3706,nderf,data\nderf\01704_newie-nde3706-nde-3706.json,Ohkado,1,False,False,True,not_your_time,no,no,no,not_mentioned,spiritual_realm,not_mentioned,explicit,none,no
Flannigan D Probable NDE3708 NDE 3708,nderf,data\nderf\01705_flannigan-d-probable-nde3708-nde-3708.json,Ohkado,1,False,False,True,not_your_time,no,no,no,not_mentioned,not_mentioned,implied,not_mentioned,not_mentioned,no
Fanny B Probable NDE 3711,nderf,data\nderf\01706_fanny-b-probable-nde-3711.json,Ohkado,1,False,False,True,no_reason_given,not_mentioned,not_mentioned,not_mentioned,not_mentioned,not_mentioned,implied,not_mentioned,not_mentioned,not_mentioned
John S Probable NDE3718 NDE 3718,nderf,data\nderf\01711_john-s-probable-nde3718-nde-3718.json,Ohkado,1,False,False,True,no_reason_given,no,no,no,not_mentioned,not_mentioned,implied,not_mentioned,not_mentioned,no
George L NDE 21905,nderf,data\nderf\01729_george-l-nde-21905.json,Ohkado,1,False,False,True,not_mentioned,not_mentioned,not_mentioned,not_mentioned,not_mentioned,not_mentioned,yes_explicit,not_mentioned,not_mentioned,not_mentioned
Cathy B NDE 3732,nderf,data\nderf\01732_cathy-b-nde-3732.json,Ohkado,1,False,False,True,no_reason_given,not_mentioned,not_mentioned,yes_explicit,not_mentioned,not_mentioned,not_mentioned,not_mentioned,not_mentioned,not_mentioned
Cathleen C NDE 3735,nderf,data\nderf\01734_cathleen-c-nde-3735.json,Ohkado,4,False,False,True,family_responsibility,no,no,yes_explicit,chose_mission,spiritual_realm,yes_explicit,not_mentioned,not_mentioned,not_mentioned
Shirley R NDE 3737,nderf,data\nderf\01736_shirley-r-nde-3737.json,Ohkado,1,False,False,True,not_mentioned,not_mentioned,not_mentioned,not_mentioned,not_mentioned,spiritual_realm,not_mentioned,explicit,not_mentioned,not_mentioned
Jackie R NDE 3740,nderf,data\nderf\01738_jackie-r-nde-3740.json,Ohkado,1,False,False,True,not_your_time,no,no,no,not_mentioned,not_mentioned,implied,no,not_mentioned,no
Kristy C NDE 3745,nderf,data\nderf\01744_kristy-c-nde-3745.json,Ohkado,1,False,False,True,no_reason_given,not_mentioned,no,no,not_mentioned,not_mentioned,implied,implied,not_mentioned,no
Kendra NDE 3755,nderf,data\nderf\01750_kendra-nde-3755.json,Ohkado,2,False,False,True,not_your_time,implied,no,no,not_mentioned,spiritual_realm,implied,explicit,not_mentioned,not_mentioned
Auriel P Probable NDE 3764,nderf,data\nderf\01758_auriel-p-probable-nde-3764.json,Ohkado,1,False,False,True,not_your_time,yes_explicit,no,no,not_mentioned,spiritual_realm,not_mentioned,explicit,not_mentioned,no
Haley L NDE 3778,nderf,data\nderf\01767_haley-l-nde-3778.json,Ohkado,1,False,False,True,not_your_time,no,no,no,not_mentioned,not_mentioned,implied,not_mentioned,not_mentioned,no
Marie B NDE 3794,nderf,data\nderf\01775_marie-b-nde-3794.json,Ohkado,1,False,False,True,family_responsibility,not_mentioned,not_mentioned,not_mentioned,not_mentioned,not_mentioned,implied,not_mentioned,not_mentioned,not_mentioned
Keith R NDE 3799,nderf,data\nderf\01778_keith-r-nde-3799.json,Ohkado,1,False,False,True,no_reason_given,not_mentioned,not_mentioned,not_mentioned,not_mentioned,spiritual_realm,not_mentioned,explicit,not_mentioned,not_mentioned
Mark G NDE 3806,nderf,data\nderf\01784_mark-g-nde-3806.json,Ohkado,1,False,False,True,no_reason_given,no,no,no,not_mentioned,not_mentioned,implied,not_mentioned,not_mentioned,no
Rhea V Probable NDE 3818,nderf,data\nderf\01793_rhea-v-probable-nde-3818.json,Ohkado,1,False,False,True,not_your_time,no,not_mentioned,not_mentioned,not_mentioned,spiritual_realm,not_mentioned,explicit,not_mentioned,not_mentioned
Thomas B NDE 3820,nderf,data\nderf\01795_thomas-b-nde-3820.json,Ohkado,1,False,False,True,family_responsibility,no,no,no,not_mentioned,not_mentioned,implied,not_mentioned,none,no
Kathy T NDE 3822,nderf,data\nderf\01796_kathy-t-nde-3822.json,Ohkado,1,False,False,True,no_reason_given,not_mentioned,not_mentioned,not_mentioned,not_mentioned,spiritual_realm,not_mentioned,explicit,not_mentioned,not_mentioned
Nora NDE 3843,nderf,data\nderf\01813_nora-nde-3843.json,Ohkado,1,False,False,True,not_mentioned,not_mentioned,not_mentioned,not_mentioned,not_mentioned,not_mentioned,implied,not_mentioned,not_mentioned,not_mentioned
Michael H NDE 3853,nderf,data\nderf\01819_michael-h-nde-3853.json,Ohkado,1,False,False,True,not_mentioned,not_mentioned,not_mentioned,not_mentioned,not_mentioned,spiritual_realm,not_mentioned,not_mentioned,not_mentioned,not_mentioned
Raymond C NDE 3857,nderf,data\nderf\01821_raymond-c-nde-3857.json,Ohkado,1,False,False,True,not_mentioned,not_mentioned,not_mentioned,not_mentioned,not_mentioned,not_mentioned,implied,not_mentioned,not_mentioned,not_mentioned
Damaska C NDE 21944,nderf,data\nderf\01823_damaska-c-nde-21944.json,Ohkado,1,False,False,True,not_your_time,no,no,no,not_mentioned,not_mentioned,yes_explicit,not_mentioned,not_mentioned,no
Chen M NDE 3866,nderf,data\nderf\01828_chen-m-nde-3866.json,Ohkado,1,False,False,True,family_responsibility,no,no,no,not_mentioned,not_mentioned,implied,no,not_mentioned,no
Kate B Possible NDE 3871,nderf,data\nderf\01830_kate-b-possible-nde-3871.json,Ohkado,2,False,False,True,no_reason_given,not_mentioned,no,not_mentioned,not_mentioned,spiritual_realm,yes_explicit,explicit,not_mentioned,not_mentioned
Lauren H NDE 3885,nderf,data\nderf\01836_lauren-h-nde-3885.json,Ohkado,1,False,False,True,not_your_time,not_mentioned,no,no,not_mentioned,spiritual_realm,not_mentioned,explicit,not_mentioned,no
John S NDE 3876,nderf,data\nderf\01839_john-s-nde-3876.json,Ohkado,2,False,False,True,not_your_time,not_mentioned,not_mentioned,not_mentioned,not_mentioned,spiritual_realm,yes_explicit,explicit,not_mentioned,not_mentioned
Vickie G NDE 21970,nderf,data\nderf\01845_vickie-g-nde-21970.json,Ohkado,1,False,False,True,other,no,no,no,not_mentioned,not_mentioned,implied,not_mentioned,not_mentioned,no
Norma B NDE 3889,nderf,data\nderf\01846_norma-b-nde-3889.json,Ohkado,1,False,False,True,no_reason_given,not_mentioned,not_mentioned,not_mentioned,not_mentioned,not_mentioned,implied,not_mentioned,not_mentioned,not_mentioned
Jolene NDE 3913,nderf,data\nderf\01855_jolene-nde-3913.json,Ohkado,2,False,False,True,other,no,no,no,not_mentioned,spiritual_realm,implied,explicit,not_mentioned,no
Adaline C NDE 3920,nderf,data\nderf\01862_adaline-c-nde-3920.json,Ohkado,2,False,False,True,not_your_time,no,no,no,not_mentioned,spiritual_realm,implied,explicit,not_mentioned,no
V NDE 3928,nderf,data\nderf\01866_v-nde-3928.json,Ohkado,1,False,False,True,not_your_time,yes_explicit,no,not_mentioned,not_mentioned,spiritual_realm,not_mentioned,explicit,not_mentioned,not_mentioned
Isaac L NDE 22019,nderf,data\nderf\01880_isaac-l-nde-22019.json,Ohkado,1,False,False,True,not_mentioned,not_mentioned,not_mentioned,not_mentioned,not_mentioned,not_mentioned,implied,not_mentioned,not_mentioned,not_mentioned
Simran W NDE 3951/4966 NDE 4966,nderf,data\nderf\01885_simran-w-nde-3951-4966-nde-4966.json,Ohkado,1,False,False,True,not_mentioned,implied,no,no,not_mentioned,spiritual_realm,not_mentioned,not_mentioned,not_mentioned,not_mentioned
Richard R NDE 3955,nderf,data\nderf\01887_richard-r-nde-3955.json,Ohkado,1,False,False,True,not_your_time,no,no,no,not_mentioned,not_mentioned,implied,not_mentioned,not_mentioned,no
Christy B NDE 3964,nderf,data\nderf\01894_christy-b-nde-3964.json,Ohkado,1,False,False,True,not_your_time,no,no,not_mentioned,not_mentioned,spiritual_realm,not_mentioned,explicit,not_mentioned,not_mentioned
Jan L Probable NDE 3968,nderf,data\nderf\01896_jan-l-probable-nde-3968.json,Ohkado,1,False,False,True,no_reason_given,not_mentioned,not_mentioned,not_mentioned,not_mentioned,spiritual_realm,not_mentioned,explicit,not_mentioned,not_mentioned
Dave N NDE 3970,nderf,data\nderf\01897_dave-n-nde-3970.json,Ohkado,1,False,False,True,not_mentioned,no,no,no,not_mentioned,not_mentioned,implied,not_mentioned,not_mentioned,no
Jessica G NDE 3972,nderf,data\nderf\01899_jessica-g-nde-3972.json,Ohkado,1,False,False,True,family_responsibility,no,no,no,not_mentioned,not_mentioned,implied,not_mentioned,not_mentioned,no
Karyl M NDE 3976,nderf,data\nderf\01900_karyl-m-nde-3976.json,Ohkado,1,False,False,True,other,implied,no,no,not_mentioned,not_mentioned,implied,implied,not_mentioned,no
Paul H NDE 3994,nderf,data\nderf\01913_paul-h-nde-3994.json,Ohkado,1,False,False,True,no_reason_given,no,no,no,not_mentioned,not_mentioned,implied,not_mentioned,none,no
Cinta J NDE 3997,nderf,data\nderf\01915_cinta-j-nde-3997.json,Ohkado,1,False,False,True,not_mentioned,no,no,not_mentioned,not_mentioned,spiritual_realm,not_mentioned,explicit,not_mentioned,no
Ann T Possible NDE 4004,nderf,data\nderf\01919_ann-t-possible-nde-4004.json,Ohkado,1,False,False,True,not_mentioned,no,no,no,not_mentioned,not_mentioned,yes_explicit,implied,not_mentioned,no
Don C NDE 4009,nderf,data\nderf\01921_don-c-nde-4009.json,Ohkado,1,False,False,True,not_your_time,yes_explicit,no,no,not_mentioned,spiritual_realm,not_mentioned,implied,not_mentioned,no
John C Probable NDE 4018,nderf,data\nderf\01927_john-c-probable-nde-4018.json,Ohkado,3,False,False,True,not_mentioned,not_mentioned,not_mentioned,yes_explicit,not_mentioned,not_mentioned,implied,not_mentioned,not_mentioned,not_mentioned
Carlos CP NDE 4013,nderf,data\nderf\01933_carlos-cp-nde-4013.json,Ohkado,1,False,False,True,not_mentioned,not_mentioned,not_mentioned,no,not_mentioned,not_mentioned,implied,not_mentioned,none,no
Mr. W NDE 4025,nderf,data\nderf\01934_mr-w-nde-4025.json,Ohkado,3,False,False,True,other,not_mentioned,no,implied,not_mentioned,spiritual_realm,implied,explicit,not_mentioned,no
Bobbi D NDE 4022,nderf,data\nderf\01936_bobbi-d-nde-4022.json,Ohkado,1,False,False,True,other,no,no,no,not_mentioned,spiritual_realm,not_mentioned,explicit,not_mentioned,no
Zoraida C Probable NDE 4028,nderf,data\nderf\01937_zoraida-c-probable-nde-4028.json,Ohkado,1,False,False,True,not_mentioned,no,no,no,not_mentioned,not_mentioned,implied,not_mentioned,not_mentioned,no
Pattie T NDE 4047,nderf,data\nderf\01946_pattie-t-nde-4047.json,Ohkado,1,False,False,True,not_your_time,implied,no,no,not_mentioned,spiritual_realm,not_mentioned,explicit,none,no
David J NDE 4050,nderf,data\nderf\01947_david-j-nde-4050.json,Ohkado,1,False,False,True,other,yes_explicit,no,no,not_mentioned,not_mentioned,yes_explicit,not_mentioned,not_mentioned,not_mentioned
John P Possible NDE 4065,nderf,data\nderf\01951_john-p-possible-nde-4065.json,Ohkado,1,False,False,True,not_your_time,no,no,no,not_mentioned,spiritual_realm,not_mentioned,implied,none,no
Elizabeth NDE 4068,nderf,data\nderf\01960_elizabeth-nde-4068.json,Ohkado,1,False,False,True,not_your_time,no,no,no,not_mentioned,spiritual_realm,not_mentioned,not_mentioned,not_mentioned,no
Victor B NDE 4081,nderf,data\nderf\01961_victor-b-nde-4081.json,Ohkado,4,False,False,True,not_your_time,no,no,yes_explicit,not_mentioned,spiritual_realm,implied,explicit,not_mentioned,not_mentioned
Lynne S NDE 4087,nderf,data\nderf\01965_lynne-s-nde-4087.json,Ohkado,1,False,False,True,family_responsibility,implied,no,no,not_mentioned,not_mentioned,implied,not_mentioned,none,no
Blester PW NDE 4091,nderf,data\nderf\01966_blester-pw-nde-4091.json,Ohkado,2,False,False,True,not_mentioned,not_mentioned,not_mentioned,not_mentioned,not_mentioned,spiritual_realm,implied,explicit,not_mentioned,not_mentioned
Peter NDE 4098,nderf,data\nderf\01970_peter-nde-4098.json,Ohkado,1,False,False,True,no_reason_given,no,no,no,not_mentioned,not_mentioned,implied,not_mentioned,none,no
Forbes G NDE 4105,nderf,data\nderf\01979_forbes-g-nde-4105.json,Ohkado,1,False,False,True,no_reason_given,no,no,no,not_mentioned,not_mentioned,implied,not_mentioned,not_mentioned,no
Elisa R NDE 4109,nderf,data\nderf\01982_elisa-r-nde-4109.json,Ohkado,1,False,False,True,other,not_mentioned,no,no,not_mentioned,spiritual_realm,not_mentioned,explicit,not_mentioned,no
Scott Y NDE 4111/5179 NDE 5179,nderf,data\nderf\01983_scott-y-nde-4111-5179-nde-5179.json,Ohkado,1,False,False,True,not_your_time,not_mentioned,not_mentioned,not_mentioned,not_mentioned,not_mentioned,implied,not_mentioned,not_mentioned,not_mentioned
Oklahoma NDE 4113,nderf,data\nderf\01984_oklahoma-nde-4113.json,Ohkado,1,False,False,True,no_reason_given,not_mentioned,not_mentioned,not_mentioned,not_mentioned,not_mentioned,implied,not_mentioned,not_mentioned,not_mentioned
Rene A NDE 4139,nderf,data\nderf\01988_rene-a-nde-4139.json,Ohkado,1,False,False,True,not_your_time,not_mentioned,no,no,not_mentioned,spiritual_realm,not_mentioned,explicit,not_mentioned,no
Larry W FDE 4141 NDE 4141,nderf,data\nderf\01990_larry-w-fde-4141-nde-4141.json,Ohkado,1,False,False,True,no_reason_given,no,no,no,not_mentioned,not_mentioned,implied,not_mentioned,not_mentioned,no
Greta P NDE 4177,nderf,data\nderf\02001_greta-p-nde-4177.json,Ohkado,1,False,False,True,not_your_time,no,no,no,not_mentioned,not_mentioned,implied,not_mentioned,none,no
Corbin NDE 4179,nderf,data\nderf\02002_corbin-nde-4179.json,Ohkado,1,False,False,True,no_reason_given,no,no,no,not_mentioned,spiritual_realm,not_mentioned,explicit,not_mentioned,no
Shirley R Probable NDE 4194,nderf,data\nderf\02010_shirley-r-probable-nde-4194.json,Ohkado,1,False,False,True,not_mentioned,not_mentioned,not_mentioned,no,not_mentioned,spiritual_realm,not_mentioned,explicit,not_mentioned,no
Linda B NDE 4132,nderf,data\nderf\02021_linda-b-nde-4132.json,Ohkado,1,False,False,True,not_mentioned,no,no,no,not_mentioned,spiritual_realm,not_mentioned,implied,not_mentioned,no
Nannci R Possible NDE 4157,nderf,data\nderf\02036_nannci-r-possible-nde-4157.json,Ohkado,2,False,False,True,not_mentioned,no,no,no,not_mentioned,spiritual_realm,implied,explicit,not_mentioned,no
Heron S NDE 4173,nderf,data\nderf\02043_heron-s-nde-4173.json,Ohkado,2,False,False,True,not_your_time,not_mentioned,no,no,not_mentioned,spiritual_realm,yes_explicit,explicit,not_mentioned,no
Doug W NDE 4203,nderf,data\nderf\02047_doug-w-nde-4203.json,Ohkado,1,False,False,True,no_reason_given,no,no,no,not_mentioned,not_mentioned,implied,no,none,no
Casper NDE 4210,nderf,data\nderf\02048_casper-nde-4210.json,Ohkado,2,False,False,True,not_mentioned,implied,no,no,not_mentioned,spiritual_realm,implied,not_mentioned,not_mentioned,no
Lisette D NDE 4206,nderf,data\nderf\02051_lisette-d-nde-4206.json,Ohkado,1,False,False,True,not_your_time,no,no,no,not_mentioned,not_mentioned,yes_explicit,not_mentioned,not_mentioned,no
Rita S NDE 22173,nderf,data\nderf\02053_rita-s-nde-22173.json,Ohkado,1,False,False,True,not_mentioned,not_mentioned,not_mentioned,no,not_mentioned,not_mentioned,implied,not_mentioned,not_mentioned,no
Tina Probable NDE 4223,nderf,data\nderf\02057_tina-probable-nde-4223.json,Ohkado,1,False,False,True,not_mentioned,not_mentioned,not_mentioned,not_mentioned,not_mentioned,not_mentioned,implied,no,not_mentioned,not_mentioned
Lynne H NDE 4233,nderf,data\nderf\02064_lynne-h-nde-4233.json,Ohkado,1,False,False,True,family_responsibility,no,no,no,not_mentioned,spiritual_realm,not_mentioned,not_mentioned,not_mentioned,no
Sandra B NDE 4235,nderf,data\nderf\02068_sandra-b-nde-4235.json,Ohkado,2,False,False,True,other,no,no,no,not_mentioned,spiritual_realm,implied,not_mentioned,not_mentioned,no
Laura J NDE 4236,nderf,data\nderf\02069_laura-j-nde-4236.json,Ohkado,1,False,False,True,family_responsibility,not_mentioned,no,no,not_mentioned,not_mentioned,yes_explicit,implied,not_mentioned,no
Stephen P NDE 4240,nderf,data\nderf\02073_stephen-p-nde-4240.json,Ohkado,1,False,False,True,not_your_time,no,no,no,not_mentioned,not_mentioned,implied,not_mentioned,not_mentioned,no
Herb B NDE 4184,nderf,data\nderf\02077_herb-b-nde-4184.json,Ohkado,2,False,False,True,not_your_time,not_mentioned,not_mentioned,not_mentioned,not_mentioned,spiritual_realm,implied,explicit,not_mentioned,not_mentioned
James S NDE 4247,nderf,data\nderf\02077_james-s-nde-4247.json,Ohkado,1,False,False,True,not_your_time,no,no,no,not_mentioned,spiritual_realm,not_mentioned,explicit,not_mentioned,not_mentioned
Debbie NDE 4253,nderf,data\nderf\02081_debbie-nde-4253.json,Ohkado,2,False,False,True,not_your_time,no,no,no,not_mentioned,spiritual_realm,implied,explicit,not_mentioned,no
Louise S NDE 4254,nderf,data\nderf\02082_louise-s-nde-4254.json,Ohkado,1,False,False,True,family_responsibility,no,no,no,not_mentioned,not_mentioned,implied,no,not_mentioned,no
Eric SV NDE 4255,nderf,data\nderf\02083_eric-sv-nde-4255.json,Ohkado,1,False,False,True,other,not_mentioned,not_mentioned,not_mentioned,not_mentioned,spiritual_realm,not_mentioned,explicit,not_mentioned,not_mentioned
J.H. NDE 4261,nderf,data\nderf\02086_j-h-nde-4261.json,Ohkado,1,False,False,True,family_responsibility,no,no,no,not_mentioned,not_mentioned,implied,not_mentioned,none,no
Carol L NDE 4262,nderf,data\nderf\02087_carol-l-nde-4262.json,Ohkado,1,False,False,True,family_responsibility,not_mentioned,not_mentioned,not_mentioned,not_mentioned,not_mentioned,implied,not_mentioned,not_mentioned,not_mentioned
Alejandra M NDE 4244,nderf,data\nderf\02092_alejandra-m-nde-4244.json,Ohkado,1,False,False,True,not_your_time,no,no,no,not_mentioned,spiritual_realm,not_mentioned,explicit,not_mentioned,no
Ludmila NDE 4168,nderf,data\nderf\02093_ludmila-nde-4168.json,Ohkado,2,False,False,True,family_responsibility,no,no,no,not_mentioned,spiritual_realm,implied,explicit,not_mentioned,no
Jack A NDE 16003,nderf,data\nderf\02095_jack-a-nde-16003.json,Ohkado,4,False,False,True,no_reason_given,not_mentioned,no,yes_explicit,not_mentioned,spiritual_realm,yes_explicit,explicit,not_mentioned,not_mentioned
Amy D NDE 16016,nderf,data\nderf\02096_amy-d-nde-16016.json,Ohkado,1,False,False,True,not_mentioned,no,no,no,not_mentioned,spiritual_realm,not_mentioned,not_mentioned,not_mentioned,no
Dorie's Mom NDE 16009,nderf,data\nderf\02097_dorie-s-mom-nde-16009.json,Ohkado,1,False,False,True,family_responsibility,implied,not_mentioned,not_mentioned,not_mentioned,spiritual_realm,not_mentioned,not_mentioned,not_mentioned,not_mentioned
William M NDE 4269,nderf,data\nderf\02099_william-m-nde-4269.json,Ohkado,1,False,False,True,not_your_time,not_mentioned,no,no,not_mentioned,not_mentioned,yes_explicit,not_mentioned,not_mentioned,no
Bobby H NDE 4270,nderf,data\nderf\02100_bobby-h-nde-4270.json,Ohkado,1,False,False,True,no_reason_given,not_mentioned,no,no,not_mentioned,not_mentioned,implied,not_mentioned,none,no
Dea M NDE 4281,nderf,data\nderf\02108_dea-m-nde-4281.json,Ohkado,1,False,False,True,no_reason_given,no,no,no,not_mentioned,not_mentioned,implied,not_mentioned,not_mentioned,no
Bobbie K NDE 4285/8166 NDE 8166,nderf,data\nderf\02111_bobbie-k-nde-4285-8166-nde-8166.json,Ohkado,2,False,False,True,other,no,no,no,not_mentioned,spiritual_realm,implied,explicit,not_mentioned,no
Jennifer B NDE 4287,nderf,data\nderf\02112_jennifer-b-nde-4287.json,Ohkado,1,False,False,True,not_your_time,not_mentioned,not_mentioned,not_mentioned,not_mentioned,spiritual_realm,not_mentioned,explicit,not_mentioned,not_mentioned
Bonnie VB NDE 4299,nderf,data\nderf\02117_bonnie-vb-nde-4299.json,Ohkado,1,False,False,True,family_responsibility,yes_explicit,no,no,not_mentioned,not_mentioned,implied,implied,none,no
Ken W NDE 4322,nderf,data\nderf\02139_ken-w-nde-4322.json,Ohkado,2,False,False,True,not_your_time,no,no,no,not_mentioned,spiritual_realm,implied,explicit,not_mentioned,no
Paul O NDE 4331,nderf,data\nderf\02144_paul-o-nde-4331.json,Ohkado,2,False,False,True,no_reason_given,no,no,no,not_mentioned,spiritual_realm,implied,not_mentioned,not_mentioned,no
Leonard S NDE 4337,nderf,data\nderf\02148_leonard-s-nde-4337.json,Ohkado,1,False,False,True,family_responsibility,no,no,no,not_mentioned,not_mentioned,implied,not_mentioned,none,no
Michael O NDE 4349,nderf,data\nderf\02152_michael-o-nde-4349.json,Ohkado,1,False,False,True,not_your_time,no,no,not_mentioned,not_mentioned,spiritual_realm,not_mentioned,explicit,not_mentioned,not_mentioned
Ellen H NDE 4350,nderf,data\nderf\02153_ellen-h-nde-4350.json,Ohkado,1,False,False,True,not_your_time,no,no,implied,not_mentioned,not_mentioned,not_mentioned,no,not_mentioned,no
Robert B Probable NDE 4358,nderf,data\nderf\02158_robert-b-probable-nde-4358.json,Ohkado,1,False,False,True,not_mentioned,no,no,no,not_mentioned,not_mentioned,implied,implied,not_mentioned,no
Gary S NDE 4363,nderf,data\nderf\02161_gary-s-nde-4363.json,Ohkado,1,False,False,True,not_mentioned,not_mentioned,not_mentioned,not_mentioned,not_mentioned,spiritual_realm,not_mentioned,explicit,not_mentioned,not_mentioned
Jon B NDE 4369,nderf,data\nderf\02164_jon-b-nde-4369.json,Ohkado,1,False,False,True,not_your_time,no,no,no,not_mentioned,not_mentioned,yes_explicit,not_mentioned,none,no
John D NDE 4371,nderf,data\nderf\02166_john-d-nde-4371.json,Ohkado,1,False,False,True,not_mentioned,not_mentioned,no,no,not_mentioned,not_mentioned,implied,no,not_mentioned,no
Tim V NDE 4375,nderf,data\nderf\02169_tim-v-nde-4375.json,Ohkado,4,False,False,True,no_reason_given,no,no,implied,not_mentioned,spiritual_realm,implied,explicit,not_mentioned,no
Michelle H NDE 4377,nderf,data\nderf\02171_michelle-h-nde-4377.json,Ohkado,1,False,False,True,not_mentioned,not_mentioned,not_mentioned,not_mentioned,not_mentioned,not_mentioned,implied,not_mentioned,not_mentioned,not_mentioned
Ericka S NDE 4386,nderf,data\nderf\02177_ericka-s-nde-4386.json,Ohkado,1,False,False,True,family_responsibility,implied,no,no,not_mentioned,not_mentioned,yes_explicit,no,not_mentioned,no
Holly V NDE 4390,nderf,data\nderf\02180_holly-v-nde-4390.json,Ohkado,1,False,False,True,other,no,no,no,not_mentioned,not_mentioned,implied,not_mentioned,not_mentioned,no
Rebecca M NDE 16025,nderf,data\nderf\02182_rebecca-m-nde-16025.json,Ohkado,1,False,False,True,family_responsibility,no,no,not_mentioned,not_mentioned,not_mentioned,implied,not_mentioned,not_mentioned,not_mentioned
Mabel G Probable NDE 4391,nderf,data\nderf\02183_mabel-g-probable-nde-4391.json,Ohkado,1,False,False,True,not_mentioned,no,no,no,not_mentioned,not_mentioned,yes_explicit,not_mentioned,not_mentioned,no
Khat H NDE 4394,nderf,data\nderf\02186_khat-h-nde-4394.json,Ohkado,2,False,False,True,not_your_time,yes_explicit,no,no,not_mentioned,spiritual_realm,yes_explicit,not_mentioned,not_mentioned,no
Viva T NDE 4397,nderf,data\nderf\02187_viva-t-nde-4397.json,Ohkado,2,False,False,True,family_responsibility,yes_explicit,no,no,not_mentioned,spiritual_realm,yes_explicit,implied,not_mentioned,no
Christopher H NDE 4401,nderf,data\nderf\02189_christopher-h-nde-4401.json,Ohkado,1,False,False,True,not_mentioned,no,no,no,not_mentioned,spiritual_realm,not_mentioned,explicit,not_mentioned,no
Fifi T Probable NDE 4402,nderf,data\nderf\02190_fifi-t-probable-nde-4402.json,Ohkado,2,False,False,True,not_your_time,not_mentioned,no,no,not_mentioned,spiritual_realm,implied,explicit,not_mentioned,no
Trevor J Probable NDE 4539,nderf,data\nderf\02195_trevor-j-probable-nde-4539.json,Ohkado,1,False,False,True,not_your_time,not_mentioned,not_mentioned,not_mentioned,not_mentioned,not_mentioned,implied,not_mentioned,not_mentioned,not_mentioned
Jacque M NDE 4570,nderf,data\nderf\02196_jacque-m-nde-4570.json,Ohkado,1,False,False,True,other,no,no,no,not_mentioned,spiritual_realm,not_mentioned,explicit,none,no
Joke P Probable NDE 4532,nderf,data\nderf\02200_joke-p-probable-nde-4532.json,Ohkado,1,False,False,True,family_responsibility,no,not_mentioned,no,not_mentioned,spiritual_realm,not_mentioned,explicit,not_mentioned,no
Charles D NDE 4411,nderf,data\nderf\02201_charles-d-nde-4411.json,Ohkado,1,False,False,True,no_reason_given,no,no,no,not_mentioned,not_mentioned,implied,not_mentioned,not_mentioned,no
Jerry M NDE 4417,nderf,data\nderf\02207_jerry-m-nde-4417.json,Ohkado,1,False,False,True,not_mentioned,not_mentioned,not_mentioned,not_mentioned,not_mentioned,not_mentioned,implied,not_mentioned,not_mentioned,not_mentioned
Steve W Probable NDE 4418,nderf,data\nderf\02208_steve-w-probable-nde-4418.json,Ohkado,1,False,False,True,other,no,no,no,not_mentioned,not_mentioned,implied,implied,not_mentioned,no
Ted S NDE 4445,nderf,data\nderf\02222_ted-s-nde-4445.json,Ohkado,1,False,False,True,no_reason_given,no,no,no,not_mentioned,not_mentioned,yes_explicit,no,not_mentioned,no
Gail D NDE 4447,nderf,data\nderf\02224_gail-d-nde-4447.json,Ohkado,1,False,False,True,family_responsibility,implied,no,no,not_mentioned,not_mentioned,yes_explicit,not_mentioned,not_mentioned,no
John S Probable NDE 4449,nderf,data\nderf\02226_john-s-probable-nde-4449.json,Ohkado,1,False,False,True,family_responsibility,no,no,no,not_mentioned,not_mentioned,implied,not_mentioned,none,no
Karen A NDE 4450,nderf,data\nderf\02227_karen-a-nde-4450.json,Ohkado,1,False,False,True,not_mentioned,not_mentioned,not_mentioned,not_mentioned,not_mentioned,not_mentioned,implied,no,not_mentioned,not_mentioned
Jeff W NDE 4452,nderf,data\nderf\02229_jeff-w-nde-4452.json,Ohkado,1,False,False,True,not_mentioned,not_mentioned,not_mentioned,not_mentioned,not_mentioned,not_mentioned,implied,not_mentioned,not_mentioned,not_mentioned
Jennifer W NDEs 4462 NDE 4462,nderf,data\nderf\02238_jennifer-w-ndes-4462-nde-4462.json,Ohkado,1,False,False,True,not_mentioned,no,no,no,not_mentioned,not_mentioned,yes_explicit,not_mentioned,not_mentioned,no
Joyce O NDE 4468,nderf,data\nderf\02242_joyce-o-nde-4468.json,Ohkado,1,False,False,True,not_mentioned,not_mentioned,not_mentioned,no,not_mentioned,earth,yes_explicit,not_mentioned,not_mentioned,no
Jimmy W Probable NDE 22232,nderf,data\nderf\02244_jimmy-w-probable-nde-22232.json,Ohkado,1,False,False,True,not_mentioned,not_mentioned,not_mentioned,not_mentioned,not_mentioned,not_mentioned,implied,not_mentioned,not_mentioned,not_mentioned
Tim B NDE 4479,nderf,data\nderf\02250_tim-b-nde-4479.json,Ohkado,1,False,False,True,other,no,no,no,not_mentioned,not_mentioned,implied,not_mentioned,not_mentioned,no
Patrick H NDE 2260,nderf,data\nderf\02260_patrick-h-nde-2260.json,Ohkado,1,False,False,True,family_responsibility,yes_explicit,no,no,not_mentioned,not_mentioned,implied,not_mentioned,not_mentioned,no
Charlie D NDE 4510,nderf,data\nderf\02269_charlie-d-nde-4510.json,Ohkado,1,False,False,True,no_reason_given,not_mentioned,not_mentioned,not_mentioned,not_mentioned,not_mentioned,implied,implied,not_mentioned,not_mentioned
Dorothy T NDEs 4517 NDE 4517,nderf,data\nderf\02277_dorothy-t-ndes-4517-nde-4517.json,Ohkado,1,False,False,True,not_your_time,no,no,not_mentioned,not_mentioned,spiritual_realm,not_mentioned,explicit,not_mentioned,not_mentioned
Sally L Probable NDE 4522,nderf,data\nderf\02280_sally-l-probable-nde-4522.json,Ohkado,1,False,False,True,other,not_mentioned,no,no,not_mentioned,spiritual_realm,not_mentioned,not_mentioned,not_mentioned,no
Joel H NDE 4551,nderf,data\nderf\02290_joel-h-nde-4551.json,Ohkado,1,False,False,True,family_responsibility,not_mentioned,not_mentioned,not_mentioned,not_mentioned,spiritual_realm,not_mentioned,explicit,not_mentioned,not_mentioned
Teri R NDE 4571,nderf,data\nderf\02301_teri-r-nde-4571.json,Ohkado,1,False,False,True,other,no,not_mentioned,not_mentioned,not_mentioned,spiritual_realm,not_mentioned,explicit,not_mentioned,not_mentioned
Crystal M NDE 4572,nderf,data\nderf\02302_crystal-m-nde-4572.json,Ohkado,2,False,False,True,family_responsibility,implied,not_mentioned,implied,not_mentioned,not_mentioned,yes_explicit,explicit,not_mentioned,no
Sally P NDE 4576,nderf,data\nderf\02304_sally-p-nde-4576.json,Ohkado,2,False,False,True,family_responsibility,no,no,no,not_mentioned,spiritual_realm,implied,not_mentioned,none,no
Ellen N NDE 4577,nderf,data\nderf\02305_ellen-n-nde-4577.json,Ohkado,1,False,False,True,not_mentioned,not_mentioned,not_mentioned,not_mentioned,not_mentioned,not_mentioned,implied,not_mentioned,not_mentioned,not_mentioned
Captain David Perry NDE 16044,nderf,data\nderf\02312_captain-david-perry-nde-16044.json,Ohkado,1,False,False,True,not_your_time,implied,no,no,not_mentioned,not_mentioned,yes_explicit,not_mentioned,not_mentioned,no
Priscilla C NDE 4589,nderf,data\nderf\02315_priscilla-c-nde-4589.json,Ohkado,1,False,False,True,not_mentioned,not_mentioned,not_mentioned,no,not_mentioned,not_mentioned,yes_explicit,not_mentioned,none,no
Peter B NDE 4610,nderf,data\nderf\02329_peter-b-nde-4610.json,Ohkado,1,False,False,True,not_mentioned,not_mentioned,not_mentioned,not_mentioned,not_mentioned,not_mentioned,implied,not_mentioned,not_mentioned,not_mentioned
Gregg S NDE 4615,nderf,data\nderf\02334_gregg-s-nde-4615.json,Ohkado,1,False,False,True,not_mentioned,not_mentioned,not_mentioned,not_mentioned,not_mentioned,not_mentioned,implied,not_mentioned,not_mentioned,not_mentioned
Stephanie R NDE 4630,nderf,data\nderf\02351_stephanie-r-nde-4630.json,Ohkado,1,False,False,True,no_reason_given,no,no,no,not_mentioned,spiritual_realm,not_mentioned,explicit,not_mentioned,no
Frank C NDE 4645,nderf,data\nderf\02354_frank-c-nde-4645.json,Ohkado,1,False,False,True,family_responsibility,no,no,not_mentioned,not_mentioned,spiritual_realm,not_mentioned,explicit,not_mentioned,not_mentioned
Pamela K NDE 4649,nderf,data\nderf\02356_pamela-k-nde-4649.json,Ohkado,2,False,False,True,family_responsibility,no,no,no,not_mentioned,spiritual_realm,yes_explicit,explicit,not_mentioned,no
Christian D NDE 4662,nderf,data\nderf\02361_christian-d-nde-4662.json,Ohkado,1,False,False,True,not_your_time,implied,no,not_mentioned,not_mentioned,spiritual_realm,not_mentioned,explicit,not_mentioned,not_mentioned
Roger F NDE 4667,nderf,data\nderf\02364_roger-f-nde-4667.json,Ohkado,4,False,False,True,no_reason_given,not_mentioned,not_mentioned,yes_explicit,not_mentioned,spiritual_realm,yes_explicit,explicit,not_mentioned,not_mentioned
Lance H Probable NDE 4693,nderf,data\nderf\02375_lance-h-probable-nde-4693.json,Ohkado,1,False,False,True,no_reason_given,no,no,no,not_mentioned,spiritual_realm,not_mentioned,implied,none,no
Annette W Probable NDE 4699,nderf,data\nderf\02379_annette-w-probable-nde-4699.json,Ohkado,1,False,False,True,not_your_time,not_mentioned,not_mentioned,no,not_mentioned,not_mentioned,implied,not_mentioned,not_mentioned,no
Deborah K NDE 4703,nderf,data\nderf\02380_deborah-k-nde-4703.json,Ohkado,1,False,False,True,family_responsibility,no,no,no,not_mentioned,spiritual_realm,not_mentioned,explicit,not_mentioned,no
Michele NDE 4705,nderf,data\nderf\02381_michele-nde-4705.json,Ohkado,2,False,False,True,family_responsibility,no,no,no,not_mentioned,spiritual_realm,implied,not_mentioned,not_mentioned,no
Paul B Probable NDE 4714,nderf,data\nderf\02385_paul-b-probable-nde-4714.json,Ohkado,1,False,False,True,not_your_time,no,no,not_mentioned,not_mentioned,not_mentioned,implied,not_mentioned,not_mentioned,not_mentioned
Fred G NDE 4722,nderf,data\nderf\02387_fred-g-nde-4722.json,Ohkado,1,False,False,True,other,not_mentioned,no,no,not_mentioned,not_mentioned,implied,not_mentioned,none,no
Mary M NDE 4725,nderf,data\nderf\02390_mary-m-nde-4725.json,Ohkado,1,False,False,True,family_responsibility,no,no,no,not_mentioned,not_mentioned,yes_explicit,implied,none,no
Deborah G NDE 4731,nderf,data\nderf\02395_deborah-g-nde-4731.json,Ohkado,1,False,False,True,other,no,no,no,not_mentioned,spiritual_realm,not_mentioned,explicit,not_mentioned,no
Aaron E NDE 4733,nderf,data\nderf\02396_aaron-e-nde-4733.json,Ohkado,1,False,False,True,not_your_time,not_mentioned,no,no,not_mentioned,not_mentioned,yes_explicit,not_mentioned,not_mentioned,no
Mat Y NDE 4734,nderf,data\nderf\02397_mat-y-nde-4734.json,Ohkado,1,False,False,True,other,no,no,no,not_mentioned,not_mentioned,implied,not_mentioned,not_mentioned,no
Cheryl N NDE 4741,nderf,data\nderf\02401_cheryl-n-nde-4741.json,Ohkado,2,False,False,True,no_reason_given,no,no,no,not_mentioned,spiritual_realm,implied,explicit,not_mentioned,no
Mandy C FDE 4750 NDE 4750,nderf,data\nderf\02408_mandy-c-fde-4750-nde-4750.json,Ohkado,2,False,False,True,no_reason_given,no,no,no,not_mentioned,spiritual_realm,implied,explicit,not_mentioned,no
Stacy S NDE 4756,nderf,data\nderf\02411_stacy-s-nde-4756.json,Ohkado,2,False,False,True,family_responsibility,not_mentioned,no,no,not_mentioned,spiritual_realm,implied,explicit,not_mentioned,no
Mary NDE 4766,nderf,data\nderf\02416_mary-nde-4766.json,Ohkado,1,False,False,True,not_your_time,not_mentioned,no,no,not_mentioned,not_mentioned,implied,not_mentioned,not_mentioned,no
Scott S NDE 4772,nderf,data\nderf\02419_scott-s-nde-4772.json,Ohkado,1,False,False,True,not_mentioned,not_mentioned,not_mentioned,not_mentioned,not_mentioned,spiritual_realm,not_mentioned,implied,not_mentioned,not_mentioned
Lawrence B NDE 4785,nderf,data\nderf\02424_lawrence-b-nde-4785.json,Ohkado,1,False,False,True,family_responsibility,no,no,no,not_mentioned,not_mentioned,yes_explicit,not_mentioned,not_mentioned,no
Ben F FDE 4786 NDE 4786,nderf,data\nderf\02425_ben-f-fde-4786-nde-4786.json,Ohkado,1,False,False,True,not_mentioned,not_mentioned,not_mentioned,not_mentioned,not_mentioned,not_mentioned,implied,not_mentioned,not_mentioned,not_mentioned
Michael F Probable NDE 4792,nderf,data\nderf\02427_michael-f-probable-nde-4792.json,Ohkado,1,False,False,True,family_responsibility,yes_explicit,no,no,not_mentioned,not_mentioned,yes_explicit,no,not_mentioned,no
Charles T NDE 4793,nderf,data\nderf\02428_charles-t-nde-4793.json,Ohkado,1,False,False,True,no_reason_given,not_mentioned,no,no,not_mentioned,not_mentioned,yes_explicit,no,none,no
Cara A NDE 4801,nderf,data\nderf\02433_cara-a-nde-4801.json,Ohkado,1,False,False,True,no_reason_given,no,no,no,not_mentioned,spiritual_realm,not_mentioned,explicit,none,no
Tatyana R NDE 4803,nderf,data\nderf\02435_tatyana-r-nde-4803.json,Ohkado,2,False,False,True,not_mentioned,not_mentioned,not_mentioned,not_mentioned,not_mentioned,spiritual_realm,implied,explicit,not_mentioned,not_mentioned
Tony G NDE 4811,nderf,data\nderf\02442_tony-g-nde-4811.json,Ohkado,1,False,False,True,not_mentioned,not_mentioned,not_mentioned,not_mentioned,not_mentioned,not_mentioned,implied,not_mentioned,not_mentioned,not_mentioned
Matthew B NDE 4812,nderf,data\nderf\02443_matthew-b-nde-4812.json,Ohkado,1,False,False,True,not_your_time,implied,no,no,not_mentioned,not_mentioned,implied,not_mentioned,not_mentioned,no
Dee H NDE 4816,nderf,data\nderf\02445_dee-h-nde-4816.json,Ohkado,1,False,False,True,not_your_time,no,not_mentioned,not_mentioned,not_mentioned,spiritual_realm,not_mentioned,explicit,not_mentioned,not_mentioned
Raymond H NDE 4826,nderf,data\nderf\02448_raymond-h-nde-4826.json,Ohkado,1,False,False,True,no_reason_given,no,no,not_mentioned,not_mentioned,spiritual_realm,not_mentioned,explicit,not_mentioned,not_mentioned
Aharon N NDE 4828,nderf,data\nderf\02449_aharon-n-nde-4828.json,Ohkado,1,False,False,True,family_responsibility,no,no,no,not_mentioned,not_mentioned,implied,not_mentioned,not_mentioned,no
Lorri B NDE 4835,nderf,data\nderf\02451_lorri-b-nde-4835.json,Ohkado,1,False,False,True,not_your_time,no,no,no,not_mentioned,not_mentioned,implied,implied,not_mentioned,no
John D Probable NDE 4836,nderf,data\nderf\02452_john-d-probable-nde-4836.json,Ohkado,1,False,False,True,family_responsibility,not_mentioned,not_mentioned,not_mentioned,not_mentioned,spiritual_realm,not_mentioned,not_mentioned,not_mentioned,not_mentioned
Perry D Probable NDE 4842,nderf,data\nderf\02455_perry-d-probable-nde-4842.json,Ohkado,1,False,False,True,other,not_mentioned,not_mentioned,no,not_mentioned,not_mentioned,implied,not_mentioned,not_mentioned,no
Michael H Probable NDE 4860,nderf,data\nderf\02468_michael-h-probable-nde-4860.json,Ohkado,1,False,False,True,not_your_time,no,no,not_mentioned,not_mentioned,not_mentioned,yes_explicit,not_mentioned,not_mentioned,not_mentioned
Thelma S NDE 4877,nderf,data\nderf\02485_thelma-s-nde-4877.json,Ohkado,1,False,False,True,family_responsibility,no,no,no,not_mentioned,not_mentioned,implied,implied,not_mentioned,no
Lady D Probable NDE 4888,nderf,data\nderf\02493_lady-d-probable-nde-4888.json,Ohkado,1,False,False,True,not_mentioned,no,no,no,not_mentioned,not_mentioned,yes_explicit,no,none,no
Brenda H NDE 22385,nderf,data\nderf\02500_brenda-h-nde-22385.json,Ohkado,1,False,False,True,not_mentioned,no,no,no,not_mentioned,not_mentioned,implied,implied,not_mentioned,no
Amanda S NDE 4910,nderf,data\nderf\02508_amanda-s-nde-4910.json,Ohkado,1,False,False,True,no_reason_given,no,no,no,not_mentioned,not_mentioned,yes_explicit,not_mentioned,not_mentioned,no
David B NDE 4908,nderf,data\nderf\02512_david-b-nde-4908.json,Ohkado,1,False,False,True,not_mentioned,not_mentioned,not_mentioned,not_mentioned,not_mentioned,not_mentioned,yes_explicit,not_mentioned,not_mentioned,not_mentioned
Mellony C NDE 4915,nderf,data\nderf\02516_mellony-c-nde-4915.json,Ohkado,1,False,False,True,not_your_time,no,no,no,not_mentioned,not_mentioned,implied,not_mentioned,not_mentioned,no
Rachel Probable NDE 4918,nderf,data\nderf\02517_rachel-probable-nde-4918.json,Ohkado,2,False,False,True,no_reason_given,no,no,no,not_mentioned,spiritual_realm,yes_explicit,not_mentioned,not_mentioned,no
Mike I Jr. NDE 4919,nderf,data\nderf\02518_mike-i-jr-nde-4919.json,Ohkado,1,False,False,True,no_reason_given,implied,no,no,not_mentioned,not_mentioned,implied,not_mentioned,none,no
Manuel P NDE 4796,nderf,data\nderf\02520_manuel-p-nde-4796.json,Ohkado,1,False,False,True,no_reason_given,no,no,no,not_mentioned,not_mentioned,implied,not_mentioned,not_mentioned,no
Giselle RV NDE 4859,nderf,data\nderf\02521_giselle-rv-nde-4859.json,Ohkado,2,False,False,True,family_responsibility,implied,no,no,not_mentioned,spiritual_realm,yes_explicit,explicit,none,no
Mark S NDE 6711/4922 NDE 4922,nderf,data\nderf\02523_mark-s-nde-6711-4922-nde-4922.json,Ohkado,1,False,False,True,other,no,no,no,not_mentioned,not_mentioned,implied,implied,not_mentioned,no
Robert D NDE 4929,nderf,data\nderf\02527_robert-d-nde-4929.json,Ohkado,1,False,False,True,not_your_time,no,no,implied,not_mentioned,not_mentioned,not_mentioned,not_mentioned,not_mentioned,no
Austin T NDE 4930,nderf,data\nderf\02528_austin-t-nde-4930.json,Ohkado,2,False,False,True,not_your_time,implied,no,no,not_mentioned,spiritual_realm,implied,explicit,not_mentioned,no
Susannah W NDE 4932,nderf,data\nderf\02532_susannah-w-nde-4932.json,Ohkado,1,False,False,True,not_your_time,no,no,no,not_mentioned,spiritual_realm,not_mentioned,implied,not_mentioned,no
Betty F NDE 4938,nderf,data\nderf\02535_betty-f-nde-4938.json,Ohkado,1,False,False,True,not_mentioned,not_mentioned,not_mentioned,no,not_mentioned,spiritual_realm,not_mentioned,implied,not_mentioned,no
Chris B NDE 4940,nderf,data\nderf\02537_chris-b-nde-4940.json,Ohkado,1,False,False,True,no_reason_given,no,no,no,not_mentioned,not_mentioned,implied,not_mentioned,not_mentioned,no
Chuck M NDE 4946,nderf,data\nderf\02540_chuck-m-nde-4946.json,Ohkado,1,False,False,True,not_your_time,no,no,not_mentioned,not_mentioned,not_mentioned,implied,not_mentioned,not_mentioned,not_mentioned
Susan H Probable NDE 4950,nderf,data\nderf\02543_susan-h-probable-nde-4950.json,Ohkado,1,False,False,True,family_responsibility,yes_explicit,no,no,not_mentioned,not_mentioned,implied,not_mentioned,none,no
James FM NDE 4957/374/246,nderf,data\nderf\02550_james-fm-nde-4957.json,Ohkado,1,False,False,True,not_your_time,yes_explicit,no,no,not_mentioned,not_mentioned,implied,not_mentioned,not_mentioned,no
James W NDE 4962,nderf,data\nderf\02553_james-w-nde-4962.json,Ohkado,1,False,False,True,not_mentioned,no,no,no,not_mentioned,spiritual_realm,not_mentioned,explicit,not_mentioned,no
Jean K NDE 4964,nderf,data\nderf\02555_jean-k-nde-4964.json,Ohkado,1,False,False,True,family_responsibility,no,no,no,not_mentioned,not_mentioned,implied,not_mentioned,not_mentioned,no
Lynn NDE 4972,nderf,data\nderf\02563_lynn-nde-4972.json,Ohkado,1,False,False,True,not_your_time,no,no,not_mentioned,not_mentioned,spiritual_realm,not_mentioned,explicit,not_mentioned,not_mentioned
Jean C NDE 4982,nderf,data\nderf\02567_jean-c-nde-4982.json,Ohkado,1,False,False,True,no_reason_given,no,no,no,not_mentioned,not_mentioned,yes_explicit,not_mentioned,not_mentioned,no
Tom N NDE 4988,nderf,data\nderf\02572_tom-n-nde-4988.json,Ohkado,1,False,False,True,no_reason_given,not_mentioned,not_mentioned,not_mentioned,not_mentioned,not_mentioned,implied,not_mentioned,not_mentioned,not_mentioned
Renee M NDE 22437,nderf,data\nderf\02588_renee-m-nde-22437.json,Ohkado,2,False,False,True,not_mentioned,not_mentioned,no,not_mentioned,not_mentioned,spiritual_realm,implied,implied,not_mentioned,not_mentioned
Robert H NDE 22441,nderf,data\nderf\02601_robert-h-nde-22441.json,Ohkado,1,False,False,True,not_mentioned,not_mentioned,not_mentioned,not_mentioned,not_mentioned,not_mentioned,implied,not_mentioned,not_mentioned,not_mentioned
LaVall M NDE 5025,nderf,data\nderf\02603_lavall-m-nde-5025.json,Ohkado,1,False,False,True,not_mentioned,implied,no,no,not_mentioned,spiritual_realm,not_mentioned,explicit,not_mentioned,no
Denise M NDE 5037,nderf,data\nderf\02608_denise-m-nde-5037.json,Ohkado,2,False,False,True,not_mentioned,no,no,no,not_mentioned,spiritual_realm,implied,explicit,none,no
William L NDE 5042,nderf,data\nderf\02611_william-l-nde-5042.json,Ohkado,1,False,False,True,no_reason_given,no,no,no,not_mentioned,not_mentioned,yes_explicit,no,not_mentioned,no
David O NDE 5066,nderf,data\nderf\02622_david-o-nde-5066.json,Ohkado,2,False,False,True,family_responsibility,no,no,no,not_mentioned,spiritual_realm,implied,explicit,not_mentioned,no
Billy S NDE 5069/5067 NDE 5067,nderf,data\nderf\02623_billy-s-nde-5069-5067-nde-5067.json,Ohkado,1,False,False,True,not_mentioned,not_mentioned,not_mentioned,not_mentioned,not_mentioned,spiritual_realm,not_mentioned,explicit,not_mentioned,not_mentioned
Gregory C NDE 5068,nderf,data\nderf\02624_gregory-c-nde-5068.json,Ohkado,2,False,False,True,other,not_mentioned,no,no,not_mentioned,spiritual_realm,implied,explicit,not_mentioned,no
Nubia Possible NDE 5031,nderf,data\nderf\02628_nubia-possible-nde-5031.json,Ohkado,1,False,False,True,not_mentioned,not_mentioned,not_mentioned,not_mentioned,not_mentioned,not_mentioned,implied,no,not_mentioned,not_mentioned
Tony M Probable NDE 5075,nderf,data\nderf\02630_tony-m-probable-nde-5075.json,Ohkado,1,False,False,True,no_reason_given,no,no,not_mentioned,not_mentioned,not_mentioned,yes_explicit,no,not_mentioned,not_mentioned
Randy M NDE 5083,nderf,data\nderf\02635_randy-m-nde-5083.json,Ohkado,1,False,False,True,family_responsibility,not_mentioned,no,no,not_mentioned,not_mentioned,implied,not_mentioned,not_mentioned,no
Janet M NDE 5092,nderf,data\nderf\02639_janet-m-nde-5092.json,Ohkado,2,False,False,True,other,no,no,no,not_mentioned,spiritual_realm,implied,not_mentioned,none,no
David J Probable NDE 5095,nderf,data\nderf\02641_david-j-probable-nde-5095.json,Ohkado,2,False,False,True,family_responsibility,no,no,no,not_mentioned,spiritual_realm,yes_explicit,explicit,not_mentioned,no
Lynn S NDE 5098,nderf,data\nderf\02643_lynn-s-nde-5098.json,Ohkado,1,False,False,True,no_reason_given,no,no,no,not_mentioned,not_mentioned,implied,not_mentioned,not_mentioned,no
Daniel P NDE 5102,nderf,data\nderf\02644_daniel-p-nde-5102.json,Ohkado,1,False,False,True,family_responsibility,no,no,no,not_mentioned,both,implied,implied,not_mentioned,no
Renate NDE 5016,nderf,data\nderf\02646_renate-nde-5016.json,Ohkado,2,False,False,True,family_responsibility,yes_explicit,no,no,not_mentioned,spiritual_realm,implied,explicit,not_mentioned,no
Lorraine J NDE 5045,nderf,data\nderf\02648_lorraine-j-nde-5045.json,Ohkado,2,False,False,True,other,no,no,no,not_mentioned,spiritual_realm,yes_explicit,explicit,not_mentioned,no
Katalin F NDE 5118,nderf,data\nderf\02653_katalin-f-nde-5118.json,Ohkado,2,False,False,True,other,no,no,no,not_mentioned,spiritual_realm,yes_explicit,explicit,not_mentioned,no
Sylvianne R Possible NDE 5060,nderf,data\nderf\02659_sylvianne-r-possible-nde-5060.json,Ohkado,1,False,False,True,family_responsibility,implied,no,no,not_mentioned,not_mentioned,implied,not_mentioned,not_mentioned,no
Nilda P NDE 5123,nderf,data\nderf\02662_nilda-p-nde-5123.json,Ohkado,1,False,False,True,family_responsibility,yes_explicit,no,not_mentioned,not_mentioned,not_mentioned,implied,implied,not_mentioned,not_mentioned
Alfredo NDE 5064,nderf,data\nderf\02663_alfredo-nde-5064.json,Ohkado,1,False,False,True,no_reason_given,no,no,no,not_mentioned,not_mentioned,implied,not_mentioned,none,no
Joy R NDE 22463,nderf,data\nderf\02664_joy-r-nde-22463.json,Ohkado,1,False,False,True,not_your_time,yes_explicit,no,no,not_mentioned,not_mentioned,yes_explicit,not_mentioned,not_mentioned,no
Fran E NDE 5140,nderf,data\nderf\02676_fran-e-nde-5140.json,Ohkado,1,False,False,True,not_mentioned,not_mentioned,not_mentioned,not_mentioned,not_mentioned,not_mentioned,implied,not_mentioned,not_mentioned,not_mentioned
Evelyn V Probable NDE 16028,nderf,data\nderf\02679_evelyn-v-probable-nde-16028.json,Ohkado,1,False,False,True,family_responsibility,no,no,not_mentioned,not_mentioned,not_mentioned,implied,not_mentioned,not_mentioned,not_mentioned
Camilla F Probable NDE 5103,nderf,data\nderf\02683_camilla-f-probable-nde-5103.json,Ohkado,1,False,False,True,not_your_time,no,no,no,not_mentioned,not_mentioned,yes_explicit,no,not_mentioned,no
Haley A NDE 5154/5190 NDE 5190,nderf,data\nderf\02684_haley-a-nde-5154-5190-nde-5190.json,Ohkado,1,False,False,True,not_your_time,no,no,no,not_mentioned,spiritual_realm,not_mentioned,explicit,not_mentioned,no
Derrick Birth Experiences 5167 NDE 5167,nderf,data\nderf\02692_derrick-birth-experiences-5167-nde-5167.json,Ohkado,3,False,False,True,not_mentioned,no,no,implied,not_mentioned,not_mentioned,implied,not_mentioned,not_mentioned,no
Leonard NDE 5170,nderf,data\nderf\02695_leonard-nde-5170.json,Ohkado,1,False,False,True,no_reason_given,not_mentioned,not_mentioned,not_mentioned,not_mentioned,spiritual_realm,not_mentioned,not_mentioned,not_mentioned,not_mentioned
Scott H NDE 16033,nderf,data\nderf\02698_scott-h-nde-16033.json,Ohkado,1,False,False,True,not_mentioned,implied,no,not_mentioned,not_mentioned,not_mentioned,implied,not_mentioned,not_mentioned,not_mentioned
Carol I NDE 5188,nderf,data\nderf\02710_carol-i-nde-5188.json,Ohkado,1,False,False,True,not_mentioned,no,no,no,not_mentioned,spiritual_realm,not_mentioned,explicit,none,no
Matteo M NDE 5197,nderf,data\nderf\02715_matteo-m-nde-5197.json,Ohkado,1,False,False,True,no_reason_given,no,no,not_mentioned,not_mentioned,not_mentioned,implied,not_mentioned,not_mentioned,not_mentioned
Vera G NDE 5201,nderf,data\nderf\02717_vera-g-nde-5201.json,Ohkado,1,False,False,True,not_mentioned,not_mentioned,not_mentioned,no,not_mentioned,spiritual_realm,not_mentioned,explicit,none,no
Stanley S Possible NDE 5195,nderf,data\nderf\02718_stanley-s-possible-nde-5195.json,Ohkado,1,False,False,True,no_reason_given,not_mentioned,no,no,not_mentioned,spiritual_realm,not_mentioned,explicit,not_mentioned,no
Albert S Probable NDE 5222,nderf,data\nderf\02730_albert-s-probable-nde-5222.json,Ohkado,1,False,False,True,no_reason_given,no,no,no,not_mentioned,not_mentioned,yes_explicit,no,not_mentioned,no
Pierre T NDE 5216,nderf,data\nderf\02744_pierre-t-nde-5216.json,Ohkado,2,False,False,True,no_reason_given,no,not_mentioned,implied,not_mentioned,not_mentioned,yes_explicit,not_mentioned,not_mentioned,not_mentioned
Lori K NDE 5241,nderf,data\nderf\02745_lori-k-nde-5241.json,Ohkado,2,False,False,True,family_responsibility,yes_explicit,no,no,not_mentioned,spiritual_realm,yes_explicit,explicit,not_mentioned,no
Swas NDE 5243,nderf,data\nderf\02746_swas-nde-5243.json,Ohkado,1,False,False,True,no_reason_given,not_mentioned,not_mentioned,not_mentioned,not_mentioned,not_mentioned,implied,not_mentioned,not_mentioned,not_mentioned
Brenda I NDEs 5259/6202 NDE 6202,nderf,data\nderf\02753_brenda-i-ndes-5259-6202-nde-6202.json,Ohkado,1,False,False,True,not_mentioned,no,no,no,not_mentioned,not_mentioned,implied,not_mentioned,none,no
Gina J NDE 5266,nderf,data\nderf\02759_gina-j-nde-5266.json,Ohkado,1,False,False,True,no_reason_given,implied,no,no,not_mentioned,spiritual_realm,not_mentioned,explicit,not_mentioned,no
Harry S Probable NDE 5267,nderf,data\nderf\02760_harry-s-probable-nde-5267.json,Ohkado,1,False,False,True,family_responsibility,no,no,no,not_mentioned,not_mentioned,yes_explicit,not_mentioned,not_mentioned,no
Michael H FDE 5278 NDE 5278,nderf,data\nderf\02767_michael-h-fde-5278-nde-5278.json,Ohkado,1,False,False,True,not_your_time,no,no,no,not_mentioned,not_mentioned,yes_explicit,no,none,no
Cate NDE 5288,nderf,data\nderf\02776_cate-nde-5288.json,Ohkado,1,False,False,True,other,implied,no,no,not_mentioned,not_mentioned,implied,not_mentioned,not_mentioned,no
Maria Teresa Possible NDE 5282,nderf,data\nderf\02779_maria-teresa-possible-nde-5282.json,Ohkado,1,False,False,True,not_mentioned,not_mentioned,not_mentioned,not_mentioned,not_mentioned,not_mentioned,implied,not_mentioned,not_mentioned,not_mentioned
Karen G Mother NDE 5304,nderf,data\nderf\02788_karen-g-mother-nde-5304.json,Ohkado,2,False,False,True,family_responsibility,no,no,no,not_mentioned,spiritual_realm,implied,explicit,not_mentioned,no
Donna K FDE 22536 NDE 22536,nderf,data\nderf\02799_donna-k-fde-22536-nde-22536.json,Ohkado,2,False,False,True,other,implied,no,implied,not_mentioned,not_mentioned,implied,not_mentioned,not_mentioned,not_mentioned
Kelly D NDE 5323,nderf,data\nderf\02800_kelly-d-nde-5323.json,Ohkado,2,False,False,True,family_responsibility,implied,no,no,not_mentioned,spiritual_realm,yes_explicit,explicit,not_mentioned,no
Storm Possible NDE 5326,nderf,data\nderf\02802_storm-possible-nde-5326.json,Ohkado,1,False,False,True,not_your_time,implied,no,not_mentioned,not_mentioned,spiritual_realm,not_mentioned,not_mentioned,not_mentioned,not_mentioned
Sally E NDE 5343,nderf,data\nderf\02809_sally-e-nde-5343.json,Ohkado,1,False,False,True,not_mentioned,no,not_mentioned,not_mentioned,not_mentioned,not_mentioned,yes_explicit,not_mentioned,not_mentioned,not_mentioned
Michaele S NDE 5363,nderf,data\nderf\02823_michaele-s-nde-5363.json,Ohkado,1,False,False,True,family_responsibility,no,no,no,not_mentioned,not_mentioned,implied,not_mentioned,not_mentioned,no
Marsy C Probable NDE 5307,nderf,data\nderf\02827_marsy-c-probable-nde-5307.json,Ohkado,1,False,False,True,no_reason_given,not_mentioned,not_mentioned,not_mentioned,not_mentioned,not_mentioned,implied,not_mentioned,not_mentioned,not_mentioned
Francisco R NDE 5330,nderf,data\nderf\02828_francisco-r-nde-5330.json,Ohkado,1,False,False,True,other,no,no,no,not_mentioned,not_mentioned,yes_explicit,not_mentioned,not_mentioned,no
Lexy Probable NDE 5370,nderf,data\nderf\02829_lexy-probable-nde-5370.json,Ohkado,1,False,False,True,no_reason_given,not_mentioned,not_mentioned,not_mentioned,not_mentioned,spiritual_realm,not_mentioned,not_mentioned,not_mentioned,not_mentioned
Donna NDE 6008,nderf,data\nderf\02834_donna-nde-6008.json,Ohkado,2,False,False,True,no_reason_given,no,no,no,not_mentioned,spiritual_realm,implied,explicit,not_mentioned,no
Anna L NDE 5373,nderf,data\nderf\02857_anna-l-nde-5373.json,Ohkado,1,False,False,True,other,not_mentioned,no,not_mentioned,not_mentioned,not_mentioned,implied,implied,not_mentioned,not_mentioned
Michael S NDE 6037,nderf,data\nderf\02861_michael-s-nde-6037.json,Ohkado,1,False,False,True,no_reason_given,no,no,no,not_mentioned,spiritual_realm,not_mentioned,explicit,not_mentioned,no
Jane K NDE 6041,nderf,data\nderf\02868_jane-k-nde-6041.json,Ohkado,1,False,False,True,other,not_mentioned,not_mentioned,not_mentioned,not_mentioned,not_mentioned,implied,not_mentioned,not_mentioned,not_mentioned
Yolanda H NDE 6059,nderf,data\nderf\02877_yolanda-h-nde-6059.json,Ohkado,1,False,False,True,family_responsibility,no,no,no,not_mentioned,not_mentioned,yes_explicit,no,not_mentioned,no
Brad M Probable NDE 6101,nderf,data\nderf\02879_brad-m-probable-nde-6101.json,Ohkado,3,False,False,True,other,implied,not_mentioned,yes_explicit,chose_parents,not_mentioned,yes_explicit,not_mentioned,not_mentioned,not_mentioned
Alex FDE 6114 NDE 6114,nderf,data\nderf\02887_alex-fde-6114-nde-6114.json,Ohkado,1,False,False,True,other,no,no,no,not_mentioned,not_mentioned,implied,not_mentioned,none,no
Pedro J NDE 5383,nderf,data\nderf\02894_pedro-j-nde-5383.json,Ohkado,1,False,False,True,not_mentioned,not_mentioned,not_mentioned,not_mentioned,not_mentioned,not_mentioned,implied,not_mentioned,not_mentioned,not_mentioned
Karen NDE 6120,nderf,data\nderf\02896_karen-nde-6120.json,Ohkado,2,False,False,True,not_your_time,not_mentioned,not_mentioned,yes_explicit,not_mentioned,spiritual_realm,not_mentioned,explicit,not_mentioned,not_mentioned
Ahmed B Possible NDE 16059,nderf,data\nderf\02906_ahmed-b-possible-nde-16059.json,Ohkado,2,False,False,True,other,no,no,no,not_mentioned,spiritual_realm,yes_explicit,not_mentioned,not_mentioned,no
Glenda G Possible NDE 22601,nderf,data\nderf\02907_glenda-g-possible-nde-22601.json,Ohkado,1,False,False,True,family_responsibility,no,no,no,not_mentioned,spiritual_realm,not_mentioned,explicit,not_mentioned,no
Paul S NDE 6137,nderf,data\nderf\02915_paul-s-nde-6137.json,Ohkado,1,False,False,True,not_mentioned,not_mentioned,not_mentioned,no,not_mentioned,not_mentioned,yes_explicit,not_mentioned,not_mentioned,no
Camryn L NDE 6136,nderf,data\nderf\02916_camryn-l-nde-6136.json,Ohkado,1,False,False,True,no_reason_given,not_mentioned,not_mentioned,not_mentioned,not_mentioned,spiritual_realm,not_mentioned,explicit,not_mentioned,not_mentioned
Maria S Possible NDE 6145,nderf,data\nderf\02917_maria-s-possible-nde-6145.json,Ohkado,1,False,False,True,family_responsibility,not_mentioned,not_mentioned,not_mentioned,not_mentioned,not_mentioned,implied,not_mentioned,not_mentioned,not_mentioned
Karen J NDE 6150,nderf,data\nderf\02921_karen-j-nde-6150.json,Ohkado,1,False,False,True,no_reason_given,no,no,no,not_mentioned,not_mentioned,implied,not_mentioned,none,no
Jill D NDE 6151,nderf,data\nderf\02922_jill-d-nde-6151.json,Ohkado,1,False,False,True,no_reason_given,no,no,no,not_mentioned,spiritual_realm,not_mentioned,explicit,not_mentioned,no
Sue C NDE 6159,nderf,data\nderf\02927_sue-c-nde-6159.json,Ohkado,2,False,False,True,family_responsibility,no,no,not_mentioned,not_mentioned,spiritual_realm,yes_explicit,implied,not_mentioned,not_mentioned
Pegi R NDE 6163/6164 NDE 6164,nderf,data\nderf\02930_pegi-r-nde-6163-6164-nde-6164.json,Ohkado,1,False,False,True,family_responsibility,not_mentioned,not_mentioned,not_mentioned,not_mentioned,not_mentioned,implied,no,not_mentioned,not_mentioned
Susan T Probable NDE 6165,nderf,data\nderf\02931_susan-t-probable-nde-6165.json,Ohkado,1,False,False,True,not_your_time,no,no,no,not_mentioned,not_mentioned,implied,not_mentioned,not_mentioned,no
Jean R NDE 6166,nderf,data\nderf\02932_jean-r-nde-6166.json,Ohkado,2,False,False,True,family_responsibility,implied,no,implied,not_mentioned,spiritual_realm,not_mentioned,explicit,not_mentioned,no
Jack M NDE 6168,nderf,data\nderf\02934_jack-m-nde-6168.json,Ohkado,1,False,False,True,not_mentioned,no,no,no,not_mentioned,not_mentioned,implied,not_mentioned,none,no
Jeter C NDE 22626,nderf,data\nderf\02941_jeter-c-nde-22626.json,Ohkado,1,False,False,True,not_mentioned,not_mentioned,not_mentioned,not_mentioned,not_mentioned,spiritual_realm,not_mentioned,explicit,not_mentioned,not_mentioned
Trisha S NDE 6184,nderf,data\nderf\02947_trisha-s-nde-6184.json,Ohkado,1,False,False,True,not_your_time,no,no,no,not_mentioned,spiritual_realm,not_mentioned,explicit,not_mentioned,no
Hanriette NDE 6033,nderf,data\nderf\02956_hanriette-nde-6033.json,Ohkado,1,False,False,True,not_your_time,not_mentioned,no,no,not_mentioned,spiritual_realm,not_mentioned,explicit,not_mentioned,no
Tom Probable NDE 6199,nderf,data\nderf\02959_tom-probable-nde-6199.json,Ohkado,1,False,False,True,not_mentioned,not_mentioned,not_mentioned,no,not_mentioned,spiritual_realm,not_mentioned,explicit,not_mentioned,no
Vanessa W Probable NDE 6204,nderf,data\nderf\02962_vanessa-w-probable-nde-6204.json,Ohkado,1,False,False,True,not_mentioned,no,no,no,not_mentioned,not_mentioned,implied,not_mentioned,not_mentioned,no
Cindy B NDE 6207,nderf,data\nderf\02964_cindy-b-nde-6207.json,Ohkado,1,False,False,True,no_reason_given,no,no,no,not_mentioned,not_mentioned,yes_explicit,no,not_mentioned,no
Isabel R NDE 6205,nderf,data\nderf\02965_isabel-r-nde-6205.json,Ohkado,1,False,False,True,family_responsibility,yes_explicit,no,no,not_mentioned,not_mentioned,implied,not_mentioned,not_mentioned,no
Carmine I NDE 5395,nderf,data\nderf\02966_carmine-i-nde-5395.json,Ohkado,1,False,False,True,no_reason_given,no,no,no,not_mentioned,spiritual_realm,not_mentioned,explicit,not_mentioned,no
Bonnie Z NDE 32085,nderf,data\nderf\02971_bonnie-z-nde-32085.json,Ohkado,1,False,False,True,other,no,no,no,not_mentioned,not_mentioned,implied,not_mentioned,not_mentioned,no
Herman V NDE 6227,nderf,data\nderf\02987_herman-v-nde-6227.json,Ohkado,2,False,False,True,no_reason_given,no,no,not_mentioned,not_mentioned,spiritual_realm,implied,explicit,not_mentioned,not_mentioned
Preston P Probable NDE 22663,nderf,data\nderf\02992_preston-p-probable-nde-22663.json,Ohkado,1,False,False,True,no_reason_given,no,no,no,not_mentioned,not_mentioned,implied,not_mentioned,none,no
Mindy T NDE 6238,nderf,data\nderf\02996_mindy-t-nde-6238.json,Ohkado,1,False,False,True,not_mentioned,not_mentioned,not_mentioned,not_mentioned,not_mentioned,spiritual_realm,not_mentioned,explicit,not_mentioned,not_mentioned
Dan BC NDE 6243,nderf,data\nderf\03000_dan-bc-nde-6243.json,Ohkado,1,False,False,True,other,yes_explicit,not_mentioned,not_mentioned,not_mentioned,spiritual_realm,not_mentioned,explicit,not_mentioned,not_mentioned
Victor C Other 6247 NDE 6247,nderf,data\nderf\03007_victor-c-other-6247-nde-6247.json,Ohkado,1,False,False,True,other,no,no,no,not_mentioned,not_mentioned,implied,not_mentioned,not_mentioned,no
Moises NDE 5389,nderf,data\nderf\03010_moises-nde-5389.json,Ohkado,1,False,False,True,family_responsibility,not_mentioned,not_mentioned,not_mentioned,not_mentioned,not_mentioned,implied,not_mentioned,not_mentioned,not_mentioned
Hector A Uncle NDE 5413,nderf,data\nderf\03019_hector-a-uncle-nde-5413.json,Ohkado,1,False,False,True,family_responsibility,no,no,no,not_mentioned,not_mentioned,implied,not_mentioned,not_mentioned,no
Tamara M NDE 5415,nderf,data\nderf\03021_tamara-m-nde-5415.json,Ohkado,1,False,False,True,not_mentioned,not_mentioned,not_mentioned,not_mentioned,not_mentioned,not_mentioned,implied,not_mentioned,not_mentioned,not_mentioned
Chris V NDE 6258,nderf,data\nderf\03022_chris-v-nde-6258.json,Ohkado,2,False,False,True,not_your_time,no,no,no,not_mentioned,spiritual_realm,implied,explicit,not_mentioned,no
Sheila EP NDE 6267,nderf,data\nderf\03027_sheila-ep-nde-6267.json,Ohkado,1,False,False,True,not_your_time,implied,no,not_mentioned,not_mentioned,not_mentioned,implied,not_mentioned,not_mentioned,not_mentioned
Kathy M Probable NDE 6271,nderf,data\nderf\03029_kathy-m-probable-nde-6271.json,Ohkado,2,False,False,True,not_your_time,implied,no,no,not_mentioned,spiritual_realm,yes_explicit,not_mentioned,none,no
Vivian M Probable NDE 6272,nderf,data\nderf\03030_vivian-m-probable-nde-6272.json,Ohkado,1,False,False,True,family_responsibility,no,no,no,not_mentioned,not_mentioned,yes_explicit,not_mentioned,not_mentioned,no
Fausto M NDE 5398,nderf,data\nderf\03033_fausto-m-nde-5398.json,Ohkado,1,False,False,True,no_reason_given,no,no,no,not_mentioned,not_mentioned,yes_explicit,not_mentioned,not_mentioned,no
Jill J NDE 6274,nderf,data\nderf\03034_jill-j-nde-6274.json,Ohkado,2,False,False,True,family_responsibility,no,no,no,not_mentioned,spiritual_realm,implied,implied,not_mentioned,no
Gary M NDE 6282,nderf,data\nderf\03042_gary-m-nde-6282.json,Ohkado,1,False,False,True,not_mentioned,not_mentioned,not_mentioned,not_mentioned,not_mentioned,not_mentioned,implied,not_mentioned,not_mentioned,not_mentioned
Coleen P Possible NDE 6281,nderf,data\nderf\03043_coleen-p-possible-nde-6281.json,Ohkado,1,False,False,True,family_responsibility,not_mentioned,no,no,not_mentioned,not_mentioned,implied,no,not_mentioned,no
Evan B NDE 6289,nderf,data\nderf\03051_evan-b-nde-6289.json,Ohkado,3,False,False,True,not_your_time,no,not_mentioned,implied,not_mentioned,spiritual_realm,implied,explicit,not_mentioned,not_mentioned
Joe J NDE 6290,nderf,data\nderf\03052_joe-j-nde-6290.json,Ohkado,1,False,False,True,no_reason_given,no,not_mentioned,not_mentioned,not_mentioned,not_mentioned,implied,not_mentioned,not_mentioned,not_mentioned
William W NDE 6292,nderf,data\nderf\03054_william-w-nde-6292.json,Ohkado,3,False,False,True,no_reason_given,no,not_mentioned,yes_explicit,not_mentioned,not_mentioned,yes_explicit,not_mentioned,not_mentioned,not_mentioned
Susan S Probable NDE 6298,nderf,data\nderf\03058_susan-s-probable-nde-6298.json,Ohkado,2,False,False,True,not_your_time,no,no,no,not_mentioned,spiritual_realm,yes_explicit,explicit,not_mentioned,no
Nicole K Probable NDE 5419,nderf,data\nderf\03061_nicole-k-probable-nde-5419.json,Ohkado,1,False,False,True,no_reason_given,no,no,not_mentioned,not_mentioned,spiritual_realm,not_mentioned,explicit,not_mentioned,not_mentioned
Alan McD NDE 3760/16041 NDE 16041,nderf,data\nderf\03068_alan-mcd-nde-3760-16041-nde-16041.json,Ohkado,1,False,False,True,not_mentioned,not_mentioned,not_mentioned,not_mentioned,not_mentioned,not_mentioned,yes_explicit,not_mentioned,not_mentioned,not_mentioned
Morgan O NDE 6317,nderf,data\nderf\03073_morgan-o-nde-6317.json,Ohkado,1,False,False,True,family_responsibility,not_mentioned,not_mentioned,no,not_mentioned,spiritual_realm,not_mentioned,implied,none,no
Oliver V NDE 6325,nderf,data\nderf\03077_oliver-v-nde-6325.json,Ohkado,2,False,False,True,not_your_time,no,no,no,not_mentioned,spiritual_realm,implied,explicit,not_mentioned,no
SA NDE 6340,nderf,data\nderf\03088_sa-nde-6340.json,Ohkado,1,False,False,True,not_mentioned,not_mentioned,not_mentioned,not_mentioned,not_mentioned,spiritual_realm,not_mentioned,explicit,not_mentioned,not_mentioned
Loni S NDE 6342,nderf,data\nderf\03090_loni-s-nde-6342.json,Ohkado,1,False,False,True,family_responsibility,no,no,no,not_mentioned,spiritual_realm,not_mentioned,explicit,not_mentioned,no
Sheree F NDE 6344,nderf,data\nderf\03093_sheree-f-nde-6344.json,Ohkado,1,False,False,True,not_mentioned,not_mentioned,not_mentioned,not_mentioned,not_mentioned,spiritual_realm,not_mentioned,explicit,not_mentioned,not_mentioned
Lori E STE/SOBE 22717 NDE 22717,nderf,data\nderf\03098_lori-e-ste-sobe-22717-nde-22717.json,Ohkado,2,False,False,True,not_your_time,no,no,no,not_mentioned,spiritual_realm,implied,explicit,not_mentioned,no
Ramon Probable NDE 6320,nderf,data\nderf\03099_ramon-probable-nde-6320.json,Ohkado,1,False,False,True,family_responsibility,implied,no,not_mentioned,not_mentioned,not_mentioned,yes_explicit,not_mentioned,not_mentioned,not_mentioned
Mariana H NDE 6306,nderf,data\nderf\03100_mariana-h-nde-6306.json,Ohkado,2,False,False,True,no_reason_given,no,no,no,not_mentioned,spiritual_realm,implied,implied,not_mentioned,no
Mary H NDE 6356,nderf,data\nderf\03105_mary-h-nde-6356.json,Ohkado,1,False,False,True,no_reason_given,no,no,no,not_mentioned,spiritual_realm,not_mentioned,not_mentioned,not_mentioned,no
Ashley Probable NDE 6369,nderf,data\nderf\03112_ashley-probable-nde-6369.json,Ohkado,1,False,False,True,family_responsibility,no,no,no,not_mentioned,not_mentioned,yes_explicit,no,none,no
Robyn O NDE 6371,nderf,data\nderf\03113_robyn-o-nde-6371.json,Ohkado,2,False,False,True,no_reason_given,no,no,no,not_mentioned,spiritual_realm,yes_explicit,explicit,none,no
Kathy S NDE 6376,nderf,data\nderf\03118_kathy-s-nde-6376.json,Ohkado,1,False,False,True,family_responsibility,no,no,no,not_mentioned,not_mentioned,yes_explicit,not_mentioned,not_mentioned,no
John K NDE 6377,nderf,data\nderf\03119_john-k-nde-6377.json,Ohkado,2,False,False,True,other,no,no,no,not_mentioned,spiritual_realm,yes_explicit,explicit,not_mentioned,no
Mira G NDE 6385,nderf,data\nderf\03122_mira-g-nde-6385.json,Ohkado,2,False,False,True,no_reason_given,no,no,no,not_mentioned,spiritual_realm,implied,explicit,not_mentioned,no
Jamie W Probable NDE 6390,nderf,data\nderf\03127_jamie-w-probable-nde-6390.json,Ohkado,1,False,False,True,not_mentioned,not_mentioned,not_mentioned,not_mentioned,not_mentioned,not_mentioned,implied,not_mentioned,none,no
Roberto P NDE 5420,nderf,data\nderf\03128_roberto-p-nde-5420.json,Ohkado,2,False,False,True,no_reason_given,no,no,no,not_mentioned,spiritual_realm,yes_explicit,explicit,not_mentioned,no
Johanna S NDE 6400,nderf,data\nderf\03137_johanna-s-nde-6400.json,Ohkado,1,False,False,True,not_your_time,implied,no,no,not_mentioned,not_mentioned,yes_explicit,not_mentioned,not_mentioned,no
Demi B NDE 6405,nderf,data\nderf\03140_demi-b-nde-6405.json,Ohkado,1,False,False,True,not_your_time,implied,no,no,not_mentioned,spiritual_realm,not_mentioned,implied,not_mentioned,no
Kanwal Probable NDE 6408,nderf,data\nderf\03142_kanwal-probable-nde-6408.json,Ohkado,1,False,False,True,not_your_time,yes_explicit,no,no,not_mentioned,not_mentioned,implied,not_mentioned,not_mentioned,no
Lillian K Possible NDE 6420,nderf,data\nderf\03147_lillian-k-possible-nde-6420.json,Ohkado,1,False,False,True,no_reason_given,no,no,no,not_mentioned,spiritual_realm,not_mentioned,explicit,not_mentioned,no
Melissa H Probable NDE 6425,nderf,data\nderf\03153_melissa-h-probable-nde-6425.json,Ohkado,1,False,False,True,not_mentioned,implied,no,not_mentioned,not_mentioned,not_mentioned,yes_explicit,no,not_mentioned,not_mentioned
Gwen J NDE 6429,nderf,data\nderf\03156_gwen-j-nde-6429.json,Ohkado,3,False,False,True,not_mentioned,not_mentioned,not_mentioned,implied,not_mentioned,spiritual_realm,implied,explicit,not_mentioned,not_mentioned
Wendy M Possible NDE 6456,nderf,data\nderf\03164_wendy-m-possible-nde-6456.json,Ohkado,1,False,False,True,no_reason_given,no,no,no,not_mentioned,not_mentioned,implied,not_mentioned,not_mentioned,no
Julia Probable NDE 6448,nderf,data\nderf\03165_julia-probable-nde-6448.json,Ohkado,1,False,False,True,not_your_time,no,no,no,not_mentioned,not_mentioned,implied,not_mentioned,not_mentioned,no
Tammie W NDE 6452,nderf,data\nderf\03167_tammie-w-nde-6452.json,Ohkado,1,False,False,True,not_your_time,no,no,no,not_mentioned,not_mentioned,implied,not_mentioned,not_mentioned,no
Donna G NDE 6463,nderf,data\nderf\03172_donna-g-nde-6463.json,Ohkado,3,False,False,True,other,not_mentioned,no,yes_explicit,not_mentioned,spiritual_realm,yes_explicit,explicit,not_mentioned,not_mentioned
Rynne R Probable NDE 6472,nderf,data\nderf\03177_rynne-r-probable-nde-6472.json,Ohkado,2,False,False,True,family_responsibility,yes_explicit,no,no,not_mentioned,spiritual_realm,implied,implied,not_mentioned,no
Evelyn vH NDE 6475,nderf,data\nderf\03179_evelyn-vh-nde-6475.json,Ohkado,1,False,False,True,no_reason_given,no,no,no,not_mentioned,not_mentioned,implied,not_mentioned,not_mentioned,no
Lydia LB NDE 6460,nderf,data\nderf\03181_lydia-lb-nde-6460.json,Ohkado,1,False,False,True,other,no,no,no,not_mentioned,not_mentioned,implied,not_mentioned,not_mentioned,no
Mark W NDEs 6484 NDE 6484,nderf,data\nderf\03185_mark-w-ndes-6484-nde-6484.json,Ohkado,1,False,False,True,other,no,no,no,not_mentioned,not_mentioned,implied,not_mentioned,not_mentioned,no
Hannah S Probable NDE 6486,nderf,data\nderf\03187_hannah-s-probable-nde-6486.json,Ohkado,1,False,False,True,no_reason_given,no,no,no,not_mentioned,not_mentioned,implied,not_mentioned,not_mentioned,no
Angel M NDE 6499,nderf,data\nderf\03197_angel-m-nde-6499.json,Ohkado,1,False,False,True,not_mentioned,not_mentioned,not_mentioned,not_mentioned,not_mentioned,not_mentioned,implied,not_mentioned,not_mentioned,not_mentioned
Sandi R NDE 6505,nderf,data\nderf\03202_sandi-r-nde-6505.json,Ohkado,1,False,False,True,no_reason_given,no,no,no,not_mentioned,not_mentioned,implied,not_mentioned,not_mentioned,no
Larry V NDE 6521,nderf,data\nderf\03216_larry-v-nde-6521.json,Ohkado,1,False,False,True,no_reason_given,implied,no,no,not_mentioned,not_mentioned,yes_explicit,no,not_mentioned,no
Marten M NDE 5432,nderf,data\nderf\03219_marten-m-nde-5432.json,Ohkado,1,False,False,True,not_your_time,yes_explicit,no,no,not_mentioned,not_mentioned,implied,not_mentioned,not_mentioned,no
Julie H Probable NDE 6544,nderf,data\nderf\03228_julie-h-probable-nde-6544.json,Ohkado,1,False,False,True,family_responsibility,implied,no,no,not_mentioned,spiritual_realm,not_mentioned,explicit,not_mentioned,no
Tamara J NDE 6549,nderf,data\nderf\03230_tamara-j-nde-6549.json,Ohkado,1,False,False,True,not_mentioned,not_mentioned,not_mentioned,not_mentioned,not_mentioned,not_mentioned,implied,not_mentioned,not_mentioned,not_mentioned
George J NDE 6552,nderf,data\nderf\03232_george-j-nde-6552.json,Ohkado,1,False,False,True,not_your_time,yes_explicit,no,no,not_mentioned,not_mentioned,yes_explicit,not_mentioned,none,no
Michael G NDE 6563,nderf,data\nderf\03241_michael-g-nde-6563.json,Ohkado,1,False,False,True,no_reason_given,implied,no,no,not_mentioned,not_mentioned,implied,not_mentioned,not_mentioned,no
Carol V NDE 6567,nderf,data\nderf\03243_carol-v-nde-6567.json,Ohkado,1,False,False,True,not_your_time,yes_explicit,no,no,not_mentioned,not_mentioned,implied,not_mentioned,not_mentioned,no
Trevor O NDE 6573,nderf,data\nderf\03246_trevor-o-nde-6573.json,Ohkado,1,False,False,True,not_mentioned,not_mentioned,not_mentioned,not_mentioned,not_mentioned,not_mentioned,implied,not_mentioned,not_mentioned,not_mentioned
Helga C NDE 6574,nderf,data\nderf\03247_helga-c-nde-6574.json,Ohkado,1,False,False,True,not_mentioned,not_mentioned,not_mentioned,no,not_mentioned,not_mentioned,yes_explicit,not_mentioned,not_mentioned,no
Peter N NDE 6584/10105 NDE 10105,nderf,data\nderf\03253_peter-n-nde-6584-10105-nde-10105.json,Ohkado,3,False,False,True,no_reason_given,no,no,implied,not_mentioned,spiritual_realm,implied,explicit,not_mentioned,no
Nancy Probable NDE 6587,nderf,data\nderf\03256_nancy-probable-nde-6587.json,Ohkado,2,False,False,True,family_responsibility,no,no,no,not_mentioned,spiritual_realm,yes_explicit,explicit,not_mentioned,no
Tyrone NDE 6597,nderf,data\nderf\03260_tyrone-nde-6597.json,Ohkado,2,False,False,True,family_responsibility,implied,no,no,not_mentioned,spiritual_realm,implied,explicit,not_mentioned,no
Elena Possible NDE 5425,nderf,data\nderf\03261_elena-possible-nde-5425.json,Ohkado,3,False,False,True,no_reason_given,no,no,implied,not_mentioned,spiritual_realm,yes_explicit,explicit,not_mentioned,no
Silvia Probable NDE 5438,nderf,data\nderf\03262_silvia-probable-nde-5438.json,Ohkado,1,False,False,True,other,no,no,no,not_mentioned,spiritual_realm,not_mentioned,not_mentioned,not_mentioned,not_mentioned
Gustave P STE 6600 NDE 6600,nderf,data\nderf\03265_gustave-p-ste-6600-nde-6600.json,Ohkado,1,False,False,True,no_reason_given,no,no,no,not_mentioned,not_mentioned,implied,explicit,not_mentioned,no
DPH Probable NDE 6605,nderf,data\nderf\03272_dph-probable-nde-6605.json,Ohkado,1,False,False,True,not_mentioned,no,no,no,not_mentioned,not_mentioned,implied,not_mentioned,not_mentioned,no
Brian T Probable NDE 6609,nderf,data\nderf\03273_brian-t-probable-nde-6609.json,Ohkado,3,False,False,True,no_reason_given,no,no,yes_explicit,not_mentioned,spiritual_realm,yes_explicit,explicit,not_mentioned,no
Colleen J NDE 6624,nderf,data\nderf\03282_colleen-j-nde-6624.json,Ohkado,1,False,False,True,not_mentioned,not_mentioned,no,no,not_mentioned,spiritual_realm,not_mentioned,explicit,not_mentioned,no
Kenya Probable NDE 6627,nderf,data\nderf\03285_kenya-probable-nde-6627.json,Ohkado,1,False,False,True,not_your_time,no,no,no,not_mentioned,spiritual_realm,not_mentioned,explicit,none,no
Joseph S NDE 6634,nderf,data\nderf\03289_joseph-s-nde-6634.json,Ohkado,2,False,False,True,not_mentioned,not_mentioned,not_mentioned,yes_explicit,not_mentioned,not_mentioned,yes_explicit,not_mentioned,not_mentioned,not_mentioned
Maya Probable NDE 6635,nderf,data\nderf\03290_maya-probable-nde-6635.json,Ohkado,2,False,False,True,not_your_time,no,no,no,not_mentioned,spiritual_realm,implied,explicit,not_mentioned,no
Robyn NDE 6636,nderf,data\nderf\03291_robyn-nde-6636.json,Ohkado,2,False,False,True,no_reason_given,no,no,no,not_mentioned,spiritual_realm,yes_explicit,explicit,not_mentioned,no
Joan S NDE 6640,nderf,data\nderf\03294_joan-s-nde-6640.json,Ohkado,1,False,False,True,family_responsibility,no,no,no,not_mentioned,not_mentioned,yes_explicit,not_mentioned,none,no
Chris Mother Probable NDE 6647,nderf,data\nderf\03299_chris-mother-probable-nde-6647.json,Ohkado,1,False,False,True,other,implied,not_mentioned,not_mentioned,not_mentioned,spiritual_realm,not_mentioned,implied,not_mentioned,not_mentioned
Karen S NDE 6652,nderf,data\nderf\03300_karen-s-nde-6652.json,Ohkado,1,False,False,True,family_responsibility,no,no,no,not_mentioned,not_mentioned,implied,not_mentioned,none,no
Norbert E Probable NDE 6653,nderf,data\nderf\03302_norbert-e-probable-nde-6653.json,Ohkado,1,False,False,True,other,no,no,no,not_mentioned,not_mentioned,implied,not_mentioned,not_mentioned,no
Francine M NDE 6656,nderf,data\nderf\03309_francine-m-nde-6656.json,Ohkado,1,False,False,True,not_mentioned,not_mentioned,not_mentioned,no,not_mentioned,spiritual_realm,not_mentioned,not_mentioned,not_mentioned,no
Miles NDE 6678,nderf,data\nderf\03321_miles-nde-6678.json,Ohkado,1,False,False,True,other,no,no,no,not_mentioned,not_mentioned,yes_explicit,not_mentioned,none,no
Eric A Probable NDE 6688,nderf,data\nderf\03326_eric-a-probable-nde-6688.json,Ohkado,1,False,False,True,not_your_time,implied,no,no,not_mentioned,not_mentioned,implied,not_mentioned,not_mentioned,no
Matt T NDE 6689,nderf,data\nderf\03327_matt-t-nde-6689.json,Ohkado,2,False,False,True,other,no,no,implied,not_mentioned,not_mentioned,not_mentioned,not_mentioned,not_mentioned,no
Kathy K NDE 6694,nderf,data\nderf\03331_kathy-k-nde-6694.json,Ohkado,1,False,False,True,not_mentioned,no,no,no,not_mentioned,not_mentioned,implied,not_mentioned,none,no
Catherine NDE 6697,nderf,data\nderf\03333_catherine-nde-6697.json,Ohkado,1,False,False,True,no_reason_given,no,no,no,not_mentioned,not_mentioned,yes_explicit,no,not_mentioned,no
Marina R Probable NDE 6702,nderf,data\nderf\03335_marina-r-probable-nde-6702.json,Ohkado,3,False,False,True,not_mentioned,no,no,yes_explicit,not_mentioned,not_mentioned,yes_explicit,implied,not_mentioned,no
Bonnie C NDE 6713,nderf,data\nderf\03338_bonnie-c-nde-6713.json,Ohkado,2,False,False,True,family_responsibility,yes_explicit,no,not_mentioned,not_mentioned,spiritual_realm,implied,explicit,none,no
Frank G FDE 6714 NDE 6714,nderf,data\nderf\03339_frank-g-fde-6714-nde-6714.json,Ohkado,1,False,False,True,other,no,no,no,not_mentioned,not_mentioned,implied,implied,not_mentioned,no
Clyde S NDE 6716,nderf,data\nderf\03341_clyde-s-nde-6716.json,Ohkado,1,False,False,True,no_reason_given,not_mentioned,not_mentioned,no,not_mentioned,spiritual_realm,not_mentioned,not_mentioned,not_mentioned,no
Connie F NDE 6719,nderf,data\nderf\03344_connie-f-nde-6719.json,Ohkado,1,False,False,True,no_reason_given,no,no,no,not_mentioned,not_mentioned,implied,no,none,no
Jenny S NDE 5449,nderf,data\nderf\03348_jenny-s-nde-5449.json,Ohkado,2,False,False,True,not_mentioned,no,no,no,not_mentioned,spiritual_realm,implied,explicit,not_mentioned,no
Laura NDE 6743,nderf,data\nderf\03358_laura-nde-6743.json,Ohkado,1,False,False,True,no_reason_given,not_mentioned,not_mentioned,not_mentioned,not_mentioned,spiritual_realm,not_mentioned,explicit,not_mentioned,not_mentioned
Kale M NDE 6745,nderf,data\nderf\03359_kale-m-nde-6745.json,Ohkado,1,False,False,True,not_mentioned,not_mentioned,not_mentioned,not_mentioned,not_mentioned,not_mentioned,yes_explicit,not_mentioned,not_mentioned,not_mentioned
Deborah W NDE 6758,nderf,data\nderf\03367_deborah-w-nde-6758.json,Ohkado,2,False,False,True,other,no,no,no,not_mentioned,spiritual_realm,yes_explicit,not_mentioned,not_mentioned,no
Shana S NDE 6790,nderf,data\nderf\03386_shana-s-nde-6790.json,Ohkado,4,False,False,True,not_mentioned,implied,not_mentioned,yes_explicit,not_mentioned,spiritual_realm,yes_explicit,not_mentioned,not_mentioned,not_mentioned
Garry R NDE 6802,nderf,data\nderf\03389_garry-r-nde-6802.json,Ohkado,1,False,False,True,not_mentioned,no,no,no,not_mentioned,not_mentioned,implied,not_mentioned,none,no
Tonja BB NDE 6806,nderf,data\nderf\03392_tonja-bb-nde-6806.json,Ohkado,2,False,False,True,no_reason_given,no,no,not_mentioned,not_mentioned,spiritual_realm,implied,explicit,not_mentioned,not_mentioned
Nichole S Probable NDE 6810,nderf,data\nderf\03393_nichole-s-probable-nde-6810.json,Ohkado,1,False,False,True,not_your_time,no,no,no,not_mentioned,not_mentioned,yes_explicit,not_mentioned,not_mentioned,no
Martin J NDE 6813,nderf,data\nderf\03396_martin-j-nde-6813.json,Ohkado,1,False,False,True,not_your_time,implied,no,no,not_mentioned,spiritual_realm,not_mentioned,not_mentioned,none,no
Dr. Bell C NDE 16052,nderf,data\nderf\03401_dr-bell-c-nde-16052.json,Ohkado,2,False,False,True,other,implied,no,implied,not_mentioned,spiritual_realm,not_mentioned,explicit,not_mentioned,no
Marilyn C NDE 6829,nderf,data\nderf\03406_marilyn-c-nde-6829.json,Ohkado,1,False,False,True,no_reason_given,no,no,no,not_mentioned,not_mentioned,yes_explicit,not_mentioned,not_mentioned,no
Curtis P Probable NDE 6845,nderf,data\nderf\03416_curtis-p-probable-nde-6845.json,Ohkado,1,False,False,True,not_your_time,implied,no,no,not_mentioned,spiritual_realm,not_mentioned,explicit,not_mentioned,no
Lourdes L NDE 6785,nderf,data\nderf\03424_lourdes-l-nde-6785.json,Ohkado,1,False,False,True,no_reason_given,no,no,no,not_mentioned,spiritual_realm,not_mentioned,explicit,not_mentioned,no
Sarah NDE 6863,nderf,data\nderf\03430_sarah-nde-6863.json,Ohkado,2,False,False,True,no_reason_given,no,no,no,not_mentioned,spiritual_realm,implied,explicit,not_mentioned,no
Blanca A NDE 6867,nderf,data\nderf\03436_blanca-a-nde-6867.json,Ohkado,1,False,False,True,family_responsibility,implied,no,no,not_mentioned,not_mentioned,yes_explicit,implied,not_mentioned,no
Olivia S NDE 6871,nderf,data\nderf\03437_olivia-s-nde-6871.json,Ohkado,1,False,False,True,not_mentioned,no,no,no,not_mentioned,not_mentioned,implied,not_mentioned,not_mentioned,no
Maria SV NDE 6881,nderf,data\nderf\03442_maria-sv-nde-6881.json,Ohkado,1,False,False,True,family_responsibility,yes_explicit,no,no,not_mentioned,spiritual_realm,not_mentioned,explicit,not_mentioned,no
Joan LH NDE 6896,nderf,data\nderf\03452_joan-lh-nde-6896.json,Ohkado,1,False,False,True,not_mentioned,no,no,no,not_mentioned,not_mentioned,implied,not_mentioned,not_mentioned,no
Petra W NDE 6897,nderf,data\nderf\03453_petra-w-nde-6897.json,Ohkado,2,False,False,True,other,not_mentioned,not_mentioned,implied,chose_mission,not_mentioned,not_mentioned,not_mentioned,not_mentioned,not_mentioned
Nurse NDE 6900,nderf,data\nderf\03454_nurse-nde-6900.json,Ohkado,1,False,False,True,not_your_time,no,no,no,not_mentioned,not_mentioned,yes_explicit,not_mentioned,not_mentioned,no
Sarah LG NDE 6907,nderf,data\nderf\03462_sarah-lg-nde-6907.json,Ohkado,1,False,False,True,not_your_time,no,no,no,not_mentioned,not_mentioned,implied,not_mentioned,not_mentioned,no
Benita H Possible NDE 6916,nderf,data\nderf\03467_benita-h-possible-nde-6916.json,Ohkado,2,False,False,True,not_your_time,no,no,no,not_mentioned,spiritual_realm,yes_explicit,not_mentioned,not_mentioned,no
Jessie S Probable NDE 6917,nderf,data\nderf\03468_jessie-s-probable-nde-6917.json,Ohkado,1,False,False,True,family_responsibility,no,no,no,not_mentioned,spiritual_realm,not_mentioned,explicit,not_mentioned,no
Atlanta NDE 6925,nderf,data\nderf\03473_atlanta-nde-6925.json,Ohkado,1,False,False,True,not_your_time,no,no,no,not_mentioned,not_mentioned,implied,explicit,not_mentioned,no
Isabel RM Possible NDE 6920,nderf,data\nderf\03476_isabel-rm-possible-nde-6920.json,Ohkado,1,False,False,True,not_mentioned,implied,no,no,not_mentioned,not_mentioned,yes_explicit,implied,not_mentioned,no
Marc O NDE 6931,nderf,data\nderf\03477_marc-o-nde-6931.json,Ohkado,1,False,False,True,no_reason_given,no,no,no,not_mentioned,not_mentioned,implied,no,not_mentioned,no
Sandrine W NDE 6932,nderf,data\nderf\03478_sandrine-w-nde-6932.json,Ohkado,1,False,False,True,no_reason_given,not_mentioned,not_mentioned,not_mentioned,not_mentioned,not_mentioned,implied,not_mentioned,not_mentioned,not_mentioned
Lael NDE 6939/899,nderf,data\nderf\03482_lael-nde-6939.json,Ohkado,1,False,False,True,not_your_time,no,no,no,not_mentioned,not_mentioned,yes_explicit,not_mentioned,not_mentioned,no
Andrea V Probable NDE 6934,nderf,data\nderf\03484_andrea-v-probable-nde-6934.json,Ohkado,1,False,False,True,not_your_time,not_mentioned,not_mentioned,no,not_mentioned,spiritual_realm,not_mentioned,explicit,none,no
Wanda T NDE 6944,nderf,data\nderf\03487_wanda-t-nde-6944.json,Ohkado,1,False,False,True,family_responsibility,no,no,not_mentioned,not_mentioned,not_mentioned,implied,not_mentioned,not_mentioned,not_mentioned
Kelly Q Probable NDE 6951,nderf,data\nderf\03492_kelly-q-probable-nde-6951.json,Ohkado,1,False,False,True,other,not_mentioned,not_mentioned,not_mentioned,not_mentioned,not_mentioned,implied,not_mentioned,not_mentioned,not_mentioned
Kathryn H NDE 6975,nderf,data\nderf\03508_kathryn-h-nde-6975.json,Ohkado,2,False,False,True,not_mentioned,implied,no,no,not_mentioned,spiritual_realm,implied,explicit,not_mentioned,no
Dawn W Possible NDE 6977,nderf,data\nderf\03510_dawn-w-possible-nde-6977.json,Ohkado,1,False,False,True,other,implied,no,no,not_mentioned,not_mentioned,yes_explicit,not_mentioned,not_mentioned,no
Debra B Probable NDE 6981,nderf,data\nderf\03513_debra-b-probable-nde-6981.json,Ohkado,1,False,False,True,family_responsibility,no,no,no,not_mentioned,spiritual_realm,not_mentioned,not_mentioned,not_mentioned,no
Lisa T NDEs 6988 NDE 6988,nderf,data\nderf\03519_lisa-t-ndes-6988-nde-6988.json,Ohkado,1,False,False,True,no_reason_given,no,no,no,not_mentioned,not_mentioned,yes_explicit,not_mentioned,not_mentioned,no
Yazmine S NDE 6992,nderf,data\nderf\03521_yazmine-s-nde-6992.json,Ohkado,1,False,False,True,not_your_time,not_mentioned,no,not_mentioned,not_mentioned,not_mentioned,yes_explicit,not_mentioned,not_mentioned,not_mentioned
Adrian B Possible NDE 16067,nderf,data\nderf\03525_adrian-b-possible-nde-16067.json,Ohkado,1,False,False,True,family_responsibility,not_mentioned,not_mentioned,not_mentioned,not_mentioned,not_mentioned,implied,not_mentioned,not_mentioned,not_mentioned
John V Probable NDE 7025,nderf,data\nderf\03533_john-v-probable-nde-7025.json,Ohkado,1,False,False,True,other,not_mentioned,not_mentioned,not_mentioned,not_mentioned,spiritual_realm,not_mentioned,implied,not_mentioned,not_mentioned
Danee C NDE 7048,nderf,data\nderf\03549_danee-c-nde-7048.json,Ohkado,1,False,False,True,not_mentioned,no,no,no,not_mentioned,not_mentioned,yes_explicit,not_mentioned,not_mentioned,no
Eruera M NDE 7053,nderf,data\nderf\03554_eruera-m-nde-7053.json,Ohkado,2,False,False,True,other,no,no,not_mentioned,not_mentioned,spiritual_realm,yes_explicit,explicit,not_mentioned,not_mentioned
Donald C NDE 7060,nderf,data\nderf\03556_donald-c-nde-7060.json,Ohkado,1,False,False,True,family_responsibility,yes_explicit,no,no,not_mentioned,not_mentioned,implied,not_mentioned,not_mentioned,no
Harris B NDE 7074,nderf,data\nderf\03562_harris-b-nde-7074.json,Ohkado,1,False,False,True,family_responsibility,no,no,no,not_mentioned,not_mentioned,yes_explicit,not_mentioned,not_mentioned,no
Martin S Possible NDE 7079,nderf,data\nderf\03563_martin-s-possible-nde-7079.json,Ohkado,1,False,False,True,family_responsibility,no,no,no,not_mentioned,not_mentioned,implied,not_mentioned,not_mentioned,no
Laurence D NDE 7071,nderf,data\nderf\03566_laurence-d-nde-7071.json,Ohkado,1,False,False,True,no_reason_given,no,no,no,not_mentioned,not_mentioned,implied,no,not_mentioned,no
Angelo G Probable NDE 5460,nderf,data\nderf\03568_angelo-g-probable-nde-5460.json,Ohkado,2,False,False,True,family_responsibility,implied,no,yes_explicit,not_mentioned,not_mentioned,implied,not_mentioned,not_mentioned,not_mentioned
Lana L Possible NDE 7038,nderf,data\nderf\03577_lana-l-possible-nde-7038.json,Ohkado,1,False,False,True,not_mentioned,not_mentioned,not_mentioned,not_mentioned,not_mentioned,not_mentioned,implied,not_mentioned,not_mentioned,not_mentioned
Brandon C NDE 7095,nderf,data\nderf\03581_brandon-c-nde-7095.json,Ohkado,1,False,False,True,no_reason_given,no,no,no,not_mentioned,not_mentioned,implied,not_mentioned,not_mentioned,not_mentioned
Nigel O NDE 7098/9032 NDE 9032,nderf,data\nderf\03583_nigel-o-nde-7098-9032-nde-9032.json,Ohkado,3,False,False,True,family_responsibility,yes_explicit,no,yes_explicit,not_mentioned,spiritual_realm,yes_explicit,explicit,none,no
Lauren K NDE 7116,nderf,data\nderf\03596_lauren-k-nde-7116.json,Ohkado,1,False,False,True,family_responsibility,implied,no,no,not_mentioned,not_mentioned,implied,not_mentioned,not_mentioned,no
Ron K NDE 32286,nderf,data\nderf\03600_ron-k-nde-32286.json,Ohkado,1,False,False,True,family_responsibility,no,not_mentioned,no,not_mentioned,not_mentioned,yes_explicit,not_mentioned,not_mentioned,no
Beata M Probable NDE 7123,nderf,data\nderf\03602_beata-m-probable-nde-7123.json,Ohkado,2,False,False,True,not_your_time,implied,no,no,not_mentioned,spiritual_realm,implied,implied,not_mentioned,no
Marie M Possible NDE 7136,nderf,data\nderf\03608_marie-m-possible-nde-7136.json,Ohkado,1,False,False,True,not_mentioned,not_mentioned,not_mentioned,no,not_mentioned,not_mentioned,implied,not_mentioned,not_mentioned,no
Ellen F Probable NDE 7137,nderf,data\nderf\03609_ellen-f-probable-nde-7137.json,Ohkado,1,False,False,True,other,no,no,no,not_mentioned,not_mentioned,implied,no,not_mentioned,no
Jane O Probable NDE 7140,nderf,data\nderf\03610_jane-o-probable-nde-7140.json,Ohkado,1,False,False,True,not_mentioned,no,no,no,not_mentioned,not_mentioned,yes_explicit,not_mentioned,none,no
Fabio G NDE 5463,nderf,data\nderf\03612_fabio-g-nde-5463.json,Ohkado,1,False,False,True,other,no,no,no,not_mentioned,not_mentioned,implied,not_mentioned,none,no
Silvia C Possible NDE 5462,nderf,data\nderf\03613_silvia-c-possible-nde-5462.json,Ohkado,2,False,False,True,not_your_time,no,no,no,not_mentioned,spiritual_realm,implied,implied,not_mentioned,no
Romy NDE 7153,nderf,data\nderf\03620_romy-nde-7153.json,Ohkado,1,False,False,True,not_mentioned,not_mentioned,no,no,not_mentioned,not_mentioned,yes_explicit,not_mentioned,not_mentioned,no
Kathy VB NDE 7157,nderf,data\nderf\03623_kathy-vb-nde-7157.json,Ohkado,3,False,False,True,not_mentioned,no,no,yes_explicit,not_mentioned,not_mentioned,implied,not_mentioned,not_mentioned,no
John K STE 7161 NDE 7161,nderf,data\nderf\03628_john-k-ste-7161-nde-7161.json,Ohkado,3,False,False,True,not_mentioned,no,no,implied,not_mentioned,spiritual_realm,implied,explicit,not_mentioned,no
Abigail K Probable NDE 7163,nderf,data\nderf\03629_abigail-k-probable-nde-7163.json,Ohkado,2,False,False,True,other,yes_explicit,no,no,not_mentioned,spiritual_realm,implied,explicit,not_mentioned,no
Heidi C Probable NDE 7164,nderf,data\nderf\03630_heidi-c-probable-nde-7164.json,Ohkado,2,False,False,True,no_reason_given,no,no,no,not_mentioned,spiritual_realm,implied,explicit,not_mentioned,no
Daniel M Probable NDE 7174,nderf,data\nderf\03637_daniel-m-probable-nde-7174.json,Ohkado,1,False,False,True,not_your_time,not_mentioned,not_mentioned,not_mentioned,not_mentioned,not_mentioned,implied,not_mentioned,not_mentioned,not_mentioned
Lauren NDE 7184,nderf,data\nderf\03644_lauren-nde-7184.json,Ohkado,1,False,False,True,family_responsibility,not_mentioned,not_mentioned,not_mentioned,not_mentioned,not_mentioned,implied,no,not_mentioned,not_mentioned
Ronnie D NDE 7188,nderf,data\nderf\03645_ronnie-d-nde-7188.json,Ohkado,1,False,False,True,family_responsibility,no,no,no,not_mentioned,not_mentioned,implied,not_mentioned,not_mentioned,no
Teresa P NDE 7191,nderf,data\nderf\03646_teresa-p-nde-7191.json,Ohkado,1,False,False,True,no_reason_given,no,no,no,not_mentioned,not_mentioned,yes_explicit,not_mentioned,not_mentioned,no
Hannah F NDE 7202,nderf,data\nderf\03655_hannah-f-nde-7202.json,Ohkado,3,False,False,True,no_reason_given,no,no,implied,not_mentioned,spiritual_realm,implied,explicit,not_mentioned,no
Nicolas F NDE 7204,nderf,data\nderf\03659_nicolas-f-nde-7204.json,Ohkado,1,False,False,True,family_responsibility,implied,no,no,not_mentioned,not_mentioned,implied,not_mentioned,not_mentioned,no
Lesley H Possible NDE 7213,nderf,data\nderf\03665_lesley-h-possible-nde-7213.json,Ohkado,1,False,False,True,other,no,no,no,not_mentioned,spiritual_realm,not_mentioned,implied,not_mentioned,no
Marisol S NDE 7222,nderf,data\nderf\03671_marisol-s-nde-7222.json,Ohkado,1,False,False,True,no_reason_given,not_mentioned,no,not_mentioned,not_mentioned,not_mentioned,implied,no,not_mentioned,not_mentioned
Nicole E Friend Experience 32304 NDE 32304,nderf,data\nderf\03679_nicole-e-friend-experience-32304-nde-32304.json,Ohkado,3,False,False,True,not_mentioned,not_mentioned,not_mentioned,yes_explicit,not_mentioned,not_mentioned,yes_explicit,not_mentioned,not_mentioned,no
Penny C NDE 7234,nderf,data\nderf\03680_penny-c-nde-7234.json,Ohkado,1,False,False,True,not_your_time,not_mentioned,not_mentioned,not_mentioned,not_mentioned,not_mentioned,yes_explicit,implied,not_mentioned,not_mentioned
Brenda R NDE 7245,nderf,data\nderf\03688_brenda-r-nde-7245.json,Ohkado,1,False,False,True,family_responsibility,no,no,no,not_mentioned,not_mentioned,implied,implied,not_mentioned,no
Sherrye KS Probable NDE 7246,nderf,data\nderf\03689_sherrye-ks-probable-nde-7246.json,Ohkado,2,False,False,True,not_your_time,implied,no,no,not_mentioned,spiritual_realm,yes_explicit,explicit,none,no
Hamad A NDE 16072,nderf,data\nderf\03693_hamad-a-nde-16072.json,Ohkado,1,False,False,True,other,no,no,no,not_mentioned,not_mentioned,implied,not_mentioned,not_mentioned,no
Sabina Possible NDE 7261,nderf,data\nderf\03697_sabina-possible-nde-7261.json,Ohkado,1,False,False,True,not_your_time,no,no,no,not_mentioned,not_mentioned,implied,implied,not_mentioned,no
Michael Joseph NDE 7210,nderf,data\nderf\03700_michael-joseph-nde-7210.json,Ohkado,1,False,False,True,family_responsibility,not_mentioned,not_mentioned,not_mentioned,not_mentioned,not_mentioned,implied,not_mentioned,not_mentioned,not_mentioned
Kat P Probable NDE 7269,nderf,data\nderf\03703_kat-p-probable-nde-7269.json,Ohkado,1,False,False,True,family_responsibility,not_mentioned,not_mentioned,not_mentioned,not_mentioned,spiritual_realm,not_mentioned,not_mentioned,not_mentioned,not_mentioned
Jo B NDE 7275,nderf,data\nderf\03706_jo-b-nde-7275.json,Ohkado,1,False,False,True,family_responsibility,no,no,no,not_mentioned,not_mentioned,implied,not_mentioned,not_mentioned,no
Paul Probable NDE 7309,nderf,data\nderf\03719_paul-probable-nde-7309.json,Ohkado,1,False,False,True,not_your_time,not_mentioned,no,not_mentioned,not_mentioned,spiritual_realm,not_mentioned,explicit,not_mentioned,not_mentioned
Yamen Probable NDE 5468,nderf,data\nderf\03720_yamen-probable-nde-5468.json,Ohkado,1,False,False,True,no_reason_given,no,no,not_mentioned,not_mentioned,not_mentioned,yes_explicit,not_mentioned,not_mentioned,not_mentioned
Alta NDE 7318,nderf,data\nderf\03725_alta-nde-7318.json,Ohkado,1,False,False,True,not_mentioned,no,no,no,not_mentioned,not_mentioned,implied,not_mentioned,not_mentioned,no
Marie W NDE 7325,nderf,data\nderf\03730_marie-w-nde-7325.json,Ohkado,1,False,False,True,other,not_mentioned,no,no,not_mentioned,not_mentioned,yes_explicit,not_mentioned,none,no
Cassandra P NDE 7331,nderf,data\nderf\03733_cassandra-p-nde-7331.json,Ohkado,1,False,False,True,family_responsibility,no,no,no,not_mentioned,not_mentioned,implied,not_mentioned,none,no
Olivia E NDE 7342/8294,nderf,data\nderf\03738_olivia-e-nde-7342-8294.json,Ohkado,1,False,False,True,not_mentioned,not_mentioned,not_mentioned,no,not_mentioned,not_mentioned,implied,not_mentioned,not_mentioned,no
Gary J NDE 7346,nderf,data\nderf\03739_gary-j-nde-7346.json,Ohkado,1,False,False,True,family_responsibility,implied,no,no,not_mentioned,not_mentioned,implied,implied,not_mentioned,no
Henrietta J NDE 7358,nderf,data\nderf\03743_henrietta-j-nde-7358.json,Ohkado,1,False,False,True,family_responsibility,yes_explicit,no,no,not_mentioned,spiritual_realm,not_mentioned,explicit,not_mentioned,no
Donna GV NDE 7362,nderf,data\nderf\03745_donna-gv-nde-7362.json,Ohkado,1,False,False,True,not_your_time,yes_explicit,no,no,not_mentioned,spiritual_realm,not_mentioned,implied,not_mentioned,no
Don D NDE 16073,nderf,data\nderf\03748_don-d-nde-16073.json,Ohkado,2,False,False,True,no_reason_given,no,no,no,not_mentioned,spiritual_realm,yes_explicit,explicit,not_mentioned,no
Wendy G NDE 7373,nderf,data\nderf\03753_wendy-g-nde-7373.json,Ohkado,1,False,False,True,not_your_time,yes_explicit,no,no,not_mentioned,spiritual_realm,not_mentioned,explicit,not_mentioned,no
Ricardo AH NDE 7379,nderf,data\nderf\03754_ricardo-ah-nde-7379.json,Ohkado,1,False,False,True,no_reason_given,implied,no,no,not_mentioned,not_mentioned,implied,not_mentioned,not_mentioned,no
Margaret R Possible NDE 7383,nderf,data\nderf\03755_margaret-r-possible-nde-7383.json,Ohkado,1,False,False,True,not_mentioned,implied,no,implied,not_mentioned,not_mentioned,not_mentioned,not_mentioned,not_mentioned,no
David B NDE 7395,nderf,data\nderf\03763_david-b-nde-7395.json,Ohkado,1,False,False,True,not_your_time,yes_explicit,no,no,not_mentioned,spiritual_realm,not_mentioned,explicit,not_mentioned,no
Rhea S Probable NDE 7399,nderf,data\nderf\03766_rhea-s-probable-nde-7399.json,Ohkado,1,False,False,True,family_responsibility,not_mentioned,not_mentioned,not_mentioned,not_mentioned,spiritual_realm,not_mentioned,not_mentioned,not_mentioned,not_mentioned
Monika NDE 7398,nderf,data\nderf\03767_monika-nde-7398.json,Ohkado,2,False,False,True,not_your_time,no,no,no,not_mentioned,spiritual_realm,implied,explicit,not_mentioned,not_mentioned
Elle D NDE 7413,nderf,data\nderf\03772_elle-d-nde-7413.json,Ohkado,2,False,False,True,not_mentioned,no,no,yes_explicit,not_mentioned,not_mentioned,yes_explicit,not_mentioned,none,no
Luis H NDE 7415,nderf,data\nderf\03773_luis-h-nde-7415.json,Ohkado,1,False,False,True,not_your_time,yes_explicit,no,no,not_mentioned,spiritual_realm,not_mentioned,explicit,not_mentioned,no
Lisa M Probable NDE 7420,nderf,data\nderf\03776_lisa-m-probable-nde-7420.json,Ohkado,1,False,False,True,other,no,no,no,not_mentioned,not_mentioned,implied,not_mentioned,not_mentioned,no
Raymond O NDEs 7423 NDE 7423,nderf,data\nderf\03778_raymond-o-ndes-7423-nde-7423.json,Ohkado,1,False,False,True,not_mentioned,no,no,no,not_mentioned,spiritual_realm,not_mentioned,explicit,not_mentioned,no
Juanita NDE-Like Experience 7377 NDE 7377,nderf,data\nderf\03780_juanita-nde-like-experience-7377-nde-7377.json,Ohkado,1,False,False,True,not_your_time,no,no,no,not_mentioned,not_mentioned,implied,not_mentioned,not_mentioned,no
Victoria W Probable NDE 7431,nderf,data\nderf\03783_victoria-w-probable-nde-7431.json,Ohkado,1,False,False,True,family_responsibility,no,not_mentioned,not_mentioned,not_mentioned,spiritual_realm,not_mentioned,explicit,not_mentioned,not_mentioned
Joan S FDE 7435 NDE 7435,nderf,data\nderf\03786_joan-s-fde-7435-nde-7435.json,Ohkado,1,False,False,True,not_mentioned,not_mentioned,no,no,not_mentioned,not_mentioned,implied,not_mentioned,not_mentioned,no
Farrah NDE 7439,nderf,data\nderf\03789_farrah-nde-7439.json,Ohkado,1,False,False,True,no_reason_given,not_mentioned,not_mentioned,not_mentioned,not_mentioned,not_mentioned,implied,not_mentioned,not_mentioned,not_mentioned
Marney N NDE 7442,nderf,data\nderf\03791_marney-n-nde-7442.json,Ohkado,1,False,False,True,not_mentioned,not_mentioned,not_mentioned,no,not_mentioned,spiritual_realm,not_mentioned,explicit,not_mentioned,no
Vernon C NDE 7443,nderf,data\nderf\03792_vernon-c-nde-7443.json,Ohkado,1,False,False,True,no_reason_given,not_mentioned,no,no,not_mentioned,not_mentioned,implied,not_mentioned,not_mentioned,no
Bronwen C NDE 7446,nderf,data\nderf\03794_bronwen-c-nde-7446.json,Ohkado,1,False,False,True,other,implied,no,no,not_mentioned,not_mentioned,implied,not_mentioned,not_mentioned,no
Valeria M NDE 7447,nderf,data\nderf\03798_valeria-m-nde-7447.json,Ohkado,1,False,False,True,no_reason_given,no,no,no,not_mentioned,not_mentioned,implied,not_mentioned,not_mentioned,no
Rhonda M NDE 7468,nderf,data\nderf\03810_rhonda-m-nde-7468.json,Ohkado,1,False,False,True,no_reason_given,no,no,not_mentioned,not_mentioned,not_mentioned,implied,not_mentioned,not_mentioned,not_mentioned
Mona Lisa R NDE 7474,nderf,data\nderf\03815_mona-lisa-r-nde-7474.json,Ohkado,1,False,False,True,not_mentioned,no,no,no,not_mentioned,not_mentioned,implied,not_mentioned,not_mentioned,no
Dr. Jean Renee H NDE 7481,nderf,data\nderf\03816_dr-jean-renee-h-nde-7481.json,Ohkado,2,False,False,True,not_your_time,no,no,no,not_mentioned,spiritual_realm,implied,implied,not_mentioned,no
Paulo JF NDE 7409,nderf,data\nderf\03818_paulo-jf-nde-7409.json,Ohkado,1,False,False,True,not_your_time,implied,no,not_mentioned,not_mentioned,not_mentioned,implied,not_mentioned,not_mentioned,not_mentioned
Akshatha K NDE 7484,nderf,data\nderf\03820_akshatha-k-nde-7484.json,Ohkado,1,False,False,True,no_reason_given,no,no,no,not_mentioned,not_mentioned,implied,not_mentioned,not_mentioned,no
Debbi ER Probable NDE 7500,nderf,data\nderf\03829_debbi-er-probable-nde-7500.json,Ohkado,1,False,False,True,not_your_time,not_mentioned,no,no,not_mentioned,not_mentioned,yes_explicit,not_mentioned,not_mentioned,no
Fabien N NDE 7502,nderf,data\nderf\03832_fabien-n-nde-7502.json,Ohkado,1,False,False,True,not_mentioned,not_mentioned,not_mentioned,not_mentioned,not_mentioned,not_mentioned,implied,not_mentioned,not_mentioned,not_mentioned
Michael M Probable NDE 7504,nderf,data\nderf\03833_michael-m-probable-nde-7504.json,Ohkado,1,False,False,True,no_reason_given,no,no,no,not_mentioned,spiritual_realm,not_mentioned,explicit,not_mentioned,no
Valeria I Possible NDE 439,nderf,data\nderf\03836_valeria-i-possible-nde.json,Ohkado,1,False,False,True,family_responsibility,not_mentioned,no,no,not_mentioned,not_mentioned,implied,not_mentioned,not_mentioned,no
Jennifer J NDEs 7510 NDE 7510,nderf,data\nderf\03838_jennifer-j-ndes-7510-nde-7510.json,Ohkado,1,False,False,True,family_responsibility,not_mentioned,no,not_mentioned,not_mentioned,not_mentioned,implied,not_mentioned,not_mentioned,no
Arshan NDE 16074,nderf,data\nderf\03839_arshan-nde-16074.json,Ohkado,1,False,False,True,other,no,no,no,not_mentioned,not_mentioned,implied,not_mentioned,none,no
Erik C NDE 7513,nderf,data\nderf\03841_erik-c-nde-7513.json,Ohkado,1,False,False,True,not_your_time,implied,no,no,not_mentioned,spiritual_realm,not_mentioned,not_mentioned,not_mentioned,no
Jennifer W NDE 7516,nderf,data\nderf\03843_jennifer-w-nde-7516.json,Ohkado,2,False,False,True,no_reason_given,not_mentioned,not_mentioned,no,not_mentioned,spiritual_realm,yes_explicit,not_mentioned,not_mentioned,no
Matthew H Probable NDE 7520,nderf,data\nderf\03846_matthew-h-probable-nde-7520.json,Ohkado,1,False,False,True,other,implied,no,no,not_mentioned,not_mentioned,implied,no,not_mentioned,not_mentioned
Leonard K NDE 7526,nderf,data\nderf\03852_leonard-k-nde-7526.json,Ohkado,2,False,False,True,family_responsibility,no,no,not_mentioned,not_mentioned,spiritual_realm,yes_explicit,implied,not_mentioned,no
Yvonne N Probable NDE 7527,nderf,data\nderf\03853_yvonne-n-probable-nde-7527.json,Ohkado,2,False,False,True,other,no,no,no,not_mentioned,spiritual_realm,yes_explicit,explicit,not_mentioned,no
Jeanne ZS NDE 7537,nderf,data\nderf\03859_jeanne-zs-nde-7537.json,Ohkado,1,False,False,True,family_responsibility,no,no,no,not_mentioned,not_mentioned,yes_explicit,not_mentioned,not_mentioned,no
Jeffrey B NDE 7548,nderf,data\nderf\03872_jeffrey-b-nde-7548.json,Ohkado,1,False,False,True,not_mentioned,not_mentioned,not_mentioned,no,not_mentioned,spiritual_realm,not_mentioned,explicit,not_mentioned,no
Shara G NDE 7549,nderf,data\nderf\03873_shara-g-nde-7549.json,Ohkado,1,False,False,True,not_your_time,no,no,no,not_mentioned,not_mentioned,implied,not_mentioned,none,no
Chanse R NDE 7574,nderf,data\nderf\03883_chanse-r-nde-7574.json,Ohkado,1,False,False,True,no_reason_given,no,no,no,not_mentioned,not_mentioned,yes_explicit,not_mentioned,not_mentioned,no
Scott W NDE 7578,nderf,data\nderf\03885_scott-w-nde-7578.json,Ohkado,2,False,False,True,not_your_time,not_mentioned,no,no,not_mentioned,spiritual_realm,implied,explicit,not_mentioned,no
Ana Cecilia G NDE 7572,nderf,data\nderf\03891_ana-cecilia-g-nde-7572.json,Ohkado,2,False,False,True,other,yes_explicit,no,no,not_mentioned,spiritual_realm,yes_explicit,explicit,not_mentioned,no
Mindy B NDE 7603,nderf,data\nderf\03898_mindy-b-nde-7603.json,Ohkado,1,False,False,True,family_responsibility,no,no,no,not_mentioned,spiritual_realm,not_mentioned,explicit,not_mentioned,no
Patrick VW Probable NDE 7609,nderf,data\nderf\03902_patrick-vw-probable-nde-7609.json,Ohkado,1,False,False,True,not_your_time,implied,no,no,not_mentioned,spiritual_realm,not_mentioned,explicit,not_mentioned,no
Janna T Possible NDE 7629,nderf,data\nderf\03914_janna-t-possible-nde-7629.json,Ohkado,1,False,False,True,no_reason_given,not_mentioned,not_mentioned,not_mentioned,not_mentioned,spiritual_realm,not_mentioned,explicit,not_mentioned,not_mentioned
Jennifer W Probable NDE 7645,nderf,data\nderf\03923_jennifer-w-probable-nde-7645.json,Ohkado,1,False,False,True,not_your_time,not_mentioned,not_mentioned,not_mentioned,not_mentioned,not_mentioned,implied,not_mentioned,not_mentioned,not_mentioned
Mrs. Grace NDE 7649,nderf,data\nderf\03925_mrs-grace-nde-7649.json,Ohkado,1,False,False,True,no_reason_given,no,no,no,not_mentioned,not_mentioned,yes_explicit,not_mentioned,not_mentioned,no
Joe H NDE 7650,nderf,data\nderf\03926_joe-h-nde-7650.json,Ohkado,1,False,False,True,not_mentioned,no,no,no,not_mentioned,not_mentioned,implied,not_mentioned,not_mentioned,not_mentioned
Tom A NDE 7656,nderf,data\nderf\03929_tom-a-nde-7656.json,Ohkado,1,False,False,True,other,yes_explicit,no,no,not_mentioned,spiritual_realm,not_mentioned,explicit,not_mentioned,no
Joanne L NDE 7658,nderf,data\nderf\03930_joanne-l-nde-7658.json,Ohkado,1,False,False,True,family_responsibility,no,no,no,not_mentioned,not_mentioned,implied,not_mentioned,not_mentioned,no
Bobby HR NDE 16075,nderf,data\nderf\03932_bobby-hr-nde-16075.json,Ohkado,2,False,False,True,not_mentioned,not_mentioned,not_mentioned,not_mentioned,not_mentioned,spiritual_realm,implied,explicit,not_mentioned,not_mentioned
Angela M Possible NDE 7663,nderf,data\nderf\03933_angela-m-possible-nde-7663.json,Ohkado,2,False,False,True,no_reason_given,no,no,no,not_mentioned,spiritual_realm,yes_explicit,explicit,not_mentioned,not_mentioned
Nancy R NDEs 7674 NDE 7674,nderf,data\nderf\03942_nancy-r-ndes-7674-nde-7674.json,Ohkado,1,False,False,True,not_your_time,yes_explicit,no,not_mentioned,not_mentioned,spiritual_realm,not_mentioned,not_mentioned,not_mentioned,not_mentioned
Kim B NDE 7675,nderf,data\nderf\03943_kim-b-nde-7675.json,Ohkado,1,False,False,True,not_mentioned,implied,no,no,not_mentioned,spiritual_realm,not_mentioned,explicit,not_mentioned,no
Neha S NDE 7676,nderf,data\nderf\03944_neha-s-nde-7676.json,Ohkado,1,False,False,True,not_mentioned,implied,no,no,not_mentioned,spiritual_realm,not_mentioned,explicit,not_mentioned,not_mentioned
Faith M NDE 16077,nderf,data\nderf\03946_faith-m-nde-16077.json,Ohkado,1,False,False,True,no_reason_given,no,no,no,not_mentioned,spiritual_realm,not_mentioned,not_mentioned,not_mentioned,no
Michael J NDE 7693,nderf,data\nderf\03952_michael-j-nde-7693.json,Ohkado,1,False,False,True,not_mentioned,no,no,no,not_mentioned,not_mentioned,implied,not_mentioned,none,no
Shanna L NDE 7700,nderf,data\nderf\03958_shanna-l-nde-7700.json,Ohkado,1,False,False,True,not_your_time,yes_explicit,no,no,not_mentioned,spiritual_realm,not_mentioned,explicit,not_mentioned,no
Udaya N NDE 7711,nderf,data\nderf\03964_udaya-n-nde-7711.json,Ohkado,2,False,False,True,no_reason_given,no,no,no,not_mentioned,spiritual_realm,yes_explicit,implied,none,no
Stephanie R NDE 7724,nderf,data\nderf\03974_stephanie-r-nde-7724.json,Ohkado,3,False,False,True,other,no,no,yes_explicit,not_mentioned,spiritual_realm,implied,implied,not_mentioned,no
Brian P NDE 7726,nderf,data\nderf\03976_brian-p-nde-7726.json,Ohkado,1,False,False,True,not_mentioned,no,no,no,not_mentioned,not_mentioned,implied,not_mentioned,not_mentioned,no
Ginny H NDE 7738,nderf,data\nderf\03983_ginny-h-nde-7738.json,Ohkado,1,False,False,True,not_your_time,no,no,no,not_mentioned,not_mentioned,implied,not_mentioned,not_mentioned,no
Barbara T NDEs 16082 NDE 16082,nderf,data\nderf\03984_barbara-t-ndes-16082-nde-16082.json,Ohkado,1,False,False,True,not_your_time,yes_explicit,no,no,not_mentioned,not_mentioned,yes_explicit,not_mentioned,not_mentioned,no
Frank H NDE 7740,nderf,data\nderf\03987_frank-h-nde-7740.json,Ohkado,1,False,False,True,no_reason_given,no,no,no,not_mentioned,not_mentioned,yes_explicit,no,not_mentioned,no
Jeanne MK NDE 7747,nderf,data\nderf\03994_jeanne-mk-nde-7747.json,Ohkado,1,False,False,True,family_responsibility,implied,no,no,not_mentioned,not_mentioned,yes_explicit,not_mentioned,not_mentioned,no
Fred B Ketamine 7748 NDE 7748,nderf,data\nderf\03995_fred-b-ketamine-7748-nde-7748.json,Ohkado,2,False,False,True,no_reason_given,implied,not_mentioned,implied,not_mentioned,spiritual_realm,not_mentioned,explicit,not_mentioned,no
Sergio S NDE 7751,nderf,data\nderf\03999_sergio-s-nde-7751.json,Ohkado,1,False,False,True,family_responsibility,no,no,no,not_mentioned,not_mentioned,implied,not_mentioned,not_mentioned,no
Emelie M Shared Death Experience 32380 NDE 32380,nderf,data\nderf\04000_emelie-m-shared-death-experience-32380-nde-32380.json,Ohkado,1,False,False,True,not_mentioned,no,no,no,not_mentioned,not_mentioned,implied,not_mentioned,not_mentioned,no
Adelheid L Probable NDE 7762,nderf,data\nderf\04010_adelheid-l-probable-nde-7762.json,Ohkado,1,False,False,True,not_mentioned,no,no,no,not_mentioned,spiritual_realm,not_mentioned,explicit,not_mentioned,no
Lisa F Probable NDE 7774,nderf,data\nderf\04014_lisa-f-probable-nde-7774.json,Ohkado,1,False,False,True,family_responsibility,no,no,no,not_mentioned,spiritual_realm,not_mentioned,not_mentioned,not_mentioned,no
Cristine H Experience 23053 NDE 23053,nderf,data\nderf\04019_cristine-h-experience-23053-nde-23053.json,Ohkado,2,False,False,True,no_reason_given,no,no,no,not_mentioned,spiritual_realm,yes_explicit,explicit,not_mentioned,no
William L NDE 7779,nderf,data\nderf\04022_william-l-nde-7779.json,Ohkado,2,False,False,True,no_reason_given,no,no,no,not_mentioned,spiritual_realm,implied,explicit,not_mentioned,no
Laura NDE 7804,nderf,data\nderf\04032_laura-nde-7804.json,Ohkado,2,False,False,True,no_reason_given,not_mentioned,not_mentioned,not_mentioned,not_mentioned,spiritual_realm,implied,explicit,not_mentioned,not_mentioned
Darcy L NDE 7815,nderf,data\nderf\04042_darcy-l-nde-7815.json,Ohkado,1,False,False,True,other,implied,no,not_mentioned,not_mentioned,not_mentioned,implied,not_mentioned,not_mentioned,not_mentioned
Kenneth F NDE 23065,nderf,data\nderf\04046_kenneth-f-nde-23065.json,Ohkado,1,False,False,True,no_reason_given,no,no,no,not_mentioned,not_mentioned,implied,implied,not_mentioned,no
John B NDE 7834,nderf,data\nderf\04050_john-b-nde-7834.json,Ohkado,2,False,False,True,no_reason_given,no,no,no,not_mentioned,spiritual_realm,implied,explicit,not_mentioned,no
Cristina NDE 7826,nderf,data\nderf\04051_cristina-nde-7826.json,Ohkado,2,False,False,True,no_reason_given,no,no,no,not_mentioned,spiritual_realm,yes_explicit,not_mentioned,none,no
Marie S Possible NDE 7835,nderf,data\nderf\04052_marie-s-possible-nde-7835.json,Ohkado,2,False,False,True,not_your_time,yes_explicit,no,not_mentioned,not_mentioned,spiritual_realm,implied,implied,not_mentioned,not_mentioned
Lisa S Probable NDE 7837,nderf,data\nderf\04054_lisa-s-probable-nde-7837.json,Ohkado,1,False,False,True,not_your_time,no,no,no,not_mentioned,not_mentioned,implied,not_mentioned,not_mentioned,no
Brian M Probable NDE 7849,nderf,data\nderf\04060_brian-m-probable-nde-7849.json,Ohkado,1,False,False,True,not_your_time,no,not_mentioned,not_mentioned,not_mentioned,spiritual_realm,not_mentioned,not_mentioned,not_mentioned,not_mentioned
Muriel N NDE 7852/7606 NDE 7606,nderf,data\nderf\04061_muriel-n-nde-7852-7606-nde-7606.json,Ohkado,1,False,False,True,family_responsibility,yes_explicit,no,no,not_mentioned,not_mentioned,implied,not_mentioned,not_mentioned,no
Dave M NDE 7853/8135 NDE 8135,nderf,data\nderf\04063_dave-m-nde-7853-8135-nde-8135.json,Ohkado,1,False,False,True,not_your_time,no,not_mentioned,not_mentioned,not_mentioned,not_mentioned,implied,not_mentioned,not_mentioned,not_mentioned
Philip S NDE 7855,nderf,data\nderf\04065_philip-s-nde-7855.json,Ohkado,2,False,False,True,not_your_time,implied,no,no,not_mentioned,spiritual_realm,implied,explicit,none,no
Cheryl G NDEs 7893 NDE 7893,nderf,data\nderf\04076_cheryl-g-ndes-7893-nde-7893.json,Ohkado,1,False,False,True,family_responsibility,no,not_mentioned,not_mentioned,not_mentioned,spiritual_realm,not_mentioned,explicit,not_mentioned,not_mentioned
Jamie L Probable NDE 7876,nderf,data\nderf\04077_jamie-l-probable-nde-7876.json,Ohkado,1,False,False,True,no_reason_given,not_mentioned,not_mentioned,not_mentioned,not_mentioned,not_mentioned,implied,not_mentioned,not_mentioned,not_mentioned
Anna BZ NDE 7889,nderf,data\nderf\04087_anna-bz-nde-7889.json,Ohkado,1,False,False,True,not_your_time,no,no,no,not_mentioned,not_mentioned,implied,no,not_mentioned,no
Donna C NDE 7896,nderf,data\nderf\04091_donna-c-nde-7896.json,Ohkado,1,False,False,True,family_responsibility,no,no,no,not_mentioned,spiritual_realm,not_mentioned,not_mentioned,none,no
Kylie A NDE 7910,nderf,data\nderf\04095_kylie-a-nde-7910.json,Ohkado,1,False,False,True,family_responsibility,no,no,no,not_mentioned,not_mentioned,implied,not_mentioned,not_mentioned,no
Andreas Probable NDE 7912,nderf,data\nderf\04096_andreas-probable-nde-7912.json,Ohkado,2,False,False,True,not_mentioned,no,no,no,not_mentioned,spiritual_realm,yes_explicit,explicit,not_mentioned,no
Debbie NDE 7913,nderf,data\nderf\04097_debbie-nde-7913.json,Ohkado,1,False,False,True,not_your_time,no,no,no,not_mentioned,spiritual_realm,not_mentioned,explicit,not_mentioned,no
Jonathan J NDE 7918,nderf,data\nderf\04102_jonathan-j-nde-7918.json,Ohkado,1,False,False,True,no_reason_given,no,no,no,not_mentioned,not_mentioned,implied,no,not_mentioned,no
Lawrance B NDE 7919,nderf,data\nderf\04103_lawrance-b-nde-7919.json,Ohkado,1,False,False,True,no_reason_given,no,no,no,not_mentioned,not_mentioned,yes_explicit,not_mentioned,not_mentioned,no
Sharon M NDE 7925,nderf,data\nderf\04107_sharon-m-nde-7925.json,Ohkado,2,False,False,True,not_mentioned,no,not_mentioned,no,not_mentioned,spiritual_realm,yes_explicit,implied,not_mentioned,not_mentioned
Anabela Maria C NDE 7957,nderf,data\nderf\04125_anabela-maria-c-nde-7957.json,Ohkado,1,False,False,True,no_reason_given,not_mentioned,not_mentioned,not_mentioned,not_mentioned,spiritual_realm,not_mentioned,explicit,not_mentioned,not_mentioned
Rick I NDE 7963,nderf,data\nderf\04128_rick-i-nde-7963.json,Ohkado,2,False,False,True,other,implied,no,implied,not_mentioned,spiritual_realm,not_mentioned,explicit,not_mentioned,no
Karen R NDE 23117,nderf,data\nderf\04136_karen-r-nde-23117.json,Ohkado,1,False,False,True,family_responsibility,no,no,not_mentioned,not_mentioned,not_mentioned,implied,not_mentioned,not_mentioned,not_mentioned
Mark Possible NDE 7976,nderf,data\nderf\04137_mark-possible-nde-7976.json,Ohkado,1,False,False,True,family_responsibility,no,no,no,not_mentioned,not_mentioned,implied,not_mentioned,not_mentioned,no
Steven D NDE 7981,nderf,data\nderf\04141_steven-d-nde-7981.json,Ohkado,2,False,False,True,not_mentioned,no,no,implied,not_mentioned,not_mentioned,not_mentioned,not_mentioned,not_mentioned,no
Banu U NDE 7985,nderf,data\nderf\04142_banu-u-nde-7985.json,Ohkado,1,False,False,True,no_reason_given,not_mentioned,not_mentioned,not_mentioned,not_mentioned,not_mentioned,implied,not_mentioned,not_mentioned,not_mentioned
Juana dB NDE 7999,nderf,data\nderf\04150_juana-db-nde-7999.json,Ohkado,1,False,False,True,no_reason_given,not_mentioned,not_mentioned,no,not_mentioned,spiritual_realm,not_mentioned,explicit,not_mentioned,no
James Y NDE 8007,nderf,data\nderf\04154_james-y-nde-8007.json,Ohkado,1,False,False,True,no_reason_given,not_mentioned,not_mentioned,not_mentioned,not_mentioned,spiritual_realm,not_mentioned,explicit,not_mentioned,not_mentioned
Davy Z Possible NDE 8004,nderf,data\nderf\04155_davy-z-possible-nde-8004.json,Ohkado,1,False,False,True,other,no,no,not_mentioned,not_mentioned,not_mentioned,implied,not_mentioned,not_mentioned,not_mentioned
Raed A NDE 8012,nderf,data\nderf\04159_raed-a-nde-8012.json,Ohkado,1,False,False,True,not_mentioned,not_mentioned,not_mentioned,yes_explicit,not_mentioned,not_mentioned,not_mentioned,not_mentioned,not_mentioned,not_mentioned
Tomasz M NDE 8001,nderf,data\nderf\04164_tomasz-m-nde-8001.json,Ohkado,1,False,False,True,not_mentioned,not_mentioned,not_mentioned,not_mentioned,not_mentioned,spiritual_realm,not_mentioned,explicit,not_mentioned,not_mentioned
Celso NDE 8022,nderf,data\nderf\04165_celso-nde-8022.json,Ohkado,1,False,False,True,no_reason_given,no,no,no,not_mentioned,not_mentioned,implied,not_mentioned,not_mentioned,no
Diana H NDE 8034,nderf,data\nderf\04174_diana-h-nde-8034.json,Ohkado,1,False,False,True,family_responsibility,yes_explicit,no,no,not_mentioned,spiritual_realm,not_mentioned,not_mentioned,not_mentioned,no
Renata W NDE 7996,nderf,data\nderf\04176_renata-w-nde-7996.json,Ohkado,1,False,False,True,not_your_time,no,no,no,not_mentioned,not_mentioned,implied,not_mentioned,not_mentioned,no
Lucie F Possible NDE 8040,nderf,data\nderf\04178_lucie-f-possible-nde-8040.json,Ohkado,2,False,False,True,not_mentioned,no,no,no,not_mentioned,spiritual_realm,yes_explicit,implied,not_mentioned,no
Brenda C NDE 8050,nderf,data\nderf\04183_brenda-c-nde-8050.json,Ohkado,1,False,False,True,family_responsibility,not_mentioned,not_mentioned,no,not_mentioned,not_mentioned,implied,not_mentioned,not_mentioned,no
Maria P NDE 8055,nderf,data\nderf\04187_maria-p-nde-8055.json,Ohkado,1,False,False,True,not_your_time,no,no,no,not_mentioned,spiritual_realm,not_mentioned,not_mentioned,not_mentioned,no
Marina P NDE-Like Experience 8059 NDE 8059,nderf,data\nderf\04193_marina-p-nde-like-experience-8059-nde-8059.json,Ohkado,1,False,False,True,no_reason_given,no,no,no,not_mentioned,spiritual_realm,not_mentioned,explicit,not_mentioned,no
Ali A NDE 8066,nderf,data\nderf\04197_ali-a-nde-8066.json,Ohkado,1,False,False,True,no_reason_given,not_mentioned,not_mentioned,not_mentioned,not_mentioned,not_mentioned,yes_explicit,not_mentioned,not_mentioned,not_mentioned
Melissa E FDE 8069 NDE 8069,nderf,data\nderf\04201_melissa-e-fde-8069-nde-8069.json,Ohkado,1,False,False,True,not_your_time,not_mentioned,no,no,not_mentioned,spiritual_realm,not_mentioned,explicit,not_mentioned,no
Belinda K NDE 8071,nderf,data\nderf\04203_belinda-k-nde-8071.json,Ohkado,1,False,False,True,family_responsibility,not_mentioned,no,no,not_mentioned,spiritual_realm,not_mentioned,not_mentioned,not_mentioned,no
Kohn A NDE 8078,nderf,data\nderf\04209_kohn-a-nde-8078.json,Ohkado,1,False,False,True,other,implied,no,no,not_mentioned,not_mentioned,implied,not_mentioned,none,no
Richy K Probable NDE 8084,nderf,data\nderf\04211_richy-k-probable-nde-8084.json,Ohkado,1,False,False,True,not_mentioned,not_mentioned,not_mentioned,not_mentioned,not_mentioned,not_mentioned,implied,not_mentioned,not_mentioned,not_mentioned
Tricia B NDE 8086,nderf,data\nderf\04213_tricia-b-nde-8086.json,Ohkado,1,False,False,True,other,implied,no,no,not_mentioned,not_mentioned,implied,not_mentioned,not_mentioned,no
Destiny C NDE 8087,nderf,data\nderf\04214_destiny-c-nde-8087.json,Ohkado,1,False,False,True,family_responsibility,no,no,no,not_mentioned,not_mentioned,implied,not_mentioned,not_mentioned,no
Preeti B NDE 8095,nderf,data\nderf\04219_preeti-b-nde-8095.json,Ohkado,1,False,False,True,no_reason_given,implied,no,not_mentioned,not_mentioned,not_mentioned,implied,not_mentioned,not_mentioned,not_mentioned
Stefan G Probable NDEs 8105 NDE 8105,nderf,data\nderf\04224_stefan-g-probable-ndes-8105-nde-8105.json,Ohkado,1,False,False,True,not_mentioned,no,no,no,not_mentioned,not_mentioned,implied,not_mentioned,none,no
Valéria ABP NDE 8097,nderf,data\nderf\04229_val-ria-abp-nde-8097.json,Ohkado,1,False,False,True,not_mentioned,no,no,no,not_mentioned,not_mentioned,implied,not_mentioned,not_mentioned,no
Georgina C NDE 8117,nderf,data\nderf\04230_georgina-c-nde-8117.json,Ohkado,1,False,False,True,not_your_time,not_mentioned,not_mentioned,not_mentioned,not_mentioned,not_mentioned,implied,not_mentioned,not_mentioned,not_mentioned
Mwila G NDE 8119,nderf,data\nderf\04231_mwila-g-nde-8119.json,Ohkado,1,False,False,True,not_mentioned,no,no,no,not_mentioned,not_mentioned,implied,no,not_mentioned,no
Catura J Probable NDE 8116,nderf,data\nderf\04232_catura-j-probable-nde-8116.json,Ohkado,1,False,False,True,not_mentioned,implied,no,no,not_mentioned,spiritual_realm,not_mentioned,not_mentioned,not_mentioned,no
Carlos Manuel V NDE 8136,nderf,data\nderf\04241_carlos-manuel-v-nde-8136.json,Ohkado,1,False,False,True,not_your_time,implied,no,no,not_mentioned,not_mentioned,yes_explicit,not_mentioned,not_mentioned,no
Newt J NDE 8137,nderf,data\nderf\04242_newt-j-nde-8137.json,Ohkado,1,False,False,True,other,no,no,no,not_mentioned,spiritual_realm,not_mentioned,implied,not_mentioned,no
Vincent H NDE 8148,nderf,data\nderf\04249_vincent-h-nde-8148.json,Ohkado,2,False,False,True,not_mentioned,not_mentioned,not_mentioned,not_mentioned,chose_parents,spiritual_realm,not_mentioned,explicit,not_mentioned,not_mentioned
Alan P NDE 8156,nderf,data\nderf\04253_alan-p-nde-8156.json,Ohkado,1,False,False,True,no_reason_given,no,no,no,not_mentioned,not_mentioned,implied,not_mentioned,not_mentioned,no
Pat S NDE 8157,nderf,data\nderf\04254_pat-s-nde-8157.json,Ohkado,1,False,False,True,not_mentioned,no,no,no,not_mentioned,not_mentioned,implied,not_mentioned,not_mentioned,no
Paul G NDE 8159,nderf,data\nderf\04255_paul-g-nde-8159.json,Ohkado,1,False,False,True,no_reason_given,not_mentioned,no,no,not_mentioned,not_mentioned,yes_explicit,not_mentioned,not_mentioned,no
John Possible NDE 8169,nderf,data\nderf\04264_john-possible-nde-8169.json,Ohkado,1,False,False,True,not_mentioned,not_mentioned,not_mentioned,not_mentioned,not_mentioned,spiritual_realm,not_mentioned,implied,not_mentioned,not_mentioned
Craig P NDE 8172,nderf,data\nderf\04266_craig-p-nde-8172.json,Ohkado,1,False,False,True,no_reason_given,not_mentioned,not_mentioned,not_mentioned,not_mentioned,not_mentioned,implied,not_mentioned,not_mentioned,not_mentioned
Mary B Probable NDE 8178,nderf,data\nderf\04269_mary-b-probable-nde-8178.json,Ohkado,1,False,False,True,family_responsibility,no,not_mentioned,not_mentioned,not_mentioned,not_mentioned,implied,not_mentioned,not_mentioned,not_mentioned
Eric M NDE 8177,nderf,data\nderf\04271_eric-m-nde-8177.json,Ohkado,1,False,False,True,no_reason_given,implied,no,implied,not_mentioned,not_mentioned,not_mentioned,not_mentioned,not_mentioned,no
Joseph S NDE 8190,nderf,data\nderf\04277_joseph-s-nde-8190.json,Ohkado,2,False,False,True,no_reason_given,not_mentioned,not_mentioned,no,not_mentioned,spiritual_realm,yes_explicit,explicit,not_mentioned,no
Wilson FDE 8200 NDE 8200,nderf,data\nderf\04284_wilson-fde-8200-nde-8200.json,Ohkado,2,False,False,True,not_mentioned,no,no,yes_explicit,not_mentioned,not_mentioned,yes_explicit,no,not_mentioned,no
Diane W Probable NDE 8201,nderf,data\nderf\04287_diane-w-probable-nde-8201.json,Ohkado,1,False,False,True,not_mentioned,yes_explicit,no,no,not_mentioned,not_mentioned,yes_explicit,not_mentioned,not_mentioned,no
Kustav K NDE 8216,nderf,data\nderf\04295_kustav-k-nde-8216.json,Ohkado,1,False,False,True,not_your_time,no,no,no,not_mentioned,not_mentioned,yes_explicit,not_mentioned,not_mentioned,no
Gary R Probable NDE 8217,nderf,data\nderf\04296_gary-r-probable-nde-8217.json,Ohkado,1,False,False,True,not_your_time,no,no,no,not_mentioned,not_mentioned,implied,implied,not_mentioned,no
Debra H NDE 8225,nderf,data\nderf\04299_debra-h-nde-8225.json,Ohkado,1,False,False,True,no_reason_given,no,no,no,not_mentioned,not_mentioned,implied,not_mentioned,not_mentioned,no
Myrian Probable NDE 8227,nderf,data\nderf\04303_myrian-probable-nde-8227.json,Ohkado,1,False,False,True,not_mentioned,not_mentioned,not_mentioned,not_mentioned,not_mentioned,not_mentioned,implied,not_mentioned,not_mentioned,not_mentioned
Ruei H NDEs 8208 NDE 8208,nderf,data\nderf\04307_ruei-h-ndes-8208-nde-8208.json,Ohkado,1,False,False,True,no_reason_given,no,no,no,not_mentioned,not_mentioned,implied,not_mentioned,not_mentioned,no
Gerry L Probable NDE 8242,nderf,data\nderf\04310_gerry-l-probable-nde-8242.json,Ohkado,1,False,False,True,other,no,no,no,not_mentioned,spiritual_realm,not_mentioned,explicit,not_mentioned,no
4312 Francisco D NDEs 8241 NDE 8241,nderf,data\nderf\04312_4312-francisco-d-ndes-8241-nde-8241.json,Ohkado,1,False,False,True,not_your_time,no,no,no,not_mentioned,not_mentioned,implied,not_mentioned,not_mentioned,no
Casey W Possible NDE 8228,nderf,data\nderf\04314_casey-w-possible-nde-8228.json,Ohkado,1,False,False,True,not_mentioned,not_mentioned,no,no,not_mentioned,not_mentioned,implied,not_mentioned,not_mentioned,no
Sharon M NDEs 8247 NDE 8247,nderf,data\nderf\04315_sharon-m-ndes-8247-nde-8247.json,Ohkado,1,False,False,True,not_your_time,yes_explicit,no,no,not_mentioned,not_mentioned,yes_explicit,not_mentioned,none,no
Karen T NDE 8250,nderf,data\nderf\04317_karen-t-nde-8250.json,Ohkado,2,False,False,True,family_responsibility,no,no,implied,not_mentioned,not_mentioned,yes_explicit,not_mentioned,not_mentioned,no
MD FDE 8253 NDE 8253,nderf,data\nderf\04320_md-fde-8253-nde-8253.json,Ohkado,1,False,False,True,not_mentioned,not_mentioned,not_mentioned,not_mentioned,not_mentioned,not_mentioned,yes_explicit,not_mentioned,not_mentioned,not_mentioned
Anke E NDE 8276,nderf,data\nderf\04331_anke-e-nde-8276.json,Ohkado,1,False,False,True,other,no,no,no,not_mentioned,not_mentioned,implied,not_mentioned,not_mentioned,no
Jennifer B NDE 8282,nderf,data\nderf\04334_jennifer-b-nde-8282.json,Ohkado,1,False,False,True,not_mentioned,not_mentioned,not_mentioned,no,not_mentioned,spiritual_realm,not_mentioned,implied,not_mentioned,no
Dy-Wen L 16088 NDE 16088,nderf,data\nderf\04335_dy-wen-l-16088-nde-16088.json,Ohkado,1,False,False,True,not_mentioned,no,no,no,not_mentioned,spiritual_realm,not_mentioned,explicit,not_mentioned,no
Tom B Probable NDE 16089,nderf,data\nderf\04339_tom-b-probable-nde-16089.json,Ohkado,1,False,False,True,no_reason_given,no,no,no,not_mentioned,spiritual_realm,not_mentioned,explicit,not_mentioned,no
Diego W NDE 8291,nderf,data\nderf\04342_diego-w-nde-8291.json,Ohkado,1,False,False,True,other,not_mentioned,no,no,not_mentioned,not_mentioned,yes_explicit,implied,not_mentioned,not_mentioned
Cynthia N Probable NDE 8293,nderf,data\nderf\04343_cynthia-n-probable-nde-8293.json,Ohkado,1,False,False,True,not_your_time,no,not_mentioned,yes_explicit,not_mentioned,not_mentioned,not_mentioned,not_mentioned,none,no
Brian K Possible NDE 8300,nderf,data\nderf\04347_brian-k-possible-nde-8300.json,Ohkado,2,False,False,True,not_mentioned,not_mentioned,not_mentioned,yes_explicit,not_mentioned,not_mentioned,implied,not_mentioned,not_mentioned,no
Anthony C Probable NDE 8302,nderf,data\nderf\04348_anthony-c-probable-nde-8302.json,Ohkado,1,False,False,True,not_mentioned,no,not_mentioned,yes_explicit,not_mentioned,not_mentioned,not_mentioned,not_mentioned,not_mentioned,not_mentioned
Martin W NDE 8303,nderf,data\nderf\04349_martin-w-nde-8303.json,Ohkado,2,False,False,True,not_mentioned,implied,no,no,not_mentioned,spiritual_realm,yes_explicit,explicit,not_mentioned,not_mentioned
Juan F NDE 8307,nderf,data\nderf\04351_juan-f-nde-8307.json,Ohkado,1,False,False,True,not_mentioned,implied,no,no,not_mentioned,not_mentioned,implied,not_mentioned,not_mentioned,no
Ronald M NDE 8312,nderf,data\nderf\04355_ronald-m-nde-8312.json,Ohkado,1,False,False,True,not_your_time,no,no,no,not_mentioned,not_mentioned,yes_explicit,not_mentioned,not_mentioned,no
Adrian W NDEs 8316 NDE 8316,nderf,data\nderf\04356_adrian-w-ndes-8316-nde-8316.json,Ohkado,1,False,False,True,not_your_time,implied,no,no,not_mentioned,not_mentioned,yes_explicit,not_mentioned,not_mentioned,not_mentioned
Beth S Possible NDE 8317,nderf,data\nderf\04357_beth-s-possible-nde-8317.json,Ohkado,1,False,False,True,family_responsibility,implied,no,no,not_mentioned,not_mentioned,implied,not_mentioned,not_mentioned,not_mentioned
Shirley D Possible NDE 8322,nderf,data\nderf\04359_shirley-d-possible-nde-8322.json,Ohkado,1,False,False,True,not_your_time,no,no,no,not_mentioned,spiritual_realm,not_mentioned,not_mentioned,not_mentioned,not_mentioned
Zenaida NDE 8324,nderf,data\nderf\04361_zenaida-nde-8324.json,Ohkado,1,False,False,True,not_mentioned,not_mentioned,not_mentioned,yes_explicit,not_mentioned,not_mentioned,not_mentioned,not_mentioned,not_mentioned,not_mentioned
Seth C NDE 8325,nderf,data\nderf\04362_seth-c-nde-8325.json,Ohkado,1,False,False,True,not_your_time,yes_explicit,no,yes_explicit,not_mentioned,not_mentioned,not_mentioned,not_mentioned,not_mentioned,not_mentioned
John D NDE 8328,nderf,data\nderf\04363_john-d-nde-8328.json,Ohkado,2,False,False,True,not_mentioned,no,no,no,not_mentioned,spiritual_realm,yes_explicit,not_mentioned,none,no
Xue-Mei C NDE 8326,nderf,data\nderf\04367_xue-mei-c-nde-8326.json,Ohkado,1,False,False,True,family_responsibility,not_mentioned,not_mentioned,no,not_mentioned,not_mentioned,yes_explicit,not_mentioned,not_mentioned,not_mentioned
Karen H NDE 8336,nderf,data\nderf\04369_karen-h-nde-8336.json,Ohkado,1,False,False,True,not_mentioned,no,not_mentioned,no,not_mentioned,not_mentioned,yes_explicit,implied,none,no
Laetitia V NDE 8339,nderf,data\nderf\04370_laetitia-v-nde-8339.json,Ohkado,1,False,False,True,family_responsibility,yes_explicit,not_mentioned,no,not_mentioned,not_mentioned,yes_explicit,not_mentioned,not_mentioned,not_mentioned
Heikki A NDE 8337,nderf,data\nderf\04373_heikki-a-nde-8337.json,Ohkado,1,False,False,True,not_mentioned,no,not_mentioned,yes_explicit,not_mentioned,not_mentioned,not_mentioned,not_mentioned,not_mentioned,not_mentioned
James NDE 8344,nderf,data\nderf\04374_james-nde-8344.json,Ohkado,1,False,False,True,not_mentioned,not_mentioned,not_mentioned,no,not_mentioned,not_mentioned,yes_explicit,not_mentioned,not_mentioned,not_mentioned
Helen S STE 8347 NDE 8347,nderf,data\nderf\04377_helen-s-ste-8347-nde-8347.json,Ohkado,1,False,False,True,not_mentioned,no,no,no,not_mentioned,not_mentioned,implied,not_mentioned,none,no
Raúl ACG NDE 8353,nderf,data\nderf\04382_ra-l-acg-nde-8353.json,Ohkado,1,False,False,True,family_responsibility,no,not_mentioned,no,not_mentioned,not_mentioned,yes_explicit,not_mentioned,not_mentioned,not_mentioned
Heidi C NDE 8354,nderf,data\nderf\04383_heidi-c-nde-8354.json,Ohkado,1,False,False,True,not_your_time,no,no,no,not_mentioned,spiritual_realm,not_mentioned,explicit,not_mentioned,no
Marc M Probable NDE 8360,nderf,data\nderf\04387_marc-m-probable-nde-8360.json,Ohkado,1,False,False,True,other,implied,no,not_mentioned,not_mentioned,not_mentioned,implied,no,not_mentioned,no
Dyan K NDE 8362,nderf,data\nderf\04389_dyan-k-nde-8362.json,Ohkado,1,False,False,True,family_responsibility,not_mentioned,not_mentioned,no,not_mentioned,spiritual_realm,not_mentioned,explicit,not_mentioned,not_mentioned
Missy M NDE 8380,nderf,data\nderf\04396_missy-m-nde-8380.json,Ohkado,1,False,False,True,not_your_time,no,not_mentioned,no,not_mentioned,spiritual_realm,not_mentioned,explicit,not_mentioned,no
James C NDE 8383,nderf,data\nderf\04397_james-c-nde-8383.json,Ohkado,1,False,False,True,not_your_time,not_mentioned,not_mentioned,no,not_mentioned,not_mentioned,implied,not_mentioned,none,no
MaErija NDE 8384,nderf,data\nderf\04398_maerija-nde-8384.json,Ohkado,1,False,False,True,family_responsibility,yes_explicit,no,yes_explicit,not_mentioned,not_mentioned,not_mentioned,not_mentioned,not_mentioned,no
1976 Tang Shan Earthquake 16090 NDE 16090,nderf,data\nderf\04399_1976-tang-shan-earthquake-16090-nde-16090.json,Ohkado,1,False,False,True,not_mentioned,not_mentioned,not_mentioned,not_mentioned,not_mentioned,not_mentioned,implied,not_mentioned,not_mentioned,not_mentioned
Michael Probable NDE 8391,nderf,data\nderf\04402_michael-probable-nde-8391.json,Ohkado,2,False,False,True,not_mentioned,not_mentioned,not_mentioned,yes_explicit,not_mentioned,not_mentioned,implied,not_mentioned,not_mentioned,not_mentioned
Charlie D Probable NDE 23250,nderf,data\nderf\04404_charlie-d-probable-nde-23250.json,Ohkado,1,False,False,True,no_reason_given,not_mentioned,no,no,not_mentioned,not_mentioned,implied,not_mentioned,none,no
Richard L NDE 8403,nderf,data\nderf\04407_richard-l-nde-8403.json,Ohkado,1,False,False,True,not_your_time,no,not_mentioned,no,not_mentioned,not_mentioned,yes_explicit,not_mentioned,not_mentioned,not_mentioned
Merrideth H NDE 8401,nderf,data\nderf\04408_merrideth-h-nde-8401.json,Ohkado,2,False,False,True,family_responsibility,no,no,implied,not_mentioned,not_mentioned,yes_explicit,no,not_mentioned,no
Marie-Pierre C Possible NDE 8405,nderf,data\nderf\04410_marie-pierre-c-possible-nde-8405.json,Ohkado,2,False,False,True,family_responsibility,yes_explicit,no,no,not_mentioned,spiritual_realm,implied,explicit,not_mentioned,not_mentioned
Philip S NDE 8407,nderf,data\nderf\04411_philip-s-nde-8407.json,Ohkado,1,False,False,True,not_mentioned,no,not_mentioned,no,not_mentioned,not_mentioned,yes_explicit,not_mentioned,none,no
Revol B Probable NDE 8413,nderf,data\nderf\04415_revol-b-probable-nde-8413.json,Ohkado,1,False,False,True,other,implied,no,yes_explicit,not_mentioned,not_mentioned,not_mentioned,no,not_mentioned,not_mentioned
Patrick M NDE 8416,nderf,data\nderf\04418_patrick-m-nde-8416.json,Ohkado,1,False,False,True,no_reason_given,no,no,no,not_mentioned,not_mentioned,implied,not_mentioned,not_mentioned,not_mentioned
Victor Philip DP NDE 8417,nderf,data\nderf\04419_victor-philip-dp-nde-8417.json,Ohkado,1,False,False,True,not_your_time,implied,no,no,not_mentioned,not_mentioned,yes_explicit,not_mentioned,not_mentioned,no
Brinton M Probable NDE 8418,nderf,data\nderf\04420_brinton-m-probable-nde-8418.json,Ohkado,1,False,False,True,other,no,no,no,not_mentioned,not_mentioned,yes_explicit,no,not_mentioned,no
Robbi J Possible NDE 8425,nderf,data\nderf\04423_robbi-j-possible-nde-8425.json,Ohkado,2,False,False,True,not_your_time,no,no,yes_explicit,not_mentioned,not_mentioned,yes_explicit,not_mentioned,not_mentioned,no
Barb Z Probable NDE 8423,nderf,data\nderf\04424_barb-z-probable-nde-8423.json,Ohkado,2,False,False,True,other,no,no,implied,not_mentioned,not_mentioned,implied,not_mentioned,none,no
Stephanie J NDE 8428,nderf,data\nderf\04429_stephanie-j-nde-8428.json,Ohkado,1,False,False,True,not_mentioned,no,not_mentioned,no,not_mentioned,not_mentioned,implied,not_mentioned,not_mentioned,not_mentioned
Paige R Possible NDE 8434,nderf,data\nderf\04431_paige-r-possible-nde-8434.json,Ohkado,1,False,False,True,no_reason_given,no,no,no,not_mentioned,not_mentioned,yes_explicit,not_mentioned,not_mentioned,not_mentioned
Keith R NDE 8435,nderf,data\nderf\04432_keith-r-nde-8435.json,Ohkado,2,False,False,True,not_your_time,no,not_mentioned,yes_explicit,not_mentioned,not_mentioned,yes_explicit,not_mentioned,not_mentioned,not_mentioned
Taylor NDE 8436,nderf,data\nderf\04433_taylor-nde-8436.json,Ohkado,1,False,False,True,family_responsibility,no,no,no,not_mentioned,not_mentioned,implied,not_mentioned,not_mentioned,no
Ingrid H NDE 8440,nderf,data\nderf\04434_ingrid-h-nde-8440.json,Ohkado,4,False,False,True,not_mentioned,no,no,yes_explicit,not_mentioned,spiritual_realm,yes_explicit,explicit,not_mentioned,not_mentioned
Lonnie C Probable NDE 8445/9037,nderf,data\nderf\04436_lonnie-c-probable-nde-8445-9037.json,Ohkado,1,False,False,True,family_responsibility,no,no,no,not_mentioned,not_mentioned,yes_explicit,not_mentioned,not_mentioned,not_mentioned
Majid A NDE 8448,nderf,data\nderf\04437_majid-a-nde-8448.json,Ohkado,1,False,False,True,no_reason_given,no,no,no,not_mentioned,not_mentioned,yes_explicit,not_mentioned,not_mentioned,no
Francesca Possible NDE 8450,nderf,data\nderf\04439_francesca-possible-nde-8450.json,Ohkado,1,False,False,True,not_mentioned,no,not_mentioned,no,not_mentioned,not_mentioned,implied,not_mentioned,not_mentioned,not_mentioned
Taiwan University Student 16092 NDE 16092,nderf,data\nderf\04440_taiwan-university-student-16092-nde-16092.json,Ohkado,1,False,False,True,no_reason_given,no,no,no,not_mentioned,not_mentioned,yes_explicit,not_mentioned,not_mentioned,no
Matteo C NDE 8447,nderf,data\nderf\04441_matteo-c-nde-8447.json,Ohkado,2,False,False,True,not_mentioned,no,not_mentioned,no,not_mentioned,spiritual_realm,yes_explicit,explicit,not_mentioned,no
Marina A NDE 8444,nderf,data\nderf\04442_marina-a-nde-8444.json,Ohkado,1,False,False,True,other,no,no,no,not_mentioned,not_mentioned,yes_explicit,no,not_mentioned,not_mentioned
Jia Ming Possible NDE 16093,nderf,data\nderf\04445_jia-ming-possible-nde-16093.json,Ohkado,1,False,False,True,not_mentioned,not_mentioned,no,no,not_mentioned,not_mentioned,implied,not_mentioned,not_mentioned,no
Fiona Probable NDE 23260,nderf,data\nderf\04446_fiona-probable-nde-23260.json,Ohkado,1,False,False,True,not_mentioned,no,not_mentioned,not_mentioned,not_mentioned,not_mentioned,implied,not_mentioned,not_mentioned,not_mentioned
Marica NDE 8453,nderf,data\nderf\04447_marica-nde-8453.json,Ohkado,1,False,False,True,not_your_time,not_mentioned,not_mentioned,no,not_mentioned,spiritual_realm,not_mentioned,explicit,not_mentioned,not_mentioned
Robyn C NDE 8454,nderf,data\nderf\04448_robyn-c-nde-8454.json,Ohkado,1,False,False,True,no_reason_given,implied,no,not_mentioned,not_mentioned,not_mentioned,yes_explicit,not_mentioned,not_mentioned,no
Fawn R Probable NDE 8456,nderf,data\nderf\04449_fawn-r-probable-nde-8456.json,Ohkado,1,False,False,True,not_mentioned,no,no,implied,not_mentioned,not_mentioned,not_mentioned,no,not_mentioned,no
Adoración NDE 8459,nderf,data\nderf\04451_adoraci-n-nde-8459.json,Ohkado,1,False,False,True,not_your_time,not_mentioned,no,no,not_mentioned,not_mentioned,yes_explicit,not_mentioned,not_mentioned,no
Gabriela L Possible NDE 8471,nderf,data\nderf\04456_gabriela-l-possible-nde-8471.json,Ohkado,1,False,False,True,not_mentioned,no,not_mentioned,no,not_mentioned,not_mentioned,implied,not_mentioned,none,no
Anthony C NDE 8476,nderf,data\nderf\04459_anthony-c-nde-8476.json,Ohkado,1,False,False,True,not_mentioned,implied,no,no,not_mentioned,not_mentioned,yes_explicit,not_mentioned,not_mentioned,no
Billy E NDE 8478,nderf,data\nderf\04461_billy-e-nde-8478.json,Ohkado,1,False,False,True,other,implied,no,no,not_mentioned,not_mentioned,implied,not_mentioned,not_mentioned,no
Martha A Probable NDE 8486,nderf,data\nderf\04465_martha-a-probable-nde-8486.json,Ohkado,1,False,False,True,no_reason_given,implied,no,no,not_mentioned,spiritual_realm,not_mentioned,explicit,not_mentioned,no
Chao Y NDE 8489,nderf,data\nderf\04467_chao-y-nde-8489.json,Ohkado,2,False,False,True,not_mentioned,no,no,no,not_mentioned,spiritual_realm,yes_explicit,explicit,not_mentioned,no
Andrew Y NDE 8501,nderf,data\nderf\04475_andrew-y-nde-8501.json,Ohkado,1,False,False,True,not_your_time,no,no,no,not_mentioned,not_mentioned,yes_explicit,no,not_mentioned,no
Linda A NDE 8509,nderf,data\nderf\04480_linda-a-nde-8509.json,Ohkado,1,False,False,True,family_responsibility,no,no,no,not_mentioned,not_mentioned,yes_explicit,not_mentioned,not_mentioned,no
Robin H NDE 8519,nderf,data\nderf\04485_robin-h-nde-8519.json,Ohkado,2,False,False,True,not_mentioned,no,not_mentioned,yes_explicit,not_mentioned,not_mentioned,yes_explicit,not_mentioned,not_mentioned,no
Ryan M NDE 8528,nderf,data\nderf\04490_ryan-m-nde-8528.json,Ohkado,1,False,False,True,not_mentioned,no,not_mentioned,no,not_mentioned,not_mentioned,implied,not_mentioned,none,no
Anonza Probable NDE 8529,nderf,data\nderf\04491_anonza-probable-nde-8529.json,Ohkado,1,False,False,True,no_reason_given,no,no,no,not_mentioned,not_mentioned,yes_explicit,not_mentioned,none,no
Carlos C NDE 8526,nderf,data\nderf\04492_carlos-c-nde-8526.json,Ohkado,1,False,False,True,not_mentioned,not_mentioned,not_mentioned,not_mentioned,not_mentioned,spiritual_realm,not_mentioned,explicit,not_mentioned,not_mentioned
Valeria Experience 8523 NDE 8523,nderf,data\nderf\04493_valeria-experience-8523-nde-8523.json,Ohkado,2,False,False,True,not_your_time,no,no,yes_explicit,not_mentioned,spiritual_realm,not_mentioned,explicit,none,no
Maggie S NDE 8532,nderf,data\nderf\04495_maggie-s-nde-8532.json,Ohkado,1,False,False,True,not_your_time,yes_explicit,no,no,not_mentioned,not_mentioned,yes_explicit,implied,not_mentioned,no
Victor R NDE 8534,nderf,data\nderf\04497_victor-r-nde-8534.json,Ohkado,1,False,False,True,not_mentioned,no,not_mentioned,no,not_mentioned,not_mentioned,yes_explicit,not_mentioned,not_mentioned,no
Robert S NDE 8536,nderf,data\nderf\04498_robert-s-nde-8536.json,Ohkado,1,False,False,True,not_your_time,no,not_mentioned,no,not_mentioned,not_mentioned,yes_explicit,not_mentioned,not_mentioned,no
Stefania S NDE 8530,nderf,data\nderf\04500_stefania-s-nde-8530.json,Ohkado,1,False,False,True,other,implied,no,no,not_mentioned,not_mentioned,yes_explicit,not_mentioned,not_mentioned,not_mentioned
Steve B Probable NDE 8539,nderf,data\nderf\04501_steve-b-probable-nde-8539.json,Ohkado,1,False,False,True,not_mentioned,no,no,not_mentioned,not_mentioned,not_mentioned,yes_explicit,no,not_mentioned,not_mentioned
James R NDE 8545,nderf,data\nderf\04506_james-r-nde-8545.json,Ohkado,1,False,False,True,not_mentioned,not_mentioned,not_mentioned,yes_explicit,not_mentioned,not_mentioned,not_mentioned,not_mentioned,not_mentioned,not_mentioned
Nasreen NDE 8544,nderf,data\nderf\04507_nasreen-nde-8544.json,Ohkado,1,False,False,True,not_mentioned,no,no,no,not_mentioned,spiritual_realm,not_mentioned,implied,not_mentioned,not_mentioned
Brian H STE 8554 NDE 8554,nderf,data\nderf\04510_brian-h-ste-8554-nde-8554.json,Ohkado,1,False,False,True,family_responsibility,implied,no,not_mentioned,not_mentioned,not_mentioned,implied,not_mentioned,not_mentioned,no
Evelyn D NDE 8556,nderf,data\nderf\04512_evelyn-d-nde-8556.json,Ohkado,1,False,False,True,not_your_time,yes_explicit,no,no,not_mentioned,not_mentioned,yes_explicit,not_mentioned,not_mentioned,no
Paige V NDE 8557,nderf,data\nderf\04513_paige-v-nde-8557.json,Ohkado,1,False,False,True,not_your_time,no,not_mentioned,no,not_mentioned,not_mentioned,yes_explicit,not_mentioned,not_mentioned,no
Fatma A Possible NDE 8560,nderf,data\nderf\04516_fatma-a-possible-nde-8560.json,Ohkado,1,False,False,True,family_responsibility,no,no,no,not_mentioned,spiritual_realm,not_mentioned,explicit,not_mentioned,no
Gary F NDE 8564,nderf,data\nderf\04518_gary-f-nde-8564.json,Ohkado,2,False,False,True,not_mentioned,no,not_mentioned,yes_explicit,not_mentioned,spiritual_realm,not_mentioned,explicit,none,no
Oscar NDE 8568,nderf,data\nderf\04520_oscar-nde-8568.json,Ohkado,1,False,False,True,not_mentioned,no,no,no,not_mentioned,not_mentioned,yes_explicit,not_mentioned,not_mentioned,no
Debra P Probable NDE 8573,nderf,data\nderf\04521_debra-p-probable-nde-8573.json,Ohkado,1,False,False,True,not_mentioned,not_mentioned,not_mentioned,yes_explicit,not_mentioned,not_mentioned,not_mentioned,not_mentioned,not_mentioned,not_mentioned
Stephanie B Possible NDE 8433,nderf,data\nderf\04522_stephanie-b-possible-nde-8433.json,Ohkado,1,False,False,True,not_mentioned,implied,no,yes_explicit,not_mentioned,not_mentioned,not_mentioned,not_mentioned,not_mentioned,not_mentioned
Isabel B Probable NDE 8585,nderf,data\nderf\04526_isabel-b-probable-nde-8585.json,Ohkado,1,False,False,True,not_mentioned,no,no,no,not_mentioned,not_mentioned,yes_explicit,not_mentioned,none,no
Jeet P NDE 8587,nderf,data\nderf\04527_jeet-p-nde-8587.json,Ohkado,1,False,False,True,not_mentioned,no,no,no,not_mentioned,not_mentioned,implied,not_mentioned,not_mentioned,not_mentioned
Charles T NDE 8594,nderf,data\nderf\04530_charles-t-nde-8594.json,Ohkado,1,False,False,True,not_your_time,no,not_mentioned,no,not_mentioned,spiritual_realm,not_mentioned,explicit,not_mentioned,no
Sharon T NDE 8597,nderf,data\nderf\04532_sharon-t-nde-8597.json,Ohkado,1,False,False,True,not_mentioned,no,no,no,not_mentioned,not_mentioned,yes_explicit,not_mentioned,none,no
Van S NDE 8600,nderf,data\nderf\04534_van-s-nde-8600.json,Ohkado,1,False,False,True,not_mentioned,not_mentioned,not_mentioned,yes_explicit,not_mentioned,not_mentioned,not_mentioned,not_mentioned,not_mentioned,not_mentioned
Mache G NDE 8606,nderf,data\nderf\04538_mache-g-nde-8606.json,Ohkado,1,False,False,True,no_reason_given,no,no,no,not_mentioned,not_mentioned,implied,not_mentioned,not_mentioned,no
Tina W NDE 8608,nderf,data\nderf\04539_tina-w-nde-8608.json,Ohkado,1,False,False,True,not_mentioned,no,no,no,not_mentioned,not_mentioned,yes_explicit,not_mentioned,not_mentioned,not_mentioned
Maria C NDE 16097,nderf,data\nderf\04543_maria-c-nde-16097.json,Ohkado,1,False,False,True,no_reason_given,no,no,no,not_mentioned,not_mentioned,implied,no,not_mentioned,no
Ray C Probable NDE 8621,nderf,data\nderf\04547_ray-c-probable-nde-8621.json,Ohkado,4,False,False,True,not_your_time,no,no,yes_explicit,not_mentioned,spiritual_realm,yes_explicit,implied,not_mentioned,not_mentioned
Ruth P Possible NDE 8623,nderf,data\nderf\04548_ruth-p-possible-nde-8623.json,Ohkado,1,False,False,True,not_mentioned,no,no,no,not_mentioned,not_mentioned,yes_explicit,no,not_mentioned,not_mentioned
Sanaz G NDE 8628,nderf,data\nderf\04552_sanaz-g-nde-8628.json,Ohkado,1,False,False,True,not_mentioned,no,not_mentioned,yes_explicit,not_mentioned,not_mentioned,not_mentioned,not_mentioned,not_mentioned,no
Michael B NDE 8631,nderf,data\nderf\04553_michael-b-nde-8631.json,Ohkado,1,False,False,True,no_reason_given,no,no,no,not_mentioned,not_mentioned,yes_explicit,no,not_mentioned,no
Holly P NDE 8633,nderf,data\nderf\04554_holly-p-nde-8633.json,Ohkado,2,False,False,True,not_your_time,implied,no,no,not_mentioned,spiritual_realm,yes_explicit,explicit,not_mentioned,not_mentioned
Michiel W NDE 8635,nderf,data\nderf\04556_michiel-w-nde-8635.json,Ohkado,1,False,False,True,not_mentioned,no,no,no,not_mentioned,not_mentioned,implied,not_mentioned,not_mentioned,no
David S NDE 8637,nderf,data\nderf\04557_david-s-nde-8637.json,Ohkado,1,False,False,True,not_mentioned,no,not_mentioned,no,not_mentioned,not_mentioned,implied,not_mentioned,not_mentioned,not_mentioned
Manuel M NDE 8647,nderf,data\nderf\04560_manuel-m-nde-8647.json,Ohkado,1,False,False,True,family_responsibility,implied,no,no,not_mentioned,not_mentioned,implied,not_mentioned,not_mentioned,no
Jo H NDE 8648,nderf,data\nderf\04562_jo-h-nde-8648.json,Ohkado,1,False,False,True,not_mentioned,yes_explicit,no,no,not_mentioned,spiritual_realm,not_mentioned,not_mentioned,not_mentioned,not_mentioned
Abby Jo O NDE 8650,nderf,data\nderf\04564_abby-jo-o-nde-8650.json,Ohkado,2,False,False,True,family_responsibility,implied,no,no,not_mentioned,spiritual_realm,yes_explicit,explicit,not_mentioned,not_mentioned
Jean C Probable NDE 8649,nderf,data\nderf\04565_jean-c-probable-nde-8649.json,Ohkado,1,False,False,True,not_mentioned,no,no,no,not_mentioned,not_mentioned,yes_explicit,no,not_mentioned,no
Jenny L NDE 8651,nderf,data\nderf\04566_jenny-l-nde-8651.json,Ohkado,1,False,False,True,not_mentioned,no,no,no,not_mentioned,not_mentioned,implied,not_mentioned,not_mentioned,not_mentioned
Matthew S NDE 8655,nderf,data\nderf\04568_matthew-s-nde-8655.json,Ohkado,2,False,False,True,not_your_time,not_mentioned,not_mentioned,not_mentioned,not_mentioned,spiritual_realm,yes_explicit,explicit,not_mentioned,no
Sandra M NDE 8659,nderf,data\nderf\04571_sandra-m-nde-8659.json,Ohkado,2,False,False,True,family_responsibility,no,no,no,not_mentioned,spiritual_realm,yes_explicit,explicit,not_mentioned,no
Samieh Y NDE 8664/8558,nderf,data\nderf\04575_samieh-y-nde-8664-8558.json,Ohkado,1,False,False,True,not_mentioned,no,no,no,not_mentioned,not_mentioned,implied,implied,not_mentioned,no
Hanle P FDE 8668 NDE 8668,nderf,data\nderf\04576_hanle-p-fde-8668-nde-8668.json,Ohkado,1,False,False,True,not_mentioned,no,not_mentioned,no,not_mentioned,not_mentioned,yes_explicit,not_mentioned,not_mentioned,no
Jystrup F Possible NDE 8663,nderf,data\nderf\04577_jystrup-f-possible-nde-8663.json,Ohkado,1,False,False,True,not_mentioned,no,no,no,not_mentioned,not_mentioned,implied,not_mentioned,not_mentioned,no
Maria L NDE 8669,nderf,data\nderf\04578_maria-l-nde-8669.json,Ohkado,1,False,False,True,family_responsibility,not_mentioned,not_mentioned,no,not_mentioned,not_mentioned,yes_explicit,not_mentioned,not_mentioned,not_mentioned
Beverly F Possible NDE 8667,nderf,data\nderf\04579_beverly-f-possible-nde-8667.json,Ohkado,2,False,False,True,not_mentioned,no,no,yes_explicit,not_mentioned,not_mentioned,implied,not_mentioned,none,no
Rebecca R NDE 8670,nderf,data\nderf\04580_rebecca-r-nde-8670.json,Ohkado,1,False,False,True,not_mentioned,no,not_mentioned,no,not_mentioned,not_mentioned,yes_explicit,not_mentioned,none,no
Michael M NDE 8673,nderf,data\nderf\04582_michael-m-nde-8673.json,Ohkado,1,False,False,True,no_reason_given,no,no,no,not_mentioned,not_mentioned,implied,no,not_mentioned,no
Cathy L Probable NDE 8675,nderf,data\nderf\04583_cathy-l-probable-nde-8675.json,Ohkado,2,False,False,True,family_responsibility,no,not_mentioned,yes_explicit,not_mentioned,not_mentioned,yes_explicit,not_mentioned,not_mentioned,not_mentioned
Christine S NDE 8677,nderf,data\nderf\04584_christine-s-nde-8677.json,Ohkado,1,False,False,True,no_reason_given,no,not_mentioned,no,not_mentioned,not_mentioned,yes_explicit,not_mentioned,not_mentioned,no
Chad B Probable NDE 8678,nderf,data\nderf\04585_chad-b-probable-nde-8678.json,Ohkado,1,False,False,True,not_your_time,no,no,no,not_mentioned,spiritual_realm,not_mentioned,explicit,not_mentioned,no
James G Probable NDE 8679,nderf,data\nderf\04586_james-g-probable-nde-8679.json,Ohkado,1,False,False,True,no_reason_given,no,no,no,not_mentioned,not_mentioned,yes_explicit,no,not_mentioned,no
Lauren J NDE 8680,nderf,data\nderf\04587_lauren-j-nde-8680.json,Ohkado,1,False,False,True,not_mentioned,no,no,no,not_mentioned,not_mentioned,yes_explicit,implied,not_mentioned,not_mentioned
Lyle H NDE 8681,nderf,data\nderf\04588_lyle-h-nde-8681.json,Ohkado,1,False,False,True,no_reason_given,no,no,no,not_mentioned,not_mentioned,yes_explicit,not_mentioned,not_mentioned,not_mentioned
Sabine G NDE 8685,nderf,data\nderf\04591_sabine-g-nde-8685.json,Ohkado,2,False,False,True,no_reason_given,no,no,no,not_mentioned,spiritual_realm,implied,not_mentioned,not_mentioned,no
Jon M NDE 8694,nderf,data\nderf\04594_jon-m-nde-8694.json,Ohkado,3,False,False,True,no_reason_given,no,no,yes_explicit,not_mentioned,spiritual_realm,implied,explicit,not_mentioned,no
Catherine NDE 8697,nderf,data\nderf\04597_catherine-nde-8697.json,Ohkado,3,False,False,True,not_your_time,not_mentioned,no,yes_explicit,not_mentioned,spiritual_realm,yes_explicit,explicit,not_mentioned,not_mentioned
Edward C NDE 8698,nderf,data\nderf\04598_edward-c-nde-8698.json,Ohkado,1,False,False,True,not_mentioned,no,no,no,not_mentioned,not_mentioned,implied,not_mentioned,not_mentioned,no
Charles K NDE 8699,nderf,data\nderf\04599_charles-k-nde-8699.json,Ohkado,1,False,False,True,family_responsibility,no,no,no,not_mentioned,not_mentioned,yes_explicit,implied,not_mentioned,no
Jack J NDE 8702,nderf,data\nderf\04600_jack-j-nde-8702.json,Ohkado,1,False,False,True,not_mentioned,no,no,no,not_mentioned,not_mentioned,yes_explicit,no,not_mentioned,not_mentioned
Kerry B NDEs 8703 NDE 8703,nderf,data\nderf\04601_kerry-b-ndes-8703-nde-8703.json,Ohkado,2,False,False,True,not_your_time,yes_explicit,not_mentioned,no,not_mentioned,spiritual_realm,yes_explicit,explicit,none,no
Meghan NDE 8704,nderf,data\nderf\04602_meghan-nde-8704.json,Ohkado,1,False,False,True,not_mentioned,no,not_mentioned,no,not_mentioned,not_mentioned,yes_explicit,not_mentioned,not_mentioned,not_mentioned
Dave B FDE 23327 NDE 23327,nderf,data\nderf\04603_dave-b-fde-23327-nde-23327.json,Ohkado,1,False,False,True,not_mentioned,not_mentioned,not_mentioned,not_mentioned,not_mentioned,not_mentioned,yes_explicit,not_mentioned,not_mentioned,not_mentioned
Jenifer L Probable NDE 8709,nderf,data\nderf\04606_jenifer-l-probable-nde-8709.json,Ohkado,2,False,False,True,not_your_time,no,no,no,not_mentioned,spiritual_realm,yes_explicit,explicit,not_mentioned,not_mentioned
Muhammad RA 8713 NDE 8713,nderf,data\nderf\04608_muhammad-ra-8713-nde-8713.json,Ohkado,1,False,False,True,no_reason_given,no,no,no,not_mentioned,not_mentioned,yes_explicit,not_mentioned,not_mentioned,not_mentioned
Laurence B NDE 8718,nderf,data\nderf\04610_laurence-b-nde-8718.json,Ohkado,1,False,False,True,other,implied,no,no,not_mentioned,not_mentioned,yes_explicit,not_mentioned,not_mentioned,not_mentioned
Siri K NDE 8728,nderf,data\nderf\04615_siri-k-nde-8728.json,Ohkado,1,False,False,True,not_mentioned,not_mentioned,not_mentioned,no,not_mentioned,spiritual_realm,not_mentioned,explicit,not_mentioned,not_mentioned
Jordan M NDE 23344,nderf,data\nderf\04618_jordan-m-nde-23344.json,Ohkado,1,False,False,True,no_reason_given,no,no,no,not_mentioned,not_mentioned,implied,implied,not_mentioned,no
Jonathan S Possible NDE 8737,nderf,data\nderf\04621_jonathan-s-possible-nde-8737.json,Ohkado,1,False,False,True,not_mentioned,not_mentioned,not_mentioned,no,not_mentioned,spiritual_realm,not_mentioned,explicit,not_mentioned,not_mentioned
Myriam O STE 8739 NDE 8739,nderf,data\nderf\04622_myriam-o-ste-8739-nde-8739.json,Ohkado,2,False,False,True,not_mentioned,not_mentioned,no,not_mentioned,not_mentioned,spiritual_realm,implied,explicit,not_mentioned,not_mentioned
Tomasz S NDE 8742,nderf,data\nderf\04625_tomasz-s-nde-8742.json,Ohkado,1,False,False,True,not_mentioned,no,no,not_mentioned,not_mentioned,not_mentioned,implied,not_mentioned,not_mentioned,not_mentioned
Julie VP NDE 8747,nderf,data\nderf\04626_julie-vp-nde-8747.json,Ohkado,1,False,False,True,family_responsibility,not_mentioned,not_mentioned,no,not_mentioned,not_mentioned,yes_explicit,not_mentioned,not_mentioned,no
Gary G NDE 8751,nderf,data\nderf\04629_gary-g-nde-8751.json,Ohkado,2,False,False,True,family_responsibility,no,no,no,not_mentioned,spiritual_realm,yes_explicit,not_mentioned,not_mentioned,not_mentioned
Carla J Probable NDE 8754,nderf,data\nderf\04632_carla-j-probable-nde-8754.json,Ohkado,1,False,False,True,not_your_time,no,no,no,not_mentioned,spiritual_realm,not_mentioned,implied,not_mentioned,no
Olivia F Probable NDE 8757,nderf,data\nderf\04633_olivia-f-probable-nde-8757.json,Ohkado,2,False,False,True,not_your_time,not_mentioned,no,implied,not_mentioned,not_mentioned,implied,not_mentioned,not_mentioned,no
Sybille K Probable NDE 8762,nderf,data\nderf\04637_sybille-k-probable-nde-8762.json,Ohkado,1,False,False,True,not_mentioned,not_mentioned,not_mentioned,no,not_mentioned,spiritual_realm,not_mentioned,explicit,not_mentioned,no
Bernard J NDE 8765,nderf,data\nderf\04638_bernard-j-nde-8765.json,Ohkado,1,False,False,True,not_mentioned,not_mentioned,not_mentioned,no,not_mentioned,not_mentioned,yes_explicit,not_mentioned,not_mentioned,not_mentioned
KC NDE 8766,nderf,data\nderf\04640_kc-nde-8766.json,Ohkado,2,False,False,True,not_mentioned,not_mentioned,not_mentioned,yes_explicit,not_mentioned,not_mentioned,yes_explicit,not_mentioned,not_mentioned,not_mentioned
Bart A NDE 8770,nderf,data\nderf\04642_bart-a-nde-8770.json,Ohkado,1,False,False,True,no_reason_given,not_mentioned,not_mentioned,no,not_mentioned,not_mentioned,yes_explicit,not_mentioned,not_mentioned,not_mentioned
Serena NDE 8772,nderf,data\nderf\04644_serena-nde-8772.json,Ohkado,1,False,False,True,not_mentioned,no,no,no,not_mentioned,not_mentioned,implied,explicit,not_mentioned,no
Will S Probable NDE 8779,nderf,data\nderf\04649_will-s-probable-nde-8779.json,Ohkado,2,False,False,True,no_reason_given,no,no,no,not_mentioned,spiritual_realm,implied,explicit,not_mentioned,not_mentioned
Greg N NDE 8783,nderf,data\nderf\04650_greg-n-nde-8783.json,Ohkado,3,False,False,True,not_your_time,no,no,yes_explicit,not_mentioned,spiritual_realm,yes_explicit,explicit,not_mentioned,not_mentioned
Claudine NDE 8798,nderf,data\nderf\04657_claudine-nde-8798.json,Ohkado,1,False,False,True,not_mentioned,no,not_mentioned,no,not_mentioned,not_mentioned,yes_explicit,no,none,no
Andrea D Probable NDE 8802,nderf,data\nderf\04660_andrea-d-probable-nde-8802.json,Ohkado,1,False,False,True,not_mentioned,not_mentioned,no,no,not_mentioned,not_mentioned,implied,not_mentioned,not_mentioned,no
Michael C Probable NDE 8806,nderf,data\nderf\04662_michael-c-probable-nde-8806.json,Ohkado,1,False,False,True,no_reason_given,no,no,no,not_mentioned,not_mentioned,yes_explicit,not_mentioned,not_mentioned,no
Adriana G NDE 8804,nderf,data\nderf\04663_adriana-g-nde-8804.json,Ohkado,3,False,False,True,family_responsibility,no,not_mentioned,yes_explicit,not_mentioned,spiritual_realm,yes_explicit,explicit,not_mentioned,not_mentioned
Marcelle G Probable NDE 8816,nderf,data\nderf\04665_marcelle-g-probable-nde-8816.json,Ohkado,2,False,False,True,other,not_mentioned,no,yes_explicit,not_mentioned,not_mentioned,yes_explicit,not_mentioned,not_mentioned,not_mentioned
Sandi A NDE 8822,nderf,data\nderf\04669_sandi-a-nde-8822.json,Ohkado,2,False,False,True,not_mentioned,not_mentioned,not_mentioned,yes_explicit,not_mentioned,not_mentioned,implied,no,not_mentioned,not_mentioned
Catherine T NDE 8835,nderf,data\nderf\04671_catherine-t-nde-8835.json,Ohkado,4,False,False,True,not_your_time,yes_explicit,not_mentioned,yes_explicit,not_mentioned,spiritual_realm,yes_explicit,explicit,not_mentioned,not_mentioned
Bonnie J Probable NDE 8836,nderf,data\nderf\04672_bonnie-j-probable-nde-8836.json,Ohkado,1,False,False,True,not_mentioned,not_mentioned,not_mentioned,yes_explicit,not_mentioned,not_mentioned,not_mentioned,not_mentioned,not_mentioned,not_mentioned
Douglas T NDE 8845,nderf,data\nderf\04677_douglas-t-nde-8845.json,Ohkado,2,False,False,True,not_your_time,yes_explicit,no,yes_explicit,not_mentioned,not_mentioned,implied,not_mentioned,not_mentioned,no
Perry D NDE 8849,nderf,data\nderf\04678_perry-d-nde-8849.json,Ohkado,1,False,False,True,family_responsibility,no,not_mentioned,no,not_mentioned,not_mentioned,yes_explicit,not_mentioned,not_mentioned,not_mentioned
Tomás O Possible NDE 8857,nderf,data\nderf\04681_tom-s-o-possible-nde-8857.json,Ohkado,4,False,False,True,not_mentioned,no,not_mentioned,yes_explicit,not_mentioned,spiritual_realm,yes_explicit,explicit,not_mentioned,no
Chen C NDE 16100,nderf,data\nderf\04684_chen-c-nde-16100.json,Ohkado,1,False,False,True,not_your_time,no,no,no,not_mentioned,not_mentioned,implied,not_mentioned,none,no
Kristin M SDE 8866 NDE 8866,nderf,data\nderf\04686_kristin-m-sde-8866-nde-8866.json,Ohkado,2,False,False,True,not_mentioned,implied,no,yes_explicit,not_mentioned,not_mentioned,yes_explicit,not_mentioned,none,no
Chenguan NDE 16101,nderf,data\nderf\04688_chenguan-nde-16101.json,Ohkado,1,False,False,True,family_responsibility,no,no,no,not_mentioned,not_mentioned,yes_explicit,not_mentioned,none,no
Alice U NDE 8871,nderf,data\nderf\04689_alice-u-nde-8871.json,Ohkado,2,False,False,True,not_mentioned,no,not_mentioned,yes_explicit,not_mentioned,not_mentioned,yes_explicit,not_mentioned,not_mentioned,not_mentioned
Maria W Probable NDE 8872,nderf,data\nderf\04690_maria-w-probable-nde-8872.json,Ohkado,1,False,False,True,family_responsibility,no,not_mentioned,no,not_mentioned,not_mentioned,yes_explicit,not_mentioned,not_mentioned,no
Frédéric R NDE 8874,nderf,data\nderf\04695_fr-d-ric-r-nde-8874.json,Ohkado,1,False,False,True,other,no,no,no,not_mentioned,not_mentioned,implied,not_mentioned,none,no
Eva V NDE 8878,nderf,data\nderf\04696_eva-v-nde-8878.json,Ohkado,1,False,False,True,no_reason_given,not_mentioned,not_mentioned,no,not_mentioned,not_mentioned,yes_explicit,not_mentioned,not_mentioned,not_mentioned
Jeffrey C NDE 8890,nderf,data\nderf\04701_jeffrey-c-nde-8890.json,Ohkado,3,False,False,True,no_reason_given,no,no,implied,not_mentioned,spiritual_realm,yes_explicit,explicit,not_mentioned,no
Fleur I NDE 8894,nderf,data\nderf\04704_fleur-i-nde-8894.json,Ohkado,1,False,False,True,no_reason_given,not_mentioned,not_mentioned,no,not_mentioned,not_mentioned,yes_explicit,not_mentioned,not_mentioned,no
Travis S NDE 8896,nderf,data\nderf\04706_travis-s-nde-8896.json,Ohkado,1,False,False,True,not_mentioned,no,not_mentioned,no,not_mentioned,not_mentioned,implied,no,not_mentioned,not_mentioned
Yi-Ming NDE 16104,nderf,data\nderf\04711_yi-ming-nde-16104.json,Ohkado,1,False,False,True,no_reason_given,not_mentioned,not_mentioned,not_mentioned,not_mentioned,not_mentioned,implied,not_mentioned,not_mentioned,not_mentioned
Ana Carolina T NDE 8902,nderf,data\nderf\04712_ana-carolina-t-nde-8902.json,Ohkado,1,False,False,True,other,not_mentioned,not_mentioned,no,not_mentioned,not_mentioned,yes_explicit,no,not_mentioned,not_mentioned
Dr. Dennis M NDE 8911,nderf,data\nderf\04716_dr-dennis-m-nde-8911.json,Ohkado,1,False,False,True,not_your_time,no,no,not_mentioned,not_mentioned,not_mentioned,implied,explicit,not_mentioned,no
Peter S Probable NDE 8912,nderf,data\nderf\04717_peter-s-probable-nde-8912.json,Ohkado,1,False,False,True,not_mentioned,not_mentioned,not_mentioned,no,not_mentioned,not_mentioned,yes_explicit,not_mentioned,not_mentioned,no
Loren M Probable NDE 8913,nderf,data\nderf\04718_loren-m-probable-nde-8913.json,Ohkado,1,False,False,True,no_reason_given,no,no,no,not_mentioned,spiritual_realm,not_mentioned,explicit,not_mentioned,not_mentioned
Scott W NDE 8914,nderf,data\nderf\04719_scott-w-nde-8914.json,Ohkado,2,False,False,True,not_mentioned,not_mentioned,not_mentioned,yes_explicit,not_mentioned,not_mentioned,yes_explicit,not_mentioned,not_mentioned,no
Marco R NDE 8904,nderf,data\nderf\04720_marco-r-nde-8904.json,Ohkado,1,False,False,True,not_mentioned,no,no,no,not_mentioned,not_mentioned,yes_explicit,not_mentioned,not_mentioned,not_mentioned
Timothy P NDE 8915/9913,nderf,data\nderf\04721_timothy-p-nde-8915-9913.json,Ohkado,3,False,False,True,not_your_time,yes_explicit,no,yes_explicit,not_mentioned,spiritual_realm,yes_explicit,explicit,not_mentioned,not_mentioned
John J Probable NDE 8917,nderf,data\nderf\04724_john-j-probable-nde-8917.json,Ohkado,2,False,False,True,not_mentioned,not_mentioned,not_mentioned,no,not_mentioned,spiritual_realm,yes_explicit,not_mentioned,not_mentioned,no
William F NDE 8919,nderf,data\nderf\04726_william-f-nde-8919.json,Ohkado,1,False,False,True,other,yes_explicit,not_mentioned,yes_explicit,not_mentioned,not_mentioned,not_mentioned,not_mentioned,not_mentioned,not_mentioned
Kevin O NDE 8923,nderf,data\nderf\04729_kevin-o-nde-8923.json,Ohkado,1,False,False,True,family_responsibility,no,no,no,not_mentioned,not_mentioned,yes_explicit,not_mentioned,not_mentioned,no
Brandon R Probable NDE 8928,nderf,data\nderf\04733_brandon-r-probable-nde-8928.json,Ohkado,1,False,False,True,family_responsibility,no,no,no,not_mentioned,spiritual_realm,not_mentioned,explicit,not_mentioned,no
Yamuna S Probable NDE 8933,nderf,data\nderf\04739_yamuna-s-probable-nde-8933.json,Ohkado,1,False,False,True,family_responsibility,no,no,no,not_mentioned,not_mentioned,implied,not_mentioned,not_mentioned,no
Koppi H Possible NDE 8937,nderf,data\nderf\04741_koppi-h-possible-nde-8937.json,Ohkado,1,False,False,True,no_reason_given,not_mentioned,not_mentioned,not_mentioned,not_mentioned,not_mentioned,implied,not_mentioned,not_mentioned,no
Christopher H Possible NDE 8939,nderf,data\nderf\04742_christopher-h-possible-nde-8939.json,Ohkado,1,False,False,True,not_mentioned,not_mentioned,not_mentioned,no,not_mentioned,spiritual_realm,not_mentioned,explicit,none,no
Theresa C NDE 8951,nderf,data\nderf\04745_theresa-c-nde-8951.json,Ohkado,1,False,False,True,not_mentioned,no,not_mentioned,no,not_mentioned,not_mentioned,yes_explicit,not_mentioned,not_mentioned,no
Brom W NDE 8957,nderf,data\nderf\04749_brom-w-nde-8957.json,Ohkado,1,False,False,True,other,yes_explicit,not_mentioned,no,not_mentioned,not_mentioned,implied,not_mentioned,not_mentioned,no
Canon C NDE 16110,nderf,data\nderf\04752_canon-c-nde-16110.json,Ohkado,1,False,False,True,not_your_time,no,no,no,not_mentioned,not_mentioned,yes_explicit,not_mentioned,not_mentioned,no
Anonymous NDE 16112,nderf,data\nderf\04754_anonymous-nde-16112.json,Ohkado,1,False,False,True,other,implied,no,no,not_mentioned,not_mentioned,yes_explicit,not_mentioned,not_mentioned,no
Joel P Possible FDE 8962 NDE 8962,nderf,data\nderf\04756_joel-p-possible-fde-8962-nde-8962.json,Ohkado,1,False,False,True,no_reason_given,no,no,no,not_mentioned,not_mentioned,yes_explicit,no,not_mentioned,no
Sydney U NDE 8963,nderf,data\nderf\04757_sydney-u-nde-8963.json,Ohkado,1,False,False,True,family_responsibility,no,not_mentioned,no,not_mentioned,spiritual_realm,not_mentioned,not_mentioned,not_mentioned,not_mentioned
Perry D Probable NDE 8972,nderf,data\nderf\04762_perry-d-probable-nde-8972.json,Ohkado,1,False,False,True,other,no,no,no,not_mentioned,not_mentioned,implied,not_mentioned,not_mentioned,no
Susan H NDE 8974,nderf,data\nderf\04765_susan-h-nde-8974.json,Ohkado,3,False,False,True,not_mentioned,yes_explicit,no,yes_explicit,not_mentioned,spiritual_realm,not_mentioned,explicit,not_mentioned,not_mentioned
Andrew C Probable NDE 8980,nderf,data\nderf\04768_andrew-c-probable-nde-8980.json,Ohkado,1,False,False,True,family_responsibility,not_mentioned,no,no,not_mentioned,not_mentioned,implied,not_mentioned,not_mentioned,no
Maureen K NDE 8982,nderf,data\nderf\04769_maureen-k-nde-8982.json,Ohkado,2,False,False,True,family_responsibility,yes_explicit,no,yes_explicit,not_mentioned,not_mentioned,implied,not_mentioned,none,no
Yon J NDE 8988,nderf,data\nderf\04771_yon-j-nde-8988.json,Ohkado,2,False,False,True,not_mentioned,no,not_mentioned,yes_explicit,not_mentioned,not_mentioned,yes_explicit,not_mentioned,none,no
Sarah A Probable NDE 8993,nderf,data\nderf\04773_sarah-a-probable-nde-8993.json,Ohkado,1,False,False,True,other,no,not_mentioned,no,not_mentioned,spiritual_realm,not_mentioned,explicit,not_mentioned,not_mentioned
Laura K NDE 8994,nderf,data\nderf\04774_laura-k-nde-8994.json,Ohkado,1,False,False,True,not_mentioned,no,no,no,not_mentioned,not_mentioned,yes_explicit,not_mentioned,not_mentioned,no
Douglas D NDE 8995,nderf,data\nderf\04775_douglas-d-nde-8995.json,Ohkado,1,False,False,True,not_your_time,not_mentioned,not_mentioned,no,not_mentioned,not_mentioned,yes_explicit,not_mentioned,not_mentioned,not_mentioned
Melanie J Possible NDE 9003,nderf,data\nderf\04779_melanie-j-possible-nde-9003.json,Ohkado,2,False,False,True,not_mentioned,no,not_mentioned,no,not_mentioned,spiritual_realm,yes_explicit,explicit,not_mentioned,no
Michael K SDE 9011 NDE 9011,nderf,data\nderf\04786_michael-k-sde-9011-nde-9011.json,Ohkado,1,False,False,True,not_your_time,no,no,no,not_mentioned,not_mentioned,implied,not_mentioned,not_mentioned,not_mentioned
Darlene P NDE 16116,nderf,data\nderf\04787_darlene-p-nde-16116.json,Ohkado,2,False,False,True,not_mentioned,no,no,no,not_mentioned,spiritual_realm,implied,not_mentioned,not_mentioned,no
Peter H NDE 9014,nderf,data\nderf\04789_peter-h-nde-9014.json,Ohkado,1,False,False,True,not_mentioned,no,no,no,not_mentioned,not_mentioned,yes_explicit,not_mentioned,not_mentioned,no
Michael NDE 9017,nderf,data\nderf\04791_michael-nde-9017.json,Ohkado,3,False,False,True,not_your_time,not_mentioned,not_mentioned,yes_explicit,not_mentioned,spiritual_realm,yes_explicit,explicit,not_mentioned,no
Nicole D NDE 9019,nderf,data\nderf\04792_nicole-d-nde-9019.json,Ohkado,1,False,False,True,family_responsibility,not_mentioned,not_mentioned,no,chose_mission,not_mentioned,not_mentioned,not_mentioned,not_mentioned,no
Schon R NDE 9026,nderf,data\nderf\04797_schon-r-nde-9026.json,Ohkado,1,False,False,True,not_mentioned,not_mentioned,not_mentioned,yes_explicit,not_mentioned,not_mentioned,not_mentioned,not_mentioned,not_mentioned,not_mentioned
Holly G NDE 16117/9033,nderf,data\nderf\04798_holly-g-nde-16117-9033.json,Ohkado,1,False,False,True,not_your_time,implied,no,yes_explicit,not_mentioned,not_mentioned,not_mentioned,not_mentioned,not_mentioned,no
Battushig D Possible NDE 9027,nderf,data\nderf\04799_battushig-d-possible-nde-9027.json,Ohkado,1,False,False,True,not_mentioned,no,not_mentioned,no,not_mentioned,not_mentioned,implied,not_mentioned,not_mentioned,not_mentioned
Chris T FDE 9028/6511/6510 NDE 6510,nderf,data\nderf\04800_chris-t-fde-9028-6511-6510-nde-6510.json,Ohkado,2,False,False,True,family_responsibility,yes_explicit,no,yes_explicit,not_mentioned,not_mentioned,yes_explicit,explicit,not_mentioned,not_mentioned
Melinda G NDE 9029,nderf,data\nderf\04800_melinda-g-nde-9029.json,Ohkado,2,False,False,True,not_mentioned,implied,not_mentioned,not_mentioned,not_mentioned,spiritual_realm,yes_explicit,explicit,not_mentioned,not_mentioned
James M NDE 9035,nderf,data\nderf\04802_james-m-nde-9035.json,Ohkado,2,False,False,True,not_mentioned,not_mentioned,not_mentioned,no,not_mentioned,spiritual_realm,yes_explicit,explicit,not_mentioned,not_mentioned
Sophia K NDE 9036,nderf,data\nderf\04805_sophia-k-nde-9036.json,Ohkado,1,False,False,True,not_your_time,not_mentioned,not_mentioned,not_mentioned,not_mentioned,not_mentioned,yes_explicit,not_mentioned,not_mentioned,not_mentioned
Franciose R NDE 9041,nderf,data\nderf\04809_franciose-r-nde-9041.json,Ohkado,2,False,False,True,no_reason_given,no,no,yes_explicit,not_mentioned,not_mentioned,yes_explicit,explicit,not_mentioned,no
Fatih A NDE 9048,nderf,data\nderf\04813_fatih-a-nde-9048.json,Ohkado,2,False,False,True,not_mentioned,not_mentioned,not_mentioned,no,not_mentioned,spiritual_realm,implied,explicit,not_mentioned,not_mentioned
Caroline L NDE 9049,nderf,data\nderf\04814_caroline-l-nde-9049.json,Ohkado,1,False,False,True,no_reason_given,no,not_mentioned,no,not_mentioned,not_mentioned,yes_explicit,not_mentioned,not_mentioned,no
Van I NDE 9053,nderf,data\nderf\04816_van-i-nde-9053.json,Ohkado,1,False,False,True,not_your_time,yes_explicit,no,no,not_mentioned,not_mentioned,yes_explicit,no,not_mentioned,not_mentioned
Cleo D Probable NDE 9055,nderf,data\nderf\04817_cleo-d-probable-nde-9055.json,Ohkado,1,False,False,True,no_reason_given,not_mentioned,not_mentioned,no,not_mentioned,not_mentioned,yes_explicit,not_mentioned,not_mentioned,not_mentioned
Lee C NDEs 9054 NDE 9054,nderf,data\nderf\04818_lee-c-ndes-9054-nde-9054.json,Ohkado,1,False,False,True,not_mentioned,yes_explicit,no,no,not_mentioned,spiritual_realm,not_mentioned,implied,not_mentioned,not_mentioned
Anne B Probable NDE 9058,nderf,data\nderf\04820_anne-b-probable-nde-9058.json,Ohkado,1,False,False,True,not_mentioned,no,no,no,not_mentioned,not_mentioned,implied,no,not_mentioned,no
Shia M NDE 9059,nderf,data\nderf\04821_shia-m-nde-9059.json,Ohkado,1,False,False,True,not_mentioned,no,not_mentioned,no,not_mentioned,not_mentioned,yes_explicit,not_mentioned,not_mentioned,no
William H NDE 9062,nderf,data\nderf\04822_william-h-nde-9062.json,Ohkado,1,False,False,True,not_mentioned,no,no,no,not_mentioned,not_mentioned,implied,not_mentioned,not_mentioned,not_mentioned
David C FDE 9064 NDE 9064,nderf,data\nderf\04825_david-c-fde-9064-nde-9064.json,Ohkado,1,False,False,True,not_mentioned,no,not_mentioned,no,not_mentioned,spiritual_realm,not_mentioned,implied,not_mentioned,no
Liam W NDE 9065,nderf,data\nderf\04826_liam-w-nde-9065.json,Ohkado,1,False,False,True,not_mentioned,no,no,no,not_mentioned,not_mentioned,yes_explicit,not_mentioned,none,no
Estelle D NDE 9069,nderf,data\nderf\04830_estelle-d-nde-9069.json,Ohkado,2,False,False,True,not_your_time,yes_explicit,no,no,not_mentioned,spiritual_realm,yes_explicit,explicit,not_mentioned,not_mentioned
Louise L Pre-birth 9071 NDE 9071,nderf,data\nderf\04831_louise-l-pre-birth-9071-nde-9071.json,Ohkado,4,False,False,True,other,no,not_mentioned,yes_explicit,chose_mission,not_mentioned,yes_explicit,not_mentioned,not_mentioned,not_mentioned
Helena S SDE 23462 NDE 23462,nderf,data\nderf\04840_helena-s-sde-23462-nde-23462.json,Ohkado,1,False,False,True,not_mentioned,not_mentioned,not_mentioned,not_mentioned,not_mentioned,spiritual_realm,not_mentioned,explicit,not_mentioned,not_mentioned
Kevin G NDE 9089,nderf,data\nderf\04841_kevin-g-nde-9089.json,Ohkado,1,False,False,True,other,no,no,no,not_mentioned,not_mentioned,yes_explicit,not_mentioned,none,no
Anthony R Probable NDE 9094,nderf,data\nderf\04844_anthony-r-probable-nde-9094.json,Ohkado,1,False,False,True,other,implied,no,no,not_mentioned,not_mentioned,yes_explicit,not_mentioned,not_mentioned,not_mentioned
Georgie P Probable NDE 9103,nderf,data\nderf\04852_georgie-p-probable-nde-9103.json,Ohkado,1,False,False,True,not_your_time,no,no,no,not_mentioned,not_mentioned,yes_explicit,not_mentioned,not_mentioned,not_mentioned
Grant F NDE 9104,nderf,data\nderf\04853_grant-f-nde-9104.json,Ohkado,1,False,False,True,not_your_time,no,not_mentioned,no,not_mentioned,not_mentioned,yes_explicit,not_mentioned,not_mentioned,not_mentioned
Chris C NDE 9105,nderf,data\nderf\04854_chris-c-nde-9105.json,Ohkado,1,False,False,True,no_reason_given,not_mentioned,not_mentioned,no,not_mentioned,not_mentioned,yes_explicit,implied,not_mentioned,not_mentioned
Annalise E NDE 9115,nderf,data\nderf\04862_annalise-e-nde-9115.json,Ohkado,4,False,False,True,no_reason_given,not_mentioned,not_mentioned,yes_explicit,not_mentioned,spiritual_realm,implied,explicit,not_mentioned,not_mentioned
Ernest H NDE 9116,nderf,data\nderf\04863_ernest-h-nde-9116.json,Ohkado,1,False,False,True,not_mentioned,no,not_mentioned,no,not_mentioned,not_mentioned,yes_explicit,not_mentioned,not_mentioned,not_mentioned
Lee S NDE 9117,nderf,data\nderf\04864_lee-s-nde-9117.json,Ohkado,1,False,False,True,not_mentioned,no,no,no,not_mentioned,not_mentioned,yes_explicit,implied,not_mentioned,no
Laura Z Probable NDE 9118,nderf,data\nderf\04865_laura-z-probable-nde-9118.json,Ohkado,4,False,False,True,no_reason_given,implied,no,yes_explicit,not_mentioned,spiritual_realm,yes_explicit,explicit,not_mentioned,not_mentioned
Rhonda E Possible NDE 9122,nderf,data\nderf\04869_rhonda-e-possible-nde-9122.json,Ohkado,1,False,False,True,not_mentioned,no,no,no,not_mentioned,not_mentioned,yes_explicit,not_mentioned,none,no
Dave M NDE 9123,nderf,data\nderf\04870_dave-m-nde-9123.json,Ohkado,1,False,False,True,not_your_time,no,no,no,not_mentioned,not_mentioned,yes_explicit,no,none,no
Kristin K NDE 9130,nderf,data\nderf\04875_kristin-k-nde-9130.json,Ohkado,1,False,False,True,family_responsibility,yes_explicit,no,no,not_mentioned,not_mentioned,yes_explicit,not_mentioned,not_mentioned,no
Janine S NDE 9132,nderf,data\nderf\04876_janine-s-nde-9132.json,Ohkado,3,False,False,True,not_mentioned,no,no,implied,not_mentioned,spiritual_realm,yes_explicit,explicit,none,no
Anna P Possible NDE 9127,nderf,data\nderf\04882_anna-p-possible-nde-9127.json,Ohkado,2,False,False,True,other,not_mentioned,not_mentioned,yes_explicit,not_mentioned,not_mentioned,yes_explicit,not_mentioned,not_mentioned,not_mentioned
Wilma B NDE 9141,nderf,data\nderf\04883_wilma-b-nde-9141.json,Ohkado,1,False,False,True,other,yes_explicit,not_mentioned,yes_explicit,not_mentioned,not_mentioned,not_mentioned,not_mentioned,not_mentioned,not_mentioned
Svetlana Probable NDE 9145,nderf,data\nderf\04885_svetlana-probable-nde-9145.json,Ohkado,1,False,False,True,no_reason_given,no,no,no,not_mentioned,spiritual_realm,not_mentioned,explicit,not_mentioned,not_mentioned
Alison B Probable NDE 9144,nderf,data\nderf\04886_alison-b-probable-nde-9144.json,Ohkado,1,False,False,True,no_reason_given,no,no,no,not_mentioned,not_mentioned,implied,not_mentioned,none,no
Wendy W NDE 9146,nderf,data\nderf\04887_wendy-w-nde-9146.json,Ohkado,3,False,False,True,family_responsibility,not_mentioned,no,yes_explicit,not_mentioned,spiritual_realm,yes_explicit,explicit,not_mentioned,no
Val C NDE 9155,nderf,data\nderf\04890_val-c-nde-9155.json,Ohkado,1,False,False,True,other,yes_explicit,no,not_mentioned,not_mentioned,not_mentioned,yes_explicit,not_mentioned,not_mentioned,no
Anna E STE 9158 NDE 9158,nderf,data\nderf\04892_anna-e-ste-9158-nde-9158.json,Ohkado,1,False,False,True,not_mentioned,implied,not_mentioned,no,not_mentioned,not_mentioned,yes_explicit,not_mentioned,not_mentioned,not_mentioned
Robin A Probable NDE 9159,nderf,data\nderf\04893_robin-a-probable-nde-9159.json,Ohkado,2,False,False,True,not_your_time,not_mentioned,not_mentioned,implied,not_mentioned,not_mentioned,implied,implied,not_mentioned,no
Robert B NDE 9163,nderf,data\nderf\04895_robert-b-nde-9163.json,Ohkado,2,False,False,True,not_mentioned,no,not_mentioned,yes_explicit,not_mentioned,not_mentioned,yes_explicit,not_mentioned,not_mentioned,no
Whitney H NDE 9164,nderf,data\nderf\04896_whitney-h-nde-9164.json,Ohkado,1,False,False,True,not_mentioned,yes_explicit,no,not_mentioned,not_mentioned,spiritual_realm,not_mentioned,explicit,not_mentioned,no
Bill J NDE 9165,nderf,data\nderf\04897_bill-j-nde-9165.json,Ohkado,2,False,False,True,not_your_time,no,not_mentioned,no,not_mentioned,spiritual_realm,yes_explicit,explicit,not_mentioned,not_mentioned
Maria T STE 9170 NDE 9170,nderf,data\nderf\04898_maria-t-ste-9170-nde-9170.json,Ohkado,1,False,False,True,family_responsibility,implied,no,no,not_mentioned,not_mentioned,yes_explicit,not_mentioned,not_mentioned,not_mentioned
Dilara Probable NDE 9173,nderf,data\nderf\04901_dilara-probable-nde-9173.json,Ohkado,2,False,False,True,other,no,no,implied,not_mentioned,not_mentioned,yes_explicit,explicit,not_mentioned,not_mentioned
Ahly S NDE 9175,nderf,data\nderf\04903_ahly-s-nde-9175.json,Ohkado,1,False,False,True,not_your_time,no,not_mentioned,not_mentioned,not_mentioned,not_mentioned,yes_explicit,not_mentioned,not_mentioned,not_mentioned
Alex L NDE 9176,nderf,data\nderf\04904_alex-l-nde-9176.json,Ohkado,1,False,False,True,no_reason_given,implied,no,no,not_mentioned,not_mentioned,yes_explicit,not_mentioned,not_mentioned,no
John G NDE 9177,nderf,data\nderf\04905_john-g-nde-9177.json,Ohkado,1,False,False,True,not_mentioned,no,no,no,not_mentioned,not_mentioned,yes_explicit,not_mentioned,not_mentioned,no
Kevin S Probable NDE 9185,nderf,data\nderf\04908_kevin-s-probable-nde-9185.json,Ohkado,1,False,False,True,family_responsibility,no,not_mentioned,yes_explicit,not_mentioned,not_mentioned,not_mentioned,not_mentioned,not_mentioned,no
Liam A NDE 9186,nderf,data\nderf\04909_liam-a-nde-9186.json,Ohkado,1,False,False,True,not_mentioned,no,not_mentioned,not_mentioned,not_mentioned,not_mentioned,yes_explicit,no,not_mentioned,not_mentioned
Niels W NDE 9193,nderf,data\nderf\04911_niels-w-nde-9193.json,Ohkado,2,False,False,True,family_responsibility,no,no,yes_explicit,not_mentioned,not_mentioned,yes_explicit,not_mentioned,not_mentioned,no
Joe B NDE 9196,nderf,data\nderf\04913_joe-b-nde-9196.json,Ohkado,1,False,False,True,not_mentioned,no,no,no,not_mentioned,not_mentioned,implied,not_mentioned,not_mentioned,no
Jamie B NDE 9204,nderf,data\nderf\04919_jamie-b-nde-9204.json,Ohkado,1,False,False,True,family_responsibility,no,not_mentioned,no,not_mentioned,spiritual_realm,not_mentioned,explicit,not_mentioned,no
Samuel E NDE 9208,nderf,data\nderf\04922_samuel-e-nde-9208.json,Ohkado,1,False,False,True,no_reason_given,no,no,no,not_mentioned,not_mentioned,yes_explicit,no,not_mentioned,no
Candy A NDE 9212,nderf,data\nderf\04924_candy-a-nde-9212.json,Ohkado,1,False,False,True,not_mentioned,no,not_mentioned,no,not_mentioned,not_mentioned,implied,no,none,no
Rebekah M NDE 9213,nderf,data\nderf\04925_rebekah-m-nde-9213.json,Ohkado,2,False,False,True,family_responsibility,no,not_mentioned,yes_explicit,not_mentioned,not_mentioned,yes_explicit,not_mentioned,not_mentioned,not_mentioned
Mike C NDE 9216,nderf,data\nderf\04927_mike-c-nde-9216.json,Ohkado,1,False,False,True,not_mentioned,no,not_mentioned,no,not_mentioned,not_mentioned,yes_explicit,not_mentioned,not_mentioned,not_mentioned
Karen L NDE 9224,nderf,data\nderf\04930_karen-l-nde-9224.json,Ohkado,2,False,False,True,family_responsibility,implied,not_mentioned,yes_explicit,not_mentioned,not_mentioned,yes_explicit,not_mentioned,not_mentioned,not_mentioned
Anouk P Probable NDE 9226,nderf,data\nderf\04932_anouk-p-probable-nde-9226.json,Ohkado,2,False,False,True,other,not_mentioned,not_mentioned,implied,not_mentioned,not_mentioned,implied,no,not_mentioned,no
Stefan vdB NDE 9238,nderf,data\nderf\04937_stefan-vdb-nde-9238.json,Ohkado,2,False,False,True,family_responsibility,not_mentioned,not_mentioned,yes_explicit,not_mentioned,not_mentioned,yes_explicit,not_mentioned,not_mentioned,no
Wallace S NDE 9239,nderf,data\nderf\04938_wallace-s-nde-9239.json,Ohkado,1,False,False,True,not_your_time,yes_explicit,no,yes_explicit,not_mentioned,not_mentioned,not_mentioned,explicit,not_mentioned,not_mentioned
Amy G NDE 9249,nderf,data\nderf\04943_amy-g-nde-9249.json,Ohkado,1,False,False,True,no_reason_given,no,no,no,not_mentioned,not_mentioned,yes_explicit,not_mentioned,not_mentioned,not_mentioned
Daniel H Probable NDE 9255,nderf,data\nderf\04946_daniel-h-probable-nde-9255.json,Ohkado,1,False,False,True,not_your_time,no,no,no,not_mentioned,not_mentioned,implied,not_mentioned,not_mentioned,not_mentioned
James M NDE 9256,nderf,data\nderf\04947_james-m-nde-9256.json,Ohkado,1,False,False,True,no_reason_given,no,no,no,not_mentioned,not_mentioned,implied,no,none,no
Ray F NDE 9258,nderf,data\nderf\04948_ray-f-nde-9258.json,Ohkado,1,False,False,True,not_mentioned,not_mentioned,not_mentioned,no,not_mentioned,spiritual_realm,not_mentioned,explicit,none,no
Alba Monn SDE 9253 NDE 9253,nderf,data\nderf\04949_alba-monn-sde-9253-nde-9253.json,Ohkado,2,False,False,True,not_mentioned,not_mentioned,not_mentioned,yes_explicit,not_mentioned,not_mentioned,yes_explicit,not_mentioned,not_mentioned,not_mentioned
Norman T NDE 9262,nderf,data\nderf\04953_norman-t-nde-9262.json,Ohkado,1,False,False,True,not_your_time,implied,not_mentioned,not_mentioned,not_mentioned,not_mentioned,yes_explicit,not_mentioned,not_mentioned,no
Debora C NDE 9265,nderf,data\nderf\04954_debora-c-nde-9265.json,Ohkado,1,False,False,True,not_your_time,not_mentioned,not_mentioned,not_mentioned,not_mentioned,spiritual_realm,not_mentioned,explicit,not_mentioned,not_mentioned
Cheltsey T NDE 9267,nderf,data\nderf\04956_cheltsey-t-nde-9267.json,Ohkado,2,False,False,True,not_your_time,not_mentioned,not_mentioned,no,not_mentioned,spiritual_realm,yes_explicit,not_mentioned,not_mentioned,not_mentioned
Angela B STE 9268 NDE 9268,nderf,data\nderf\04957_angela-b-ste-9268-nde-9268.json,Ohkado,4,False,False,True,not_mentioned,no,no,yes_explicit,not_mentioned,spiritual_realm,implied,explicit,not_mentioned,not_mentioned
Martina S Probable NDE 9270,nderf,data\nderf\04959_martina-s-probable-nde-9270.json,Ohkado,1,False,False,True,other,no,no,no,not_mentioned,spiritual_realm,not_mentioned,implied,not_mentioned,not_mentioned
Katharine S Possible NDE 9271,nderf,data\nderf\04960_katharine-s-possible-nde-9271.json,Ohkado,1,False,False,True,not_your_time,implied,no,no,not_mentioned,not_mentioned,yes_explicit,no,none,no
Shawnise C NDE 9273,nderf,data\nderf\04962_shawnise-c-nde-9273.json,Ohkado,1,False,False,True,other,not_mentioned,no,no,not_mentioned,spiritual_realm,not_mentioned,explicit,not_mentioned,no
Travis S Probable NDE 9274,nderf,data\nderf\04963_travis-s-probable-nde-9274.json,Ohkado,1,False,False,True,other,no,not_mentioned,no,not_mentioned,not_mentioned,yes_explicit,not_mentioned,not_mentioned,not_mentioned
Don R NDEs 23476 NDE 23476,nderf,data\nderf\04968_don-r-ndes-23476-nde-23476.json,Ohkado,1,False,False,True,family_responsibility,no,no,no,not_mentioned,not_mentioned,implied,not_mentioned,not_mentioned,no
David H Probable NDE 9282,nderf,data\nderf\04969_david-h-probable-nde-9282.json,Ohkado,1,False,False,True,not_your_time,implied,no,not_mentioned,not_mentioned,not_mentioned,yes_explicit,no,not_mentioned,no
Elodie B Probable NDE 9291,nderf,data\nderf\04974_elodie-b-probable-nde-9291.json,Ohkado,1,False,False,True,not_mentioned,no,no,no,not_mentioned,not_mentioned,yes_explicit,no,not_mentioned,not_mentioned
Ben B NDE 9298,nderf,data\nderf\04977_ben-b-nde-9298.json,Ohkado,2,False,False,True,not_your_time,implied,no,no,not_mentioned,spiritual_realm,implied,explicit,not_mentioned,no
Joyce G NDE and NDE 9301,nderf,data\nderf\04979_joyce-g-nde-and-nde-9301.json,Ohkado,4,False,False,True,no_reason_given,not_mentioned,not_mentioned,yes_explicit,not_mentioned,spiritual_realm,implied,explicit,none,no
Katty Q Probable NDE 9308,nderf,data\nderf\04985_katty-q-probable-nde-9308.json,Ohkado,2,False,False,True,not_your_time,implied,no,yes_explicit,not_mentioned,not_mentioned,yes_explicit,not_mentioned,not_mentioned,no
Charlene R NDE 9310,nderf,data\nderf\04986_charlene-r-nde-9310.json,Ohkado,2,False,False,True,not_your_time,not_mentioned,not_mentioned,yes_explicit,not_mentioned,not_mentioned,yes_explicit,not_mentioned,not_mentioned,not_mentioned
Sandy K NDE 9311,nderf,data\nderf\04987_sandy-k-nde-9311.json,Ohkado,1,False,False,True,not_your_time,implied,not_mentioned,not_mentioned,not_mentioned,not_mentioned,yes_explicit,not_mentioned,not_mentioned,no
Bruce S NDE 9312,nderf,data\nderf\04988_bruce-s-nde-9312.json,Ohkado,1,False,False,True,not_mentioned,not_mentioned,not_mentioned,yes_explicit,not_mentioned,not_mentioned,not_mentioned,not_mentioned,not_mentioned,not_mentioned
Sarah B STE 9315 NDE 9315,nderf,data\nderf\04989_sarah-b-ste-9315-nde-9315.json,Ohkado,1,False,False,True,family_responsibility,yes_explicit,no,no,not_mentioned,not_mentioned,implied,explicit,none,no
Al H NDE 9322,nderf,data\nderf\04992_al-h-nde-9322.json,Ohkado,1,False,False,True,other,not_mentioned,not_mentioned,yes_explicit,not_mentioned,not_mentioned,not_mentioned,not_mentioned,not_mentioned,not_mentioned
Susie P NDE 9323,nderf,data\nderf\04993_susie-p-nde-9323.json,Ohkado,1,False,False,True,family_responsibility,yes_explicit,no,no,not_mentioned,not_mentioned,yes_explicit,not_mentioned,none,no
Mathew B NDE 9324,nderf,data\nderf\04994_mathew-b-nde-9324.json,Ohkado,1,False,False,True,not_mentioned,no,not_mentioned,no,not_mentioned,spiritual_realm,not_mentioned,explicit,not_mentioned,not_mentioned
Ramona C NDE 9334,nderf,data\nderf\05000_ramona-c-nde-9334.json,Ohkado,1,False,False,True,family_responsibility,implied,no,yes_explicit,not_mentioned,not_mentioned,not_mentioned,not_mentioned,not_mentioned,no
Hugh P NDE 16124,nderf,data\nderf\05001_hugh-p-nde-16124.json,Ohkado,1,False,False,True,not_your_time,not_mentioned,no,no,not_mentioned,spiritual_realm,not_mentioned,explicit,none,no
Kaitlin S Anesthesia 9341 NDE 9341,nderf,data\nderf\05005_kaitlin-s-anesthesia-9341-nde-9341.json,Ohkado,1,False,False,True,family_responsibility,no,no,no,not_mentioned,not_mentioned,yes_explicit,implied,not_mentioned,no
Sam K Probable NDE 9347,nderf,data\nderf\05013_sam-k-probable-nde-9347.json,Ohkado,1,False,False,True,not_mentioned,yes_explicit,no,yes_explicit,not_mentioned,not_mentioned,not_mentioned,not_mentioned,not_mentioned,no
Monique R Possible NDE 9351,nderf,data\nderf\05015_monique-r-possible-nde-9351.json,Ohkado,1,False,False,True,no_reason_given,no,no,no,not_mentioned,not_mentioned,yes_explicit,not_mentioned,not_mentioned,no
Robine C Probable NDE 9357,nderf,data\nderf\05018_robine-c-probable-nde-9357.json,Ohkado,2,False,False,True,other,implied,no,no,not_mentioned,spiritual_realm,yes_explicit,not_mentioned,not_mentioned,no
Sharlene S NDE 9361,nderf,data\nderf\05020_sharlene-s-nde-9361.json,Ohkado,1,False,False,True,family_responsibility,not_mentioned,not_mentioned,no,not_mentioned,spiritual_realm,not_mentioned,implied,not_mentioned,no
ErinRae G NDE 9365,nderf,data\nderf\05021_erinrae-g-nde-9365.json,Ohkado,2,False,False,True,not_mentioned,no,no,no,not_mentioned,spiritual_realm,implied,explicit,none,no
Kevin L NDE 9362,nderf,data\nderf\05022_kevin-l-nde-9362.json,Ohkado,2,False,False,True,family_responsibility,no,no,not_mentioned,not_mentioned,spiritual_realm,yes_explicit,explicit,not_mentioned,no
Valentina D NDE 9367,nderf,data\nderf\05023_valentina-d-nde-9367.json,Ohkado,2,False,False,True,family_responsibility,implied,no,yes_explicit,not_mentioned,not_mentioned,yes_explicit,not_mentioned,not_mentioned,not_mentioned
Steffan H NDE 16126,nderf,data\nderf\05027_steffan-h-nde-16126.json,Ohkado,1,False,False,True,not_your_time,no,no,no,not_mentioned,spiritual_realm,not_mentioned,explicit,not_mentioned,no
Lisette SL Probable NDE 9378,nderf,data\nderf\05028_lisette-sl-probable-nde-9378.json,Ohkado,2,False,False,True,family_responsibility,implied,no,implied,not_mentioned,not_mentioned,implied,not_mentioned,not_mentioned,no
Rick H NDE 9386,nderf,data\nderf\05031_rick-h-nde-9386.json,Ohkado,1,False,False,True,no_reason_given,no,no,no,not_mentioned,not_mentioned,yes_explicit,implied,not_mentioned,not_mentioned
Jose G Probable NDE 9397,nderf,data\nderf\05033_jose-g-probable-nde-9397.json,Ohkado,1,False,False,True,not_mentioned,not_mentioned,not_mentioned,no,not_mentioned,not_mentioned,yes_explicit,not_mentioned,not_mentioned,not_mentioned
Amanda G NDE 9395,nderf,data\nderf\05036_amanda-g-nde-9395.json,Ohkado,2,False,False,True,family_responsibility,no,not_mentioned,yes_explicit,not_mentioned,not_mentioned,yes_explicit,not_mentioned,not_mentioned,no
Michael Z NDE 9403,nderf,data\nderf\05041_michael-z-nde-9403.json,Ohkado,1,False,False,True,not_mentioned,not_mentioned,not_mentioned,no,not_mentioned,spiritual_realm,not_mentioned,explicit,not_mentioned,not_mentioned
Byun SS NDE 9409,nderf,data\nderf\05043_byun-ss-nde-9409.json,Ohkado,1,False,False,True,not_mentioned,yes_explicit,no,no,not_mentioned,not_mentioned,yes_explicit,not_mentioned,not_mentioned,not_mentioned
Kelly R FDE 9410 NDE 9410,nderf,data\nderf\05044_kelly-r-fde-9410-nde-9410.json,Ohkado,1,False,False,True,not_mentioned,no,not_mentioned,yes_explicit,not_mentioned,not_mentioned,not_mentioned,not_mentioned,not_mentioned,not_mentioned
Erin Q NDE 9411,nderf,data\nderf\05047_erin-q-nde-9411.json,Ohkado,1,False,False,True,family_responsibility,not_mentioned,not_mentioned,not_mentioned,not_mentioned,not_mentioned,yes_explicit,not_mentioned,not_mentioned,not_mentioned
Estelle G STE 9415 NDE 9415,nderf,data\nderf\05049_estelle-g-ste-9415-nde-9415.json,Ohkado,1,False,False,True,not_your_time,no,no,no,not_mentioned,spiritual_realm,not_mentioned,not_mentioned,not_mentioned,not_mentioned
Mimi D NDE 9417,nderf,data\nderf\05050_mimi-d-nde-9417.json,Ohkado,2,False,False,True,not_your_time,yes_explicit,no,yes_explicit,not_mentioned,not_mentioned,yes_explicit,implied,not_mentioned,not_mentioned
Naomi NDEs 9420 NDE 9420,nderf,data\nderf\05053_naomi-ndes-9420-nde-9420.json,Ohkado,1,False,False,True,family_responsibility,no,no,no,not_mentioned,spiritual_realm,not_mentioned,explicit,not_mentioned,no
Tony W NDE 9422,nderf,data\nderf\05055_tony-w-nde-9422.json,Ohkado,1,False,False,True,no_reason_given,no,no,no,not_mentioned,not_mentioned,implied,not_mentioned,not_mentioned,no
Eleanor W STE 9428 NDE 9428,nderf,data\nderf\05060_eleanor-w-ste-9428-nde-9428.json,Ohkado,1,False,False,True,not_mentioned,yes_explicit,no,no,not_mentioned,not_mentioned,yes_explicit,not_mentioned,not_mentioned,not_mentioned
Patrick P NDE 9430,nderf,data\nderf\05062_patrick-p-nde-9430.json,Ohkado,1,False,False,True,other,implied,no,implied,not_mentioned,not_mentioned,not_mentioned,not_mentioned,not_mentioned,no
Andrew M NDE 9431,nderf,data\nderf\05063_andrew-m-nde-9431.json,Ohkado,1,False,False,True,not_your_time,not_mentioned,not_mentioned,no,not_mentioned,not_mentioned,implied,not_mentioned,not_mentioned,not_mentioned
Franklin R NDE 9433,nderf,data\nderf\05065_franklin-r-nde-9433.json,Ohkado,2,False,False,True,not_mentioned,no,not_mentioned,yes_explicit,not_mentioned,not_mentioned,yes_explicit,not_mentioned,not_mentioned,no
Janice F NDE 9436,nderf,data\nderf\05068_janice-f-nde-9436.json,Ohkado,1,False,False,True,not_mentioned,no,no,no,not_mentioned,not_mentioned,implied,not_mentioned,not_mentioned,no
Yin-Ya NDE 16127,nderf,data\nderf\05070_yin-ya-nde-16127.json,Ohkado,1,False,False,True,family_responsibility,no,no,no,not_mentioned,not_mentioned,implied,not_mentioned,none,no
Gail C NDE 9440,nderf,data\nderf\05072_gail-c-nde-9440.json,Ohkado,1,False,False,True,other,implied,no,no,not_mentioned,not_mentioned,yes_explicit,no,not_mentioned,no
Marlon C Pre-Birth 23501 NDE 23501,nderf,data\nderf\05074_marlon-c-pre-birth-23501-nde-23501.json,Ohkado,3,False,False,True,other,no,no,yes_explicit,no_choice,not_mentioned,yes_explicit,no,none,not_mentioned
Constanza S NDE 9446,nderf,data\nderf\05077_constanza-s-nde-9446.json,Ohkado,1,False,False,True,not_your_time,implied,no,no,not_mentioned,not_mentioned,yes_explicit,not_mentioned,not_mentioned,not_mentioned
Jeff L NDE 9453,nderf,data\nderf\05080_jeff-l-nde-9453.json,Ohkado,1,False,False,True,not_mentioned,no,no,no,not_mentioned,not_mentioned,yes_explicit,not_mentioned,not_mentioned,not_mentioned
Carmie S FDE 9461 NDE 9461,nderf,data\nderf\05086_carmie-s-fde-9461-nde-9461.json,Ohkado,1,False,False,True,not_mentioned,implied,no,not_mentioned,not_mentioned,not_mentioned,implied,no,not_mentioned,no
Renata D NDE 9465,nderf,data\nderf\05088_renata-d-nde-9465.json,Ohkado,1,False,False,True,not_your_time,not_mentioned,not_mentioned,no,not_mentioned,not_mentioned,yes_explicit,not_mentioned,not_mentioned,not_mentioned
Dr. Phil P FDE and NDE 9471,nderf,data\nderf\05090_dr-phil-p-fde-and-nde-9471.json,Ohkado,1,False,False,True,other,not_mentioned,no,no,not_mentioned,not_mentioned,yes_explicit,not_mentioned,none,no
Cynthia D STE 9472 NDE 9472,nderf,data\nderf\05091_cynthia-d-ste-9472-nde-9472.json,Ohkado,1,False,False,True,family_responsibility,no,no,no,not_mentioned,spiritual_realm,not_mentioned,not_mentioned,not_mentioned,not_mentioned
Nicholas G NDE 9474,nderf,data\nderf\05092_nicholas-g-nde-9474.json,Ohkado,2,False,False,True,other,implied,no,no,not_mentioned,spiritual_realm,yes_explicit,explicit,not_mentioned,no
Bahar Y NDE 9475,nderf,data\nderf\05093_bahar-y-nde-9475.json,Ohkado,1,False,False,True,not_mentioned,no,not_mentioned,no,not_mentioned,not_mentioned,implied,not_mentioned,not_mentioned,not_mentioned
Zhenya T NDE 9476,nderf,data\nderf\05094_zhenya-t-nde-9476.json,Ohkado,1,False,False,True,not_mentioned,no,no,no,not_mentioned,not_mentioned,yes_explicit,not_mentioned,not_mentioned,not_mentioned
Colecia W NDE 9478,nderf,data\nderf\05097_colecia-w-nde-9478.json,Ohkado,1,False,False,True,other,not_mentioned,not_mentioned,yes_explicit,not_mentioned,not_mentioned,not_mentioned,not_mentioned,not_mentioned,not_mentioned
Deanna R NDE 9479,nderf,data\nderf\05098_deanna-r-nde-9479.json,Ohkado,1,False,False,True,not_your_time,no,no,no,not_mentioned,not_mentioned,yes_explicit,not_mentioned,not_mentioned,not_mentioned
Jillian C NDE 9483,nderf,data\nderf\05099_jillian-c-nde-9483.json,Ohkado,3,False,False,True,family_responsibility,not_mentioned,no,yes_explicit,not_mentioned,spiritual_realm,implied,explicit,not_mentioned,not_mentioned
Tina K Probable NDE 9484,nderf,data\nderf\05100_tina-k-probable-nde-9484.json,Ohkado,1,False,False,True,family_responsibility,implied,no,yes_explicit,not_mentioned,not_mentioned,not_mentioned,not_mentioned,not_mentioned,not_mentioned
Chris C NDE 9489,nderf,data\nderf\05102_chris-c-nde-9489.json,Ohkado,1,False,False,True,no_reason_given,no,no,no,not_mentioned,not_mentioned,implied,implied,none,no
Andrea G FDE 9490 NDE 9490,nderf,data\nderf\05103_andrea-g-fde-9490-nde-9490.json,Ohkado,1,False,False,True,not_mentioned,no,not_mentioned,no,not_mentioned,not_mentioned,yes_explicit,not_mentioned,not_mentioned,not_mentioned
Susan H NDE 9492,nderf,data\nderf\05106_susan-h-nde-9492.json,Ohkado,1,False,False,True,other,no,no,no,not_mentioned,not_mentioned,yes_explicit,not_mentioned,not_mentioned,no
Christopher C NDEs 9501 NDE 9501,nderf,data\nderf\05113_christopher-c-ndes-9501-nde-9501.json,Ohkado,1,False,False,True,not_mentioned,not_mentioned,no,not_mentioned,not_mentioned,not_mentioned,yes_explicit,not_mentioned,not_mentioned,no
Sarah M STE 9508 NDE 9508,nderf,data\nderf\05116_sarah-m-ste-9508-nde-9508.json,Ohkado,2,False,False,True,family_responsibility,yes_explicit,no,no,not_mentioned,spiritual_realm,yes_explicit,explicit,not_mentioned,no
Sanna F SDE 9509 NDE 9509,nderf,data\nderf\05117_sanna-f-sde-9509-nde-9509.json,Ohkado,1,False,False,True,not_mentioned,no,not_mentioned,no,not_mentioned,spiritual_realm,not_mentioned,explicit,none,no
Michele C NDE 9505,nderf,data\nderf\05118_michele-c-nde-9505.json,Ohkado,1,False,False,True,no_reason_given,no,no,no,not_mentioned,not_mentioned,yes_explicit,not_mentioned,not_mentioned,not_mentioned
François D STE 9510 NDE 9510,nderf,data\nderf\05119_fran-ois-d-ste-9510-nde-9510.json,Ohkado,1,False,False,True,not_your_time,yes_explicit,no,no,not_mentioned,not_mentioned,yes_explicit,not_mentioned,not_mentioned,no
Sanne V NDE 9513,nderf,data\nderf\05122_sanne-v-nde-9513.json,Ohkado,1,False,False,True,not_mentioned,no,not_mentioned,no,not_mentioned,not_mentioned,yes_explicit,not_mentioned,not_mentioned,not_mentioned
Heather W Probable NDE 9515,nderf,data\nderf\05123_heather-w-probable-nde-9515.json,Ohkado,1,False,False,True,not_mentioned,no,not_mentioned,not_mentioned,not_mentioned,not_mentioned,yes_explicit,not_mentioned,not_mentioned,not_mentioned
Susanne G NDE 9520,nderf,data\nderf\05126_susanne-g-nde-9520.json,Ohkado,1,False,False,True,not_mentioned,no,no,no,not_mentioned,not_mentioned,yes_explicit,not_mentioned,not_mentioned,no
Eileen B NDE 9523,nderf,data\nderf\05127_eileen-b-nde-9523.json,Ohkado,1,False,False,True,family_responsibility,no,not_mentioned,no,not_mentioned,not_mentioned,implied,not_mentioned,not_mentioned,not_mentioned
Sally F Probable NDE 9527,nderf,data\nderf\05128_sally-f-probable-nde-9527.json,Ohkado,2,False,False,True,not_mentioned,not_mentioned,not_mentioned,yes_explicit,not_mentioned,spiritual_realm,not_mentioned,explicit,not_mentioned,no
Ryan R NDE 9535,nderf,data\nderf\05133_ryan-r-nde-9535.json,Ohkado,1,False,False,True,not_mentioned,no,not_mentioned,no,not_mentioned,not_mentioned,yes_explicit,not_mentioned,none,no
Thomas D NDE 9539,nderf,data\nderf\05134_thomas-d-nde-9539.json,Ohkado,3,False,False,True,not_your_time,not_mentioned,no,yes_explicit,not_mentioned,spiritual_realm,yes_explicit,not_mentioned,not_mentioned,no
Jacky C NDE 16129,nderf,data\nderf\05137_jacky-c-nde-16129.json,Ohkado,1,False,False,True,family_responsibility,no,no,no,not_mentioned,not_mentioned,yes_explicit,not_mentioned,not_mentioned,no
Peter P STE 9543 NDE 9543,nderf,data\nderf\05139_peter-p-ste-9543-nde-9543.json,Ohkado,1,False,False,True,not_mentioned,no,no,no,not_mentioned,spiritual_realm,not_mentioned,not_mentioned,not_mentioned,no
Cynthia C Probable NDE 9545,nderf,data\nderf\05140_cynthia-c-probable-nde-9545.json,Ohkado,1,False,False,True,not_mentioned,not_mentioned,no,no,not_mentioned,not_mentioned,yes_explicit,no,not_mentioned,no
Yolanda A NDE 9546,nderf,data\nderf\05141_yolanda-a-nde-9546.json,Ohkado,1,False,False,True,no_reason_given,no,no,no,not_mentioned,not_mentioned,implied,no,not_mentioned,not_mentioned
Isabel B Probable NDE 9550,nderf,data\nderf\05144_isabel-b-probable-nde-9550.json,Ohkado,1,False,False,True,not_mentioned,no,no,no,not_mentioned,not_mentioned,yes_explicit,not_mentioned,not_mentioned,no
Darla J NDEs 9556 NDE 9556,nderf,data\nderf\05146_darla-j-ndes-9556-nde-9556.json,Ohkado,1,False,False,True,other,implied,no,yes_explicit,not_mentioned,not_mentioned,not_mentioned,not_mentioned,not_mentioned,not_mentioned
Jeanette H NDE 9557,nderf,data\nderf\05147_jeanette-h-nde-9557.json,Ohkado,2,False,False,True,not_your_time,implied,no,implied,not_mentioned,spiritual_realm,not_mentioned,explicit,not_mentioned,not_mentioned
Ronnie E STE 9561 NDE 9561,nderf,data\nderf\05148_ronnie-e-ste-9561-nde-9561.json,Ohkado,3,False,False,True,other,no,no,yes_explicit,not_mentioned,spiritual_realm,yes_explicit,implied,none,no
Shawn L NDE 9564,nderf,data\nderf\05150_shawn-l-nde-9564.json,Ohkado,1,False,False,True,not_mentioned,no,no,no,not_mentioned,not_mentioned,yes_explicit,not_mentioned,none,no
Logan W NDE 9568,nderf,data\nderf\05153_logan-w-nde-9568.json,Ohkado,1,False,False,True,no_reason_given,implied,no,yes_explicit,not_mentioned,not_mentioned,not_mentioned,not_mentioned,not_mentioned,not_mentioned
Terrance S NDE 9573,nderf,data\nderf\05156_terrance-s-nde-9573.json,Ohkado,1,False,False,True,not_your_time,implied,no,no,not_mentioned,not_mentioned,yes_explicit,not_mentioned,not_mentioned,no
Angel G SDE 9576 NDE 9576,nderf,data\nderf\05158_angel-g-sde-9576-nde-9576.json,Ohkado,1,False,False,True,not_your_time,yes_explicit,no,yes_explicit,not_mentioned,not_mentioned,not_mentioned,not_mentioned,not_mentioned,not_mentioned
April W STE 9586 NDE 9586,nderf,data\nderf\05163_april-w-ste-9586-nde-9586.json,Ohkado,3,False,False,True,no_reason_given,no,no,yes_explicit,not_mentioned,spiritual_realm,yes_explicit,explicit,not_mentioned,no
Cynthia C NDE 9587,nderf,data\nderf\05164_cynthia-c-nde-9587.json,Ohkado,2,False,False,True,family_responsibility,no,no,yes_explicit,not_mentioned,not_mentioned,yes_explicit,no,not_mentioned,no
Shandeen D NDE 9588,nderf,data\nderf\05165_shandeen-d-nde-9588.json,Ohkado,1,False,False,True,not_your_time,not_mentioned,not_mentioned,yes_explicit,not_mentioned,not_mentioned,not_mentioned,not_mentioned,not_mentioned,not_mentioned
Alicia S NDE 9590,nderf,data\nderf\05167_alicia-s-nde-9590.json,Ohkado,2,False,False,True,no_reason_given,not_mentioned,no,not_mentioned,not_mentioned,spiritual_realm,implied,explicit,not_mentioned,no
Aridai STE 9591 NDE 9591,nderf,data\nderf\05168_aridai-ste-9591-nde-9591.json,Ohkado,2,False,False,True,not_mentioned,no,no,yes_explicit,not_mentioned,not_mentioned,yes_explicit,not_mentioned,not_mentioned,not_mentioned
Gretchen T Probable NDE 9593,nderf,data\nderf\05169_gretchen-t-probable-nde-9593.json,Ohkado,2,False,False,True,family_responsibility,no,no,not_mentioned,not_mentioned,spiritual_realm,yes_explicit,explicit,none,no
Bárbara AH NDE 9602,nderf,data\nderf\05173_b-rbara-ah-nde-9602.json,Ohkado,2,False,False,True,family_responsibility,not_mentioned,not_mentioned,no,not_mentioned,spiritual_realm,yes_explicit,not_mentioned,not_mentioned,not_mentioned
Justin H NDE 9611,nderf,data\nderf\05176_justin-h-nde-9611.json,Ohkado,3,False,False,True,not_mentioned,no,no,yes_explicit,not_mentioned,spiritual_realm,implied,explicit,not_mentioned,not_mentioned
Jeanne K Probable NDE 16130,nderf,data\nderf\05177_jeanne-k-probable-nde-16130.json,Ohkado,2,False,False,True,not_mentioned,no,not_mentioned,no,not_mentioned,spiritual_realm,yes_explicit,not_mentioned,not_mentioned,not_mentioned
Bill D STE 9615 NDE 9615,nderf,data\nderf\05180_bill-d-ste-9615-nde-9615.json,Ohkado,1,False,False,True,other,yes_explicit,no,not_mentioned,not_mentioned,not_mentioned,yes_explicit,not_mentioned,not_mentioned,no
Arthur M Possible NDE 9616,nderf,data\nderf\05181_arthur-m-possible-nde-9616.json,Ohkado,1,False,False,True,family_responsibility,yes_explicit,no,no,not_mentioned,not_mentioned,implied,not_mentioned,not_mentioned,no
Kevin Mc SDE 9619 NDE 9619,nderf,data\nderf\05184_kevin-mc-sde-9619-nde-9619.json,Ohkado,1,False,False,True,no_reason_given,yes_explicit,no,yes_explicit,not_mentioned,not_mentioned,not_mentioned,not_mentioned,not_mentioned,no
Tilda R NDE 9621,nderf,data\nderf\05185_tilda-r-nde-9621.json,Ohkado,1,False,False,True,no_reason_given,no,no,no,not_mentioned,not_mentioned,yes_explicit,not_mentioned,not_mentioned,no
Melinda B NDE 9625,nderf,data\nderf\05187_melinda-b-nde-9625.json,Ohkado,1,False,False,True,not_mentioned,implied,no,no,not_mentioned,not_mentioned,yes_explicit,no,none,no
Maria RJ NDE 9624,nderf,data\nderf\05189_maria-rj-nde-9624.json,Ohkado,1,False,False,True,other,no,no,no,not_mentioned,not_mentioned,yes_explicit,no,not_mentioned,not_mentioned
Don S Probable NDE 9628,nderf,data\nderf\05191_don-s-probable-nde-9628.json,Ohkado,1,False,False,True,not_mentioned,no,no,no,not_mentioned,not_mentioned,yes_explicit,not_mentioned,not_mentioned,not_mentioned
Brian N STE 9629 NDE 9629,nderf,data\nderf\05192_brian-n-ste-9629-nde-9629.json,Ohkado,3,False,False,True,no_reason_given,no,no,yes_explicit,not_mentioned,spiritual_realm,implied,explicit,not_mentioned,no
Amber W NDE 9632,nderf,data\nderf\05194_amber-w-nde-9632.json,Ohkado,1,False,False,True,not_your_time,not_mentioned,not_mentioned,not_mentioned,not_mentioned,not_mentioned,yes_explicit,not_mentioned,not_mentioned,not_mentioned
Pietre M NDE 9674,nderf,data\nderf\05195_pietre-m-nde-9674.json,Ohkado,1,False,False,True,not_mentioned,no,no,no,not_mentioned,not_mentioned,implied,not_mentioned,not_mentioned,no
Cassandra A NDE 9675,nderf,data\nderf\05196_cassandra-a-nde-9675.json,Ohkado,1,False,False,True,family_responsibility,no,no,no,not_mentioned,not_mentioned,implied,not_mentioned,not_mentioned,no
Leonel C NDE 9677,nderf,data\nderf\05198_leonel-c-nde-9677.json,Ohkado,1,False,False,True,no_reason_given,no,not_mentioned,no,not_mentioned,not_mentioned,implied,not_mentioned,none,no
Thomas G NDE 9681,nderf,data\nderf\05201_thomas-g-nde-9681.json,Ohkado,1,False,False,True,not_your_time,implied,no,no,not_mentioned,not_mentioned,yes_explicit,not_mentioned,not_mentioned,not_mentioned
Patricia B NDE 9669,nderf,data\nderf\05203_patricia-b-nde-9669.json,Ohkado,3,False,False,True,not_your_time,implied,no,yes_explicit,not_mentioned,spiritual_realm,yes_explicit,implied,not_mentioned,no
Stephanie M SDE 9653 NDE 9653,nderf,data\nderf\05212_stephanie-m-sde-9653-nde-9653.json,Ohkado,1,False,False,True,not_mentioned,no,no,no,not_mentioned,not_mentioned,implied,not_mentioned,not_mentioned,no
Arazdordi T NDE 9655,nderf,data\nderf\05214_arazdordi-t-nde-9655.json,Ohkado,1,False,False,True,not_mentioned,no,no,no,not_mentioned,spiritual_realm,not_mentioned,implied,not_mentioned,not_mentioned
Glenn D NDE 16132,nderf,data\nderf\05215_glenn-d-nde-16132.json,Ohkado,1,False,False,True,not_your_time,not_mentioned,no,no,not_mentioned,not_mentioned,yes_explicit,no,not_mentioned,no
Sandra M NDE 9661,nderf,data\nderf\05217_sandra-m-nde-9661.json,Ohkado,1,False,False,True,family_responsibility,implied,no,no,not_mentioned,spiritual_realm,not_mentioned,explicit,not_mentioned,no
Gregory T NDE 9663,nderf,data\nderf\05219_gregory-t-nde-9663.json,Ohkado,1,False,False,True,no_reason_given,no,no,no,not_mentioned,not_mentioned,implied,not_mentioned,not_mentioned,no
Khalil Z NDE 9664,nderf,data\nderf\05220_khalil-z-nde-9664.json,Ohkado,1,False,False,True,not_mentioned,no,not_mentioned,no,not_mentioned,not_mentioned,yes_explicit,not_mentioned,not_mentioned,not_mentioned
Abi Probable NDE 9650,nderf,data\nderf\05225_abi-probable-nde-9650.json,Ohkado,3,False,False,True,no_reason_given,no,no,yes_explicit,not_mentioned,spiritual_realm,implied,explicit,not_mentioned,not_mentioned
Mark B Probable NDE 16133/4249 NDE 4249,nderf,data\nderf\05226_mark-b-probable-nde-16133-4249-nde-4249.json,Ohkado,1,False,False,True,not_mentioned,not_mentioned,not_mentioned,not_mentioned,not_mentioned,not_mentioned,implied,not_mentioned,not_mentioned,not_mentioned
Shayne D NDE 9695,nderf,data\nderf\05229_shayne-d-nde-9695.json,Ohkado,1,False,False,True,not_your_time,no,no,no,not_mentioned,not_mentioned,implied,no,not_mentioned,no
Janelle M Probable NDE 9708,nderf,data\nderf\05239_janelle-m-probable-nde-9708.json,Ohkado,1,False,False,True,not_mentioned,no,no,no,not_mentioned,not_mentioned,yes_explicit,no,not_mentioned,not_mentioned
Amera S NDE 9709,nderf,data\nderf\05240_amera-s-nde-9709.json,Ohkado,3,False,False,True,not_mentioned,implied,no,yes_explicit,not_mentioned,spiritual_realm,yes_explicit,implied,not_mentioned,not_mentioned
Dane L NDE 9719,nderf,data\nderf\05246_dane-l-nde-9719.json,Ohkado,1,False,False,True,not_your_time,no,no,yes_explicit,not_mentioned,not_mentioned,not_mentioned,not_mentioned,none,no
James B Probable NDE 9724,nderf,data\nderf\05249_james-b-probable-nde-9724.json,Ohkado,2,False,False,True,family_responsibility,no,not_mentioned,yes_explicit,not_mentioned,not_mentioned,yes_explicit,not_mentioned,not_mentioned,no
Joan S Anesthesia 23523 NDE 23523,nderf,data\nderf\05258_joan-s-anesthesia-23523-nde-23523.json,Ohkado,1,False,False,True,no_reason_given,no,no,no,not_mentioned,not_mentioned,yes_explicit,not_mentioned,not_mentioned,no
Denise B NDE 9738,nderf,data\nderf\05260_denise-b-nde-9738.json,Ohkado,1,False,False,True,no_reason_given,no,no,no,not_mentioned,not_mentioned,yes_explicit,not_mentioned,not_mentioned,not_mentioned
Rickalan K NDE 9739,nderf,data\nderf\05261_rickalan-k-nde-9739.json,Ohkado,3,False,False,True,not_mentioned,not_mentioned,no,yes_explicit,not_mentioned,spiritual_realm,yes_explicit,implied,not_mentioned,no
El S Probable NDE 9736,nderf,data\nderf\05263_el-s-probable-nde-9736.json,Ohkado,1,False,False,True,not_your_time,not_mentioned,not_mentioned,yes_explicit,not_mentioned,not_mentioned,not_mentioned,not_mentioned,not_mentioned,not_mentioned
Michael B NDE 9744,nderf,data\nderf\05267_michael-b-nde-9744.json,Ohkado,1,False,False,True,other,no,no,no,not_mentioned,not_mentioned,yes_explicit,no,none,no
Rob D NDE 9746,nderf,data\nderf\05269_rob-d-nde-9746.json,Ohkado,1,False,False,True,not_your_time,no,no,no,not_mentioned,spiritual_realm,not_mentioned,explicit,not_mentioned,not_mentioned
Robert L NDE 9748,nderf,data\nderf\05270_robert-l-nde-9748.json,Ohkado,1,False,False,True,not_mentioned,no,not_mentioned,no,not_mentioned,not_mentioned,yes_explicit,not_mentioned,not_mentioned,not_mentioned
Jacob D NDE 9749,nderf,data\nderf\05271_jacob-d-nde-9749.json,Ohkado,1,False,False,True,other,no,no,no,not_mentioned,not_mentioned,implied,no,none,no
Mason D Probable NDE 9770,nderf,data\nderf\05279_mason-d-probable-nde-9770.json,Ohkado,1,False,False,True,not_mentioned,no,not_mentioned,no,not_mentioned,not_mentioned,yes_explicit,no,not_mentioned,not_mentioned
Thomas L NDE 9772,nderf,data\nderf\05281_thomas-l-nde-9772.json,Ohkado,1,False,False,True,not_your_time,no,no,no,not_mentioned,not_mentioned,yes_explicit,not_mentioned,not_mentioned,no
Penny S NDE 9773,nderf,data\nderf\05282_penny-s-nde-9773.json,Ohkado,2,False,False,True,family_responsibility,implied,no,no,not_mentioned,spiritual_realm,implied,explicit,not_mentioned,no
Alexandra R NDE 9774,nderf,data\nderf\05283_alexandra-r-nde-9774.json,Ohkado,1,False,False,True,not_your_time,no,no,no,not_mentioned,not_mentioned,implied,not_mentioned,not_mentioned,no
Kyle P NDEs 9776 NDE 9776,nderf,data\nderf\05284_kyle-p-ndes-9776-nde-9776.json,Ohkado,1,False,False,True,family_responsibility,no,no,yes_explicit,not_mentioned,not_mentioned,not_mentioned,no,not_mentioned,no
Betty G NDE 9788,nderf,data\nderf\05293_betty-g-nde-9788.json,Ohkado,1,False,False,True,family_responsibility,not_mentioned,not_mentioned,no,not_mentioned,spiritual_realm,not_mentioned,explicit,not_mentioned,not_mentioned
AHK NDE 9789,nderf,data\nderf\05294_ahk-nde-9789.json,Ohkado,1,False,False,True,not_mentioned,no,not_mentioned,no,not_mentioned,not_mentioned,yes_explicit,not_mentioned,not_mentioned,not_mentioned
Nicholas B NDE 9786,nderf,data\nderf\05295_nicholas-b-nde-9786.json,Ohkado,1,False,False,True,family_responsibility,yes_explicit,no,no,not_mentioned,not_mentioned,yes_explicit,not_mentioned,not_mentioned,no
Joshua D NDE 9793,nderf,data\nderf\05298_joshua-d-nde-9793.json,Ohkado,1,False,False,True,other,no,no,no,not_mentioned,not_mentioned,implied,not_mentioned,not_mentioned,no
Kelly B Probable NDE 9794,nderf,data\nderf\05299_kelly-b-probable-nde-9794.json,Ohkado,2,False,False,True,other,not_mentioned,no,no,not_mentioned,spiritual_realm,yes_explicit,explicit,not_mentioned,not_mentioned
Bobby D NDE 9795,nderf,data\nderf\05300_bobby-d-nde-9795.json,Ohkado,2,False,False,True,not_mentioned,no,no,no,not_mentioned,spiritual_realm,implied,explicit,not_mentioned,not_mentioned
George C NDE 9797,nderf,data\nderf\05302_george-c-nde-9797.json,Ohkado,1,False,False,True,no_reason_given,no,not_mentioned,no,not_mentioned,not_mentioned,yes_explicit,not_mentioned,not_mentioned,no
Candace Q NDE 9800,nderf,data\nderf\05305_candace-q-nde-9800.json,Ohkado,3,False,False,True,other,not_mentioned,no,yes_explicit,not_mentioned,spiritual_realm,yes_explicit,explicit,not_mentioned,not_mentioned
Kel N FDE 9801 NDE 9801,nderf,data\nderf\05306_kel-n-fde-9801-nde-9801.json,Ohkado,1,False,False,True,not_your_time,no,no,no,not_mentioned,not_mentioned,implied,not_mentioned,not_mentioned,no
Kristie C NDE 9803,nderf,data\nderf\05307_kristie-c-nde-9803.json,Ohkado,3,False,False,True,not_mentioned,no,no,yes_explicit,not_mentioned,spiritual_realm,yes_explicit,explicit,not_mentioned,no
Carlos G NDE 9804,nderf,data\nderf\05308_carlos-g-nde-9804.json,Ohkado,2,False,False,True,other,no,no,yes_explicit,not_mentioned,spiritual_realm,not_mentioned,explicit,not_mentioned,no
Ursa L NDE 9808,nderf,data\nderf\05312_ursa-l-nde-9808.json,Ohkado,1,False,False,True,not_your_time,no,not_mentioned,no,not_mentioned,not_mentioned,yes_explicit,not_mentioned,not_mentioned,not_mentioned
Grahame G NDE 9812,nderf,data\nderf\05315_grahame-g-nde-9812.json,Ohkado,1,False,False,True,no_reason_given,no,not_mentioned,no,not_mentioned,not_mentioned,implied,not_mentioned,not_mentioned,not_mentioned
Anita B NDE 9813,nderf,data\nderf\05316_anita-b-nde-9813.json,Ohkado,3,False,False,True,family_responsibility,no,no,yes_explicit,not_mentioned,spiritual_realm,yes_explicit,explicit,not_mentioned,not_mentioned
Michael J NDE 9814,nderf,data\nderf\05317_michael-j-nde-9814.json,Ohkado,1,False,False,True,no_reason_given,no,no,no,not_mentioned,not_mentioned,implied,no,not_mentioned,no
Jesse S NDE 9817,nderf,data\nderf\05319_jesse-s-nde-9817.json,Ohkado,1,False,False,True,family_responsibility,no,not_mentioned,no,not_mentioned,not_mentioned,implied,not_mentioned,not_mentioned,no
Kristen G NDE 9819,nderf,data\nderf\05321_kristen-g-nde-9819.json,Ohkado,3,False,False,True,not_your_time,implied,no,yes_explicit,not_mentioned,spiritual_realm,yes_explicit,explicit,not_mentioned,not_mentioned
Bryan G NDE 9820,nderf,data\nderf\05322_bryan-g-nde-9820.json,Ohkado,1,False,False,True,not_mentioned,no,no,no,not_mentioned,not_mentioned,yes_explicit,implied,not_mentioned,not_mentioned
Jane M NDEs 9821 NDE 9821,nderf,data\nderf\05323_jane-m-ndes-9821-nde-9821.json,Ohkado,1,False,False,True,not_mentioned,no,not_mentioned,no,not_mentioned,not_mentioned,implied,not_mentioned,not_mentioned,not_mentioned
Crystal P NDE 9823,nderf,data\nderf\05324_crystal-p-nde-9823.json,Ohkado,1,False,False,True,not_mentioned,no,no,no,not_mentioned,not_mentioned,yes_explicit,not_mentioned,none,no
Jacob J Probable NDE 9827,nderf,data\nderf\05328_jacob-j-probable-nde-9827.json,Ohkado,1,False,False,True,no_reason_given,no,no,no,not_mentioned,not_mentioned,yes_explicit,not_mentioned,not_mentioned,no
August U NDE 9828,nderf,data\nderf\05329_august-u-nde-9828.json,Ohkado,3,False,False,True,other,implied,no,yes_explicit,not_mentioned,spiritual_realm,yes_explicit,explicit,not_mentioned,no
Rose K STE 9829 NDE 9829,nderf,data\nderf\05330_rose-k-ste-9829-nde-9829.json,Ohkado,1,False,False,True,family_responsibility,no,no,no,not_mentioned,not_mentioned,implied,not_mentioned,not_mentioned,no
Thomas B NDE 9832,nderf,data\nderf\05332_thomas-b-nde-9832.json,Ohkado,3,False,False,True,other,yes_explicit,no,yes_explicit,not_mentioned,spiritual_realm,yes_explicit,explicit,not_mentioned,not_mentioned
Miranda D Probable NDE 9834,nderf,data\nderf\05333_miranda-d-probable-nde-9834.json,Ohkado,2,False,False,True,not_your_time,yes_explicit,not_mentioned,no,not_mentioned,spiritual_realm,yes_explicit,explicit,not_mentioned,not_mentioned
Seth R Possible NDE 9835,nderf,data\nderf\05334_seth-r-possible-nde-9835.json,Ohkado,2,False,False,True,not_your_time,yes_explicit,no,yes_explicit,not_mentioned,spiritual_realm,not_mentioned,implied,not_mentioned,not_mentioned
Tamara H NDE 9836,nderf,data\nderf\05335_tamara-h-nde-9836.json,Ohkado,1,False,False,True,not_mentioned,not_mentioned,not_mentioned,no,not_mentioned,not_mentioned,implied,not_mentioned,not_mentioned,not_mentioned
Dean J Possible NDE 9839,nderf,data\nderf\05338_dean-j-possible-nde-9839.json,Ohkado,1,False,False,True,no_reason_given,no,no,no,not_mentioned,not_mentioned,implied,no,none,no
Robin A NDE 9854,nderf,data\nderf\05345_robin-a-nde-9854.json,Ohkado,1,False,False,True,no_reason_given,no,not_mentioned,no,not_mentioned,spiritual_realm,not_mentioned,explicit,not_mentioned,not_mentioned
John B NDE 9853,nderf,data\nderf\05347_john-b-nde-9853.json,Ohkado,2,False,False,True,no_reason_given,no,not_mentioned,yes_explicit,not_mentioned,not_mentioned,yes_explicit,not_mentioned,not_mentioned,no
Austin W NDE 9856,nderf,data\nderf\05348_austin-w-nde-9856.json,Ohkado,2,False,False,True,other,no,no,yes_explicit,not_mentioned,not_mentioned,yes_explicit,not_mentioned,not_mentioned,no
James R NDE 9868,nderf,data\nderf\05356_james-r-nde-9868.json,Ohkado,2,False,False,True,other,no,not_mentioned,yes_explicit,not_mentioned,not_mentioned,yes_explicit,not_mentioned,not_mentioned,not_mentioned
Andy C NDE 9871,nderf,data\nderf\05358_andy-c-nde-9871.json,Ohkado,1,False,False,True,not_mentioned,no,no,no,not_mentioned,not_mentioned,yes_explicit,no,none,no
Sandra DP NDE 9877,nderf,data\nderf\05361_sandra-dp-nde-9877.json,Ohkado,1,False,False,True,not_your_time,implied,no,no,not_mentioned,not_mentioned,implied,not_mentioned,not_mentioned,no
Kody Possible NDE 9879,nderf,data\nderf\05363_kody-possible-nde-9879.json,Ohkado,1,False,False,True,not_mentioned,implied,no,no,not_mentioned,spiritual_realm,not_mentioned,explicit,not_mentioned,not_mentioned
Kenneth M Probable NDE 9880,nderf,data\nderf\05364_kenneth-m-probable-nde-9880.json,Ohkado,1,False,False,True,no_reason_given,no,no,no,not_mentioned,not_mentioned,implied,not_mentioned,not_mentioned,no
Justine L NDE 9890,nderf,data\nderf\05368_justine-l-nde-9890.json,Ohkado,2,False,False,True,not_mentioned,implied,no,no,not_mentioned,spiritual_realm,yes_explicit,implied,not_mentioned,not_mentioned
Donna C NDE 9893,nderf,data\nderf\05369_donna-c-nde-9893.json,Ohkado,2,False,False,True,other,no,no,yes_explicit,not_mentioned,not_mentioned,yes_explicit,not_mentioned,not_mentioned,no
David K NDEs 9894 NDE 9894,nderf,data\nderf\05370_david-k-ndes-9894-nde-9894.json,Ohkado,1,False,False,True,no_reason_given,no,no,no,not_mentioned,not_mentioned,implied,not_mentioned,not_mentioned,no
Georg K Possible NDE 9895,nderf,data\nderf\05371_georg-k-possible-nde-9895.json,Ohkado,1,False,False,True,no_reason_given,no,no,no,not_mentioned,not_mentioned,yes_explicit,not_mentioned,not_mentioned,no
Candace J NDE 9897,nderf,data\nderf\05372_candace-j-nde-9897.json,Ohkado,1,False,False,True,not_mentioned,no,no,yes_explicit,not_mentioned,not_mentioned,not_mentioned,not_mentioned,none,no
Catherine NDE 9916,nderf,data\nderf\05379_catherine-nde-9916.json,Ohkado,1,False,False,True,no_reason_given,no,no,no,not_mentioned,not_mentioned,yes_explicit,no,none,no
Sharon Q NDE 9915,nderf,data\nderf\05381_sharon-q-nde-9915.json,Ohkado,2,False,False,True,other,yes_explicit,no,not_mentioned,not_mentioned,spiritual_realm,yes_explicit,explicit,not_mentioned,not_mentioned
Violet T NDE 9918,nderf,data\nderf\05381_violet-t-nde-9918.json,Ohkado,1,False,False,True,not_mentioned,no,no,no,not_mentioned,spiritual_realm,not_mentioned,explicit,not_mentioned,not_mentioned
Jose ER STE 9919 NDE 9919,nderf,data\nderf\05382_jose-er-ste-9919-nde-9919.json,Ohkado,1,False,False,True,no_reason_given,implied,no,no,not_mentioned,not_mentioned,yes_explicit,not_mentioned,not_mentioned,no
Jackie S STEs 9922 NDE 9922,nderf,data\nderf\05384_jackie-s-stes-9922-nde-9922.json,Ohkado,3,False,False,True,not_mentioned,no,no,implied,not_mentioned,spiritual_realm,implied,not_mentioned,none,no
Joy MM NDE 9335,nderf,data\nderf\05391_joy-mm-nde-9335.json,Ohkado,1,False,False,True,not_mentioned,implied,not_mentioned,yes_explicit,not_mentioned,not_mentioned,not_mentioned,explicit,not_mentioned,not_mentioned
Anastasia F NDE 9936,nderf,data\nderf\05392_anastasia-f-nde-9936.json,Ohkado,2,False,False,True,no_reason_given,no,no,no,not_mentioned,spiritual_realm,implied,explicit,not_mentioned,not_mentioned
Amy B NDE 9939,nderf,data\nderf\05394_amy-b-nde-9939.json,Ohkado,2,False,False,True,family_responsibility,no,no,no,not_mentioned,spiritual_realm,yes_explicit,explicit,not_mentioned,no
Peter P STE 9942 NDE 9942,nderf,data\nderf\05396_peter-p-ste-9942-nde-9942.json,Ohkado,1,False,False,True,no_reason_given,no,no,no,not_mentioned,spiritual_realm,not_mentioned,explicit,not_mentioned,not_mentioned
Robert E NDE 9944,nderf,data\nderf\05398_robert-e-nde-9944.json,Ohkado,2,False,False,True,not_mentioned,not_mentioned,not_mentioned,yes_explicit,not_mentioned,not_mentioned,yes_explicit,not_mentioned,not_mentioned,not_mentioned
Michael M NDE 9946,nderf,data\nderf\05400_michael-m-nde-9946.json,Ohkado,3,False,False,True,not_your_time,implied,no,yes_explicit,not_mentioned,spiritual_realm,yes_explicit,explicit,not_mentioned,not_mentioned
Sabine S NDE 9950,nderf,data\nderf\05403_sabine-s-nde-9950.json,Ohkado,1,False,False,True,not_mentioned,no,not_mentioned,no,not_mentioned,not_mentioned,yes_explicit,not_mentioned,not_mentioned,not_mentioned
Fabian G NDE 9956,nderf,data\nderf\05406_fabian-g-nde-9956.json,Ohkado,1,False,False,True,family_responsibility,implied,no,no,not_mentioned,spiritual_realm,not_mentioned,explicit,not_mentioned,not_mentioned
Bradley M FDE 9959 NDE 9959,nderf,data\nderf\05407_bradley-m-fde-9959-nde-9959.json,Ohkado,1,False,False,True,not_mentioned,no,no,no,not_mentioned,not_mentioned,implied,not_mentioned,not_mentioned,no
Kelsey F Drug Experience 9960 NDE 9960,nderf,data\nderf\05408_kelsey-f-drug-experience-9960-nde-9960.json,Ohkado,1,False,False,True,not_mentioned,implied,no,no,not_mentioned,not_mentioned,yes_explicit,no,not_mentioned,no
John S NDE 9969,nderf,data\nderf\05414_john-s-nde-9969.json,Ohkado,1,False,False,True,not_your_time,not_mentioned,no,no,not_mentioned,not_mentioned,implied,no,not_mentioned,no
Shawn R Probable NDE 9971,nderf,data\nderf\05416_shawn-r-probable-nde-9971.json,Ohkado,1,False,False,True,not_mentioned,implied,no,yes_explicit,not_mentioned,not_mentioned,not_mentioned,not_mentioned,not_mentioned,not_mentioned
Dorin T NDE 9972,nderf,data\nderf\05417_dorin-t-nde-9972.json,Ohkado,1,False,False,True,no_reason_given,no,not_mentioned,no,not_mentioned,spiritual_realm,not_mentioned,explicit,not_mentioned,no
Tomas S. NDE 9974,nderf,data\nderf\05419_tomas-s-nde-9974.json,Ohkado,2,False,False,True,not_your_time,no,not_mentioned,no,not_mentioned,spiritual_realm,yes_explicit,explicit,not_mentioned,no
Matthew Mc NDE 9975,nderf,data\nderf\05420_matthew-mc-nde-9975.json,Ohkado,1,False,False,True,family_responsibility,implied,no,no,not_mentioned,spiritual_realm,not_mentioned,explicit,not_mentioned,not_mentioned
Debby Ellen M NDE 9983,nderf,data\nderf\05425_debby-ellen-m-nde-9983.json,Ohkado,1,False,False,True,family_responsibility,no,no,no,not_mentioned,not_mentioned,yes_explicit,not_mentioned,not_mentioned,no
David D Probable NDE 9985,nderf,data\nderf\05427_david-d-probable-nde-9985.json,Ohkado,1,False,False,True,family_responsibility,no,not_mentioned,no,not_mentioned,spiritual_realm,not_mentioned,explicit,not_mentioned,not_mentioned
Will S NDE 9986,nderf,data\nderf\05428_will-s-nde-9986.json,Ohkado,1,False,False,True,not_your_time,no,no,yes_explicit,not_mentioned,not_mentioned,not_mentioned,not_mentioned,not_mentioned,no
TJ NDE 9991,nderf,data\nderf\05431_tj-nde-9991.json,Ohkado,1,False,False,True,other,no,no,no,not_mentioned,not_mentioned,yes_explicit,no,none,no
Albert N Probable NDE 9992,nderf,data\nderf\05432_albert-n-probable-nde-9992.json,Ohkado,1,False,False,True,family_responsibility,not_mentioned,not_mentioned,no,not_mentioned,not_mentioned,yes_explicit,not_mentioned,not_mentioned,not_mentioned
John F NDE 9997,nderf,data\nderf\05436_john-f-nde-9997.json,Ohkado,2,False,False,True,family_responsibility,no,no,no,not_mentioned,spiritual_realm,yes_explicit,explicit,not_mentioned,no
Jean-Jacques F NDE 9998,nderf,data\nderf\05437_jean-jacques-f-nde-9998.json,Ohkado,2,False,False,True,no_reason_given,no,no,no,not_mentioned,spiritual_realm,implied,explicit,not_mentioned,no
Jennifer B NDE 13000,nderf,data\nderf\05440_jennifer-b-nde-13000.json,Ohkado,2,False,False,True,not_mentioned,no,not_mentioned,yes_explicit,not_mentioned,not_mentioned,yes_explicit,implied,not_mentioned,not_mentioned
David J NDE 13002,nderf,data\nderf\05441_david-j-nde-13002.json,Ohkado,2,False,False,True,other,not_mentioned,not_mentioned,yes_explicit,not_mentioned,not_mentioned,yes_explicit,not_mentioned,not_mentioned,not_mentioned
Timothy G NDE 13005,nderf,data\nderf\05442_timothy-g-nde-13005.json,Ohkado,3,False,False,True,family_responsibility,no,no,yes_explicit,not_mentioned,spiritual_realm,yes_explicit,explicit,not_mentioned,not_mentioned
Victor D NDE 13010,nderf,data\nderf\05444_victor-d-nde-13010.json,Ohkado,1,False,False,True,family_responsibility,no,no,no,not_mentioned,spiritual_realm,not_mentioned,explicit,not_mentioned,no
Hildred C NDE 13012,nderf,data\nderf\05445_hildred-c-nde-13012.json,Ohkado,1,False,False,True,no_reason_given,no,not_mentioned,no,not_mentioned,not_mentioned,implied,not_mentioned,not_mentioned,no
Emily W NDE 13013,nderf,data\nderf\05446_emily-w-nde-13013.json,Ohkado,3,False,False,True,not_mentioned,no,not_mentioned,yes_explicit,not_mentioned,spiritual_realm,yes_explicit,explicit,not_mentioned,no
Debra V Probable NDE 13015,nderf,data\nderf\05448_debra-v-probable-nde-13015.json,Ohkado,1,False,False,True,not_your_time,implied,no,no,not_mentioned,not_mentioned,yes_explicit,not_mentioned,not_mentioned,no
Tyrone H NDE 13022,nderf,data\nderf\05453_tyrone-h-nde-13022.json,Ohkado,2,False,False,True,not_your_time,no,not_mentioned,yes_explicit,not_mentioned,not_mentioned,yes_explicit,not_mentioned,not_mentioned,not_mentioned
Nick K STE 13028 NDE 13028,nderf,data\nderf\05457_nick-k-ste-13028-nde-13028.json,Ohkado,2,False,False,True,no_reason_given,no,no,yes_explicit,not_mentioned,spiritual_realm,not_mentioned,explicit,not_mentioned,no
Rachel D NDE 13029,nderf,data\nderf\05458_rachel-d-nde-13029.json,Ohkado,1,False,False,True,not_your_time,no,no,no,not_mentioned,not_mentioned,yes_explicit,not_mentioned,not_mentioned,not_mentioned
Timothy N NDE 13034,nderf,data\nderf\05460_timothy-n-nde-13034.json,Ohkado,1,False,False,True,not_mentioned,no,no,no,not_mentioned,spiritual_realm,not_mentioned,not_mentioned,not_mentioned,no
Tyler G NDE 13037/13207,nderf,data\nderf\05462_tyler-g-nde-13037-13207.json,Ohkado,3,False,False,True,not_your_time,not_mentioned,not_mentioned,yes_explicit,not_mentioned,spiritual_realm,yes_explicit,explicit,not_mentioned,no
Susan W NDE 13039,nderf,data\nderf\05463_susan-w-nde-13039.json,Ohkado,2,False,False,True,not_your_time,no,no,yes_explicit,not_mentioned,not_mentioned,implied,no,not_mentioned,not_mentioned
Vicki W NDE 13042,nderf,data\nderf\05464_vicki-w-nde-13042.json,Ohkado,1,False,False,True,other,implied,no,no,not_mentioned,spiritual_realm,not_mentioned,explicit,not_mentioned,no
Tommy M Probable NDE 13046,nderf,data\nderf\05466_tommy-m-probable-nde-13046.json,Ohkado,1,False,False,True,not_mentioned,no,not_mentioned,yes_explicit,not_mentioned,not_mentioned,not_mentioned,not_mentioned,not_mentioned,no
Terence M NDE 13049,nderf,data\nderf\05468_terence-m-nde-13049.json,Ohkado,1,False,False,True,no_reason_given,no,no,no,not_mentioned,not_mentioned,yes_explicit,not_mentioned,not_mentioned,not_mentioned
Mark B NDE 13060,nderf,data\nderf\05472_mark-b-nde-13060.json,Ohkado,1,False,False,True,no_reason_given,no,no,no,not_mentioned,not_mentioned,yes_explicit,no,none,no
Rogier J NDE 13063,nderf,data\nderf\05474_rogier-j-nde-13063.json,Ohkado,1,False,False,True,not_your_time,not_mentioned,no,no,no_choice,not_mentioned,not_mentioned,not_mentioned,none,no
Jay G SDE 13064 NDE 13064,nderf,data\nderf\05475_jay-g-sde-13064-nde-13064.json,Ohkado,1,False,False,True,not_mentioned,no,not_mentioned,yes_explicit,not_mentioned,not_mentioned,not_mentioned,not_mentioned,not_mentioned,no
Jordan H NDE 13066,nderf,data\nderf\05477_jordan-h-nde-13066.json,Ohkado,1,False,False,True,not_your_time,implied,no,no,not_mentioned,not_mentioned,implied,not_mentioned,not_mentioned,not_mentioned
Michael H NDE 13072,nderf,data\nderf\05482_michael-h-nde-13072.json,Ohkado,1,False,False,True,no_reason_given,no,not_mentioned,no,not_mentioned,not_mentioned,implied,not_mentioned,none,no
Devon B NDE 13077,nderf,data\nderf\05485_devon-b-nde-13077.json,Ohkado,1,False,False,True,not_mentioned,implied,no,no,not_mentioned,spiritual_realm,not_mentioned,explicit,not_mentioned,not_mentioned
Jack M Probable NDE 13080,nderf,data\nderf\05488_jack-m-probable-nde-13080.json,Ohkado,1,False,False,True,not_mentioned,no,no,no,not_mentioned,spiritual_realm,not_mentioned,implied,not_mentioned,no
Margo S NDE 13084,nderf,data\nderf\05491_margo-s-nde-13084.json,Ohkado,1,False,False,True,family_responsibility,implied,no,no,not_mentioned,spiritual_realm,not_mentioned,explicit,not_mentioned,not_mentioned
Herman K Probable NDE 13087,nderf,data\nderf\05493_herman-k-probable-nde-13087.json,Ohkado,1,False,False,True,not_mentioned,no,not_mentioned,yes_explicit,not_mentioned,not_mentioned,not_mentioned,not_mentioned,not_mentioned,not_mentioned
Oscar J NDE 13088,nderf,data\nderf\05494_oscar-j-nde-13088.json,Ohkado,1,False,False,True,not_mentioned,no,not_mentioned,no,not_mentioned,not_mentioned,yes_explicit,not_mentioned,not_mentioned,not_mentioned
Gail D NDE 13099,nderf,data\nderf\05499_gail-d-nde-13099.json,Ohkado,2,False,False,True,family_responsibility,implied,no,no,not_mentioned,spiritual_realm,yes_explicit,implied,not_mentioned,not_mentioned
Luis F NDE 13102,nderf,data\nderf\05500_luis-f-nde-13102.json,Ohkado,1,False,False,True,not_your_time,implied,no,no,not_mentioned,spiritual_realm,not_mentioned,explicit,not_mentioned,no
Nancy Y NDE 13105,nderf,data\nderf\05502_nancy-y-nde-13105.json,Ohkado,1,False,False,True,not_mentioned,no,no,no,not_mentioned,not_mentioned,yes_explicit,not_mentioned,not_mentioned,no
Catherine F STE 13111 NDE 13111,nderf,data\nderf\05506_catherine-f-ste-13111-nde-13111.json,Ohkado,1,False,False,True,not_mentioned,no,no,no,not_mentioned,spiritual_realm,not_mentioned,explicit,not_mentioned,not_mentioned
Sharene E NDE 13115,nderf,data\nderf\05508_sharene-e-nde-13115.json,Ohkado,1,False,False,True,family_responsibility,no,no,no,not_mentioned,not_mentioned,yes_explicit,not_mentioned,not_mentioned,no
Philippe M NDE 13120,nderf,data\nderf\05511_philippe-m-nde-13120.json,Ohkado,4,False,False,True,not_your_time,implied,no,yes_explicit,not_mentioned,spiritual_realm,implied,explicit,not_mentioned,not_mentioned
David B STE 13122 NDE 13122,nderf,data\nderf\05512_david-b-ste-13122-nde-13122.json,Ohkado,3,False,False,True,not_mentioned,not_mentioned,not_mentioned,yes_explicit,not_mentioned,spiritual_realm,yes_explicit,explicit,not_mentioned,not_mentioned
Serge D Probable NDE 13123,nderf,data\nderf\05513_serge-d-probable-nde-13123.json,Ohkado,1,False,False,True,no_reason_given,no,no,no,not_mentioned,not_mentioned,implied,not_mentioned,not_mentioned,no
Paula A NDE 13130,nderf,data\nderf\05518_paula-a-nde-13130.json,Ohkado,1,False,False,True,not_mentioned,no,no,yes_explicit,not_mentioned,not_mentioned,not_mentioned,not_mentioned,not_mentioned,not_mentioned
Tony R NDE 13136,nderf,data\nderf\05520_tony-r-nde-13136.json,Ohkado,2,False,False,True,no_reason_given,no,not_mentioned,not_mentioned,not_mentioned,spiritual_realm,implied,explicit,not_mentioned,not_mentioned
Toni A NDE 13140,nderf,data\nderf\05523_toni-a-nde-13140.json,Ohkado,1,False,False,True,not_mentioned,no,no,no,not_mentioned,not_mentioned,yes_explicit,no,not_mentioned,not_mentioned
Margit K Other 13142 NDE 13142,nderf,data\nderf\05525_margit-k-other-13142-nde-13142.json,Ohkado,1,False,False,True,other,not_mentioned,not_mentioned,yes_explicit,not_mentioned,not_mentioned,not_mentioned,not_mentioned,not_mentioned,no
Haneefa M NDE 13143,nderf,data\nderf\05526_haneefa-m-nde-13143.json,Ohkado,1,False,False,True,not_mentioned,no,not_mentioned,no,not_mentioned,not_mentioned,implied,not_mentioned,not_mentioned,not_mentioned
Stacey RS NDE 13144,nderf,data\nderf\05527_stacey-rs-nde-13144.json,Ohkado,1,False,False,True,no_reason_given,implied,no,yes_explicit,not_mentioned,not_mentioned,not_mentioned,not_mentioned,not_mentioned,no
Tasha L NDE 13147,nderf,data\nderf\05528_tasha-l-nde-13147.json,Ohkado,1,False,False,True,no_reason_given,implied,no,no,not_mentioned,not_mentioned,implied,not_mentioned,not_mentioned,not_mentioned
Gavin M NDE 13150,nderf,data\nderf\05529_gavin-m-nde-13150.json,Ohkado,2,False,False,True,no_reason_given,no,not_mentioned,no,not_mentioned,spiritual_realm,implied,implied,not_mentioned,not_mentioned
Bristol O NDE 13171,nderf,data\nderf\05538_bristol-o-nde-13171.json,Ohkado,4,False,False,True,other,implied,no,yes_explicit,no_choice,spiritual_realm,yes_explicit,not_mentioned,none,no
Raimondo NDE 13173,nderf,data\nderf\05540_raimondo-nde-13173.json,Ohkado,2,False,False,True,not_your_time,no,not_mentioned,yes_explicit,not_mentioned,spiritual_realm,not_mentioned,explicit,not_mentioned,not_mentioned
Elsa C Probable NDE 13174,nderf,data\nderf\05541_elsa-c-probable-nde-13174.json,Ohkado,1,False,False,True,not_mentioned,no,no,no,not_mentioned,not_mentioned,yes_explicit,not_mentioned,not_mentioned,no
Jason D NDE 13181,nderf,data\nderf\05544_jason-d-nde-13181.json,Ohkado,2,False,False,True,not_mentioned,no,no,yes_explicit,not_mentioned,not_mentioned,yes_explicit,no,not_mentioned,no
André R NDE 13183,nderf,data\nderf\05547_andr-r-nde-13183.json,Ohkado,3,False,False,True,family_responsibility,implied,no,implied,not_mentioned,spiritual_realm,yes_explicit,not_mentioned,not_mentioned,not_mentioned
Kevin C Probable NDEs 13184 NDE 13184,nderf,data\nderf\05548_kevin-c-probable-ndes-13184-nde-13184.json,Ohkado,2,False,False,True,not_your_time,yes_explicit,no,yes_explicit,not_mentioned,spiritual_realm,not_mentioned,explicit,not_mentioned,no
Brooke K Probable NDE 13190,nderf,data\nderf\05551_brooke-k-probable-nde-13190.json,Ohkado,1,False,False,True,not_mentioned,no,no,no,not_mentioned,not_mentioned,yes_explicit,not_mentioned,not_mentioned,no
Luis H Probable NDE 13198,nderf,data\nderf\05558_luis-h-probable-nde-13198.json,Ohkado,2,False,False,True,family_responsibility,implied,not_mentioned,yes_explicit,not_mentioned,not_mentioned,yes_explicit,implied,not_mentioned,not_mentioned
Thea B NDE 13199,nderf,data\nderf\05559_thea-b-nde-13199.json,Ohkado,1,False,False,True,not_mentioned,no,no,no,not_mentioned,not_mentioned,implied,not_mentioned,not_mentioned,not_mentioned
Kelly F NDE 13205,nderf,data\nderf\05564_kelly-f-nde-13205.json,Ohkado,1,False,False,True,not_mentioned,no,not_mentioned,no,not_mentioned,not_mentioned,yes_explicit,not_mentioned,not_mentioned,no
Caitlin O NDE 13206,nderf,data\nderf\05565_caitlin-o-nde-13206.json,Ohkado,2,False,False,True,not_mentioned,no,not_mentioned,yes_explicit,not_mentioned,not_mentioned,yes_explicit,not_mentioned,not_mentioned,not_mentioned
Christina G NDE 13215,nderf,data\nderf\05573_christina-g-nde-13215.json,Ohkado,2,False,False,True,family_responsibility,yes_explicit,no,no,not_mentioned,spiritual_realm,implied,explicit,not_mentioned,not_mentioned
Melody M SOBE 13219 NDE 13219,nderf,data\nderf\05576_melody-m-sobe-13219-nde-13219.json,Ohkado,1,False,False,True,family_responsibility,no,not_mentioned,no,not_mentioned,not_mentioned,implied,not_mentioned,not_mentioned,not_mentioned
Carolyn H NDE 13226,nderf,data\nderf\05583_carolyn-h-nde-13226.json,Ohkado,1,False,False,True,not_your_time,no,no,no,not_mentioned,not_mentioned,yes_explicit,not_mentioned,none,no
Ellen NDE 69,nderf,data\nderf\10004_ellen-nde-69.json,Ohkado,1,False,False,True,family_responsibility,no,no,no,not_mentioned,not_mentioned,yes_explicit,not_mentioned,not_mentioned,no
Almost to Heaven on My Harley NDE 68,nderf,data\nderf\10005_almost-to-heaven-on-my-harley-nde-68.json,Ohkado,1,False,False,True,family_responsibility,no,no,no,not_mentioned,not_mentioned,implied,no,not_mentioned,no
Michael G NDE 66,nderf,data\nderf\10006_michael-g-nde-66.json,Ohkado,1,False,False,True,not_your_time,no,no,no,not_mentioned,spiritual_realm,not_mentioned,explicit,not_mentioned,no
Bette NDE 59,nderf,data\nderf\10008_bette-nde-59.json,Ohkado,1,False,False,True,not_mentioned,no,not_mentioned,no,not_mentioned,not_mentioned,implied,not_mentioned,not_mentioned,no
Tim NDE 56,nderf,data\nderf\10010_tim-nde-56.json,Ohkado,1,False,False,True,no_reason_given,no,no,no,not_mentioned,not_mentioned,yes_explicit,not_mentioned,not_mentioned,no
Ruthie NDE 54,nderf,data\nderf\10012_ruthie-nde-54.json,Ohkado,1,False,False,True,not_your_time,not_mentioned,not_mentioned,no,not_mentioned,spiritual_realm,not_mentioned,explicit,not_mentioned,no
Barbara NDE 52,nderf,data\nderf\10013_barbara-nde-52.json,Ohkado,1,False,False,True,not_mentioned,implied,no,not_mentioned,not_mentioned,spiritual_realm,not_mentioned,explicit,not_mentioned,not_mentioned
India Physician NDE 49,nderf,data\nderf\10014_india-physician-nde-49.json,Ohkado,1,False,False,True,no_reason_given,no,no,no,not_mentioned,not_mentioned,implied,not_mentioned,not_mentioned,no
Peter NDE 39,nderf,data\nderf\10016_peter-nde-39.json,Ohkado,1,False,False,True,not_mentioned,not_mentioned,not_mentioned,not_mentioned,not_mentioned,not_mentioned,implied,not_mentioned,not_mentioned,no
Charles E NDE 23,nderf,data\nderf\10026_charles-e-nde-23.json,Ohkado,1,False,False,True,family_responsibility,implied,no,no,not_mentioned,spiritual_realm,not_mentioned,explicit,not_mentioned,no
George NDE 20,nderf,data\nderf\10028_george-nde-20.json,Ohkado,1,False,False,True,no_reason_given,no,no,no,not_mentioned,not_mentioned,implied,not_mentioned,not_mentioned,no
Christianne NDEs 18 NDE 18,nderf,data\nderf\10030_christianne-ndes-18-nde-18.json,Ohkado,1,False,False,True,not_mentioned,yes_explicit,no,no,not_mentioned,not_mentioned,implied,not_mentioned,not_mentioned,no
Sarah NDE 15,nderf,data\nderf\10033_sarah-nde-15.json,Ohkado,1,False,False,True,family_responsibility,no,no,no,not_mentioned,not_mentioned,implied,not_mentioned,not_mentioned,no
Teen NDE 10,nderf,data\nderf\10037_teen-nde-10.json,Ohkado,1,False,False,True,other,no,no,not_mentioned,not_mentioned,spiritual_realm,not_mentioned,explicit,not_mentioned,not_mentioned
Derry NDE 53,nderf,data\nderf\10044_derry-nde-53.json,Ohkado,2,False,False,True,family_responsibility,yes_explicit,no,implied,not_mentioned,not_mentioned,implied,not_mentioned,not_mentioned,not_mentioned
Ch NDE 91,nderf,data\nderf\10048_ch-nde-91.json,Ohkado,2,False,False,True,not_your_time,no,no,no,not_mentioned,spiritual_realm,yes_explicit,explicit,not_mentioned,no
Alexa H NDE 76,nderf,data\nderf\10050_alexa-h-nde-76.json,Ohkado,2,False,False,True,not_your_time,implied,no,no,not_mentioned,spiritual_realm,yes_explicit,explicit,not_mentioned,no
David H NDE 145,nderf,data\nderf\10059_david-h-nde.json,Ohkado,2,False,False,True,not_your_time,implied,no,no,not_mentioned,spiritual_realm,implied,explicit,not_mentioned,no
Myra E DBV 155 NDE 155,nderf,data\nderf\10072_myra-e-dbv-155-nde.json,Ohkado,1,False,False,True,not_mentioned,not_mentioned,not_mentioned,not_mentioned,not_mentioned,spiritual_realm,not_mentioned,explicit,not_mentioned,not_mentioned
NDE from 696 A.D. 158 NDE 158,nderf,data\nderf\10091_nde-from-696-a-d-158-nde.json,Ohkado,1,False,False,True,not_your_time,yes_explicit,no,no,not_mentioned,not_mentioned,implied,not_mentioned,not_mentioned,no
Jennifer B NDE,nderf,data\nderf\13000_jennifer-b-nde.json,Ohkado,2,False,False,True,not_mentioned,not_mentioned,no,yes_explicit,not_mentioned,not_mentioned,yes_explicit,not_mentioned,not_mentioned,not_mentioned
Tyler G NDE,nderf,data\nderf\13037_tyler-g-nde.json,Ohkado,2,False,False,True,not_your_time,not_mentioned,not_mentioned,not_mentioned,not_mentioned,spiritual_realm,implied,explicit,not_mentioned,no
Tasha L NDE,nderf,data\nderf\13147_tasha-l-nde.json,Ohkado,1,False,False,True,no_reason_given,implied,no,no,not_mentioned,not_mentioned,yes_explicit,not_mentioned,not_mentioned,no
Gavin M NDE,nderf,data\nderf\13150_gavin-m-nde.json,Ohkado,1,False,False,True,not_mentioned,no,no,no,not_mentioned,spiritual_realm,not_mentioned,implied,none,no
Todd H NDE,nderf,data\nderf\13162_todd-h-nde.json,Ohkado,1,False,False,True,no_reason_given,no,no,no,not_mentioned,not_mentioned,implied,no,not_mentioned,no
Raimondo NDE,nderf,data\nderf\13173_raimondo-nde.json,Ohkado,1,False,False,True,not_your_time,no,not_mentioned,not_mentioned,not_mentioned,spiritual_realm,not_mentioned,explicit,not_mentioned,not_mentioned
Kevin C Probable NDEs,nderf,data\nderf\13184_kevin-c-probable-ndes.json,Ohkado,1,False,False,True,not_your_time,not_mentioned,no,no,not_mentioned,not_mentioned,implied,not_mentioned,not_mentioned,no
John-Clement G ADC,nderf,data\nderf\13186_john-clement-g-adc.json,Ohkado,1,False,False,True,not_mentioned,implied,no,no,not_mentioned,spiritual_realm,not_mentioned,not_mentioned,not_mentioned,no
Brooke K Probable NDE,nderf,data\nderf\13190_brooke-k-probable-nde.json,Ohkado,1,False,False,True,not_mentioned,not_mentioned,not_mentioned,not_mentioned,not_mentioned,not_mentioned,implied,not_mentioned,not_mentioned,not_mentioned
Luis H Probable NDE,nderf,data\nderf\13198_luis-h-probable-nde.json,Ohkado,1,False,False,True,not_mentioned,not_mentioned,not_mentioned,not_mentioned,not_mentioned,not_mentioned,implied,not_mentioned,not_mentioned,not_mentioned
Thea B NDE,nderf,data\nderf\13199_thea-b-nde.json,Ohkado,1,False,False,True,not_your_time,implied,no,no,not_mentioned,not_mentioned,yes_explicit,not_mentioned,not_mentioned,no
James W NDE,nderf,data\nderf\13221_james-w-nde.json,Ohkado,2,False,False,True,not_your_time,no,not_mentioned,implied,chose_parents,not_mentioned,not_mentioned,no,not_mentioned,not_mentioned
Davide M NDE-like,nderf,data\nderf\13224_davide-m-nde-like.json,Ohkado,2,False,False,True,no_reason_given,no,no,not_mentioned,not_mentioned,spiritual_realm,implied,explicit,not_mentioned,not_mentioned
Carolyn H ADC,nderf,data\nderf\13226_carolyn-h-adc.json,Ohkado,1,False,False,True,not_your_time,no,not_mentioned,not_mentioned,not_mentioned,not_mentioned,implied,not_mentioned,not_mentioned,not_mentioned
Rabia Malek,nderf,data\nderf\33004_rabia-malek.json,Ohkado,1,False,False,True,not_mentioned,implied,no,no,not_mentioned,not_mentioned,yes_explicit,not_mentioned,not_mentioned,no
Nicole G,nderf,data\nderf\33011_nicole-g.json,Ohkado,1,False,False,True,not_your_time,no,no,no,not_mentioned,not_mentioned,implied,not_mentioned,not_mentioned,no
Kathryn E,nderf,data\nderf\33012_kathryn-e.json,Ohkado,3,False,False,True,other,implied,no,yes_explicit,not_mentioned,spiritual_realm,yes_explicit,explicit,not_mentioned,no
John-Michael S,nderf,data\nderf\33015_john-michael-s.json,Ohkado,1,False,False,True,other,no,no,no,not_mentioned,not_mentioned,yes_explicit,no,not_mentioned,no
Oleg K,nderf,data\nderf\33018_oleg-k.json,Ohkado,1,False,False,True,no_reason_given,no,no,no,not_mentioned,not_mentioned,implied,not_mentioned,not_mentioned,no
Мария (Mariya),nderf,data\nderf\33042_mariya.json,Ohkado,1,False,False,True,not_mentioned,implied,no,no,not_mentioned,not_mentioned,implied,not_mentioned,not_mentioned,no
Omar C,nderf,data\nderf\33045_omar-c.json,Ohkado,1,False,False,True,other,implied,no,no,not_mentioned,not_mentioned,implied,no,none,no
Elleni D,nderf,data\nderf\33048_elleni-d.json,Ohkado,2,False,False,True,family_responsibility,no,no,no,not_mentioned,spiritual_realm,implied,implied,not_mentioned,no
Meridian J,nderf,data\nderf\33052_meridian-j.json,Ohkado,2,False,False,True,no_reason_given,not_mentioned,no,no,not_mentioned,spiritual_realm,implied,explicit,not_mentioned,no
J. David J,nderf,data\nderf\33053_j-david-j.json,Ohkado,1,False,False,True,not_mentioned,no,no,no,not_mentioned,not_mentioned,implied,not_mentioned,not_mentioned,no
Per Eric E,nderf,data\nderf\33055_per-eric-e.json,Ohkado,3,False,False,True,no_reason_given,not_mentioned,not_mentioned,implied,not_mentioned,spiritual_realm,yes_explicit,explicit,not_mentioned,not_mentioned
Nurit N,nderf,data\nderf\33056_nurit-n.json,Ohkado,1,False,False,True,family_responsibility,not_mentioned,no,no,not_mentioned,not_mentioned,yes_explicit,not_mentioned,not_mentioned,no
Margaret W,nderf,data\nderf\33066_margaret-w.json,Ohkado,2,False,False,True,family_responsibility,no,no,no,not_mentioned,spiritual_realm,implied,explicit,not_mentioned,no
Christina C,nderf,data\nderf\33069_christina-c.json,Ohkado,4,False,False,True,not_mentioned,not_mentioned,not_mentioned,implied,not_mentioned,spiritual_realm,implied,explicit,not_mentioned,no
Claude O,nderf,data\nderf\33074_claude-o.json,Ohkado,1,False,False,True,not_your_time,no,not_mentioned,not_mentioned,not_mentioned,spiritual_realm,not_mentioned,explicit,not_mentioned,not_mentioned
Miray E,nderf,data\nderf\33081_miray-e.json,Ohkado,1,False,False,True,not_your_time,no,no,no,not_mentioned,not_mentioned,implied,not_mentioned,not_mentioned,no
Peter W,nderf,data\nderf\33083_peter-w.json,Ohkado,1,False,False,True,family_responsibility,not_mentioned,no,no,not_mentioned,not_mentioned,implied,no,not_mentioned,no
Kathy S,nderf,data\nderf\33102_kathy-s.json,Ohkado,4,False,False,True,family_responsibility,not_mentioned,no,yes_explicit,not_mentioned,spiritual_realm,yes_explicit,explicit,not_mentioned,not_mentioned
Harry P STE,nderf,data\nderf\33106_harry-p-ste.json,Ohkado,1,False,False,True,not_your_time,no,no,not_mentioned,not_mentioned,spiritual_realm,not_mentioned,not_mentioned,not_mentioned,not_mentioned
Brenda M,nderf,data\nderf\33110_brenda-m.json,Ohkado,2,False,False,True,other,implied,no,no,not_mentioned,spiritual_realm,implied,explicit,not_mentioned,no
Martine T,nderf,data\nderf\33111_martine-t.json,Ohkado,1,False,False,True,family_responsibility,implied,no,no,not_mentioned,not_mentioned,yes_explicit,no,not_mentioned,no
Sarah S,nderf,data\nderf\33114_sarah-s.json,Ohkado,2,False,False,True,other,implied,no,no,not_mentioned,spiritual_realm,implied,explicit,none,no
Tessa T,nderf,data\nderf\33122_tessa-t.json,Ohkado,1,False,False,True,not_mentioned,no,no,not_mentioned,not_mentioned,not_mentioned,implied,not_mentioned,not_mentioned,not_mentioned
Diana K,nderf,data\nderf\33124_diana-k.json,Ohkado,1,False,False,True,no_reason_given,no,no,no,not_mentioned,spiritual_realm,not_mentioned,explicit,not_mentioned,no
Raleigh,nderf,data\nderf\33125_raleigh.json,Ohkado,1,False,False,True,not_mentioned,no,no,no,not_mentioned,not_mentioned,implied,not_mentioned,not_mentioned,no
Chip Mc,nderf,data\nderf\33138_chip-mc.json,Ohkado,1,False,False,True,no_reason_given,no,no,no,not_mentioned,not_mentioned,implied,not_mentioned,none,no
Joshua H,nderf,data\nderf\33140_joshua-h.json,Ohkado,4,False,False,True,no_reason_given,no,no,yes_explicit,not_mentioned,spiritual_realm,yes_explicit,explicit,not_mentioned,no
דנה פ (Dana F),nderf,data\nderf\33144_dana-f.json,Ohkado,1,False,False,True,not_your_time,implied,no,no,not_mentioned,not_mentioned,implied,not_mentioned,none,no
Sam K,nderf,data\nderf\33154_sam-k.json,Ohkado,1,False,False,True,not_your_time,no,not_mentioned,not_mentioned,not_mentioned,not_mentioned,yes_explicit,not_mentioned,not_mentioned,not_mentioned
Sammy E,nderf,data\nderf\33160_sammy-e.json,Ohkado,1,False,False,True,other,no,no,no,not_mentioned,not_mentioned,implied,not_mentioned,none,no
