title,dataset,source_file,soul_path,prebirth_indicator_count,has_trauma_markers,has_volunteer_markers,has_prebirth_awareness,return_reason,mission_commissioned,volunteer_language,premortal_existence_info,incarnation_choice,home_identification,identity_pre_body,sense_of_belonging,death_memory,past_life_memory
360 Degree Vision,iands,data\iands\360-degree-vision.json,Indeterminate,0,False,False,False,no_reason_given,not_mentioned,not_mentioned,not_mentioned,not_mentioned,not_mentioned,not_mentioned,not_mentioned,not_mentioned,not_mentioned
"58-year-old flatlines twice during heart attack, but returns",iands,data\iands\58-year-old-flatlines-twice-during-heart-attack-but-returns.json,Indeterminate,0,False,False,False,not_mentioned,not_mentioned,not_mentioned,not_mentioned,not_mentioned,not_mentioned,not_mentioned,not_mentioned,not_mentioned,not_mentioned
77-year-old woman recalls out-of-body experience in her 30's due to celiac emergency,iands,data\iands\77-year-old-woman-recalls-out-of-body-experience-in-her-30-s-due-to-celiac-emergency.json,Indeterminate,0,False,False,False,family_responsibility,not_mentioned,not_mentioned,not_mentioned,not_mentioned,not_mentioned,not_mentioned,not_mentioned,not_mentioned,not_mentioned
A Bike Ride Gone 'Bad',iands,data\iands\a-bike-ride-gone-bad.json,Indeterminate,0,False,False,False,not_mentioned,not_mentioned,not_mentioned,not_mentioned,not_mentioned,not_mentioned,not_mentioned,not_mentioned,not_mentioned,not_mentioned
A Business Man's NDEs,iands,data\iands\a-business-man-s-ndes.json,Indeterminate,0,False,False,False,family_responsibility,no,no,no,not_mentioned,not_mentioned,not_mentioned,not_mentioned,not_mentioned,no
A Call of Life,iands,data\iands\a-call-of-life.json,Indeterminate,0,False,False,False,not_mentioned,not_mentioned,not_mentioned,not_mentioned,not_mentioned,not_mentioned,not_mentioned,not_mentioned,not_mentioned,not_mentioned
A Choice to Continue or Return,iands,data\iands\a-choice-to-continue-or-return.json,Indeterminate,0,False,False,False,family_responsibility,no,not_mentioned,not_mentioned,not_mentioned,not_mentioned,not_mentioned,not_mentioned,not_mentioned,not_mentioned
A connection to all the knowledge there is in the universe,iands,data\iands\a-connection-to-all-the-knowledge-there-is-in-the-universe.json,Indeterminate,0,False,False,False,no_reason_given,no,no,no,not_mentioned,not_mentioned,not_mentioned,not_mentioned,not_mentioned,no
A Cube with Rainbow Prisms,iands,data\iands\a-cube-with-rainbow-prisms.json,Indeterminate,0,False,False,False,family_responsibility,not_mentioned,not_mentioned,not_mentioned,not_mentioned,not_mentioned,not_mentioned,not_mentioned,not_mentioned,not_mentioned
A Grandfather's Greeting,iands,data\iands\a-grandfather-s-greeting.json,Indeterminate,0,False,False,False,not_mentioned,not_mentioned,not_mentioned,not_mentioned,not_mentioned,not_mentioned,not_mentioned,not_mentioned,not_mentioned,not_mentioned
A Grandmother's Loving Message,iands,data\iands\a-grandmother-s-loving-message.json,Indeterminate,0,False,False,False,not_your_time,not_mentioned,not_mentioned,not_mentioned,not_mentioned,not_mentioned,not_mentioned,not_mentioned,not_mentioned,not_mentioned
A monk at the end of the tunnel,iands,data\iands\a-monk-at-the-end-of-the-tunnel.json,Indeterminate,0,False,False,False,not_your_time,no,no,no,not_mentioned,not_mentioned,not_mentioned,implied,not_mentioned,no
A Panoramic View of Myself,iands,data\iands\a-panoramic-view-of-myself.json,Indeterminate,0,False,False,False,no_reason_given,not_mentioned,not_mentioned,not_mentioned,not_mentioned,not_mentioned,not_mentioned,not_mentioned,not_mentioned,not_mentioned
A Place with Emanating Love,iands,data\iands\a-place-with-emanating-love.json,Indeterminate,0,False,False,False,other,not_mentioned,not_mentioned,not_mentioned,not_mentioned,not_mentioned,not_mentioned,not_mentioned,not_mentioned,not_mentioned
A Vision,iands,data\iands\a-vision.json,Indeterminate,0,False,False,False,not_mentioned,no,no,no,not_mentioned,not_mentioned,not_mentioned,no,not_mentioned,no
A Wondrous River of Peace,iands,data\iands\a-wondrous-river-of-peace.json,Indeterminate,0,False,False,False,no_reason_given,not_mentioned,not_mentioned,not_mentioned,not_mentioned,not_mentioned,not_mentioned,not_mentioned,not_mentioned,not_mentioned
A World of Peace in Pool,iands,data\iands\a-world-of-peace-in-pool.json,Indeterminate,0,False,False,False,family_responsibility,no,no,not_mentioned,not_mentioned,not_mentioned,not_mentioned,implied,not_mentioned,not_mentioned
About to Enter the Light,iands,data\iands\about-to-enter-the-light.json,Indeterminate,0,False,False,False,not_your_time,not_mentioned,not_mentioned,not_mentioned,not_mentioned,not_mentioned,not_mentioned,not_mentioned,not_mentioned,not_mentioned
Above the Car,iands,data\iands\above-the-car.json,Indeterminate,0,False,False,False,not_mentioned,not_mentioned,not_mentioned,not_mentioned,not_mentioned,not_mentioned,not_mentioned,not_mentioned,not_mentioned,not_mentioned
Above the Table,iands,data\iands\above-the-table.json,Indeterminate,0,False,False,False,no_reason_given,no,no,no,not_mentioned,not_mentioned,not_mentioned,not_mentioned,none,no
Abused woman has NDE and realizes there is a purpose to everything,iands,data\iands\abused-woman-has-nde-and-realizes-there-is-a-purpose-to-everything.json,Indeterminate,0,False,False,False,other,yes_explicit,no,no,not_mentioned,not_mentioned,not_mentioned,explicit,none,no
After an Accident,iands,data\iands\after-an-accident.json,Indeterminate,0,False,False,False,not_mentioned,implied,no,no,not_mentioned,not_mentioned,not_mentioned,not_mentioned,not_mentioned,no
Aftereffects Show Up After 11 Years,iands,data\iands\aftereffects-show-up-after-11-years.json,Indeterminate,0,False,False,False,not_mentioned,not_mentioned,not_mentioned,not_mentioned,not_mentioned,not_mentioned,not_mentioned,not_mentioned,not_mentioned,not_mentioned
An Angelic Visit,iands,data\iands\an-angelic-visit.json,Indeterminate,0,False,False,False,not_mentioned,not_mentioned,not_mentioned,no,not_mentioned,not_mentioned,not_mentioned,not_mentioned,not_mentioned,no
An Experience that Changed my Life!,iands,data\iands\an-experience-that-changed-my-life.json,Indeterminate,0,False,False,False,no_reason_given,no,no,no,not_mentioned,not_mentioned,not_mentioned,no,not_mentioned,no
An Onlooker Evaluating the Situation,iands,data\iands\an-onlooker-evaluating-the-situation.json,Indeterminate,0,False,False,False,not_mentioned,not_mentioned,not_mentioned,not_mentioned,not_mentioned,not_mentioned,not_mentioned,not_mentioned,not_mentioned,not_mentioned
Another Chance to Live,iands,data\iands\another-chance-to-live.json,Indeterminate,0,False,False,False,not_your_time,implied,no,not_mentioned,not_mentioned,not_mentioned,not_mentioned,not_mentioned,not_mentioned,not_mentioned
Anti-theist youth hears God's voice,iands,data\iands\anti-theist-youth-hears-god-s-voice.json,Indeterminate,0,False,False,False,no_reason_given,no,no,no,not_mentioned,not_mentioned,not_mentioned,no,not_mentioned,no
Apocalyptic vision during high fever,iands,data\iands\apocalyptic-vision-during-high-fever.json,Indeterminate,0,False,False,False,not_mentioned,not_mentioned,no,no,not_mentioned,not_mentioned,not_mentioned,not_mentioned,none,no
"Archive through April 10, 2003 - Anonymous (Monday, April 7, 2003 - 02:08 pm)",iands,data\iands\archive-through-april-10-2003-002.json,Indeterminate,0,False,False,False,not_mentioned,not_mentioned,not_mentioned,not_mentioned,not_mentioned,not_mentioned,not_mentioned,not_mentioned,not_mentioned,not_mentioned
"Archive through April 10, 2003 - Anonymous (Tuesday, March 18, 2003 - 07:54 pm)",iands,data\iands\archive-through-april-10-2003-005.json,Indeterminate,0,False,False,False,not_mentioned,not_mentioned,not_mentioned,no,not_mentioned,not_mentioned,not_mentioned,not_mentioned,not_mentioned,no
"Archive through April 10, 2003 - Anonymous (Saturday, March 15, 2003 - 01:22 pm)",iands,data\iands\archive-through-april-10-2003-007.json,Indeterminate,0,False,False,False,not_your_time,not_mentioned,not_mentioned,not_mentioned,not_mentioned,not_mentioned,not_mentioned,not_mentioned,not_mentioned,not_mentioned
"Archive through April 10, 2003 - Anonymous (Saturday, March 15, 2003 - 12:48 pm)",iands,data\iands\archive-through-april-10-2003-009.json,Indeterminate,0,False,False,False,no_reason_given,not_mentioned,not_mentioned,not_mentioned,not_mentioned,not_mentioned,not_mentioned,implied,not_mentioned,not_mentioned
"Archive through April 10, 2003 - Anonymous (Monday, March 3, 2003 - 06:51 pm)",iands,data\iands\archive-through-april-10-2003-012.json,Indeterminate,0,False,False,False,not_mentioned,not_mentioned,not_mentioned,not_mentioned,not_mentioned,not_mentioned,not_mentioned,not_mentioned,not_mentioned,not_mentioned
"Archive through April 10, 2003 - Anonymous (Wednesday, February 26, 2003 - 11:08 am)",iands,data\iands\archive-through-april-10-2003-014.json,Indeterminate,0,False,False,False,not_your_time,no,no,not_mentioned,not_mentioned,not_mentioned,not_mentioned,not_mentioned,not_mentioned,not_mentioned
"Archive through April 10, 2003 - Anonymous (Wednesday, February 19, 2003 - 08:34 pm)",iands,data\iands\archive-through-april-10-2003-015.json,Indeterminate,0,False,False,False,other,no,no,no,not_mentioned,not_mentioned,not_mentioned,not_mentioned,not_mentioned,no
"Archive through April 10, 2003 - Anonymous (Wednesday, February 19, 2003 - 08:25 pm)",iands,data\iands\archive-through-april-10-2003-016.json,Indeterminate,0,False,False,False,not_mentioned,not_mentioned,not_mentioned,not_mentioned,not_mentioned,not_mentioned,not_mentioned,not_mentioned,not_mentioned,not_mentioned
"Archive through April 10, 2003 - Anonymous (Sunday, February 9, 2003 - 04:45 pm)",iands,data\iands\archive-through-april-10-2003-019.json,Indeterminate,0,False,False,False,family_responsibility,not_mentioned,no,not_mentioned,not_mentioned,not_mentioned,not_mentioned,not_mentioned,not_mentioned,not_mentioned
"Archive through April 10, 2003 - Anonymous (Sunday, February 9, 2003 - 01:22 pm)",iands,data\iands\archive-through-april-10-2003-020.json,Indeterminate,0,False,False,False,not_mentioned,no,not_mentioned,not_mentioned,not_mentioned,not_mentioned,not_mentioned,not_mentioned,not_mentioned,not_mentioned
"Archive through April 10, 2003 - Anonymous (Sunday, February 9, 2003 - 01:13 pm)",iands,data\iands\archive-through-april-10-2003-021.json,Indeterminate,0,False,False,False,not_your_time,no,no,not_mentioned,not_mentioned,not_mentioned,not_mentioned,not_mentioned,not_mentioned,not_mentioned
"Archive through April 10, 2003 - Anonymous (Sunday, February 9, 2003 - 01:07 pm)",iands,data\iands\archive-through-april-10-2003-022.json,Indeterminate,0,False,False,False,not_mentioned,not_mentioned,not_mentioned,not_mentioned,not_mentioned,not_mentioned,not_mentioned,not_mentioned,not_mentioned,not_mentioned
"Archive through April 10, 2003 - Anonymous (Sunday, February 9, 2003 - 01:02 pm)",iands,data\iands\archive-through-april-10-2003-023.json,Indeterminate,0,False,False,False,not_your_time,not_mentioned,not_mentioned,not_mentioned,not_mentioned,not_mentioned,not_mentioned,not_mentioned,not_mentioned,not_mentioned
"Archive through April 10, 2003 - Anonymous (Sunday, February 9, 2003 - 12:57 pm)",iands,data\iands\archive-through-april-10-2003-024.json,Indeterminate,0,False,False,False,other,not_mentioned,not_mentioned,not_mentioned,not_mentioned,not_mentioned,not_mentioned,no,not_mentioned,not_mentioned
"Archive through April 10, 2003 - Anonymous (Sunday, February 9, 2003 - 12:49 pm)",iands,data\iands\archive-through-april-10-2003-025.json,Indeterminate,0,False,False,False,not_your_time,no,no,no,not_mentioned,not_mentioned,not_mentioned,not_mentioned,not_mentioned,no
"Archive through April 6, 2004 - Anonymous (Tuesday, April 6, 2004 - 07:40 pm)",iands,data\iands\archive-through-april-6-2004-002.json,Indeterminate,0,False,False,False,not_mentioned,not_mentioned,not_mentioned,not_mentioned,not_mentioned,not_mentioned,not_mentioned,not_mentioned,not_mentioned,not_mentioned
"Archive through April 6, 2004 - Anonymous (Thursday, April 1, 2004 - 08:47 pm)",iands,data\iands\archive-through-april-6-2004-005.json,Indeterminate,0,False,False,False,not_mentioned,not_mentioned,not_mentioned,not_mentioned,not_mentioned,not_mentioned,not_mentioned,not_mentioned,not_mentioned,not_mentioned
"Archive through April 6, 2004 - Anonymous (Thursday, April 1, 2004 - 08:45 pm)",iands,data\iands\archive-through-april-6-2004-007.json,Indeterminate,0,False,False,False,no_reason_given,not_mentioned,not_mentioned,not_mentioned,not_mentioned,not_mentioned,not_mentioned,implied,not_mentioned,not_mentioned
"Archive through April 6, 2004 - Anonymous (Tuesday, March 30, 2004 - 10:31 pm)",iands,data\iands\archive-through-april-6-2004-008.json,Indeterminate,0,False,False,False,not_your_time,not_mentioned,not_mentioned,not_mentioned,not_mentioned,not_mentioned,not_mentioned,not_mentioned,not_mentioned,not_mentioned
"Archive through April 6, 2004 - Anonymous (Tuesday, March 30, 2004 - 10:30 pm)",iands,data\iands\archive-through-april-6-2004-009.json,Indeterminate,0,False,False,False,not_mentioned,implied,no,not_mentioned,not_mentioned,not_mentioned,not_mentioned,not_mentioned,not_mentioned,not_mentioned
"Archive through April 6, 2004 - Anonymous (Tuesday, March 30, 2004 - 10:19 pm)",iands,data\iands\archive-through-april-6-2004-010.json,Indeterminate,0,False,False,False,other,no,no,no,not_mentioned,not_mentioned,not_mentioned,not_mentioned,not_mentioned,no
"Archive through April 6, 2004 - Anonymous (Tuesday, March 30, 2004 - 10:16 pm)",iands,data\iands\archive-through-april-6-2004-013.json,Indeterminate,0,False,False,False,family_responsibility,not_mentioned,not_mentioned,not_mentioned,not_mentioned,not_mentioned,not_mentioned,not_mentioned,not_mentioned,not_mentioned
"Archive through April 6, 2004 - Anonymous (Tuesday, March 30, 2004 - 10:06 pm)",iands,data\iands\archive-through-april-6-2004-015.json,Indeterminate,0,False,False,False,not_mentioned,no,no,no,not_mentioned,not_mentioned,not_mentioned,no,not_mentioned,no
"Archive through April 6, 2004 - Anonymous (Tuesday, March 30, 2004 - 10:05 pm)",iands,data\iands\archive-through-april-6-2004-016.json,Indeterminate,0,False,False,False,no_reason_given,no,no,no,not_mentioned,not_mentioned,not_mentioned,not_mentioned,none,no
"Archive through April 6, 2004 - Anonymous (Tuesday, March 30, 2004 - 10:04 pm)",iands,data\iands\archive-through-april-6-2004-017.json,Indeterminate,0,False,False,False,not_mentioned,not_mentioned,not_mentioned,not_mentioned,not_mentioned,not_mentioned,not_mentioned,not_mentioned,not_mentioned,not_mentioned
"Archive through April 6, 2004 - Anonymous (Tuesday, March 30, 2004 - 09:56 pm)",iands,data\iands\archive-through-april-6-2004-018.json,Indeterminate,0,False,False,False,not_your_time,no,no,no,not_mentioned,not_mentioned,not_mentioned,not_mentioned,not_mentioned,no
"Archive through April 6, 2004 - Anonymous (Tuesday, March 30, 2004 - 09:55 pm)",iands,data\iands\archive-through-april-6-2004-019.json,Indeterminate,0,False,False,False,not_your_time,not_mentioned,not_mentioned,not_mentioned,not_mentioned,not_mentioned,not_mentioned,not_mentioned,not_mentioned,not_mentioned
"Archive through April 6, 2004 - Anonymous (Tuesday, March 30, 2004 - 09:42 pm)",iands,data\iands\archive-through-april-6-2004-021.json,Indeterminate,0,False,False,False,not_your_time,no,not_mentioned,not_mentioned,not_mentioned,not_mentioned,not_mentioned,not_mentioned,not_mentioned,not_mentioned
"Archive through April 6, 2004 - Anonymous (Tuesday, March 30, 2004 - 09:41 pm)",iands,data\iands\archive-through-april-6-2004-022.json,Indeterminate,0,False,False,False,not_mentioned,no,no,no,not_mentioned,not_mentioned,not_mentioned,no,not_mentioned,no
"Archive through April 6, 2004 - Anonymous (Tuesday, March 30, 2004 - 09:40 pm)",iands,data\iands\archive-through-april-6-2004-023.json,Indeterminate,0,False,False,False,not_mentioned,not_mentioned,not_mentioned,not_mentioned,not_mentioned,not_mentioned,not_mentioned,not_mentioned,not_mentioned,not_mentioned
"Archive through April 6, 2004 - Anonymous (Tuesday, March 30, 2004 - 09:38 pm)",iands,data\iands\archive-through-april-6-2004-025.json,Indeterminate,0,False,False,False,family_responsibility,no,no,not_mentioned,not_mentioned,not_mentioned,not_mentioned,not_mentioned,not_mentioned,not_mentioned
"Archive through August 11, 2003 - Anonymous (Monday, August 11, 2003 - 09:08 pm)",iands,data\iands\archive-through-august-11-2003-001.json,Indeterminate,0,False,False,False,not_mentioned,not_mentioned,not_mentioned,not_mentioned,not_mentioned,not_mentioned,not_mentioned,not_mentioned,not_mentioned,not_mentioned
"Archive through August 11, 2003 - Anonymous (Monday, August 11, 2003 - 09:01 pm)",iands,data\iands\archive-through-august-11-2003-002.json,Indeterminate,0,False,False,False,no_reason_given,not_mentioned,not_mentioned,not_mentioned,not_mentioned,not_mentioned,not_mentioned,no,not_mentioned,not_mentioned
"Archive through August 11, 2003 - Anonymous (Saturday, July 26, 2003 - 06:44 pm)",iands,data\iands\archive-through-august-11-2003-003.json,Indeterminate,0,False,False,False,not_your_time,yes_explicit,no,not_mentioned,not_mentioned,not_mentioned,not_mentioned,not_mentioned,not_mentioned,not_mentioned
"Archive through August 11, 2003 - Anonymous (Thursday, July 24, 2003 - 06:48 pm)",iands,data\iands\archive-through-august-11-2003-004.json,Indeterminate,0,False,False,False,not_mentioned,not_mentioned,not_mentioned,not_mentioned,not_mentioned,not_mentioned,not_mentioned,not_mentioned,not_mentioned,not_mentioned
"Archive through August 11, 2003 - Anonymous (Monday, July 21, 2003 - 12:53 pm)",iands,data\iands\archive-through-august-11-2003-005.json,Indeterminate,0,False,False,False,not_mentioned,implied,no,no,not_mentioned,not_mentioned,not_mentioned,not_mentioned,not_mentioned,no
"Archive through August 11, 2003 - Anonymous (Monday, July 14, 2003 - 06:31 pm)",iands,data\iands\archive-through-august-11-2003-008.json,Indeterminate,0,False,False,False,family_responsibility,no,no,no,not_mentioned,not_mentioned,not_mentioned,not_mentioned,not_mentioned,no
"Archive through August 11, 2003 - Anonymous (Wednesday, July 9, 2003 - 03:07 pm)",iands,data\iands\archive-through-august-11-2003-009.json,Indeterminate,0,False,False,False,not_mentioned,not_mentioned,not_mentioned,not_mentioned,not_mentioned,not_mentioned,not_mentioned,not_mentioned,not_mentioned,not_mentioned
"Archive through August 11, 2003 - Anonymous (Wednesday, July 9, 2003 - 02:52 pm)",iands,data\iands\archive-through-august-11-2003-010.json,Indeterminate,0,False,False,False,family_responsibility,no,not_mentioned,not_mentioned,not_mentioned,not_mentioned,not_mentioned,not_mentioned,not_mentioned,not_mentioned
"Archive through August 11, 2003 - Anonymous (Wednesday, July 9, 2003 - 02:34 pm)",iands,data\iands\archive-through-august-11-2003-011.json,Indeterminate,0,False,False,False,not_your_time,no,no,not_mentioned,not_mentioned,not_mentioned,not_mentioned,not_mentioned,not_mentioned,not_mentioned
"Archive through August 11, 2003 - Anonymous (Wednesday, July 9, 2003 - 02:26 pm)",iands,data\iands\archive-through-august-11-2003-012.json,Indeterminate,0,False,False,False,no_reason_given,not_mentioned,not_mentioned,not_mentioned,not_mentioned,not_mentioned,not_mentioned,not_mentioned,not_mentioned,not_mentioned
"Archive through August 11, 2003 - Anonymous (Monday, July 7, 2003 - 07:46 pm)",iands,data\iands\archive-through-august-11-2003-014.json,Indeterminate,0,False,False,False,family_responsibility,no,no,no,not_mentioned,not_mentioned,not_mentioned,not_mentioned,not_mentioned,no
"Archive through August 11, 2003 - Anonymous (Monday, July 7, 2003 - 07:41 pm)",iands,data\iands\archive-through-august-11-2003-015.json,Indeterminate,0,False,False,False,not_mentioned,not_mentioned,not_mentioned,not_mentioned,not_mentioned,not_mentioned,not_mentioned,not_mentioned,not_mentioned,not_mentioned
"Archive through August 11, 2003 - Anonymous (Monday, July 7, 2003 - 07:33 pm)",iands,data\iands\archive-through-august-11-2003-016.json,Indeterminate,0,False,False,False,not_mentioned,not_mentioned,not_mentioned,no,not_mentioned,not_mentioned,not_mentioned,no,not_mentioned,no
"Archive through August 11, 2003 - Anonymous (Saturday, July 5, 2003 - 07:00 pm)",iands,data\iands\archive-through-august-11-2003-017.json,Indeterminate,0,False,False,False,no_reason_given,not_mentioned,not_mentioned,not_mentioned,not_mentioned,not_mentioned,not_mentioned,not_mentioned,not_mentioned,no
"Archive through August 11, 2003 - Anonymous (Saturday, July 5, 2003 - 06:31 pm)",iands,data\iands\archive-through-august-11-2003-019.json,Indeterminate,0,False,False,False,not_mentioned,not_mentioned,not_mentioned,not_mentioned,not_mentioned,not_mentioned,not_mentioned,not_mentioned,not_mentioned,not_mentioned
"Archive through August 11, 2003 - Anonymous (Saturday, July 5, 2003 - 06:12 pm)",iands,data\iands\archive-through-august-11-2003-020.json,Indeterminate,0,False,False,False,not_mentioned,not_mentioned,not_mentioned,not_mentioned,not_mentioned,not_mentioned,not_mentioned,not_mentioned,not_mentioned,not_mentioned
"Archive through August 11, 2003 - Anonymous (Tuesday, July 1, 2003 - 10:38 pm)",iands,data\iands\archive-through-august-11-2003-023.json,Indeterminate,0,False,False,False,not_mentioned,no,not_mentioned,not_mentioned,not_mentioned,not_mentioned,not_mentioned,not_mentioned,not_mentioned,not_mentioned
"Archive through August 11, 2003 - Anonymous (Wednesday, June 4, 2003 - 09:46 pm)",iands,data\iands\archive-through-august-11-2003-024.json,Indeterminate,0,False,False,False,not_mentioned,not_mentioned,not_mentioned,not_mentioned,not_mentioned,not_mentioned,not_mentioned,not_mentioned,not_mentioned,not_mentioned
"Archive through August 20, 2004 - Anonymous (Friday, August 20, 2004 - 08:22 pm)",iands,data\iands\archive-through-august-20-2004-001.json,Indeterminate,0,False,False,False,no_reason_given,not_mentioned,not_mentioned,no,not_mentioned,not_mentioned,not_mentioned,not_mentioned,not_mentioned,no
"Archive through August 20, 2004 - Anonymous (Friday, August 20, 2004 - 08:21 pm)",iands,data\iands\archive-through-august-20-2004-002.json,Indeterminate,0,False,False,False,no_reason_given,not_mentioned,not_mentioned,no,not_mentioned,not_mentioned,not_mentioned,not_mentioned,not_mentioned,no
"Archive through August 20, 2004 - Anonymous (Friday, August 20, 2004 - 08:20 pm)",iands,data\iands\archive-through-august-20-2004-003.json,Indeterminate,0,False,False,False,no_reason_given,not_mentioned,not_mentioned,not_mentioned,not_mentioned,not_mentioned,not_mentioned,not_mentioned,not_mentioned,not_mentioned
"Archive through August 20, 2004 - Anonymous (Friday, August 20, 2004 - 08:19 pm)",iands,data\iands\archive-through-august-20-2004-004.json,Indeterminate,0,False,False,False,not_mentioned,not_mentioned,not_mentioned,not_mentioned,not_mentioned,not_mentioned,not_mentioned,not_mentioned,not_mentioned,not_mentioned
"Archive through August 20, 2004 - reviewer (Sunday, July 25, 2004 - 11:58 am)",iands,data\iands\archive-through-august-20-2004-007.json,Indeterminate,0,False,False,False,not_mentioned,not_mentioned,not_mentioned,no,not_mentioned,not_mentioned,not_mentioned,not_mentioned,not_mentioned,no
"Archive through August 20, 2004 - Anonymous (Sunday, July 25, 2004 - 11:57 am)",iands,data\iands\archive-through-august-20-2004-008.json,Indeterminate,0,False,False,False,not_mentioned,no,no,no,not_mentioned,not_mentioned,not_mentioned,not_mentioned,not_mentioned,no
"Archive through August 20, 2004 - Anonymous (Thursday, July 8, 2004 - 09:30 pm)",iands,data\iands\archive-through-august-20-2004-015.json,Indeterminate,0,False,False,False,not_your_time,no,no,no,not_mentioned,not_mentioned,not_mentioned,not_mentioned,not_mentioned,no
"Archive through August 20, 2004 - Anonymous (Thursday, July 8, 2004 - 09:27 pm)",iands,data\iands\archive-through-august-20-2004-017.json,Indeterminate,0,False,False,False,not_mentioned,not_mentioned,not_mentioned,no,not_mentioned,not_mentioned,not_mentioned,not_mentioned,not_mentioned,no
"Archive through August 20, 2004 - Anonymous (Thursday, July 8, 2004 - 09:25 pm)",iands,data\iands\archive-through-august-20-2004-019.json,Indeterminate,0,False,False,False,no_reason_given,not_mentioned,not_mentioned,not_mentioned,not_mentioned,not_mentioned,not_mentioned,not_mentioned,not_mentioned,not_mentioned
"Archive through August 20, 2004 - Anonymous (Thursday, July 8, 2004 - 09:22 pm)",iands,data\iands\archive-through-august-20-2004-021.json,Indeterminate,0,False,False,False,no_reason_given,not_mentioned,no,no,not_mentioned,not_mentioned,not_mentioned,no,not_mentioned,no
"Archive through August 20, 2004 - Anonymous (Thursday, July 8, 2004 - 09:20 pm)",iands,data\iands\archive-through-august-20-2004-022.json,Indeterminate,0,False,False,False,not_mentioned,not_mentioned,not_mentioned,not_mentioned,not_mentioned,not_mentioned,not_mentioned,not_mentioned,not_mentioned,not_mentioned
"Archive through August 20, 2004 - Anonymous (Thursday, July 8, 2004 - 09:16 pm)",iands,data\iands\archive-through-august-20-2004-024.json,Indeterminate,0,False,False,False,not_mentioned,no,no,no,not_mentioned,not_mentioned,not_mentioned,not_mentioned,none,no
"Archive through August 20, 2004 - Anonymous (Thursday, July 8, 2004 - 09:15 pm)",iands,data\iands\archive-through-august-20-2004-025.json,Indeterminate,0,False,False,False,not_your_time,not_mentioned,no,no,not_mentioned,not_mentioned,not_mentioned,not_mentioned,not_mentioned,no
"Archive through December 19, 2002 - Anonymous (Sunday, December 8, 2002 - 01:08 pm)",iands,data\iands\archive-through-december-19-2002-002.json,Indeterminate,0,False,False,False,not_mentioned,not_mentioned,not_mentioned,not_mentioned,not_mentioned,not_mentioned,not_mentioned,not_mentioned,not_mentioned,not_mentioned
"Archive through December 19, 2002 - Anonymous (Sunday, December 1, 2002 - 12:50 pm)",iands,data\iands\archive-through-december-19-2002-005.json,Indeterminate,0,False,False,False,no_reason_given,not_mentioned,no,no,not_mentioned,not_mentioned,not_mentioned,not_mentioned,not_mentioned,no
"Archive through December 19, 2002 - Anonymous (Sunday, December 1, 2002 - 12:31 pm)",iands,data\iands\archive-through-december-19-2002-006.json,Indeterminate,0,False,False,False,not_your_time,not_mentioned,not_mentioned,not_mentioned,not_mentioned,not_mentioned,not_mentioned,not_mentioned,not_mentioned,not_mentioned
"Archive through December 19, 2002 - Anonymous (Sunday, December 1, 2002 - 12:25 pm)",iands,data\iands\archive-through-december-19-2002-007.json,Indeterminate,0,False,False,False,not_mentioned,not_mentioned,not_mentioned,not_mentioned,not_mentioned,not_mentioned,not_mentioned,not_mentioned,not_mentioned,not_mentioned
"Archive through December 19, 2002 - Anonymous (Sunday, December 1, 2002 - 12:11 pm)",iands,data\iands\archive-through-december-19-2002-008.json,Indeterminate,0,False,False,False,not_mentioned,no,no,no,not_mentioned,not_mentioned,no,not_mentioned,none,no
"Archive through December 19, 2002 - Anonymous (Friday, November 22, 2002 - 03:37 pm)",iands,data\iands\archive-through-december-19-2002-009.json,Indeterminate,0,False,False,False,not_mentioned,not_mentioned,not_mentioned,no,not_mentioned,not_mentioned,not_mentioned,not_mentioned,not_mentioned,not_mentioned
"Archive through December 19, 2002 - Anonymous (Tuesday, November 19, 2002 - 12:04 pm)",iands,data\iands\archive-through-december-19-2002-011.json,Indeterminate,0,False,False,False,not_mentioned,not_mentioned,not_mentioned,not_mentioned,not_mentioned,not_mentioned,not_mentioned,not_mentioned,not_mentioned,not_mentioned
"Archive through December 19, 2002 - Anonymous (Tuesday, November 12, 2002 - 06:43 pm)",iands,data\iands\archive-through-december-19-2002-012.json,Indeterminate,0,False,False,False,not_mentioned,not_mentioned,not_mentioned,no,not_mentioned,not_mentioned,not_mentioned,not_mentioned,not_mentioned,no
"Archive through December 19, 2002 - Anonymous (Sunday, October 27, 2002 - 07:56 pm)",iands,data\iands\archive-through-december-19-2002-015.json,Indeterminate,0,False,False,False,no_reason_given,no,no,no,not_mentioned,not_mentioned,not_mentioned,not_mentioned,not_mentioned,no
"Archive through December 19, 2002 - Anonymous (Sunday, October 13, 2002 - 03:07 pm)",iands,data\iands\archive-through-december-19-2002-017.json,Indeterminate,0,False,False,False,not_mentioned,not_mentioned,not_mentioned,not_mentioned,not_mentioned,not_mentioned,not_mentioned,not_mentioned,not_mentioned,not_mentioned
"Archive through December 19, 2002 - Anonymous (Wednesday, September 18, 2002 - 08:28 pm)",iands,data\iands\archive-through-december-19-2002-019.json,Indeterminate,0,False,False,False,not_mentioned,not_mentioned,not_mentioned,not_mentioned,not_mentioned,not_mentioned,not_mentioned,not_mentioned,not_mentioned,not_mentioned
"Archive through December 19, 2002 - Anonymous (Wednesday, September 18, 2002 - 08:14 pm)",iands,data\iands\archive-through-december-19-2002-020.json,Indeterminate,0,False,False,False,not_mentioned,not_mentioned,not_mentioned,not_mentioned,not_mentioned,not_mentioned,not_mentioned,not_mentioned,not_mentioned,not_mentioned
"Archive through December 19, 2002 - Anonymous (Wednesday, September 18, 2002 - 07:50 pm)",iands,data\iands\archive-through-december-19-2002-021.json,Indeterminate,0,False,False,False,other,not_mentioned,not_mentioned,not_mentioned,not_mentioned,not_mentioned,not_mentioned,not_mentioned,not_mentioned,not_mentioned
"Archive through December 19, 2002 - Anonymous (Monday, September 16, 2002 - 09:04 am)",iands,data\iands\archive-through-december-19-2002-024.json,Indeterminate,0,False,False,False,not_mentioned,not_mentioned,not_mentioned,no,not_mentioned,not_mentioned,not_mentioned,not_mentioned,not_mentioned,no
"Archive through December 19, 2002 - Anonymous (Sunday, September 8, 2002 - 11:37 pm)",iands,data\iands\archive-through-december-19-2002-025.json,Indeterminate,0,False,False,False,no_reason_given,no,no,no,not_mentioned,not_mentioned,not_mentioned,not_mentioned,not_mentioned,no
"Archive through December 5, 2003 - Anonymous (Thursday, December 4, 2003 - 03:33 pm)",iands,data\iands\archive-through-december-5-2003-002.json,Indeterminate,0,False,False,False,not_mentioned,not_mentioned,not_mentioned,not_mentioned,not_mentioned,not_mentioned,not_mentioned,not_mentioned,not_mentioned,not_mentioned
"Archive through December 5, 2003 - Anonymous (Thursday, December 4, 2003 - 03:31 pm)",iands,data\iands\archive-through-december-5-2003-003.json,Indeterminate,0,False,False,False,not_mentioned,not_mentioned,not_mentioned,no,not_mentioned,not_mentioned,not_mentioned,not_mentioned,not_mentioned,no
"Archive through December 5, 2003 - Anonymous (Friday, November 28, 2003 - 10:22 am)",iands,data\iands\archive-through-december-5-2003-006.json,Indeterminate,0,False,False,False,not_mentioned,not_mentioned,not_mentioned,not_mentioned,not_mentioned,not_mentioned,not_mentioned,not_mentioned,not_mentioned,not_mentioned
"Archive through December 5, 2003 - Anonymous (Saturday, November 22, 2003 - 05:48 pm)",iands,data\iands\archive-through-december-5-2003-007.json,Indeterminate,0,False,False,False,not_mentioned,not_mentioned,not_mentioned,no,not_mentioned,not_mentioned,not_mentioned,not_mentioned,not_mentioned,not_mentioned
"Archive through December 5, 2003 - Anonymous (Sunday, November 16, 2003 - 11:12 am)",iands,data\iands\archive-through-december-5-2003-008.json,Indeterminate,0,False,False,False,not_your_time,implied,no,not_mentioned,not_mentioned,not_mentioned,not_mentioned,not_mentioned,not_mentioned,not_mentioned
"Archive through December 5, 2003 - Anonymous (Tuesday, November 11, 2003 - 09:56 pm)",iands,data\iands\archive-through-december-5-2003-010.json,Indeterminate,0,False,False,False,no_reason_given,no,not_mentioned,not_mentioned,not_mentioned,not_mentioned,not_mentioned,not_mentioned,not_mentioned,not_mentioned
"Archive through December 5, 2003 - Anonymous (Tuesday, November 11, 2003 - 09:53 pm)",iands,data\iands\archive-through-december-5-2003-011.json,Indeterminate,0,False,False,False,no_reason_given,not_mentioned,not_mentioned,not_mentioned,not_mentioned,not_mentioned,not_mentioned,not_mentioned,not_mentioned,not_mentioned
"Archive through December 5, 2003 - Anonymous (Tuesday, November 11, 2003 - 05:03 pm)",iands,data\iands\archive-through-december-5-2003-013.json,Indeterminate,0,False,False,False,not_mentioned,not_mentioned,not_mentioned,not_mentioned,not_mentioned,not_mentioned,not_mentioned,no,not_mentioned,not_mentioned
"Archive through December 5, 2003 - Anonymous (Tuesday, November 11, 2003 - 04:57 pm)",iands,data\iands\archive-through-december-5-2003-015.json,Indeterminate,0,False,False,False,not_mentioned,not_mentioned,not_mentioned,not_mentioned,not_mentioned,not_mentioned,not_mentioned,not_mentioned,not_mentioned,not_mentioned
"Archive through December 5, 2003 - Anonymous (Tuesday, November 11, 2003 - 04:54 pm)",iands,data\iands\archive-through-december-5-2003-016.json,Indeterminate,0,False,False,False,no_reason_given,no,no,no,not_mentioned,not_mentioned,not_mentioned,not_mentioned,not_mentioned,no
"Archive through December 5, 2003 - Anonymous (Tuesday, November 11, 2003 - 04:51 pm)",iands,data\iands\archive-through-december-5-2003-017.json,Indeterminate,0,False,False,False,family_responsibility,not_mentioned,not_mentioned,not_mentioned,not_mentioned,not_mentioned,not_mentioned,not_mentioned,not_mentioned,not_mentioned
"Archive through December 5, 2003 - Anonymous (Tuesday, November 11, 2003 - 04:49 pm)",iands,data\iands\archive-through-december-5-2003-018.json,Indeterminate,0,False,False,False,not_mentioned,implied,no,no,not_mentioned,not_mentioned,not_mentioned,not_mentioned,not_mentioned,no
"Archive through December 5, 2003 - Anonymous (Tuesday, November 11, 2003 - 04:45 pm)",iands,data\iands\archive-through-december-5-2003-020.json,Indeterminate,0,False,False,False,no_reason_given,not_mentioned,not_mentioned,not_mentioned,not_mentioned,not_mentioned,not_mentioned,not_mentioned,not_mentioned,not_mentioned
"Archive through December 5, 2003 - Anonymous (Thursday, October 2, 2003 - 04:16 pm)",iands,data\iands\archive-through-december-5-2003-023.json,Indeterminate,0,False,False,False,not_mentioned,not_mentioned,not_mentioned,not_mentioned,not_mentioned,not_mentioned,not_mentioned,explicit,not_mentioned,not_mentioned
"Archive through February 09, 2003 - Anonymous (Sunday, February 9, 2003 - 12:41 pm)",iands,data\iands\archive-through-february-09-2003-001.json,Indeterminate,0,False,False,False,family_responsibility,not_mentioned,not_mentioned,not_mentioned,not_mentioned,not_mentioned,not_mentioned,not_mentioned,not_mentioned,not_mentioned
"Archive through February 09, 2003 - Anonymous (Wednesday, February 5, 2003 - 10:18 pm)",iands,data\iands\archive-through-february-09-2003-003.json,Indeterminate,0,False,False,False,family_responsibility,yes_explicit,not_mentioned,not_mentioned,not_mentioned,not_mentioned,not_mentioned,not_mentioned,not_mentioned,not_mentioned
"Archive through February 09, 2003 - Anonymous (Sunday, February 2, 2003 - 09:16 pm)",iands,data\iands\archive-through-february-09-2003-004.json,Indeterminate,0,False,False,False,not_mentioned,not_mentioned,not_mentioned,not_mentioned,not_mentioned,not_mentioned,not_mentioned,not_mentioned,not_mentioned,not_mentioned
"Archive through February 09, 2003 - Anonymous (Wednesday, January 29, 2003 - 02:06 pm)",iands,data\iands\archive-through-february-09-2003-005.json,Indeterminate,0,False,False,False,not_mentioned,not_mentioned,not_mentioned,not_mentioned,not_mentioned,not_mentioned,not_mentioned,not_mentioned,not_mentioned,not_mentioned
"Archive through February 09, 2003 - Anonymous (Tuesday, January 28, 2003 - 09:13 pm)",iands,data\iands\archive-through-february-09-2003-006.json,Indeterminate,0,False,False,False,family_responsibility,no,no,not_mentioned,not_mentioned,not_mentioned,not_mentioned,not_mentioned,not_mentioned,not_mentioned
"Archive through February 09, 2003 - Anonymous (Tuesday, January 28, 2003 - 08:51 pm)",iands,data\iands\archive-through-february-09-2003-007.json,Indeterminate,0,False,False,False,not_mentioned,not_mentioned,not_mentioned,not_mentioned,not_mentioned,not_mentioned,not_mentioned,not_mentioned,not_mentioned,not_mentioned
"Archive through February 09, 2003 - Anonymous (Tuesday, January 28, 2003 - 08:39 pm)",iands,data\iands\archive-through-february-09-2003-008.json,Indeterminate,0,False,False,False,other,not_mentioned,not_mentioned,not_mentioned,not_mentioned,not_mentioned,not_mentioned,not_mentioned,not_mentioned,not_mentioned
"Archive through February 09, 2003 - Anonymous (Sunday, January 19, 2003 - 08:12 pm)",iands,data\iands\archive-through-february-09-2003-010.json,Indeterminate,0,False,False,False,other,implied,no,no,not_mentioned,not_mentioned,not_mentioned,not_mentioned,not_mentioned,no
"Archive through February 09, 2003 - Anonymous (Sunday, January 19, 2003 - 07:59 pm)",iands,data\iands\archive-through-february-09-2003-011.json,Indeterminate,0,False,False,False,not_your_time,no,no,no,not_mentioned,not_mentioned,not_mentioned,not_mentioned,not_mentioned,no
"Archive through February 09, 2003 - Anonymous (Tuesday, January 14, 2003 - 06:52 pm)",iands,data\iands\archive-through-february-09-2003-014.json,Indeterminate,0,False,False,False,not_mentioned,implied,not_mentioned,not_mentioned,not_mentioned,not_mentioned,not_mentioned,not_mentioned,not_mentioned,not_mentioned
"Archive through February 09, 2003 - Anonymous (Tuesday, January 7, 2003 - 07:53 pm)",iands,data\iands\archive-through-february-09-2003-016.json,Indeterminate,0,False,False,False,not_mentioned,not_mentioned,no,no,not_mentioned,not_mentioned,not_mentioned,not_mentioned,not_mentioned,no
"Archive through February 09, 2003 - Anonymous (Tuesday, January 7, 2003 - 07:39 pm)",iands,data\iands\archive-through-february-09-2003-017.json,Indeterminate,0,False,False,False,family_responsibility,implied,no,no,not_mentioned,not_mentioned,not_mentioned,not_mentioned,not_mentioned,no
"Archive through February 09, 2003 - Anonymous (Thursday, January 2, 2003 - 08:47 pm)",iands,data\iands\archive-through-february-09-2003-018.json,Indeterminate,0,False,False,False,other,yes_explicit,no,no,not_mentioned,not_mentioned,not_mentioned,not_mentioned,none,no
"Archive through February 09, 2003 - Anonymous (Thursday, January 2, 2003 - 08:36 pm)",iands,data\iands\archive-through-february-09-2003-019.json,Indeterminate,0,False,False,False,not_mentioned,yes_explicit,no,no,not_mentioned,not_mentioned,not_mentioned,not_mentioned,not_mentioned,no
"Archive through February 09, 2003 - Anonymous (Sunday, December 22, 2002 - 02:57 pm)",iands,data\iands\archive-through-february-09-2003-022.json,Indeterminate,0,False,False,False,not_mentioned,not_mentioned,not_mentioned,not_mentioned,not_mentioned,not_mentioned,not_mentioned,not_mentioned,not_mentioned,not_mentioned
"Archive through February 09, 2003 - Anonymous (Sunday, December 22, 2002 - 02:49 pm)",iands,data\iands\archive-through-february-09-2003-023.json,Indeterminate,0,False,False,False,family_responsibility,implied,no,not_mentioned,not_mentioned,not_mentioned,not_mentioned,not_mentioned,not_mentioned,not_mentioned
"Archive through February 09, 2003 - Anonymous (Sunday, December 22, 2002 - 02:38 pm)",iands,data\iands\archive-through-february-09-2003-024.json,Indeterminate,0,False,False,False,not_mentioned,no,no,no,not_mentioned,not_mentioned,not_mentioned,not_mentioned,not_mentioned,no
"Archive through February 26, 2002 - Anonymous (prime.kapa.net - 206.135.162.167) (Tuesday, February 26, 2002 - 11:12 am)",iands,data\iands\archive-through-february-26-2002-001.json,Indeterminate,0,False,False,False,not_your_time,no,no,no,not_mentioned,not_mentioned,not_mentioned,not_mentioned,not_mentioned,no
"Archive through February 26, 2002 - Anonymous (prime.kapa.net - 206.135.162.167) (Tuesday, February 26, 2002 - 11:07 am)",iands,data\iands\archive-through-february-26-2002-002.json,Indeterminate,0,False,False,False,family_responsibility,no,no,no,not_mentioned,not_mentioned,not_mentioned,not_mentioned,not_mentioned,no
"Archive through February 26, 2002 - Anonymous (prime.kapa.net - 206.135.162.167) (Monday, February 25, 2002 - 02:51 pm)",iands,data\iands\archive-through-february-26-2002-003.json,Indeterminate,0,False,False,False,not_mentioned,not_mentioned,not_mentioned,no,not_mentioned,not_mentioned,not_mentioned,not_mentioned,not_mentioned,no
"Archive through February 26, 2002 - Anonymous (prime.kapa.net - 206.135.162.167) (Monday, February 25, 2002 - 02:45 pm)",iands,data\iands\archive-through-february-26-2002-005.json,Indeterminate,0,False,False,False,not_mentioned,not_mentioned,not_mentioned,not_mentioned,not_mentioned,not_mentioned,not_mentioned,not_mentioned,not_mentioned,not_mentioned
"Archive through February 26, 2002 - Anonymous (prime.kapa.net - 206.135.162.167) (Monday, February 25, 2002 - 02:42 pm)",iands,data\iands\archive-through-february-26-2002-006.json,Indeterminate,0,False,False,False,not_mentioned,not_mentioned,not_mentioned,not_mentioned,not_mentioned,not_mentioned,not_mentioned,no,not_mentioned,not_mentioned
"Archive through February 26, 2002 - Anonymous (prime.kapa.net - 206.135.162.167) (Monday, February 25, 2002 - 02:32 pm)",iands,data\iands\archive-through-february-26-2002-007.json,Indeterminate,0,False,False,False,family_responsibility,not_mentioned,not_mentioned,not_mentioned,not_mentioned,not_mentioned,not_mentioned,not_mentioned,not_mentioned,not_mentioned
"Archive through February 26, 2002 - Anonymous (prime.kapa.net - 206.135.162.167) (Monday, February 25, 2002 - 02:28 pm)",iands,data\iands\archive-through-february-26-2002-008.json,Indeterminate,0,False,False,False,not_your_time,not_mentioned,no,no,not_mentioned,not_mentioned,not_mentioned,not_mentioned,not_mentioned,no
"Archive through February 26, 2002 - Anonymous (prime.kapa.net - 206.135.162.167) (Monday, February 25, 2002 - 02:25 pm)",iands,data\iands\archive-through-february-26-2002-009.json,Indeterminate,0,False,False,False,not_mentioned,not_mentioned,not_mentioned,not_mentioned,not_mentioned,not_mentioned,not_mentioned,not_mentioned,not_mentioned,not_mentioned
"Archive through February 26, 2002 - Anonymous (prime.kapa.net - 206.135.162.167) (Monday, February 25, 2002 - 01:58 pm)",iands,data\iands\archive-through-february-26-2002-011.json,Indeterminate,0,False,False,False,not_your_time,no,no,no,not_mentioned,not_mentioned,not_mentioned,not_mentioned,not_mentioned,no
"Archive through February 26, 2002 - Anonymous (prime.kapa.net - 206.135.162.167) (Monday, February 25, 2002 - 01:55 pm)",iands,data\iands\archive-through-february-26-2002-012.json,Indeterminate,0,False,False,False,family_responsibility,no,no,no,not_mentioned,not_mentioned,not_mentioned,not_mentioned,not_mentioned,no
"Archive through February 26, 2002 - Anonymous (prime.kapa.net - 206.135.162.167) (Tuesday, February 5, 2002 - 01:18 pm)",iands,data\iands\archive-through-february-26-2002-013.json,Indeterminate,0,False,False,False,not_your_time,yes_explicit,no,no,not_mentioned,not_mentioned,not_mentioned,implied,not_mentioned,no
"Archive through February 26, 2002 - Anonymous (prime.kapa.net - 206.135.162.167) (Tuesday, February 5, 2002 - 01:07 pm)",iands,data\iands\archive-through-february-26-2002-014.json,Indeterminate,0,False,False,False,no_reason_given,not_mentioned,not_mentioned,no,not_mentioned,not_mentioned,not_mentioned,not_mentioned,not_mentioned,no
"Archive through February 26, 2002 - Anonymous (prime.kapa.net - 206.135.162.167) (Tuesday, February 5, 2002 - 01:04 pm)",iands,data\iands\archive-through-february-26-2002-015.json,Indeterminate,0,False,False,False,not_your_time,no,no,no,not_mentioned,not_mentioned,not_mentioned,not_mentioned,none,no
"Archive through February 26, 2002 - Anonymous (prime.kapa.net - 206.135.162.167) (Tuesday, February 5, 2002 - 01:01 pm)",iands,data\iands\archive-through-february-26-2002-016.json,Indeterminate,0,False,False,False,not_mentioned,implied,no,no,not_mentioned,not_mentioned,not_mentioned,not_mentioned,not_mentioned,no
"Archive through February 26, 2002 - Anonymous (prime.kapa.net - 206.135.162.167) (Tuesday, February 5, 2002 - 12:40 pm)",iands,data\iands\archive-through-february-26-2002-019.json,Indeterminate,0,False,False,False,family_responsibility,not_mentioned,not_mentioned,not_mentioned,not_mentioned,not_mentioned,not_mentioned,not_mentioned,not_mentioned,not_mentioned
"Archive through February 26, 2002 - Anonymous (prime.kapa.net - 206.135.162.167) (Wednesday, January 23, 2002 - 11:35 am)",iands,data\iands\archive-through-february-26-2002-021.json,Indeterminate,0,False,False,False,no_reason_given,not_mentioned,no,not_mentioned,not_mentioned,not_mentioned,not_mentioned,no,not_mentioned,not_mentioned
"Archive through February 26, 2002 - Anonymous (prime.kapa.net - 206.135.162.167) (Wednesday, January 23, 2002 - 11:31 am)",iands,data\iands\archive-through-february-26-2002-022.json,Indeterminate,0,False,False,False,not_mentioned,no,no,no,not_mentioned,not_mentioned,not_mentioned,not_mentioned,not_mentioned,no
"Archive through February 26, 2002 - Anonymous (prime.kapa.net - 206.135.162.167) (Wednesday, January 23, 2002 - 11:18 am)",iands,data\iands\archive-through-february-26-2002-023.json,Indeterminate,0,False,False,False,not_mentioned,not_mentioned,not_mentioned,not_mentioned,not_mentioned,not_mentioned,not_mentioned,not_mentioned,not_mentioned,not_mentioned
"Archive through February 26, 2002 - Anonymous (prime.kapa.net - 206.135.162.167) (Wednesday, January 23, 2002 - 10:40 am)",iands,data\iands\archive-through-february-26-2002-027.json,Indeterminate,0,False,False,False,not_mentioned,not_mentioned,not_mentioned,no,not_mentioned,not_mentioned,not_mentioned,not_mentioned,none,no
"Archive through February 26, 2002 - Anonymous (prime.kapa.net - 206.135.162.167) (Wednesday, January 23, 2002 - 10:29 am)",iands,data\iands\archive-through-february-26-2002-029.json,Indeterminate,0,False,False,False,family_responsibility,not_mentioned,not_mentioned,not_mentioned,not_mentioned,not_mentioned,not_mentioned,not_mentioned,not_mentioned,not_mentioned
"Archive through February 26, 2002 - Anonymous (prime.kapa.net - 206.135.162.167) (Wednesday, January 23, 2002 - 10:18 am)",iands,data\iands\archive-through-february-26-2002-031.json,Indeterminate,0,False,False,False,no_reason_given,no,no,no,not_mentioned,not_mentioned,not_mentioned,not_mentioned,not_mentioned,no
"Archive through February 26, 2002 - Anonymous (dynamic031.indra.com - 204.144.142.101) (Saturday, October 6, 2001 - 10:25 am)",iands,data\iands\archive-through-february-26-2002-032.json,Indeterminate,0,False,False,False,not_mentioned,no,no,no,not_mentioned,not_mentioned,not_mentioned,not_mentioned,not_mentioned,no
"Archive through January 3, 2005 - Anonymous (Monday, January 3, 2005 - 08:33 pm)",iands,data\iands\archive-through-january-3-2005-002.json,Indeterminate,0,False,False,False,not_your_time,no,no,no,not_mentioned,not_mentioned,not_mentioned,not_mentioned,not_mentioned,no
"Archive through January 3, 2005 - Anonymous (Monday, January 3, 2005 - 08:28 pm)",iands,data\iands\archive-through-january-3-2005-003.json,Indeterminate,0,False,False,False,no_reason_given,not_mentioned,not_mentioned,not_mentioned,not_mentioned,not_mentioned,not_mentioned,not_mentioned,not_mentioned,not_mentioned
"Archive through January 3, 2005 - Anonymous (Friday, November 5, 2004 - 07:13 pm)",iands,data\iands\archive-through-january-3-2005-004.json,Indeterminate,0,False,False,False,not_mentioned,not_mentioned,not_mentioned,not_mentioned,not_mentioned,not_mentioned,not_mentioned,not_mentioned,not_mentioned,not_mentioned
"Archive through January 3, 2005 - Anonymous (Friday, November 5, 2004 - 07:06 pm)",iands,data\iands\archive-through-january-3-2005-005.json,Indeterminate,0,False,False,False,not_your_time,no,no,no,not_mentioned,not_mentioned,not_mentioned,no,not_mentioned,no
"Archive through January 3, 2005 - Anonymous (Wednesday, October 27, 2004 - 06:18 pm)",iands,data\iands\archive-through-january-3-2005-006.json,Indeterminate,0,False,False,False,not_mentioned,not_mentioned,not_mentioned,not_mentioned,not_mentioned,not_mentioned,not_mentioned,not_mentioned,not_mentioned,not_mentioned
"Archive through January 3, 2005 - reviewer (Tuesday, October 26, 2004 - 11:00 am)",iands,data\iands\archive-through-january-3-2005-012.json,Indeterminate,0,False,False,False,other,not_mentioned,not_mentioned,not_mentioned,not_mentioned,not_mentioned,not_mentioned,not_mentioned,not_mentioned,not_mentioned
"Archive through January 3, 2005 - Anonymous (Tuesday, October 26, 2004 - 10:59 am)",iands,data\iands\archive-through-january-3-2005-013.json,Indeterminate,0,False,False,False,no_reason_given,no,no,no,not_mentioned,not_mentioned,not_mentioned,not_mentioned,none,no
"Archive through January 3, 2005 - Anonymous (Tuesday, October 26, 2004 - 10:56 am)",iands,data\iands\archive-through-january-3-2005-014.json,Indeterminate,0,False,False,False,not_your_time,not_mentioned,not_mentioned,not_mentioned,not_mentioned,not_mentioned,not_mentioned,not_mentioned,not_mentioned,not_mentioned
"Archive through January 3, 2005 - Anonymous (Tuesday, October 26, 2004 - 10:54 am)",iands,data\iands\archive-through-january-3-2005-015.json,Indeterminate,0,False,False,False,no_reason_given,no,no,no,not_mentioned,not_mentioned,not_mentioned,not_mentioned,not_mentioned,no
"Archive through January 3, 2005 - Anonymous (Wednesday, September 1, 2004 - 07:46 pm)",iands,data\iands\archive-through-january-3-2005-016.json,Indeterminate,0,False,False,False,not_mentioned,no,no,no,not_mentioned,not_mentioned,not_mentioned,not_mentioned,not_mentioned,no
"Archive through January 3, 2005 - Anonymous (Wednesday, September 1, 2004 - 07:44 pm)",iands,data\iands\archive-through-january-3-2005-017.json,Indeterminate,0,False,False,False,not_mentioned,not_mentioned,not_mentioned,not_mentioned,not_mentioned,not_mentioned,not_mentioned,not_mentioned,not_mentioned,not_mentioned
"Archive through January 3, 2005 - Anonymous (Tuesday, August 24, 2004 - 06:42 pm)",iands,data\iands\archive-through-january-3-2005-018.json,Indeterminate,0,False,False,False,not_mentioned,not_mentioned,no,no,not_mentioned,not_mentioned,not_mentioned,not_mentioned,not_mentioned,no
"Archive through January 3, 2005 - Anonymous (Tuesday, August 24, 2004 - 06:41 pm)",iands,data\iands\archive-through-january-3-2005-019.json,Indeterminate,0,False,False,False,not_your_time,implied,no,not_mentioned,not_mentioned,not_mentioned,not_mentioned,not_mentioned,not_mentioned,not_mentioned
"Archive through January 3, 2005 - Anonymous (Friday, August 20, 2004 - 08:26 pm)",iands,data\iands\archive-through-january-3-2005-020.json,Indeterminate,0,False,False,False,not_mentioned,implied,no,no,not_mentioned,not_mentioned,not_mentioned,not_mentioned,not_mentioned,no
"Archive through July 15, 2002 - Anonymous (Sunday, June 16, 2002 - 11:43 pm)",iands,data\iands\archive-through-july-15-2002-002.json,Indeterminate,0,False,False,False,not_mentioned,not_mentioned,not_mentioned,not_mentioned,not_mentioned,not_mentioned,not_mentioned,not_mentioned,not_mentioned,not_mentioned
"Archive through July 15, 2002 - Anonymous (Sunday, June 16, 2002 - 11:38 pm)",iands,data\iands\archive-through-july-15-2002-003.json,Indeterminate,0,False,False,False,not_mentioned,not_mentioned,not_mentioned,not_mentioned,not_mentioned,not_mentioned,not_mentioned,not_mentioned,not_mentioned,not_mentioned
"Archive through July 15, 2002 - Anonymous (Monday, June 10, 2002 - 07:31 pm)",iands,data\iands\archive-through-july-15-2002-007.json,Indeterminate,0,False,False,False,family_responsibility,no,no,not_mentioned,not_mentioned,not_mentioned,not_mentioned,implied,not_mentioned,not_mentioned
"Archive through July 15, 2002 - Anonymous (Monday, June 10, 2002 - 07:22 pm)",iands,data\iands\archive-through-july-15-2002-008.json,Indeterminate,0,False,False,False,not_your_time,not_mentioned,no,no,not_mentioned,earth,not_mentioned,explicit,not_mentioned,no
"Archive through July 15, 2002 - Anonymous (Monday, June 10, 2002 - 07:14 pm)",iands,data\iands\archive-through-july-15-2002-009.json,Indeterminate,0,False,False,False,not_mentioned,not_mentioned,not_mentioned,not_mentioned,not_mentioned,not_mentioned,not_mentioned,not_mentioned,not_mentioned,not_mentioned
"Archive through July 15, 2002 - Anonymous (Monday, June 10, 2002 - 06:56 pm)",iands,data\iands\archive-through-july-15-2002-011.json,Indeterminate,0,False,False,False,other,no,no,not_mentioned,not_mentioned,not_mentioned,not_mentioned,not_mentioned,not_mentioned,not_mentioned
"Archive through July 15, 2002 - Anonymous (Sunday, June 9, 2002 - 07:30 pm)",iands,data\iands\archive-through-july-15-2002-012.json,Indeterminate,0,False,False,False,not_your_time,not_mentioned,not_mentioned,not_mentioned,not_mentioned,not_mentioned,not_mentioned,not_mentioned,not_mentioned,not_mentioned
"Archive through July 15, 2002 - Anonymous (Sunday, June 9, 2002 - 07:18 pm)",iands,data\iands\archive-through-july-15-2002-013.json,Indeterminate,0,False,False,False,family_responsibility,no,no,not_mentioned,not_mentioned,not_mentioned,not_mentioned,not_mentioned,not_mentioned,not_mentioned
"Archive through July 15, 2002 - Anonymous (Wednesday, June 5, 2002 - 08:28 pm)",iands,data\iands\archive-through-july-15-2002-015.json,Indeterminate,0,False,False,False,no_reason_given,no,no,no,not_mentioned,not_mentioned,not_mentioned,not_mentioned,not_mentioned,no
"Archive through July 15, 2002 - Anonymous (Sunday, June 2, 2002 - 10:36 pm)",iands,data\iands\archive-through-july-15-2002-017.json,Indeterminate,0,False,False,False,not_mentioned,implied,not_mentioned,not_mentioned,not_mentioned,not_mentioned,not_mentioned,not_mentioned,not_mentioned,not_mentioned
"Archive through July 15, 2002 - Anonymous (Thursday, May 30, 2002 - 09:42 pm)",iands,data\iands\archive-through-july-15-2002-019.json,Indeterminate,0,False,False,False,family_responsibility,not_mentioned,no,no,not_mentioned,not_mentioned,not_mentioned,not_mentioned,not_mentioned,no
"Archive through July 15, 2002 - Anonymous (Monday, May 27, 2002 - 06:51 pm)",iands,data\iands\archive-through-july-15-2002-021.json,Indeterminate,0,False,False,False,family_responsibility,implied,no,not_mentioned,not_mentioned,not_mentioned,not_mentioned,not_mentioned,not_mentioned,not_mentioned
"Archive through July 15, 2002 - Anonymous (Monday, May 27, 2002 - 06:37 pm)",iands,data\iands\archive-through-july-15-2002-022.json,Indeterminate,0,False,False,False,not_mentioned,not_mentioned,not_mentioned,not_mentioned,not_mentioned,not_mentioned,not_mentioned,not_mentioned,not_mentioned,not_mentioned
"Archive through July 15, 2002 - Anonymous (Sunday, May 26, 2002 - 11:47 pm)",iands,data\iands\archive-through-july-15-2002-023.json,Indeterminate,0,False,False,False,not_mentioned,not_mentioned,not_mentioned,not_mentioned,not_mentioned,not_mentioned,not_mentioned,not_mentioned,not_mentioned,not_mentioned
"Archive through July 15, 2002 - Anonymous (Sunday, May 26, 2002 - 11:41 pm)",iands,data\iands\archive-through-july-15-2002-024.json,Indeterminate,0,False,False,False,not_mentioned,not_mentioned,no,no,not_mentioned,not_mentioned,not_mentioned,not_mentioned,not_mentioned,no
"Archive through July 15, 2002 - Anonymous (Sunday, May 26, 2002 - 11:27 pm)",iands,data\iands\archive-through-july-15-2002-025.json,Indeterminate,0,False,False,False,not_mentioned,no,no,no,not_mentioned,not_mentioned,not_mentioned,not_mentioned,not_mentioned,no
"Archive through June 2, 2003 - Anonymous (Monday, June 2, 2003 - 09:04 am)",iands,data\iands\archive-through-june-2-2003-002.json,Indeterminate,0,False,False,False,family_responsibility,not_mentioned,no,no,not_mentioned,not_mentioned,not_mentioned,not_mentioned,not_mentioned,no
"Archive through June 2, 2003 - Anonymous (Monday, June 2, 2003 - 07:38 am)",iands,data\iands\archive-through-june-2-2003-005.json,Indeterminate,0,False,False,False,not_your_time,no,no,no,not_mentioned,not_mentioned,not_mentioned,not_mentioned,not_mentioned,no
"Archive through June 2, 2003 - Anonymous (Wednesday, May 28, 2003 - 07:51 pm)",iands,data\iands\archive-through-june-2-2003-008.json,Indeterminate,0,False,False,False,not_mentioned,yes_explicit,no,not_mentioned,not_mentioned,not_mentioned,not_mentioned,not_mentioned,not_mentioned,not_mentioned
"Archive through June 2, 2003 - Anonymous (Wednesday, May 28, 2003 - 07:45 pm)",iands,data\iands\archive-through-june-2-2003-009.json,Indeterminate,0,False,False,False,not_mentioned,not_mentioned,not_mentioned,not_mentioned,not_mentioned,not_mentioned,not_mentioned,not_mentioned,not_mentioned,not_mentioned
"Archive through June 2, 2003 - Anonymous (Wednesday, May 28, 2003 - 02:50 pm)",iands,data\iands\archive-through-june-2-2003-010.json,Indeterminate,0,False,False,False,not_mentioned,no,no,no,not_mentioned,not_mentioned,not_mentioned,not_mentioned,not_mentioned,no
"Archive through June 2, 2003 - Anonymous (Tuesday, May 27, 2003 - 04:55 pm)",iands,data\iands\archive-through-june-2-2003-011.json,Indeterminate,0,False,False,False,not_your_time,no,not_mentioned,not_mentioned,not_mentioned,not_mentioned,not_mentioned,not_mentioned,not_mentioned,not_mentioned
"Archive through June 2, 2003 - Anonymous (Tuesday, May 27, 2003 - 04:41 pm)",iands,data\iands\archive-through-june-2-2003-012.json,Indeterminate,0,False,False,False,family_responsibility,not_mentioned,not_mentioned,no,not_mentioned,not_mentioned,not_mentioned,not_mentioned,not_mentioned,no
"Archive through June 2, 2003 - Anonymous (Tuesday, May 27, 2003 - 04:29 pm)",iands,data\iands\archive-through-june-2-2003-013.json,Indeterminate,0,False,False,False,not_mentioned,not_mentioned,not_mentioned,no,not_mentioned,not_mentioned,not_mentioned,not_mentioned,not_mentioned,no
"Archive through June 2, 2003 - Anonymous (Friday, May 23, 2003 - 12:48 pm)",iands,data\iands\archive-through-june-2-2003-014.json,Indeterminate,0,False,False,False,not_mentioned,not_mentioned,not_mentioned,not_mentioned,not_mentioned,not_mentioned,not_mentioned,not_mentioned,none,not_mentioned
"Archive through June 2, 2003 - Anonymous (Wednesday, May 21, 2003 - 01:29 pm)",iands,data\iands\archive-through-june-2-2003-015.json,Indeterminate,0,False,False,False,no_reason_given,not_mentioned,not_mentioned,not_mentioned,not_mentioned,not_mentioned,not_mentioned,not_mentioned,not_mentioned,not_mentioned
"Archive through June 2, 2003 - Anonymous (Sunday, May 18, 2003 - 04:40 pm)",iands,data\iands\archive-through-june-2-2003-016.json,Indeterminate,0,False,False,False,not_mentioned,implied,no,no,not_mentioned,not_mentioned,not_mentioned,not_mentioned,not_mentioned,no
"Archive through June 2, 2003 - Anonymous (Thursday, May 15, 2003 - 07:44 pm)",iands,data\iands\archive-through-june-2-2003-017.json,Indeterminate,0,False,False,False,family_responsibility,not_mentioned,not_mentioned,not_mentioned,not_mentioned,not_mentioned,not_mentioned,not_mentioned,not_mentioned,not_mentioned
"Archive through June 2, 2003 - Anonymous (Friday, May 9, 2003 - 11:46 am)",iands,data\iands\archive-through-june-2-2003-019.json,Indeterminate,0,False,False,False,not_mentioned,not_mentioned,not_mentioned,not_mentioned,not_mentioned,not_mentioned,not_mentioned,not_mentioned,not_mentioned,not_mentioned
"Archive through June 2, 2003 - Anonymous (Wednesday, April 23, 2003 - 09:59 am)",iands,data\iands\archive-through-june-2-2003-025.json,Indeterminate,0,False,False,False,not_mentioned,not_mentioned,not_mentioned,not_mentioned,not_mentioned,not_mentioned,not_mentioned,not_mentioned,not_mentioned,not_mentioned
"Archive through March 11, 2004 - Anonymous (Thursday, March 11, 2004 - 12:52 pm)",iands,data\iands\archive-through-march-11-2004-001.json,Indeterminate,0,False,False,False,not_mentioned,not_mentioned,not_mentioned,no,not_mentioned,not_mentioned,not_mentioned,not_mentioned,not_mentioned,no
"Archive through March 11, 2004 - Anonymous (Thursday, March 4, 2004 - 09:12 pm)",iands,data\iands\archive-through-march-11-2004-002.json,Indeterminate,0,False,False,False,family_responsibility,no,no,no,not_mentioned,not_mentioned,not_mentioned,not_mentioned,not_mentioned,no
"Archive through March 11, 2004 - Anonymous (Thursday, March 4, 2004 - 09:10 pm)",iands,data\iands\archive-through-march-11-2004-003.json,Indeterminate,0,False,False,False,no_reason_given,no,no,no,not_mentioned,not_mentioned,not_mentioned,not_mentioned,not_mentioned,no
"Archive through March 11, 2004 - Anonymous (Thursday, March 4, 2004 - 09:09 pm)",iands,data\iands\archive-through-march-11-2004-004.json,Indeterminate,0,False,False,False,no_reason_given,not_mentioned,not_mentioned,not_mentioned,not_mentioned,not_mentioned,not_mentioned,not_mentioned,not_mentioned,not_mentioned
"Archive through March 11, 2004 - Anonymous (Thursday, March 4, 2004 - 09:06 pm)",iands,data\iands\archive-through-march-11-2004-006.json,Indeterminate,0,False,False,False,other,implied,no,no,not_mentioned,not_mentioned,not_mentioned,implied,not_mentioned,no
"Archive through March 11, 2004 - Anonymous (Thursday, March 4, 2004 - 08:59 pm)",iands,data\iands\archive-through-march-11-2004-008.json,Indeterminate,0,False,False,False,not_mentioned,not_mentioned,not_mentioned,no,not_mentioned,not_mentioned,not_mentioned,not_mentioned,not_mentioned,no
"Archive through March 11, 2004 - Anonymous (Thursday, March 4, 2004 - 08:56 pm)",iands,data\iands\archive-through-march-11-2004-010.json,Indeterminate,0,False,False,False,not_mentioned,no,no,no,not_mentioned,not_mentioned,not_mentioned,not_mentioned,not_mentioned,no
"Archive through March 11, 2004 - Anonymous (Thursday, March 4, 2004 - 08:49 pm)",iands,data\iands\archive-through-march-11-2004-012.json,Indeterminate,0,False,False,False,not_mentioned,no,no,no,not_mentioned,not_mentioned,not_mentioned,not_mentioned,not_mentioned,no
"Archive through March 11, 2004 - Anonymous (Thursday, March 4, 2004 - 08:43 pm)",iands,data\iands\archive-through-march-11-2004-014.json,Indeterminate,0,False,False,False,not_your_time,yes_explicit,no,no,not_mentioned,not_mentioned,not_mentioned,not_mentioned,none,no
"Archive through March 11, 2004 - Anonymous (Thursday, March 4, 2004 - 08:41 pm)",iands,data\iands\archive-through-march-11-2004-015.json,Indeterminate,0,False,False,False,not_mentioned,implied,no,no,not_mentioned,not_mentioned,not_mentioned,not_mentioned,not_mentioned,no
"Archive through March 11, 2004 - Anonymous (Thursday, March 4, 2004 - 08:40 pm)",iands,data\iands\archive-through-march-11-2004-016.json,Indeterminate,0,False,False,False,not_your_time,not_mentioned,no,no,not_mentioned,not_mentioned,not_mentioned,not_mentioned,not_mentioned,no
"Archive through March 11, 2004 - Anonymous (Thursday, March 4, 2004 - 08:34 pm)",iands,data\iands\archive-through-march-11-2004-018.json,Indeterminate,0,False,False,False,not_mentioned,not_mentioned,not_mentioned,not_mentioned,not_mentioned,not_mentioned,not_mentioned,implied,not_mentioned,not_mentioned
"Archive through March 11, 2004 - Anonymous (Thursday, March 4, 2004 - 08:31 pm)",iands,data\iands\archive-through-march-11-2004-019.json,Indeterminate,0,False,False,False,not_mentioned,not_mentioned,not_mentioned,not_mentioned,not_mentioned,not_mentioned,not_mentioned,not_mentioned,not_mentioned,not_mentioned
"Archive through March 11, 2004 - Anonymous (Thursday, March 4, 2004 - 08:29 pm)",iands,data\iands\archive-through-march-11-2004-020.json,Indeterminate,0,False,False,False,no_reason_given,not_mentioned,not_mentioned,not_mentioned,not_mentioned,not_mentioned,not_mentioned,not_mentioned,not_mentioned,not_mentioned
"Archive through March 11, 2004 - Anonymous (Thursday, December 11, 2003 - 09:41 pm)",iands,data\iands\archive-through-march-11-2004-023.json,Indeterminate,0,False,False,False,not_mentioned,implied,no,not_mentioned,not_mentioned,not_mentioned,not_mentioned,not_mentioned,not_mentioned,not_mentioned
"Archive through March 11, 2004 - Anonymous (Thursday, December 11, 2003 - 03:46 pm)",iands,data\iands\archive-through-march-11-2004-024.json,Indeterminate,0,False,False,False,other,not_mentioned,not_mentioned,not_mentioned,not_mentioned,not_mentioned,not_mentioned,not_mentioned,not_mentioned,not_mentioned
"Archive through March 30, 2004 - Anonymous (Tuesday, March 30, 2004 - 09:27 pm)",iands,data\iands\archive-through-march-30-2004-003.json,Indeterminate,0,False,False,False,family_responsibility,not_mentioned,not_mentioned,not_mentioned,not_mentioned,not_mentioned,not_mentioned,not_mentioned,not_mentioned,not_mentioned
"Archive through March 30, 2004 - Anonymous (Tuesday, March 30, 2004 - 09:26 pm)",iands,data\iands\archive-through-march-30-2004-004.json,Indeterminate,0,False,False,False,not_mentioned,not_mentioned,not_mentioned,not_mentioned,not_mentioned,not_mentioned,not_mentioned,not_mentioned,not_mentioned,not_mentioned
"Archive through March 30, 2004 - Anonymous (Tuesday, March 30, 2004 - 09:25 pm)",iands,data\iands\archive-through-march-30-2004-005.json,Indeterminate,0,False,False,False,other,not_mentioned,no,no,not_mentioned,not_mentioned,not_mentioned,not_mentioned,none,no
"Archive through March 30, 2004 - Anonymous (Tuesday, March 30, 2004 - 09:21 pm)",iands,data\iands\archive-through-march-30-2004-008.json,Indeterminate,0,False,False,False,not_mentioned,not_mentioned,not_mentioned,not_mentioned,not_mentioned,not_mentioned,not_mentioned,not_mentioned,not_mentioned,not_mentioned
"Archive through March 30, 2004 - Anonymous (Tuesday, March 30, 2004 - 09:19 pm)",iands,data\iands\archive-through-march-30-2004-009.json,Indeterminate,0,False,False,False,not_your_time,implied,no,no,not_mentioned,earth,not_mentioned,explicit,not_mentioned,no
"Archive through March 30, 2004 - Anonymous (Tuesday, March 30, 2004 - 09:15 pm)",iands,data\iands\archive-through-march-30-2004-012.json,Indeterminate,0,False,False,False,not_mentioned,not_mentioned,not_mentioned,not_mentioned,not_mentioned,not_mentioned,not_mentioned,not_mentioned,not_mentioned,not_mentioned
"Archive through March 30, 2004 - Anonymous (Thursday, March 25, 2004 - 08:57 pm)",iands,data\iands\archive-through-march-30-2004-019.json,Indeterminate,0,False,False,False,family_responsibility,no,no,no,not_mentioned,not_mentioned,not_mentioned,not_mentioned,not_mentioned,no
"Archive through March 30, 2004 - Anonymous (Thursday, March 25, 2004 - 08:51 pm)",iands,data\iands\archive-through-march-30-2004-021.json,Indeterminate,0,False,False,False,not_mentioned,not_mentioned,not_mentioned,not_mentioned,not_mentioned,not_mentioned,not_mentioned,not_mentioned,not_mentioned,not_mentioned
"Archive through March 30, 2004 - Anonymous (Thursday, March 25, 2004 - 08:50 pm)",iands,data\iands\archive-through-march-30-2004-022.json,Indeterminate,0,False,False,False,not_your_time,no,no,no,not_mentioned,not_mentioned,not_mentioned,not_mentioned,none,no
"Archive through March 30, 2004 - Anonymous (Thursday, March 25, 2004 - 08:47 pm)",iands,data\iands\archive-through-march-30-2004-023.json,Indeterminate,0,False,False,False,family_responsibility,not_mentioned,not_mentioned,no,not_mentioned,not_mentioned,not_mentioned,not_mentioned,none,no
"Archive through March 30, 2004 - Anonymous (Thursday, March 11, 2004 - 12:56 pm)",iands,data\iands\archive-through-march-30-2004-025.json,Indeterminate,0,False,False,False,other,not_mentioned,not_mentioned,no,not_mentioned,not_mentioned,not_mentioned,not_mentioned,not_mentioned,no
"Archive through May 09, 2002 - Anonymous (Thursday, May 9, 2002 - 11:02 pm)",iands,data\iands\archive-through-may-09-2002-001.json,Indeterminate,0,False,False,False,not_your_time,not_mentioned,no,no,not_mentioned,not_mentioned,not_mentioned,not_mentioned,not_mentioned,not_mentioned
"Archive through May 09, 2002 - Anonymous (Thursday, May 9, 2002 - 10:28 pm)",iands,data\iands\archive-through-may-09-2002-003.json,Indeterminate,0,False,False,False,no_reason_given,not_mentioned,no,no,not_mentioned,not_mentioned,not_mentioned,not_mentioned,not_mentioned,no
"Archive through May 09, 2002 - Anonymous (Thursday, May 9, 2002 - 10:20 pm)",iands,data\iands\archive-through-may-09-2002-004.json,Indeterminate,0,False,False,False,no_reason_given,not_mentioned,not_mentioned,not_mentioned,not_mentioned,not_mentioned,not_mentioned,not_mentioned,not_mentioned,not_mentioned
"Archive through May 09, 2002 - Anonymous (Thursday, May 9, 2002 - 10:14 pm)",iands,data\iands\archive-through-may-09-2002-005.json,Indeterminate,0,False,False,False,not_your_time,no,no,no,not_mentioned,not_mentioned,not_mentioned,not_mentioned,not_mentioned,no
"Archive through May 09, 2002 - Anonymous (Tuesday, May 7, 2002 - 10:49 pm)",iands,data\iands\archive-through-may-09-2002-006.json,Indeterminate,0,False,False,False,not_mentioned,not_mentioned,not_mentioned,not_mentioned,not_mentioned,not_mentioned,not_mentioned,not_mentioned,not_mentioned,not_mentioned
"Archive through May 09, 2002 - Anonymous (Wednesday, May 1, 2002 - 04:50 pm)",iands,data\iands\archive-through-may-09-2002-008.json,Indeterminate,0,False,False,False,not_your_time,yes_explicit,no,no,not_mentioned,not_mentioned,not_mentioned,not_mentioned,not_mentioned,no
"Archive through May 09, 2002 - Anonymous (Thursday, April 4, 2002 - 12:23 pm)",iands,data\iands\archive-through-may-09-2002-011.json,Indeterminate,0,False,False,False,other,no,no,no,not_mentioned,not_mentioned,not_mentioned,no,not_mentioned,no
"Archive through May 09, 2002 - Anonymous (Thursday, April 4, 2002 - 12:19 pm)",iands,data\iands\archive-through-may-09-2002-013.json,Indeterminate,0,False,False,False,no_reason_given,not_mentioned,not_mentioned,not_mentioned,not_mentioned,not_mentioned,not_mentioned,not_mentioned,not_mentioned,not_mentioned
"Archive through May 09, 2002 - Anonymous (Wednesday, April 3, 2002 - 01:30 pm)",iands,data\iands\archive-through-may-09-2002-015.json,Indeterminate,0,False,False,False,not_mentioned,no,no,no,not_mentioned,not_mentioned,not_mentioned,not_mentioned,not_mentioned,no
"Archive through May 09, 2002 - Anonymous (dynamic111.indra.com - 204.144.142.181) (Tuesday, March 26, 2002 - 10:46 am)",iands,data\iands\archive-through-may-09-2002-016.json,Indeterminate,0,False,False,False,not_mentioned,yes_explicit,no,no,not_mentioned,not_mentioned,not_mentioned,not_mentioned,not_mentioned,no
"Archive through May 09, 2002 - Anonymous (prime.kapa.net - 206.135.162.167) (Tuesday, February 26, 2002 - 12:44 pm)",iands,data\iands\archive-through-may-09-2002-017.json,Indeterminate,0,False,False,False,no_reason_given,not_mentioned,not_mentioned,not_mentioned,not_mentioned,not_mentioned,not_mentioned,no,not_mentioned,not_mentioned
"Archive through May 09, 2002 - Anonymous (prime.kapa.net - 206.135.162.167) (Tuesday, February 26, 2002 - 12:23 pm)",iands,data\iands\archive-through-may-09-2002-020.json,Indeterminate,0,False,False,False,family_responsibility,not_mentioned,not_mentioned,not_mentioned,not_mentioned,not_mentioned,not_mentioned,not_mentioned,not_mentioned,not_mentioned
"Archive through May 09, 2002 - Anonymous (prime.kapa.net - 206.135.162.167) (Tuesday, February 26, 2002 - 12:12 pm)",iands,data\iands\archive-through-may-09-2002-022.json,Indeterminate,0,False,False,False,not_mentioned,not_mentioned,not_mentioned,not_mentioned,not_mentioned,not_mentioned,not_mentioned,not_mentioned,not_mentioned,not_mentioned
"Archive through May 09, 2002 - Anonymous (prime.kapa.net - 206.135.162.167) (Tuesday, February 26, 2002 - 12:11 pm)",iands,data\iands\archive-through-may-09-2002-023.json,Indeterminate,0,False,False,False,family_responsibility,not_mentioned,no,no,not_mentioned,not_mentioned,not_mentioned,not_mentioned,none,no
"Archive through May 09, 2002 - Anonymous (prime.kapa.net - 206.135.162.167) (Tuesday, February 26, 2002 - 11:37 am)",iands,data\iands\archive-through-may-09-2002-024.json,Indeterminate,0,False,False,False,family_responsibility,no,no,no,not_mentioned,not_mentioned,not_mentioned,not_mentioned,none,no
"Archive through May 12, 2004 - Anonymous (Wednesday, May 12, 2004 - 12:48 pm)",iands,data\iands\archive-through-may-12-2004-001.json,Indeterminate,0,False,False,False,not_mentioned,not_mentioned,not_mentioned,not_mentioned,not_mentioned,not_mentioned,not_mentioned,not_mentioned,not_mentioned,not_mentioned
"Archive through May 12, 2004 - Anonymous (Wednesday, May 12, 2004 - 12:47 pm)",iands,data\iands\archive-through-may-12-2004-002.json,Indeterminate,0,False,False,False,not_mentioned,not_mentioned,not_mentioned,no,not_mentioned,not_mentioned,not_mentioned,no,not_mentioned,no
"Archive through May 12, 2004 - Anonymous (Wednesday, May 12, 2004 - 12:45 pm)",iands,data\iands\archive-through-may-12-2004-003.json,Indeterminate,0,False,False,False,not_your_time,not_mentioned,no,no,not_mentioned,not_mentioned,not_mentioned,not_mentioned,not_mentioned,no
"Archive through May 12, 2004 - Anonymous (Wednesday, May 12, 2004 - 12:44 pm)",iands,data\iands\archive-through-may-12-2004-004.json,Indeterminate,0,False,False,False,not_mentioned,not_mentioned,not_mentioned,not_mentioned,not_mentioned,not_mentioned,not_mentioned,not_mentioned,not_mentioned,not_mentioned
"Archive through May 12, 2004 - Anonymous (Friday, April 30, 2004 - 07:58 pm)",iands,data\iands\archive-through-may-12-2004-006.json,Indeterminate,0,False,False,False,not_mentioned,not_mentioned,not_mentioned,not_mentioned,not_mentioned,not_mentioned,not_mentioned,not_mentioned,not_mentioned,not_mentioned
"Archive through May 12, 2004 - Anonymous (Friday, April 30, 2004 - 07:56 pm)",iands,data\iands\archive-through-may-12-2004-007.json,Indeterminate,0,False,False,False,family_responsibility,not_mentioned,not_mentioned,not_mentioned,not_mentioned,not_mentioned,not_mentioned,not_mentioned,not_mentioned,not_mentioned
"Archive through May 12, 2004 - Anonymous (Friday, April 30, 2004 - 07:55 pm)",iands,data\iands\archive-through-may-12-2004-008.json,Indeterminate,0,False,False,False,family_responsibility,no,no,no,not_mentioned,not_mentioned,not_mentioned,not_mentioned,not_mentioned,no
"Archive through May 12, 2004 - Anonymous (Friday, April 30, 2004 - 07:54 pm)",iands,data\iands\archive-through-may-12-2004-009.json,Indeterminate,0,False,False,False,no_reason_given,not_mentioned,not_mentioned,not_mentioned,not_mentioned,not_mentioned,not_mentioned,not_mentioned,not_mentioned,not_mentioned
"Archive through May 12, 2004 - Anonymous (Tuesday, April 20, 2004 - 06:53 pm)",iands,data\iands\archive-through-may-12-2004-010.json,Indeterminate,0,False,False,False,no_reason_given,not_mentioned,not_mentioned,not_mentioned,not_mentioned,not_mentioned,not_mentioned,not_mentioned,not_mentioned,not_mentioned
"Archive through May 12, 2004 - Anonymous (Tuesday, April 20, 2004 - 06:27 pm)",iands,data\iands\archive-through-may-12-2004-011.json,Indeterminate,0,False,False,False,not_mentioned,not_mentioned,not_mentioned,not_mentioned,not_mentioned,not_mentioned,not_mentioned,not_mentioned,not_mentioned,not_mentioned
"Archive through May 12, 2004 - Anonymous (Tuesday, April 20, 2004 - 06:22 pm)",iands,data\iands\archive-through-may-12-2004-012.json,Indeterminate,0,False,False,False,not_mentioned,not_mentioned,not_mentioned,not_mentioned,not_mentioned,not_mentioned,not_mentioned,not_mentioned,not_mentioned,not_mentioned
"Archive through May 12, 2004 - Anonymous (Tuesday, April 13, 2004 - 11:39 am)",iands,data\iands\archive-through-may-12-2004-015.json,Indeterminate,0,False,False,False,not_mentioned,not_mentioned,not_mentioned,no,not_mentioned,not_mentioned,not_mentioned,not_mentioned,not_mentioned,no
"Archive through May 12, 2004 - Anonymous (Tuesday, April 13, 2004 - 11:28 am)",iands,data\iands\archive-through-may-12-2004-016.json,Indeterminate,0,False,False,False,not_mentioned,yes_explicit,not_mentioned,not_mentioned,not_mentioned,not_mentioned,not_mentioned,not_mentioned,not_mentioned,not_mentioned
"Archive through May 12, 2004 - Anonymous (Tuesday, April 13, 2004 - 11:24 am)",iands,data\iands\archive-through-may-12-2004-017.json,Indeterminate,0,False,False,False,not_mentioned,no,no,no,not_mentioned,not_mentioned,not_mentioned,implied,not_mentioned,no
"Archive through May 12, 2004 - Anonymous (Tuesday, April 13, 2004 - 11:04 am)",iands,data\iands\archive-through-may-12-2004-019.json,Indeterminate,0,False,False,False,not_mentioned,not_mentioned,not_mentioned,not_mentioned,not_mentioned,not_mentioned,not_mentioned,not_mentioned,not_mentioned,not_mentioned
"Archive through May 12, 2004 - Anonymous (Tuesday, April 13, 2004 - 11:01 am)",iands,data\iands\archive-through-may-12-2004-021.json,Indeterminate,0,False,False,False,other,not_mentioned,not_mentioned,not_mentioned,not_mentioned,not_mentioned,not_mentioned,not_mentioned,not_mentioned,not_mentioned
"Archive through May 12, 2004 - Anonymous (Tuesday, April 13, 2004 - 10:59 am)",iands,data\iands\archive-through-may-12-2004-022.json,Indeterminate,0,False,False,False,not_mentioned,no,not_mentioned,not_mentioned,not_mentioned,not_mentioned,not_mentioned,not_mentioned,not_mentioned,not_mentioned
"Archive through May 12, 2004 - Anonymous (Tuesday, April 6, 2004 - 07:52 pm)",iands,data\iands\archive-through-may-12-2004-025.json,Indeterminate,0,False,False,False,not_mentioned,not_mentioned,not_mentioned,not_mentioned,not_mentioned,not_mentioned,not_mentioned,not_mentioned,not_mentioned,not_mentioned
"Archive through May 22, 2002 - Anonymous (Wednesday, May 22, 2002 - 09:40 pm)",iands,data\iands\archive-through-may-22-2002-001.json,Indeterminate,0,False,False,False,not_your_time,not_mentioned,not_mentioned,not_mentioned,not_mentioned,not_mentioned,not_mentioned,not_mentioned,not_mentioned,not_mentioned
"Archive through May 22, 2002 - Anonymous (Wednesday, May 22, 2002 - 09:31 pm)",iands,data\iands\archive-through-may-22-2002-002.json,Indeterminate,0,False,False,False,not_mentioned,not_mentioned,not_mentioned,not_mentioned,not_mentioned,not_mentioned,not_mentioned,not_mentioned,not_mentioned,not_mentioned
"Archive through May 22, 2002 - Anonymous (Wednesday, May 22, 2002 - 09:18 pm)",iands,data\iands\archive-through-may-22-2002-003.json,Indeterminate,0,False,False,False,not_mentioned,not_mentioned,not_mentioned,not_mentioned,not_mentioned,not_mentioned,not_mentioned,not_mentioned,not_mentioned,not_mentioned
"Archive through May 22, 2002 - Anonymous (Tuesday, May 21, 2002 - 10:32 pm)",iands,data\iands\archive-through-may-22-2002-005.json,Indeterminate,0,False,False,False,no_reason_given,no,no,no,not_mentioned,not_mentioned,not_mentioned,not_mentioned,none,no
"Archive through May 22, 2002 - Anonymous (Monday, May 20, 2002 - 09:38 pm)",iands,data\iands\archive-through-may-22-2002-006.json,Indeterminate,0,False,False,False,not_your_time,not_mentioned,not_mentioned,not_mentioned,not_mentioned,not_mentioned,not_mentioned,not_mentioned,not_mentioned,not_mentioned
"Archive through May 22, 2002 - Anonymous (Monday, May 20, 2002 - 09:32 pm)",iands,data\iands\archive-through-may-22-2002-007.json,Indeterminate,0,False,False,False,not_your_time,no,no,not_mentioned,not_mentioned,not_mentioned,not_mentioned,implied,not_mentioned,no
"Archive through May 22, 2002 - Anonymous (Monday, May 20, 2002 - 09:17 pm)",iands,data\iands\archive-through-may-22-2002-008.json,Indeterminate,0,False,False,False,not_mentioned,no,no,no,not_mentioned,not_mentioned,not_mentioned,not_mentioned,not_mentioned,no
"Archive through May 22, 2002 - Anonymous (Monday, May 20, 2002 - 09:06 pm)",iands,data\iands\archive-through-may-22-2002-009.json,Indeterminate,0,False,False,False,not_your_time,no,no,no,not_mentioned,not_mentioned,not_mentioned,not_mentioned,not_mentioned,no
"Archive through May 22, 2002 - Anonymous (Monday, May 20, 2002 - 08:57 pm)",iands,data\iands\archive-through-may-22-2002-010.json,Indeterminate,0,False,False,False,not_mentioned,not_mentioned,not_mentioned,not_mentioned,not_mentioned,not_mentioned,not_mentioned,no,not_mentioned,not_mentioned
"Archive through May 22, 2002 - Anonymous (Monday, May 20, 2002 - 08:51 pm)",iands,data\iands\archive-through-may-22-2002-011.json,Indeterminate,0,False,False,False,not_mentioned,not_mentioned,not_mentioned,not_mentioned,not_mentioned,not_mentioned,not_mentioned,not_mentioned,not_mentioned,not_mentioned
"Archive through May 22, 2002 - Anonymous (Tuesday, May 14, 2002 - 10:53 pm)",iands,data\iands\archive-through-may-22-2002-016.json,Indeterminate,0,False,False,False,not_mentioned,not_mentioned,not_mentioned,not_mentioned,not_mentioned,not_mentioned,not_mentioned,not_mentioned,not_mentioned,not_mentioned
"Archive through May 22, 2002 - Anonymous (Tuesday, May 14, 2002 - 10:49 pm)",iands,data\iands\archive-through-may-22-2002-017.json,Indeterminate,0,False,False,False,not_mentioned,not_mentioned,not_mentioned,not_mentioned,not_mentioned,not_mentioned,not_mentioned,not_mentioned,not_mentioned,not_mentioned
"Archive through May 22, 2002 - Anonymous (Monday, May 13, 2002 - 09:19 pm)",iands,data\iands\archive-through-may-22-2002-018.json,Indeterminate,0,False,False,False,not_mentioned,not_mentioned,not_mentioned,not_mentioned,not_mentioned,not_mentioned,not_mentioned,not_mentioned,not_mentioned,not_mentioned
"Archive through May 22, 2002 - Anonymous (Friday, May 10, 2002 - 10:50 pm)",iands,data\iands\archive-through-may-22-2002-020.json,Indeterminate,0,False,False,False,other,not_mentioned,no,no,not_mentioned,not_mentioned,not_mentioned,not_mentioned,not_mentioned,no
"Archive through May 22, 2002 - Anonymous (Friday, May 10, 2002 - 10:41 pm)",iands,data\iands\archive-through-may-22-2002-021.json,Indeterminate,0,False,False,False,not_mentioned,not_mentioned,not_mentioned,not_mentioned,not_mentioned,not_mentioned,not_mentioned,not_mentioned,not_mentioned,not_mentioned
"Archive through May 22, 2002 - Anonymous (Friday, May 10, 2002 - 10:39 pm)",iands,data\iands\archive-through-may-22-2002-022.json,Indeterminate,0,False,False,False,not_mentioned,not_mentioned,no,no,not_mentioned,not_mentioned,not_mentioned,not_mentioned,not_mentioned,no
"Archive through May 22, 2002 - Anonymous (Friday, May 10, 2002 - 10:27 pm)",iands,data\iands\archive-through-may-22-2002-023.json,Indeterminate,0,False,False,False,not_your_time,not_mentioned,not_mentioned,not_mentioned,not_mentioned,not_mentioned,not_mentioned,not_mentioned,not_mentioned,not_mentioned
"Archive through May 22, 2002 - Anonymous (Friday, May 10, 2002 - 10:24 pm)",iands,data\iands\archive-through-may-22-2002-024.json,Indeterminate,0,False,False,False,not_mentioned,not_mentioned,not_mentioned,not_mentioned,not_mentioned,not_mentioned,not_mentioned,not_mentioned,not_mentioned,not_mentioned
"Archive through May 22, 2002 - Anonymous (Friday, May 10, 2002 - 10:19 pm)",iands,data\iands\archive-through-may-22-2002-025.json,Indeterminate,0,False,False,False,not_your_time,not_mentioned,not_mentioned,not_mentioned,not_mentioned,not_mentioned,not_mentioned,not_mentioned,not_mentioned,not_mentioned
"Archive through September 08, 2002 - Anonymous (Sunday, September 8, 2002 - 11:01 pm)",iands,data\iands\archive-through-september-08-2002-002.json,Indeterminate,0,False,False,False,not_mentioned,not_mentioned,not_mentioned,not_mentioned,not_mentioned,not_mentioned,not_mentioned,not_mentioned,not_mentioned,not_mentioned
"Archive through September 08, 2002 - Anonymous (Sunday, August 25, 2002 - 10:44 pm)",iands,data\iands\archive-through-september-08-2002-003.json,Indeterminate,0,False,False,False,no_reason_given,not_mentioned,no,no,not_mentioned,not_mentioned,not_mentioned,not_mentioned,not_mentioned,no
"Archive through September 08, 2002 - Anonymous (Thursday, August 22, 2002 - 09:39 pm)",iands,data\iands\archive-through-september-08-2002-006.json,Indeterminate,0,False,False,False,no_reason_given,no,no,no,not_mentioned,not_mentioned,not_mentioned,no,not_mentioned,no
"Archive through September 08, 2002 - Anonymous (Wednesday, August 21, 2002 - 10:37 pm)",iands,data\iands\archive-through-september-08-2002-007.json,Indeterminate,0,False,False,False,not_your_time,not_mentioned,not_mentioned,not_mentioned,not_mentioned,not_mentioned,not_mentioned,not_mentioned,not_mentioned,not_mentioned
"Archive through September 08, 2002 - Anonymous (Tuesday, August 20, 2002 - 08:54 pm)",iands,data\iands\archive-through-september-08-2002-008.json,Indeterminate,0,False,False,False,not_mentioned,not_mentioned,not_mentioned,not_mentioned,not_mentioned,not_mentioned,not_mentioned,not_mentioned,not_mentioned,not_mentioned
"Archive through September 08, 2002 - Anonymous (Sunday, August 18, 2002 - 10:40 pm)",iands,data\iands\archive-through-september-08-2002-009.json,Indeterminate,0,False,False,False,not_mentioned,yes_explicit,no,no,not_mentioned,not_mentioned,not_mentioned,not_mentioned,not_mentioned,no
"Archive through September 08, 2002 - Anonymous (Monday, August 12, 2002 - 10:22 pm)",iands,data\iands\archive-through-september-08-2002-010.json,Indeterminate,0,False,False,False,not_your_time,implied,no,no,not_mentioned,not_mentioned,not_mentioned,not_mentioned,not_mentioned,no
"Archive through September 08, 2002 - Anonymous (Monday, August 12, 2002 - 10:00 pm)",iands,data\iands\archive-through-september-08-2002-011.json,Indeterminate,0,False,False,False,not_mentioned,no,no,no,not_mentioned,not_mentioned,not_mentioned,not_mentioned,not_mentioned,no
"Archive through September 08, 2002 - Anonymous (Monday, August 12, 2002 - 09:40 pm)",iands,data\iands\archive-through-september-08-2002-012.json,Indeterminate,0,False,False,False,family_responsibility,no,no,no,not_mentioned,not_mentioned,not_mentioned,not_mentioned,not_mentioned,no
"Archive through September 08, 2002 - Anonymous (Thursday, August 1, 2002 - 11:48 pm)",iands,data\iands\archive-through-september-08-2002-013.json,Indeterminate,0,False,False,False,family_responsibility,not_mentioned,not_mentioned,not_mentioned,not_mentioned,not_mentioned,not_mentioned,not_mentioned,not_mentioned,not_mentioned
"Archive through September 08, 2002 - Anonymous (Monday, July 29, 2002 - 11:04 pm)",iands,data\iands\archive-through-september-08-2002-014.json,Indeterminate,0,False,False,False,not_mentioned,yes_explicit,no,no,not_mentioned,not_mentioned,not_mentioned,not_mentioned,not_mentioned,no
"Archive through September 08, 2002 - Anonymous (Saturday, July 27, 2002 - 04:53 pm)",iands,data\iands\archive-through-september-08-2002-016.json,Indeterminate,0,False,False,False,not_mentioned,not_mentioned,no,no,not_mentioned,not_mentioned,not_mentioned,not_mentioned,none,no
"Archive through September 08, 2002 - Anonymous (Friday, July 19, 2002 - 10:06 pm)",iands,data\iands\archive-through-september-08-2002-019.json,Indeterminate,0,False,False,False,family_responsibility,no,not_mentioned,no,not_mentioned,not_mentioned,not_mentioned,not_mentioned,not_mentioned,no
"Archive through September 08, 2002 - Anonymous (Friday, July 19, 2002 - 09:51 pm)",iands,data\iands\archive-through-september-08-2002-020.json,Indeterminate,0,False,False,False,not_mentioned,not_mentioned,not_mentioned,not_mentioned,not_mentioned,not_mentioned,not_mentioned,not_mentioned,not_mentioned,not_mentioned
"Archive through September 08, 2002 - Anonymous (Friday, July 19, 2002 - 12:15 am)",iands,data\iands\archive-through-september-08-2002-021.json,Indeterminate,0,False,False,False,family_responsibility,implied,no,no,not_mentioned,not_mentioned,not_mentioned,not_mentioned,not_mentioned,no
"Archive through September 08, 2002 - Anonymous (Wednesday, July 17, 2002 - 10:55 pm)",iands,data\iands\archive-through-september-08-2002-023.json,Indeterminate,0,False,False,False,not_mentioned,not_mentioned,not_mentioned,not_mentioned,not_mentioned,not_mentioned,not_mentioned,not_mentioned,not_mentioned,not_mentioned
"Archive through September 08, 2002 - Anonymous (Wednesday, July 17, 2002 - 10:41 pm)",iands,data\iands\archive-through-september-08-2002-024.json,Indeterminate,0,False,False,False,not_mentioned,not_mentioned,not_mentioned,not_mentioned,not_mentioned,not_mentioned,not_mentioned,not_mentioned,not_mentioned,not_mentioned
"Archive through September 08, 2002 - Anonymous (Tuesday, July 16, 2002 - 12:13 am)",iands,data\iands\archive-through-september-08-2002-025.json,Indeterminate,0,False,False,False,not_mentioned,no,no,no,not_mentioned,not_mentioned,not_mentioned,no,none,no
"Archive through September 28, 2003 - Anonymous (Sunday, September 28, 2003 - 12:02 pm)",iands,data\iands\archive-through-september-28-2003-001.json,Indeterminate,0,False,False,False,no_reason_given,not_mentioned,not_mentioned,not_mentioned,not_mentioned,not_mentioned,not_mentioned,not_mentioned,not_mentioned,not_mentioned
"Archive through September 28, 2003 - Anonymous (Tuesday, September 23, 2003 - 02:33 pm)",iands,data\iands\archive-through-september-28-2003-002.json,Indeterminate,0,False,False,False,not_mentioned,not_mentioned,not_mentioned,not_mentioned,not_mentioned,not_mentioned,not_mentioned,no,not_mentioned,not_mentioned
"Archive through September 28, 2003 - Anonymous (Monday, September 22, 2003 - 10:50 am)",iands,data\iands\archive-through-september-28-2003-003.json,Indeterminate,0,False,False,False,not_mentioned,not_mentioned,no,not_mentioned,not_mentioned,not_mentioned,not_mentioned,not_mentioned,not_mentioned,not_mentioned
"Archive through September 28, 2003 - Anonymous (Saturday, September 20, 2003 - 10:44 pm)",iands,data\iands\archive-through-september-28-2003-004.json,Indeterminate,0,False,False,False,not_mentioned,not_mentioned,not_mentioned,not_mentioned,not_mentioned,not_mentioned,not_mentioned,not_mentioned,not_mentioned,not_mentioned
"Archive through September 28, 2003 - Anonymous (Saturday, September 20, 2003 - 11:49 am)",iands,data\iands\archive-through-september-28-2003-005.json,Indeterminate,0,False,False,False,not_mentioned,not_mentioned,no,no,not_mentioned,not_mentioned,not_mentioned,not_mentioned,not_mentioned,no
"Archive through September 28, 2003 - Anonymous (Tuesday, September 16, 2003 - 09:09 pm)",iands,data\iands\archive-through-september-28-2003-007.json,Indeterminate,0,False,False,False,not_mentioned,not_mentioned,not_mentioned,not_mentioned,not_mentioned,not_mentioned,not_mentioned,no,not_mentioned,not_mentioned
"Archive through September 28, 2003 - Anonymous (Tuesday, September 16, 2003 - 08:55 pm)",iands,data\iands\archive-through-september-28-2003-008.json,Indeterminate,0,False,False,False,not_mentioned,not_mentioned,not_mentioned,not_mentioned,not_mentioned,not_mentioned,not_mentioned,not_mentioned,not_mentioned,not_mentioned
"Archive through September 28, 2003 - Anonymous (Monday, September 8, 2003 - 10:27 pm)",iands,data\iands\archive-through-september-28-2003-010.json,Indeterminate,0,False,False,False,other,no,no,no,not_mentioned,not_mentioned,not_mentioned,no,not_mentioned,no
"Archive through September 28, 2003 - Anonymous (Monday, September 8, 2003 - 09:53 pm)",iands,data\iands\archive-through-september-28-2003-011.json,Indeterminate,0,False,False,False,not_your_time,no,no,no,not_mentioned,not_mentioned,not_mentioned,not_mentioned,not_mentioned,no
"Archive through September 28, 2003 - Anonymous (Sunday, September 7, 2003 - 07:08 pm)",iands,data\iands\archive-through-september-28-2003-012.json,Indeterminate,0,False,False,False,not_mentioned,not_mentioned,not_mentioned,not_mentioned,not_mentioned,not_mentioned,not_mentioned,not_mentioned,not_mentioned,not_mentioned
"Archive through September 28, 2003 - Anonymous (Friday, September 5, 2003 - 09:30 am)",iands,data\iands\archive-through-september-28-2003-013.json,Indeterminate,0,False,False,False,not_mentioned,not_mentioned,not_mentioned,not_mentioned,not_mentioned,not_mentioned,not_mentioned,not_mentioned,not_mentioned,not_mentioned
"Archive through September 28, 2003 - Anonymous (Tuesday, September 2, 2003 - 06:33 pm)",iands,data\iands\archive-through-september-28-2003-014.json,Indeterminate,0,False,False,False,other,not_mentioned,not_mentioned,no,not_mentioned,not_mentioned,not_mentioned,not_mentioned,not_mentioned,no
"Archive through September 28, 2003 - Anonymous (Tuesday, September 2, 2003 - 06:24 pm)",iands,data\iands\archive-through-september-28-2003-015.json,Indeterminate,0,False,False,False,other,not_mentioned,no,no,not_mentioned,not_mentioned,not_mentioned,no,not_mentioned,no
"Archive through September 28, 2003 - Anonymous (Friday, August 29, 2003 - 05:13 pm)",iands,data\iands\archive-through-september-28-2003-017.json,Indeterminate,0,False,False,False,not_your_time,not_mentioned,not_mentioned,not_mentioned,not_mentioned,not_mentioned,not_mentioned,not_mentioned,not_mentioned,not_mentioned
"Archive through September 28, 2003 - Anonymous (Monday, August 25, 2003 - 12:51 pm)",iands,data\iands\archive-through-september-28-2003-018.json,Indeterminate,0,False,False,False,not_mentioned,not_mentioned,not_mentioned,not_mentioned,not_mentioned,not_mentioned,not_mentioned,not_mentioned,not_mentioned,not_mentioned
"Archive through September 28, 2003 - Anonymous (Thursday, August 21, 2003 - 06:30 pm)",iands,data\iands\archive-through-september-28-2003-021.json,Indeterminate,0,False,False,False,family_responsibility,implied,no,no,not_mentioned,not_mentioned,not_mentioned,not_mentioned,not_mentioned,not_mentioned
"Archive through September 28, 2003 - Anonymous (Sunday, August 17, 2003 - 08:10 pm)",iands,data\iands\archive-through-september-28-2003-023.json,Indeterminate,0,False,False,False,no_reason_given,no,no,no,not_mentioned,not_mentioned,not_mentioned,not_mentioned,none,no
"Archive through September 28, 2003 - Anonymous (Friday, August 15, 2003 - 12:46 pm)",iands,data\iands\archive-through-september-28-2003-024.json,Indeterminate,0,False,False,False,not_your_time,not_mentioned,not_mentioned,not_mentioned,not_mentioned,not_mentioned,not_mentioned,not_mentioned,not_mentioned,not_mentioned
"Archive through September 28, 2003 - Anonymous (Friday, August 15, 2003 - 12:40 pm)",iands,data\iands\archive-through-september-28-2003-025.json,Indeterminate,0,False,False,False,not_mentioned,not_mentioned,not_mentioned,not_mentioned,not_mentioned,not_mentioned,not_mentioned,not_mentioned,not_mentioned,not_mentioned
Australian man has hellish visions during heart collapse,iands,data\iands\australian-man-has-hellish-visions-during-heart-collapse.json,Indeterminate,0,False,False,False,not_mentioned,not_mentioned,not_mentioned,not_mentioned,not_mentioned,not_mentioned,not_mentioned,not_mentioned,not_mentioned,not_mentioned
Australian woman left her body as a fetus and has strong lifelong after-effects,iands,data\iands\australian-woman-left-her-body-as-a-fetus-and-has-strong-lifelong-after-effects.json,Indeterminate,0,False,False,False,not_mentioned,not_mentioned,not_mentioned,not_mentioned,not_mentioned,not_mentioned,not_mentioned,not_mentioned,not_mentioned,not_mentioned
Back in Two Zaps,iands,data\iands\back-in-two-zaps.json,Indeterminate,0,False,False,False,other,no,no,no,not_mentioned,not_mentioned,not_mentioned,no,not_mentioned,no
Back Unwillingly,iands,data\iands\back-unwillingly.json,Indeterminate,0,False,False,False,not_your_time,not_mentioned,not_mentioned,not_mentioned,not_mentioned,not_mentioned,not_mentioned,not_mentioned,not_mentioned,not_mentioned
Basking in a pool of love,iands,data\iands\basking-in-a-pool-of-love.json,Indeterminate,0,False,False,False,not_mentioned,implied,no,no,not_mentioned,not_mentioned,not_mentioned,not_mentioned,not_mentioned,no
Beaten to Near Death,iands,data\iands\beaten-to-near-death.json,Indeterminate,0,False,False,False,no_reason_given,not_mentioned,not_mentioned,not_mentioned,not_mentioned,not_mentioned,not_mentioned,not_mentioned,not_mentioned,not_mentioned
Beautiful Field,iands,data\iands\beautiful-field.json,Indeterminate,0,False,False,False,no_reason_given,not_mentioned,not_mentioned,not_mentioned,not_mentioned,not_mentioned,not_mentioned,not_mentioned,not_mentioned,not_mentioned
Beauty and No Fear at Drowning Point,iands,data\iands\beauty-and-no-fear-at-drowning-point.json,Indeterminate,0,False,False,False,not_mentioned,not_mentioned,not_mentioned,not_mentioned,not_mentioned,not_mentioned,not_mentioned,not_mentioned,not_mentioned,not_mentioned
Begged to return to care for his babies,iands,data\iands\begged-to-return-to-care-for-his-babies.json,Indeterminate,0,False,False,False,family_responsibility,no,no,not_mentioned,not_mentioned,not_mentioned,not_mentioned,not_mentioned,not_mentioned,not_mentioned
Beings,iands,data\iands\beings.json,Indeterminate,0,False,False,False,not_mentioned,no,no,no,not_mentioned,not_mentioned,not_mentioned,not_mentioned,not_mentioned,no
Big Beautiful Grass Flowing,iands,data\iands\big-beautiful-grass-flowing.json,Indeterminate,0,False,False,False,not_your_time,no,no,no,not_mentioned,not_mentioned,not_mentioned,not_mentioned,not_mentioned,no
Big message in a small package,iands,data\iands\big-message-in-a-small-package.json,Indeterminate,0,False,False,False,not_mentioned,not_mentioned,not_mentioned,not_mentioned,not_mentioned,not_mentioned,not_mentioned,implied,not_mentioned,not_mentioned
Black Room,iands,data\iands\black-room.json,Indeterminate,0,False,False,False,not_mentioned,not_mentioned,not_mentioned,not_mentioned,not_mentioned,not_mentioned,not_mentioned,not_mentioned,not_mentioned,not_mentioned
Blue Light,iands,data\iands\blue-light.json,Indeterminate,0,False,False,False,not_mentioned,not_mentioned,not_mentioned,no,not_mentioned,not_mentioned,not_mentioned,not_mentioned,not_mentioned,no
Boundary Between Darkness and Light,iands,data\iands\boundary-between-darkness-and-light.json,Indeterminate,0,False,False,False,family_responsibility,not_mentioned,not_mentioned,not_mentioned,not_mentioned,not_mentioned,not_mentioned,not_mentioned,not_mentioned,not_mentioned
Boy of 10 almost drowns in lake,iands,data\iands\boy-of-10-almost-drowns-in-lake.json,Indeterminate,0,False,False,False,no_reason_given,no,no,no,not_mentioned,not_mentioned,not_mentioned,not_mentioned,not_mentioned,no
Brief out of body on ceiling of operating room,iands,data\iands\brief-out-of-body-on-ceiling-of-operating-room.json,Indeterminate,0,False,False,False,no_reason_given,not_mentioned,no,not_mentioned,not_mentioned,not_mentioned,not_mentioned,no,not_mentioned,not_mentioned
Bright Oversized Sun,iands,data\iands\bright-oversized-sun.json,Indeterminate,0,False,False,False,not_mentioned,not_mentioned,not_mentioned,no,not_mentioned,not_mentioned,not_mentioned,not_mentioned,not_mentioned,no
Brighter Path,iands,data\iands\brighter-path.json,Indeterminate,0,False,False,False,not_your_time,not_mentioned,not_mentioned,not_mentioned,not_mentioned,not_mentioned,not_mentioned,not_mentioned,not_mentioned,not_mentioned
"""Burned the candle at both ends""",iands,data\iands\burned-the-candle-at-both-ends.json,Indeterminate,0,False,False,False,no_reason_given,no,no,no,not_mentioned,not_mentioned,not_mentioned,not_mentioned,not_mentioned,no
Caesarean Section NDE in 1979 Scotland,iands,data\iands\caesarean-section-nde-in-1979-scotland.json,Indeterminate,0,False,False,False,not_mentioned,not_mentioned,not_mentioned,no,not_mentioned,not_mentioned,not_mentioned,not_mentioned,not_mentioned,no
Calling by Name,iands,data\iands\calling-by-name.json,Indeterminate,0,False,False,False,family_responsibility,no,no,no,not_mentioned,not_mentioned,not_mentioned,not_mentioned,not_mentioned,no
"Canadian woman has two NDEs, one involving a devil, and receives much guidance",iands,data\iands\canadian-woman-has-two-ndes-one-involving-a-devil-and-receives-much-guidance.json,Indeterminate,0,False,False,False,not_mentioned,not_mentioned,not_mentioned,no,not_mentioned,not_mentioned,not_mentioned,not_mentioned,none,no
Caring Voices,iands,data\iands\caring-voices.json,Indeterminate,0,False,False,False,no_reason_given,not_mentioned,not_mentioned,not_mentioned,not_mentioned,not_mentioned,not_mentioned,not_mentioned,not_mentioned,not_mentioned
Change in Thought,iands,data\iands\change-in-thought.json,Indeterminate,0,False,False,False,not_mentioned,no,no,no,not_mentioned,not_mentioned,not_mentioned,not_mentioned,none,no
Childhood drowning leads to lifetime of after-effects,iands,data\iands\childhood-drowning-leads-to-lifetime-of-after-effects.json,Indeterminate,0,False,False,False,not_your_time,no,no,no,not_mentioned,not_mentioned,not_mentioned,implied,not_mentioned,no
Childhood NDE and visitations finally understood after 50 years,iands,data\iands\childhood-nde-and-visitations-finally-understood-after-50-years.json,Indeterminate,0,False,False,False,not_mentioned,not_mentioned,not_mentioned,not_mentioned,not_mentioned,not_mentioned,not_mentioned,not_mentioned,not_mentioned,not_mentioned
Childhood NDE followed by precognitive dreams/visions and UFO/alien writings,iands,data\iands\childhood-nde-followed-by-precognitive-dreams-visions-and-ufo-alien-writings.json,Indeterminate,0,False,False,False,not_your_time,not_mentioned,not_mentioned,not_mentioned,not_mentioned,not_mentioned,not_mentioned,not_mentioned,not_mentioned,not_mentioned
Childing,iands,data\iands\childing.json,Indeterminate,0,False,False,False,not_your_time,no,no,no,not_mentioned,not_mentioned,not_mentioned,not_mentioned,not_mentioned,no
Chinese student learns about the universe and life and indulges in the warmth,iands,data\iands\chinese-student-learns-about-the-universe-and-life-and-indulges-in-the-warmth.json,Indeterminate,0,False,False,False,not_your_time,no,no,no,not_mentioned,not_mentioned,not_mentioned,not_mentioned,not_mentioned,no
Chose to Stay with Children,iands,data\iands\chose-to-stay-with-children.json,Indeterminate,0,False,False,False,family_responsibility,not_mentioned,not_mentioned,not_mentioned,not_mentioned,not_mentioned,not_mentioned,not_mentioned,not_mentioned,not_mentioned
Clarity about Life,iands,data\iands\clarity-about-life.json,Indeterminate,0,False,False,False,not_mentioned,not_mentioned,not_mentioned,not_mentioned,not_mentioned,not_mentioned,not_mentioned,not_mentioned,not_mentioned,not_mentioned
Come Back,iands,data\iands\come-back.json,Indeterminate,0,False,False,False,no_reason_given,not_mentioned,not_mentioned,not_mentioned,not_mentioned,not_mentioned,not_mentioned,no,not_mentioned,not_mentioned
Communication without Words,iands,data\iands\communication-without-words.json,Indeterminate,0,False,False,False,not_mentioned,not_mentioned,not_mentioned,no,not_mentioned,not_mentioned,not_mentioned,not_mentioned,not_mentioned,no
Corridors of Life's Images,iands,data\iands\corridors-of-life-s-images.json,Indeterminate,0,False,False,False,no_reason_given,no,no,no,not_mentioned,not_mentioned,not_mentioned,not_mentioned,not_mentioned,no
Cowboy's back surgery NDE shows him that everyone on this planet is there,iands,data\iands\cowboy-s-back-surgery-nde-shows-him-that-everyone-on-this-planet-is-there.json,Indeterminate,0,False,False,False,not_mentioned,not_mentioned,not_mentioned,no,not_mentioned,not_mentioned,not_mentioned,not_mentioned,not_mentioned,no
"Critically ill woman wakes to see Jesus, who heals her",iands,data\iands\critically-ill-woman-wakes-to-see-jesus-who-heals-her.json,Indeterminate,0,False,False,False,not_mentioned,not_mentioned,not_mentioned,not_mentioned,not_mentioned,not_mentioned,not_mentioned,not_mentioned,not_mentioned,not_mentioned
Danish woman floats in void several times in recovery room,iands,data\iands\danish-woman-floats-in-void-several-times-in-recovery-room.json,Indeterminate,0,False,False,False,other,no,no,no,not_mentioned,not_mentioned,not_mentioned,not_mentioned,not_mentioned,no
Death Not Terrible,iands,data\iands\death-not-terrible.json,Indeterminate,0,False,False,False,not_mentioned,not_mentioned,not_mentioned,no,not_mentioned,not_mentioned,not_mentioned,not_mentioned,not_mentioned,no
Deep Peace,iands,data\iands\deep-peace.json,Indeterminate,0,False,False,False,family_responsibility,not_mentioned,not_mentioned,not_mentioned,not_mentioned,not_mentioned,not_mentioned,not_mentioned,not_mentioned,not_mentioned
Departure of Light from Solar Plexus,iands,data\iands\departure-of-light-from-solar-plexus.json,Indeterminate,0,False,False,False,no_reason_given,not_mentioned,not_mentioned,not_mentioned,not_mentioned,not_mentioned,not_mentioned,not_mentioned,not_mentioned,not_mentioned
Depressed college freshman meets his guides during drug overdose,iands,data\iands\depressed-college-freshman-meets-his-guides-during-drug-overdose.json,Indeterminate,0,False,False,False,other,yes_explicit,no,not_mentioned,not_mentioned,not_mentioned,not_mentioned,not_mentioned,not_mentioned,not_mentioned
Difficulty Being Back in My Body,iands,data\iands\difficulty-being-back-in-my-body.json,Indeterminate,0,False,False,False,not_mentioned,not_mentioned,not_mentioned,not_mentioned,not_mentioned,not_mentioned,not_mentioned,not_mentioned,not_mentioned,not_mentioned
Donor Visits,iands,data\iands\donor-visits.json,Indeterminate,0,False,False,False,not_mentioned,not_mentioned,not_mentioned,not_mentioned,not_mentioned,not_mentioned,not_mentioned,not_mentioned,not_mentioned,not_mentioned
Drowned at 3,iands,data\iands\drowned-at-3.json,Indeterminate,0,False,False,False,not_mentioned,not_mentioned,not_mentioned,not_mentioned,not_mentioned,not_mentioned,not_mentioned,not_mentioned,not_mentioned,not_mentioned
Drowning young man learns of the mysteries of the universe,iands,data\iands\drowning-young-man-learns-of-the-mysteries-of-the-universe.json,Indeterminate,0,False,False,False,no_reason_given,implied,no,no,not_mentioned,not_mentioned,not_mentioned,not_mentioned,not_mentioned,no
"During tonsillectomy, child leaves body and meets her guide",iands,data\iands\during-tonsillectomy-child-leaves-body-and-meets-her-guide.json,Indeterminate,0,False,False,False,not_your_time,no,no,no,not_mentioned,not_mentioned,not_mentioned,no,not_mentioned,no
Dying to be Near God,iands,data\iands\dying-to-be-near-god.json,Indeterminate,0,False,False,False,not_mentioned,not_mentioned,not_mentioned,no,not_mentioned,not_mentioned,not_mentioned,not_mentioned,not_mentioned,no
Dying woman experiences life as a flower and fish while out of body,iands,data\iands\dying-woman-experiences-life-as-a-flower-and-fish-while-out-of-body.json,Indeterminate,0,False,False,False,no_reason_given,not_mentioned,not_mentioned,not_mentioned,not_mentioned,not_mentioned,not_mentioned,not_mentioned,not_mentioned,not_mentioned
Emergency at 37,iands,data\iands\emergency-at-37.json,Indeterminate,0,False,False,False,no_reason_given,no,no,no,not_mentioned,not_mentioned,not_mentioned,not_mentioned,not_mentioned,no
Encountering the Essence of Compassion,iands,data\iands\encountering-the-essence-of-compassion.json,Indeterminate,0,False,False,False,not_mentioned,no,no,no,not_mentioned,not_mentioned,not_mentioned,not_mentioned,not_mentioned,no
Everything is Life,iands,data\iands\everything-is-life.json,Indeterminate,0,False,False,False,family_responsibility,not_mentioned,not_mentioned,not_mentioned,not_mentioned,not_mentioned,not_mentioned,implied,not_mentioned,not_mentioned
Everything is Love,iands,data\iands\everything-is-love.json,Indeterminate,0,False,False,False,not_mentioned,no,no,no,not_mentioned,not_mentioned,not_mentioned,not_mentioned,not_mentioned,no
Example From Heaven,iands,data\iands\example-from-heaven.json,Indeterminate,0,False,False,False,no_reason_given,implied,no,no,not_mentioned,not_mentioned,not_mentioned,not_mentioned,not_mentioned,no
Fall on Head Gives Way to Distressing Experience,iands,data\iands\fall-on-head-gives-way-to-distressing-experience.json,Indeterminate,0,False,False,False,not_mentioned,yes_explicit,no,no,not_mentioned,not_mentioned,not_mentioned,not_mentioned,not_mentioned,no
Fifteen-year-old girl has panoramic view of accident,iands,data\iands\fifteen-year-old-girl-has-panoramic-view-of-accident.json,Indeterminate,0,False,False,False,no_reason_given,no,no,no,not_mentioned,not_mentioned,not_mentioned,implied,not_mentioned,no
Filled with Love and Peace,iands,data\iands\filled-with-love-and-peace.json,Indeterminate,0,False,False,False,no_reason_given,no,no,not_mentioned,not_mentioned,not_mentioned,not_mentioned,implied,not_mentioned,not_mentioned
Fingernail Crescent Spheres,iands,data\iands\fingernail-crescent-spheres.json,Indeterminate,0,False,False,False,family_responsibility,not_mentioned,not_mentioned,not_mentioned,not_mentioned,not_mentioned,not_mentioned,no,not_mentioned,not_mentioned
Floating Above My Right Shoulder,iands,data\iands\floating-above-my-right-shoulder.json,Indeterminate,0,False,False,False,not_mentioned,not_mentioned,not_mentioned,no,not_mentioned,not_mentioned,not_mentioned,not_mentioned,none,no
Floating Like A Helium Balloon,iands,data\iands\floating-like-a-helium-balloon.json,Indeterminate,0,False,False,False,not_mentioned,not_mentioned,not_mentioned,not_mentioned,not_mentioned,not_mentioned,not_mentioned,not_mentioned,not_mentioned,not_mentioned
Floating Over the Water,iands,data\iands\floating-over-the-water.json,Indeterminate,0,False,False,False,not_mentioned,not_mentioned,not_mentioned,not_mentioned,not_mentioned,not_mentioned,not_mentioned,not_mentioned,not_mentioned,not_mentioned
"Following motorcycle accident, man has vision of his own funeral",iands,data\iands\following-motorcycle-accident-man-has-vision-of-his-own-funeral.json,Indeterminate,0,False,False,False,not_mentioned,not_mentioned,not_mentioned,not_mentioned,not_mentioned,not_mentioned,not_mentioned,no,not_mentioned,not_mentioned
Following Spiritual Guide toward White Tunnel,iands,data\iands\following-spiritual-guide-toward-white-tunnel.json,Indeterminate,0,False,False,False,no_reason_given,not_mentioned,not_mentioned,not_mentioned,not_mentioned,not_mentioned,not_mentioned,not_mentioned,not_mentioned,not_mentioned
Four Returns,iands,data\iands\four-returns.json,Indeterminate,0,False,False,False,not_mentioned,not_mentioned,not_mentioned,not_mentioned,not_mentioned,not_mentioned,not_mentioned,not_mentioned,not_mentioned,not_mentioned
Freedom in My Lungs,iands,data\iands\freedom-in-my-lungs.json,Indeterminate,0,False,False,False,no_reason_given,no,no,not_mentioned,not_mentioned,not_mentioned,not_mentioned,not_mentioned,not_mentioned,not_mentioned
French Canadian man has lifetime of NDEs and after-effects,iands,data\iands\french-canadian-man-has-lifetime-of-ndes-and-after-effects.json,Indeterminate,0,False,False,False,not_mentioned,implied,not_mentioned,not_mentioned,not_mentioned,not_mentioned,not_mentioned,not_mentioned,not_mentioned,not_mentioned
From Lightning to Enlightenment,iands,data\iands\from-lightning-to-enlightenment.json,Indeterminate,0,False,False,False,not_mentioned,no,no,no,not_mentioned,not_mentioned,not_mentioned,not_mentioned,not_mentioned,no
From Pain to Total Love and Back to Pain,iands,data\iands\from-pain-to-total-love-and-back-to-pain.json,Indeterminate,0,False,False,False,family_responsibility,no,no,not_mentioned,not_mentioned,not_mentioned,not_mentioned,not_mentioned,not_mentioned,not_mentioned
From the Ceiling,iands,data\iands\from-the-ceiling.json,Indeterminate,0,False,False,False,not_mentioned,no,not_mentioned,not_mentioned,not_mentioned,not_mentioned,not_mentioned,not_mentioned,not_mentioned,not_mentioned
Fugitive is shown all his happiest moments,iands,data\iands\fugitive-is-shown-all-his-happiest-moments.json,Indeterminate,0,False,False,False,no_reason_given,no,no,no,not_mentioned,not_mentioned,not_mentioned,not_mentioned,not_mentioned,no
"GI almost dies, has painful life review and flies around the world",iands,data\iands\gi-almost-dies-has-painful-life-review-and-flies-around-the-world.json,Indeterminate,0,False,False,False,other,no,no,not_mentioned,not_mentioned,not_mentioned,not_mentioned,no,not_mentioned,not_mentioned
"Girl drowns, leaves body, and returns much changed",iands,data\iands\girl-drowns-leaves-body-and-returns-much-changed.json,Indeterminate,0,False,False,False,no_reason_given,no,no,no,not_mentioned,not_mentioned,not_mentioned,not_mentioned,none,no
Girl hit by car becomes ball of light,iands,data\iands\girl-hit-by-car-becomes-ball-of-light.json,Indeterminate,0,False,False,False,no_reason_given,not_mentioned,not_mentioned,not_mentioned,not_mentioned,not_mentioned,not_mentioned,not_mentioned,not_mentioned,not_mentioned
"Girl is hit by falling tree, leaves body, and returns with knowledge",iands,data\iands\girl-is-hit-by-falling-tree-leaves-body-and-returns-with-knowledge.json,Indeterminate,0,False,False,False,not_mentioned,no,no,no,not_mentioned,not_mentioned,not_mentioned,not_mentioned,not_mentioned,not_mentioned
Girl leaves body during electrical shock,iands,data\iands\girl-leaves-body-during-electrical-shock.json,Indeterminate,0,False,False,False,not_mentioned,not_mentioned,not_mentioned,not_mentioned,not_mentioned,not_mentioned,not_mentioned,not_mentioned,not_mentioned,not_mentioned
Glorious Light Enveloping My Soul,iands,data\iands\glorious-light-enveloping-my-soul.json,Indeterminate,0,False,False,False,no_reason_given,no,no,no,not_mentioned,not_mentioned,not_mentioned,implied,not_mentioned,no
Glow of Energy,iands,data\iands\glow-of-energy.json,Indeterminate,0,False,False,False,family_responsibility,no,no,no,not_mentioned,not_mentioned,not_mentioned,not_mentioned,not_mentioned,no
Go and tell everyone that I love them!,iands,data\iands\go-and-tell-everyone-that-i-love-them.json,Indeterminate,0,False,False,False,not_your_time,yes_explicit,no,no,not_mentioned,not_mentioned,not_mentioned,not_mentioned,not_mentioned,no
Going Inside a Glove,iands,data\iands\going-inside-a-glove.json,Indeterminate,0,False,False,False,family_responsibility,no,no,no,not_mentioned,not_mentioned,not_mentioned,not_mentioned,not_mentioned,no
"Golden skulls, people, stars, darkness",iands,data\iands\golden-skulls-people-stars-darkness.json,Indeterminate,0,False,False,False,not_your_time,no,no,no,not_mentioned,not_mentioned,not_mentioned,no,not_mentioned,no
Grandma heard me!,iands,data\iands\grandma-heard-me.json,Indeterminate,0,False,False,False,no_reason_given,not_mentioned,not_mentioned,not_mentioned,not_mentioned,not_mentioned,not_mentioned,not_mentioned,not_mentioned,not_mentioned
Greeted and Given A Tour,iands,data\iands\greeted-and-given-a-tour.json,Indeterminate,0,False,False,False,not_your_time,implied,no,no,not_mentioned,not_mentioned,not_mentioned,not_mentioned,none,no
Greeted by vibrantly-colored spirit guides and guardian angels,iands,data\iands\greeted-by-vibrantly-colored-spirit-guides-and-guardian-angels.json,Indeterminate,0,False,False,False,family_responsibility,no,no,no,not_mentioned,not_mentioned,not_mentioned,not_mentioned,not_mentioned,no
Growing up without love,iands,data\iands\growing-up-without-love.json,Indeterminate,0,False,False,False,family_responsibility,no,no,no,not_mentioned,not_mentioned,not_mentioned,not_mentioned,not_mentioned,no
"Guide Given Word ""Intranscendental""",iands,data\iands\guide-given-word-intranscendental.json,Indeterminate,0,False,False,False,other,no,no,no,not_mentioned,not_mentioned,not_mentioned,not_mentioned,not_mentioned,no
Guided by a Wolf,iands,data\iands\guided-by-a-wolf.json,Indeterminate,0,False,False,False,not_mentioned,implied,no,no,not_mentioned,not_mentioned,not_mentioned,not_mentioned,not_mentioned,no
Hand Reaching Down,iands,data\iands\hand-reaching-down.json,Indeterminate,0,False,False,False,family_responsibility,not_mentioned,not_mentioned,no,not_mentioned,not_mentioned,not_mentioned,not_mentioned,not_mentioned,no
Happy Freedom,iands,data\iands\happy-freedom.json,Indeterminate,0,False,False,False,not_mentioned,not_mentioned,not_mentioned,not_mentioned,not_mentioned,not_mentioned,not_mentioned,not_mentioned,not_mentioned,not_mentioned
"Heard many voices above her, from her body",iands,data\iands\heard-many-voices-above-her-from-her-body.json,Indeterminate,0,False,False,False,not_your_time,not_mentioned,not_mentioned,not_mentioned,not_mentioned,not_mentioned,not_mentioned,not_mentioned,not_mentioned,not_mentioned
Heat stroke leads to view of deceased near death,iands,data\iands\heat-stroke-leads-to-view-of-deceased-near-death.json,Indeterminate,0,False,False,False,not_mentioned,not_mentioned,not_mentioned,not_mentioned,not_mentioned,not_mentioned,not_mentioned,not_mentioned,not_mentioned,not_mentioned
Held Back,iands,data\iands\held-back.json,Indeterminate,0,False,False,False,not_mentioned,not_mentioned,not_mentioned,not_mentioned,not_mentioned,not_mentioned,not_mentioned,not_mentioned,not_mentioned,not_mentioned
High Above,iands,data\iands\high-above.json,Indeterminate,0,False,False,False,no_reason_given,no,not_mentioned,not_mentioned,not_mentioned,not_mentioned,not_mentioned,not_mentioned,not_mentioned,not_mentioned
Hiker has merging experience during near-fatal fall,iands,data\iands\hiker-has-merging-experience-during-near-fatal-fall.json,Indeterminate,0,False,False,False,not_mentioned,no,no,no,not_mentioned,not_mentioned,not_mentioned,not_mentioned,not_mentioned,no
Hurried to the Light,iands,data\iands\hurried-to-the-light.json,Indeterminate,0,False,False,False,not_your_time,implied,no,not_mentioned,not_mentioned,not_mentioned,not_mentioned,not_mentioned,not_mentioned,not_mentioned
I am the only God and my name means love,iands,data\iands\i-am-the-only-god-and-my-name-means-love.json,Indeterminate,0,False,False,False,family_responsibility,implied,no,no,not_mentioned,not_mentioned,not_mentioned,not_mentioned,not_mentioned,no
I Could See My Body,iands,data\iands\i-could-see-my-body.json,Indeterminate,0,False,False,False,not_mentioned,not_mentioned,not_mentioned,not_mentioned,not_mentioned,not_mentioned,not_mentioned,no,not_mentioned,not_mentioned
"I Did Leave, Didn't I?",iands,data\iands\i-did-leave-didn-t-i.json,Indeterminate,0,False,False,False,no_reason_given,no,no,no,not_mentioned,not_mentioned,not_mentioned,not_mentioned,none,no
I felt like who I was always supposed to be,iands,data\iands\i-felt-like-who-i-was-always-supposed-to-be.json,Indeterminate,0,False,False,False,no_reason_given,no,no,no,not_mentioned,not_mentioned,not_mentioned,explicit,not_mentioned,no
I helped resuscitate another man while I was in a coma,iands,data\iands\i-helped-resuscitate-another-man-while-i-was-in-a-coma.json,Indeterminate,0,False,False,False,not_mentioned,not_mentioned,not_mentioned,not_mentioned,not_mentioned,not_mentioned,not_mentioned,not_mentioned,not_mentioned,not_mentioned
I May Have Ignored The Guardian Angels,iands,data\iands\i-may-have-ignored-the-guardian-angels.json,Indeterminate,0,False,False,False,not_mentioned,implied,not_mentioned,not_mentioned,not_mentioned,not_mentioned,not_mentioned,not_mentioned,not_mentioned,not_mentioned
"I remember my brother screaming, though I was not breathing",iands,data\iands\i-remember-my-brother-screaming-though-i-was-not-breathing.json,Indeterminate,0,False,False,False,no_reason_given,not_mentioned,not_mentioned,not_mentioned,not_mentioned,not_mentioned,not_mentioned,not_mentioned,not_mentioned,not_mentioned
I was so little!,iands,data\iands\i-was-so-little.json,Indeterminate,0,False,False,False,not_mentioned,not_mentioned,not_mentioned,not_mentioned,not_mentioned,not_mentioned,not_mentioned,not_mentioned,not_mentioned,not_mentioned
"I watched, not realising the body on the floor was mine",iands,data\iands\i-watched-not-realising-the-body-on-the-floor-was-mine.json,Indeterminate,0,False,False,False,no_reason_given,not_mentioned,not_mentioned,not_mentioned,not_mentioned,not_mentioned,not_mentioned,not_mentioned,not_mentioned,not_mentioned
"If this is Death, It's Wonderful",iands,data\iands\if-this-is-death-it-s-wonderful.json,Indeterminate,0,False,False,False,not_your_time,not_mentioned,not_mentioned,not_mentioned,not_mentioned,not_mentioned,not_mentioned,not_mentioned,not_mentioned,not_mentioned
Image,iands,data\iands\image.json,Indeterminate,0,False,False,False,family_responsibility,no,no,not_mentioned,not_mentioned,not_mentioned,not_mentioned,not_mentioned,not_mentioned,not_mentioned
Immersed in Pure Love,iands,data\iands\immersed-in-pure-love.json,Indeterminate,0,False,False,False,family_responsibility,no,no,not_mentioned,not_mentioned,not_mentioned,not_mentioned,not_mentioned,not_mentioned,not_mentioned
In Spirit Floating,iands,data\iands\in-spirit-floating.json,Indeterminate,0,False,False,False,no_reason_given,no,no,no,not_mentioned,not_mentioned,not_mentioned,no,not_mentioned,no
Irish sixteen-year-old boy leaves body during wisdom teeth extraction,iands,data\iands\irish-sixteen-year-old-boy-leaves-body-during-wisdom-teeth-extraction.json,Indeterminate,0,False,False,False,not_mentioned,not_mentioned,not_mentioned,not_mentioned,not_mentioned,not_mentioned,not_mentioned,not_mentioned,not_mentioned,no
It is here in our bodies that the lessons of love are made manifest,iands,data\iands\it-is-here-in-our-bodies-that-the-lessons-of-love-are-made-manifest.json,Indeterminate,0,False,False,False,family_responsibility,not_mentioned,not_mentioned,not_mentioned,not_mentioned,not_mentioned,not_mentioned,implied,not_mentioned,no
It's heavenly where my grandmother is,iands,data\iands\it-s-heavenly-where-my-grandmother-is.json,Indeterminate,0,False,False,False,not_your_time,no,no,no,not_mentioned,not_mentioned,not_mentioned,not_mentioned,not_mentioned,no
Jesus comforts woman in operating room,iands,data\iands\jesus-comforts-woman-in-operating-room.json,Indeterminate,0,False,False,False,no_reason_given,implied,no,no,not_mentioned,not_mentioned,not_mentioned,not_mentioned,none,no
Journey toward God,iands,data\iands\journey-toward-god.json,Indeterminate,0,False,False,False,other,no,no,no,not_mentioned,not_mentioned,not_mentioned,not_mentioned,none,no
Knowing Death is A Wonderful Thing,iands,data\iands\knowing-death-is-a-wonderful-thing.json,Indeterminate,0,False,False,False,no_reason_given,no,no,not_mentioned,not_mentioned,not_mentioned,not_mentioned,not_mentioned,not_mentioned,not_mentioned
Knowing Purity,iands,data\iands\knowing-purity.json,Indeterminate,0,False,False,False,not_mentioned,not_mentioned,not_mentioned,not_mentioned,not_mentioned,not_mentioned,not_mentioned,not_mentioned,not_mentioned,not_mentioned
Kundalini brought him near death,iands,data\iands\kundalini-brought-him-near-death.json,Indeterminate,0,False,False,False,not_your_time,no,no,no,not_mentioned,not_mentioned,not_mentioned,no,not_mentioned,no
Learning with Being,iands,data\iands\learning-with-being.json,Indeterminate,0,False,False,False,other,implied,no,no,not_mentioned,not_mentioned,not_mentioned,no,not_mentioned,no
Life/Death/?,iands,data\iands\life-death.json,Indeterminate,0,False,False,False,other,not_mentioned,no,no,not_mentioned,not_mentioned,not_mentioned,not_mentioned,not_mentioned,no
Life's History Exploded into Consciousness,iands,data\iands\life-s-history-exploded-into-consciousness.json,Indeterminate,0,False,False,False,not_mentioned,not_mentioned,not_mentioned,not_mentioned,not_mentioned,not_mentioned,not_mentioned,not_mentioned,not_mentioned,not_mentioned
Life Span,iands,data\iands\life-span.json,Indeterminate,0,False,False,False,not_mentioned,not_mentioned,not_mentioned,not_mentioned,not_mentioned,not_mentioned,not_mentioned,not_mentioned,not_mentioned,not_mentioned
Light and Tunnel Beneath the Water,iands,data\iands\light-and-tunnel-beneath-the-water.json,Indeterminate,0,False,False,False,not_your_time,not_mentioned,not_mentioned,not_mentioned,not_mentioned,not_mentioned,not_mentioned,not_mentioned,not_mentioned,not_mentioned
Living Grace,iands,data\iands\living-grace.json,Indeterminate,0,False,False,False,other,no,no,no,not_mentioned,not_mentioned,not_mentioned,not_mentioned,not_mentioned,no
Lost All Fear,iands,data\iands\lost-all-fear.json,Indeterminate,0,False,False,False,not_mentioned,not_mentioned,not_mentioned,not_mentioned,not_mentioned,not_mentioned,not_mentioned,not_mentioned,not_mentioned,not_mentioned
Lost Breath of Life,iands,data\iands\lost-breath-of-life.json,Indeterminate,0,False,False,False,not_mentioned,not_mentioned,not_mentioned,not_mentioned,not_mentioned,not_mentioned,not_mentioned,not_mentioned,not_mentioned,not_mentioned
Love and avoid the rat race,iands,data\iands\love-and-avoid-the-rat-race.json,Indeterminate,0,False,False,False,not_mentioned,no,no,no,not_mentioned,not_mentioned,not_mentioned,implied,not_mentioned,no
"Love was what everything was made of, came from, and returned to",iands,data\iands\love-was-what-everything-was-made-of-came-from-and-returned-to.json,Indeterminate,0,False,False,False,not_your_time,no,no,not_mentioned,not_mentioned,not_mentioned,not_mentioned,not_mentioned,not_mentioned,not_mentioned
Loving Light Took Grief and Said Grow,iands,data\iands\loving-light-took-grief-and-said-grow.json,Indeterminate,0,False,False,False,not_mentioned,yes_explicit,no,not_mentioned,not_mentioned,not_mentioned,not_mentioned,not_mentioned,not_mentioned,not_mentioned
Loving Light,iands,data\iands\loving-light.json,Indeterminate,0,False,False,False,not_mentioned,not_mentioned,not_mentioned,not_mentioned,not_mentioned,not_mentioned,not_mentioned,not_mentioned,not_mentioned,not_mentioned
Lucid Thought in Dark Void,iands,data\iands\lucid-thought-in-dark-void.json,Indeterminate,0,False,False,False,other,no,no,no,not_mentioned,not_mentioned,not_mentioned,not_mentioned,none,no
Male Voices,iands,data\iands\male-voices.json,Indeterminate,0,False,False,False,no_reason_given,not_mentioned,not_mentioned,not_mentioned,not_mentioned,not_mentioned,not_mentioned,not_mentioned,not_mentioned,not_mentioned
Man attempts suicide and sees stairway to heaven,iands,data\iands\man-attempts-suicide-and-sees-stairway-to-heaven.json,Indeterminate,0,False,False,False,not_mentioned,not_mentioned,not_mentioned,not_mentioned,not_mentioned,not_mentioned,not_mentioned,not_mentioned,not_mentioned,not_mentioned
Man blacks out during lecture but returns quickly,iands,data\iands\man-blacks-out-during-lecture-but-returns-quickly.json,Indeterminate,0,False,False,False,no_reason_given,no,no,no,not_mentioned,not_mentioned,not_mentioned,not_mentioned,not_mentioned,no
"Man enters underworld realm, then almost drowns, but is saved from both",iands,data\iands\man-enters-underworld-realm-then-almost-drowns-but-is-saved-from-both.json,Indeterminate,0,False,False,False,not_mentioned,not_mentioned,not_mentioned,not_mentioned,not_mentioned,not_mentioned,not_mentioned,no,not_mentioned,not_mentioned
Man going into surgery talks to God and sees beautiful scenery,iands,data\iands\man-going-into-surgery-talks-to-god-and-sees-beautiful-scenery.json,Indeterminate,0,False,False,False,no_reason_given,not_mentioned,not_mentioned,not_mentioned,not_mentioned,not_mentioned,not_mentioned,not_mentioned,not_mentioned,not_mentioned
Man has memories of traumatic birth when he was born dead,iands,data\iands\man-has-memories-of-traumatic-birth-when-he-was-born-dead.json,Indeterminate,0,False,False,False,not_mentioned,not_mentioned,not_mentioned,not_mentioned,not_mentioned,not_mentioned,not_mentioned,not_mentioned,not_mentioned,not_mentioned
Man has NDE during dental work in 1978,iands,data\iands\man-has-nde-during-dental-work-in-1978.json,Indeterminate,0,False,False,False,no_reason_given,not_mentioned,not_mentioned,not_mentioned,not_mentioned,not_mentioned,not_mentioned,not_mentioned,not_mentioned,not_mentioned
"Man has reaction, leaves body, and is greeted by tree and Jesus",iands,data\iands\man-has-reaction-leaves-body-and-is-greeted-by-tree-and-jesus.json,Indeterminate,0,False,False,False,family_responsibility,no,no,no,not_mentioned,not_mentioned,not_mentioned,not_mentioned,not_mentioned,no
Man in dentist chair learns everything fits together and is perfect,iands,data\iands\man-in-dentist-chair-learns-everything-fits-together-and-is-perfect.json,Indeterminate,0,False,False,False,not_mentioned,no,no,no,not_mentioned,not_mentioned,not_mentioned,not_mentioned,not_mentioned,no
Man in his 70s visits other planet when CPAP machine is dislodged,iands,data\iands\man-in-his-70s-visits-other-planet-when-cpap-machine-is-dislodged.json,Indeterminate,0,False,False,False,no_reason_given,no,no,no,not_mentioned,not_mentioned,not_mentioned,not_mentioned,not_mentioned,no
Man in multi-organ failure meets the presence of GOODNESS,iands,data\iands\man-in-multi-organ-failure-meets-the-presence-of-goodness.json,Indeterminate,0,False,False,False,not_mentioned,no,no,no,not_mentioned,not_mentioned,not_mentioned,not_mentioned,not_mentioned,no
Man in surgery flatlines and remembers void and struggling to get into the light,iands,data\iands\man-in-surgery-flatlines-and-remembers-void-and-struggling-to-get-into-the-light.json,Indeterminate,0,False,False,False,not_mentioned,not_mentioned,not_mentioned,not_mentioned,not_mentioned,not_mentioned,not_mentioned,no,not_mentioned,not_mentioned
Man learns the light is love and it is love that keeps the light alive,iands,data\iands\man-learns-the-light-is-love-and-it-is-love-that-keeps-the-light-alive.json,Indeterminate,0,False,False,False,other,yes_explicit,no,no,not_mentioned,not_mentioned,not_mentioned,no,not_mentioned,no
Man meets grandmother during panic attack near-death,iands,data\iands\man-meets-grandmother-during-panic-attack-near-death.json,Indeterminate,0,False,False,False,not_mentioned,not_mentioned,not_mentioned,not_mentioned,not_mentioned,not_mentioned,not_mentioned,not_mentioned,not_mentioned,not_mentioned
"Man overdoses, goes to the Other Side, but senses he isn't supposed to be there yet",iands,data\iands\man-overdoses-goes-to-the-other-side-but-senses-he-isn-t-supposed-to-be-there-yet.json,Indeterminate,0,False,False,False,not_your_time,not_mentioned,not_mentioned,not_mentioned,not_mentioned,not_mentioned,not_mentioned,no,not_mentioned,not_mentioned
Man sees deceased loved ones watching his surgery while out of his body,iands,data\iands\man-sees-deceased-loved-ones-watching-his-surgery-while-out-of-his-body.json,Indeterminate,0,False,False,False,not_mentioned,not_mentioned,not_mentioned,not_mentioned,not_mentioned,not_mentioned,not_mentioned,not_mentioned,not_mentioned,not_mentioned
"Man smokes cannabis, leaves body, and feels pure love",iands,data\iands\man-smokes-cannabis-leaves-body-and-feels-pure-love.json,Indeterminate,0,False,False,False,not_your_time,not_mentioned,not_mentioned,not_mentioned,not_mentioned,not_mentioned,not_mentioned,not_mentioned,not_mentioned,not_mentioned
Man visits hell hole after dying of sepsis,iands,data\iands\man-visits-hell-hole-after-dying-of-sepsis.json,Indeterminate,0,False,False,False,no_reason_given,no,no,no,not_mentioned,not_mentioned,not_mentioned,no,not_mentioned,no
"Man wakes in morgue following seizure, in hospital, then peace",iands,data\iands\man-wakes-in-morgue-following-seizure-in-hospital-then-peace.json,Indeterminate,0,False,False,False,family_responsibility,no,no,no,not_mentioned,not_mentioned,not_mentioned,not_mentioned,not_mentioned,no
Man who drowned as teen and was pulled out seeks answers later in life,iands,data\iands\man-who-drowned-as-teen-and-was-pulled-out-seeks-answers-later-in-life.json,Indeterminate,0,False,False,False,not_mentioned,implied,no,no,not_mentioned,not_mentioned,not_mentioned,not_mentioned,not_mentioned,no
"Many experiences in and out of body, living with genetic syndrome",iands,data\iands\many-experiences-in-and-out-of-body-living-with-genetic-syndrome.json,Indeterminate,0,False,False,False,not_your_time,no,no,no,not_mentioned,not_mentioned,not_mentioned,not_mentioned,not_mentioned,no
Medical doctor dies and has reunion with emerald and purple beings,iands,data\iands\medical-doctor-dies-and-has-reunion-with-emerald-and-purple-beings.json,Indeterminate,0,False,False,False,not_your_time,no,not_mentioned,not_mentioned,not_mentioned,not_mentioned,not_mentioned,implied,not_mentioned,not_mentioned
Meeting Fate Head-on,iands,data\iands\meeting-fate-head-on.json,Indeterminate,0,False,False,False,other,implied,no,no,not_mentioned,not_mentioned,not_mentioned,not_mentioned,not_mentioned,no
Met a Friend Who Didn't Realize He was Dead,iands,data\iands\met-a-friend-who-didn-t-realize-he-was-dead.json,Indeterminate,0,False,False,False,not_mentioned,not_mentioned,not_mentioned,not_mentioned,not_mentioned,not_mentioned,not_mentioned,not_mentioned,not_mentioned,not_mentioned
Met by Mother,iands,data\iands\met-by-mother.json,Indeterminate,0,False,False,False,not_your_time,no,no,no,not_mentioned,not_mentioned,not_mentioned,not_mentioned,none,no
Misty White Light,iands,data\iands\misty-white-light.json,Indeterminate,0,False,False,False,family_responsibility,no,no,not_mentioned,not_mentioned,not_mentioned,not_mentioned,not_mentioned,not_mentioned,not_mentioned
More than Euphoria amid the Presence,iands,data\iands\more-than-euphoria-amid-the-presence.json,Indeterminate,0,False,False,False,family_responsibility,no,no,no,not_mentioned,not_mentioned,not_mentioned,not_mentioned,not_mentioned,no
Mother's NDE and premonitions of children's deaths,iands,data\iands\mother-s-nde-and-premonitions-of-children-s-deaths.json,Indeterminate,0,False,False,False,not_mentioned,no,no,no,not_mentioned,not_mentioned,not_mentioned,not_mentioned,none,no
Motorcycle crash sends man into tunnel but he returns to have premonitions of future events,iands,data\iands\motorcycle-crash-sends-man-into-tunnel-but-he-returns-to-have-premonitions-of-future-events.json,Indeterminate,0,False,False,False,other,no,no,no,not_mentioned,not_mentioned,not_mentioned,not_mentioned,not_mentioned,no
Muslim man has spontaneous death experience; later becomes a Christian,iands,data\iands\muslim-man-has-spontaneous-death-experience-later-becomes-a-christian.json,Indeterminate,0,False,False,False,not_mentioned,yes_explicit,no,not_mentioned,not_mentioned,not_mentioned,not_mentioned,not_mentioned,not_mentioned,not_mentioned
My Babies,iands,data\iands\my-babies.json,Indeterminate,0,False,False,False,family_responsibility,not_mentioned,not_mentioned,not_mentioned,not_mentioned,not_mentioned,not_mentioned,not_mentioned,not_mentioned,not_mentioned
My Childhood NDE Became My Gift,iands,data\iands\my-childhood-nde-became-my-gift.json,Indeterminate,0,False,False,False,not_mentioned,no,no,no,not_mentioned,not_mentioned,not_mentioned,not_mentioned,none,no
My Mother & I,iands,data\iands\my-mother-i.json,Indeterminate,0,False,False,False,not_mentioned,not_mentioned,not_mentioned,not_mentioned,not_mentioned,not_mentioned,not_mentioned,not_mentioned,not_mentioned,not_mentioned
My one and only,iands,data\iands\my-one-and-only.json,Indeterminate,0,False,False,False,family_responsibility,not_mentioned,not_mentioned,not_mentioned,not_mentioned,not_mentioned,not_mentioned,not_mentioned,not_mentioned,not_mentioned
My trip to hell; saved by a little angel,iands,data\iands\my-trip-to-hell-saved-by-a-little-angel.json,Indeterminate,0,False,False,False,other,no,no,no,not_mentioned,not_mentioned,not_mentioned,no,not_mentioned,no
Near-Death Delivery Recall,iands,data\iands\near-death-delivery-recall.json,Indeterminate,0,False,False,False,not_mentioned,not_mentioned,not_mentioned,not_mentioned,not_mentioned,not_mentioned,not_mentioned,not_mentioned,not_mentioned,not_mentioned
Near-death soldier taken to past time where his soul is joined by another man,iands,data\iands\near-death-soldier-taken-to-past-time-where-his-soul-is-joined-by-another-man.json,Indeterminate,0,False,False,False,not_mentioned,not_mentioned,not_mentioned,no,not_mentioned,not_mentioned,not_mentioned,not_mentioned,not_mentioned,no
No Words for the Presence,iands,data\iands\no-words-for-the-presence.json,Indeterminate,0,False,False,False,no_reason_given,no,no,no,not_mentioned,not_mentioned,not_mentioned,not_mentioned,none,no
Non-existence,iands,data\iands\non-existence.json,Indeterminate,0,False,False,False,no_reason_given,no,no,no,not_mentioned,neither,not_mentioned,no,not_mentioned,no
Not Ready to Go,iands,data\iands\not-ready-to-go.json,Indeterminate,0,False,False,False,not_your_time,not_mentioned,not_mentioned,not_mentioned,not_mentioned,not_mentioned,not_mentioned,not_mentioned,not_mentioned,not_mentioned
Not Today,iands,data\iands\not-today.json,Indeterminate,0,False,False,False,not_your_time,no,not_mentioned,not_mentioned,not_mentioned,not_mentioned,not_mentioned,not_mentioned,not_mentioned,not_mentioned
Older gentleman finds himself in lovely place for a moment before having seizure,iands,data\iands\older-gentleman-finds-himself-in-lovely-place-for-a-moment-before-having-seizure.json,Indeterminate,0,False,False,False,other,not_mentioned,not_mentioned,not_mentioned,not_mentioned,not_mentioned,not_mentioned,not_mentioned,not_mentioned,not_mentioned
Out of Body Accident,iands,data\iands\out-of-body-accident.json,Indeterminate,0,False,False,False,not_your_time,implied,no,no,not_mentioned,not_mentioned,not_mentioned,implied,not_mentioned,no
Out of body during asthma attack and later surgery,iands,data\iands\out-of-body-during-asthma-attack-and-later-surgery.json,Indeterminate,0,False,False,False,not_mentioned,not_mentioned,not_mentioned,not_mentioned,not_mentioned,not_mentioned,not_mentioned,not_mentioned,not_mentioned,not_mentioned
Outside a Gate with Other Beings,iands,data\iands\outside-a-gate-with-other-beings.json,Indeterminate,0,False,False,False,not_your_time,implied,no,no,not_mentioned,not_mentioned,not_mentioned,not_mentioned,not_mentioned,no
Overwhelming Presence and Peace,iands,data\iands\overwhelming-presence-and-peace.json,Indeterminate,0,False,False,False,no_reason_given,not_mentioned,no,no,not_mentioned,not_mentioned,not_mentioned,not_mentioned,not_mentioned,no
Peace Despite Difficult Life,iands,data\iands\peace-despite-difficult-life.json,Indeterminate,0,False,False,False,not_mentioned,not_mentioned,not_mentioned,not_mentioned,not_mentioned,not_mentioned,not_mentioned,not_mentioned,not_mentioned,not_mentioned
Peaceful and Not Frightening,iands,data\iands\peaceful-and-not-frightening.json,Indeterminate,0,False,False,False,no_reason_given,no,no,no,not_mentioned,not_mentioned,not_mentioned,not_mentioned,not_mentioned,no
Physician recalls 5 near deaths giving her new view of the world,iands,data\iands\physician-recalls-5-near-deaths-giving-her-new-view-of-the-world.json,Indeterminate,0,False,False,False,family_responsibility,not_mentioned,not_mentioned,not_mentioned,not_mentioned,not_mentioned,not_mentioned,not_mentioned,not_mentioned,not_mentioned
Powerful Bright White Force,iands,data\iands\powerful-bright-white-force.json,Indeterminate,0,False,False,False,no_reason_given,not_mentioned,not_mentioned,not_mentioned,not_mentioned,not_mentioned,not_mentioned,not_mentioned,not_mentioned,not_mentioned
Precognition Since NDE,iands,data\iands\precognition-since-nde.json,Indeterminate,0,False,False,False,not_your_time,no,no,no,not_mentioned,not_mentioned,not_mentioned,not_mentioned,not_mentioned,no
Pulmonary embolisms took me to the gates of heaven and Jesus,iands,data\iands\pulmonary-embolisms-took-me-to-the-gates-of-heaven-and-jesus.json,Indeterminate,0,False,False,False,family_responsibility,not_mentioned,not_mentioned,not_mentioned,not_mentioned,not_mentioned,not_mentioned,not_mentioned,not_mentioned,not_mentioned
Quasars,iands,data\iands\quasars.json,Indeterminate,0,False,False,False,no_reason_given,not_mentioned,not_mentioned,no,not_mentioned,not_mentioned,not_mentioned,not_mentioned,not_mentioned,no
Radiating Warmth,iands,data\iands\radiating-warmth.json,Indeterminate,0,False,False,False,not_your_time,yes_explicit,no,no,not_mentioned,not_mentioned,not_mentioned,not_mentioned,not_mentioned,not_mentioned
Recall,iands,data\iands\recall.json,Indeterminate,0,False,False,False,not_mentioned,not_mentioned,not_mentioned,not_mentioned,not_mentioned,not_mentioned,not_mentioned,not_mentioned,not_mentioned,not_mentioned
Retired engineer has two brief NDEs during open-heart surgery,iands,data\iands\retired-engineer-has-two-brief-ndes-during-open-heart-surgery.json,Indeterminate,0,False,False,False,not_mentioned,not_mentioned,not_mentioned,not_mentioned,not_mentioned,not_mentioned,not_mentioned,not_mentioned,not_mentioned,not_mentioned
Revelation,iands,data\iands\revelation.json,Indeterminate,0,False,False,False,not_mentioned,no,no,no,not_mentioned,not_mentioned,not_mentioned,explicit,not_mentioned,no
Riptide Spirit Guide,iands,data\iands\riptide-spirit-guide.json,Indeterminate,0,False,False,False,not_your_time,no,no,not_mentioned,not_mentioned,not_mentioned,not_mentioned,not_mentioned,not_mentioned,not_mentioned
"Russian 12-year-old girl takes overdose and has strange ""dream"" and aftereffects",iands,data\iands\russian-12-year-old-girl-takes-overdose-and-has-strange-dream-and-aftereffects.json,Indeterminate,0,False,False,False,no_reason_given,no,no,no,not_mentioned,not_mentioned,not_mentioned,not_mentioned,not_mentioned,no
Sample NDE Accounts,iands,data\iands\sample-nde-accounts.json,Indeterminate,0,False,False,False,not_mentioned,not_mentioned,not_mentioned,not_mentioned,not_mentioned,not_mentioned,not_mentioned,not_mentioned,not_mentioned,not_mentioned
Saved from allergic reaction by otherworldly figure,iands,data\iands\saved-from-allergic-reaction-by-otherworldly-figure.json,Indeterminate,0,False,False,False,not_your_time,no,no,no,not_mentioned,not_mentioned,not_mentioned,no,none,no
Saw Nurse Run Into Room,iands,data\iands\saw-nurse-run-into-room.json,Indeterminate,0,False,False,False,family_responsibility,not_mentioned,not_mentioned,not_mentioned,not_mentioned,not_mentioned,not_mentioned,not_mentioned,not_mentioned,not_mentioned
Saw What Happened,iands,data\iands\saw-what-happened.json,Indeterminate,0,False,False,False,not_mentioned,not_mentioned,not_mentioned,not_mentioned,not_mentioned,not_mentioned,not_mentioned,not_mentioned,not_mentioned,not_mentioned
Scary spirits plague woman who drowned at age 3,iands,data\iands\scary-spirits-plague-woman-who-drowned-at-age-3.json,Indeterminate,0,False,False,False,not_mentioned,not_mentioned,not_mentioned,not_mentioned,not_mentioned,not_mentioned,not_mentioned,not_mentioned,not_mentioned,not_mentioned
Scenes Recalled Thirty Years Later,iands,data\iands\scenes-recalled-thirty-years-later.json,Indeterminate,0,False,False,False,no_reason_given,no,no,not_mentioned,not_mentioned,not_mentioned,not_mentioned,no,not_mentioned,not_mentioned
Sense of Peace,iands,data\iands\sense-of-peace.json,Indeterminate,0,False,False,False,family_responsibility,no,no,no,not_mentioned,not_mentioned,not_mentioned,not_mentioned,none,no
Sensed Someone Beside Me,iands,data\iands\sensed-someone-beside-me.json,Indeterminate,0,False,False,False,not_mentioned,no,no,not_mentioned,not_mentioned,not_mentioned,not_mentioned,not_mentioned,not_mentioned,not_mentioned
Sick woman in her 20s leaves body and merges with unconditional love,iands,data\iands\sick-woman-in-her-20s-leaves-body-and-merges-with-unconditional-love.json,Indeterminate,0,False,False,False,family_responsibility,no,no,no,not_mentioned,not_mentioned,not_mentioned,not_mentioned,not_mentioned,no
Sitting with Death,iands,data\iands\sitting-with-death.json,Indeterminate,0,False,False,False,no_reason_given,no,no,no,not_mentioned,not_mentioned,not_mentioned,no,not_mentioned,no
Six-year-old girl suffocates on candy and leaves body,iands,data\iands\six-year-old-girl-suffocates-on-candy-and-leaves-body.json,Indeterminate,0,False,False,False,no_reason_given,no,no,no,not_mentioned,not_mentioned,not_mentioned,not_mentioned,not_mentioned,no
Skipping Up a Beautiful Path,iands,data\iands\skipping-up-a-beautiful-path.json,Indeterminate,0,False,False,False,not_mentioned,not_mentioned,not_mentioned,not_mentioned,not_mentioned,not_mentioned,not_mentioned,not_mentioned,not_mentioned,not_mentioned
Speak of NDE When Given Opportunity,iands,data\iands\speak-of-nde-when-given-opportunity.json,Indeterminate,0,False,False,False,not_mentioned,implied,not_mentioned,not_mentioned,not_mentioned,not_mentioned,not_mentioned,not_mentioned,not_mentioned,not_mentioned
Spirit Direction,iands,data\iands\spirit-direction.json,Indeterminate,0,False,False,False,not_mentioned,implied,not_mentioned,not_mentioned,not_mentioned,not_mentioned,not_mentioned,not_mentioned,not_mentioned,not_mentioned
"St. Michael, My Childhood Protector",iands,data\iands\st-michael-my-childhood-protector.json,Indeterminate,0,False,False,False,family_responsibility,no,no,not_mentioned,not_mentioned,not_mentioned,not_mentioned,not_mentioned,not_mentioned,not_mentioned
Still Vivid 40 Years Later,iands,data\iands\still-vivid-40-years-later.json,Indeterminate,0,False,False,False,not_mentioned,not_mentioned,no,no,not_mentioned,not_mentioned,not_mentioned,not_mentioned,not_mentioned,no
Strangled Irish girl develops many abilities,iands,data\iands\strangled-irish-girl-develops-many-abilities.json,Indeterminate,0,False,False,False,no_reason_given,implied,no,not_mentioned,not_mentioned,not_mentioned,not_mentioned,not_mentioned,not_mentioned,not_mentioned
Streaming Bright Light,iands,data\iands\streaming-bright-light.json,Indeterminate,0,False,False,False,no_reason_given,not_mentioned,not_mentioned,not_mentioned,not_mentioned,not_mentioned,not_mentioned,not_mentioned,not_mentioned,not_mentioned
Suicide sees deceased son and he tells her to return but grants her wish,iands,data\iands\suicide-sees-deceased-son-and-he-tells-her-to-return-but-grants-her-wish.json,Indeterminate,0,False,False,False,not_your_time,implied,no,not_mentioned,not_mentioned,not_mentioned,not_mentioned,not_mentioned,not_mentioned,not_mentioned
Surfing accident reveals unknown mercy to young woman,iands,data\iands\surfing-accident-reveals-unknown-mercy-to-young-woman.json,Indeterminate,0,False,False,False,no_reason_given,no,no,not_mentioned,not_mentioned,not_mentioned,not_mentioned,not_mentioned,not_mentioned,not_mentioned
Surrounded by God's Love,iands,data\iands\surrounded-by-god-s-love.json,Indeterminate,0,False,False,False,not_mentioned,not_mentioned,no,no,not_mentioned,both,not_mentioned,implied,not_mentioned,no
Surrounded by Intense Energy,iands,data\iands\surrounded-by-intense-energy.json,Indeterminate,0,False,False,False,not_mentioned,not_mentioned,not_mentioned,not_mentioned,not_mentioned,not_mentioned,not_mentioned,not_mentioned,not_mentioned,not_mentioned
Surrounded by Pure Love,iands,data\iands\surrounded-by-pure-love.json,Indeterminate,0,False,False,False,family_responsibility,implied,no,no,not_mentioned,not_mentioned,not_mentioned,not_mentioned,none,no
Swedish 7-year-old falls out of car and remembers conversation on the Other Side,iands,data\iands\swedish-7-year-old-falls-out-of-car-and-remembers-conversation-on-the-other-side.json,Indeterminate,0,False,False,False,not_your_time,no,no,no,not_mentioned,not_mentioned,not_mentioned,implied,none,no
Swedish four-year-old drowns and becomes the light,iands,data\iands\swedish-four-year-old-drowns-and-becomes-the-light.json,Indeterminate,0,False,False,False,not_mentioned,not_mentioned,not_mentioned,not_mentioned,not_mentioned,not_mentioned,not_mentioned,not_mentioned,not_mentioned,not_mentioned
Tainted water leads to unconditional love,iands,data\iands\tainted-water-leads-to-unconditional-love.json,Indeterminate,0,False,False,False,no_reason_given,not_mentioned,not_mentioned,not_mentioned,not_mentioned,not_mentioned,not_mentioned,not_mentioned,not_mentioned,not_mentioned
Tall spiritual being sat me on his knee,iands,data\iands\tall-spiritual-being-sat-me-on-his-knee.json,Indeterminate,0,False,False,False,no_reason_given,no,no,no,not_mentioned,not_mentioned,not_mentioned,not_mentioned,not_mentioned,no
TBI and a message for my Granny,iands,data\iands\tbi-and-a-message-for-my-granny.json,Indeterminate,0,False,False,False,not_mentioned,not_mentioned,not_mentioned,not_mentioned,not_mentioned,not_mentioned,not_mentioned,not_mentioned,not_mentioned,not_mentioned
Teen experiences bliss while in hospital,iands,data\iands\teen-experiences-bliss-while-in-hospital.json,Indeterminate,0,False,False,False,not_mentioned,not_mentioned,not_mentioned,not_mentioned,not_mentioned,not_mentioned,not_mentioned,not_mentioned,not_mentioned,not_mentioned
Teen girl has NDE and understands religion differently,iands,data\iands\teen-girl-has-nde-and-understands-religion-differently.json,Indeterminate,0,False,False,False,not_mentioned,no,no,no,not_mentioned,not_mentioned,not_mentioned,implied,not_mentioned,no
Teen has NDE in hospital as well as subsequent unusual experiences,iands,data\iands\teen-has-nde-in-hospital-as-well-as-subsequent-unusual-experiences.json,Indeterminate,0,False,False,False,not_your_time,not_mentioned,not_mentioned,not_mentioned,not_mentioned,not_mentioned,not_mentioned,not_mentioned,not_mentioned,not_mentioned
Teen sees patient in adjacent room while out of her body,iands,data\iands\teen-sees-patient-in-adjacent-room-while-out-of-her-body.json,Indeterminate,0,False,False,False,not_your_time,not_mentioned,not_mentioned,not_mentioned,not_mentioned,not_mentioned,not_mentioned,not_mentioned,not_mentioned,not_mentioned
"Teen who left body, met being(s), and was sent back wonders where non-Christians go",iands,data\iands\teen-who-left-body-met-being-s-and-was-sent-back-wonders-where-non-christians-go.json,Indeterminate,0,False,False,False,no_reason_given,no,no,not_mentioned,not_mentioned,not_mentioned,not_mentioned,implied,not_mentioned,not_mentioned
Telepathic Communication,iands,data\iands\telepathic-communication.json,Indeterminate,0,False,False,False,not_your_time,no,no,no,not_mentioned,not_mentioned,not_mentioned,not_mentioned,not_mentioned,no
Ten-year-old girl has NDE from inhaling helium balloon,iands,data\iands\ten-year-old-girl-has-nde-from-inhaling-helium-balloon.json,Indeterminate,0,False,False,False,not_mentioned,not_mentioned,not_mentioned,not_mentioned,not_mentioned,not_mentioned,not_mentioned,not_mentioned,not_mentioned,not_mentioned
"Terror, then feeling safe and secure",iands,data\iands\terror-then-feeling-safe-and-secure.json,Indeterminate,0,False,False,False,family_responsibility,not_mentioned,not_mentioned,not_mentioned,not_mentioned,not_mentioned,not_mentioned,not_mentioned,not_mentioned,not_mentioned
The Brightest of Lights,iands,data\iands\the-brightest-of-lights.json,Indeterminate,0,False,False,False,not_mentioned,not_mentioned,not_mentioned,not_mentioned,not_mentioned,not_mentioned,not_mentioned,no,not_mentioned,not_mentioned
"The deepest calm I've ever felt, stemming from a sense of understanding and accepting the entire universe",iands,data\iands\the-deepest-calm-i-ve-ever-felt-stemming-from-a-sense-of-understanding-and-accepting-the-entire-universe.json,Indeterminate,0,False,False,False,not_mentioned,not_mentioned,no,no,not_mentioned,not_mentioned,not_mentioned,not_mentioned,not_mentioned,no
The Fall From Mr M's Racehorse,iands,data\iands\the-fall-from-mr-m-s-racehorse.json,Indeterminate,0,False,False,False,not_your_time,implied,no,no,not_mentioned,not_mentioned,not_mentioned,not_mentioned,not_mentioned,no
The Green Dually,iands,data\iands\the-green-dually.json,Indeterminate,0,False,False,False,not_your_time,no,no,no,not_mentioned,not_mentioned,not_mentioned,not_mentioned,not_mentioned,no
The Halo Lady,iands,data\iands\the-halo-lady.json,Indeterminate,0,False,False,False,other,no,no,not_mentioned,not_mentioned,not_mentioned,not_mentioned,no,not_mentioned,not_mentioned
The Light Felt Wonderful,iands,data\iands\the-light-felt-wonderful.json,Indeterminate,0,False,False,False,not_mentioned,not_mentioned,not_mentioned,not_mentioned,not_mentioned,not_mentioned,not_mentioned,not_mentioned,not_mentioned,not_mentioned
The Light Within,iands,data\iands\the-light-within.json,Indeterminate,0,False,False,False,other,not_mentioned,not_mentioned,not_mentioned,not_mentioned,not_mentioned,not_mentioned,not_mentioned,not_mentioned,not_mentioned
The Meaning of Birth Memories,iands,data\iands\the-meaning-of-birth-memories.json,Indeterminate,0,False,False,False,not_mentioned,not_mentioned,not_mentioned,not_mentioned,not_mentioned,not_mentioned,not_mentioned,not_mentioned,not_mentioned,not_mentioned
The Nexus Point,iands,data\iands\the-nexus-point.json,Indeterminate,0,False,False,False,not_mentioned,not_mentioned,no,no,not_mentioned,not_mentioned,not_mentioned,not_mentioned,none,no
The Nurse Knows...,iands,data\iands\the-nurse-knows.json,Indeterminate,0,False,False,False,not_mentioned,no,no,no,not_mentioned,not_mentioned,not_mentioned,not_mentioned,not_mentioned,not_mentioned
The physical world we experience is part of something vastly more complex,iands,data\iands\the-physical-world-we-experience-is-part-of-something-vastly-more-complex.json,Indeterminate,0,False,False,False,not_mentioned,not_mentioned,not_mentioned,no,not_mentioned,not_mentioned,not_mentioned,implied,not_mentioned,no
There is More,iands,data\iands\there-is-more.json,Indeterminate,0,False,False,False,family_responsibility,no,no,no,not_mentioned,not_mentioned,not_mentioned,not_mentioned,not_mentioned,no
"There is no ""I"" since five NDEs from age four",iands,data\iands\there-is-no-i-since-five-ndes-from-age-four.json,Indeterminate,0,False,False,False,not_mentioned,not_mentioned,no,no,not_mentioned,not_mentioned,not_mentioned,no,not_mentioned,no
There's Life After Death,iands,data\iands\there-s-life-after-death.json,Indeterminate,0,False,False,False,no_reason_given,no,no,no,not_mentioned,not_mentioned,not_mentioned,not_mentioned,not_mentioned,no
They looked at me with such love and kindness,iands,data\iands\they-looked-at-me-with-such-love-and-kindness.json,Indeterminate,0,False,False,False,family_responsibility,no,no,no,not_mentioned,not_mentioned,not_mentioned,not_mentioned,not_mentioned,no
Things To Do,iands,data\iands\things-to-do.json,Indeterminate,0,False,False,False,not_your_time,yes_explicit,no,no,not_mentioned,not_mentioned,not_mentioned,implied,not_mentioned,no
Three Accounts,iands,data\iands\three-accounts.json,Indeterminate,0,False,False,False,other,implied,no,no,not_mentioned,not_mentioned,not_mentioned,not_mentioned,none,no
Three-year-old girl drowns and watches her own resuscitation,iands,data\iands\three-year-old-girl-drowns-and-watches-her-own-resuscitation.json,Indeterminate,0,False,False,False,not_mentioned,not_mentioned,not_mentioned,not_mentioned,not_mentioned,not_mentioned,not_mentioned,not_mentioned,not_mentioned,not_mentioned
Time to Return,iands,data\iands\time-to-return.json,Indeterminate,0,False,False,False,family_responsibility,not_mentioned,no,no,not_mentioned,not_mentioned,not_mentioned,not_mentioned,not_mentioned,no
Troubling after-effects following aborted dark NDE,iands,data\iands\troubling-after-effects-following-aborted-dark-nde.json,Indeterminate,0,False,False,False,no_reason_given,no,no,no,not_mentioned,not_mentioned,not_mentioned,no,none,no
UK 11-year-old boy hit by car enters light but is told not to go through door there,iands,data\iands\uk-11-year-old-boy-hit-by-car-enters-light-but-is-told-not-to-go-through-door-there.json,Indeterminate,0,False,False,False,no_reason_given,not_mentioned,not_mentioned,not_mentioned,not_mentioned,not_mentioned,not_mentioned,not_mentioned,not_mentioned,not_mentioned
"UK man has OBE, life review, and is given a blank slate upon return",iands,data\iands\uk-man-has-obe-life-review-and-is-given-a-blank-slate-upon-return.json,Indeterminate,0,False,False,False,family_responsibility,not_mentioned,not_mentioned,not_mentioned,not_mentioned,not_mentioned,not_mentioned,not_mentioned,not_mentioned,not_mentioned
Ultimate Peacefulness,iands,data\iands\ultimate-peacefulness.json,Indeterminate,0,False,False,False,not_your_time,not_mentioned,not_mentioned,not_mentioned,not_mentioned,not_mentioned,not_mentioned,not_mentioned,not_mentioned,not_mentioned
Unborn,iands,data\iands\unborn.json,Indeterminate,0,False,False,False,family_responsibility,no,no,no,not_mentioned,not_mentioned,not_mentioned,not_mentioned,not_mentioned,no
Unforgettable 65 Years Later,iands,data\iands\unforgettable-65-years-later.json,Indeterminate,0,False,False,False,no_reason_given,not_mentioned,not_mentioned,not_mentioned,not_mentioned,not_mentioned,not_mentioned,not_mentioned,not_mentioned,not_mentioned
Unknown bliss and beauty,iands,data\iands\unknown-bliss-and-beauty.json,Indeterminate,0,False,False,False,no_reason_given,not_mentioned,not_mentioned,no,not_mentioned,not_mentioned,not_mentioned,not_mentioned,none,no
Unlike Anything Before or Since,iands,data\iands\unlike-anything-before-or-since.json,Indeterminate,0,False,False,False,other,not_mentioned,not_mentioned,not_mentioned,not_mentioned,not_mentioned,not_mentioned,not_mentioned,not_mentioned,not_mentioned
Upside Down Yet Infinitely Perfect,iands,data\iands\upside-down-yet-infinitely-perfect.json,Indeterminate,0,False,False,False,no_reason_given,no,no,no,not_mentioned,not_mentioned,not_mentioned,not_mentioned,not_mentioned,no
View of Self Survival,iands,data\iands\view-of-self-survival.json,Indeterminate,0,False,False,False,no_reason_given,not_mentioned,not_mentioned,not_mentioned,not_mentioned,not_mentioned,not_mentioned,no,not_mentioned,not_mentioned
Walking to Heaven,iands,data\iands\walking-to-heaven.json,Indeterminate,0,False,False,False,family_responsibility,no,not_mentioned,not_mentioned,not_mentioned,not_mentioned,not_mentioned,not_mentioned,not_mentioned,not_mentioned
Walking Toward the Source,iands,data\iands\walking-toward-the-source.json,Indeterminate,0,False,False,False,not_your_time,no,no,no,not_mentioned,not_mentioned,not_mentioned,not_mentioned,none,no
Watching Over Me,iands,data\iands\watching-over-me.json,Indeterminate,0,False,False,False,not_your_time,no,no,no,not_mentioned,not_mentioned,not_mentioned,implied,none,no
Waved Back by an Angel,iands,data\iands\waved-back-by-an-angel.json,Indeterminate,0,False,False,False,not_mentioned,not_mentioned,not_mentioned,not_mentioned,not_mentioned,not_mentioned,not_mentioned,not_mentioned,not_mentioned,not_mentioned
Well The Nurses are Relieved!,iands,data\iands\well-the-nurses-are-relieved.json,Indeterminate,0,False,False,False,no_reason_given,no,no,no,not_mentioned,not_mentioned,not_mentioned,not_mentioned,none,no
Welsh woman is cared for in heavenly hospital while in coma,iands,data\iands\welsh-woman-is-cared-for-in-heavenly-hospital-while-in-coma.json,Indeterminate,0,False,False,False,not_your_time,not_mentioned,not_mentioned,not_mentioned,not_mentioned,not_mentioned,not_mentioned,explicit,not_mentioned,not_mentioned
White All Around Me,iands,data\iands\white-all-around-me.json,Indeterminate,0,False,False,False,no_reason_given,not_mentioned,no,no,not_mentioned,not_mentioned,not_mentioned,not_mentioned,not_mentioned,no
White Lotus Flower of Love,iands,data\iands\white-lotus-flower-of-love.json,Indeterminate,0,False,False,False,no_reason_given,not_mentioned,not_mentioned,not_mentioned,not_mentioned,not_mentioned,not_mentioned,not_mentioned,not_mentioned,not_mentioned
Will Never Forget the Experience,iands,data\iands\will-never-forget-the-experience.json,Indeterminate,0,False,False,False,no_reason_given,not_mentioned,not_mentioned,not_mentioned,not_mentioned,not_mentioned,not_mentioned,not_mentioned,not_mentioned,not_mentioned
"Woman doing drugs leaves body, feels love and acceptance",iands,data\iands\woman-doing-drugs-leaves-body-feels-love-and-acceptance.json,Indeterminate,0,False,False,False,not_your_time,no,no,no,not_mentioned,not_mentioned,not_mentioned,not_mentioned,not_mentioned,no
"Woman has vision during cardiac failure, but doesn't share it with health care colleagues",iands,data\iands\woman-has-vision-during-cardiac-failure-but-doesn-t-share-it-with-health-care-colleagues.json,Indeterminate,0,False,False,False,not_mentioned,not_mentioned,not_mentioned,not_mentioned,not_mentioned,not_mentioned,not_mentioned,not_mentioned,not_mentioned,not_mentioned
Woman helps another cross over during NDE,iands,data\iands\woman-helps-another-cross-over-during-nde.json,Indeterminate,0,False,False,False,family_responsibility,yes_explicit,no,no,not_mentioned,not_mentioned,not_mentioned,not_mentioned,not_mentioned,no
Woman hemorrhaged and met her deceased father,iands,data\iands\woman-hemorrhaged-and-met-her-deceased-father.json,Indeterminate,0,False,False,False,family_responsibility,no,not_mentioned,not_mentioned,not_mentioned,not_mentioned,not_mentioned,not_mentioned,not_mentioned,not_mentioned
Woman in her 30s has two NDEs within months of each other,iands,data\iands\woman-in-her-30s-has-two-ndes-within-months-of-each-other.json,Indeterminate,0,False,False,False,not_mentioned,implied,no,no,not_mentioned,not_mentioned,not_mentioned,not_mentioned,not_mentioned,no
Woman in induced coma sees deceased relatives,iands,data\iands\woman-in-induced-coma-sees-deceased-relatives.json,Indeterminate,0,False,False,False,not_mentioned,not_mentioned,not_mentioned,not_mentioned,not_mentioned,not_mentioned,not_mentioned,not_mentioned,not_mentioned,not_mentioned
Woman is healed and shown she will be a healer,iands,data\iands\woman-is-healed-and-shown-she-will-be-a-healer.json,Indeterminate,0,False,False,False,not_mentioned,yes_explicit,not_mentioned,no,not_mentioned,not_mentioned,not_mentioned,not_mentioned,not_mentioned,no
"Woman leaves body multiple times, including going to a place of suffering",iands,data\iands\woman-leaves-body-multiple-times-including-going-to-a-place-of-suffering.json,Indeterminate,0,False,False,False,not_your_time,not_mentioned,not_mentioned,not_mentioned,not_mentioned,not_mentioned,not_mentioned,not_mentioned,not_mentioned,not_mentioned
Woman meets Jesus following surgery,iands,data\iands\woman-meets-jesus-following-surgery.json,Indeterminate,0,False,False,False,not_your_time,yes_explicit,no,no,not_mentioned,not_mentioned,not_mentioned,not_mentioned,not_mentioned,no
Woman's love is measured during her life review,iands,data\iands\woman-s-love-is-measured-during-her-life-review.json,Indeterminate,0,False,False,False,no_reason_given,no,not_mentioned,not_mentioned,not_mentioned,not_mentioned,not_mentioned,not_mentioned,not_mentioned,not_mentioned
Woman sees her Dad during brief visit to the Other Side,iands,data\iands\woman-sees-her-dad-during-brief-visit-to-the-other-side.json,Indeterminate,0,False,False,False,no_reason_given,not_mentioned,not_mentioned,not_mentioned,not_mentioned,not_mentioned,not_mentioned,not_mentioned,not_mentioned,not_mentioned
Woman with COVID woke up travelling toward heaven,iands,data\iands\woman-with-covid-woke-up-travelling-toward-heaven.json,Indeterminate,0,False,False,False,not_mentioned,not_mentioned,not_mentioned,not_mentioned,not_mentioned,not_mentioned,not_mentioned,not_mentioned,not_mentioned,not_mentioned
Wow! It's great to be alive!,iands,data\iands\wow-it-s-great-to-be-alive.json,Indeterminate,0,False,False,False,not_your_time,not_mentioned,not_mentioned,not_mentioned,not_mentioned,not_mentioned,not_mentioned,not_mentioned,not_mentioned,not_mentioned
You Were Dead,iands,data\iands\you-were-dead.json,Indeterminate,0,False,False,False,not_your_time,not_mentioned,not_mentioned,not_mentioned,not_mentioned,not_mentioned,not_mentioned,not_mentioned,not_mentioned,not_mentioned
Young atheist woman has heavenly experience,iands,data\iands\young-atheist-woman-has-heavenly-experience.json,Indeterminate,0,False,False,False,no_reason_given,no,no,no,not_mentioned,not_mentioned,not_mentioned,not_mentioned,none,no
Young man awakes from coma to find futuristic health care provided for him,iands,data\iands\young-man-awakes-from-coma-to-find-futuristic-health-care-provided-for-him.json,Indeterminate,0,False,False,False,not_your_time,not_mentioned,no,no,not_mentioned,not_mentioned,not_mentioned,not_mentioned,not_mentioned,no
Young man crashes and wakes remembering bright red light and warmth,iands,data\iands\young-man-crashes-and-wakes-remembering-bright-red-light-and-warmth.json,Indeterminate,0,False,False,False,not_mentioned,not_mentioned,not_mentioned,not_mentioned,not_mentioned,not_mentioned,not_mentioned,not_mentioned,not_mentioned,not_mentioned
Young man died and no longer sees the world through a mortal lens,iands,data\iands\young-man-died-and-no-longer-sees-the-world-through-a-mortal-lens.json,Indeterminate,0,False,False,False,not_mentioned,not_mentioned,not_mentioned,no,not_mentioned,not_mentioned,not_mentioned,not_mentioned,not_mentioned,no
Young man in diving accident is shown his life has been lived to placate others,iands,data\iands\young-man-in-diving-accident-is-shown-his-life-has-been-lived-to-placate-others.json,Indeterminate,0,False,False,False,no_reason_given,no,no,no,not_mentioned,not_mentioned,not_mentioned,not_mentioned,none,no
Young man in surgery visits the light and sees deceased loved ones as flaming balls of sunshine,iands,data\iands\young-man-in-surgery-visits-the-light-and-sees-deceased-loved-ones-as-flaming-balls-of-sunshine.json,Indeterminate,0,False,False,False,not_your_time,no,no,no,not_mentioned,not_mentioned,not_mentioned,not_mentioned,none,no
Young mother drowns in sailing accident,iands,data\iands\young-mother-drowns-in-sailing-accident.json,Indeterminate,0,False,False,False,family_responsibility,no,not_mentioned,not_mentioned,not_mentioned,not_mentioned,not_mentioned,not_mentioned,not_mentioned,not_mentioned
Young mother has OOB and conversation with being during surgery,iands,data\iands\young-mother-has-oob-and-conversation-with-being-during-surgery.json,Indeterminate,0,False,False,False,family_responsibility,not_mentioned,no,no,not_mentioned,not_mentioned,not_mentioned,not_mentioned,not_mentioned,no
Young Muslim Yemeni woman experiences light and peace,iands,data\iands\young-muslim-yemeni-woman-experiences-light-and-peace.json,Indeterminate,0,False,False,False,no_reason_given,no,no,no,not_mentioned,not_mentioned,not_mentioned,not_mentioned,not_mentioned,no
Young teen in wreck has brief memory of bright white light and wheat field,iands,data\iands\young-teen-in-wreck-has-brief-memory-of-bright-white-light-and-wheat-field.json,Indeterminate,0,False,False,False,not_mentioned,not_mentioned,not_mentioned,not_mentioned,not_mentioned,not_mentioned,not_mentioned,not_mentioned,not_mentioned,not_mentioned
Young woman dies and understands God's love is much greater than we can know,iands,data\iands\young-woman-dies-and-understands-god-s-love-is-much-greater-than-we-can-know.json,Indeterminate,0,False,False,False,no_reason_given,implied,no,no,not_mentioned,not_mentioned,not_mentioned,not_mentioned,not_mentioned,no
Young woman sees herself in the morgue,iands,data\iands\young-woman-sees-herself-in-the-morgue.json,Indeterminate,0,False,False,False,no_reason_given,not_mentioned,not_mentioned,not_mentioned,not_mentioned,not_mentioned,not_mentioned,not_mentioned,not_mentioned,not_mentioned
Young woman sees life forms from other places and demon-like creatures,iands,data\iands\young-woman-sees-life-forms-from-other-places-and-demon-like-creatures.json,Indeterminate,0,False,False,False,not_mentioned,not_mentioned,not_mentioned,not_mentioned,not_mentioned,not_mentioned,not_mentioned,not_mentioned,not_mentioned,not_mentioned
Young woman trying mescaline has euphoric NDE,iands,data\iands\young-woman-trying-mescaline-has-euphoric-nde.json,Indeterminate,0,False,False,False,not_your_time,not_mentioned,not_mentioned,not_mentioned,not_mentioned,not_mentioned,not_mentioned,not_mentioned,not_mentioned,not_mentioned
Young woman who went over cliff can now sense when people are dead,iands,data\iands\young-woman-who-went-over-cliff-can-now-sense-when-people-are-dead.json,Indeterminate,0,False,False,False,not_your_time,no,not_mentioned,not_mentioned,not_mentioned,not_mentioned,not_mentioned,not_mentioned,not_mentioned,not_mentioned
Young woman with genetic disease has had 4 NDEs,iands,data\iands\young-woman-with-genetic-disease-has-had-4-ndes.json,Indeterminate,0,False,False,False,not_mentioned,not_mentioned,no,no,not_mentioned,not_mentioned,not_mentioned,not_mentioned,not_mentioned,no
Dr. George Rodonaia 1,nderf,data\nderf\00001_dr-george-rodonaia-1.json,Indeterminate,0,False,False,False,no_reason_given,no,no,no,not_mentioned,not_mentioned,not_mentioned,no,not_mentioned,no
Pepi NDE 67,nderf,data\nderf\00002_pepi-nde-67.json,Indeterminate,0,False,False,False,not_your_time,no,no,not_mentioned,not_mentioned,not_mentioned,not_mentioned,not_mentioned,not_mentioned,not_mentioned
Diane NDE 16,nderf,data\nderf\00021_diane-nde-16.json,Indeterminate,0,False,False,False,family_responsibility,no,no,no,not_mentioned,not_mentioned,not_mentioned,not_mentioned,not_mentioned,no
Jonathan NDE 21,nderf,data\nderf\00042_jonathan-nde-21.json,Indeterminate,0,False,False,False,not_mentioned,not_mentioned,no,no,not_mentioned,not_mentioned,not_mentioned,not_mentioned,not_mentioned,no
Pul J NDE 36,nderf,data\nderf\00078_pul-j-nde-36.json,Indeterminate,0,False,False,False,not_mentioned,not_mentioned,not_mentioned,not_mentioned,not_mentioned,not_mentioned,not_mentioned,not_mentioned,not_mentioned,not_mentioned
Harold NDE 38,nderf,data\nderf\00087_harold-nde-38.json,Indeterminate,0,False,False,False,not_mentioned,not_mentioned,not_mentioned,not_mentioned,not_mentioned,not_mentioned,not_mentioned,not_mentioned,not_mentioned,not_mentioned
Brian B Probable NDE 40.5 NDE 5,nderf,data\nderf\00092_brian-b-probable-nde-40-5-nde-5.json,Indeterminate,0,False,False,False,not_mentioned,not_mentioned,not_mentioned,not_mentioned,not_mentioned,not_mentioned,not_mentioned,not_mentioned,not_mentioned,not_mentioned
C FDE 46 NDE 46,nderf,data\nderf\00102_c-fde-46-nde-46.json,Indeterminate,0,False,False,False,not_mentioned,not_mentioned,not_mentioned,not_mentioned,not_mentioned,not_mentioned,not_mentioned,not_mentioned,not_mentioned,not_mentioned
Sammy NDE 44,nderf,data\nderf\00109_sammy-nde-44.json,Indeterminate,0,False,False,False,not_your_time,not_mentioned,not_mentioned,no,not_mentioned,not_mentioned,not_mentioned,not_mentioned,not_mentioned,no
James NDE 45,nderf,data\nderf\00110_james-nde-45.json,Indeterminate,0,False,False,False,no_reason_given,not_mentioned,not_mentioned,not_mentioned,not_mentioned,not_mentioned,not_mentioned,no,not_mentioned,not_mentioned
John R NDE 191,nderf,data\nderf\00135_john-r-nde.json,Indeterminate,0,False,False,False,family_responsibility,implied,no,not_mentioned,not_mentioned,not_mentioned,not_mentioned,not_mentioned,not_mentioned,not_mentioned
Lee S NDE 666,nderf,data\nderf\00201_lee-s-nde.json,Indeterminate,0,False,False,False,not_mentioned,not_mentioned,not_mentioned,not_mentioned,not_mentioned,not_mentioned,not_mentioned,not_mentioned,not_mentioned,not_mentioned
Paul G NDE 665,nderf,data\nderf\00202_paul-g-nde.json,Indeterminate,0,False,False,False,not_mentioned,not_mentioned,not_mentioned,not_mentioned,not_mentioned,not_mentioned,not_mentioned,not_mentioned,not_mentioned,not_mentioned
Kate B NDE 663,nderf,data\nderf\00203_kate-b-nde.json,Indeterminate,0,False,False,False,family_responsibility,no,no,not_mentioned,not_mentioned,not_mentioned,not_mentioned,implied,not_mentioned,not_mentioned
Doineau H NDE 664,nderf,data\nderf\00204_doineau-h-nde.json,Indeterminate,0,False,False,False,not_mentioned,not_mentioned,not_mentioned,not_mentioned,not_mentioned,not_mentioned,not_mentioned,not_mentioned,not_mentioned,not_mentioned
Lars Ö NDE 661,nderf,data\nderf\00205_lars-nde.json,Indeterminate,0,False,False,False,other,no,no,no,not_mentioned,not_mentioned,not_mentioned,not_mentioned,not_mentioned,no
Natasha E NDE 20123,nderf,data\nderf\00206_natasha-e-nde-20123.json,Indeterminate,0,False,False,False,family_responsibility,not_mentioned,not_mentioned,not_mentioned,not_mentioned,not_mentioned,not_mentioned,not_mentioned,not_mentioned,not_mentioned
Maryann C NDE 679,nderf,data\nderf\00210_maryann-c-nde.json,Indeterminate,0,False,False,False,not_mentioned,not_mentioned,not_mentioned,not_mentioned,not_mentioned,not_mentioned,not_mentioned,not_mentioned,not_mentioned,not_mentioned
Mike R NDE 681,nderf,data\nderf\00211_mike-r-nde.json,Indeterminate,0,False,False,False,other,not_mentioned,not_mentioned,not_mentioned,not_mentioned,not_mentioned,not_mentioned,not_mentioned,not_mentioned,not_mentioned
Ros NDE 680,nderf,data\nderf\00212_ros-nde.json,Indeterminate,0,False,False,False,family_responsibility,not_mentioned,no,no,not_mentioned,not_mentioned,not_mentioned,not_mentioned,not_mentioned,no
Max NDE 20162,nderf,data\nderf\00216_max-nde-20162.json,Indeterminate,0,False,False,False,not_mentioned,not_mentioned,not_mentioned,not_mentioned,not_mentioned,not_mentioned,not_mentioned,not_mentioned,not_mentioned,not_mentioned
William E NDE 698,nderf,data\nderf\00218_william-e-nde.json,Indeterminate,0,False,False,False,not_your_time,implied,no,no,not_mentioned,not_mentioned,not_mentioned,not_mentioned,not_mentioned,no
Jane D NDE 697,nderf,data\nderf\00219_jane-d-nde.json,Indeterminate,0,False,False,False,no_reason_given,not_mentioned,not_mentioned,not_mentioned,not_mentioned,not_mentioned,not_mentioned,not_mentioned,not_mentioned,not_mentioned
Benjamin W NDE 694/2152 NDE 2152,nderf,data\nderf\00220_benjamin-w-nde-694-2152-nde-2152.json,Indeterminate,0,False,False,False,not_your_time,not_mentioned,not_mentioned,not_mentioned,not_mentioned,not_mentioned,not_mentioned,not_mentioned,not_mentioned,not_mentioned
Wayne W NDE 688,nderf,data\nderf\00222_wayne-w-nde.json,Indeterminate,0,False,False,False,not_mentioned,not_mentioned,not_mentioned,not_mentioned,not_mentioned,not_mentioned,not_mentioned,not_mentioned,not_mentioned,not_mentioned
Theresa K NDE 687,nderf,data\nderf\00223_theresa-k-nde.json,Indeterminate,0,False,False,False,not_your_time,not_mentioned,not_mentioned,not_mentioned,not_mentioned,not_mentioned,not_mentioned,not_mentioned,not_mentioned,not_mentioned
Jody R NDE 686,nderf,data\nderf\00224_jody-r-nde.json,Indeterminate,0,False,False,False,not_mentioned,not_mentioned,not_mentioned,not_mentioned,not_mentioned,not_mentioned,not_mentioned,not_mentioned,not_mentioned,not_mentioned
Tom B NDE 685,nderf,data\nderf\00225_tom-b-nde.json,Indeterminate,0,False,False,False,family_responsibility,no,no,no,not_mentioned,not_mentioned,not_mentioned,not_mentioned,not_mentioned,no
Anne M NDE 726,nderf,data\nderf\00226_anne-m-nde.json,Indeterminate,0,False,False,False,family_responsibility,no,no,no,not_mentioned,not_mentioned,not_mentioned,no,not_mentioned,no
Anne S NDE 696,nderf,data\nderf\00227_anne-s-nde.json,Indeterminate,0,False,False,False,no_reason_given,no,not_mentioned,not_mentioned,not_mentioned,not_mentioned,not_mentioned,not_mentioned,not_mentioned,not_mentioned
Donna A NDE 706,nderf,data\nderf\00228_donna-a-nde.json,Indeterminate,0,False,False,False,no_reason_given,not_mentioned,not_mentioned,not_mentioned,not_mentioned,not_mentioned,not_mentioned,not_mentioned,not_mentioned,not_mentioned
Diane K NDE 699,nderf,data\nderf\00229_diane-k-nde.json,Indeterminate,0,False,False,False,not_your_time,not_mentioned,not_mentioned,no,not_mentioned,not_mentioned,not_mentioned,not_mentioned,not_mentioned,no
Laurie G NDE 703,nderf,data\nderf\00230_laurie-g-nde.json,Indeterminate,0,False,False,False,not_mentioned,no,not_mentioned,not_mentioned,not_mentioned,not_mentioned,not_mentioned,not_mentioned,not_mentioned,not_mentioned
Gary J NDE 707,nderf,data\nderf\00232_gary-j-nde.json,Indeterminate,0,False,False,False,family_responsibility,not_mentioned,not_mentioned,not_mentioned,not_mentioned,not_mentioned,not_mentioned,not_mentioned,not_mentioned,not_mentioned
Judith D NDE 60,nderf,data\nderf\00233_judith-d-nde-60.json,Indeterminate,0,False,False,False,not_mentioned,not_mentioned,not_mentioned,not_mentioned,not_mentioned,not_mentioned,not_mentioned,not_mentioned,not_mentioned,not_mentioned
Tilda M NDE 711,nderf,data\nderf\00234_tilda-m-nde.json,Indeterminate,0,False,False,False,no_reason_given,no,no,no,not_mentioned,not_mentioned,not_mentioned,not_mentioned,not_mentioned,no
Arnie R NDE 714,nderf,data\nderf\00236_arnie-r-nde.json,Indeterminate,0,False,False,False,no_reason_given,not_mentioned,not_mentioned,not_mentioned,not_mentioned,not_mentioned,not_mentioned,not_mentioned,not_mentioned,not_mentioned
Mosher C NDE 708,nderf,data\nderf\00237_mosher-c-nde.json,Indeterminate,0,False,False,False,other,not_mentioned,not_mentioned,not_mentioned,not_mentioned,not_mentioned,not_mentioned,not_mentioned,not_mentioned,not_mentioned
Allen P NDE 719,nderf,data\nderf\00238_allen-p-nde.json,Indeterminate,0,False,False,False,not_mentioned,not_mentioned,not_mentioned,not_mentioned,not_mentioned,not_mentioned,not_mentioned,not_mentioned,not_mentioned,not_mentioned
Megan M NDE 718,nderf,data\nderf\00239_megan-m-nde.json,Indeterminate,0,False,False,False,not_mentioned,not_mentioned,not_mentioned,not_mentioned,not_mentioned,not_mentioned,not_mentioned,not_mentioned,not_mentioned,not_mentioned
Bobbi P NDE 716,nderf,data\nderf\00240_bobbi-p-nde.json,Indeterminate,0,False,False,False,family_responsibility,not_mentioned,not_mentioned,not_mentioned,not_mentioned,not_mentioned,not_mentioned,not_mentioned,not_mentioned,not_mentioned
Hal B NDE 715,nderf,data\nderf\00241_hal-b-nde.json,Indeterminate,0,False,False,False,family_responsibility,no,no,no,not_mentioned,not_mentioned,not_mentioned,not_mentioned,not_mentioned,no
Nan A NDE 720,nderf,data\nderf\00242_nan-a-nde.json,Indeterminate,0,False,False,False,not_your_time,not_mentioned,no,no,not_mentioned,not_mentioned,not_mentioned,not_mentioned,not_mentioned,no
Barry W NDE 721,nderf,data\nderf\00243_barry-w-nde.json,Indeterminate,0,False,False,False,not_mentioned,not_mentioned,not_mentioned,not_mentioned,not_mentioned,not_mentioned,not_mentioned,not_mentioned,not_mentioned,not_mentioned
Nanette F NDE 749,nderf,data\nderf\00245_nanette-f-nde.json,Indeterminate,0,False,False,False,not_mentioned,not_mentioned,not_mentioned,not_mentioned,not_mentioned,not_mentioned,not_mentioned,not_mentioned,not_mentioned,not_mentioned
Barbara R NDE 742,nderf,data\nderf\00246_barbara-r-nde.json,Indeterminate,0,False,False,False,not_mentioned,not_mentioned,not_mentioned,not_mentioned,not_mentioned,not_mentioned,not_mentioned,not_mentioned,not_mentioned,not_mentioned
Anna M NDE 739,nderf,data\nderf\00247_anna-m-nde.json,Indeterminate,0,False,False,False,family_responsibility,implied,no,not_mentioned,not_mentioned,not_mentioned,not_mentioned,not_mentioned,not_mentioned,no
Matt M NDE 743,nderf,data\nderf\00248_matt-m-nde.json,Indeterminate,0,False,False,False,not_mentioned,not_mentioned,not_mentioned,not_mentioned,not_mentioned,not_mentioned,not_mentioned,not_mentioned,not_mentioned,not_mentioned
Randy K NDE 740,nderf,data\nderf\00249_randy-k-nde.json,Indeterminate,0,False,False,False,not_your_time,not_mentioned,not_mentioned,not_mentioned,not_mentioned,not_mentioned,not_mentioned,not_mentioned,not_mentioned,not_mentioned
Patty J NDE 753,nderf,data\nderf\00250_patty-j-nde.json,Indeterminate,0,False,False,False,family_responsibility,not_mentioned,not_mentioned,no,not_mentioned,not_mentioned,not_mentioned,not_mentioned,not_mentioned,no
Annamarie F NDE 751,nderf,data\nderf\00251_annamarie-f-nde.json,Indeterminate,0,False,False,False,family_responsibility,not_mentioned,not_mentioned,not_mentioned,not_mentioned,not_mentioned,not_mentioned,not_mentioned,not_mentioned,not_mentioned
Edward B NDE 741,nderf,data\nderf\00252_edward-b-nde.json,Indeterminate,0,False,False,False,not_mentioned,not_mentioned,not_mentioned,not_mentioned,not_mentioned,not_mentioned,not_mentioned,not_mentioned,not_mentioned,not_mentioned
Sandy A FDE 705 NDE 705,nderf,data\nderf\00254_sandy-a-fde-705-nde.json,Indeterminate,0,False,False,False,not_your_time,no,not_mentioned,not_mentioned,not_mentioned,not_mentioned,not_mentioned,not_mentioned,not_mentioned,not_mentioned
Joseph J NDE 729,nderf,data\nderf\00255_joseph-j-nde.json,Indeterminate,0,False,False,False,not_your_time,implied,not_mentioned,not_mentioned,not_mentioned,not_mentioned,not_mentioned,not_mentioned,not_mentioned,not_mentioned
Todd R NDE 731,nderf,data\nderf\00256_todd-r-nde.json,Indeterminate,0,False,False,False,no_reason_given,not_mentioned,not_mentioned,not_mentioned,not_mentioned,not_mentioned,not_mentioned,not_mentioned,not_mentioned,not_mentioned
Wayne J NDE 728,nderf,data\nderf\00257_wayne-j-nde.json,Indeterminate,0,False,False,False,not_mentioned,not_mentioned,not_mentioned,no,not_mentioned,not_mentioned,not_mentioned,not_mentioned,not_mentioned,no
Mary M NDE 730,nderf,data\nderf\00258_mary-m-nde.json,Indeterminate,0,False,False,False,not_your_time,no,not_mentioned,not_mentioned,not_mentioned,not_mentioned,not_mentioned,not_mentioned,not_mentioned,not_mentioned
Asim F NDE 758,nderf,data\nderf\00261_asim-f-nde.json,Indeterminate,0,False,False,False,not_mentioned,not_mentioned,not_mentioned,not_mentioned,not_mentioned,not_mentioned,not_mentioned,not_mentioned,not_mentioned,not_mentioned
Chris R NDE 736,nderf,data\nderf\00263_chris-r-nde.json,Indeterminate,0,False,False,False,no_reason_given,not_mentioned,not_mentioned,not_mentioned,not_mentioned,not_mentioned,not_mentioned,not_mentioned,not_mentioned,not_mentioned
Lynn M NDE 20152,nderf,data\nderf\00264_lynn-m-nde-20152.json,Indeterminate,0,False,False,False,not_mentioned,not_mentioned,not_mentioned,not_mentioned,not_mentioned,not_mentioned,not_mentioned,not_mentioned,not_mentioned,not_mentioned
Jim K NDE 20151,nderf,data\nderf\00265_jim-k-nde-20151.json,Indeterminate,0,False,False,False,not_mentioned,not_mentioned,not_mentioned,not_mentioned,not_mentioned,not_mentioned,not_mentioned,not_mentioned,not_mentioned,not_mentioned
Daisy M NDE 734,nderf,data\nderf\00266_daisy-m-nde.json,Indeterminate,0,False,False,False,family_responsibility,not_mentioned,not_mentioned,not_mentioned,not_mentioned,not_mentioned,not_mentioned,not_mentioned,not_mentioned,not_mentioned
Brazilian NDE 11064,nderf,data\nderf\00270_brazilian-nde-11064.json,Indeterminate,0,False,False,False,not_mentioned,not_mentioned,not_mentioned,not_mentioned,not_mentioned,not_mentioned,not_mentioned,not_mentioned,not_mentioned,not_mentioned
Gracie T NDE 761,nderf,data\nderf\00271_gracie-t-nde.json,Indeterminate,0,False,False,False,no_reason_given,yes_explicit,no,not_mentioned,not_mentioned,not_mentioned,not_mentioned,not_mentioned,not_mentioned,not_mentioned
Maria D NDE 20148,nderf,data\nderf\00272_maria-d-nde-20148.json,Indeterminate,0,False,False,False,not_your_time,no,no,no,not_mentioned,not_mentioned,not_mentioned,not_mentioned,not_mentioned,no
Lisa B NDE 57,nderf,data\nderf\00273_lisa-b-nde-57.json,Indeterminate,0,False,False,False,not_mentioned,yes_explicit,no,not_mentioned,not_mentioned,not_mentioned,not_mentioned,not_mentioned,not_mentioned,not_mentioned
Marsha B NDE 762,nderf,data\nderf\00273_marsha-b-nde.json,Indeterminate,0,False,False,False,not_mentioned,not_mentioned,not_mentioned,not_mentioned,not_mentioned,not_mentioned,not_mentioned,not_mentioned,not_mentioned,not_mentioned
Mik M NDE 12001,nderf,data\nderf\00274_mik-m-nde-12001.json,Indeterminate,0,False,False,False,not_mentioned,not_mentioned,not_mentioned,not_mentioned,not_mentioned,not_mentioned,not_mentioned,not_mentioned,not_mentioned,not_mentioned
Dona S NDE 10067,nderf,data\nderf\00279_dona-s-nde-10067.json,Indeterminate,0,False,False,False,family_responsibility,no,no,not_mentioned,not_mentioned,not_mentioned,not_mentioned,not_mentioned,not_mentioned,not_mentioned
VF NDE 10087,nderf,data\nderf\00281_vf-nde-10087.json,Indeterminate,0,False,False,False,not_mentioned,no,no,no,not_mentioned,not_mentioned,not_mentioned,not_mentioned,not_mentioned,no
Emily Son's NDE 12002,nderf,data\nderf\00282_emily-son-s-nde-12002.json,Indeterminate,0,False,False,False,not_mentioned,not_mentioned,not_mentioned,not_mentioned,not_mentioned,not_mentioned,not_mentioned,not_mentioned,not_mentioned,not_mentioned
Pozy M NDE 752,nderf,data\nderf\00283_pozy-m-nde.json,Indeterminate,0,False,False,False,other,yes_explicit,not_mentioned,not_mentioned,not_mentioned,not_mentioned,not_mentioned,not_mentioned,not_mentioned,not_mentioned
John H NDE 10073,nderf,data\nderf\00284_john-h-nde-10073.json,Indeterminate,0,False,False,False,not_mentioned,no,no,no,not_mentioned,not_mentioned,not_mentioned,not_mentioned,not_mentioned,no
Susanna NDE 10096,nderf,data\nderf\00285_susanna-nde-10096.json,Indeterminate,0,False,False,False,no_reason_given,yes_explicit,no,not_mentioned,not_mentioned,not_mentioned,not_mentioned,not_mentioned,not_mentioned,not_mentioned
Richard B NDE 10097,nderf,data\nderf\00286_richard-b-nde-10097.json,Indeterminate,0,False,False,False,no_reason_given,not_mentioned,not_mentioned,not_mentioned,not_mentioned,not_mentioned,not_mentioned,not_mentioned,not_mentioned,not_mentioned
Guillermo NDE 769,nderf,data\nderf\00287_guillermo-nde.json,Indeterminate,0,False,False,False,not_mentioned,not_mentioned,not_mentioned,not_mentioned,not_mentioned,not_mentioned,not_mentioned,not_mentioned,not_mentioned,not_mentioned
Deborah P NDE 775,nderf,data\nderf\00288_deborah-p-nde.json,Indeterminate,0,False,False,False,not_mentioned,not_mentioned,not_mentioned,not_mentioned,not_mentioned,not_mentioned,not_mentioned,not_mentioned,not_mentioned,not_mentioned
Liz R NDE 781,nderf,data\nderf\00291_liz-r-nde.json,Indeterminate,0,False,False,False,not_mentioned,no,no,not_mentioned,not_mentioned,not_mentioned,not_mentioned,not_mentioned,not_mentioned,not_mentioned
Kathryn G NDE 772,nderf,data\nderf\00293_kathryn-g-nde.json,Indeterminate,0,False,False,False,family_responsibility,no,not_mentioned,not_mentioned,not_mentioned,not_mentioned,not_mentioned,not_mentioned,not_mentioned,not_mentioned
Ray K NDE 2045/776 NDE 776,nderf,data\nderf\00294_ray-k-nde-2045-776-nde.json,Indeterminate,0,False,False,False,not_your_time,no,no,no,not_mentioned,not_mentioned,not_mentioned,not_mentioned,not_mentioned,no
Suresh K NDE 774,nderf,data\nderf\00296_suresh-k-nde.json,Indeterminate,0,False,False,False,not_mentioned,not_mentioned,not_mentioned,not_mentioned,not_mentioned,not_mentioned,not_mentioned,not_mentioned,not_mentioned,not_mentioned
Chinese Perspective 12004 NDE 12004,nderf,data\nderf\00297_chinese-perspective-12004-nde-12004.json,Indeterminate,0,False,False,False,not_mentioned,not_mentioned,not_mentioned,not_mentioned,not_mentioned,not_mentioned,not_mentioned,not_mentioned,not_mentioned,not_mentioned
Ryan K NDE 788,nderf,data\nderf\00298_ryan-k-nde.json,Indeterminate,0,False,False,False,no_reason_given,not_mentioned,not_mentioned,not_mentioned,not_mentioned,not_mentioned,not_mentioned,not_mentioned,not_mentioned,not_mentioned
Valerie NDE 64,nderf,data\nderf\00298_valerie-nde-64.json,Indeterminate,0,False,False,False,no_reason_given,not_mentioned,not_mentioned,not_mentioned,not_mentioned,not_mentioned,not_mentioned,not_mentioned,not_mentioned,not_mentioned
Amanda S NDE 789,nderf,data\nderf\00299_amanda-s-nde.json,Indeterminate,0,False,False,False,no_reason_given,not_mentioned,not_mentioned,not_mentioned,not_mentioned,not_mentioned,not_mentioned,not_mentioned,not_mentioned,not_mentioned
Priscilla O NDE 790,nderf,data\nderf\00301_priscilla-o-nde.json,Indeterminate,0,False,False,False,family_responsibility,no,not_mentioned,not_mentioned,not_mentioned,not_mentioned,not_mentioned,not_mentioned,not_mentioned,not_mentioned
Quinn A NDE 793,nderf,data\nderf\00302_quinn-a-nde.json,Indeterminate,0,False,False,False,other,not_mentioned,not_mentioned,not_mentioned,not_mentioned,not_mentioned,not_mentioned,not_mentioned,not_mentioned,not_mentioned
NDEs from Spain 12005 NDE 12005,nderf,data\nderf\00303_ndes-from-spain-12005-nde-12005.json,Indeterminate,0,False,False,False,other,not_mentioned,not_mentioned,not_mentioned,not_mentioned,not_mentioned,not_mentioned,not_mentioned,not_mentioned,not_mentioned
Private Dowding NDE 12006/12007 NDE 12007,nderf,data\nderf\00304_private-dowding-nde-12006-12007-nde-12007.json,Indeterminate,0,False,False,False,not_mentioned,implied,no,not_mentioned,not_mentioned,not_mentioned,not_mentioned,not_mentioned,not_mentioned,not_mentioned
Patricia S NDE 798,nderf,data\nderf\00306_patricia-s-nde.json,Indeterminate,0,False,False,False,not_mentioned,not_mentioned,not_mentioned,not_mentioned,not_mentioned,not_mentioned,not_mentioned,not_mentioned,not_mentioned,not_mentioned
Kathy R NDEs 808 NDE 808,nderf,data\nderf\00307_kathy-r-ndes-808-nde.json,Indeterminate,0,False,False,False,no_reason_given,no,no,not_mentioned,not_mentioned,not_mentioned,not_mentioned,not_mentioned,not_mentioned,no
Roger E NDE 810,nderf,data\nderf\00308_roger-e-nde.json,Indeterminate,0,False,False,False,family_responsibility,not_mentioned,not_mentioned,not_mentioned,not_mentioned,not_mentioned,not_mentioned,not_mentioned,not_mentioned,not_mentioned
SW NDE 65,nderf,data\nderf\00308_sw-nde-65.json,Indeterminate,0,False,False,False,not_your_time,yes_explicit,not_mentioned,not_mentioned,not_mentioned,not_mentioned,not_mentioned,not_mentioned,not_mentioned,not_mentioned
Nikki C NDE 811,nderf,data\nderf\00309_nikki-c-nde.json,Indeterminate,0,False,False,False,not_mentioned,not_mentioned,not_mentioned,not_mentioned,not_mentioned,not_mentioned,not_mentioned,not_mentioned,not_mentioned,not_mentioned
Marie E NDE 813,nderf,data\nderf\00311_marie-e-nde.json,Indeterminate,0,False,False,False,other,no,no,not_mentioned,not_mentioned,not_mentioned,not_mentioned,not_mentioned,not_mentioned,not_mentioned
Monty Z NDE 10098,nderf,data\nderf\00312_monty-z-nde-10098.json,Indeterminate,0,False,False,False,not_mentioned,not_mentioned,not_mentioned,not_mentioned,not_mentioned,not_mentioned,not_mentioned,not_mentioned,not_mentioned,not_mentioned
David W NDE 797,nderf,data\nderf\00315_david-w-nde.json,Indeterminate,0,False,False,False,not_mentioned,not_mentioned,not_mentioned,not_mentioned,not_mentioned,not_mentioned,not_mentioned,not_mentioned,not_mentioned,no
Pinchon NDE 676,nderf,data\nderf\00316_pinchon-nde.json,Indeterminate,0,False,False,False,family_responsibility,yes_explicit,not_mentioned,not_mentioned,not_mentioned,not_mentioned,not_mentioned,not_mentioned,not_mentioned,not_mentioned
Richard S NDE 816,nderf,data\nderf\00317_richard-s-nde.json,Indeterminate,0,False,False,False,not_mentioned,no,not_mentioned,not_mentioned,not_mentioned,not_mentioned,not_mentioned,not_mentioned,not_mentioned,not_mentioned
Kurt K NDE 10076,nderf,data\nderf\00321_kurt-k-nde-10076.json,Indeterminate,0,False,False,False,not_mentioned,not_mentioned,not_mentioned,not_mentioned,not_mentioned,not_mentioned,not_mentioned,not_mentioned,not_mentioned,not_mentioned
Terry L NDE 20268,nderf,data\nderf\00323_terry-l-nde-20268.json,Indeterminate,0,False,False,False,no_reason_given,not_mentioned,not_mentioned,not_mentioned,not_mentioned,not_mentioned,not_mentioned,not_mentioned,not_mentioned,not_mentioned
Sabeti R NDE 825,nderf,data\nderf\00324_sabeti-r-nde.json,Indeterminate,0,False,False,False,not_mentioned,not_mentioned,not_mentioned,not_mentioned,not_mentioned,not_mentioned,not_mentioned,not_mentioned,not_mentioned,not_mentioned
Nina M NDE 829,nderf,data\nderf\00325_nina-m-nde.json,Indeterminate,0,False,False,False,not_mentioned,not_mentioned,not_mentioned,not_mentioned,not_mentioned,not_mentioned,not_mentioned,not_mentioned,not_mentioned,not_mentioned
John-Paul K NDE 824,nderf,data\nderf\00327_john-paul-k-nde.json,Indeterminate,0,False,False,False,not_mentioned,not_mentioned,not_mentioned,not_mentioned,not_mentioned,not_mentioned,not_mentioned,not_mentioned,not_mentioned,not_mentioned
Micki P NDE 843/826,nderf,data\nderf\00328_micki-p-nde.json,Indeterminate,0,False,False,False,family_responsibility,no,no,no,not_mentioned,not_mentioned,not_mentioned,not_mentioned,not_mentioned,no
Nicole NDE 20286,nderf,data\nderf\00330_nicole-nde-20286.json,Indeterminate,0,False,False,False,not_your_time,implied,no,not_mentioned,not_mentioned,not_mentioned,not_mentioned,not_mentioned,not_mentioned,not_mentioned
Ava M Probable NDE 838,nderf,data\nderf\00332_ava-m-probable-nde.json,Indeterminate,0,False,False,False,not_mentioned,not_mentioned,not_mentioned,not_mentioned,not_mentioned,not_mentioned,not_mentioned,not_mentioned,not_mentioned,not_mentioned
Steve J NDE 20288,nderf,data\nderf\00333_steve-j-nde-20288.json,Indeterminate,0,False,False,False,not_mentioned,yes_explicit,no,not_mentioned,not_mentioned,not_mentioned,not_mentioned,not_mentioned,not_mentioned,not_mentioned
Leona B NDE 848,nderf,data\nderf\00335_leona-b-nde.json,Indeterminate,0,False,False,False,other,not_mentioned,no,no,not_mentioned,not_mentioned,not_mentioned,not_mentioned,none,no
Francesca M NDE 852,nderf,data\nderf\00336_francesca-m-nde.json,Indeterminate,0,False,False,False,family_responsibility,not_mentioned,not_mentioned,not_mentioned,not_mentioned,not_mentioned,not_mentioned,not_mentioned,not_mentioned,not_mentioned
Dr. H.M.S. Kumar NDE 850,nderf,data\nderf\00338_dr-h-m-s-kumar-nde.json,Indeterminate,0,False,False,False,not_mentioned,not_mentioned,not_mentioned,not_mentioned,not_mentioned,not_mentioned,not_mentioned,not_mentioned,not_mentioned,not_mentioned
Henry M NDE 20315,nderf,data\nderf\00339_henry-m-nde-20315.json,Indeterminate,0,False,False,False,not_mentioned,not_mentioned,not_mentioned,not_mentioned,not_mentioned,not_mentioned,not_mentioned,not_mentioned,not_mentioned,not_mentioned
Jeremy M NDE 20308,nderf,data\nderf\00340_jeremy-m-nde-20308.json,Indeterminate,0,False,False,False,not_your_time,no,no,not_mentioned,not_mentioned,not_mentioned,not_mentioned,not_mentioned,not_mentioned,not_mentioned
Benilda K NDE 854,nderf,data\nderf\00343_benilda-k-nde.json,Indeterminate,0,False,False,False,family_responsibility,not_mentioned,not_mentioned,not_mentioned,not_mentioned,not_mentioned,not_mentioned,not_mentioned,not_mentioned,not_mentioned
Freida D NDE 868,nderf,data\nderf\00344_freida-d-nde.json,Indeterminate,0,False,False,False,not_mentioned,not_mentioned,not_mentioned,not_mentioned,not_mentioned,not_mentioned,not_mentioned,not_mentioned,not_mentioned,not_mentioned
Madhavi NDE 864,nderf,data\nderf\00345_madhavi-nde.json,Indeterminate,0,False,False,False,not_mentioned,not_mentioned,not_mentioned,not_mentioned,not_mentioned,not_mentioned,not_mentioned,not_mentioned,not_mentioned,not_mentioned
Ebin M NDE 867,nderf,data\nderf\00346_ebin-m-nde.json,Indeterminate,0,False,False,False,not_mentioned,not_mentioned,not_mentioned,not_mentioned,not_mentioned,not_mentioned,not_mentioned,not_mentioned,not_mentioned,not_mentioned
Traveler NDE 869,nderf,data\nderf\00347_traveler-nde.json,Indeterminate,0,False,False,False,not_mentioned,not_mentioned,not_mentioned,no,not_mentioned,not_mentioned,not_mentioned,not_mentioned,not_mentioned,no
Liz S NDE 859,nderf,data\nderf\00349_liz-s-nde.json,Indeterminate,0,False,False,False,not_mentioned,not_mentioned,not_mentioned,not_mentioned,not_mentioned,not_mentioned,not_mentioned,explicit,not_mentioned,not_mentioned
David R NDE 863,nderf,data\nderf\00351_david-r-nde.json,Indeterminate,0,False,False,False,not_your_time,not_mentioned,not_mentioned,not_mentioned,not_mentioned,not_mentioned,not_mentioned,not_mentioned,not_mentioned,not_mentioned
Aad G NDE 865,nderf,data\nderf\00352_aad-g-nde.json,Indeterminate,0,False,False,False,not_mentioned,not_mentioned,not_mentioned,not_mentioned,not_mentioned,not_mentioned,not_mentioned,not_mentioned,not_mentioned,not_mentioned
Jamin A NDE 6895/862 NDE 862,nderf,data\nderf\00353_jamin-a-nde-6895-862-nde.json,Indeterminate,0,False,False,False,not_mentioned,not_mentioned,not_mentioned,no,not_mentioned,not_mentioned,not_mentioned,not_mentioned,not_mentioned,no
Margaret C NDE 872,nderf,data\nderf\00354_margaret-c-nde.json,Indeterminate,0,False,False,False,family_responsibility,implied,not_mentioned,not_mentioned,not_mentioned,not_mentioned,not_mentioned,not_mentioned,not_mentioned,not_mentioned
Anne L NDE 885,nderf,data\nderf\00355_anne-l-nde.json,Indeterminate,0,False,False,False,not_mentioned,not_mentioned,not_mentioned,no,not_mentioned,not_mentioned,not_mentioned,not_mentioned,none,no
Tom S NDE 884,nderf,data\nderf\00356_tom-s-nde.json,Indeterminate,0,False,False,False,not_mentioned,not_mentioned,not_mentioned,not_mentioned,not_mentioned,not_mentioned,not_mentioned,not_mentioned,not_mentioned,not_mentioned
Nigel M NDE 880,nderf,data\nderf\00358_nigel-m-nde.json,Indeterminate,0,False,False,False,not_mentioned,not_mentioned,not_mentioned,no,not_mentioned,not_mentioned,not_mentioned,not_mentioned,not_mentioned,no
Kay M NDE 889,nderf,data\nderf\00359_kay-m-nde.json,Indeterminate,0,False,False,False,not_mentioned,no,no,no,not_mentioned,not_mentioned,not_mentioned,not_mentioned,not_mentioned,no
Sharlene B NDE 888,nderf,data\nderf\00360_sharlene-b-nde.json,Indeterminate,0,False,False,False,family_responsibility,no,no,no,not_mentioned,not_mentioned,not_mentioned,not_mentioned,not_mentioned,no
Choi NDE 12008,nderf,data\nderf\00361_choi-nde-12008.json,Indeterminate,0,False,False,False,no_reason_given,no,no,no,not_mentioned,not_mentioned,not_mentioned,no,none,no
Van L NDE 871,nderf,data\nderf\00362_van-l-nde.json,Indeterminate,0,False,False,False,not_your_time,not_mentioned,not_mentioned,not_mentioned,not_mentioned,not_mentioned,not_mentioned,not_mentioned,not_mentioned,not_mentioned
Stefan NDE 877,nderf,data\nderf\00363_stefan-nde.json,Indeterminate,0,False,False,False,not_your_time,no,no,no,not_mentioned,not_mentioned,not_mentioned,not_mentioned,not_mentioned,no
Hans V NDE 894,nderf,data\nderf\00365_hans-v-nde.json,Indeterminate,0,False,False,False,other,not_mentioned,not_mentioned,no,not_mentioned,not_mentioned,not_mentioned,not_mentioned,not_mentioned,no
Rhonda H NDE 896,nderf,data\nderf\00367_rhonda-h-nde.json,Indeterminate,0,False,False,False,family_responsibility,not_mentioned,not_mentioned,not_mentioned,not_mentioned,not_mentioned,not_mentioned,not_mentioned,not_mentioned,not_mentioned
Lorraine I NDE 900,nderf,data\nderf\00369_lorraine-i-nde.json,Indeterminate,0,False,False,False,not_your_time,no,no,no,not_mentioned,not_mentioned,not_mentioned,not_mentioned,not_mentioned,no
Meg A NDE 903,nderf,data\nderf\00373_meg-a-nde.json,Indeterminate,0,False,False,False,no_reason_given,not_mentioned,not_mentioned,no,not_mentioned,not_mentioned,not_mentioned,no,not_mentioned,no
Phillip B NDE 12003,nderf,data\nderf\00375_phillip-b-nde-12003.json,Indeterminate,0,False,False,False,not_mentioned,not_mentioned,not_mentioned,not_mentioned,not_mentioned,not_mentioned,not_mentioned,not_mentioned,not_mentioned,not_mentioned
Aubaud V NDE 898/1118 NDE 1118,nderf,data\nderf\00376_aubaud-v-nde-898-1118-nde-1118.json,Indeterminate,0,False,False,False,not_mentioned,not_mentioned,not_mentioned,no,not_mentioned,not_mentioned,not_mentioned,not_mentioned,not_mentioned,no
Marilyn Y NDE 909,nderf,data\nderf\00379_marilyn-y-nde.json,Indeterminate,0,False,False,False,not_mentioned,not_mentioned,not_mentioned,not_mentioned,not_mentioned,not_mentioned,not_mentioned,not_mentioned,not_mentioned,not_mentioned
John Ma NDE 917,nderf,data\nderf\00380_john-ma-nde.json,Indeterminate,0,False,False,False,family_responsibility,not_mentioned,not_mentioned,not_mentioned,not_mentioned,not_mentioned,not_mentioned,no,not_mentioned,not_mentioned
Guittard NDE 906,nderf,data\nderf\00384_guittard-nde.json,Indeterminate,0,False,False,False,not_mentioned,not_mentioned,not_mentioned,not_mentioned,not_mentioned,not_mentioned,not_mentioned,not_mentioned,not_mentioned,not_mentioned
Tine NDE 940,nderf,data\nderf\00386_tine-nde.json,Indeterminate,0,False,False,False,no_reason_given,not_mentioned,not_mentioned,not_mentioned,not_mentioned,not_mentioned,not_mentioned,not_mentioned,not_mentioned,not_mentioned
Bouillot NDE 939,nderf,data\nderf\00387_bouillot-nde.json,Indeterminate,0,False,False,False,no_reason_given,not_mentioned,not_mentioned,not_mentioned,not_mentioned,not_mentioned,not_mentioned,not_mentioned,not_mentioned,not_mentioned
Marie J NDE 938,nderf,data\nderf\00388_marie-j-nde.json,Indeterminate,0,False,False,False,not_mentioned,not_mentioned,not_mentioned,not_mentioned,not_mentioned,not_mentioned,not_mentioned,not_mentioned,not_mentioned,not_mentioned
Fastan NDE 20391,nderf,data\nderf\00389_fastan-nde-20391.json,Indeterminate,0,False,False,False,no_reason_given,no,not_mentioned,not_mentioned,not_mentioned,not_mentioned,not_mentioned,not_mentioned,not_mentioned,not_mentioned
Paula B NDE 937,nderf,data\nderf\00390_paula-b-nde.json,Indeterminate,0,False,False,False,not_mentioned,not_mentioned,not_mentioned,not_mentioned,not_mentioned,not_mentioned,not_mentioned,not_mentioned,not_mentioned,not_mentioned
John B NDE 921,nderf,data\nderf\00391_john-b-nde.json,Indeterminate,0,False,False,False,no_reason_given,no,no,no,not_mentioned,not_mentioned,not_mentioned,not_mentioned,none,no
Louis B NDE 924,nderf,data\nderf\00392_louis-b-nde.json,Indeterminate,0,False,False,False,not_your_time,no,not_mentioned,not_mentioned,not_mentioned,not_mentioned,not_mentioned,not_mentioned,not_mentioned,not_mentioned
Connie J NDE 920,nderf,data\nderf\00393_connie-j-nde.json,Indeterminate,0,False,False,False,not_your_time,not_mentioned,not_mentioned,not_mentioned,not_mentioned,not_mentioned,not_mentioned,not_mentioned,not_mentioned,not_mentioned
Frieda NDE 929,nderf,data\nderf\00394_frieda-nde.json,Indeterminate,0,False,False,False,no_reason_given,not_mentioned,not_mentioned,not_mentioned,not_mentioned,not_mentioned,not_mentioned,not_mentioned,not_mentioned,not_mentioned
Keith P NDE 936,nderf,data\nderf\00395_keith-p-nde.json,Indeterminate,0,False,False,False,not_mentioned,not_mentioned,not_mentioned,not_mentioned,not_mentioned,not_mentioned,not_mentioned,not_mentioned,not_mentioned,not_mentioned
David J NDE 922,nderf,data\nderf\00396_david-j-nde.json,Indeterminate,0,False,False,False,not_mentioned,not_mentioned,not_mentioned,not_mentioned,not_mentioned,not_mentioned,not_mentioned,not_mentioned,not_mentioned,not_mentioned
Maria N NDE 20384,nderf,data\nderf\00398_maria-n-nde-20384.json,Indeterminate,0,False,False,False,not_your_time,not_mentioned,not_mentioned,not_mentioned,not_mentioned,not_mentioned,not_mentioned,not_mentioned,not_mentioned,not_mentioned
Pam A NDE 934,nderf,data\nderf\00399_pam-a-nde.json,Indeterminate,0,False,False,False,not_your_time,no,not_mentioned,not_mentioned,not_mentioned,not_mentioned,not_mentioned,not_mentioned,not_mentioned,not_mentioned
Scott A NDE 947,nderf,data\nderf\00401_scott-a-nde.json,Indeterminate,0,False,False,False,other,no,not_mentioned,not_mentioned,not_mentioned,not_mentioned,not_mentioned,no,not_mentioned,not_mentioned
Darren G NDE 958,nderf,data\nderf\00402_darren-g-nde.json,Indeterminate,0,False,False,False,not_your_time,yes_explicit,not_mentioned,not_mentioned,not_mentioned,not_mentioned,not_mentioned,not_mentioned,not_mentioned,not_mentioned
James M NDE 30595,nderf,data\nderf\00403_james-m-nde-30595.json,Indeterminate,0,False,False,False,not_mentioned,not_mentioned,not_mentioned,not_mentioned,not_mentioned,not_mentioned,not_mentioned,not_mentioned,not_mentioned,not_mentioned
Lavette H NDE 945,nderf,data\nderf\00404_lavette-h-nde.json,Indeterminate,0,False,False,False,no_reason_given,no,no,no,not_mentioned,not_mentioned,not_mentioned,not_mentioned,not_mentioned,no
Bernie N NDE 951,nderf,data\nderf\00405_bernie-n-nde.json,Indeterminate,0,False,False,False,not_mentioned,not_mentioned,not_mentioned,not_mentioned,not_mentioned,not_mentioned,not_mentioned,no,not_mentioned,not_mentioned
Dan T NDE 20410,nderf,data\nderf\00406_dan-t-nde-20410.json,Indeterminate,0,False,False,False,not_your_time,not_mentioned,not_mentioned,no,not_mentioned,not_mentioned,not_mentioned,not_mentioned,none,no
Duane NDE 70,nderf,data\nderf\00406_duane-nde-70.json,Indeterminate,0,False,False,False,family_responsibility,not_mentioned,no,no,not_mentioned,not_mentioned,not_mentioned,not_mentioned,not_mentioned,no
Edna C NDE 957,nderf,data\nderf\00408_edna-c-nde.json,Indeterminate,0,False,False,False,other,yes_explicit,no,no,not_mentioned,not_mentioned,not_mentioned,not_mentioned,none,no
Randi S NDE 952,nderf,data\nderf\00409_randi-s-nde.json,Indeterminate,0,False,False,False,not_your_time,no,no,no,not_mentioned,not_mentioned,not_mentioned,no,not_mentioned,no
Wade R NDE 20417,nderf,data\nderf\00410_wade-r-nde-20417.json,Indeterminate,0,False,False,False,not_your_time,not_mentioned,not_mentioned,not_mentioned,not_mentioned,not_mentioned,not_mentioned,not_mentioned,not_mentioned,not_mentioned
Joni H NDE 962,nderf,data\nderf\00412_joni-h-nde.json,Indeterminate,0,False,False,False,not_mentioned,no,not_mentioned,not_mentioned,not_mentioned,not_mentioned,not_mentioned,not_mentioned,not_mentioned,not_mentioned
Monica M NDE 960,nderf,data\nderf\00413_monica-m-nde.json,Indeterminate,0,False,False,False,not_mentioned,no,not_mentioned,not_mentioned,not_mentioned,not_mentioned,not_mentioned,not_mentioned,not_mentioned,not_mentioned
Claire NDE 935,nderf,data\nderf\00415_claire-nde.json,Indeterminate,0,False,False,False,not_your_time,no,not_mentioned,not_mentioned,not_mentioned,not_mentioned,not_mentioned,not_mentioned,not_mentioned,not_mentioned
Fatima A NDE 10078,nderf,data\nderf\00416_fatima-a-nde-10078.json,Indeterminate,0,False,False,False,other,implied,no,not_mentioned,not_mentioned,not_mentioned,not_mentioned,implied,not_mentioned,not_mentioned
Nina H NDE 245,nderf,data\nderf\00417_nina-h-nde.json,Indeterminate,0,False,False,False,family_responsibility,not_mentioned,not_mentioned,not_mentioned,not_mentioned,not_mentioned,not_mentioned,not_mentioned,not_mentioned,not_mentioned
Nadir M NDE 964,nderf,data\nderf\00418_nadir-m-nde.json,Indeterminate,0,False,False,False,no_reason_given,not_mentioned,not_mentioned,not_mentioned,not_mentioned,not_mentioned,not_mentioned,no,not_mentioned,not_mentioned
Maggie S NDE 971,nderf,data\nderf\00419_maggie-s-nde.json,Indeterminate,0,False,False,False,no_reason_given,not_mentioned,not_mentioned,not_mentioned,not_mentioned,not_mentioned,not_mentioned,not_mentioned,not_mentioned,not_mentioned
Conan NDE 20422,nderf,data\nderf\00420_conan-nde-20422.json,Indeterminate,0,False,False,False,not_mentioned,not_mentioned,not_mentioned,not_mentioned,not_mentioned,not_mentioned,not_mentioned,not_mentioned,not_mentioned,not_mentioned
Joey Son NDE 978,nderf,data\nderf\00423_joey-son-nde.json,Indeterminate,0,False,False,False,not_mentioned,not_mentioned,not_mentioned,not_mentioned,not_mentioned,not_mentioned,not_mentioned,not_mentioned,not_mentioned,not_mentioned
Catherine M NDE 980,nderf,data\nderf\00425_catherine-m-nde.json,Indeterminate,0,False,False,False,family_responsibility,no,no,not_mentioned,not_mentioned,not_mentioned,not_mentioned,not_mentioned,not_mentioned,not_mentioned
Ely L NDE 987,nderf,data\nderf\00426_ely-l-nde.json,Indeterminate,0,False,False,False,no_reason_given,not_mentioned,not_mentioned,not_mentioned,not_mentioned,not_mentioned,not_mentioned,not_mentioned,not_mentioned,not_mentioned
Kelly NDE 80,nderf,data\nderf\00426_kelly-nde-80.json,Indeterminate,0,False,False,False,family_responsibility,no,no,no,not_mentioned,not_mentioned,not_mentioned,no,not_mentioned,no
Charlene K NDE 983,nderf,data\nderf\00427_charlene-k-nde.json,Indeterminate,0,False,False,False,not_mentioned,not_mentioned,not_mentioned,not_mentioned,not_mentioned,not_mentioned,not_mentioned,not_mentioned,not_mentioned,not_mentioned
CS NDE 984,nderf,data\nderf\00428_cs-nde.json,Indeterminate,0,False,False,False,not_mentioned,not_mentioned,not_mentioned,no,not_mentioned,not_mentioned,not_mentioned,not_mentioned,not_mentioned,no
Jerome NDE 81,nderf,data\nderf\00428_jerome-nde-81.json,Indeterminate,0,False,False,False,other,no,no,not_mentioned,not_mentioned,not_mentioned,not_mentioned,not_mentioned,not_mentioned,not_mentioned
Jerry W NDE 985,nderf,data\nderf\00429_jerry-w-nde.json,Indeterminate,0,False,False,False,family_responsibility,not_mentioned,not_mentioned,not_mentioned,not_mentioned,not_mentioned,not_mentioned,not_mentioned,not_mentioned,not_mentioned
Vivian NDE 975,nderf,data\nderf\00430_vivian-nde.json,Indeterminate,0,False,False,False,no_reason_given,not_mentioned,not_mentioned,not_mentioned,not_mentioned,not_mentioned,not_mentioned,not_mentioned,not_mentioned,not_mentioned
Penny NDE 1001,nderf,data\nderf\00433_penny-nde-1001.json,Indeterminate,0,False,False,False,not_your_time,no,no,no,not_mentioned,not_mentioned,not_mentioned,not_mentioned,not_mentioned,no
Marianna NDE 20456,nderf,data\nderf\00434_marianna-nde-20456.json,Indeterminate,0,False,False,False,not_your_time,not_mentioned,not_mentioned,not_mentioned,not_mentioned,not_mentioned,not_mentioned,not_mentioned,not_mentioned,not_mentioned
Deborah D NDE 999,nderf,data\nderf\00435_deborah-d-nde.json,Indeterminate,0,False,False,False,no_reason_given,not_mentioned,not_mentioned,not_mentioned,not_mentioned,not_mentioned,not_mentioned,not_mentioned,not_mentioned,not_mentioned
Hannah J NDE 1006,nderf,data\nderf\00436_hannah-j-nde-1006.json,Indeterminate,0,False,False,False,family_responsibility,not_mentioned,not_mentioned,not_mentioned,not_mentioned,not_mentioned,not_mentioned,not_mentioned,not_mentioned,not_mentioned
Rebecca I NDE 994,nderf,data\nderf\00437_rebecca-i-nde.json,Indeterminate,0,False,False,False,family_responsibility,no,no,no,not_mentioned,not_mentioned,not_mentioned,not_mentioned,not_mentioned,no
G Ryan NDE 992,nderf,data\nderf\00440_g-ryan-nde.json,Indeterminate,0,False,False,False,not_mentioned,no,no,no,not_mentioned,not_mentioned,not_mentioned,not_mentioned,not_mentioned,no
Joop NDE 973,nderf,data\nderf\00442_joop-nde.json,Indeterminate,0,False,False,False,not_mentioned,not_mentioned,not_mentioned,no,not_mentioned,not_mentioned,not_mentioned,not_mentioned,not_mentioned,no
Ally M NDE 954,nderf,data\nderf\00443_ally-m-nde.json,Indeterminate,0,False,False,False,other,not_mentioned,not_mentioned,not_mentioned,not_mentioned,not_mentioned,not_mentioned,not_mentioned,not_mentioned,not_mentioned
Nona M NDE 959,nderf,data\nderf\00444_nona-m-nde.json,Indeterminate,0,False,False,False,family_responsibility,not_mentioned,not_mentioned,not_mentioned,not_mentioned,not_mentioned,not_mentioned,not_mentioned,not_mentioned,not_mentioned
Harold E NDE 968,nderf,data\nderf\00446_harold-e-nde.json,Indeterminate,0,False,False,False,not_mentioned,not_mentioned,not_mentioned,not_mentioned,not_mentioned,not_mentioned,not_mentioned,not_mentioned,not_mentioned,not_mentioned
Carolle S NDE 1019,nderf,data\nderf\00449_carolle-s-nde-1019.json,Indeterminate,0,False,False,False,not_mentioned,not_mentioned,not_mentioned,not_mentioned,not_mentioned,not_mentioned,not_mentioned,not_mentioned,not_mentioned,not_mentioned
Beth NDE 1023,nderf,data\nderf\00452_beth-nde-1023.json,Indeterminate,0,False,False,False,family_responsibility,not_mentioned,not_mentioned,not_mentioned,not_mentioned,not_mentioned,not_mentioned,not_mentioned,not_mentioned,not_mentioned
Joshua C NDE 1010,nderf,data\nderf\00453_joshua-c-nde-1010.json,Indeterminate,0,False,False,False,no_reason_given,no,not_mentioned,not_mentioned,not_mentioned,not_mentioned,not_mentioned,not_mentioned,not_mentioned,not_mentioned
Terry E NDE 1012,nderf,data\nderf\00454_terry-e-nde-1012.json,Indeterminate,0,False,False,False,family_responsibility,no,not_mentioned,not_mentioned,not_mentioned,not_mentioned,not_mentioned,not_mentioned,not_mentioned,no
Halina J NDE 1002,nderf,data\nderf\00456_halina-j-nde-1002.json,Indeterminate,0,False,False,False,not_mentioned,not_mentioned,not_mentioned,no,not_mentioned,not_mentioned,not_mentioned,not_mentioned,not_mentioned,no
Le Monde NDE 1041,nderf,data\nderf\00460_le-monde-nde-1041.json,Indeterminate,0,False,False,False,no_reason_given,not_mentioned,not_mentioned,not_mentioned,not_mentioned,not_mentioned,not_mentioned,not_mentioned,not_mentioned,not_mentioned
Douglas D NDE 20496,nderf,data\nderf\00461_douglas-d-nde-20496.json,Indeterminate,0,False,False,False,no_reason_given,not_mentioned,not_mentioned,not_mentioned,not_mentioned,not_mentioned,not_mentioned,not_mentioned,not_mentioned,not_mentioned
Karen B NDE 1066,nderf,data\nderf\00462_karen-b-nde-1066.json,Indeterminate,0,False,False,False,not_mentioned,no,no,no,not_mentioned,not_mentioned,not_mentioned,not_mentioned,not_mentioned,no
Luis D NDE 1034,nderf,data\nderf\00463_luis-d-nde-1034.json,Indeterminate,0,False,False,False,family_responsibility,not_mentioned,not_mentioned,no,not_mentioned,not_mentioned,not_mentioned,not_mentioned,not_mentioned,no
Robert M NDE 1038,nderf,data\nderf\00465_robert-m-nde-1038.json,Indeterminate,0,False,False,False,other,not_mentioned,not_mentioned,not_mentioned,not_mentioned,not_mentioned,not_mentioned,not_mentioned,not_mentioned,not_mentioned
Valerie L NDE 1039,nderf,data\nderf\00466_valerie-l-nde-1039.json,Indeterminate,0,False,False,False,family_responsibility,not_mentioned,not_mentioned,not_mentioned,not_mentioned,not_mentioned,not_mentioned,not_mentioned,not_mentioned,not_mentioned
Alicia G NDE 1062,nderf,data\nderf\00467_alicia-g-nde-1062.json,Indeterminate,0,False,False,False,not_mentioned,not_mentioned,not_mentioned,not_mentioned,not_mentioned,not_mentioned,not_mentioned,not_mentioned,not_mentioned,not_mentioned
Shawna J NDE 20495,nderf,data\nderf\00468_shawna-j-nde-20495.json,Indeterminate,0,False,False,False,no_reason_given,not_mentioned,not_mentioned,no,not_mentioned,not_mentioned,not_mentioned,explicit,not_mentioned,no
Cynthia P NDE 1035,nderf,data\nderf\00469_cynthia-p-nde-1035.json,Indeterminate,0,False,False,False,other,not_mentioned,not_mentioned,not_mentioned,not_mentioned,not_mentioned,not_mentioned,not_mentioned,not_mentioned,not_mentioned
Joe G NDE 1058,nderf,data\nderf\00471_joe-g-nde-1058.json,Indeterminate,0,False,False,False,family_responsibility,no,not_mentioned,not_mentioned,not_mentioned,not_mentioned,not_mentioned,no,not_mentioned,not_mentioned
Bardin NDE 1049,nderf,data\nderf\00472_bardin-nde-1049.json,Indeterminate,0,False,False,False,family_responsibility,no,not_mentioned,not_mentioned,not_mentioned,not_mentioned,not_mentioned,not_mentioned,not_mentioned,not_mentioned
Jackie NDE 84,nderf,data\nderf\00472_jackie-nde-84.json,Indeterminate,0,False,False,False,not_mentioned,not_mentioned,not_mentioned,not_mentioned,not_mentioned,not_mentioned,not_mentioned,not_mentioned,not_mentioned,not_mentioned
Arthur NDE 1073,nderf,data\nderf\00473_arthur-nde-1073.json,Indeterminate,0,False,False,False,other,implied,no,not_mentioned,not_mentioned,not_mentioned,not_mentioned,not_mentioned,not_mentioned,not_mentioned
Niles R NDE 1054,nderf,data\nderf\00474_niles-r-nde-1054.json,Indeterminate,0,False,False,False,not_mentioned,not_mentioned,not_mentioned,not_mentioned,not_mentioned,not_mentioned,not_mentioned,not_mentioned,not_mentioned,not_mentioned
Barry C NDE 1037,nderf,data\nderf\00475_barry-c-nde-1037.json,Indeterminate,0,False,False,False,not_mentioned,not_mentioned,not_mentioned,not_mentioned,not_mentioned,not_mentioned,not_mentioned,not_mentioned,not_mentioned,not_mentioned
BaRaMi NDE 10095,nderf,data\nderf\00476_barami-nde-10095.json,Indeterminate,0,False,False,False,not_mentioned,not_mentioned,not_mentioned,not_mentioned,not_mentioned,not_mentioned,not_mentioned,not_mentioned,not_mentioned,not_mentioned
Joy L NDE 2007,nderf,data\nderf\00477_joy-l-nde-2007.json,Indeterminate,0,False,False,False,not_mentioned,not_mentioned,not_mentioned,not_mentioned,not_mentioned,not_mentioned,not_mentioned,not_mentioned,not_mentioned,not_mentioned
TO NDE 83,nderf,data\nderf\00477_to-nde-83.json,Indeterminate,0,False,False,False,family_responsibility,no,no,not_mentioned,not_mentioned,not_mentioned,not_mentioned,explicit,not_mentioned,not_mentioned
Tiya R NDE 2027,nderf,data\nderf\00478_tiya-r-nde-2027.json,Indeterminate,0,False,False,False,family_responsibility,no,not_mentioned,not_mentioned,not_mentioned,not_mentioned,not_mentioned,not_mentioned,not_mentioned,not_mentioned
Ethel H NDE 2051/20532 NDE 20532,nderf,data\nderf\00479_ethel-h-nde-2051-20532-nde-20532.json,Indeterminate,0,False,False,False,not_your_time,yes_explicit,no,no,not_mentioned,not_mentioned,not_mentioned,not_mentioned,not_mentioned,no
Elzada O NDE 1078,nderf,data\nderf\00480_elzada-o-nde-1078.json,Indeterminate,0,False,False,False,not_your_time,implied,not_mentioned,not_mentioned,not_mentioned,not_mentioned,not_mentioned,not_mentioned,not_mentioned,not_mentioned
JoAnn R NDE 2014,nderf,data\nderf\00481_joann-r-nde-2014.json,Indeterminate,0,False,False,False,not_mentioned,not_mentioned,not_mentioned,not_mentioned,not_mentioned,not_mentioned,not_mentioned,not_mentioned,not_mentioned,not_mentioned
Mo C NDE 2021,nderf,data\nderf\00482_mo-c-nde-2021.json,Indeterminate,0,False,False,False,not_mentioned,no,not_mentioned,not_mentioned,not_mentioned,not_mentioned,not_mentioned,no,not_mentioned,not_mentioned
Marta M NDE 2002,nderf,data\nderf\00483_marta-m-nde-2002.json,Indeterminate,0,False,False,False,not_mentioned,no,not_mentioned,not_mentioned,not_mentioned,not_mentioned,not_mentioned,not_mentioned,not_mentioned,not_mentioned
Az NDE 2034,nderf,data\nderf\00485_az-nde-2034.json,Indeterminate,0,False,False,False,not_mentioned,not_mentioned,not_mentioned,no,not_mentioned,not_mentioned,not_mentioned,not_mentioned,none,no
Muriel F NDE 2040,nderf,data\nderf\00486_muriel-f-nde-2040.json,Indeterminate,0,False,False,False,not_your_time,not_mentioned,not_mentioned,not_mentioned,not_mentioned,not_mentioned,not_mentioned,not_mentioned,not_mentioned,not_mentioned
Clark B NDE 2008,nderf,data\nderf\00487_clark-b-nde-2008.json,Indeterminate,0,False,False,False,not_mentioned,yes_explicit,no,not_mentioned,not_mentioned,not_mentioned,not_mentioned,not_mentioned,not_mentioned,not_mentioned
Evelyn NDE 87,nderf,data\nderf\00487_evelyn-nde-87.json,Indeterminate,0,False,False,False,not_your_time,no,not_mentioned,not_mentioned,not_mentioned,not_mentioned,not_mentioned,not_mentioned,not_mentioned,not_mentioned
Geraldine O NDE 338/20531 NDE 20531,nderf,data\nderf\00488_geraldine-o-nde-338-20531-nde-20531.json,Indeterminate,0,False,False,False,not_mentioned,implied,not_mentioned,not_mentioned,not_mentioned,not_mentioned,not_mentioned,not_mentioned,not_mentioned,not_mentioned
George S NDE 1074,nderf,data\nderf\00489_george-s-nde-1074.json,Indeterminate,0,False,False,False,no_reason_given,no,no,no,not_mentioned,not_mentioned,not_mentioned,not_mentioned,not_mentioned,no
David H NDE 1076,nderf,data\nderf\00490_david-h-nde-1076.json,Indeterminate,0,False,False,False,family_responsibility,no,not_mentioned,not_mentioned,not_mentioned,not_mentioned,not_mentioned,not_mentioned,not_mentioned,not_mentioned
Joanie J NDE 2003,nderf,data\nderf\00492_joanie-j-nde-2003.json,Indeterminate,0,False,False,False,not_mentioned,not_mentioned,not_mentioned,not_mentioned,not_mentioned,not_mentioned,not_mentioned,not_mentioned,not_mentioned,not_mentioned
Esther N NDE 2030,nderf,data\nderf\00493_esther-n-nde-2030.json,Indeterminate,0,False,False,False,not_mentioned,not_mentioned,no,no,not_mentioned,not_mentioned,not_mentioned,not_mentioned,none,no
Caan S NDE 2031,nderf,data\nderf\00494_caan-s-nde-2031.json,Indeterminate,0,False,False,False,not_mentioned,not_mentioned,not_mentioned,not_mentioned,not_mentioned,not_mentioned,not_mentioned,not_mentioned,not_mentioned,not_mentioned
Jeffer S NDE 20542,nderf,data\nderf\00495_jeffer-s-nde-20542.json,Indeterminate,0,False,False,False,not_your_time,not_mentioned,not_mentioned,not_mentioned,not_mentioned,not_mentioned,not_mentioned,not_mentioned,not_mentioned,not_mentioned
Les S NDE 2025,nderf,data\nderf\00496_les-s-nde-2025.json,Indeterminate,0,False,False,False,not_mentioned,no,not_mentioned,no,not_mentioned,not_mentioned,not_mentioned,not_mentioned,not_mentioned,no
Renee G NDE 2004,nderf,data\nderf\00497_renee-g-nde-2004.json,Indeterminate,0,False,False,False,not_mentioned,no,no,not_mentioned,not_mentioned,not_mentioned,not_mentioned,implied,not_mentioned,not_mentioned
Benny G NDE 20543,nderf,data\nderf\00498_benny-g-nde-20543.json,Indeterminate,0,False,False,False,not_mentioned,not_mentioned,not_mentioned,not_mentioned,not_mentioned,not_mentioned,not_mentioned,not_mentioned,not_mentioned,not_mentioned
Randall M NDE 2013,nderf,data\nderf\00499_randall-m-nde-2013.json,Indeterminate,0,False,False,False,no_reason_given,not_mentioned,not_mentioned,not_mentioned,not_mentioned,not_mentioned,not_mentioned,not_mentioned,not_mentioned,not_mentioned
Michael D NDE 2028,nderf,data\nderf\00500_michael-d-nde-2028.json,Indeterminate,0,False,False,False,not_mentioned,yes_explicit,no,not_mentioned,not_mentioned,not_mentioned,not_mentioned,not_mentioned,not_mentioned,not_mentioned
Hector G NDE 1077,nderf,data\nderf\00501_hector-g-nde-1077.json,Indeterminate,0,False,False,False,not_your_time,not_mentioned,not_mentioned,not_mentioned,not_mentioned,not_mentioned,not_mentioned,not_mentioned,not_mentioned,not_mentioned
Jon NDE 94,nderf,data\nderf\00502_jon-nde-94.json,Indeterminate,0,False,False,False,not_mentioned,not_mentioned,not_mentioned,no,not_mentioned,not_mentioned,not_mentioned,not_mentioned,not_mentioned,no
John Y NDE 86,nderf,data\nderf\00504_john-y-nde-86.json,Indeterminate,0,False,False,False,not_mentioned,not_mentioned,not_mentioned,not_mentioned,not_mentioned,not_mentioned,not_mentioned,no,not_mentioned,not_mentioned
William S NDE 95,nderf,data\nderf\00505_william-s-nde-95.json,Indeterminate,0,False,False,False,family_responsibility,no,no,no,not_mentioned,not_mentioned,not_mentioned,not_mentioned,not_mentioned,no
Bill V NDE 97,nderf,data\nderf\00506_bill-v-nde-97.json,Indeterminate,0,False,False,False,not_your_time,no,no,no,not_mentioned,not_mentioned,not_mentioned,not_mentioned,not_mentioned,no
England K NDE 2054,nderf,data\nderf\00506_england-k-nde-2054.json,Indeterminate,0,False,False,False,not_mentioned,yes_explicit,not_mentioned,not_mentioned,not_mentioned,not_mentioned,not_mentioned,not_mentioned,not_mentioned,not_mentioned
Kathleen B NDE 96,nderf,data\nderf\00507_kathleen-b-nde-96.json,Indeterminate,0,False,False,False,family_responsibility,not_mentioned,not_mentioned,not_mentioned,not_mentioned,not_mentioned,not_mentioned,not_mentioned,not_mentioned,not_mentioned
Olivia G NDE 2046,nderf,data\nderf\00508_olivia-g-nde-2046.json,Indeterminate,0,False,False,False,family_responsibility,no,not_mentioned,not_mentioned,not_mentioned,not_mentioned,not_mentioned,not_mentioned,not_mentioned,not_mentioned
William M NDE 2065,nderf,data\nderf\00509_william-m-nde-2065.json,Indeterminate,0,False,False,False,not_mentioned,no,not_mentioned,not_mentioned,not_mentioned,not_mentioned,not_mentioned,not_mentioned,not_mentioned,not_mentioned
John N NDE 2061,nderf,data\nderf\00510_john-n-nde-2061.json,Indeterminate,0,False,False,False,not_mentioned,not_mentioned,not_mentioned,not_mentioned,not_mentioned,not_mentioned,not_mentioned,not_mentioned,not_mentioned,not_mentioned
Sameer NDE 1085,nderf,data\nderf\00512_sameer-nde-1085.json,Indeterminate,0,False,False,False,not_mentioned,not_mentioned,not_mentioned,not_mentioned,not_mentioned,not_mentioned,not_mentioned,not_mentioned,not_mentioned,no
Ana R NDE 1084,nderf,data\nderf\00513_ana-r-nde-1084.json,Indeterminate,0,False,False,False,other,not_mentioned,no,no,not_mentioned,not_mentioned,not_mentioned,not_mentioned,not_mentioned,no
Aissaoui NDE 1063,nderf,data\nderf\00514_aissaoui-nde-1063.json,Indeterminate,0,False,False,False,not_mentioned,not_mentioned,not_mentioned,not_mentioned,not_mentioned,not_mentioned,not_mentioned,not_mentioned,not_mentioned,not_mentioned
Fredna D NDE 100,nderf,data\nderf\00514_fredna-d-nde.json,Indeterminate,0,False,False,False,no_reason_given,not_mentioned,not_mentioned,not_mentioned,not_mentioned,not_mentioned,not_mentioned,not_mentioned,not_mentioned,not_mentioned
Dr. Boris NDE 10102,nderf,data\nderf\00515_dr-boris-nde-10102.json,Indeterminate,0,False,False,False,no_reason_given,not_mentioned,not_mentioned,not_mentioned,not_mentioned,not_mentioned,not_mentioned,no,not_mentioned,not_mentioned
Caroline R NDE 2068/804,nderf,data\nderf\00517_caroline-r-nde-2068.json,Indeterminate,0,False,False,False,no_reason_given,no,not_mentioned,not_mentioned,not_mentioned,not_mentioned,not_mentioned,not_mentioned,not_mentioned,not_mentioned
Gunter P NDE 2067,nderf,data\nderf\00518_gunter-p-nde-2067.json,Indeterminate,0,False,False,False,not_mentioned,no,not_mentioned,not_mentioned,not_mentioned,not_mentioned,not_mentioned,not_mentioned,not_mentioned,not_mentioned
Maria G NDE 101,nderf,data\nderf\00518_maria-g-nde.json,Indeterminate,0,False,False,False,family_responsibility,no,not_mentioned,not_mentioned,not_mentioned,not_mentioned,not_mentioned,not_mentioned,not_mentioned,not_mentioned
Lorena S NDE 931,nderf,data\nderf\00519_lorena-s-nde.json,Indeterminate,0,False,False,False,not_your_time,not_mentioned,not_mentioned,not_mentioned,not_mentioned,not_mentioned,not_mentioned,implied,not_mentioned,not_mentioned
Carlos V NDE 1060,nderf,data\nderf\00520_carlos-v-nde-1060.json,Indeterminate,0,False,False,False,other,implied,not_mentioned,not_mentioned,not_mentioned,not_mentioned,not_mentioned,not_mentioned,not_mentioned,not_mentioned
Jonathan B NDE 2075,nderf,data\nderf\00522_jonathan-b-nde-2075.json,Indeterminate,0,False,False,False,family_responsibility,yes_explicit,no,not_mentioned,not_mentioned,not_mentioned,not_mentioned,no,not_mentioned,not_mentioned
JM NDE 104,nderf,data\nderf\00525_jm-nde.json,Indeterminate,0,False,False,False,no_reason_given,no,no,no,not_mentioned,not_mentioned,not_mentioned,implied,not_mentioned,no
Pastor Dirk W NDE 10103,nderf,data\nderf\00525_pastor-dirk-w-nde-10103.json,Indeterminate,0,False,False,False,not_your_time,not_mentioned,not_mentioned,not_mentioned,not_mentioned,not_mentioned,not_mentioned,not_mentioned,not_mentioned,not_mentioned
Quinton T NDE 2079,nderf,data\nderf\00526_quinton-t-nde-2079.json,Indeterminate,0,False,False,False,family_responsibility,yes_explicit,no,no,not_mentioned,not_mentioned,not_mentioned,not_mentioned,not_mentioned,no
Dan Ta NDE 2080,nderf,data\nderf\00527_dan-ta-nde-2080.json,Indeterminate,0,False,False,False,not_mentioned,not_mentioned,not_mentioned,not_mentioned,not_mentioned,not_mentioned,not_mentioned,explicit,not_mentioned,not_mentioned
Kara NDE 106,nderf,data\nderf\00527_kara-nde.json,Indeterminate,0,False,False,False,not_mentioned,not_mentioned,not_mentioned,not_mentioned,not_mentioned,not_mentioned,not_mentioned,not_mentioned,not_mentioned,not_mentioned
Harold T NDE 2081,nderf,data\nderf\00528_harold-t-nde-2081.json,Indeterminate,0,False,False,False,not_mentioned,not_mentioned,not_mentioned,not_mentioned,not_mentioned,not_mentioned,not_mentioned,not_mentioned,not_mentioned,no
Angela S NDE 2084,nderf,data\nderf\00530_angela-s-nde-2084.json,Indeterminate,0,False,False,False,no_reason_given,no,no,no,not_mentioned,not_mentioned,not_mentioned,not_mentioned,none,no
Tom P NDE 107,nderf,data\nderf\00531_tom-p-nde.json,Indeterminate,0,False,False,False,not_mentioned,not_mentioned,not_mentioned,not_mentioned,not_mentioned,not_mentioned,not_mentioned,not_mentioned,not_mentioned,not_mentioned
Ribes NDE 919,nderf,data\nderf\00532_ribes-nde.json,Indeterminate,0,False,False,False,not_your_time,not_mentioned,not_mentioned,not_mentioned,not_mentioned,not_mentioned,not_mentioned,not_mentioned,not_mentioned,not_mentioned
Marion NDE 1087,nderf,data\nderf\00533_marion-nde-1087.json,Indeterminate,0,False,False,False,not_mentioned,yes_explicit,not_mentioned,not_mentioned,not_mentioned,not_mentioned,not_mentioned,not_mentioned,not_mentioned,not_mentioned
Bruce H NDE 112,nderf,data\nderf\00537_bruce-h-nde.json,Indeterminate,0,False,False,False,not_mentioned,not_mentioned,not_mentioned,not_mentioned,not_mentioned,not_mentioned,not_mentioned,not_mentioned,not_mentioned,not_mentioned
Gloria G NDE 1099,nderf,data\nderf\00538_gloria-g-nde-1099.json,Indeterminate,0,False,False,False,no_reason_given,no,not_mentioned,not_mentioned,not_mentioned,not_mentioned,not_mentioned,not_mentioned,not_mentioned,not_mentioned
SK W NDE 114,nderf,data\nderf\00538_sk-w-nde.json,Indeterminate,0,False,False,False,family_responsibility,yes_explicit,no,not_mentioned,not_mentioned,not_mentioned,not_mentioned,not_mentioned,not_mentioned,not_mentioned
Beth V NDE 2094,nderf,data\nderf\00539_beth-v-nde-2094.json,Indeterminate,0,False,False,False,not_mentioned,not_mentioned,not_mentioned,not_mentioned,not_mentioned,not_mentioned,not_mentioned,not_mentioned,not_mentioned,not_mentioned
Ina N NDE 2091,nderf,data\nderf\00539_ina-n-nde-2091.json,Indeterminate,0,False,False,False,not_mentioned,implied,not_mentioned,not_mentioned,not_mentioned,not_mentioned,not_mentioned,not_mentioned,not_mentioned,not_mentioned
Leanne V NDE 113,nderf,data\nderf\00539_leanne-v-nde.json,Indeterminate,0,False,False,False,other,implied,not_mentioned,not_mentioned,not_mentioned,not_mentioned,not_mentioned,not_mentioned,not_mentioned,not_mentioned
Sam B NDE 20624,nderf,data\nderf\00540_sam-b-nde-20624.json,Indeterminate,0,False,False,False,not_mentioned,not_mentioned,not_mentioned,not_mentioned,not_mentioned,not_mentioned,not_mentioned,not_mentioned,not_mentioned,not_mentioned
Clark NDE 2110,nderf,data\nderf\00541_clark-nde-2110.json,Indeterminate,0,False,False,False,not_mentioned,yes_explicit,not_mentioned,not_mentioned,not_mentioned,not_mentioned,not_mentioned,not_mentioned,not_mentioned,not_mentioned
Cindy D NDE 20633,nderf,data\nderf\00543_cindy-d-nde-20633.json,Indeterminate,0,False,False,False,no_reason_given,not_mentioned,not_mentioned,not_mentioned,not_mentioned,not_mentioned,not_mentioned,not_mentioned,not_mentioned,not_mentioned
Joe D NDE 20641,nderf,data\nderf\00544_joe-d-nde-20641.json,Indeterminate,0,False,False,False,not_mentioned,implied,no,not_mentioned,not_mentioned,not_mentioned,not_mentioned,not_mentioned,not_mentioned,not_mentioned
Derric B NDE 2103,nderf,data\nderf\00546_derric-b-nde-2103.json,Indeterminate,0,False,False,False,not_your_time,no,no,no,not_mentioned,not_mentioned,not_mentioned,not_mentioned,none,no
Andy S NDE 2104,nderf,data\nderf\00548_andy-s-nde-2104.json,Indeterminate,0,False,False,False,not_mentioned,yes_explicit,no,not_mentioned,not_mentioned,not_mentioned,not_mentioned,not_mentioned,not_mentioned,not_mentioned
Ed H NDE 121,nderf,data\nderf\00549_ed-h-nde.json,Indeterminate,0,False,False,False,not_your_time,implied,not_mentioned,not_mentioned,not_mentioned,not_mentioned,not_mentioned,not_mentioned,not_mentioned,not_mentioned
Lisa S NDE 1071,nderf,data\nderf\00550_lisa-s-nde-1071.json,Indeterminate,0,False,False,False,no_reason_given,no,no,not_mentioned,not_mentioned,not_mentioned,not_mentioned,no,not_mentioned,not_mentioned
Muhammad F NDE 1109,nderf,data\nderf\00552_muhammad-f-nde-1109.json,Indeterminate,0,False,False,False,not_mentioned,not_mentioned,not_mentioned,not_mentioned,not_mentioned,not_mentioned,not_mentioned,not_mentioned,not_mentioned,not_mentioned
Nancy P NDE 123,nderf,data\nderf\00553_nancy-p-nde.json,Indeterminate,0,False,False,False,family_responsibility,yes_explicit,no,no,not_mentioned,not_mentioned,not_mentioned,not_mentioned,not_mentioned,no
Tamara V NDE 1083,nderf,data\nderf\00553_tamara-v-nde-1083.json,Indeterminate,0,False,False,False,family_responsibility,no,no,no,not_mentioned,not_mentioned,not_mentioned,not_mentioned,not_mentioned,no
Mary P NDE 1086,nderf,data\nderf\00554_mary-p-nde-1086.json,Indeterminate,0,False,False,False,not_mentioned,no,no,no,not_mentioned,not_mentioned,not_mentioned,not_mentioned,not_mentioned,no
Jorge V NDE 1113,nderf,data\nderf\00555_jorge-v-nde-1113.json,Indeterminate,0,False,False,False,no_reason_given,no,no,no,not_mentioned,not_mentioned,not_mentioned,not_mentioned,none,no
Tawnie M NDE 125,nderf,data\nderf\00555_tawnie-m-nde.json,Indeterminate,0,False,False,False,not_your_time,no,no,no,not_mentioned,not_mentioned,not_mentioned,not_mentioned,not_mentioned,no
James P NDE 20664,nderf,data\nderf\00556_james-p-nde-20664.json,Indeterminate,0,False,False,False,not_mentioned,not_mentioned,not_mentioned,not_mentioned,not_mentioned,not_mentioned,not_mentioned,not_mentioned,not_mentioned,not_mentioned
Lindsay J NDE 126,nderf,data\nderf\00557_lindsay-j-nde.json,Indeterminate,0,False,False,False,not_mentioned,not_mentioned,not_mentioned,not_mentioned,not_mentioned,not_mentioned,not_mentioned,not_mentioned,not_mentioned,not_mentioned
Salena NDE 20676,nderf,data\nderf\00557_salena-nde-20676.json,Indeterminate,0,False,False,False,not_mentioned,yes_explicit,not_mentioned,not_mentioned,not_mentioned,not_mentioned,not_mentioned,not_mentioned,not_mentioned,not_mentioned
Maria C NDE 20740,nderf,data\nderf\00558_maria-c-nde-20740.json,Indeterminate,0,False,False,False,no_reason_given,not_mentioned,not_mentioned,not_mentioned,not_mentioned,not_mentioned,not_mentioned,not_mentioned,not_mentioned,not_mentioned
Joseph M NDE 2128,nderf,data\nderf\00559_joseph-m-nde-2128.json,Indeterminate,0,False,False,False,not_mentioned,not_mentioned,not_mentioned,not_mentioned,not_mentioned,not_mentioned,not_mentioned,not_mentioned,not_mentioned,not_mentioned
Vern D NDE 127,nderf,data\nderf\00559_vern-d-nde.json,Indeterminate,0,False,False,False,not_mentioned,not_mentioned,not_mentioned,not_mentioned,not_mentioned,not_mentioned,not_mentioned,not_mentioned,not_mentioned,not_mentioned
Jean S NDE 128,nderf,data\nderf\00561_jean-s-nde.json,Indeterminate,0,False,False,False,not_mentioned,not_mentioned,not_mentioned,not_mentioned,not_mentioned,not_mentioned,not_mentioned,not_mentioned,not_mentioned,not_mentioned
Zachary J NDE 2124,nderf,data\nderf\00561_zachary-j-nde-2124.json,Indeterminate,0,False,False,False,not_mentioned,not_mentioned,not_mentioned,not_mentioned,not_mentioned,not_mentioned,not_mentioned,not_mentioned,not_mentioned,not_mentioned
Shirley J NDE 2123,nderf,data\nderf\00562_shirley-j-nde-2123.json,Indeterminate,0,False,False,False,not_mentioned,not_mentioned,not_mentioned,not_mentioned,not_mentioned,not_mentioned,not_mentioned,not_mentioned,not_mentioned,not_mentioned
John FO NDE 2095,nderf,data\nderf\00563_john-fo-nde-2095.json,Indeterminate,0,False,False,False,other,no,no,no,not_mentioned,not_mentioned,not_mentioned,not_mentioned,none,no
Mary Ann F NDE 134,nderf,data\nderf\00563_mary-ann-f-nde.json,Indeterminate,0,False,False,False,family_responsibility,not_mentioned,not_mentioned,not_mentioned,not_mentioned,not_mentioned,not_mentioned,not_mentioned,not_mentioned,not_mentioned
Kris K NDE 129,nderf,data\nderf\00564_kris-k-nde.json,Indeterminate,0,False,False,False,family_responsibility,no,no,no,not_mentioned,not_mentioned,not_mentioned,not_mentioned,none,no
Joyce H NDE 2114,nderf,data\nderf\00566_joyce-h-nde-2114.json,Indeterminate,0,False,False,False,no_reason_given,not_mentioned,not_mentioned,not_mentioned,not_mentioned,not_mentioned,not_mentioned,explicit,not_mentioned,not_mentioned
Arthur B NDE 130,nderf,data\nderf\00567_arthur-b-nde.json,Indeterminate,0,False,False,False,other,yes_explicit,no,no,not_mentioned,not_mentioned,not_mentioned,not_mentioned,not_mentioned,no
Lori C NDE 2129,nderf,data\nderf\00567_lori-c-nde-2129.json,Indeterminate,0,False,False,False,no_reason_given,no,not_mentioned,not_mentioned,not_mentioned,not_mentioned,not_mentioned,no,not_mentioned,not_mentioned
Erin K NDE 131,nderf,data\nderf\00568_erin-k-nde.json,Indeterminate,0,False,False,False,not_mentioned,not_mentioned,not_mentioned,not_mentioned,not_mentioned,not_mentioned,not_mentioned,not_mentioned,not_mentioned,not_mentioned
Richard G NDE 2132,nderf,data\nderf\00569_richard-g-nde-2132.json,Indeterminate,0,False,False,False,family_responsibility,no,no,no,not_mentioned,not_mentioned,not_mentioned,no,none,no
Andrew C NDE 135,nderf,data\nderf\00570_andrew-c-nde.json,Indeterminate,0,False,False,False,no_reason_given,no,no,not_mentioned,not_mentioned,not_mentioned,not_mentioned,not_mentioned,not_mentioned,not_mentioned
Gina CH NDE 2134,nderf,data\nderf\00570_gina-ch-nde-2134.json,Indeterminate,0,False,False,False,not_your_time,no,no,no,not_mentioned,not_mentioned,not_mentioned,no,not_mentioned,no
Catherine Mc NDE 2135,nderf,data\nderf\00571_catherine-mc-nde-2135.json,Indeterminate,0,False,False,False,family_responsibility,not_mentioned,not_mentioned,not_mentioned,not_mentioned,not_mentioned,not_mentioned,not_mentioned,not_mentioned,not_mentioned
Leah NDE 133,nderf,data\nderf\00571_leah-nde.json,Indeterminate,0,False,False,False,family_responsibility,no,no,not_mentioned,not_mentioned,not_mentioned,not_mentioned,not_mentioned,not_mentioned,not_mentioned
Arielera NDE 146,nderf,data\nderf\00572_arielera-nde.json,Indeterminate,0,False,False,False,not_mentioned,not_mentioned,not_mentioned,not_mentioned,not_mentioned,not_mentioned,not_mentioned,not_mentioned,not_mentioned,not_mentioned
Arthur S NDE 137,nderf,data\nderf\00573_arthur-s-nde.json,Indeterminate,0,False,False,False,not_mentioned,not_mentioned,not_mentioned,not_mentioned,not_mentioned,not_mentioned,not_mentioned,not_mentioned,not_mentioned,not_mentioned
Debi M NDE 2138,nderf,data\nderf\00573_debi-m-nde-2138.json,Indeterminate,0,False,False,False,not_mentioned,no,no,no,not_mentioned,not_mentioned,not_mentioned,not_mentioned,not_mentioned,no
Craig T NDE 2139,nderf,data\nderf\00574_craig-t-nde-2139.json,Indeterminate,0,False,False,False,not_mentioned,not_mentioned,not_mentioned,not_mentioned,not_mentioned,not_mentioned,not_mentioned,not_mentioned,not_mentioned,not_mentioned
Don A NDE 142,nderf,data\nderf\00574_don-a-nde.json,Indeterminate,0,False,False,False,no_reason_given,not_mentioned,not_mentioned,no,not_mentioned,not_mentioned,not_mentioned,not_mentioned,not_mentioned,no
Tara NDE 140,nderf,data\nderf\00575_tara-nde.json,Indeterminate,0,False,False,False,not_mentioned,no,no,no,not_mentioned,not_mentioned,not_mentioned,no,not_mentioned,no
Theresa G NDE 2141,nderf,data\nderf\00575_theresa-g-nde-2141.json,Indeterminate,0,False,False,False,other,no,not_mentioned,not_mentioned,not_mentioned,not_mentioned,not_mentioned,not_mentioned,not_mentioned,not_mentioned
Julie D NDE 2142,nderf,data\nderf\00576_julie-d-nde-2142.json,Indeterminate,0,False,False,False,no_reason_given,implied,no,not_mentioned,not_mentioned,not_mentioned,not_mentioned,not_mentioned,not_mentioned,not_mentioned
Paul H NDE 141,nderf,data\nderf\00576_paul-h-nde.json,Indeterminate,0,False,False,False,not_mentioned,not_mentioned,not_mentioned,not_mentioned,not_mentioned,not_mentioned,not_mentioned,not_mentioned,not_mentioned,not_mentioned
Billy D NDE 136,nderf,data\nderf\00579_billy-d-nde.json,Indeterminate,0,False,False,False,not_mentioned,not_mentioned,not_mentioned,not_mentioned,not_mentioned,not_mentioned,not_mentioned,not_mentioned,not_mentioned,not_mentioned
George M NDE 139,nderf,data\nderf\00580_george-m-nde.json,Indeterminate,0,False,False,False,not_mentioned,not_mentioned,not_mentioned,not_mentioned,not_mentioned,not_mentioned,not_mentioned,not_mentioned,not_mentioned,not_mentioned
Raylene S NDE 2147,nderf,data\nderf\00580_raylene-s-nde-2147.json,Indeterminate,0,False,False,False,family_responsibility,no,no,no,not_mentioned,not_mentioned,not_mentioned,not_mentioned,not_mentioned,no
Bonnie V NDE 143,nderf,data\nderf\00581_bonnie-v-nde.json,Indeterminate,0,False,False,False,not_mentioned,not_mentioned,not_mentioned,not_mentioned,not_mentioned,not_mentioned,not_mentioned,not_mentioned,not_mentioned,not_mentioned
Catalin A NDE 2146,nderf,data\nderf\00581_catalin-a-nde-2146.json,Indeterminate,0,False,False,False,not_mentioned,no,not_mentioned,no,not_mentioned,not_mentioned,not_mentioned,not_mentioned,not_mentioned,no
Chris L NDE 20726,nderf,data\nderf\00582_chris-l-nde-20726.json,Indeterminate,0,False,False,False,not_mentioned,not_mentioned,not_mentioned,not_mentioned,not_mentioned,not_mentioned,not_mentioned,not_mentioned,not_mentioned,not_mentioned
Vickie M NDE 144,nderf,data\nderf\00582_vickie-m-nde.json,Indeterminate,0,False,False,False,no_reason_given,not_mentioned,not_mentioned,not_mentioned,not_mentioned,not_mentioned,not_mentioned,not_mentioned,not_mentioned,not_mentioned
Anthony M NDE 2151,nderf,data\nderf\00583_anthony-m-nde-2151.json,Indeterminate,0,False,False,False,family_responsibility,implied,no,no,not_mentioned,not_mentioned,not_mentioned,not_mentioned,not_mentioned,no
Bonnie S NDE 147,nderf,data\nderf\00584_bonnie-s-nde.json,Indeterminate,0,False,False,False,not_your_time,not_mentioned,not_mentioned,no,not_mentioned,not_mentioned,not_mentioned,not_mentioned,not_mentioned,no
Aussie Q NDE 2157,nderf,data\nderf\00585_aussie-q-nde-2157.json,Indeterminate,0,False,False,False,not_mentioned,no,not_mentioned,no,not_mentioned,not_mentioned,not_mentioned,not_mentioned,not_mentioned,no
Rick S NDE 2160,nderf,data\nderf\00587_rick-s-nde-2160.json,Indeterminate,0,False,False,False,not_mentioned,not_mentioned,not_mentioned,not_mentioned,not_mentioned,not_mentioned,not_mentioned,not_mentioned,not_mentioned,not_mentioned
Murry M NDE 2161,nderf,data\nderf\00588_murry-m-nde-2161.json,Indeterminate,0,False,False,False,no_reason_given,yes_explicit,no,not_mentioned,not_mentioned,not_mentioned,not_mentioned,not_mentioned,not_mentioned,no
Adrian L NDE 2164,nderf,data\nderf\00589_adrian-l-nde-2164.json,Indeterminate,0,False,False,False,family_responsibility,not_mentioned,no,no,not_mentioned,not_mentioned,not_mentioned,not_mentioned,none,no
Haya K NDE 12013,nderf,data\nderf\00590_haya-k-nde-12013.json,Indeterminate,0,False,False,False,not_mentioned,not_mentioned,not_mentioned,not_mentioned,not_mentioned,not_mentioned,not_mentioned,not_mentioned,not_mentioned,not_mentioned
Marita G NDE 1115,nderf,data\nderf\00591_marita-g-nde-1115.json,Indeterminate,0,False,False,False,not_mentioned,not_mentioned,not_mentioned,not_mentioned,not_mentioned,not_mentioned,not_mentioned,not_mentioned,not_mentioned,not_mentioned
Noname NDE 1100,nderf,data\nderf\00593_noname-nde-1100.json,Indeterminate,0,False,False,False,no_reason_given,not_mentioned,not_mentioned,not_mentioned,not_mentioned,not_mentioned,not_mentioned,not_mentioned,not_mentioned,not_mentioned
Marie-Claire NDE 1094,nderf,data\nderf\00594_marie-claire-nde-1094.json,Indeterminate,0,False,False,False,no_reason_given,not_mentioned,not_mentioned,not_mentioned,not_mentioned,not_mentioned,not_mentioned,not_mentioned,not_mentioned,not_mentioned
Park Sang Hee NDE 1098,nderf,data\nderf\00595_park-sang-hee-nde-1098.json,Indeterminate,0,False,False,False,other,not_mentioned,not_mentioned,not_mentioned,not_mentioned,not_mentioned,not_mentioned,implied,not_mentioned,not_mentioned
Judi C NDE 2170,nderf,data\nderf\00596_judi-c-nde-2170.json,Indeterminate,0,False,False,False,family_responsibility,yes_explicit,not_mentioned,not_mentioned,not_mentioned,not_mentioned,not_mentioned,not_mentioned,not_mentioned,not_mentioned
Nick P NDE 156,nderf,data\nderf\00596_nick-p-nde.json,Indeterminate,0,False,False,False,not_your_time,implied,not_mentioned,not_mentioned,not_mentioned,not_mentioned,not_mentioned,implied,not_mentioned,not_mentioned
Karen H NDE 157,nderf,data\nderf\00597_karen-h-nde.json,Indeterminate,0,False,False,False,not_mentioned,not_mentioned,not_mentioned,not_mentioned,not_mentioned,not_mentioned,not_mentioned,not_mentioned,not_mentioned,not_mentioned
Sharon S NDE 2171,nderf,data\nderf\00597_sharon-s-nde-2171.json,Indeterminate,0,False,False,False,family_responsibility,not_mentioned,not_mentioned,not_mentioned,not_mentioned,not_mentioned,not_mentioned,not_mentioned,not_mentioned,no
Brian W Possible NDE 2172,nderf,data\nderf\00598_brian-w-possible-nde-2172.json,Indeterminate,0,False,False,False,not_mentioned,no,not_mentioned,not_mentioned,not_mentioned,not_mentioned,not_mentioned,not_mentioned,not_mentioned,not_mentioned
Ed H Possible NDE 2173,nderf,data\nderf\00599_ed-h-possible-nde-2173.json,Indeterminate,0,False,False,False,not_your_time,yes_explicit,no,no,not_mentioned,not_mentioned,not_mentioned,not_mentioned,not_mentioned,no
Peter R NDE 159,nderf,data\nderf\00599_peter-r-nde.json,Indeterminate,0,False,False,False,other,no,no,not_mentioned,not_mentioned,not_mentioned,not_mentioned,no,not_mentioned,not_mentioned
Gina NDE 2143,nderf,data\nderf\00602_gina-nde-2143.json,Indeterminate,0,False,False,False,family_responsibility,yes_explicit,no,no,not_mentioned,not_mentioned,not_mentioned,not_mentioned,not_mentioned,no
Kathy NDE 163,nderf,data\nderf\00602_kathy-nde.json,Indeterminate,0,False,False,False,no_reason_given,not_mentioned,not_mentioned,not_mentioned,not_mentioned,not_mentioned,not_mentioned,not_mentioned,not_mentioned,not_mentioned
Wendy D NDE 20780,nderf,data\nderf\00604_wendy-d-nde-20780.json,Indeterminate,0,False,False,False,not_mentioned,not_mentioned,not_mentioned,not_mentioned,not_mentioned,not_mentioned,not_mentioned,not_mentioned,not_mentioned,not_mentioned
Kandy V NDE 164,nderf,data\nderf\00606_kandy-v-nde.json,Indeterminate,0,False,False,False,family_responsibility,no,not_mentioned,not_mentioned,not_mentioned,not_mentioned,not_mentioned,not_mentioned,not_mentioned,not_mentioned
Lorraine W NDE 2192,nderf,data\nderf\00607_lorraine-w-nde-2192.json,Indeterminate,0,False,False,False,not_mentioned,not_mentioned,not_mentioned,not_mentioned,not_mentioned,not_mentioned,not_mentioned,not_mentioned,not_mentioned,not_mentioned
Anna NDE 2193,nderf,data\nderf\00608_anna-nde-2193.json,Indeterminate,0,False,False,False,not_mentioned,no,not_mentioned,not_mentioned,not_mentioned,not_mentioned,not_mentioned,not_mentioned,not_mentioned,not_mentioned
Vincent T NDE 167,nderf,data\nderf\00608_vincent-t-nde.json,Indeterminate,0,False,False,False,not_your_time,not_mentioned,not_mentioned,not_mentioned,not_mentioned,not_mentioned,not_mentioned,not_mentioned,not_mentioned,not_mentioned
Christine A Probable NDE 20770,nderf,data\nderf\00609_christine-a-probable-nde-20770.json,Indeterminate,0,False,False,False,not_mentioned,not_mentioned,not_mentioned,no,not_mentioned,not_mentioned,not_mentioned,not_mentioned,not_mentioned,no
Tammy L NDE 170,nderf,data\nderf\00610_tammy-l-nde.json,Indeterminate,0,False,False,False,not_mentioned,not_mentioned,not_mentioned,no,not_mentioned,not_mentioned,not_mentioned,not_mentioned,not_mentioned,no
Marie NDE 169,nderf,data\nderf\00611_marie-nde.json,Indeterminate,0,False,False,False,not_mentioned,not_mentioned,not_mentioned,not_mentioned,not_mentioned,not_mentioned,not_mentioned,not_mentioned,not_mentioned,not_mentioned
Suzanne F NDE 171,nderf,data\nderf\00613_suzanne-f-nde.json,Indeterminate,0,False,False,False,not_mentioned,not_mentioned,not_mentioned,not_mentioned,not_mentioned,not_mentioned,not_mentioned,not_mentioned,not_mentioned,not_mentioned
Matthjis vH NDE 2199,nderf,data\nderf\00614_matthjis-vh-nde-2199.json,Indeterminate,0,False,False,False,not_mentioned,no,not_mentioned,not_mentioned,not_mentioned,not_mentioned,not_mentioned,not_mentioned,not_mentioned,not_mentioned
John L NDE 172,nderf,data\nderf\00615_john-l-nde.json,Indeterminate,0,False,False,False,not_mentioned,implied,no,no,not_mentioned,not_mentioned,not_mentioned,no,not_mentioned,no
Corinne K NDE 2211,nderf,data\nderf\00616_corinne-k-nde-2211.json,Indeterminate,0,False,False,False,not_mentioned,no,not_mentioned,not_mentioned,not_mentioned,not_mentioned,not_mentioned,not_mentioned,not_mentioned,not_mentioned
Madeleine S NDE 174,nderf,data\nderf\00616_madeleine-s-nde.json,Indeterminate,0,False,False,False,no_reason_given,implied,no,no,not_mentioned,not_mentioned,not_mentioned,not_mentioned,not_mentioned,no
Ginny S NDE 173,nderf,data\nderf\00620_ginny-s-nde.json,Indeterminate,0,False,False,False,not_mentioned,not_mentioned,not_mentioned,not_mentioned,not_mentioned,not_mentioned,not_mentioned,not_mentioned,not_mentioned,not_mentioned
Georgeanne M NDE 20817,nderf,data\nderf\00621_georgeanne-m-nde-20817.json,Indeterminate,0,False,False,False,not_your_time,not_mentioned,not_mentioned,not_mentioned,not_mentioned,not_mentioned,not_mentioned,not_mentioned,not_mentioned,not_mentioned
Katie NDE 2226,nderf,data\nderf\00622_katie-nde-2226.json,Indeterminate,0,False,False,False,not_mentioned,not_mentioned,not_mentioned,no,not_mentioned,not_mentioned,not_mentioned,not_mentioned,not_mentioned,no
Charles M NDE 2233,nderf,data\nderf\00624_charles-m-nde-2233.json,Indeterminate,0,False,False,False,not_mentioned,no,no,no,not_mentioned,not_mentioned,not_mentioned,no,not_mentioned,no
Kaylyn K NDE 2235,nderf,data\nderf\00625_kaylyn-k-nde-2235.json,Indeterminate,0,False,False,False,not_mentioned,no,not_mentioned,not_mentioned,not_mentioned,not_mentioned,not_mentioned,not_mentioned,not_mentioned,not_mentioned
Bob B NDE 176,nderf,data\nderf\00628_bob-b-nde.json,Indeterminate,0,False,False,False,not_mentioned,not_mentioned,not_mentioned,not_mentioned,not_mentioned,not_mentioned,not_mentioned,not_mentioned,not_mentioned,not_mentioned
Romona B NDE 2237,nderf,data\nderf\00628_romona-b-nde-2237.json,Indeterminate,0,False,False,False,not_mentioned,implied,no,no,not_mentioned,not_mentioned,not_mentioned,not_mentioned,not_mentioned,no
Curt A NDE 20850,nderf,data\nderf\00629_curt-a-nde-20850.json,Indeterminate,0,False,False,False,family_responsibility,yes_explicit,no,not_mentioned,not_mentioned,not_mentioned,not_mentioned,not_mentioned,not_mentioned,not_mentioned
Bess NDE 181,nderf,data\nderf\00630_bess-nde.json,Indeterminate,0,False,False,False,not_mentioned,not_mentioned,not_mentioned,not_mentioned,not_mentioned,not_mentioned,not_mentioned,not_mentioned,not_mentioned,not_mentioned
Jule L NDEs 2241/6483/287 NDE 287,nderf,data\nderf\00631_jule-l-ndes-2241-6483-287-nde.json,Indeterminate,0,False,False,False,not_mentioned,not_mentioned,no,no,not_mentioned,not_mentioned,not_mentioned,not_mentioned,not_mentioned,not_mentioned
Larry J NDE 183,nderf,data\nderf\00632_larry-j-nde.json,Indeterminate,0,False,False,False,not_mentioned,not_mentioned,not_mentioned,not_mentioned,not_mentioned,not_mentioned,not_mentioned,not_mentioned,not_mentioned,not_mentioned
Etienne V NDE 2243,nderf,data\nderf\00633_etienne-v-nde-2243.json,Indeterminate,0,False,False,False,other,no,not_mentioned,not_mentioned,not_mentioned,not_mentioned,not_mentioned,not_mentioned,not_mentioned,not_mentioned
Donna W NDE 185,nderf,data\nderf\00635_donna-w-nde.json,Indeterminate,0,False,False,False,no_reason_given,no,no,no,not_mentioned,not_mentioned,not_mentioned,not_mentioned,not_mentioned,no
Monik J NDE 1114,nderf,data\nderf\00635_monik-j-nde-1114.json,Indeterminate,0,False,False,False,not_mentioned,not_mentioned,not_mentioned,not_mentioned,not_mentioned,not_mentioned,not_mentioned,not_mentioned,not_mentioned,not_mentioned
Annie M NDE 20875,nderf,data\nderf\00638_annie-m-nde-20875.json,Indeterminate,0,False,False,False,no_reason_given,not_mentioned,not_mentioned,not_mentioned,not_mentioned,not_mentioned,not_mentioned,implied,not_mentioned,not_mentioned
Lee NDE 187,nderf,data\nderf\00639_lee-nde.json,Indeterminate,0,False,False,False,not_your_time,not_mentioned,not_mentioned,no,not_mentioned,not_mentioned,not_mentioned,not_mentioned,not_mentioned,no
Mickey J NDE 20854,nderf,data\nderf\00639_mickey-j-nde-20854.json,Indeterminate,0,False,False,False,not_mentioned,not_mentioned,not_mentioned,not_mentioned,not_mentioned,not_mentioned,not_mentioned,not_mentioned,not_mentioned,not_mentioned
Eve H NDE 20866,nderf,data\nderf\00640_eve-h-nde-20866.json,Indeterminate,0,False,False,False,not_mentioned,not_mentioned,not_mentioned,not_mentioned,not_mentioned,not_mentioned,not_mentioned,not_mentioned,not_mentioned,not_mentioned
David S NDE 2246,nderf,data\nderf\00642_david-s-nde-2246.json,Indeterminate,0,False,False,False,not_mentioned,no,not_mentioned,no,not_mentioned,not_mentioned,not_mentioned,not_mentioned,none,no
Kathaleen E NDE 188,nderf,data\nderf\00643_kathaleen-e-nde.json,Indeterminate,0,False,False,False,family_responsibility,not_mentioned,not_mentioned,not_mentioned,not_mentioned,not_mentioned,not_mentioned,not_mentioned,not_mentioned,not_mentioned
Tina G NDE 2248,nderf,data\nderf\00643_tina-g-nde-2248.json,Indeterminate,0,False,False,False,not_mentioned,not_mentioned,not_mentioned,not_mentioned,not_mentioned,not_mentioned,not_mentioned,not_mentioned,not_mentioned,not_mentioned
Patrick R NDE 2255,nderf,data\nderf\00644_patrick-r-nde-2255.json,Indeterminate,0,False,False,False,not_mentioned,implied,no,not_mentioned,not_mentioned,not_mentioned,not_mentioned,not_mentioned,not_mentioned,not_mentioned
Wayne R NDE 2256,nderf,data\nderf\00645_wayne-r-nde-2256.json,Indeterminate,0,False,False,False,not_your_time,no,no,not_mentioned,not_mentioned,not_mentioned,not_mentioned,not_mentioned,not_mentioned,not_mentioned
Cheryl NDE 2259,nderf,data\nderf\00646_cheryl-nde-2259.json,Indeterminate,0,False,False,False,not_mentioned,no,no,no,not_mentioned,not_mentioned,not_mentioned,not_mentioned,not_mentioned,no
Paul S NDE 2265,nderf,data\nderf\00647_paul-s-nde-2265.json,Indeterminate,0,False,False,False,not_your_time,yes_explicit,no,not_mentioned,not_mentioned,not_mentioned,not_mentioned,not_mentioned,not_mentioned,not_mentioned
Jake NDE 2267,nderf,data\nderf\00648_jake-nde-2267.json,Indeterminate,0,False,False,False,not_your_time,no,not_mentioned,not_mentioned,not_mentioned,not_mentioned,not_mentioned,not_mentioned,not_mentioned,not_mentioned
Janet S NDE 194,nderf,data\nderf\00648_janet-s-nde.json,Indeterminate,0,False,False,False,no_reason_given,not_mentioned,not_mentioned,not_mentioned,not_mentioned,not_mentioned,not_mentioned,not_mentioned,not_mentioned,not_mentioned
Morgan L NDE 2272,nderf,data\nderf\00649_morgan-l-nde-2272.json,Indeterminate,0,False,False,False,not_mentioned,not_mentioned,not_mentioned,not_mentioned,not_mentioned,not_mentioned,not_mentioned,not_mentioned,not_mentioned,not_mentioned
David F NDE 2273,nderf,data\nderf\00650_david-f-nde-2273.json,Indeterminate,0,False,False,False,not_your_time,no,not_mentioned,not_mentioned,not_mentioned,not_mentioned,not_mentioned,not_mentioned,not_mentioned,not_mentioned
Hattie A NDE 2276,nderf,data\nderf\00651_hattie-a-nde-2276.json,Indeterminate,0,False,False,False,not_mentioned,not_mentioned,not_mentioned,not_mentioned,not_mentioned,not_mentioned,not_mentioned,not_mentioned,not_mentioned,not_mentioned
John B NDE 2285,nderf,data\nderf\00653_john-b-nde-2285.json,Indeterminate,0,False,False,False,other,no,no,no,not_mentioned,not_mentioned,not_mentioned,not_mentioned,not_mentioned,no
Jaime G NDE 2286,nderf,data\nderf\00654_jaime-g-nde-2286.json,Indeterminate,0,False,False,False,not_your_time,implied,no,not_mentioned,not_mentioned,not_mentioned,not_mentioned,not_mentioned,not_mentioned,not_mentioned
David M NDE 2277,nderf,data\nderf\00655_david-m-nde-2277.json,Indeterminate,0,False,False,False,not_mentioned,not_mentioned,not_mentioned,not_mentioned,not_mentioned,not_mentioned,not_mentioned,not_mentioned,not_mentioned,not_mentioned
Hessie NDE 2282,nderf,data\nderf\00656_hessie-nde-2282.json,Indeterminate,0,False,False,False,family_responsibility,no,no,no,not_mentioned,not_mentioned,not_mentioned,not_mentioned,not_mentioned,no
Mani O NDE 195,nderf,data\nderf\00656_mani-o-nde.json,Indeterminate,0,False,False,False,family_responsibility,not_mentioned,no,no,not_mentioned,not_mentioned,not_mentioned,not_mentioned,not_mentioned,no
Ken G NDE 197,nderf,data\nderf\00657_ken-g-nde.json,Indeterminate,0,False,False,False,not_mentioned,not_mentioned,not_mentioned,not_mentioned,not_mentioned,not_mentioned,not_mentioned,not_mentioned,not_mentioned,not_mentioned
Nevie G NDE 2283,nderf,data\nderf\00657_nevie-g-nde-2283.json,Indeterminate,0,False,False,False,other,yes_explicit,no,no,not_mentioned,not_mentioned,not_mentioned,not_mentioned,not_mentioned,no
Muhammad NDE 2219,nderf,data\nderf\00658_muhammad-nde-2219.json,Indeterminate,0,False,False,False,no_reason_given,not_mentioned,not_mentioned,not_mentioned,not_mentioned,not_mentioned,not_mentioned,not_mentioned,not_mentioned,not_mentioned
Vilous R NDE 20910,nderf,data\nderf\00659_vilous-r-nde-20910.json,Indeterminate,0,False,False,False,not_mentioned,implied,not_mentioned,not_mentioned,not_mentioned,not_mentioned,not_mentioned,not_mentioned,not_mentioned,not_mentioned
Elsa NDE 2290,nderf,data\nderf\00660_elsa-nde-2290.json,Indeterminate,0,False,False,False,family_responsibility,not_mentioned,not_mentioned,not_mentioned,not_mentioned,not_mentioned,not_mentioned,not_mentioned,not_mentioned,not_mentioned
Joe I NDE 198,nderf,data\nderf\00660_joe-i-nde.json,Indeterminate,0,False,False,False,no_reason_given,not_mentioned,not_mentioned,not_mentioned,not_mentioned,not_mentioned,not_mentioned,not_mentioned,not_mentioned,not_mentioned
Andy N NDE 2292,nderf,data\nderf\00662_andy-n-nde-2292.json,Indeterminate,0,False,False,False,not_mentioned,no,not_mentioned,not_mentioned,not_mentioned,not_mentioned,not_mentioned,not_mentioned,not_mentioned,not_mentioned
Elizabeth W NDE 2291,nderf,data\nderf\00663_elizabeth-w-nde-2291.json,Indeterminate,0,False,False,False,not_mentioned,not_mentioned,not_mentioned,no,not_mentioned,not_mentioned,not_mentioned,not_mentioned,not_mentioned,no
Bruce Y NDE 2300,nderf,data\nderf\00664_bruce-y-nde-2300.json,Indeterminate,0,False,False,False,not_mentioned,no,no,no,not_mentioned,not_mentioned,not_mentioned,not_mentioned,not_mentioned,no
Oscar D NDE 20916,nderf,data\nderf\00666_oscar-d-nde-20916.json,Indeterminate,0,False,False,False,not_mentioned,not_mentioned,not_mentioned,no,not_mentioned,not_mentioned,not_mentioned,not_mentioned,not_mentioned,no
Susan K Possible NDE 2266,nderf,data\nderf\00667_susan-k-possible-nde-2266.json,Indeterminate,0,False,False,False,not_mentioned,no,not_mentioned,not_mentioned,not_mentioned,not_mentioned,not_mentioned,not_mentioned,not_mentioned,not_mentioned
Ruthie A Probable NDE 2299,nderf,data\nderf\00668_ruthie-a-probable-nde-2299.json,Indeterminate,0,False,False,False,no_reason_given,not_mentioned,no,no,not_mentioned,not_mentioned,not_mentioned,not_mentioned,not_mentioned,no
Akemi A NDE 2296,nderf,data\nderf\00669_akemi-a-nde-2296.json,Indeterminate,0,False,False,False,not_mentioned,no,not_mentioned,not_mentioned,not_mentioned,not_mentioned,not_mentioned,not_mentioned,not_mentioned,not_mentioned
Paula C NDE 20949,nderf,data\nderf\00670_paula-c-nde-20949.json,Indeterminate,0,False,False,False,other,not_mentioned,not_mentioned,not_mentioned,not_mentioned,not_mentioned,not_mentioned,not_mentioned,not_mentioned,not_mentioned
Reeva NDE 2318,nderf,data\nderf\00672_reeva-nde-2318.json,Indeterminate,0,False,False,False,not_mentioned,no,no,no,not_mentioned,not_mentioned,not_mentioned,not_mentioned,none,no
Henry O NDE 2309,nderf,data\nderf\00674_henry-o-nde-2309.json,Indeterminate,0,False,False,False,no_reason_given,no,no,no,not_mentioned,not_mentioned,not_mentioned,not_mentioned,none,no
Gabby NDE 2320,nderf,data\nderf\00677_gabby-nde-2320.json,Indeterminate,0,False,False,False,not_mentioned,not_mentioned,not_mentioned,not_mentioned,not_mentioned,not_mentioned,not_mentioned,not_mentioned,not_mentioned,not_mentioned
Alan P NDE 2317,nderf,data\nderf\00678_alan-p-nde-2317.json,Indeterminate,0,False,False,False,no_reason_given,no,no,no,not_mentioned,not_mentioned,not_mentioned,not_mentioned,none,no
Sheila NDE 2313,nderf,data\nderf\00679_sheila-nde-2313.json,Indeterminate,0,False,False,False,no_reason_given,no,no,not_mentioned,not_mentioned,not_mentioned,not_mentioned,no,not_mentioned,not_mentioned
Lira P NDE 2306,nderf,data\nderf\00680_lira-p-nde-2306.json,Indeterminate,0,False,False,False,not_mentioned,no,not_mentioned,no,not_mentioned,not_mentioned,not_mentioned,not_mentioned,not_mentioned,no
Ji-Hoon Kim Probable NDE 2307,nderf,data\nderf\00681_ji-hoon-kim-probable-nde-2307.json,Indeterminate,0,False,False,False,not_mentioned,no,not_mentioned,not_mentioned,not_mentioned,not_mentioned,not_mentioned,not_mentioned,not_mentioned,not_mentioned
Milo H NDE 2324,nderf,data\nderf\00681_milo-h-nde-2324.json,Indeterminate,0,False,False,False,not_mentioned,yes_explicit,no,no,not_mentioned,not_mentioned,not_mentioned,not_mentioned,not_mentioned,not_mentioned
Cheryl D NDE 20963,nderf,data\nderf\00682_cheryl-d-nde-20963.json,Indeterminate,0,False,False,False,not_mentioned,not_mentioned,not_mentioned,not_mentioned,not_mentioned,not_mentioned,not_mentioned,not_mentioned,not_mentioned,not_mentioned
Skeeter Possible NDE 2331,nderf,data\nderf\00682_skeeter-possible-nde-2331.json,Indeterminate,0,False,False,False,not_your_time,not_mentioned,not_mentioned,not_mentioned,not_mentioned,not_mentioned,not_mentioned,not_mentioned,not_mentioned,not_mentioned
Dick B FDE 20953 NDE 20953,nderf,data\nderf\00683_dick-b-fde-20953-nde-20953.json,Indeterminate,0,False,False,False,not_mentioned,not_mentioned,not_mentioned,not_mentioned,not_mentioned,not_mentioned,not_mentioned,not_mentioned,not_mentioned,not_mentioned
Marcel Possible NDE 2339,nderf,data\nderf\00683_marcel-possible-nde-2339.json,Indeterminate,0,False,False,False,not_mentioned,no,no,no,not_mentioned,not_mentioned,not_mentioned,not_mentioned,not_mentioned,no
Polina NDE 2341,nderf,data\nderf\00684_polina-nde-2341.json,Indeterminate,0,False,False,False,not_mentioned,no,no,no,not_mentioned,not_mentioned,not_mentioned,not_mentioned,not_mentioned,no
Lisa S NDE 2329,nderf,data\nderf\00685_lisa-s-nde-2329.json,Indeterminate,0,False,False,False,not_mentioned,not_mentioned,not_mentioned,not_mentioned,not_mentioned,not_mentioned,not_mentioned,not_mentioned,not_mentioned,not_mentioned
Shaida VH NDE 2347,nderf,data\nderf\00685_shaida-vh-nde-2347.json,Indeterminate,0,False,False,False,family_responsibility,no,no,no,not_mentioned,not_mentioned,not_mentioned,no,not_mentioned,no
Kathy F NDE 2327,nderf,data\nderf\00686_kathy-f-nde-2327.json,Indeterminate,0,False,False,False,family_responsibility,not_mentioned,not_mentioned,not_mentioned,not_mentioned,not_mentioned,not_mentioned,not_mentioned,not_mentioned,not_mentioned
Mikae Y NDE 2355,nderf,data\nderf\00686_mikae-y-nde-2355.json,Indeterminate,0,False,False,False,not_your_time,no,not_mentioned,not_mentioned,not_mentioned,not_mentioned,not_mentioned,not_mentioned,not_mentioned,not_mentioned
C.D. NDE 2328,nderf,data\nderf\00687_c-d-nde-2328.json,Indeterminate,0,False,False,False,not_your_time,not_mentioned,no,no,not_mentioned,not_mentioned,not_mentioned,not_mentioned,not_mentioned,no
Sharla S NDE 2348,nderf,data\nderf\00687_sharla-s-nde-2348.json,Indeterminate,0,False,False,False,not_mentioned,no,no,no,not_mentioned,not_mentioned,not_mentioned,not_mentioned,not_mentioned,no
Ana Rita A NDE 2253,nderf,data\nderf\00690_ana-rita-a-nde-2253.json,Indeterminate,0,False,False,False,no_reason_given,no,not_mentioned,not_mentioned,not_mentioned,not_mentioned,not_mentioned,not_mentioned,not_mentioned,not_mentioned
Brandy F NDE 2366,nderf,data\nderf\00691_brandy-f-nde-2366.json,Indeterminate,0,False,False,False,no_reason_given,not_mentioned,not_mentioned,no,not_mentioned,not_mentioned,not_mentioned,not_mentioned,not_mentioned,no
Melanie W NDE 2363,nderf,data\nderf\00692_melanie-w-nde-2363.json,Indeterminate,0,False,False,False,not_mentioned,not_mentioned,not_mentioned,not_mentioned,not_mentioned,not_mentioned,not_mentioned,not_mentioned,not_mentioned,not_mentioned
Jessica B NDE 20985,nderf,data\nderf\00693_jessica-b-nde-20985.json,Indeterminate,0,False,False,False,no_reason_given,not_mentioned,not_mentioned,not_mentioned,not_mentioned,not_mentioned,not_mentioned,implied,not_mentioned,not_mentioned
Sheila L Azrael Encounter 30906 NDE 30906,nderf,data\nderf\00695_sheila-l-azrael-encounter-30906-nde-30906.json,Indeterminate,0,False,False,False,not_mentioned,not_mentioned,not_mentioned,not_mentioned,not_mentioned,not_mentioned,not_mentioned,not_mentioned,not_mentioned,not_mentioned
Marietta S NDE 21000,nderf,data\nderf\00696_marietta-s-nde-21000.json,Indeterminate,0,False,False,False,not_mentioned,not_mentioned,not_mentioned,not_mentioned,not_mentioned,not_mentioned,not_mentioned,not_mentioned,not_mentioned,not_mentioned
Terence E NDE 2367,nderf,data\nderf\00697_terence-e-nde-2367.json,Indeterminate,0,False,False,False,not_mentioned,not_mentioned,not_mentioned,not_mentioned,not_mentioned,not_mentioned,not_mentioned,not_mentioned,not_mentioned,not_mentioned
Brenda G NDE 2371,nderf,data\nderf\00698_brenda-g-nde-2371.json,Indeterminate,0,False,False,False,no_reason_given,no,no,no,not_mentioned,not_mentioned,not_mentioned,not_mentioned,none,no
Katie B NDE 2373/6788 NDE 6788,nderf,data\nderf\00699_katie-b-nde-2373-6788-nde-6788.json,Indeterminate,0,False,False,False,not_mentioned,not_mentioned,not_mentioned,not_mentioned,not_mentioned,not_mentioned,not_mentioned,not_mentioned,not_mentioned,not_mentioned
Robert W NDE 2376,nderf,data\nderf\00702_robert-w-nde-2376.json,Indeterminate,0,False,False,False,not_mentioned,no,no,no,not_mentioned,not_mentioned,not_mentioned,no,not_mentioned,no
Dove NDE 2381,nderf,data\nderf\00703_dove-nde-2381.json,Indeterminate,0,False,False,False,not_your_time,yes_explicit,no,no,not_mentioned,not_mentioned,not_mentioned,not_mentioned,not_mentioned,no
Sévin NDE 2333,nderf,data\nderf\00705_s-vin-nde-2333.json,Indeterminate,0,False,False,False,no_reason_given,no,no,no,not_mentioned,not_mentioned,not_mentioned,not_mentioned,none,no
Donni H NDE 2385,nderf,data\nderf\00707_donni-h-nde-2385.json,Indeterminate,0,False,False,False,not_mentioned,no,not_mentioned,not_mentioned,not_mentioned,not_mentioned,not_mentioned,not_mentioned,not_mentioned,not_mentioned
Suranna NDE 2389,nderf,data\nderf\00710_suranna-nde-2389.json,Indeterminate,0,False,False,False,not_mentioned,not_mentioned,not_mentioned,not_mentioned,not_mentioned,not_mentioned,not_mentioned,not_mentioned,not_mentioned,not_mentioned
Rodney O NDE 2390,nderf,data\nderf\00711_rodney-o-nde-2390.json,Indeterminate,0,False,False,False,not_mentioned,no,no,not_mentioned,not_mentioned,not_mentioned,not_mentioned,not_mentioned,not_mentioned,not_mentioned
Fulvia B NDE 2392,nderf,data\nderf\00712_fulvia-b-nde-2392.json,Indeterminate,0,False,False,False,not_mentioned,no,not_mentioned,not_mentioned,not_mentioned,not_mentioned,not_mentioned,explicit,not_mentioned,not_mentioned
Marcia LS NDE 2375,nderf,data\nderf\00713_marcia-ls-nde-2375.json,Indeterminate,0,False,False,False,not_your_time,no,not_mentioned,no,not_mentioned,not_mentioned,not_mentioned,not_mentioned,not_mentioned,no
Jim Co NDE 21025,nderf,data\nderf\00714_jim-co-nde-21025.json,Indeterminate,0,False,False,False,not_mentioned,not_mentioned,not_mentioned,not_mentioned,not_mentioned,not_mentioned,not_mentioned,not_mentioned,not_mentioned,not_mentioned
Yvonne W NDE 2396,nderf,data\nderf\00715_yvonne-w-nde-2396.json,Indeterminate,0,False,False,False,family_responsibility,implied,no,not_mentioned,not_mentioned,not_mentioned,not_mentioned,not_mentioned,not_mentioned,not_mentioned
Cynthia W NDE 2398,nderf,data\nderf\00716_cynthia-w-nde-2398.json,Indeterminate,0,False,False,False,family_responsibility,no,no,no,not_mentioned,not_mentioned,not_mentioned,not_mentioned,none,no
Santo C NDE 21035,nderf,data\nderf\00717_santo-c-nde-21035.json,Indeterminate,0,False,False,False,family_responsibility,not_mentioned,not_mentioned,not_mentioned,not_mentioned,not_mentioned,not_mentioned,not_mentioned,not_mentioned,not_mentioned
Jeff NDE 2403,nderf,data\nderf\00718_jeff-nde-2403.json,Indeterminate,0,False,False,False,not_your_time,not_mentioned,not_mentioned,not_mentioned,not_mentioned,not_mentioned,not_mentioned,no,not_mentioned,not_mentioned
Sam J NDE 2405,nderf,data\nderf\00719_sam-j-nde-2405.json,Indeterminate,0,False,False,False,not_your_time,yes_explicit,no,not_mentioned,not_mentioned,not_mentioned,not_mentioned,no,not_mentioned,not_mentioned
Rachelle G NDE 2377,nderf,data\nderf\00720_rachelle-g-nde-2377.json,Indeterminate,0,False,False,False,family_responsibility,implied,no,not_mentioned,not_mentioned,not_mentioned,not_mentioned,not_mentioned,not_mentioned,not_mentioned
Guan W Probable NDE 2393,nderf,data\nderf\00721_guan-w-probable-nde-2393.json,Indeterminate,0,False,False,False,not_mentioned,not_mentioned,no,no,not_mentioned,not_mentioned,not_mentioned,not_mentioned,not_mentioned,no
Bonnie L NDE 2407,nderf,data\nderf\00722_bonnie-l-nde-2407.json,Indeterminate,0,False,False,False,not_your_time,implied,no,not_mentioned,not_mentioned,not_mentioned,not_mentioned,not_mentioned,not_mentioned,not_mentioned
Cristal S NDE 21051,nderf,data\nderf\00726_cristal-s-nde-21051.json,Indeterminate,0,False,False,False,no_reason_given,not_mentioned,not_mentioned,not_mentioned,not_mentioned,not_mentioned,not_mentioned,explicit,not_mentioned,not_mentioned
Pascal C NDE 10100,nderf,data\nderf\00727_pascal-c-nde-10100.json,Indeterminate,0,False,False,False,not_mentioned,not_mentioned,not_mentioned,not_mentioned,not_mentioned,not_mentioned,not_mentioned,not_mentioned,not_mentioned,not_mentioned
Helga NDE 2414,nderf,data\nderf\00728_helga-nde-2414.json,Indeterminate,0,False,False,False,not_mentioned,no,not_mentioned,no,not_mentioned,not_mentioned,not_mentioned,not_mentioned,not_mentioned,no
Teri NDE 2436,nderf,data\nderf\00731_teri-nde-2436.json,Indeterminate,0,False,False,False,not_mentioned,no,no,no,not_mentioned,not_mentioned,not_mentioned,no,none,no
Perry R NDE 2435,nderf,data\nderf\00732_perry-r-nde-2435.json,Indeterminate,0,False,False,False,not_mentioned,no,no,no,not_mentioned,not_mentioned,not_mentioned,not_mentioned,not_mentioned,no
Joseph M NDE 2434,nderf,data\nderf\00733_joseph-m-nde-2434.json,Indeterminate,0,False,False,False,not_mentioned,no,not_mentioned,no,not_mentioned,not_mentioned,not_mentioned,not_mentioned,not_mentioned,no
Amy P NDE 2432,nderf,data\nderf\00734_amy-p-nde-2432.json,Indeterminate,0,False,False,False,other,implied,no,no,not_mentioned,not_mentioned,not_mentioned,no,not_mentioned,no
Cody S NDE 2427,nderf,data\nderf\00735_cody-s-nde-2427.json,Indeterminate,0,False,False,False,not_your_time,no,no,no,not_mentioned,not_mentioned,not_mentioned,not_mentioned,not_mentioned,no
Christine S NDE 2424,nderf,data\nderf\00736_christine-s-nde-2424.json,Indeterminate,0,False,False,False,other,not_mentioned,not_mentioned,not_mentioned,not_mentioned,not_mentioned,not_mentioned,not_mentioned,not_mentioned,not_mentioned
Tisha G NDE-Like/ADC 2450 NDE 2450,nderf,data\nderf\00738_tisha-g-nde-like-adc-2450-nde-2450.json,Indeterminate,0,False,False,False,no_reason_given,not_mentioned,not_mentioned,not_mentioned,not_mentioned,not_mentioned,not_mentioned,not_mentioned,not_mentioned,not_mentioned
Oma L NDE 2448,nderf,data\nderf\00739_oma-l-nde-2448.json,Indeterminate,0,False,False,False,not_mentioned,no,not_mentioned,not_mentioned,not_mentioned,not_mentioned,not_mentioned,no,not_mentioned,no
David K NDE 2444,nderf,data\nderf\00741_david-k-nde-2444.json,Indeterminate,0,False,False,False,not_mentioned,implied,no,no,not_mentioned,not_mentioned,not_mentioned,not_mentioned,not_mentioned,no
Edwin A NDE 21085,nderf,data\nderf\00744_edwin-a-nde-21085.json,Indeterminate,0,False,False,False,not_mentioned,not_mentioned,not_mentioned,not_mentioned,not_mentioned,not_mentioned,not_mentioned,not_mentioned,not_mentioned,not_mentioned
Robin G NDE 21083,nderf,data\nderf\00745_robin-g-nde-21083.json,Indeterminate,0,False,False,False,no_reason_given,no,no,no,not_mentioned,not_mentioned,not_mentioned,not_mentioned,not_mentioned,no
Maxine M FDE 2454 NDE 2454,nderf,data\nderf\00748_maxine-m-fde-2454-nde-2454.json,Indeterminate,0,False,False,False,not_mentioned,no,no,no,not_mentioned,not_mentioned,not_mentioned,no,none,no
Sébastien B NDE 2420,nderf,data\nderf\00749_s-bastien-b-nde-2420.json,Indeterminate,0,False,False,False,family_responsibility,implied,no,not_mentioned,not_mentioned,not_mentioned,not_mentioned,explicit,not_mentioned,not_mentioned
Beatriz S Possible NDE 2406,nderf,data\nderf\00750_beatriz-s-possible-nde-2406.json,Indeterminate,0,False,False,False,not_your_time,no,no,no,not_mentioned,not_mentioned,not_mentioned,not_mentioned,not_mentioned,no
Johan I NDE 2456,nderf,data\nderf\00751_johan-i-nde-2456.json,Indeterminate,0,False,False,False,not_mentioned,not_mentioned,not_mentioned,not_mentioned,not_mentioned,not_mentioned,not_mentioned,not_mentioned,not_mentioned,not_mentioned
Marion NDE-like Experience 21098 NDE 21098,nderf,data\nderf\00752_marion-nde-like-experience-21098-nde-21098.json,Indeterminate,0,False,False,False,not_mentioned,not_mentioned,not_mentioned,not_mentioned,not_mentioned,not_mentioned,not_mentioned,not_mentioned,not_mentioned,not_mentioned
Marty NDE 2463,nderf,data\nderf\00753_marty-nde-2463.json,Indeterminate,0,False,False,False,no_reason_given,not_mentioned,not_mentioned,not_mentioned,not_mentioned,not_mentioned,not_mentioned,not_mentioned,not_mentioned,not_mentioned
Martha C NDE 21096,nderf,data\nderf\00754_martha-c-nde-21096.json,Indeterminate,0,False,False,False,not_mentioned,not_mentioned,not_mentioned,not_mentioned,not_mentioned,not_mentioned,not_mentioned,not_mentioned,not_mentioned,not_mentioned
Dominique NDE 2346,nderf,data\nderf\00757_dominique-nde-2346.json,Indeterminate,0,False,False,False,family_responsibility,implied,no,no,not_mentioned,not_mentioned,not_mentioned,not_mentioned,not_mentioned,no
Annette S NDE 2464,nderf,data\nderf\00758_annette-s-nde-2464.json,Indeterminate,0,False,False,False,not_mentioned,no,no,no,not_mentioned,not_mentioned,not_mentioned,not_mentioned,not_mentioned,no
Gabe G NDE 2470,nderf,data\nderf\00760_gabe-g-nde-2470.json,Indeterminate,0,False,False,False,not_mentioned,not_mentioned,not_mentioned,no,not_mentioned,not_mentioned,not_mentioned,no,not_mentioned,no
Jay L NDE 2474,nderf,data\nderf\00762_jay-l-nde-2474.json,Indeterminate,0,False,False,False,not_mentioned,not_mentioned,not_mentioned,not_mentioned,not_mentioned,not_mentioned,not_mentioned,not_mentioned,not_mentioned,not_mentioned
Jennifer N NDE 2485,nderf,data\nderf\00765_jennifer-n-nde-2485.json,Indeterminate,0,False,False,False,not_mentioned,not_mentioned,not_mentioned,no,not_mentioned,not_mentioned,not_mentioned,explicit,not_mentioned,no
Alexis R NDE 21114,nderf,data\nderf\00767_alexis-r-nde-21114.json,Indeterminate,0,False,False,False,not_mentioned,no,no,no,not_mentioned,not_mentioned,not_mentioned,not_mentioned,not_mentioned,no
Karen G NDE 2239,nderf,data\nderf\00771_karen-g-nde-2239.json,Indeterminate,0,False,False,False,not_your_time,no,not_mentioned,not_mentioned,not_mentioned,not_mentioned,not_mentioned,not_mentioned,not_mentioned,not_mentioned
IA NDE 2257,nderf,data\nderf\00772_ia-nde-2257.json,Indeterminate,0,False,False,False,not_mentioned,not_mentioned,not_mentioned,not_mentioned,not_mentioned,not_mentioned,not_mentioned,not_mentioned,not_mentioned,not_mentioned
Carolina NDE 2338,nderf,data\nderf\00774_carolina-nde-2338.json,Indeterminate,0,False,False,False,not_mentioned,not_mentioned,not_mentioned,not_mentioned,not_mentioned,not_mentioned,not_mentioned,not_mentioned,not_mentioned,not_mentioned
Sandra P NDE 2493,nderf,data\nderf\00775_sandra-p-nde-2493.json,Indeterminate,0,False,False,False,not_mentioned,no,not_mentioned,not_mentioned,not_mentioned,not_mentioned,not_mentioned,not_mentioned,not_mentioned,not_mentioned
Bobby H NDE 2494,nderf,data\nderf\00776_bobby-h-nde-2494.json,Indeterminate,0,False,False,False,not_mentioned,no,not_mentioned,not_mentioned,not_mentioned,not_mentioned,not_mentioned,not_mentioned,not_mentioned,not_mentioned
Andreas SH NDE 2498,nderf,data\nderf\00777_andreas-sh-nde-2498.json,Indeterminate,0,False,False,False,not_mentioned,no,not_mentioned,not_mentioned,not_mentioned,not_mentioned,not_mentioned,not_mentioned,not_mentioned,not_mentioned
Francisco S NDE 2449,nderf,data\nderf\00778_francisco-s-nde-2449.json,Indeterminate,0,False,False,False,other,no,not_mentioned,not_mentioned,not_mentioned,not_mentioned,not_mentioned,not_mentioned,not_mentioned,not_mentioned
Erick M NDE 2460,nderf,data\nderf\00779_erick-m-nde-2460.json,Indeterminate,0,False,False,False,not_mentioned,no,not_mentioned,no,not_mentioned,not_mentioned,not_mentioned,not_mentioned,not_mentioned,no
Shukri F NDE 2495,nderf,data\nderf\00780_shukri-f-nde-2495.json,Indeterminate,0,False,False,False,not_mentioned,not_mentioned,not_mentioned,not_mentioned,not_mentioned,not_mentioned,not_mentioned,not_mentioned,not_mentioned,not_mentioned
Juan HCU NDE 2491,nderf,data\nderf\00781_juan-hcu-nde-2491.json,Indeterminate,0,False,False,False,other,no,no,no,not_mentioned,not_mentioned,not_mentioned,no,none,no
Cecilia H NDE 2499,nderf,data\nderf\00782_cecilia-h-nde-2499.json,Indeterminate,0,False,False,False,family_responsibility,not_mentioned,not_mentioned,not_mentioned,not_mentioned,not_mentioned,not_mentioned,not_mentioned,not_mentioned,not_mentioned
MF NDE 21146,nderf,data\nderf\00784_mf-nde-21146.json,Indeterminate,0,False,False,False,other,no,no,no,not_mentioned,not_mentioned,not_mentioned,not_mentioned,not_mentioned,no
Murray R NDE 2502,nderf,data\nderf\00786_murray-r-nde-2502.json,Indeterminate,0,False,False,False,family_responsibility,implied,no,not_mentioned,not_mentioned,not_mentioned,not_mentioned,not_mentioned,not_mentioned,no
Nick S NDE 2503,nderf,data\nderf\00787_nick-s-nde-2503.json,Indeterminate,0,False,False,False,not_your_time,no,not_mentioned,not_mentioned,not_mentioned,not_mentioned,not_mentioned,no,not_mentioned,not_mentioned
Leta C NDE 2507,nderf,data\nderf\00790_leta-c-nde-2507.json,Indeterminate,0,False,False,False,family_responsibility,not_mentioned,no,no,not_mentioned,not_mentioned,not_mentioned,no,not_mentioned,no
Geoffrey NDE 2510,nderf,data\nderf\00792_geoffrey-nde-2510.json,Indeterminate,0,False,False,False,not_your_time,implied,no,not_mentioned,not_mentioned,not_mentioned,not_mentioned,not_mentioned,not_mentioned,not_mentioned
Parker K Probable NDE 2511,nderf,data\nderf\00793_parker-k-probable-nde-2511.json,Indeterminate,0,False,False,False,not_mentioned,no,no,no,not_mentioned,not_mentioned,not_mentioned,not_mentioned,not_mentioned,no
Jane NDE 2515,nderf,data\nderf\00795_jane-nde-2515.json,Indeterminate,0,False,False,False,family_responsibility,no,not_mentioned,not_mentioned,not_mentioned,not_mentioned,not_mentioned,not_mentioned,not_mentioned,not_mentioned
Bruce C NDE 2518,nderf,data\nderf\00796_bruce-c-nde-2518.json,Indeterminate,0,False,False,False,not_mentioned,no,not_mentioned,not_mentioned,not_mentioned,not_mentioned,not_mentioned,not_mentioned,not_mentioned,not_mentioned
June T Probable NDE 2524,nderf,data\nderf\00798_june-t-probable-nde-2524.json,Indeterminate,0,False,False,False,no_reason_given,implied,not_mentioned,not_mentioned,not_mentioned,not_mentioned,not_mentioned,not_mentioned,not_mentioned,not_mentioned
Robert B NDE 2525,nderf,data\nderf\00799_robert-b-nde-2525.json,Indeterminate,0,False,False,False,other,not_mentioned,not_mentioned,not_mentioned,not_mentioned,not_mentioned,not_mentioned,not_mentioned,not_mentioned,not_mentioned
Steve S NDE 21151,nderf,data\nderf\00800_steve-s-nde-21151.json,Indeterminate,0,False,False,False,family_responsibility,not_mentioned,not_mentioned,not_mentioned,not_mentioned,not_mentioned,not_mentioned,not_mentioned,not_mentioned,not_mentioned
Don S NDE 21159,nderf,data\nderf\00801_don-s-nde-21159.json,Indeterminate,0,False,False,False,not_mentioned,not_mentioned,not_mentioned,not_mentioned,not_mentioned,not_mentioned,not_mentioned,not_mentioned,not_mentioned,not_mentioned
Bryan S NDE 2528,nderf,data\nderf\00804_bryan-s-nde-2528.json,Indeterminate,0,False,False,False,not_mentioned,no,not_mentioned,not_mentioned,not_mentioned,not_mentioned,not_mentioned,not_mentioned,not_mentioned,not_mentioned
Nikki Possible NDE 2532,nderf,data\nderf\00806_nikki-possible-nde-2532.json,Indeterminate,0,False,False,False,not_mentioned,no,not_mentioned,not_mentioned,not_mentioned,not_mentioned,not_mentioned,not_mentioned,not_mentioned,not_mentioned
Sarah S NDE 2533,nderf,data\nderf\00807_sarah-s-nde-2533.json,Indeterminate,0,False,False,False,no_reason_given,no,no,not_mentioned,not_mentioned,not_mentioned,not_mentioned,no,not_mentioned,not_mentioned
Johnathon NDE 2535,nderf,data\nderf\00808_johnathon-nde-2535.json,Indeterminate,0,False,False,False,not_your_time,no,no,not_mentioned,not_mentioned,not_mentioned,not_mentioned,implied,not_mentioned,not_mentioned
Rita M NDE 2429,nderf,data\nderf\00810_rita-m-nde-2429.json,Indeterminate,0,False,False,False,not_mentioned,no,not_mentioned,no,not_mentioned,not_mentioned,not_mentioned,no,not_mentioned,no
Davide D Probable NDE 2372,nderf,data\nderf\00811_davide-d-probable-nde-2372.json,Indeterminate,0,False,False,False,not_your_time,not_mentioned,not_mentioned,not_mentioned,not_mentioned,not_mentioned,not_mentioned,not_mentioned,not_mentioned,not_mentioned
Marisol HF NDE 2457,nderf,data\nderf\00813_marisol-hf-nde-2457.json,Indeterminate,0,False,False,False,not_your_time,yes_explicit,no,not_mentioned,not_mentioned,not_mentioned,not_mentioned,not_mentioned,not_mentioned,not_mentioned
Marco C NDE 2522,nderf,data\nderf\00816_marco-c-nde-2522.json,Indeterminate,0,False,False,False,not_your_time,implied,no,not_mentioned,not_mentioned,not_mentioned,not_mentioned,not_mentioned,not_mentioned,not_mentioned
Nicole L NDE 2530,nderf,data\nderf\00817_nicole-l-nde-2530.json,Indeterminate,0,False,False,False,other,no,no,no,not_mentioned,not_mentioned,not_mentioned,no,not_mentioned,no
Jasun E NDE 2548,nderf,data\nderf\00818_jasun-e-nde-2548.json,Indeterminate,0,False,False,False,not_mentioned,no,no,no,not_mentioned,not_mentioned,not_mentioned,not_mentioned,not_mentioned,no
Karoline A NDE 21180,nderf,data\nderf\00819_karoline-a-nde-21180.json,Indeterminate,0,False,False,False,not_mentioned,not_mentioned,not_mentioned,not_mentioned,not_mentioned,not_mentioned,not_mentioned,not_mentioned,not_mentioned,not_mentioned
Anaica NDE 2553,nderf,data\nderf\00821_anaica-nde-2553.json,Indeterminate,0,False,False,False,not_mentioned,not_mentioned,not_mentioned,not_mentioned,not_mentioned,not_mentioned,not_mentioned,not_mentioned,not_mentioned,not_mentioned
Tawnie J NDE 2556,nderf,data\nderf\00822_tawnie-j-nde-2556.json,Indeterminate,0,False,False,False,not_mentioned,no,not_mentioned,not_mentioned,not_mentioned,not_mentioned,not_mentioned,not_mentioned,not_mentioned,not_mentioned
Salomon NDE 2571,nderf,data\nderf\00826_salomon-nde-2571.json,Indeterminate,0,False,False,False,not_mentioned,not_mentioned,not_mentioned,not_mentioned,not_mentioned,not_mentioned,not_mentioned,not_mentioned,not_mentioned,not_mentioned
Cassie M NDE 2645/2572 NDE 2572,nderf,data\nderf\00827_cassie-m-nde-2645-2572-nde-2572.json,Indeterminate,0,False,False,False,not_your_time,implied,no,no,not_mentioned,not_mentioned,not_mentioned,not_mentioned,not_mentioned,no
Kelly K NDE 2578,nderf,data\nderf\00831_kelly-k-nde-2578.json,Indeterminate,0,False,False,False,not_your_time,implied,no,not_mentioned,not_mentioned,not_mentioned,not_mentioned,not_mentioned,not_mentioned,no
Mary D Shared NDE and NDE 2563,nderf,data\nderf\00832_mary-d-shared-nde-and-nde-2563.json,Indeterminate,0,False,False,False,not_mentioned,no,not_mentioned,not_mentioned,not_mentioned,not_mentioned,not_mentioned,not_mentioned,not_mentioned,not_mentioned
Mary R NDE 31023,nderf,data\nderf\00833_mary-r-nde-31023.json,Indeterminate,0,False,False,False,not_mentioned,no,no,not_mentioned,not_mentioned,not_mentioned,not_mentioned,not_mentioned,not_mentioned,not_mentioned
Alejandro M NDE 2545,nderf,data\nderf\00834_alejandro-m-nde-2545.json,Indeterminate,0,False,False,False,not_your_time,no,no,not_mentioned,not_mentioned,not_mentioned,not_mentioned,not_mentioned,not_mentioned,not_mentioned
Ruby L NDE 2586,nderf,data\nderf\00835_ruby-l-nde-2586.json,Indeterminate,0,False,False,False,not_mentioned,no,no,not_mentioned,not_mentioned,not_mentioned,not_mentioned,not_mentioned,not_mentioned,not_mentioned
Susan A NDE 2587,nderf,data\nderf\00836_susan-a-nde-2587.json,Indeterminate,0,False,False,False,family_responsibility,not_mentioned,not_mentioned,not_mentioned,not_mentioned,not_mentioned,not_mentioned,not_mentioned,not_mentioned,not_mentioned
Freda S NDE 2588,nderf,data\nderf\00837_freda-s-nde-2588.json,Indeterminate,0,False,False,False,not_mentioned,no,not_mentioned,not_mentioned,not_mentioned,not_mentioned,not_mentioned,not_mentioned,not_mentioned,not_mentioned
JoAnn C NDE 2598,nderf,data\nderf\00841_joann-c-nde-2598.json,Indeterminate,0,False,False,False,family_responsibility,yes_explicit,no,not_mentioned,not_mentioned,not_mentioned,not_mentioned,not_mentioned,not_mentioned,not_mentioned
Hijo H NDE 2601,nderf,data\nderf\00842_hijo-h-nde-2601.json,Indeterminate,0,False,False,False,no_reason_given,no,not_mentioned,not_mentioned,not_mentioned,not_mentioned,not_mentioned,not_mentioned,not_mentioned,not_mentioned
Lori L NDE 2605,nderf,data\nderf\00845_lori-l-nde-2605.json,Indeterminate,0,False,False,False,not_mentioned,no,not_mentioned,not_mentioned,not_mentioned,not_mentioned,not_mentioned,not_mentioned,not_mentioned,not_mentioned
Vernon G NDE 2607,nderf,data\nderf\00846_vernon-g-nde-2607.json,Indeterminate,0,False,False,False,family_responsibility,no,no,not_mentioned,not_mentioned,not_mentioned,not_mentioned,not_mentioned,not_mentioned,not_mentioned
Ron C NDE 2610,nderf,data\nderf\00847_ron-c-nde-2610.json,Indeterminate,0,False,False,False,no_reason_given,no,not_mentioned,not_mentioned,not_mentioned,not_mentioned,not_mentioned,not_mentioned,not_mentioned,not_mentioned
LDL NDE 2613,nderf,data\nderf\00848_ldl-nde-2613.json,Indeterminate,0,False,False,False,not_mentioned,no,no,not_mentioned,not_mentioned,not_mentioned,not_mentioned,not_mentioned,not_mentioned,not_mentioned
David M NDE 2614,nderf,data\nderf\00849_david-m-nde-2614.json,Indeterminate,0,False,False,False,no_reason_given,not_mentioned,not_mentioned,not_mentioned,not_mentioned,not_mentioned,not_mentioned,not_mentioned,not_mentioned,not_mentioned
Donna M NDE 2615/3196 NDE 3196,nderf,data\nderf\00850_donna-m-nde-2615-3196-nde-3196.json,Indeterminate,0,False,False,False,family_responsibility,implied,not_mentioned,not_mentioned,not_mentioned,not_mentioned,not_mentioned,not_mentioned,not_mentioned,not_mentioned
Stephen B FDE 2629 NDE 2629,nderf,data\nderf\00857_stephen-b-fde-2629-nde-2629.json,Indeterminate,0,False,False,False,not_mentioned,not_mentioned,not_mentioned,not_mentioned,not_mentioned,not_mentioned,not_mentioned,not_mentioned,not_mentioned,not_mentioned
Greta J NDE 2631,nderf,data\nderf\00859_greta-j-nde-2631.json,Indeterminate,0,False,False,False,not_mentioned,no,not_mentioned,not_mentioned,not_mentioned,not_mentioned,not_mentioned,not_mentioned,not_mentioned,not_mentioned
Jeanne NDE 2632,nderf,data\nderf\00860_jeanne-nde-2632.json,Indeterminate,0,False,False,False,family_responsibility,no,no,no,not_mentioned,not_mentioned,not_mentioned,implied,not_mentioned,no
Dustin M NDE 2635,nderf,data\nderf\00861_dustin-m-nde-2635.json,Indeterminate,0,False,False,False,not_your_time,no,not_mentioned,not_mentioned,not_mentioned,not_mentioned,not_mentioned,not_mentioned,not_mentioned,not_mentioned
Roger M NDE 2642,nderf,data\nderf\00865_roger-m-nde-2642.json,Indeterminate,0,False,False,False,not_mentioned,not_mentioned,not_mentioned,not_mentioned,not_mentioned,not_mentioned,not_mentioned,explicit,not_mentioned,not_mentioned
Dan NDE 2649,nderf,data\nderf\00869_dan-nde-2649.json,Indeterminate,0,False,False,False,not_your_time,no,no,no,not_mentioned,not_mentioned,not_mentioned,not_mentioned,not_mentioned,no
Bruna D NDE 2653,nderf,data\nderf\00870_bruna-d-nde-2653.json,Indeterminate,0,False,False,False,other,no,no,no,not_mentioned,not_mentioned,not_mentioned,not_mentioned,not_mentioned,no
Thomas R NDE 2657,nderf,data\nderf\00871_thomas-r-nde-2657.json,Indeterminate,0,False,False,False,other,implied,no,no,not_mentioned,not_mentioned,not_mentioned,not_mentioned,not_mentioned,no
Graham M NDE 2659,nderf,data\nderf\00872_graham-m-nde-2659.json,Indeterminate,0,False,False,False,no_reason_given,implied,no,no,not_mentioned,not_mentioned,not_mentioned,not_mentioned,not_mentioned,no
Grace C NDE 21190,nderf,data\nderf\00874_grace-c-nde-21190.json,Indeterminate,0,False,False,False,other,implied,no,no,not_mentioned,not_mentioned,not_mentioned,not_mentioned,not_mentioned,no
Jawad NDE 2573,nderf,data\nderf\00875_jawad-nde-2573.json,Indeterminate,0,False,False,False,not_mentioned,no,no,no,not_mentioned,not_mentioned,not_mentioned,not_mentioned,not_mentioned,no
Erika FS NDE 2591,nderf,data\nderf\00876_erika-fs-nde-2591.json,Indeterminate,0,False,False,False,not_mentioned,no,not_mentioned,not_mentioned,not_mentioned,not_mentioned,not_mentioned,not_mentioned,not_mentioned,no
Naomi F Probable NDE 2668,nderf,data\nderf\00878_naomi-f-probable-nde-2668.json,Indeterminate,0,False,False,False,not_your_time,not_mentioned,not_mentioned,no,not_mentioned,not_mentioned,not_mentioned,not_mentioned,none,no
Kim C NDE 2669,nderf,data\nderf\00879_kim-c-nde-2669.json,Indeterminate,0,False,False,False,not_your_time,yes_explicit,no,no,not_mentioned,not_mentioned,not_mentioned,not_mentioned,none,no
Missy B NDE 2676,nderf,data\nderf\00880_missy-b-nde-2676.json,Indeterminate,0,False,False,False,family_responsibility,yes_explicit,no,no,not_mentioned,not_mentioned,not_mentioned,not_mentioned,not_mentioned,no
Hillary H NDE 2677,nderf,data\nderf\00881_hillary-h-nde-2677.json,Indeterminate,0,False,False,False,not_mentioned,no,not_mentioned,not_mentioned,not_mentioned,not_mentioned,not_mentioned,not_mentioned,not_mentioned,not_mentioned
Bobby NDE 2678,nderf,data\nderf\00882_bobby-nde-2678.json,Indeterminate,0,False,False,False,not_mentioned,no,no,no,not_mentioned,not_mentioned,not_mentioned,not_mentioned,none,no
Maria C Possible NDE 2484,nderf,data\nderf\00883_maria-c-possible-nde-2484.json,Indeterminate,0,False,False,False,not_mentioned,no,not_mentioned,not_mentioned,not_mentioned,not_mentioned,not_mentioned,not_mentioned,not_mentioned,not_mentioned
Jim W NDE 2681,nderf,data\nderf\00885_jim-w-nde-2681.json,Indeterminate,0,False,False,False,not_mentioned,no,no,no,not_mentioned,not_mentioned,not_mentioned,not_mentioned,not_mentioned,no
Jenner A Possible NDE 2688,nderf,data\nderf\00886_jenner-a-possible-nde-2688.json,Indeterminate,0,False,False,False,not_mentioned,not_mentioned,not_mentioned,no,not_mentioned,not_mentioned,not_mentioned,not_mentioned,none,no
Esteban FR NDE 2670,nderf,data\nderf\00889_esteban-fr-nde-2670.json,Indeterminate,0,False,False,False,no_reason_given,no,no,no,not_mentioned,not_mentioned,not_mentioned,not_mentioned,none,no
Jackie H NDE 2690,nderf,data\nderf\00891_jackie-h-nde-2690.json,Indeterminate,0,False,False,False,not_mentioned,no,no,no,not_mentioned,not_mentioned,not_mentioned,not_mentioned,not_mentioned,no
Pietro B NDE 2661,nderf,data\nderf\00893_pietro-b-nde-2661.json,Indeterminate,0,False,False,False,no_reason_given,not_mentioned,not_mentioned,no,not_mentioned,not_mentioned,not_mentioned,not_mentioned,not_mentioned,no
Richard S NDE 2694,nderf,data\nderf\00894_richard-s-nde-2694.json,Indeterminate,0,False,False,False,not_mentioned,no,not_mentioned,not_mentioned,not_mentioned,not_mentioned,not_mentioned,not_mentioned,not_mentioned,not_mentioned
Peter M NDE 2701,nderf,data\nderf\00896_peter-m-nde-2701.json,Indeterminate,0,False,False,False,not_mentioned,implied,not_mentioned,not_mentioned,not_mentioned,not_mentioned,not_mentioned,not_mentioned,not_mentioned,not_mentioned
Margaret B NDE 21239,nderf,data\nderf\00897_margaret-b-nde-21239.json,Indeterminate,0,False,False,False,no_reason_given,not_mentioned,not_mentioned,not_mentioned,not_mentioned,not_mentioned,not_mentioned,not_mentioned,not_mentioned,not_mentioned
Denise NDE 21249,nderf,data\nderf\00898_denise-nde-21249.json,Indeterminate,0,False,False,False,not_your_time,no,no,no,not_mentioned,not_mentioned,not_mentioned,not_mentioned,not_mentioned,no
Debra J NDE 2705,nderf,data\nderf\00901_debra-j-nde-2705.json,Indeterminate,0,False,False,False,other,implied,no,not_mentioned,not_mentioned,not_mentioned,not_mentioned,no,not_mentioned,not_mentioned
Joe D NDE 2708,nderf,data\nderf\00902_joe-d-nde-2708.json,Indeterminate,0,False,False,False,not_mentioned,not_mentioned,not_mentioned,not_mentioned,not_mentioned,not_mentioned,not_mentioned,not_mentioned,not_mentioned,not_mentioned
Theodore R NDE 2711,nderf,data\nderf\00903_theodore-r-nde-2711.json,Indeterminate,0,False,False,False,no_reason_given,no,not_mentioned,not_mentioned,not_mentioned,not_mentioned,not_mentioned,not_mentioned,not_mentioned,not_mentioned
Loran G NDE 2713,nderf,data\nderf\00905_loran-g-nde-2713.json,Indeterminate,0,False,False,False,family_responsibility,not_mentioned,not_mentioned,not_mentioned,not_mentioned,not_mentioned,not_mentioned,not_mentioned,not_mentioned,not_mentioned
Nora F NDE 2714,nderf,data\nderf\00906_nora-f-nde-2714.json,Indeterminate,0,False,False,False,not_mentioned,no,not_mentioned,not_mentioned,not_mentioned,not_mentioned,not_mentioned,not_mentioned,not_mentioned,not_mentioned
Ricky S NDE 2715,nderf,data\nderf\00907_ricky-s-nde-2715.json,Indeterminate,0,False,False,False,no_reason_given,no,no,no,not_mentioned,not_mentioned,not_mentioned,not_mentioned,none,no
Shelley S NDE 2720,nderf,data\nderf\00908_shelley-s-nde-2720.json,Indeterminate,0,False,False,False,no_reason_given,implied,no,not_mentioned,not_mentioned,not_mentioned,not_mentioned,not_mentioned,not_mentioned,not_mentioned
Bryan Z NDE 2725,nderf,data\nderf\00909_bryan-z-nde-2725.json,Indeterminate,0,False,False,False,not_mentioned,no,no,no,not_mentioned,not_mentioned,not_mentioned,not_mentioned,none,no
Jared C NDE 2728,nderf,data\nderf\00910_jared-c-nde-2728.json,Indeterminate,0,False,False,False,not_mentioned,no,not_mentioned,not_mentioned,not_mentioned,not_mentioned,not_mentioned,not_mentioned,not_mentioned,not_mentioned
Mari E NDE 2742,nderf,data\nderf\00914_mari-e-nde-2742.json,Indeterminate,0,False,False,False,not_mentioned,no,no,not_mentioned,not_mentioned,not_mentioned,not_mentioned,not_mentioned,not_mentioned,not_mentioned
Oscar S NDE 2732,nderf,data\nderf\00915_oscar-s-nde-2732.json,Indeterminate,0,False,False,False,not_mentioned,not_mentioned,not_mentioned,not_mentioned,not_mentioned,not_mentioned,not_mentioned,not_mentioned,not_mentioned,not_mentioned
Pat NDE 2736,nderf,data\nderf\00916_pat-nde-2736.json,Indeterminate,0,False,False,False,not_your_time,no,not_mentioned,not_mentioned,not_mentioned,not_mentioned,not_mentioned,not_mentioned,not_mentioned,not_mentioned
Maria R NDE 2738,nderf,data\nderf\00917_maria-r-nde-2738.json,Indeterminate,0,False,False,False,family_responsibility,not_mentioned,not_mentioned,not_mentioned,not_mentioned,not_mentioned,not_mentioned,not_mentioned,not_mentioned,not_mentioned
Jessica W NDE 2710,nderf,data\nderf\00918_jessica-w-nde-2710.json,Indeterminate,0,False,False,False,not_your_time,no,no,no,not_mentioned,not_mentioned,not_mentioned,not_mentioned,none,no
Joy H NDE 2749,nderf,data\nderf\00922_joy-h-nde-2749.json,Indeterminate,0,False,False,False,family_responsibility,no,not_mentioned,not_mentioned,not_mentioned,not_mentioned,not_mentioned,not_mentioned,not_mentioned,not_mentioned
Dr. Sahar NDE 16004,nderf,data\nderf\00923_dr-sahar-nde-16004.json,Indeterminate,0,False,False,False,not_mentioned,not_mentioned,not_mentioned,not_mentioned,not_mentioned,not_mentioned,not_mentioned,not_mentioned,not_mentioned,not_mentioned
Francis McG NDE 2750,nderf,data\nderf\00925_francis-mcg-nde-2750.json,Indeterminate,0,False,False,False,not_your_time,no,no,no,not_mentioned,not_mentioned,not_mentioned,not_mentioned,not_mentioned,no
Craig B NDE 21292,nderf,data\nderf\00926_craig-b-nde-21292.json,Indeterminate,0,False,False,False,not_mentioned,no,no,no,not_mentioned,not_mentioned,not_mentioned,not_mentioned,not_mentioned,no
G M NDE 21295,nderf,data\nderf\00927_g-m-nde-21295.json,Indeterminate,0,False,False,False,not_mentioned,not_mentioned,not_mentioned,not_mentioned,not_mentioned,not_mentioned,not_mentioned,not_mentioned,not_mentioned,not_mentioned
Suzanne R NDE 21308,nderf,data\nderf\00928_suzanne-r-nde-21308.json,Indeterminate,0,False,False,False,not_mentioned,not_mentioned,not_mentioned,not_mentioned,not_mentioned,not_mentioned,not_mentioned,not_mentioned,not_mentioned,not_mentioned
Mel NDE 21309,nderf,data\nderf\00929_mel-nde-21309.json,Indeterminate,0,False,False,False,not_mentioned,not_mentioned,not_mentioned,not_mentioned,not_mentioned,not_mentioned,not_mentioned,not_mentioned,not_mentioned,not_mentioned
Roy G NDE 3200,nderf,data\nderf\00929_roy-g-nde-3200.json,Indeterminate,0,False,False,False,not_mentioned,not_mentioned,not_mentioned,not_mentioned,not_mentioned,not_mentioned,not_mentioned,not_mentioned,not_mentioned,not_mentioned
Barney A NDE 21321,nderf,data\nderf\00931_barney-a-nde-21321.json,Indeterminate,0,False,False,False,not_mentioned,not_mentioned,not_mentioned,not_mentioned,not_mentioned,not_mentioned,not_mentioned,not_mentioned,not_mentioned,not_mentioned
Christopher R Possible NDE 2773,nderf,data\nderf\00932_christopher-r-possible-nde-2773.json,Indeterminate,0,False,False,False,not_mentioned,yes_explicit,no,not_mentioned,not_mentioned,not_mentioned,not_mentioned,not_mentioned,not_mentioned,not_mentioned
Jill NDE 2771,nderf,data\nderf\00934_jill-nde-2771.json,Indeterminate,0,False,False,False,not_mentioned,no,not_mentioned,not_mentioned,not_mentioned,not_mentioned,not_mentioned,not_mentioned,not_mentioned,not_mentioned
Florence O NDE 2765,nderf,data\nderf\00935_florence-o-nde-2765.json,Indeterminate,0,False,False,False,no_reason_given,no,not_mentioned,not_mentioned,not_mentioned,not_mentioned,not_mentioned,not_mentioned,not_mentioned,not_mentioned
Julie C NDE 2752,nderf,data\nderf\00938_julie-c-nde-2752.json,Indeterminate,0,False,False,False,not_your_time,implied,no,no,not_mentioned,not_mentioned,not_mentioned,not_mentioned,none,no
Lori H NDE 2756,nderf,data\nderf\00939_lori-h-nde-2756.json,Indeterminate,0,False,False,False,not_mentioned,no,no,not_mentioned,not_mentioned,not_mentioned,not_mentioned,not_mentioned,not_mentioned,not_mentioned
Catherine R NDE 2441/2781/4977/2780 NDE 2780,nderf,data\nderf\00940_catherine-r-nde-2441-2781-4977-2780-nde-2780.json,Indeterminate,0,False,False,False,not_your_time,not_mentioned,no,not_mentioned,not_mentioned,not_mentioned,not_mentioned,no,not_mentioned,not_mentioned
Dromo S NDE 2718,nderf,data\nderf\00942_dromo-s-nde-2718.json,Indeterminate,0,False,False,False,not_mentioned,no,not_mentioned,not_mentioned,not_mentioned,not_mentioned,not_mentioned,not_mentioned,not_mentioned,not_mentioned
Chrystal W NDE 2796,nderf,data\nderf\00944_chrystal-w-nde-2796.json,Indeterminate,0,False,False,False,not_mentioned,not_mentioned,not_mentioned,not_mentioned,not_mentioned,not_mentioned,not_mentioned,not_mentioned,not_mentioned,not_mentioned
FS NDE 21336,nderf,data\nderf\00945_fs-nde-21336.json,Indeterminate,0,False,False,False,not_mentioned,not_mentioned,not_mentioned,not_mentioned,not_mentioned,not_mentioned,not_mentioned,not_mentioned,not_mentioned,not_mentioned
Suki M Possible NDE 2785,nderf,data\nderf\00946_suki-m-possible-nde-2785.json,Indeterminate,0,False,False,False,no_reason_given,no,no,no,not_mentioned,not_mentioned,not_mentioned,not_mentioned,not_mentioned,no
Lynn R Possible NDE 2792,nderf,data\nderf\00948_lynn-r-possible-nde-2792.json,Indeterminate,0,False,False,False,not_your_time,not_mentioned,not_mentioned,not_mentioned,not_mentioned,not_mentioned,not_mentioned,not_mentioned,not_mentioned,not_mentioned
Kent M NDE 2788,nderf,data\nderf\00949_kent-m-nde-2788.json,Indeterminate,0,False,False,False,other,implied,no,no,not_mentioned,not_mentioned,not_mentioned,not_mentioned,not_mentioned,no
Marjorie H NDE 21359,nderf,data\nderf\00953_marjorie-h-nde-21359.json,Indeterminate,0,False,False,False,no_reason_given,not_mentioned,not_mentioned,not_mentioned,not_mentioned,not_mentioned,not_mentioned,not_mentioned,not_mentioned,not_mentioned
Javed A NDE 2801,nderf,data\nderf\00955_javed-a-nde-2801.json,Indeterminate,0,False,False,False,not_mentioned,no,not_mentioned,not_mentioned,not_mentioned,not_mentioned,not_mentioned,implied,not_mentioned,not_mentioned
Barney M NDE 2812,nderf,data\nderf\00957_barney-m-nde-2812.json,Indeterminate,0,False,False,False,not_your_time,no,not_mentioned,not_mentioned,not_mentioned,not_mentioned,not_mentioned,not_mentioned,not_mentioned,not_mentioned
Ken L Intensive Care Unit Experience 2816 NDE 2816,nderf,data\nderf\00958_ken-l-intensive-care-unit-experience-2816-nde-2816.json,Indeterminate,0,False,False,False,not_mentioned,not_mentioned,not_mentioned,no,not_mentioned,not_mentioned,not_mentioned,no,not_mentioned,no
Dr. Ralph H NDE 2820,nderf,data\nderf\00959_dr-ralph-h-nde-2820.json,Indeterminate,0,False,False,False,family_responsibility,not_mentioned,no,no,not_mentioned,not_mentioned,not_mentioned,not_mentioned,none,no
Jan S NDE 2825,nderf,data\nderf\00962_jan-s-nde-2825.json,Indeterminate,0,False,False,False,not_mentioned,not_mentioned,not_mentioned,no,not_mentioned,not_mentioned,not_mentioned,explicit,not_mentioned,no
Timi G Probable NDE 2826,nderf,data\nderf\00963_timi-g-probable-nde-2826.json,Indeterminate,0,False,False,False,not_mentioned,no,no,no,not_mentioned,not_mentioned,not_mentioned,not_mentioned,not_mentioned,no
Christine D NDE 2830,nderf,data\nderf\00967_christine-d-nde-2830.json,Indeterminate,0,False,False,False,not_your_time,not_mentioned,not_mentioned,no,not_mentioned,not_mentioned,not_mentioned,not_mentioned,not_mentioned,no
Brian B NDE 2834,nderf,data\nderf\00969_brian-b-nde-2834.json,Indeterminate,0,False,False,False,no_reason_given,no,no,no,not_mentioned,not_mentioned,not_mentioned,not_mentioned,none,no
Seedhom B Probable NDE 2415,nderf,data\nderf\00970_seedhom-b-probable-nde-2415.json,Indeterminate,0,False,False,False,not_mentioned,no,not_mentioned,not_mentioned,not_mentioned,not_mentioned,not_mentioned,not_mentioned,not_mentioned,not_mentioned
Zaya Probable NDE 2729,nderf,data\nderf\00971_zaya-probable-nde-2729.json,Indeterminate,0,False,False,False,not_mentioned,no,not_mentioned,not_mentioned,not_mentioned,not_mentioned,not_mentioned,not_mentioned,not_mentioned,not_mentioned
Phillip O NDE 21396,nderf,data\nderf\00972_phillip-o-nde-21396.json,Indeterminate,0,False,False,False,no_reason_given,not_mentioned,not_mentioned,not_mentioned,not_mentioned,not_mentioned,not_mentioned,not_mentioned,not_mentioned,not_mentioned
Peter D NDE 21408,nderf,data\nderf\00973_peter-d-nde-21408.json,Indeterminate,0,False,False,False,not_mentioned,not_mentioned,not_mentioned,not_mentioned,not_mentioned,not_mentioned,not_mentioned,not_mentioned,not_mentioned,not_mentioned
Barbara J NDE 2847,nderf,data\nderf\00977_barbara-j-nde-2847.json,Indeterminate,0,False,False,False,not_your_time,no,no,no,not_mentioned,not_mentioned,not_mentioned,not_mentioned,none,no
Udon T NDE 2851,nderf,data\nderf\00979_udon-t-nde-2851.json,Indeterminate,0,False,False,False,not_mentioned,no,no,no,not_mentioned,not_mentioned,not_mentioned,not_mentioned,not_mentioned,no
Angel S NDE 2854,nderf,data\nderf\00980_angel-s-nde-2854.json,Indeterminate,0,False,False,False,not_mentioned,implied,no,no,not_mentioned,not_mentioned,not_mentioned,not_mentioned,not_mentioned,no
Bilge M NDE 2593,nderf,data\nderf\00981_bilge-m-nde-2593.json,Indeterminate,0,False,False,False,other,no,no,no,not_mentioned,not_mentioned,not_mentioned,not_mentioned,not_mentioned,no
Hellen C Probable NDE 2685,nderf,data\nderf\00982_hellen-c-probable-nde-2685.json,Indeterminate,0,False,False,False,no_reason_given,implied,no,not_mentioned,not_mentioned,not_mentioned,not_mentioned,not_mentioned,not_mentioned,not_mentioned
Friend G NDE 2856,nderf,data\nderf\00984_friend-g-nde-2856.json,Indeterminate,0,False,False,False,not_mentioned,not_mentioned,not_mentioned,not_mentioned,not_mentioned,not_mentioned,not_mentioned,not_mentioned,not_mentioned,not_mentioned
Arlette KY NDE 2858,nderf,data\nderf\00986_arlette-ky-nde-2858.json,Indeterminate,0,False,False,False,not_mentioned,not_mentioned,not_mentioned,not_mentioned,not_mentioned,not_mentioned,not_mentioned,not_mentioned,not_mentioned,not_mentioned
Anne C NDE 2860,nderf,data\nderf\00987_anne-c-nde-2860.json,Indeterminate,0,False,False,False,not_mentioned,no,not_mentioned,not_mentioned,not_mentioned,not_mentioned,not_mentioned,not_mentioned,not_mentioned,not_mentioned
Kiko M NDE 2865,nderf,data\nderf\00988_kiko-m-nde-2865.json,Indeterminate,0,False,False,False,not_your_time,no,no,no,not_mentioned,not_mentioned,not_mentioned,no,none,no
Murilo F NDE 2757,nderf,data\nderf\00994_murilo-f-nde-2757.json,Indeterminate,0,False,False,False,not_mentioned,yes_explicit,not_mentioned,not_mentioned,not_mentioned,not_mentioned,not_mentioned,not_mentioned,not_mentioned,not_mentioned
Jim L Probable NDE 2845,nderf,data\nderf\00997_jim-l-probable-nde-2845.json,Indeterminate,0,False,False,False,not_mentioned,no,no,no,not_mentioned,not_mentioned,not_mentioned,explicit,not_mentioned,no
Amro NDE 2814,nderf,data\nderf\00998_amro-nde-2814.json,Indeterminate,0,False,False,False,family_responsibility,no,no,no,not_mentioned,not_mentioned,not_mentioned,not_mentioned,not_mentioned,no
BV NDE 16007,nderf,data\nderf\00999_bv-nde-16007.json,Indeterminate,0,False,False,False,not_your_time,implied,no,no,not_mentioned,not_mentioned,not_mentioned,not_mentioned,not_mentioned,no
Will Y NDE 21434,nderf,data\nderf\01000_will-y-nde-21434.json,Indeterminate,0,False,False,False,other,not_mentioned,not_mentioned,not_mentioned,not_mentioned,not_mentioned,not_mentioned,not_mentioned,not_mentioned,not_mentioned
Peter K NDE 2877,nderf,data\nderf\01001_peter-k-nde-2877.json,Indeterminate,0,False,False,False,family_responsibility,not_mentioned,not_mentioned,not_mentioned,not_mentioned,not_mentioned,not_mentioned,not_mentioned,not_mentioned,not_mentioned
Joseph V NDE 2879,nderf,data\nderf\01002_joseph-v-nde-2879.json,Indeterminate,0,False,False,False,not_mentioned,implied,not_mentioned,not_mentioned,not_mentioned,not_mentioned,not_mentioned,not_mentioned,not_mentioned,not_mentioned
Matthew J NDE 2885,nderf,data\nderf\01003_matthew-j-nde-2885.json,Indeterminate,0,False,False,False,not_mentioned,no,not_mentioned,no,not_mentioned,not_mentioned,not_mentioned,not_mentioned,not_mentioned,no
Sharon L NDE 2886,nderf,data\nderf\01004_sharon-l-nde-2886.json,Indeterminate,0,False,False,False,not_mentioned,yes_explicit,no,not_mentioned,not_mentioned,not_mentioned,not_mentioned,not_mentioned,not_mentioned,not_mentioned
Stephanie L NDE 2887,nderf,data\nderf\01005_stephanie-l-nde-2887.json,Indeterminate,0,False,False,False,not_mentioned,no,no,not_mentioned,not_mentioned,not_mentioned,not_mentioned,implied,not_mentioned,no
Melanie K NDE 2891,nderf,data\nderf\01006_melanie-k-nde-2891.json,Indeterminate,0,False,False,False,other,no,no,not_mentioned,not_mentioned,not_mentioned,not_mentioned,not_mentioned,not_mentioned,no
James NDE 2893,nderf,data\nderf\01007_james-nde-2893.json,Indeterminate,0,False,False,False,not_mentioned,not_mentioned,not_mentioned,not_mentioned,not_mentioned,not_mentioned,not_mentioned,not_mentioned,not_mentioned,not_mentioned
Wendy C NDE 2897,nderf,data\nderf\01008_wendy-c-nde-2897.json,Indeterminate,0,False,False,False,not_mentioned,implied,no,not_mentioned,not_mentioned,not_mentioned,not_mentioned,not_mentioned,not_mentioned,not_mentioned
Araceli S NDE 2906,nderf,data\nderf\01012_araceli-s-nde-2906.json,Indeterminate,0,False,False,False,not_mentioned,not_mentioned,not_mentioned,not_mentioned,not_mentioned,not_mentioned,not_mentioned,not_mentioned,not_mentioned,not_mentioned
Floyd NDE 2908,nderf,data\nderf\01013_floyd-nde-2908.json,Indeterminate,0,False,False,False,not_your_time,implied,not_mentioned,not_mentioned,not_mentioned,not_mentioned,not_mentioned,not_mentioned,not_mentioned,not_mentioned
Cono J NDE 2914,nderf,data\nderf\01014_cono-j-nde-2914.json,Indeterminate,0,False,False,False,not_mentioned,no,not_mentioned,no,not_mentioned,not_mentioned,not_mentioned,no,not_mentioned,not_mentioned
Thomas B NDE 2915,nderf,data\nderf\01015_thomas-b-nde-2915.json,Indeterminate,0,False,False,False,not_your_time,implied,no,not_mentioned,not_mentioned,not_mentioned,not_mentioned,not_mentioned,not_mentioned,no
Sally F NDE 2918,nderf,data\nderf\01016_sally-f-nde-2918.json,Indeterminate,0,False,False,False,not_mentioned,no,no,no,not_mentioned,not_mentioned,not_mentioned,no,none,no
Glen S NDE 2919,nderf,data\nderf\01017_glen-s-nde-2919.json,Indeterminate,0,False,False,False,no_reason_given,not_mentioned,not_mentioned,not_mentioned,not_mentioned,not_mentioned,not_mentioned,explicit,not_mentioned,not_mentioned
Andrea C NDE 2920,nderf,data\nderf\01018_andrea-c-nde-2920.json,Indeterminate,0,False,False,False,no_reason_given,no,not_mentioned,not_mentioned,not_mentioned,not_mentioned,not_mentioned,explicit,not_mentioned,not_mentioned
Jose M NDE 21460,nderf,data\nderf\01020_jose-m-nde-21460.json,Indeterminate,0,False,False,False,no_reason_given,not_mentioned,not_mentioned,not_mentioned,not_mentioned,not_mentioned,not_mentioned,not_mentioned,not_mentioned,not_mentioned
Davida A NDE 2930,nderf,data\nderf\01021_davida-a-nde-2930.json,Indeterminate,0,False,False,False,not_mentioned,implied,no,not_mentioned,not_mentioned,not_mentioned,not_mentioned,not_mentioned,not_mentioned,no
Francesca T NDE 2940,nderf,data\nderf\01024_francesca-t-nde-2940.json,Indeterminate,0,False,False,False,not_mentioned,no,not_mentioned,not_mentioned,not_mentioned,not_mentioned,not_mentioned,not_mentioned,not_mentioned,not_mentioned
Carlos EA NDE 2761,nderf,data\nderf\01025_carlos-ea-nde-2761.json,Indeterminate,0,False,False,False,not_your_time,no,not_mentioned,not_mentioned,not_mentioned,not_mentioned,not_mentioned,not_mentioned,not_mentioned,not_mentioned
Greg C NDE 2787,nderf,data\nderf\01026_greg-c-nde-2787.json,Indeterminate,0,False,False,False,not_mentioned,not_mentioned,no,no,not_mentioned,not_mentioned,not_mentioned,not_mentioned,not_mentioned,no
Graham B NDE 2943,nderf,data\nderf\01027_graham-b-nde-2943.json,Indeterminate,0,False,False,False,not_mentioned,no,not_mentioned,not_mentioned,not_mentioned,not_mentioned,not_mentioned,not_mentioned,not_mentioned,not_mentioned
Anthony R NDE 2947,nderf,data\nderf\01028_anthony-r-nde-2947.json,Indeterminate,0,False,False,False,not_your_time,no,no,not_mentioned,not_mentioned,not_mentioned,not_mentioned,not_mentioned,not_mentioned,not_mentioned
Anthony K NDE 2944,nderf,data\nderf\01029_anthony-k-nde-2944.json,Indeterminate,0,False,False,False,not_mentioned,no,no,no,not_mentioned,not_mentioned,not_mentioned,not_mentioned,none,no
Mickie S NDE 2806,nderf,data\nderf\01032_mickie-s-nde-2806.json,Indeterminate,0,False,False,False,not_mentioned,no,no,no,not_mentioned,not_mentioned,not_mentioned,not_mentioned,not_mentioned,no
Irene L NDE 2795,nderf,data\nderf\01033_irene-l-nde-2795.json,Indeterminate,0,False,False,False,not_your_time,not_mentioned,not_mentioned,not_mentioned,not_mentioned,not_mentioned,not_mentioned,not_mentioned,not_mentioned,not_mentioned
Kim H NDE 2804,nderf,data\nderf\01034_kim-h-nde-2804.json,Indeterminate,0,False,False,False,not_your_time,no,not_mentioned,not_mentioned,not_mentioned,not_mentioned,not_mentioned,not_mentioned,not_mentioned,not_mentioned
Warida NDE 2870,nderf,data\nderf\01035_warida-nde-2870.json,Indeterminate,0,False,False,False,other,no,no,no,not_mentioned,not_mentioned,not_mentioned,no,none,no
RF NDE 2910,nderf,data\nderf\01039_rf-nde-2910.json,Indeterminate,0,False,False,False,not_your_time,not_mentioned,not_mentioned,not_mentioned,not_mentioned,not_mentioned,not_mentioned,explicit,not_mentioned,not_mentioned
Damien M NDE 21481,nderf,data\nderf\01040_damien-m-nde-21481.json,Indeterminate,0,False,False,False,not_mentioned,no,no,no,not_mentioned,not_mentioned,not_mentioned,not_mentioned,not_mentioned,no
Sally S NDE 21484,nderf,data\nderf\01041_sally-s-nde-21484.json,Indeterminate,0,False,False,False,not_your_time,yes_explicit,not_mentioned,no,not_mentioned,not_mentioned,not_mentioned,not_mentioned,not_mentioned,no
Steve F NDE 2954,nderf,data\nderf\01042_steve-f-nde-2954.json,Indeterminate,0,False,False,False,family_responsibility,no,no,no,not_mentioned,not_mentioned,not_mentioned,no,none,no
Steven T NDE 2956,nderf,data\nderf\01043_steven-t-nde-2956.json,Indeterminate,0,False,False,False,not_your_time,implied,no,no,not_mentioned,not_mentioned,not_mentioned,no,none,no
Tim B NDE 2957,nderf,data\nderf\01044_tim-b-nde-2957.json,Indeterminate,0,False,False,False,not_mentioned,not_mentioned,not_mentioned,not_mentioned,not_mentioned,not_mentioned,not_mentioned,not_mentioned,not_mentioned,no
Denise M NDE 2959,nderf,data\nderf\01045_denise-m-nde-2959.json,Indeterminate,0,False,False,False,not_mentioned,not_mentioned,not_mentioned,no,not_mentioned,not_mentioned,not_mentioned,not_mentioned,not_mentioned,no
Cory P NDE 2963,nderf,data\nderf\01047_cory-p-nde-2963.json,Indeterminate,0,False,False,False,not_mentioned,not_mentioned,not_mentioned,not_mentioned,not_mentioned,not_mentioned,not_mentioned,not_mentioned,not_mentioned,not_mentioned
Della M NDE 2966,nderf,data\nderf\01050_della-m-nde-2966.json,Indeterminate,0,False,False,False,family_responsibility,no,no,not_mentioned,not_mentioned,not_mentioned,not_mentioned,not_mentioned,not_mentioned,not_mentioned
Robert E NDE 2967,nderf,data\nderf\01051_robert-e-nde-2967.json,Indeterminate,0,False,False,False,family_responsibility,no,not_mentioned,not_mentioned,not_mentioned,not_mentioned,not_mentioned,not_mentioned,not_mentioned,not_mentioned
RoseMarie W NDE 2968,nderf,data\nderf\01052_rosemarie-w-nde-2968.json,Indeterminate,0,False,False,False,other,no,not_mentioned,not_mentioned,not_mentioned,not_mentioned,not_mentioned,not_mentioned,not_mentioned,not_mentioned
Violet P NDE 2969,nderf,data\nderf\01053_violet-p-nde-2969.json,Indeterminate,0,False,False,False,family_responsibility,no,not_mentioned,not_mentioned,not_mentioned,not_mentioned,not_mentioned,not_mentioned,not_mentioned,not_mentioned
Janice H NDE 2971,nderf,data\nderf\01054_janice-h-nde-2971.json,Indeterminate,0,False,False,False,not_your_time,implied,no,no,not_mentioned,not_mentioned,not_mentioned,implied,not_mentioned,no
Larry B NDE 2975,nderf,data\nderf\01055_larry-b-nde-2975.json,Indeterminate,0,False,False,False,not_your_time,yes_explicit,no,not_mentioned,not_mentioned,not_mentioned,not_mentioned,not_mentioned,not_mentioned,not_mentioned
Diana R NDE 2976,nderf,data\nderf\01056_diana-r-nde-2976.json,Indeterminate,0,False,False,False,not_your_time,yes_explicit,no,no,not_mentioned,not_mentioned,not_mentioned,not_mentioned,not_mentioned,no
Cameron H NDE 2985,nderf,data\nderf\01059_cameron-h-nde-2985.json,Indeterminate,0,False,False,False,no_reason_given,no,no,no,not_mentioned,not_mentioned,not_mentioned,no,not_mentioned,no
Sandra J NDE 2987,nderf,data\nderf\01060_sandra-j-nde-2987.json,Indeterminate,0,False,False,False,family_responsibility,no,not_mentioned,not_mentioned,not_mentioned,not_mentioned,not_mentioned,not_mentioned,not_mentioned,not_mentioned
Howardena P NDE 2995,nderf,data\nderf\01061_howardena-p-nde-2995.json,Indeterminate,0,False,False,False,not_mentioned,no,not_mentioned,not_mentioned,not_mentioned,not_mentioned,not_mentioned,no,not_mentioned,not_mentioned
Connie L NDE 2996,nderf,data\nderf\01062_connie-l-nde-2996.json,Indeterminate,0,False,False,False,family_responsibility,no,no,no,not_mentioned,not_mentioned,not_mentioned,not_mentioned,not_mentioned,no
Marlene K NDE 3000,nderf,data\nderf\01063_marlene-k-nde-3000.json,Indeterminate,0,False,False,False,not_mentioned,not_mentioned,no,no,not_mentioned,not_mentioned,not_mentioned,no,none,no
Roy F NDE 3001,nderf,data\nderf\01064_roy-f-nde-3001.json,Indeterminate,0,False,False,False,not_mentioned,not_mentioned,not_mentioned,not_mentioned,not_mentioned,not_mentioned,not_mentioned,not_mentioned,not_mentioned,not_mentioned
Dave A NDE 3003,nderf,data\nderf\01065_dave-a-nde-3003.json,Indeterminate,0,False,False,False,not_mentioned,not_mentioned,no,no,not_mentioned,not_mentioned,not_mentioned,not_mentioned,not_mentioned,no
Mark M NDE 3017,nderf,data\nderf\01067_mark-m-nde-3017.json,Indeterminate,0,False,False,False,not_mentioned,not_mentioned,not_mentioned,not_mentioned,not_mentioned,not_mentioned,not_mentioned,not_mentioned,not_mentioned,not_mentioned
Bernardita B NDE 3020,nderf,data\nderf\01069_bernardita-b-nde-3020.json,Indeterminate,0,False,False,False,not_your_time,no,no,no,not_mentioned,not_mentioned,not_mentioned,not_mentioned,none,no
Edward H NDE 3022,nderf,data\nderf\01070_edward-h-nde-3022.json,Indeterminate,0,False,False,False,no_reason_given,not_mentioned,not_mentioned,not_mentioned,not_mentioned,not_mentioned,not_mentioned,not_mentioned,not_mentioned,not_mentioned
Corinne TL NDE 16008,nderf,data\nderf\01071_corinne-tl-nde-16008.json,Indeterminate,0,False,False,False,not_mentioned,no,no,no,not_mentioned,not_mentioned,not_mentioned,not_mentioned,none,no
Hope S NDE 3026,nderf,data\nderf\01073_hope-s-nde-3026.json,Indeterminate,0,False,False,False,not_mentioned,no,no,not_mentioned,not_mentioned,both,not_mentioned,implied,not_mentioned,not_mentioned
Diane N NDE 3029,nderf,data\nderf\01075_diane-n-nde-3029.json,Indeterminate,0,False,False,False,not_mentioned,not_mentioned,not_mentioned,not_mentioned,not_mentioned,not_mentioned,not_mentioned,not_mentioned,not_mentioned,not_mentioned
Norma H NDE 3031,nderf,data\nderf\01076_norma-h-nde-3031.json,Indeterminate,0,False,False,False,other,no,no,no,not_mentioned,not_mentioned,not_mentioned,not_mentioned,not_mentioned,no
K.C. R NDE 3036,nderf,data\nderf\01077_k-c-r-nde-3036.json,Indeterminate,0,False,False,False,no_reason_given,no,no,no,not_mentioned,not_mentioned,not_mentioned,not_mentioned,not_mentioned,no
Russell W NDE 3041,nderf,data\nderf\01078_russell-w-nde-3041.json,Indeterminate,0,False,False,False,not_mentioned,not_mentioned,not_mentioned,not_mentioned,not_mentioned,not_mentioned,not_mentioned,explicit,not_mentioned,not_mentioned
Jennifer NDE 3044,nderf,data\nderf\01079_jennifer-nde-3044.json,Indeterminate,0,False,False,False,not_mentioned,no,not_mentioned,not_mentioned,not_mentioned,not_mentioned,not_mentioned,not_mentioned,not_mentioned,not_mentioned
Glenda H NDE 3045,nderf,data\nderf\01080_glenda-h-nde-3045.json,Indeterminate,0,False,False,False,no_reason_given,no,no,no,not_mentioned,not_mentioned,not_mentioned,not_mentioned,not_mentioned,no
Mary P NDE 3051,nderf,data\nderf\01082_mary-p-nde-3051.json,Indeterminate,0,False,False,False,family_responsibility,no,no,no,not_mentioned,not_mentioned,not_mentioned,implied,not_mentioned,no
Christopher R NDE 3056,nderf,data\nderf\01084_christopher-r-nde-3056.json,Indeterminate,0,False,False,False,other,no,no,no,not_mentioned,not_mentioned,not_mentioned,not_mentioned,not_mentioned,no
Dr. M. Ghalabi NDE 16010,nderf,data\nderf\01086_dr-m-ghalabi-nde-16010.json,Indeterminate,0,False,False,False,not_your_time,no,no,no,not_mentioned,not_mentioned,not_mentioned,not_mentioned,not_mentioned,no
Danielle B NDE 21538,nderf,data\nderf\01088_danielle-b-nde-21538.json,Indeterminate,0,False,False,False,not_your_time,implied,no,no,not_mentioned,not_mentioned,not_mentioned,not_mentioned,not_mentioned,no
Bill N NDE 21539,nderf,data\nderf\01089_bill-n-nde-21539.json,Indeterminate,0,False,False,False,not_mentioned,not_mentioned,not_mentioned,not_mentioned,not_mentioned,not_mentioned,not_mentioned,not_mentioned,not_mentioned,not_mentioned
Montse M Possible NDE 2933,nderf,data\nderf\01090_montse-m-possible-nde-2933.json,Indeterminate,0,False,False,False,not_mentioned,no,not_mentioned,not_mentioned,not_mentioned,not_mentioned,not_mentioned,not_mentioned,not_mentioned,not_mentioned
CG Possible NDE 2949,nderf,data\nderf\01091_cg-possible-nde-2949.json,Indeterminate,0,False,False,False,not_mentioned,no,not_mentioned,not_mentioned,not_mentioned,not_mentioned,not_mentioned,no,not_mentioned,not_mentioned
Maria S NDEs 2950 NDE 2950,nderf,data\nderf\01092_maria-s-ndes-2950-nde-2950.json,Indeterminate,0,False,False,False,not_your_time,no,no,no,not_mentioned,not_mentioned,not_mentioned,not_mentioned,not_mentioned,no
Rafeal EH NDE 2961,nderf,data\nderf\01093_rafeal-eh-nde-2961.json,Indeterminate,0,False,False,False,no_reason_given,no,no,no,not_mentioned,not_mentioned,not_mentioned,not_mentioned,none,no
Jean K NDE 3063,nderf,data\nderf\01095_jean-k-nde-3063.json,Indeterminate,0,False,False,False,not_mentioned,not_mentioned,not_mentioned,no,not_mentioned,not_mentioned,not_mentioned,not_mentioned,not_mentioned,no
Francesca DB NDE 3040,nderf,data\nderf\01096_francesca-db-nde-3040.json,Indeterminate,0,False,False,False,no_reason_given,no,no,no,not_mentioned,not_mentioned,not_mentioned,not_mentioned,not_mentioned,no
Eugenia NDE 3025,nderf,data\nderf\01097_eugenia-nde-3025.json,Indeterminate,0,False,False,False,no_reason_given,no,no,no,not_mentioned,not_mentioned,not_mentioned,not_mentioned,not_mentioned,no
Wayne R NDE 3066,nderf,data\nderf\01098_wayne-r-nde-3066.json,Indeterminate,0,False,False,False,no_reason_given,not_mentioned,not_mentioned,not_mentioned,not_mentioned,not_mentioned,not_mentioned,not_mentioned,not_mentioned,not_mentioned
William W NDE 3067,nderf,data\nderf\01099_william-w-nde-3067.json,Indeterminate,0,False,False,False,no_reason_given,implied,no,no,not_mentioned,not_mentioned,not_mentioned,not_mentioned,not_mentioned,no
Carolyn B NDE 3069,nderf,data\nderf\01100_carolyn-b-nde-3069.json,Indeterminate,0,False,False,False,not_your_time,not_mentioned,no,no,not_mentioned,not_mentioned,not_mentioned,not_mentioned,not_mentioned,no
Doris NDE 3050,nderf,data\nderf\01101_doris-nde-3050.json,Indeterminate,0,False,False,False,not_your_time,not_mentioned,not_mentioned,not_mentioned,not_mentioned,not_mentioned,not_mentioned,not_mentioned,not_mentioned,not_mentioned
Lala NDE 21555,nderf,data\nderf\01103_lala-nde-21555.json,Indeterminate,0,False,False,False,not_mentioned,no,not_mentioned,not_mentioned,not_mentioned,not_mentioned,not_mentioned,not_mentioned,not_mentioned,not_mentioned
Caroline S NDE 31279,nderf,data\nderf\01104_caroline-s-nde-31279.json,Indeterminate,0,False,False,False,not_your_time,not_mentioned,no,not_mentioned,not_mentioned,not_mentioned,not_mentioned,not_mentioned,not_mentioned,not_mentioned
Anne V NDE 3079,nderf,data\nderf\01106_anne-v-nde-3079.json,Indeterminate,0,False,False,False,family_responsibility,not_mentioned,not_mentioned,not_mentioned,not_mentioned,not_mentioned,not_mentioned,not_mentioned,not_mentioned,not_mentioned
Barbara R NDE 3096,nderf,data\nderf\01108_barbara-r-nde-3096.json,Indeterminate,0,False,False,False,no_reason_given,implied,no,no,not_mentioned,not_mentioned,not_mentioned,not_mentioned,not_mentioned,no
Cynthia R NDE 3097,nderf,data\nderf\01109_cynthia-r-nde-3097.json,Indeterminate,0,False,False,False,not_your_time,not_mentioned,not_mentioned,not_mentioned,not_mentioned,not_mentioned,not_mentioned,not_mentioned,not_mentioned,not_mentioned
Silvia NDE 3086,nderf,data\nderf\01111_silvia-nde-3086.json,Indeterminate,0,False,False,False,not_mentioned,no,no,no,not_mentioned,not_mentioned,not_mentioned,not_mentioned,not_mentioned,no
Teresa BH NDE 3100,nderf,data\nderf\01112_teresa-bh-nde-3100.json,Indeterminate,0,False,False,False,not_mentioned,not_mentioned,not_mentioned,not_mentioned,not_mentioned,not_mentioned,not_mentioned,not_mentioned,not_mentioned,not_mentioned
Douglas D NDE 3107,nderf,data\nderf\01113_douglas-d-nde-3107.json,Indeterminate,0,False,False,False,not_mentioned,no,no,no,not_mentioned,not_mentioned,not_mentioned,not_mentioned,not_mentioned,no
Connie V NDE 3108,nderf,data\nderf\01114_connie-v-nde-3108.json,Indeterminate,0,False,False,False,not_mentioned,not_mentioned,not_mentioned,no,not_mentioned,not_mentioned,not_mentioned,not_mentioned,not_mentioned,no
Julie NDE 3112,nderf,data\nderf\01115_julie-nde-3112.json,Indeterminate,0,False,False,False,not_mentioned,not_mentioned,not_mentioned,not_mentioned,not_mentioned,not_mentioned,not_mentioned,not_mentioned,not_mentioned,not_mentioned
Gina R NDE 3113,nderf,data\nderf\01116_gina-r-nde-3113.json,Indeterminate,0,False,False,False,not_mentioned,not_mentioned,not_mentioned,not_mentioned,not_mentioned,not_mentioned,not_mentioned,not_mentioned,not_mentioned,not_mentioned
Petra NDE 3114,nderf,data\nderf\01117_petra-nde-3114.json,Indeterminate,0,False,False,False,not_mentioned,yes_explicit,not_mentioned,not_mentioned,not_mentioned,not_mentioned,not_mentioned,not_mentioned,not_mentioned,not_mentioned
Jonathan H NDE 3120,nderf,data\nderf\01118_jonathan-h-nde-3120.json,Indeterminate,0,False,False,False,not_your_time,no,not_mentioned,not_mentioned,not_mentioned,not_mentioned,not_mentioned,not_mentioned,not_mentioned,not_mentioned
Jeremy M FDE 3123 NDE 3123,nderf,data\nderf\01119_jeremy-m-fde-3123-nde-3123.json,Indeterminate,0,False,False,False,not_your_time,not_mentioned,not_mentioned,not_mentioned,not_mentioned,not_mentioned,not_mentioned,not_mentioned,not_mentioned,not_mentioned
Karen W NDE 3124,nderf,data\nderf\01120_karen-w-nde-3124.json,Indeterminate,0,False,False,False,not_mentioned,not_mentioned,not_mentioned,not_mentioned,not_mentioned,not_mentioned,not_mentioned,not_mentioned,not_mentioned,not_mentioned
Dixie E NDE 3125,nderf,data\nderf\01121_dixie-e-nde-3125.json,Indeterminate,0,False,False,False,no_reason_given,not_mentioned,not_mentioned,not_mentioned,not_mentioned,not_mentioned,not_mentioned,not_mentioned,not_mentioned,not_mentioned
Mari L NDE 3129,nderf,data\nderf\01122_mari-l-nde-3129.json,Indeterminate,0,False,False,False,family_responsibility,not_mentioned,no,no,not_mentioned,not_mentioned,not_mentioned,not_mentioned,none,no
Michael S NDE 3137,nderf,data\nderf\01124_michael-s-nde-3137.json,Indeterminate,0,False,False,False,no_reason_given,not_mentioned,not_mentioned,not_mentioned,not_mentioned,not_mentioned,not_mentioned,not_mentioned,not_mentioned,not_mentioned
Joe W NDE 16063,nderf,data\nderf\01127_joe-w-nde-16063.json,Indeterminate,0,False,False,False,not_your_time,no,no,no,not_mentioned,not_mentioned,not_mentioned,not_mentioned,not_mentioned,no
Lynn DBV 16064 NDE 16064,nderf,data\nderf\01128_lynn-dbv-16064-nde-16064.json,Indeterminate,0,False,False,False,not_mentioned,not_mentioned,not_mentioned,not_mentioned,not_mentioned,not_mentioned,not_mentioned,not_mentioned,not_mentioned,not_mentioned
Molly Dad NDE 16066,nderf,data\nderf\01130_molly-dad-nde-16066.json,Indeterminate,0,False,False,False,not_your_time,no,no,no,not_mentioned,not_mentioned,not_mentioned,not_mentioned,none,no
Anthony W FDE 21602 NDE 21602,nderf,data\nderf\01132_anthony-w-fde-21602-nde-21602.json,Indeterminate,0,False,False,False,not_mentioned,not_mentioned,not_mentioned,not_mentioned,not_mentioned,not_mentioned,not_mentioned,not_mentioned,not_mentioned,not_mentioned
Donnie H NDE 21613,nderf,data\nderf\01133_donnie-h-nde-21613.json,Indeterminate,0,False,False,False,no_reason_given,no,no,no,not_mentioned,not_mentioned,not_mentioned,not_mentioned,none,no
Imma Probable NDE 3104,nderf,data\nderf\01134_imma-probable-nde-3104.json,Indeterminate,0,False,False,False,not_mentioned,not_mentioned,not_mentioned,not_mentioned,not_mentioned,not_mentioned,not_mentioned,not_mentioned,not_mentioned,not_mentioned
Felicity W NDE 3292,nderf,data\nderf\01136_felicity-w-nde-3292.json,Indeterminate,0,False,False,False,not_your_time,no,no,not_mentioned,not_mentioned,not_mentioned,not_mentioned,not_mentioned,not_mentioned,not_mentioned
Terry W NDE 3299,nderf,data\nderf\01139_terry-w-nde-3299.json,Indeterminate,0,False,False,False,not_your_time,not_mentioned,not_mentioned,not_mentioned,not_mentioned,not_mentioned,not_mentioned,not_mentioned,not_mentioned,not_mentioned
Ken D NDE 3301,nderf,data\nderf\01140_ken-d-nde-3301.json,Indeterminate,0,False,False,False,no_reason_given,no,no,not_mentioned,not_mentioned,not_mentioned,not_mentioned,not_mentioned,not_mentioned,not_mentioned
James M NDE 3305,nderf,data\nderf\01141_james-m-nde-3305.json,Indeterminate,0,False,False,False,no_reason_given,not_mentioned,not_mentioned,not_mentioned,not_mentioned,not_mentioned,not_mentioned,not_mentioned,not_mentioned,not_mentioned
M.R. NDE 3306,nderf,data\nderf\01142_m-r-nde-3306.json,Indeterminate,0,False,False,False,not_mentioned,not_mentioned,not_mentioned,not_mentioned,not_mentioned,not_mentioned,not_mentioned,not_mentioned,not_mentioned,not_mentioned
Nancy M NDE 3307,nderf,data\nderf\01143_nancy-m-nde-3307.json,Indeterminate,0,False,False,False,not_mentioned,not_mentioned,not_mentioned,not_mentioned,not_mentioned,not_mentioned,not_mentioned,not_mentioned,not_mentioned,not_mentioned
John NDE 3308,nderf,data\nderf\01144_john-nde-3308.json,Indeterminate,0,False,False,False,not_mentioned,not_mentioned,not_mentioned,not_mentioned,not_mentioned,not_mentioned,not_mentioned,not_mentioned,not_mentioned,not_mentioned
Susan NDE 3309,nderf,data\nderf\01145_susan-nde-3309.json,Indeterminate,0,False,False,False,not_your_time,not_mentioned,not_mentioned,not_mentioned,not_mentioned,not_mentioned,not_mentioned,not_mentioned,not_mentioned,not_mentioned
Pat P NDE 21621,nderf,data\nderf\01147_pat-p-nde-21621.json,Indeterminate,0,False,False,False,not_mentioned,not_mentioned,not_mentioned,not_mentioned,not_mentioned,not_mentioned,not_mentioned,not_mentioned,not_mentioned,not_mentioned
Bunnie M NDE 21637,nderf,data\nderf\01148_bunnie-m-nde-21637.json,Indeterminate,0,False,False,False,no_reason_given,not_mentioned,not_mentioned,not_mentioned,not_mentioned,not_mentioned,not_mentioned,not_mentioned,not_mentioned,not_mentioned
Jewel H NDE 3315/3235 NDE 3235,nderf,data\nderf\01151_jewel-h-nde-3315-3235-nde-3235.json,Indeterminate,0,False,False,False,not_your_time,no,no,not_mentioned,not_mentioned,not_mentioned,not_mentioned,not_mentioned,not_mentioned,not_mentioned
Erin H NDE 3317,nderf,data\nderf\01152_erin-h-nde-3317.json,Indeterminate,0,False,False,False,not_mentioned,no,not_mentioned,not_mentioned,not_mentioned,not_mentioned,not_mentioned,not_mentioned,not_mentioned,not_mentioned
Kristie T NDE 3272,nderf,data\nderf\01157_kristie-t-nde-3272.json,Indeterminate,0,False,False,False,not_your_time,no,no,not_mentioned,not_mentioned,not_mentioned,not_mentioned,not_mentioned,not_mentioned,not_mentioned
Jessica B NDE 3276,nderf,data\nderf\01159_jessica-b-nde-3276.json,Indeterminate,0,False,False,False,family_responsibility,yes_explicit,no,not_mentioned,not_mentioned,not_mentioned,not_mentioned,not_mentioned,not_mentioned,not_mentioned
Roland D NDE 3280/3509 NDE 3509,nderf,data\nderf\01161_roland-d-nde-3280-3509-nde-3509.json,Indeterminate,0,False,False,False,not_mentioned,not_mentioned,not_mentioned,no,not_mentioned,not_mentioned,not_mentioned,not_mentioned,not_mentioned,no
Nancy S NDE 3285,nderf,data\nderf\01163_nancy-s-nde-3285.json,Indeterminate,0,False,False,False,no_reason_given,not_mentioned,not_mentioned,not_mentioned,not_mentioned,not_mentioned,not_mentioned,not_mentioned,not_mentioned,not_mentioned
Shari R NDE 3286,nderf,data\nderf\01164_shari-r-nde-3286.json,Indeterminate,0,False,False,False,no_reason_given,not_mentioned,not_mentioned,not_mentioned,not_mentioned,not_mentioned,not_mentioned,not_mentioned,not_mentioned,not_mentioned
Jim D Probable NDE 3288,nderf,data\nderf\01165_jim-d-probable-nde-3288.json,Indeterminate,0,False,False,False,no_reason_given,no,no,no,not_mentioned,not_mentioned,not_mentioned,no,none,no
Joan D NDE 3289,nderf,data\nderf\01166_joan-d-nde-3289.json,Indeterminate,0,False,False,False,not_mentioned,not_mentioned,not_mentioned,not_mentioned,not_mentioned,not_mentioned,not_mentioned,not_mentioned,not_mentioned,not_mentioned
Maria S NDE 3319,nderf,data\nderf\01167_maria-s-nde-3319.json,Indeterminate,0,False,False,False,family_responsibility,not_mentioned,not_mentioned,not_mentioned,not_mentioned,not_mentioned,not_mentioned,not_mentioned,not_mentioned,not_mentioned
Phillip G NDE 3320,nderf,data\nderf\01168_phillip-g-nde-3320.json,Indeterminate,0,False,False,False,not_mentioned,not_mentioned,not_mentioned,not_mentioned,not_mentioned,not_mentioned,not_mentioned,not_mentioned,not_mentioned,not_mentioned
Heidi B NDE 3321,nderf,data\nderf\01169_heidi-b-nde-3321.json,Indeterminate,0,False,False,False,no_reason_given,no,no,no,not_mentioned,not_mentioned,not_mentioned,not_mentioned,none,no
Rafa NDE 3281,nderf,data\nderf\01170_rafa-nde-3281.json,Indeterminate,0,False,False,False,no_reason_given,no,no,no,not_mentioned,not_mentioned,not_mentioned,implied,none,no
Sally J NDE 3323,nderf,data\nderf\01172_sally-j-nde-3323.json,Indeterminate,0,False,False,False,not_mentioned,not_mentioned,not_mentioned,not_mentioned,not_mentioned,not_mentioned,not_mentioned,not_mentioned,not_mentioned,not_mentioned
Karen D NDE 3327,nderf,data\nderf\01173_karen-d-nde-3327.json,Indeterminate,0,False,False,False,family_responsibility,implied,no,not_mentioned,not_mentioned,not_mentioned,not_mentioned,not_mentioned,not_mentioned,not_mentioned
Phillip M NDE 3240,nderf,data\nderf\01176_phillip-m-nde-3240.json,Indeterminate,0,False,False,False,not_mentioned,not_mentioned,not_mentioned,not_mentioned,not_mentioned,not_mentioned,not_mentioned,not_mentioned,not_mentioned,not_mentioned
Raymond L NDE 3245,nderf,data\nderf\01178_raymond-l-nde-3245.json,Indeterminate,0,False,False,False,no_reason_given,yes_explicit,no,not_mentioned,not_mentioned,not_mentioned,not_mentioned,not_mentioned,not_mentioned,not_mentioned
Frankie NDE 3250,nderf,data\nderf\01181_frankie-nde-3250.json,Indeterminate,0,False,False,False,no_reason_given,not_mentioned,not_mentioned,not_mentioned,not_mentioned,not_mentioned,not_mentioned,not_mentioned,not_mentioned,not_mentioned
Melvin H NDE 3251,nderf,data\nderf\01182_melvin-h-nde-3251.json,Indeterminate,0,False,False,False,no_reason_given,not_mentioned,not_mentioned,not_mentioned,not_mentioned,not_mentioned,not_mentioned,not_mentioned,not_mentioned,not_mentioned
Jan M NDE 3252,nderf,data\nderf\01183_jan-m-nde-3252.json,Indeterminate,0,False,False,False,not_mentioned,not_mentioned,not_mentioned,not_mentioned,not_mentioned,not_mentioned,not_mentioned,not_mentioned,not_mentioned,not_mentioned
Steve H NDE 3253,nderf,data\nderf\01184_steve-h-nde-3253.json,Indeterminate,0,False,False,False,not_mentioned,not_mentioned,not_mentioned,not_mentioned,not_mentioned,not_mentioned,not_mentioned,not_mentioned,not_mentioned,not_mentioned
Stephen C NDE 3254,nderf,data\nderf\01185_stephen-c-nde-3254.json,Indeterminate,0,False,False,False,other,yes_explicit,no,no,not_mentioned,not_mentioned,not_mentioned,not_mentioned,not_mentioned,no
Patricia S NDE 3259,nderf,data\nderf\01188_patricia-s-nde-3259.json,Indeterminate,0,False,False,False,no_reason_given,no,no,no,not_mentioned,not_mentioned,not_mentioned,not_mentioned,none,no
Weston G NDE 3266,nderf,data\nderf\01192_weston-g-nde-3266.json,Indeterminate,0,False,False,False,no_reason_given,not_mentioned,not_mentioned,not_mentioned,not_mentioned,not_mentioned,not_mentioned,not_mentioned,not_mentioned,not_mentioned
Jerald H NDE 3219,nderf,data\nderf\01193_jerald-h-nde-3219.json,Indeterminate,0,False,False,False,no_reason_given,no,no,no,not_mentioned,not_mentioned,not_mentioned,not_mentioned,none,no
R.L. S NDE 3221,nderf,data\nderf\01194_r-l-s-nde-3221.json,Indeterminate,0,False,False,False,not_mentioned,no,no,no,not_mentioned,not_mentioned,not_mentioned,not_mentioned,not_mentioned,no
Jonathan R NDE 3223,nderf,data\nderf\01195_jonathan-r-nde-3223.json,Indeterminate,0,False,False,False,not_mentioned,not_mentioned,not_mentioned,not_mentioned,not_mentioned,not_mentioned,not_mentioned,not_mentioned,not_mentioned,not_mentioned
Deborah S NDE 3224,nderf,data\nderf\01196_deborah-s-nde-3224.json,Indeterminate,0,False,False,False,family_responsibility,not_mentioned,not_mentioned,not_mentioned,not_mentioned,not_mentioned,not_mentioned,not_mentioned,not_mentioned,not_mentioned
Ernestine N Probable NDE 3225,nderf,data\nderf\01197_ernestine-n-probable-nde-3225.json,Indeterminate,0,False,False,False,no_reason_given,not_mentioned,not_mentioned,not_mentioned,not_mentioned,not_mentioned,not_mentioned,not_mentioned,not_mentioned,not_mentioned
Vallia Y NDE 3227,nderf,data\nderf\01199_vallia-y-nde-3227.json,Indeterminate,0,False,False,False,no_reason_given,no,no,no,not_mentioned,not_mentioned,not_mentioned,not_mentioned,not_mentioned,no
James T NDE 3228,nderf,data\nderf\01200_james-t-nde-3228.json,Indeterminate,0,False,False,False,no_reason_given,not_mentioned,not_mentioned,not_mentioned,not_mentioned,not_mentioned,not_mentioned,not_mentioned,not_mentioned,not_mentioned
Kevin M NDE 3230,nderf,data\nderf\01201_kevin-m-nde-3230.json,Indeterminate,0,False,False,False,no_reason_given,not_mentioned,not_mentioned,not_mentioned,not_mentioned,not_mentioned,not_mentioned,implied,not_mentioned,not_mentioned
Flora S NDE 3329,nderf,data\nderf\01202_flora-s-nde-3329.json,Indeterminate,0,False,False,False,not_your_time,no,not_mentioned,not_mentioned,not_mentioned,not_mentioned,not_mentioned,not_mentioned,not_mentioned,not_mentioned
Douglas T NDE 3334,nderf,data\nderf\01204_douglas-t-nde-3334.json,Indeterminate,0,False,False,False,not_your_time,no,not_mentioned,not_mentioned,not_mentioned,not_mentioned,not_mentioned,not_mentioned,not_mentioned,not_mentioned
Eileen G Probable NDE 3202,nderf,data\nderf\01206_eileen-g-probable-nde-3202.json,Indeterminate,0,False,False,False,other,not_mentioned,not_mentioned,not_mentioned,not_mentioned,not_mentioned,not_mentioned,not_mentioned,not_mentioned,not_mentioned
Mark D NDE 3203,nderf,data\nderf\01207_mark-d-nde-3203.json,Indeterminate,0,False,False,False,not_mentioned,not_mentioned,not_mentioned,not_mentioned,not_mentioned,not_mentioned,not_mentioned,not_mentioned,not_mentioned,not_mentioned
Terry V NDE 3205,nderf,data\nderf\01208_terry-v-nde-3205.json,Indeterminate,0,False,False,False,family_responsibility,no,no,no,not_mentioned,not_mentioned,not_mentioned,not_mentioned,not_mentioned,no
Melinda R NDE 3207,nderf,data\nderf\01210_melinda-r-nde-3207.json,Indeterminate,0,False,False,False,not_mentioned,not_mentioned,not_mentioned,not_mentioned,not_mentioned,not_mentioned,not_mentioned,not_mentioned,not_mentioned,not_mentioned
Juanita M NDE 3209,nderf,data\nderf\01211_juanita-m-nde-3209.json,Indeterminate,0,False,False,False,family_responsibility,no,no,not_mentioned,not_mentioned,not_mentioned,not_mentioned,not_mentioned,not_mentioned,not_mentioned
Tim S Probable NDE 3210,nderf,data\nderf\01212_tim-s-probable-nde-3210.json,Indeterminate,0,False,False,False,not_mentioned,not_mentioned,not_mentioned,not_mentioned,not_mentioned,not_mentioned,not_mentioned,not_mentioned,not_mentioned,not_mentioned
David R NDE 3212,nderf,data\nderf\01213_david-r-nde-3212.json,Indeterminate,0,False,False,False,not_mentioned,not_mentioned,not_mentioned,not_mentioned,not_mentioned,not_mentioned,not_mentioned,not_mentioned,not_mentioned,not_mentioned
Turk NDE 3215,nderf,data\nderf\01215_turk-nde-3215.json,Indeterminate,0,False,False,False,not_mentioned,not_mentioned,not_mentioned,not_mentioned,not_mentioned,not_mentioned,not_mentioned,not_mentioned,not_mentioned,not_mentioned
Rob D NDE 3216,nderf,data\nderf\01216_rob-d-nde-3216.json,Indeterminate,0,False,False,False,not_mentioned,not_mentioned,not_mentioned,not_mentioned,not_mentioned,not_mentioned,not_mentioned,not_mentioned,not_mentioned,not_mentioned
George R NDE 3189,nderf,data\nderf\01221_george-r-nde-3189.json,Indeterminate,0,False,False,False,no_reason_given,not_mentioned,not_mentioned,not_mentioned,not_mentioned,not_mentioned,not_mentioned,not_mentioned,not_mentioned,not_mentioned
Rusty S NDE 3190,nderf,data\nderf\01222_rusty-s-nde-3190.json,Indeterminate,0,False,False,False,no_reason_given,not_mentioned,not_mentioned,not_mentioned,not_mentioned,not_mentioned,not_mentioned,not_mentioned,not_mentioned,not_mentioned
Rhonda J NDE 3193,nderf,data\nderf\01224_rhonda-j-nde-3193.json,Indeterminate,0,False,False,False,not_your_time,implied,no,no,not_mentioned,not_mentioned,not_mentioned,not_mentioned,not_mentioned,no
Diane S NDE 3195,nderf,data\nderf\01226_diane-s-nde-3195.json,Indeterminate,0,False,False,False,not_your_time,not_mentioned,not_mentioned,not_mentioned,not_mentioned,not_mentioned,not_mentioned,not_mentioned,not_mentioned,not_mentioned
Lonna C NDE 3199,nderf,data\nderf\01229_lonna-c-nde-3199.json,Indeterminate,0,False,False,False,family_responsibility,no,no,no,not_mentioned,not_mentioned,not_mentioned,not_mentioned,not_mentioned,no
Valerie K Other 21664 NDE 21664,nderf,data\nderf\01230_valerie-k-other-21664-nde-21664.json,Indeterminate,0,False,False,False,no_reason_given,not_mentioned,not_mentioned,not_mentioned,not_mentioned,not_mentioned,not_mentioned,no,not_mentioned,not_mentioned
Irene A NDE 2912,nderf,data\nderf\01231_irene-a-nde-2912.json,Indeterminate,0,False,False,False,not_mentioned,not_mentioned,not_mentioned,not_mentioned,not_mentioned,not_mentioned,not_mentioned,not_mentioned,not_mentioned,not_mentioned
Ada R NDE 3336,nderf,data\nderf\01232_ada-r-nde-3336.json,Indeterminate,0,False,False,False,not_mentioned,not_mentioned,not_mentioned,not_mentioned,not_mentioned,not_mentioned,not_mentioned,not_mentioned,not_mentioned,not_mentioned
Lou P Probable NDE 3335,nderf,data\nderf\01233_lou-p-probable-nde-3335.json,Indeterminate,0,False,False,False,no_reason_given,not_mentioned,not_mentioned,not_mentioned,not_mentioned,not_mentioned,not_mentioned,not_mentioned,not_mentioned,not_mentioned
Steve T NDE 3338,nderf,data\nderf\01234_steve-t-nde-3338.json,Indeterminate,0,False,False,False,family_responsibility,no,no,no,not_mentioned,not_mentioned,not_mentioned,not_mentioned,not_mentioned,no
Ina P NDE 3341,nderf,data\nderf\01236_ina-p-nde-3341.json,Indeterminate,0,False,False,False,family_responsibility,not_mentioned,not_mentioned,not_mentioned,not_mentioned,not_mentioned,not_mentioned,not_mentioned,not_mentioned,not_mentioned
Cynthi K NDE 3343,nderf,data\nderf\01238_cynthi-k-nde-3343.json,Indeterminate,0,False,False,False,no_reason_given,not_mentioned,no,no,not_mentioned,not_mentioned,not_mentioned,not_mentioned,not_mentioned,no
Quena Probable NDE 3344,nderf,data\nderf\01239_quena-probable-nde-3344.json,Indeterminate,0,False,False,False,no_reason_given,not_mentioned,not_mentioned,not_mentioned,not_mentioned,not_mentioned,not_mentioned,not_mentioned,not_mentioned,not_mentioned
Misty G NDE 3141,nderf,data\nderf\01240_misty-g-nde-3141.json,Indeterminate,0,False,False,False,not_mentioned,not_mentioned,not_mentioned,not_mentioned,not_mentioned,not_mentioned,not_mentioned,not_mentioned,not_mentioned,not_mentioned
Robert O NDE 3143,nderf,data\nderf\01241_robert-o-nde-3143.json,Indeterminate,0,False,False,False,not_mentioned,not_mentioned,not_mentioned,not_mentioned,not_mentioned,not_mentioned,not_mentioned,not_mentioned,not_mentioned,not_mentioned
John H NDE 3145,nderf,data\nderf\01243_john-h-nde-3145.json,Indeterminate,0,False,False,False,not_mentioned,not_mentioned,not_mentioned,not_mentioned,not_mentioned,not_mentioned,not_mentioned,not_mentioned,not_mentioned,not_mentioned
Amy C NDE 3151,nderf,data\nderf\01245_amy-c-nde-3151.json,Indeterminate,0,False,False,False,not_mentioned,not_mentioned,not_mentioned,not_mentioned,not_mentioned,not_mentioned,not_mentioned,not_mentioned,not_mentioned,not_mentioned
Larry S NDE 3152,nderf,data\nderf\01246_larry-s-nde-3152.json,Indeterminate,0,False,False,False,no_reason_given,not_mentioned,not_mentioned,not_mentioned,not_mentioned,not_mentioned,not_mentioned,not_mentioned,not_mentioned,not_mentioned
Terry B FDE 3153 NDE 3153,nderf,data\nderf\01247_terry-b-fde-3153-nde-3153.json,Indeterminate,0,False,False,False,not_mentioned,not_mentioned,not_mentioned,not_mentioned,not_mentioned,not_mentioned,not_mentioned,not_mentioned,not_mentioned,not_mentioned
Thomas B NDE 3157,nderf,data\nderf\01249_thomas-b-nde-3157.json,Indeterminate,0,False,False,False,not_mentioned,no,no,no,not_mentioned,not_mentioned,not_mentioned,not_mentioned,none,no
Theodosia Q NDE 3158,nderf,data\nderf\01250_theodosia-q-nde-3158.json,Indeterminate,0,False,False,False,not_mentioned,not_mentioned,not_mentioned,not_mentioned,not_mentioned,not_mentioned,not_mentioned,not_mentioned,not_mentioned,not_mentioned
Sammy O NDE 3159,nderf,data\nderf\01251_sammy-o-nde-3159.json,Indeterminate,0,False,False,False,no_reason_given,not_mentioned,not_mentioned,not_mentioned,not_mentioned,not_mentioned,not_mentioned,not_mentioned,not_mentioned,not_mentioned
Lonna O NDE 3162,nderf,data\nderf\01252_lonna-o-nde-3162.json,Indeterminate,0,False,False,False,not_mentioned,no,no,no,not_mentioned,not_mentioned,not_mentioned,not_mentioned,not_mentioned,no
James W NDE 3168,nderf,data\nderf\01255_james-w-nde-3168.json,Indeterminate,0,False,False,False,other,yes_explicit,no,no,not_mentioned,not_mentioned,not_mentioned,not_mentioned,not_mentioned,no
Valerie H NDE 3172,nderf,data\nderf\01258_valerie-h-nde-3172.json,Indeterminate,0,False,False,False,no_reason_given,not_mentioned,not_mentioned,not_mentioned,not_mentioned,not_mentioned,not_mentioned,not_mentioned,not_mentioned,not_mentioned
Simon J NDE 3174,nderf,data\nderf\01259_simon-j-nde-3174.json,Indeterminate,0,False,False,False,not_mentioned,not_mentioned,not_mentioned,not_mentioned,not_mentioned,not_mentioned,not_mentioned,not_mentioned,not_mentioned,not_mentioned
Jerry S NDE 3177,nderf,data\nderf\01260_jerry-s-nde-3177.json,Indeterminate,0,False,False,False,not_mentioned,not_mentioned,not_mentioned,not_mentioned,not_mentioned,not_mentioned,not_mentioned,no,not_mentioned,not_mentioned
Catherine A NDE 3182,nderf,data\nderf\01263_catherine-a-nde-3182.json,Indeterminate,0,False,False,False,not_mentioned,not_mentioned,not_mentioned,not_mentioned,not_mentioned,not_mentioned,not_mentioned,not_mentioned,not_mentioned,not_mentioned
Katie A NDE 3183,nderf,data\nderf\01264_katie-a-nde-3183.json,Indeterminate,0,False,False,False,not_mentioned,no,no,no,not_mentioned,not_mentioned,not_mentioned,not_mentioned,not_mentioned,no
Karina M NDE 3184,nderf,data\nderf\01265_karina-m-nde-3184.json,Indeterminate,0,False,False,False,family_responsibility,no,no,no,not_mentioned,not_mentioned,not_mentioned,not_mentioned,not_mentioned,no
Grzegorz K NDE 1089,nderf,data\nderf\01267_grzegorz-k-nde-1089.json,Indeterminate,0,False,False,False,family_responsibility,not_mentioned,not_mentioned,not_mentioned,not_mentioned,not_mentioned,not_mentioned,no,not_mentioned,not_mentioned
Gwen NDE 1065,nderf,data\nderf\01268_gwen-nde-1065.json,Indeterminate,0,False,False,False,not_mentioned,not_mentioned,not_mentioned,not_mentioned,not_mentioned,not_mentioned,not_mentioned,not_mentioned,not_mentioned,not_mentioned
Evan K NDE 990,nderf,data\nderf\01269_evan-k-nde.json,Indeterminate,0,False,False,False,not_mentioned,not_mentioned,not_mentioned,not_mentioned,not_mentioned,not_mentioned,not_mentioned,not_mentioned,not_mentioned,not_mentioned
Clark Possible NDE 812,nderf,data\nderf\01271_clark-possible-nde.json,Indeterminate,0,False,False,False,not_mentioned,not_mentioned,not_mentioned,not_mentioned,not_mentioned,not_mentioned,not_mentioned,not_mentioned,not_mentioned,not_mentioned
Steven C NDE 799,nderf,data\nderf\01272_steven-c-nde.json,Indeterminate,0,False,False,False,no_reason_given,no,no,no,not_mentioned,not_mentioned,not_mentioned,implied,not_mentioned,no
Ira D NDE 796,nderf,data\nderf\01273_ira-d-nde.json,Indeterminate,0,False,False,False,family_responsibility,not_mentioned,not_mentioned,not_mentioned,not_mentioned,not_mentioned,not_mentioned,not_mentioned,not_mentioned,not_mentioned
Ken A NDE 488,nderf,data\nderf\01278_ken-a-nde.json,Indeterminate,0,False,False,False,not_mentioned,not_mentioned,not_mentioned,not_mentioned,not_mentioned,not_mentioned,not_mentioned,not_mentioned,not_mentioned,not_mentioned
Michele W NDE 2042/484 NDE 484,nderf,data\nderf\01279_michele-w-nde-2042-484-nde.json,Indeterminate,0,False,False,False,not_mentioned,no,not_mentioned,not_mentioned,not_mentioned,not_mentioned,not_mentioned,not_mentioned,not_mentioned,not_mentioned
Donna D NDE 483,nderf,data\nderf\01280_donna-d-nde.json,Indeterminate,0,False,False,False,not_mentioned,implied,not_mentioned,not_mentioned,not_mentioned,not_mentioned,not_mentioned,not_mentioned,not_mentioned,not_mentioned
Priscilla W NDE 467,nderf,data\nderf\01281_priscilla-w-nde.json,Indeterminate,0,False,False,False,not_your_time,no,no,not_mentioned,not_mentioned,not_mentioned,not_mentioned,not_mentioned,not_mentioned,not_mentioned
June J Probable NDE 463,nderf,data\nderf\01282_june-j-probable-nde.json,Indeterminate,0,False,False,False,no_reason_given,not_mentioned,not_mentioned,not_mentioned,not_mentioned,not_mentioned,not_mentioned,not_mentioned,not_mentioned,not_mentioned
Tammy C NDE 459,nderf,data\nderf\01282_tammy-c-nde.json,Indeterminate,0,False,False,False,not_mentioned,not_mentioned,not_mentioned,not_mentioned,not_mentioned,not_mentioned,not_mentioned,implied,not_mentioned,not_mentioned
Dustine S NDE 314/372/456 NDE 456,nderf,data\nderf\01283_dustine-s-nde-314-372-456-nde.json,Indeterminate,0,False,False,False,no_reason_given,not_mentioned,not_mentioned,not_mentioned,not_mentioned,not_mentioned,not_mentioned,implied,not_mentioned,not_mentioned
David L NDE 452,nderf,data\nderf\01286_david-l-nde.json,Indeterminate,0,False,False,False,not_mentioned,not_mentioned,not_mentioned,not_mentioned,not_mentioned,not_mentioned,not_mentioned,not_mentioned,not_mentioned,not_mentioned
Jeanette NDE 449,nderf,data\nderf\01287_jeanette-nde.json,Indeterminate,0,False,False,False,not_mentioned,not_mentioned,not_mentioned,not_mentioned,not_mentioned,not_mentioned,not_mentioned,not_mentioned,not_mentioned,not_mentioned
Doris A NDE 445,nderf,data\nderf\01289_doris-a-nde.json,Indeterminate,0,False,False,False,not_mentioned,implied,no,no,not_mentioned,not_mentioned,not_mentioned,not_mentioned,not_mentioned,no
Willane T NDE 438,nderf,data\nderf\01290_willane-t-nde.json,Indeterminate,0,False,False,False,not_mentioned,not_mentioned,not_mentioned,not_mentioned,not_mentioned,not_mentioned,not_mentioned,not_mentioned,not_mentioned,not_mentioned
Geraldine Probable NDE 434,nderf,data\nderf\01291_geraldine-probable-nde.json,Indeterminate,0,False,False,False,not_your_time,not_mentioned,not_mentioned,not_mentioned,not_mentioned,not_mentioned,not_mentioned,not_mentioned,not_mentioned,not_mentioned
CJ NDE 430,nderf,data\nderf\01293_cj-nde.json,Indeterminate,0,False,False,False,not_mentioned,not_mentioned,not_mentioned,not_mentioned,not_mentioned,not_mentioned,not_mentioned,not_mentioned,not_mentioned,not_mentioned
Willis S NDE 427,nderf,data\nderf\01294_willis-s-nde.json,Indeterminate,0,False,False,False,other,not_mentioned,not_mentioned,not_mentioned,not_mentioned,not_mentioned,not_mentioned,not_mentioned,not_mentioned,not_mentioned
Linda Sue C NDE 413,nderf,data\nderf\01297_linda-sue-c-nde.json,Indeterminate,0,False,False,False,not_your_time,not_mentioned,not_mentioned,not_mentioned,not_mentioned,not_mentioned,not_mentioned,not_mentioned,not_mentioned,not_mentioned
Ron C NDE 407,nderf,data\nderf\01298_ron-c-nde.json,Indeterminate,0,False,False,False,not_mentioned,not_mentioned,not_mentioned,not_mentioned,not_mentioned,not_mentioned,not_mentioned,no,not_mentioned,not_mentioned
James R NDE 400,nderf,data\nderf\01300_james-r-nde.json,Indeterminate,0,False,False,False,other,implied,not_mentioned,not_mentioned,not_mentioned,not_mentioned,not_mentioned,not_mentioned,not_mentioned,not_mentioned
Ray V NDE 3345,nderf,data\nderf\01301_ray-v-nde-3345.json,Indeterminate,0,False,False,False,no_reason_given,no,no,no,not_mentioned,not_mentioned,not_mentioned,implied,not_mentioned,no
Vito P NDE 3346,nderf,data\nderf\01302_vito-p-nde-3346.json,Indeterminate,0,False,False,False,no_reason_given,not_mentioned,not_mentioned,not_mentioned,not_mentioned,not_mentioned,not_mentioned,not_mentioned,not_mentioned,not_mentioned
Sherri B NDE 3347,nderf,data\nderf\01303_sherri-b-nde-3347.json,Indeterminate,0,False,False,False,not_mentioned,not_mentioned,not_mentioned,not_mentioned,not_mentioned,not_mentioned,not_mentioned,not_mentioned,not_mentioned,not_mentioned
Mike S Probable NDE 3350,nderf,data\nderf\01304_mike-s-probable-nde-3350.json,Indeterminate,0,False,False,False,not_mentioned,not_mentioned,not_mentioned,not_mentioned,not_mentioned,not_mentioned,not_mentioned,not_mentioned,not_mentioned,not_mentioned
Bonnie S NDE 3351,nderf,data\nderf\01305_bonnie-s-nde-3351.json,Indeterminate,0,False,False,False,no_reason_given,not_mentioned,not_mentioned,not_mentioned,not_mentioned,not_mentioned,not_mentioned,not_mentioned,not_mentioned,not_mentioned
Orson H NDE 12014,nderf,data\nderf\01306_orson-h-nde-12014.json,Indeterminate,0,False,False,False,not_mentioned,not_mentioned,not_mentioned,not_mentioned,not_mentioned,not_mentioned,not_mentioned,not_mentioned,not_mentioned,not_mentioned
Stephen T NDE 3359,nderf,data\nderf\01308_stephen-t-nde-3359.json,Indeterminate,0,False,False,False,other,implied,no,no,not_mentioned,not_mentioned,not_mentioned,not_mentioned,none,no
Cyril C NDE 3363,nderf,data\nderf\01311_cyril-c-nde-3363.json,Indeterminate,0,False,False,False,not_your_time,no,no,no,not_mentioned,not_mentioned,not_mentioned,not_mentioned,not_mentioned,no
Arifur R NDE 3364,nderf,data\nderf\01312_arifur-r-nde-3364.json,Indeterminate,0,False,False,False,not_your_time,implied,no,no,not_mentioned,not_mentioned,not_mentioned,not_mentioned,not_mentioned,no
Rosa R Probable NDE 3357,nderf,data\nderf\01314_rosa-r-probable-nde-3357.json,Indeterminate,0,False,False,False,family_responsibility,not_mentioned,not_mentioned,not_mentioned,not_mentioned,not_mentioned,not_mentioned,not_mentioned,not_mentioned,not_mentioned
Renee NDE 3368,nderf,data\nderf\01315_renee-nde-3368.json,Indeterminate,0,False,False,False,no_reason_given,not_mentioned,not_mentioned,not_mentioned,not_mentioned,not_mentioned,not_mentioned,not_mentioned,not_mentioned,not_mentioned
John H NDE 3369,nderf,data\nderf\01316_john-h-nde-3369.json,Indeterminate,0,False,False,False,family_responsibility,no,no,no,not_mentioned,not_mentioned,not_mentioned,not_mentioned,not_mentioned,no
CJ L NDE 3371,nderf,data\nderf\01318_cj-l-nde-3371.json,Indeterminate,0,False,False,False,not_mentioned,not_mentioned,not_mentioned,not_mentioned,not_mentioned,not_mentioned,not_mentioned,not_mentioned,not_mentioned,not_mentioned
Stefanie R NDE 3372,nderf,data\nderf\01319_stefanie-r-nde-3372.json,Indeterminate,0,False,False,False,other,not_mentioned,no,no,not_mentioned,not_mentioned,not_mentioned,not_mentioned,not_mentioned,no
Sarah M Possible NDE. 3374 NDE 3374,nderf,data\nderf\01320_sarah-m-possible-nde-3374-nde-3374.json,Indeterminate,0,False,False,False,not_mentioned,not_mentioned,not_mentioned,no,not_mentioned,not_mentioned,not_mentioned,not_mentioned,not_mentioned,no
Lois M NDE 3375,nderf,data\nderf\01321_lois-m-nde-3375.json,Indeterminate,0,False,False,False,no_reason_given,no,no,no,not_mentioned,not_mentioned,not_mentioned,not_mentioned,not_mentioned,no
Dawn K Possible NDE 3378,nderf,data\nderf\01323_dawn-k-possible-nde-3378.json,Indeterminate,0,False,False,False,not_mentioned,not_mentioned,not_mentioned,not_mentioned,not_mentioned,not_mentioned,not_mentioned,not_mentioned,not_mentioned,not_mentioned
Mark D NDE 3382,nderf,data\nderf\01325_mark-d-nde-3382.json,Indeterminate,0,False,False,False,not_mentioned,not_mentioned,not_mentioned,not_mentioned,not_mentioned,not_mentioned,not_mentioned,not_mentioned,not_mentioned,not_mentioned
Warren R NDE 3383,nderf,data\nderf\01326_warren-r-nde-3383.json,Indeterminate,0,False,False,False,not_your_time,not_mentioned,not_mentioned,not_mentioned,not_mentioned,not_mentioned,not_mentioned,not_mentioned,not_mentioned,not_mentioned
Patrick B NDE 3384,nderf,data\nderf\01327_patrick-b-nde-3384.json,Indeterminate,0,False,False,False,not_mentioned,not_mentioned,not_mentioned,not_mentioned,not_mentioned,not_mentioned,not_mentioned,not_mentioned,not_mentioned,not_mentioned
Mary P NDE 3385,nderf,data\nderf\01328_mary-p-nde-3385.json,Indeterminate,0,False,False,False,other,implied,no,not_mentioned,not_mentioned,not_mentioned,not_mentioned,not_mentioned,not_mentioned,not_mentioned
Eva W NDE 3393,nderf,data\nderf\01334_eva-w-nde-3393.json,Indeterminate,0,False,False,False,family_responsibility,not_mentioned,not_mentioned,no,not_mentioned,not_mentioned,not_mentioned,not_mentioned,none,no
Kerryanne M NDE 3394,nderf,data\nderf\01335_kerryanne-m-nde-3394.json,Indeterminate,0,False,False,False,not_mentioned,not_mentioned,not_mentioned,not_mentioned,not_mentioned,not_mentioned,not_mentioned,not_mentioned,not_mentioned,not_mentioned
Anika S NDE 3398,nderf,data\nderf\01337_anika-s-nde-3398.json,Indeterminate,0,False,False,False,not_mentioned,not_mentioned,not_mentioned,not_mentioned,not_mentioned,not_mentioned,not_mentioned,not_mentioned,not_mentioned,not_mentioned
Anthony D NDE 3399,nderf,data\nderf\01338_anthony-d-nde-3399.json,Indeterminate,0,False,False,False,not_mentioned,not_mentioned,not_mentioned,not_mentioned,not_mentioned,not_mentioned,not_mentioned,not_mentioned,not_mentioned,not_mentioned
Curt AL NDE 397,nderf,data\nderf\01340_curt-al-nde.json,Indeterminate,0,False,False,False,no_reason_given,no,not_mentioned,not_mentioned,not_mentioned,not_mentioned,not_mentioned,not_mentioned,not_mentioned,not_mentioned
David L NDE 385,nderf,data\nderf\01342_david-l-nde.json,Indeterminate,0,False,False,False,not_mentioned,not_mentioned,not_mentioned,not_mentioned,not_mentioned,not_mentioned,not_mentioned,not_mentioned,not_mentioned,not_mentioned
Tabitha B NDE 3403,nderf,data\nderf\01344_tabitha-b-nde-3403.json,Indeterminate,0,False,False,False,not_mentioned,not_mentioned,not_mentioned,not_mentioned,not_mentioned,not_mentioned,not_mentioned,not_mentioned,not_mentioned,not_mentioned
Simone R NDE 3404,nderf,data\nderf\01345_simone-r-nde-3404.json,Indeterminate,0,False,False,False,not_your_time,not_mentioned,not_mentioned,not_mentioned,not_mentioned,not_mentioned,not_mentioned,not_mentioned,not_mentioned,not_mentioned
David NDE 3405,nderf,data\nderf\01346_david-nde-3405.json,Indeterminate,0,False,False,False,not_your_time,no,no,no,not_mentioned,not_mentioned,not_mentioned,implied,not_mentioned,no
Thomas O NDE 384,nderf,data\nderf\01348_thomas-o-nde.json,Indeterminate,0,False,False,False,not_mentioned,not_mentioned,not_mentioned,not_mentioned,not_mentioned,not_mentioned,not_mentioned,not_mentioned,not_mentioned,not_mentioned
Ginger M NDE 379,nderf,data\nderf\01349_ginger-m-nde.json,Indeterminate,0,False,False,False,not_mentioned,not_mentioned,not_mentioned,not_mentioned,not_mentioned,not_mentioned,not_mentioned,not_mentioned,not_mentioned,not_mentioned
James M Probable NDE 373,nderf,data\nderf\01354_james-m-probable-nde.json,Indeterminate,0,False,False,False,family_responsibility,not_mentioned,not_mentioned,not_mentioned,not_mentioned,not_mentioned,not_mentioned,not_mentioned,not_mentioned,not_mentioned
Rebecca P Probable NDE 360,nderf,data\nderf\01356_rebecca-p-probable-nde.json,Indeterminate,0,False,False,False,not_mentioned,not_mentioned,not_mentioned,not_mentioned,not_mentioned,not_mentioned,not_mentioned,not_mentioned,not_mentioned,not_mentioned
Risa L Probable NDE 366,nderf,data\nderf\01356_risa-l-probable-nde.json,Indeterminate,0,False,False,False,not_your_time,no,no,no,not_mentioned,not_mentioned,not_mentioned,not_mentioned,not_mentioned,no
Charles L NDE 365,nderf,data\nderf\01357_charles-l-nde.json,Indeterminate,0,False,False,False,not_mentioned,not_mentioned,not_mentioned,no,not_mentioned,not_mentioned,not_mentioned,not_mentioned,not_mentioned,no
Bunny J NDE 364,nderf,data\nderf\01358_bunny-j-nde.json,Indeterminate,0,False,False,False,family_responsibility,not_mentioned,not_mentioned,not_mentioned,not_mentioned,not_mentioned,not_mentioned,not_mentioned,not_mentioned,not_mentioned
Melissa NDE 363,nderf,data\nderf\01359_melissa-nde.json,Indeterminate,0,False,False,False,not_mentioned,not_mentioned,not_mentioned,not_mentioned,not_mentioned,not_mentioned,not_mentioned,not_mentioned,not_mentioned,not_mentioned
Kirsty M Probable NDE 349,nderf,data\nderf\01361_kirsty-m-probable-nde.json,Indeterminate,0,False,False,False,not_mentioned,not_mentioned,not_mentioned,not_mentioned,not_mentioned,not_mentioned,not_mentioned,not_mentioned,not_mentioned,not_mentioned
Ruth M NDE 342,nderf,data\nderf\01362_ruth-m-nde.json,Indeterminate,0,False,False,False,not_mentioned,not_mentioned,not_mentioned,not_mentioned,not_mentioned,not_mentioned,not_mentioned,not_mentioned,not_mentioned,not_mentioned
Remos G NDE 340,nderf,data\nderf\01363_remos-g-nde.json,Indeterminate,0,False,False,False,not_mentioned,not_mentioned,not_mentioned,not_mentioned,not_mentioned,not_mentioned,not_mentioned,not_mentioned,not_mentioned,not_mentioned
Clio P NDE 331,nderf,data\nderf\01365_clio-p-nde.json,Indeterminate,0,False,False,False,not_mentioned,no,no,no,not_mentioned,not_mentioned,not_mentioned,not_mentioned,none,no
John M NDE 329,nderf,data\nderf\01366_john-m-nde.json,Indeterminate,0,False,False,False,not_mentioned,not_mentioned,not_mentioned,not_mentioned,not_mentioned,not_mentioned,not_mentioned,not_mentioned,not_mentioned,not_mentioned
Goldie J NDE 328,nderf,data\nderf\01367_goldie-j-nde.json,Indeterminate,0,False,False,False,not_mentioned,not_mentioned,not_mentioned,not_mentioned,not_mentioned,not_mentioned,not_mentioned,not_mentioned,not_mentioned,not_mentioned
Winton R NDE 326,nderf,data\nderf\01368_winton-r-nde.json,Indeterminate,0,False,False,False,no_reason_given,no,no,no,not_mentioned,not_mentioned,not_mentioned,implied,not_mentioned,no
Tommy M NDE 315,nderf,data\nderf\01370_tommy-m-nde.json,Indeterminate,0,False,False,False,not_your_time,no,no,no,not_mentioned,not_mentioned,not_mentioned,not_mentioned,not_mentioned,no
Rue A NDE 311,nderf,data\nderf\01372_rue-a-nde.json,Indeterminate,0,False,False,False,not_mentioned,not_mentioned,not_mentioned,not_mentioned,not_mentioned,not_mentioned,not_mentioned,not_mentioned,not_mentioned,not_mentioned
Buffy N NDE 300,nderf,data\nderf\01373_buffy-n-nde.json,Indeterminate,0,False,False,False,not_mentioned,not_mentioned,not_mentioned,not_mentioned,not_mentioned,not_mentioned,not_mentioned,not_mentioned,not_mentioned,not_mentioned
Wally T NDE 289,nderf,data\nderf\01375_wally-t-nde.json,Indeterminate,0,False,False,False,other,not_mentioned,not_mentioned,not_mentioned,not_mentioned,not_mentioned,not_mentioned,not_mentioned,not_mentioned,not_mentioned
Riki Stepfather Lee NDE 3410,nderf,data\nderf\01376_riki-stepfather-lee-nde-3410.json,Indeterminate,0,False,False,False,not_mentioned,not_mentioned,not_mentioned,not_mentioned,not_mentioned,not_mentioned,not_mentioned,not_mentioned,not_mentioned,not_mentioned
Kathy A Probable NDE 3411,nderf,data\nderf\01377_kathy-a-probable-nde-3411.json,Indeterminate,0,False,False,False,not_your_time,yes_explicit,no,no,not_mentioned,not_mentioned,not_mentioned,not_mentioned,not_mentioned,no
Kerry L NDE 3418,nderf,data\nderf\01379_kerry-l-nde-3418.json,Indeterminate,0,False,False,False,not_your_time,not_mentioned,no,no,not_mentioned,not_mentioned,not_mentioned,not_mentioned,not_mentioned,no
Jim W NDE 282,nderf,data\nderf\01382_jim-w-nde.json,Indeterminate,0,False,False,False,not_your_time,yes_explicit,no,no,not_mentioned,not_mentioned,not_mentioned,not_mentioned,not_mentioned,no
Michael AS NDE 281,nderf,data\nderf\01383_michael-as-nde.json,Indeterminate,0,False,False,False,no_reason_given,not_mentioned,not_mentioned,not_mentioned,not_mentioned,not_mentioned,not_mentioned,not_mentioned,not_mentioned,not_mentioned
Jean R NDE 280,nderf,data\nderf\01384_jean-r-nde.json,Indeterminate,0,False,False,False,family_responsibility,no,no,no,not_mentioned,not_mentioned,not_mentioned,not_mentioned,not_mentioned,no
Bernice N NDE 274,nderf,data\nderf\01386_bernice-n-nde.json,Indeterminate,0,False,False,False,no_reason_given,no,no,no,not_mentioned,not_mentioned,not_mentioned,not_mentioned,not_mentioned,no
Marla W NDE 272,nderf,data\nderf\01388_marla-w-nde.json,Indeterminate,0,False,False,False,not_mentioned,not_mentioned,not_mentioned,not_mentioned,not_mentioned,not_mentioned,not_mentioned,not_mentioned,not_mentioned,not_mentioned
Leeta NDE 269,nderf,data\nderf\01389_leeta-nde.json,Indeterminate,0,False,False,False,not_mentioned,no,not_mentioned,not_mentioned,not_mentioned,not_mentioned,not_mentioned,not_mentioned,not_mentioned,not_mentioned
Christine S NDE 268,nderf,data\nderf\01390_christine-s-nde.json,Indeterminate,0,False,False,False,not_mentioned,not_mentioned,not_mentioned,not_mentioned,not_mentioned,not_mentioned,not_mentioned,no,not_mentioned,not_mentioned
Lewis D NDE 266,nderf,data\nderf\01391_lewis-d-nde.json,Indeterminate,0,False,False,False,not_mentioned,not_mentioned,not_mentioned,not_mentioned,not_mentioned,not_mentioned,not_mentioned,not_mentioned,not_mentioned,not_mentioned
Michael H NDE 261,nderf,data\nderf\01393_michael-h-nde.json,Indeterminate,0,False,False,False,no_reason_given,no,no,no,not_mentioned,not_mentioned,not_mentioned,not_mentioned,not_mentioned,no
Candy B NDE 254,nderf,data\nderf\01394_candy-b-nde.json,Indeterminate,0,False,False,False,family_responsibility,not_mentioned,not_mentioned,not_mentioned,not_mentioned,not_mentioned,not_mentioned,not_mentioned,not_mentioned,not_mentioned
Cathy H NDE 252,nderf,data\nderf\01396_cathy-h-nde.json,Indeterminate,0,False,False,False,not_mentioned,not_mentioned,not_mentioned,not_mentioned,not_mentioned,not_mentioned,not_mentioned,not_mentioned,not_mentioned,not_mentioned
Kessie P Probable NDE 244,nderf,data\nderf\01399_kessie-p-probable-nde.json,Indeterminate,0,False,False,False,no_reason_given,not_mentioned,not_mentioned,not_mentioned,not_mentioned,not_mentioned,not_mentioned,not_mentioned,not_mentioned,not_mentioned
Suzanne B NDE 239,nderf,data\nderf\01401_suzanne-b-nde.json,Indeterminate,0,False,False,False,other,implied,not_mentioned,not_mentioned,not_mentioned,not_mentioned,not_mentioned,not_mentioned,not_mentioned,not_mentioned
Christine S NDE 238/432,nderf,data\nderf\01402_christine-s-nde.json,Indeterminate,0,False,False,False,not_mentioned,no,no,no,not_mentioned,not_mentioned,not_mentioned,not_mentioned,not_mentioned,no
Linda R NDE 237,nderf,data\nderf\01403_linda-r-nde.json,Indeterminate,0,False,False,False,family_responsibility,not_mentioned,no,no,not_mentioned,not_mentioned,not_mentioned,not_mentioned,not_mentioned,no
Amy J NDE 234,nderf,data\nderf\01404_amy-j-nde.json,Indeterminate,0,False,False,False,no_reason_given,no,no,no,not_mentioned,not_mentioned,not_mentioned,implied,not_mentioned,no
Jeana B NDE 223,nderf,data\nderf\01407_jeana-b-nde.json,Indeterminate,0,False,False,False,not_your_time,no,no,no,not_mentioned,not_mentioned,not_mentioned,not_mentioned,not_mentioned,no
Arlene H NDE 222,nderf,data\nderf\01408_arlene-h-nde.json,Indeterminate,0,False,False,False,other,not_mentioned,not_mentioned,not_mentioned,not_mentioned,not_mentioned,not_mentioned,not_mentioned,not_mentioned,not_mentioned
Debbie E NDE 3420,nderf,data\nderf\01412_debbie-e-nde-3420.json,Indeterminate,0,False,False,False,not_mentioned,not_mentioned,not_mentioned,not_mentioned,not_mentioned,not_mentioned,not_mentioned,not_mentioned,not_mentioned,not_mentioned
Cindy S NDE 3428,nderf,data\nderf\01415_cindy-s-nde-3428.json,Indeterminate,0,False,False,False,not_mentioned,not_mentioned,not_mentioned,not_mentioned,not_mentioned,not_mentioned,not_mentioned,not_mentioned,not_mentioned,not_mentioned
James B NDE 214,nderf,data\nderf\01419_james-b-nde.json,Indeterminate,0,False,False,False,no_reason_given,not_mentioned,no,no,not_mentioned,not_mentioned,not_mentioned,not_mentioned,not_mentioned,not_mentioned
Sam B Probable NDE 210,nderf,data\nderf\01420_sam-b-probable-nde.json,Indeterminate,0,False,False,False,not_mentioned,not_mentioned,not_mentioned,no,not_mentioned,not_mentioned,not_mentioned,not_mentioned,none,no
Henrietta N Probable NDE 207,nderf,data\nderf\01421_henrietta-n-probable-nde.json,Indeterminate,0,False,False,False,not_mentioned,not_mentioned,not_mentioned,not_mentioned,not_mentioned,not_mentioned,not_mentioned,not_mentioned,not_mentioned,not_mentioned
Burnie A NDE 205,nderf,data\nderf\01422_burnie-a-nde.json,Indeterminate,0,False,False,False,not_mentioned,not_mentioned,not_mentioned,not_mentioned,not_mentioned,not_mentioned,not_mentioned,not_mentioned,not_mentioned,not_mentioned
Rich B NDE 202,nderf,data\nderf\01423_rich-b-nde.json,Indeterminate,0,False,False,False,family_responsibility,not_mentioned,no,no,not_mentioned,not_mentioned,not_mentioned,not_mentioned,not_mentioned,no
Astrid Probable NDE 3358,nderf,data\nderf\01424_astrid-probable-nde-3358.json,Indeterminate,0,False,False,False,not_your_time,not_mentioned,not_mentioned,not_mentioned,not_mentioned,not_mentioned,not_mentioned,implied,not_mentioned,not_mentioned
Sara D NDE 197,nderf,data\nderf\01426_sara-d-nde.json,Indeterminate,0,False,False,False,no_reason_given,no,no,not_mentioned,not_mentioned,not_mentioned,not_mentioned,not_mentioned,not_mentioned,not_mentioned
Heather S NDE 194,nderf,data\nderf\01428_heather-s-nde.json,Indeterminate,0,False,False,False,not_your_time,no,no,not_mentioned,not_mentioned,not_mentioned,not_mentioned,not_mentioned,not_mentioned,not_mentioned
G. Bryan B NDE 184,nderf,data\nderf\01433_g-bryan-b-nde.json,Indeterminate,0,False,False,False,not_mentioned,yes_explicit,not_mentioned,not_mentioned,not_mentioned,not_mentioned,not_mentioned,not_mentioned,not_mentioned,not_mentioned
Susan P NDE 183,nderf,data\nderf\01434_susan-p-nde.json,Indeterminate,0,False,False,False,not_mentioned,no,no,no,not_mentioned,not_mentioned,not_mentioned,not_mentioned,not_mentioned,no
Selly Fear Death Experience 3132 NDE 3132,nderf,data\nderf\01437_selly-fear-death-experience-3132-nde-3132.json,Indeterminate,0,False,False,False,no_reason_given,not_mentioned,not_mentioned,not_mentioned,not_mentioned,not_mentioned,not_mentioned,not_mentioned,not_mentioned,not_mentioned
John P NDE 182,nderf,data\nderf\01438_john-p-nde.json,Indeterminate,0,False,False,False,no_reason_given,not_mentioned,not_mentioned,not_mentioned,not_mentioned,not_mentioned,not_mentioned,not_mentioned,not_mentioned,not_mentioned
Destri B Probable NDE 180,nderf,data\nderf\01439_destri-b-probable-nde.json,Indeterminate,0,False,False,False,not_mentioned,not_mentioned,not_mentioned,not_mentioned,not_mentioned,not_mentioned,not_mentioned,not_mentioned,not_mentioned,not_mentioned
Pluma S NDE 179,nderf,data\nderf\01440_pluma-s-nde.json,Indeterminate,0,False,False,False,no_reason_given,not_mentioned,not_mentioned,not_mentioned,not_mentioned,not_mentioned,not_mentioned,not_mentioned,not_mentioned,not_mentioned
Patricia M NDE 168,nderf,data\nderf\01441_patricia-m-nde.json,Indeterminate,0,False,False,False,family_responsibility,no,no,not_mentioned,not_mentioned,not_mentioned,not_mentioned,not_mentioned,not_mentioned,not_mentioned
Decembra B NDE 167,nderf,data\nderf\01442_decembra-b-nde.json,Indeterminate,0,False,False,False,family_responsibility,no,no,no,not_mentioned,not_mentioned,not_mentioned,not_mentioned,not_mentioned,no
Angela K NDE 166,nderf,data\nderf\01443_angela-k-nde.json,Indeterminate,0,False,False,False,not_your_time,no,no,no,not_mentioned,not_mentioned,not_mentioned,not_mentioned,none,no
Brenda E NDE 165,nderf,data\nderf\01444_brenda-e-nde.json,Indeterminate,0,False,False,False,not_mentioned,no,no,no,not_mentioned,not_mentioned,not_mentioned,not_mentioned,not_mentioned,no
James G NDE 164,nderf,data\nderf\01445_james-g-nde.json,Indeterminate,0,False,False,False,not_mentioned,not_mentioned,not_mentioned,not_mentioned,not_mentioned,not_mentioned,not_mentioned,not_mentioned,not_mentioned,not_mentioned
Ellis B Possible NDE 163,nderf,data\nderf\01446_ellis-b-possible-nde.json,Indeterminate,0,False,False,False,no_reason_given,not_mentioned,not_mentioned,not_mentioned,not_mentioned,not_mentioned,not_mentioned,not_mentioned,not_mentioned,not_mentioned
Francis R NDE 161,nderf,data\nderf\01447_francis-r-nde.json,Indeterminate,0,False,False,False,not_mentioned,not_mentioned,not_mentioned,not_mentioned,not_mentioned,not_mentioned,not_mentioned,not_mentioned,not_mentioned,not_mentioned
Demi M NDE 157,nderf,data\nderf\01448_demi-m-nde.json,Indeterminate,0,False,False,False,not_mentioned,not_mentioned,not_mentioned,not_mentioned,not_mentioned,not_mentioned,not_mentioned,not_mentioned,not_mentioned,not_mentioned
John C NDE 149,nderf,data\nderf\01451_john-c-nde.json,Indeterminate,0,False,False,False,not_your_time,not_mentioned,not_mentioned,not_mentioned,not_mentioned,not_mentioned,not_mentioned,implied,not_mentioned,not_mentioned
Anna De R NDE 3295,nderf,data\nderf\01452_anna-de-r-nde-3295.json,Indeterminate,0,False,False,False,no_reason_given,not_mentioned,not_mentioned,no,not_mentioned,not_mentioned,not_mentioned,not_mentioned,not_mentioned,no
Richard B NDE 144,nderf,data\nderf\01453_richard-b-nde.json,Indeterminate,0,False,False,False,family_responsibility,not_mentioned,not_mentioned,not_mentioned,not_mentioned,not_mentioned,not_mentioned,not_mentioned,not_mentioned,not_mentioned
Ellen K NDE 138,nderf,data\nderf\01454_ellen-k-nde.json,Indeterminate,0,False,False,False,family_responsibility,not_mentioned,not_mentioned,not_mentioned,not_mentioned,not_mentioned,not_mentioned,no,not_mentioned,not_mentioned
Toni M NDE 131,nderf,data\nderf\01456_toni-m-nde.json,Indeterminate,0,False,False,False,not_your_time,not_mentioned,not_mentioned,no,not_mentioned,not_mentioned,not_mentioned,not_mentioned,not_mentioned,no
Rica S NDE 130,nderf,data\nderf\01457_rica-s-nde.json,Indeterminate,0,False,False,False,not_mentioned,not_mentioned,not_mentioned,not_mentioned,not_mentioned,not_mentioned,not_mentioned,not_mentioned,not_mentioned,not_mentioned
James S NDE 127,nderf,data\nderf\01458_james-s-nde.json,Indeterminate,0,False,False,False,other,no,no,no,not_mentioned,not_mentioned,not_mentioned,not_mentioned,not_mentioned,no
Linda K Probable NDE 125,nderf,data\nderf\01460_linda-k-probable-nde.json,Indeterminate,0,False,False,False,family_responsibility,no,no,no,not_mentioned,not_mentioned,not_mentioned,not_mentioned,not_mentioned,no
Wendi NDE 124,nderf,data\nderf\01461_wendi-nde.json,Indeterminate,0,False,False,False,not_your_time,not_mentioned,not_mentioned,not_mentioned,not_mentioned,not_mentioned,not_mentioned,not_mentioned,not_mentioned,not_mentioned
Mother-in-Law NDE 3109,nderf,data\nderf\01462_mother-in-law-nde-3109.json,Indeterminate,0,False,False,False,family_responsibility,no,not_mentioned,not_mentioned,not_mentioned,not_mentioned,not_mentioned,not_mentioned,not_mentioned,not_mentioned
Doina Probable NDE 3379,nderf,data\nderf\01463_doina-probable-nde-3379.json,Indeterminate,0,False,False,False,no_reason_given,no,no,not_mentioned,not_mentioned,not_mentioned,not_mentioned,not_mentioned,not_mentioned,not_mentioned
Nicole C NDE 3437,nderf,data\nderf\01464_nicole-c-nde-3437.json,Indeterminate,0,False,False,False,no_reason_given,not_mentioned,not_mentioned,not_mentioned,not_mentioned,not_mentioned,not_mentioned,not_mentioned,not_mentioned,not_mentioned
Gulden NDE 2837,nderf,data\nderf\01465_gulden-nde-2837.json,Indeterminate,0,False,False,False,not_mentioned,not_mentioned,not_mentioned,not_mentioned,not_mentioned,not_mentioned,not_mentioned,implied,not_mentioned,not_mentioned
Andrei NDE 3229,nderf,data\nderf\01469_andrei-nde-3229.json,Indeterminate,0,False,False,False,no_reason_given,no,no,no,not_mentioned,not_mentioned,not_mentioned,not_mentioned,not_mentioned,no
Ben J NDE 4737/21730/22088 NDE 22088,nderf,data\nderf\01470_ben-j-nde-4737-21730-22088-nde-22088.json,Indeterminate,0,False,False,False,not_mentioned,not_mentioned,not_mentioned,not_mentioned,not_mentioned,not_mentioned,not_mentioned,not_mentioned,not_mentioned,not_mentioned
Charles H NDE 3445/4085 NDE 4084,nderf,data\nderf\01473_charles-h-nde-3445-4085-nde-4084.json,Indeterminate,0,False,False,False,family_responsibility,no,not_mentioned,not_mentioned,not_mentioned,not_mentioned,not_mentioned,not_mentioned,not_mentioned,not_mentioned
Marcello R NDE 3449,nderf,data\nderf\01475_marcello-r-nde-3449.json,Indeterminate,0,False,False,False,not_your_time,no,no,no,not_mentioned,not_mentioned,not_mentioned,not_mentioned,not_mentioned,no
Thomas B NDE 3452,nderf,data\nderf\01477_thomas-b-nde-3452.json,Indeterminate,0,False,False,False,no_reason_given,not_mentioned,not_mentioned,not_mentioned,not_mentioned,not_mentioned,not_mentioned,not_mentioned,not_mentioned,not_mentioned
James F NDE 118,nderf,data\nderf\01480_james-f-nde.json,Indeterminate,0,False,False,False,not_your_time,not_mentioned,not_mentioned,not_mentioned,not_mentioned,not_mentioned,not_mentioned,not_mentioned,not_mentioned,not_mentioned
Nancy T NDE 107,nderf,data\nderf\01481_nancy-t-nde.json,Indeterminate,0,False,False,False,not_mentioned,not_mentioned,not_mentioned,not_mentioned,not_mentioned,not_mentioned,not_mentioned,not_mentioned,not_mentioned,not_mentioned
Fred B NDE 104,nderf,data\nderf\01482_fred-b-nde.json,Indeterminate,0,False,False,False,no_reason_given,not_mentioned,not_mentioned,not_mentioned,not_mentioned,not_mentioned,not_mentioned,not_mentioned,not_mentioned,not_mentioned
Rory R NDE 93,nderf,data\nderf\01483_rory-r-nde-93.json,Indeterminate,0,False,False,False,other,not_mentioned,not_mentioned,not_mentioned,not_mentioned,not_mentioned,not_mentioned,no,not_mentioned,not_mentioned
Rebecca D NDE 91,nderf,data\nderf\01484_rebecca-d-nde-91.json,Indeterminate,0,False,False,False,no_reason_given,not_mentioned,not_mentioned,not_mentioned,not_mentioned,not_mentioned,not_mentioned,not_mentioned,not_mentioned,not_mentioned
Tim NDE 90,nderf,data\nderf\01485_tim-nde-90.json,Indeterminate,0,False,False,False,not_mentioned,not_mentioned,not_mentioned,not_mentioned,not_mentioned,not_mentioned,not_mentioned,not_mentioned,not_mentioned,not_mentioned
Della R NDE 85,nderf,data\nderf\01486_della-r-nde-85.json,Indeterminate,0,False,False,False,not_mentioned,not_mentioned,not_mentioned,not_mentioned,not_mentioned,not_mentioned,not_mentioned,not_mentioned,not_mentioned,not_mentioned
Dr. Winborn W Probable NDE 84,nderf,data\nderf\01487_dr-winborn-w-probable-nde-84.json,Indeterminate,0,False,False,False,not_mentioned,not_mentioned,not_mentioned,not_mentioned,not_mentioned,not_mentioned,not_mentioned,not_mentioned,not_mentioned,not_mentioned
Lisa R NDE 77,nderf,data\nderf\01488_lisa-r-nde-77.json,Indeterminate,0,False,False,False,not_your_time,not_mentioned,not_mentioned,no,not_mentioned,not_mentioned,not_mentioned,not_mentioned,not_mentioned,no
Bob C NDE 75,nderf,data\nderf\01489_bob-c-nde-75.json,Indeterminate,0,False,False,False,not_your_time,no,no,no,not_mentioned,not_mentioned,not_mentioned,not_mentioned,not_mentioned,no
Martine Probable NDE 68,nderf,data\nderf\01491_martine-probable-nde-68.json,Indeterminate,0,False,False,False,not_mentioned,no,no,no,not_mentioned,not_mentioned,not_mentioned,not_mentioned,not_mentioned,no
Goldy NDE 64,nderf,data\nderf\01493_goldy-nde-64.json,Indeterminate,0,False,False,False,not_mentioned,not_mentioned,not_mentioned,not_mentioned,not_mentioned,not_mentioned,not_mentioned,not_mentioned,not_mentioned,not_mentioned
Dean T NDE 46,nderf,data\nderf\01494_dean-t-nde-46.json,Indeterminate,0,False,False,False,not_mentioned,not_mentioned,not_mentioned,not_mentioned,not_mentioned,not_mentioned,not_mentioned,not_mentioned,not_mentioned,not_mentioned
Conner I NDE 45,nderf,data\nderf\01495_conner-i-nde-45.json,Indeterminate,0,False,False,False,no_reason_given,not_mentioned,not_mentioned,not_mentioned,not_mentioned,not_mentioned,not_mentioned,not_mentioned,not_mentioned,not_mentioned
Brian K NDE 41,nderf,data\nderf\01496_brian-k-nde-41.json,Indeterminate,0,False,False,False,not_mentioned,not_mentioned,not_mentioned,not_mentioned,not_mentioned,not_mentioned,not_mentioned,not_mentioned,not_mentioned,not_mentioned
Lynda C NDE 40,nderf,data\nderf\01497_lynda-c-nde-40.json,Indeterminate,0,False,False,False,other,implied,not_mentioned,not_mentioned,not_mentioned,not_mentioned,not_mentioned,not_mentioned,not_mentioned,not_mentioned
Claude B NDE 32,nderf,data\nderf\01499_claude-b-nde-32.json,Indeterminate,0,False,False,False,no_reason_given,not_mentioned,not_mentioned,not_mentioned,not_mentioned,not_mentioned,not_mentioned,not_mentioned,not_mentioned,not_mentioned
David B NDE 31,nderf,data\nderf\01500_david-b-nde-31.json,Indeterminate,0,False,False,False,other,not_mentioned,not_mentioned,not_mentioned,not_mentioned,not_mentioned,not_mentioned,not_mentioned,not_mentioned,not_mentioned
Moselle NDE 30,nderf,data\nderf\01501_moselle-nde-30.json,Indeterminate,0,False,False,False,not_mentioned,not_mentioned,not_mentioned,not_mentioned,not_mentioned,not_mentioned,not_mentioned,not_mentioned,not_mentioned,not_mentioned
Dr. Thomas J NDE 29,nderf,data\nderf\01502_dr-thomas-j-nde-29.json,Indeterminate,0,False,False,False,not_mentioned,not_mentioned,not_mentioned,not_mentioned,not_mentioned,not_mentioned,not_mentioned,not_mentioned,not_mentioned,not_mentioned
Barbara C NDE 25,nderf,data\nderf\01505_barbara-c-nde-25.json,Indeterminate,0,False,False,False,no_reason_given,not_mentioned,not_mentioned,not_mentioned,not_mentioned,not_mentioned,not_mentioned,not_mentioned,not_mentioned,not_mentioned
Monty NDE 19,nderf,data\nderf\01508_monty-nde-19.json,Indeterminate,0,False,False,False,not_mentioned,not_mentioned,not_mentioned,not_mentioned,not_mentioned,not_mentioned,not_mentioned,not_mentioned,not_mentioned,not_mentioned
Steve NDE 17,nderf,data\nderf\01509_steve-nde-17.json,Indeterminate,0,False,False,False,not_mentioned,not_mentioned,not_mentioned,not_mentioned,not_mentioned,not_mentioned,not_mentioned,not_mentioned,not_mentioned,not_mentioned
Marge NDE 14,nderf,data\nderf\01512_marge-nde-14.json,Indeterminate,0,False,False,False,not_mentioned,not_mentioned,not_mentioned,not_mentioned,not_mentioned,not_mentioned,not_mentioned,not_mentioned,not_mentioned,not_mentioned
Sandra S NDE 13,nderf,data\nderf\01513_sandra-s-nde-13.json,Indeterminate,0,False,False,False,not_mentioned,not_mentioned,not_mentioned,not_mentioned,not_mentioned,not_mentioned,not_mentioned,not_mentioned,not_mentioned,not_mentioned
Edwin NDE 10,nderf,data\nderf\01514_edwin-nde-10.json,Indeterminate,0,False,False,False,not_mentioned,not_mentioned,not_mentioned,not_mentioned,not_mentioned,not_mentioned,not_mentioned,not_mentioned,not_mentioned,not_mentioned
Mrs. L NDE 7,nderf,data\nderf\01515_mrs-l-nde-7.json,Indeterminate,0,False,False,False,not_mentioned,not_mentioned,not_mentioned,not_mentioned,not_mentioned,not_mentioned,not_mentioned,not_mentioned,not_mentioned,not_mentioned
Star NDE 6,nderf,data\nderf\01516_star-nde-6.json,Indeterminate,0,False,False,False,not_your_time,not_mentioned,not_mentioned,not_mentioned,not_mentioned,not_mentioned,not_mentioned,not_mentioned,not_mentioned,not_mentioned
Jennie NDE 5,nderf,data\nderf\01517_jennie-nde-5.json,Indeterminate,0,False,False,False,not_mentioned,not_mentioned,not_mentioned,not_mentioned,not_mentioned,not_mentioned,not_mentioned,not_mentioned,not_mentioned,not_mentioned
Ginny B Probable NDE 3186,nderf,data\nderf\01519_ginny-b-probable-nde-3186.json,Indeterminate,0,False,False,False,family_responsibility,not_mentioned,not_mentioned,not_mentioned,not_mentioned,not_mentioned,not_mentioned,not_mentioned,not_mentioned,not_mentioned
Vasiliy NDE 3237,nderf,data\nderf\01522_vasiliy-nde-3237.json,Indeterminate,0,False,False,False,not_mentioned,not_mentioned,not_mentioned,not_mentioned,not_mentioned,not_mentioned,not_mentioned,not_mentioned,not_mentioned,not_mentioned
Jean C NDE 3373,nderf,data\nderf\01523_jean-c-nde-3373.json,Indeterminate,0,False,False,False,not_mentioned,not_mentioned,not_mentioned,not_mentioned,not_mentioned,not_mentioned,not_mentioned,not_mentioned,not_mentioned,not_mentioned
Francisco GV NDE 3365,nderf,data\nderf\01524_francisco-gv-nde-3365.json,Indeterminate,0,False,False,False,no_reason_given,no,no,no,not_mentioned,not_mentioned,not_mentioned,not_mentioned,not_mentioned,no
Mel B NDE 3456,nderf,data\nderf\01525_mel-b-nde-3456.json,Indeterminate,0,False,False,False,not_mentioned,not_mentioned,not_mentioned,not_mentioned,not_mentioned,not_mentioned,not_mentioned,not_mentioned,not_mentioned,not_mentioned
Margie M Probable NDE 3457,nderf,data\nderf\01526_margie-m-probable-nde-3457.json,Indeterminate,0,False,False,False,other,not_mentioned,no,no,not_mentioned,not_mentioned,not_mentioned,not_mentioned,not_mentioned,no
Lee FDE 3458 NDE 3458,nderf,data\nderf\01527_lee-fde-3458-nde-3458.json,Indeterminate,0,False,False,False,not_mentioned,not_mentioned,not_mentioned,not_mentioned,not_mentioned,not_mentioned,not_mentioned,not_mentioned,not_mentioned,not_mentioned
Christina M NDE 3459,nderf,data\nderf\01528_christina-m-nde-3459.json,Indeterminate,0,False,False,False,family_responsibility,not_mentioned,no,no,not_mentioned,not_mentioned,not_mentioned,not_mentioned,not_mentioned,no
Lisa NJ Probable NDE 3461,nderf,data\nderf\01529_lisa-nj-probable-nde-3461.json,Indeterminate,0,False,False,False,family_responsibility,yes_explicit,no,no,not_mentioned,not_mentioned,not_mentioned,not_mentioned,not_mentioned,no
SB NDE 3460,nderf,data\nderf\01530_sb-nde-3460.json,Indeterminate,0,False,False,False,other,not_mentioned,not_mentioned,not_mentioned,not_mentioned,not_mentioned,not_mentioned,not_mentioned,not_mentioned,not_mentioned
Colonel Fahad NDE 16001,nderf,data\nderf\01531_colonel-fahad-nde-16001.json,Indeterminate,0,False,False,False,other,implied,no,no,not_mentioned,not_mentioned,not_mentioned,not_mentioned,not_mentioned,no
Jan H NDE 3082,nderf,data\nderf\01533_jan-h-nde-3082.json,Indeterminate,0,False,False,False,other,no,no,no,not_mentioned,not_mentioned,not_mentioned,no,not_mentioned,no
Deirdre P NDE 3463,nderf,data\nderf\01534_deirdre-p-nde-3463.json,Indeterminate,0,False,False,False,other,no,not_mentioned,not_mentioned,not_mentioned,not_mentioned,not_mentioned,not_mentioned,not_mentioned,not_mentioned
Denver P NDE 3465,nderf,data\nderf\01535_denver-p-nde-3465.json,Indeterminate,0,False,False,False,family_responsibility,no,no,not_mentioned,not_mentioned,not_mentioned,not_mentioned,not_mentioned,not_mentioned,not_mentioned
Jeff C NDE 3467,nderf,data\nderf\01536_jeff-c-nde-3467.json,Indeterminate,0,False,False,False,not_mentioned,not_mentioned,not_mentioned,not_mentioned,not_mentioned,not_mentioned,not_mentioned,not_mentioned,not_mentioned,not_mentioned
Andrew R NDE 3469,nderf,data\nderf\01537_andrew-r-nde-3469.json,Indeterminate,0,False,False,False,not_mentioned,not_mentioned,not_mentioned,no,not_mentioned,not_mentioned,not_mentioned,not_mentioned,not_mentioned,no
Robert NDE 3473,nderf,data\nderf\01538_robert-nde-3473.json,Indeterminate,0,False,False,False,no_reason_given,not_mentioned,not_mentioned,not_mentioned,not_mentioned,not_mentioned,not_mentioned,not_mentioned,not_mentioned,not_mentioned
Patricia D NDE 3475,nderf,data\nderf\01539_patricia-d-nde-3475.json,Indeterminate,0,False,False,False,no_reason_given,not_mentioned,not_mentioned,not_mentioned,not_mentioned,not_mentioned,not_mentioned,not_mentioned,not_mentioned,not_mentioned
Dirk D NDE 3088,nderf,data\nderf\01540_dirk-d-nde-3088.json,Indeterminate,0,False,False,False,not_mentioned,not_mentioned,not_mentioned,not_mentioned,not_mentioned,not_mentioned,not_mentioned,not_mentioned,not_mentioned,not_mentioned
Walter R NDE 3468,nderf,data\nderf\01541_walter-r-nde-3468.json,Indeterminate,0,False,False,False,no_reason_given,no,no,no,not_mentioned,not_mentioned,not_mentioned,not_mentioned,not_mentioned,no
Wesley W NDE 3483,nderf,data\nderf\01544_wesley-w-nde-3483.json,Indeterminate,0,False,False,False,not_your_time,no,no,no,not_mentioned,not_mentioned,not_mentioned,not_mentioned,not_mentioned,no
Kat M NDE 3484,nderf,data\nderf\01545_kat-m-nde-3484.json,Indeterminate,0,False,False,False,family_responsibility,no,no,no,not_mentioned,not_mentioned,not_mentioned,not_mentioned,not_mentioned,no
Christy NDE 3485,nderf,data\nderf\01546_christy-nde-3485.json,Indeterminate,0,False,False,False,family_responsibility,not_mentioned,not_mentioned,not_mentioned,not_mentioned,not_mentioned,not_mentioned,implied,not_mentioned,not_mentioned
Lisa R Possible NDE 3487,nderf,data\nderf\01549_lisa-r-possible-nde-3487.json,Indeterminate,0,False,False,False,not_mentioned,not_mentioned,not_mentioned,not_mentioned,not_mentioned,not_mentioned,not_mentioned,no,not_mentioned,not_mentioned
Vicky NDE 3488,nderf,data\nderf\01550_vicky-nde-3488.json,Indeterminate,0,False,False,False,not_mentioned,not_mentioned,not_mentioned,not_mentioned,not_mentioned,not_mentioned,not_mentioned,not_mentioned,not_mentioned,not_mentioned
Reen Probable NDE 3422,nderf,data\nderf\01551_reen-probable-nde-3422.json,Indeterminate,0,False,False,False,not_mentioned,not_mentioned,not_mentioned,not_mentioned,not_mentioned,not_mentioned,not_mentioned,not_mentioned,not_mentioned,not_mentioned
Amanda J NDE 21748,nderf,data\nderf\01552_amanda-j-nde-21748.json,Indeterminate,0,False,False,False,not_your_time,no,no,not_mentioned,not_mentioned,not_mentioned,not_mentioned,not_mentioned,not_mentioned,not_mentioned
Chris H Probable REM Intrusion 3494 NDE 3494,nderf,data\nderf\01553_chris-h-probable-rem-intrusion-3494-nde-3494.json,Indeterminate,0,False,False,False,other,no,no,no,not_mentioned,not_mentioned,not_mentioned,no,none,no
San J NDE 3496,nderf,data\nderf\01555_san-j-nde-3496.json,Indeterminate,0,False,False,False,not_mentioned,not_mentioned,not_mentioned,not_mentioned,not_mentioned,not_mentioned,not_mentioned,not_mentioned,not_mentioned,not_mentioned
Laura D NDE 3499,nderf,data\nderf\01557_laura-d-nde-3499.json,Indeterminate,0,False,False,False,not_mentioned,not_mentioned,not_mentioned,not_mentioned,not_mentioned,not_mentioned,not_mentioned,not_mentioned,not_mentioned,not_mentioned
Rae P NDE 3500,nderf,data\nderf\01558_rae-p-nde-3500.json,Indeterminate,0,False,False,False,not_mentioned,not_mentioned,not_mentioned,not_mentioned,not_mentioned,not_mentioned,not_mentioned,not_mentioned,not_mentioned,not_mentioned
Gilbert H Probable NDE 3448,nderf,data\nderf\01559_gilbert-h-probable-nde-3448.json,Indeterminate,0,False,False,False,other,not_mentioned,not_mentioned,not_mentioned,not_mentioned,not_mentioned,not_mentioned,not_mentioned,not_mentioned,not_mentioned
John C SOBE 3526 NDE 3526,nderf,data\nderf\01560_john-c-sobe-3526-nde-3526.json,Indeterminate,0,False,False,False,not_mentioned,not_mentioned,not_mentioned,not_mentioned,not_mentioned,not_mentioned,not_mentioned,not_mentioned,not_mentioned,not_mentioned
Lela L NDE 3503,nderf,data\nderf\01561_lela-l-nde-3503.json,Indeterminate,0,False,False,False,no_reason_given,not_mentioned,not_mentioned,not_mentioned,not_mentioned,not_mentioned,not_mentioned,not_mentioned,not_mentioned,not_mentioned
Mary Jo R NDE 3504,nderf,data\nderf\01562_mary-jo-r-nde-3504.json,Indeterminate,0,False,False,False,not_your_time,implied,not_mentioned,not_mentioned,not_mentioned,not_mentioned,not_mentioned,not_mentioned,not_mentioned,not_mentioned
Donald M NDE 3506,nderf,data\nderf\01564_donald-m-nde-3506.json,Indeterminate,0,False,False,False,not_your_time,not_mentioned,not_mentioned,not_mentioned,not_mentioned,not_mentioned,not_mentioned,not_mentioned,not_mentioned,not_mentioned
Daniel T NDE 3507,nderf,data\nderf\01565_daniel-t-nde-3507.json,Indeterminate,0,False,False,False,not_mentioned,not_mentioned,not_mentioned,not_mentioned,not_mentioned,not_mentioned,not_mentioned,not_mentioned,not_mentioned,not_mentioned
Janet N NDE 3508,nderf,data\nderf\01566_janet-n-nde-3508.json,Indeterminate,0,False,False,False,no_reason_given,no,no,no,not_mentioned,not_mentioned,not_mentioned,not_mentioned,none,no
Dian C NDE 3512,nderf,data\nderf\01567_dian-c-nde-3512.json,Indeterminate,0,False,False,False,no_reason_given,no,no,no,not_mentioned,not_mentioned,not_mentioned,not_mentioned,not_mentioned,not_mentioned
William T NDE 3513,nderf,data\nderf\01568_william-t-nde-3513.json,Indeterminate,0,False,False,False,not_mentioned,not_mentioned,not_mentioned,not_mentioned,not_mentioned,not_mentioned,not_mentioned,not_mentioned,not_mentioned,not_mentioned
Baldwin R NDE 3517,nderf,data\nderf\01569_baldwin-r-nde-3517.json,Indeterminate,0,False,False,False,no_reason_given,not_mentioned,not_mentioned,not_mentioned,not_mentioned,not_mentioned,not_mentioned,not_mentioned,not_mentioned,not_mentioned
Amber D NDE 3519,nderf,data\nderf\01571_amber-d-nde-3519.json,Indeterminate,0,False,False,False,family_responsibility,not_mentioned,not_mentioned,not_mentioned,not_mentioned,not_mentioned,not_mentioned,not_mentioned,not_mentioned,not_mentioned
Lisa H NDE 3520,nderf,data\nderf\01572_lisa-h-nde-3520.json,Indeterminate,0,False,False,False,not_mentioned,not_mentioned,not_mentioned,not_mentioned,not_mentioned,not_mentioned,not_mentioned,not_mentioned,not_mentioned,not_mentioned
Andy D NDE 3524,nderf,data\nderf\01573_andy-d-nde-3524.json,Indeterminate,0,False,False,False,no_reason_given,no,no,no,not_mentioned,not_mentioned,not_mentioned,not_mentioned,none,no
Shelley S NDE 3530,nderf,data\nderf\01574_shelley-s-nde-3530.json,Indeterminate,0,False,False,False,other,not_mentioned,not_mentioned,not_mentioned,not_mentioned,not_mentioned,not_mentioned,not_mentioned,not_mentioned,not_mentioned
Lucinda T FDE 3536 NDE 3536,nderf,data\nderf\01576_lucinda-t-fde-3536-nde-3536.json,Indeterminate,0,False,False,False,family_responsibility,not_mentioned,not_mentioned,not_mentioned,not_mentioned,not_mentioned,not_mentioned,not_mentioned,not_mentioned,not_mentioned
Lynn R Probable NDE 3537,nderf,data\nderf\01577_lynn-r-probable-nde-3537.json,Indeterminate,0,False,False,False,not_your_time,not_mentioned,not_mentioned,no,not_mentioned,not_mentioned,not_mentioned,not_mentioned,not_mentioned,no
Jaime M NDE 3497,nderf,data\nderf\01578_jaime-m-nde-3497.json,Indeterminate,0,False,False,False,no_reason_given,no,no,not_mentioned,not_mentioned,not_mentioned,not_mentioned,explicit,not_mentioned,not_mentioned
Matthew M Possible NDE 3542,nderf,data\nderf\01582_matthew-m-possible-nde-3542.json,Indeterminate,0,False,False,False,not_your_time,not_mentioned,not_mentioned,not_mentioned,not_mentioned,not_mentioned,not_mentioned,not_mentioned,not_mentioned,not_mentioned
Timothy M Possible NDE 3543,nderf,data\nderf\01583_timothy-m-possible-nde-3543.json,Indeterminate,0,False,False,False,not_your_time,no,not_mentioned,not_mentioned,not_mentioned,not_mentioned,not_mentioned,not_mentioned,not_mentioned,not_mentioned
Tammy R NDE 3546,nderf,data\nderf\01585_tammy-r-nde-3546.json,Indeterminate,0,False,False,False,not_your_time,no,no,not_mentioned,not_mentioned,not_mentioned,not_mentioned,not_mentioned,not_mentioned,not_mentioned
Kevin P NDE 3547,nderf,data\nderf\01586_kevin-p-nde-3547.json,Indeterminate,0,False,False,False,not_mentioned,no,no,no,not_mentioned,not_mentioned,not_mentioned,no,not_mentioned,no
Fanny L Possible NDE 3551,nderf,data\nderf\01588_fanny-l-possible-nde-3551.json,Indeterminate,0,False,False,False,family_responsibility,no,no,no,not_mentioned,not_mentioned,not_mentioned,not_mentioned,not_mentioned,no
Sara H NDE 3552,nderf,data\nderf\01589_sara-h-nde-3552.json,Indeterminate,0,False,False,False,not_your_time,not_mentioned,not_mentioned,not_mentioned,not_mentioned,not_mentioned,not_mentioned,not_mentioned,not_mentioned,not_mentioned
Sandra E NDE 3553,nderf,data\nderf\01590_sandra-e-nde-3553.json,Indeterminate,0,False,False,False,family_responsibility,no,no,not_mentioned,not_mentioned,not_mentioned,not_mentioned,not_mentioned,not_mentioned,not_mentioned
Yvette P NDE 3555,nderf,data\nderf\01591_yvette-p-nde-3555.json,Indeterminate,0,False,False,False,no_reason_given,not_mentioned,not_mentioned,not_mentioned,not_mentioned,not_mentioned,not_mentioned,not_mentioned,not_mentioned,not_mentioned
Maria N FDE 3493 NDE 3493,nderf,data\nderf\01593_maria-n-fde-3493-nde-3493.json,Indeterminate,0,False,False,False,other,not_mentioned,no,no,not_mentioned,not_mentioned,not_mentioned,explicit,not_mentioned,no
Jaqueline NDE 3501,nderf,data\nderf\01594_jaqueline-nde-3501.json,Indeterminate,0,False,False,False,not_mentioned,no,no,not_mentioned,not_mentioned,not_mentioned,not_mentioned,not_mentioned,not_mentioned,not_mentioned
Roseann DBV 16014 NDE 16014,nderf,data\nderf\01595_roseann-dbv-16014-nde-16014.json,Indeterminate,0,False,False,False,not_mentioned,not_mentioned,not_mentioned,not_mentioned,not_mentioned,not_mentioned,not_mentioned,not_mentioned,not_mentioned,not_mentioned
Cyndi G NDE 21780,nderf,data\nderf\01596_cyndi-g-nde-21780.json,Indeterminate,0,False,False,False,not_mentioned,not_mentioned,not_mentioned,not_mentioned,not_mentioned,not_mentioned,not_mentioned,not_mentioned,not_mentioned,not_mentioned
Minerva NDE/ADC 31423 NDE 31423,nderf,data\nderf\01597_minerva-nde-adc-31423-nde-31423.json,Indeterminate,0,False,False,False,not_mentioned,not_mentioned,not_mentioned,not_mentioned,not_mentioned,not_mentioned,not_mentioned,not_mentioned,not_mentioned,not_mentioned
Harriet K NDE 3560,nderf,data\nderf\01598_harriet-k-nde-3560.json,Indeterminate,0,False,False,False,not_mentioned,not_mentioned,not_mentioned,not_mentioned,not_mentioned,not_mentioned,not_mentioned,not_mentioned,not_mentioned,not_mentioned
Sanz Probable NDE 3561,nderf,data\nderf\01599_sanz-probable-nde-3561.json,Indeterminate,0,False,False,False,not_your_time,not_mentioned,not_mentioned,not_mentioned,not_mentioned,not_mentioned,not_mentioned,not_mentioned,not_mentioned,not_mentioned
Bonnie G NDE 3564,nderf,data\nderf\01600_bonnie-g-nde-3564.json,Indeterminate,0,False,False,False,not_your_time,implied,no,no,not_mentioned,not_mentioned,not_mentioned,not_mentioned,none,no
Selina NDE 3565,nderf,data\nderf\01601_selina-nde-3565.json,Indeterminate,0,False,False,False,not_mentioned,not_mentioned,not_mentioned,not_mentioned,not_mentioned,not_mentioned,not_mentioned,not_mentioned,not_mentioned,not_mentioned
Karen H NDE 3570,nderf,data\nderf\01604_karen-h-nde-3570.json,Indeterminate,0,False,False,False,no_reason_given,no,no,not_mentioned,not_mentioned,not_mentioned,not_mentioned,not_mentioned,not_mentioned,not_mentioned
Donna S Probable NDE 3573,nderf,data\nderf\01606_donna-s-probable-nde-3573.json,Indeterminate,0,False,False,False,not_mentioned,not_mentioned,not_mentioned,not_mentioned,not_mentioned,not_mentioned,not_mentioned,not_mentioned,not_mentioned,not_mentioned
Matthew L Probable NDE 3575,nderf,data\nderf\01607_matthew-l-probable-nde-3575.json,Indeterminate,0,False,False,False,not_mentioned,no,no,no,not_mentioned,not_mentioned,not_mentioned,not_mentioned,not_mentioned,no
Ryland D FDE 3576 NDE 3576,nderf,data\nderf\01608_ryland-d-fde-3576-nde-3576.json,Indeterminate,0,False,False,False,not_mentioned,not_mentioned,not_mentioned,no,not_mentioned,not_mentioned,not_mentioned,not_mentioned,none,no
Jenny E NDE 21798,nderf,data\nderf\01610_jenny-e-nde-21798.json,Indeterminate,0,False,False,False,not_mentioned,not_mentioned,not_mentioned,not_mentioned,not_mentioned,not_mentioned,not_mentioned,not_mentioned,not_mentioned,not_mentioned
Sandra H NDE 3578,nderf,data\nderf\01611_sandra-h-nde-3578.json,Indeterminate,0,False,False,False,not_mentioned,no,no,not_mentioned,not_mentioned,not_mentioned,not_mentioned,not_mentioned,not_mentioned,not_mentioned
Kathleen S NDE 3582,nderf,data\nderf\01612_kathleen-s-nde-3582.json,Indeterminate,0,False,False,False,family_responsibility,no,no,no,not_mentioned,not_mentioned,not_mentioned,not_mentioned,not_mentioned,no
Sylvia P NDE 3585,nderf,data\nderf\01613_sylvia-p-nde-3585.json,Indeterminate,0,False,False,False,other,not_mentioned,not_mentioned,not_mentioned,not_mentioned,not_mentioned,not_mentioned,not_mentioned,not_mentioned,not_mentioned
Bonnie J NDE 3588/7303,nderf,data\nderf\01614_bonnie-j-nde-3588-7303.json,Indeterminate,0,False,False,False,family_responsibility,not_mentioned,no,no,not_mentioned,not_mentioned,not_mentioned,not_mentioned,not_mentioned,no
Carol M NDE 3557,nderf,data\nderf\01616_carol-m-nde-3557.json,Indeterminate,0,False,False,False,family_responsibility,not_mentioned,no,no,not_mentioned,not_mentioned,not_mentioned,not_mentioned,not_mentioned,no
Angela J NDE 3589,nderf,data\nderf\01617_angela-j-nde-3589.json,Indeterminate,0,False,False,False,not_mentioned,not_mentioned,not_mentioned,not_mentioned,not_mentioned,not_mentioned,not_mentioned,not_mentioned,not_mentioned,not_mentioned
Christine A NDE 3591,nderf,data\nderf\01618_christine-a-nde-3591.json,Indeterminate,0,False,False,False,not_mentioned,not_mentioned,not_mentioned,no,not_mentioned,not_mentioned,not_mentioned,not_mentioned,not_mentioned,no
George T NDE 3594,nderf,data\nderf\01619_george-t-nde-3594.json,Indeterminate,0,False,False,False,not_mentioned,not_mentioned,not_mentioned,not_mentioned,not_mentioned,not_mentioned,not_mentioned,not_mentioned,not_mentioned,not_mentioned
Juan Carlos NDE 3562,nderf,data\nderf\01620_juan-carlos-nde-3562.json,Indeterminate,0,False,False,False,no_reason_given,not_mentioned,not_mentioned,not_mentioned,not_mentioned,not_mentioned,not_mentioned,not_mentioned,not_mentioned,not_mentioned
Mieke NDE 3593,nderf,data\nderf\01621_mieke-nde-3593.json,Indeterminate,0,False,False,False,not_mentioned,not_mentioned,not_mentioned,no,not_mentioned,not_mentioned,not_mentioned,not_mentioned,not_mentioned,no
Bill B NDE 3596,nderf,data\nderf\01622_bill-b-nde-3596.json,Indeterminate,0,False,False,False,not_mentioned,not_mentioned,not_mentioned,not_mentioned,not_mentioned,not_mentioned,not_mentioned,not_mentioned,not_mentioned,not_mentioned
Sana NDE 3470,nderf,data\nderf\01624_sana-nde-3470.json,Indeterminate,0,False,False,False,not_mentioned,not_mentioned,not_mentioned,not_mentioned,not_mentioned,not_mentioned,not_mentioned,not_mentioned,not_mentioned,not_mentioned
Lorena NDE 3586,nderf,data\nderf\01625_lorena-nde-3586.json,Indeterminate,0,False,False,False,family_responsibility,implied,not_mentioned,not_mentioned,not_mentioned,not_mentioned,not_mentioned,not_mentioned,not_mentioned,not_mentioned
Shona G NDE 3606,nderf,data\nderf\01626_shona-g-nde-3606.json,Indeterminate,0,False,False,False,not_mentioned,not_mentioned,not_mentioned,not_mentioned,not_mentioned,not_mentioned,not_mentioned,no,not_mentioned,not_mentioned
Darren T NDE 3610,nderf,data\nderf\01627_darren-t-nde-3610.json,Indeterminate,0,False,False,False,not_mentioned,not_mentioned,not_mentioned,not_mentioned,not_mentioned,not_mentioned,not_mentioned,not_mentioned,not_mentioned,not_mentioned
Gini C NDE 3617,nderf,data\nderf\01629_gini-c-nde-3617.json,Indeterminate,0,False,False,False,no_reason_given,not_mentioned,not_mentioned,not_mentioned,not_mentioned,not_mentioned,not_mentioned,not_mentioned,not_mentioned,not_mentioned
Rickie T NDE 16015,nderf,data\nderf\01630_rickie-t-nde-16015.json,Indeterminate,0,False,False,False,not_your_time,implied,no,no,not_mentioned,not_mentioned,not_mentioned,no,not_mentioned,no
Mariana Probable NDE 3598,nderf,data\nderf\01631_mariana-probable-nde-3598.json,Indeterminate,0,False,False,False,not_mentioned,not_mentioned,not_mentioned,not_mentioned,not_mentioned,not_mentioned,not_mentioned,not_mentioned,not_mentioned,not_mentioned
Nithin S NDE 3619,nderf,data\nderf\01632_nithin-s-nde-3619.json,Indeterminate,0,False,False,False,family_responsibility,not_mentioned,not_mentioned,not_mentioned,not_mentioned,not_mentioned,not_mentioned,not_mentioned,not_mentioned,not_mentioned
Rick R Possible NDE 3595,nderf,data\nderf\01633_rick-r-possible-nde-3595.json,Indeterminate,0,False,False,False,not_mentioned,not_mentioned,no,no,not_mentioned,not_mentioned,not_mentioned,not_mentioned,not_mentioned,no
Wendy M NDE 21822,nderf,data\nderf\01637_wendy-m-nde-21822.json,Indeterminate,0,False,False,False,not_mentioned,not_mentioned,not_mentioned,not_mentioned,not_mentioned,not_mentioned,not_mentioned,not_mentioned,not_mentioned,not_mentioned
Pat R Probable NDE 3631,nderf,data\nderf\01638_pat-r-probable-nde-3631.json,Indeterminate,0,False,False,False,not_mentioned,not_mentioned,not_mentioned,not_mentioned,not_mentioned,not_mentioned,not_mentioned,not_mentioned,not_mentioned,not_mentioned
B Death Bed Vision 3632 NDE 3632,nderf,data\nderf\01639_b-death-bed-vision-3632-nde-3632.json,Indeterminate,0,False,False,False,not_mentioned,not_mentioned,not_mentioned,no,not_mentioned,not_mentioned,not_mentioned,not_mentioned,not_mentioned,no
Janet J NDE 3634,nderf,data\nderf\01640_janet-j-nde-3634.json,Indeterminate,0,False,False,False,family_responsibility,not_mentioned,not_mentioned,not_mentioned,not_mentioned,not_mentioned,not_mentioned,not_mentioned,not_mentioned,not_mentioned
Thea NDE3630 NDE 3630,nderf,data\nderf\01641_thea-nde3630-nde-3630.json,Indeterminate,0,False,False,False,not_mentioned,not_mentioned,not_mentioned,not_mentioned,not_mentioned,not_mentioned,not_mentioned,not_mentioned,not_mentioned,not_mentioned
Jackie M NDE21825 NDE 21825,nderf,data\nderf\01642_jackie-m-nde21825-nde-21825.json,Indeterminate,0,False,False,False,family_responsibility,not_mentioned,not_mentioned,not_mentioned,not_mentioned,not_mentioned,not_mentioned,not_mentioned,not_mentioned,not_mentioned
Antonio C NDE3638 NDE 3638,nderf,data\nderf\01643_antonio-c-nde3638-nde-3638.json,Indeterminate,0,False,False,False,not_mentioned,not_mentioned,not_mentioned,no,not_mentioned,not_mentioned,not_mentioned,not_mentioned,not_mentioned,no
Dave R NDE3639 NDE 3639,nderf,data\nderf\01644_dave-r-nde3639-nde-3639.json,Indeterminate,0,False,False,False,not_mentioned,not_mentioned,not_mentioned,not_mentioned,not_mentioned,not_mentioned,not_mentioned,not_mentioned,not_mentioned,not_mentioned
Jean K Other21827 NDE 21827,nderf,data\nderf\01646_jean-k-other21827-nde-21827.json,Indeterminate,0,False,False,False,not_mentioned,not_mentioned,not_mentioned,not_mentioned,not_mentioned,not_mentioned,not_mentioned,not_mentioned,not_mentioned,not_mentioned
Alison D NDE3640 NDE 3640,nderf,data\nderf\01647_alison-d-nde3640-nde-3640.json,Indeterminate,0,False,False,False,not_your_time,no,no,no,not_mentioned,not_mentioned,not_mentioned,not_mentioned,not_mentioned,no
CJ C Possible NDE3646 NDE 3646,nderf,data\nderf\01650_cj-c-possible-nde3646-nde-3646.json,Indeterminate,0,False,False,False,other,not_mentioned,not_mentioned,not_mentioned,not_mentioned,not_mentioned,not_mentioned,not_mentioned,not_mentioned,not_mentioned
John W NDE3650 NDE 3650,nderf,data\nderf\01652_john-w-nde3650-nde-3650.json,Indeterminate,0,False,False,False,other,not_mentioned,not_mentioned,no,not_mentioned,not_mentioned,not_mentioned,not_mentioned,none,no
Sandra NDE3620 NDE 3620,nderf,data\nderf\01657_sandra-nde3620-nde-3620.json,Indeterminate,0,False,False,False,not_mentioned,not_mentioned,not_mentioned,not_mentioned,not_mentioned,not_mentioned,not_mentioned,not_mentioned,not_mentioned,not_mentioned
Brian NDE 3656,nderf,data\nderf\01659_brian-nde-3656.json,Indeterminate,0,False,False,False,not_mentioned,not_mentioned,not_mentioned,not_mentioned,not_mentioned,not_mentioned,not_mentioned,not_mentioned,not_mentioned,not_mentioned
Kristi Possible NDE 3657,nderf,data\nderf\01660_kristi-possible-nde-3657.json,Indeterminate,0,False,False,False,not_mentioned,not_mentioned,not_mentioned,not_mentioned,not_mentioned,not_mentioned,not_mentioned,not_mentioned,not_mentioned,not_mentioned
Christopher J NDE3658 NDE 3658,nderf,data\nderf\01661_christopher-j-nde3658-nde-3658.json,Indeterminate,0,False,False,False,not_your_time,no,no,no,not_mentioned,not_mentioned,not_mentioned,not_mentioned,not_mentioned,no
Antonieta SCC Possible NDE 3662,nderf,data\nderf\01662_antonieta-scc-possible-nde-3662.json,Indeterminate,0,False,False,False,not_your_time,not_mentioned,not_mentioned,not_mentioned,not_mentioned,not_mentioned,not_mentioned,not_mentioned,not_mentioned,not_mentioned
Maria N Possible NDE 3655,nderf,data\nderf\01663_maria-n-possible-nde-3655.json,Indeterminate,0,False,False,False,family_responsibility,not_mentioned,not_mentioned,not_mentioned,not_mentioned,not_mentioned,not_mentioned,not_mentioned,not_mentioned,not_mentioned
Amelia NDE 3611,nderf,data\nderf\01664_amelia-nde-3611.json,Indeterminate,0,False,False,False,not_mentioned,not_mentioned,not_mentioned,not_mentioned,not_mentioned,not_mentioned,not_mentioned,not_mentioned,not_mentioned,not_mentioned
Ruben E NDE 3614,nderf,data\nderf\01665_ruben-e-nde-3614.json,Indeterminate,0,False,False,False,no_reason_given,not_mentioned,not_mentioned,not_mentioned,not_mentioned,not_mentioned,not_mentioned,not_mentioned,not_mentioned,not_mentioned
Diane B NDE 3666,nderf,data\nderf\01667_diane-b-nde-3666.json,Indeterminate,0,False,False,False,not_mentioned,not_mentioned,not_mentioned,not_mentioned,not_mentioned,not_mentioned,not_mentioned,not_mentioned,not_mentioned,not_mentioned
Story C NDE 3664,nderf,data\nderf\01668_story-c-nde-3664.json,Indeterminate,0,False,False,False,family_responsibility,no,not_mentioned,not_mentioned,not_mentioned,not_mentioned,not_mentioned,not_mentioned,not_mentioned,not_mentioned
Damien R NDE21840 NDE 21840,nderf,data\nderf\01672_damien-r-nde21840-nde-21840.json,Indeterminate,0,False,False,False,no_reason_given,not_mentioned,not_mentioned,no,not_mentioned,not_mentioned,not_mentioned,not_mentioned,not_mentioned,no
Sharon B NDE3670 NDE 3670,nderf,data\nderf\01673_sharon-b-nde3670-nde-3670.json,Indeterminate,0,False,False,False,not_mentioned,yes_explicit,not_mentioned,not_mentioned,not_mentioned,not_mentioned,not_mentioned,not_mentioned,not_mentioned,not_mentioned
Janie G NDE 3672,nderf,data\nderf\01674_janie-g-nde-3672.json,Indeterminate,0,False,False,False,not_mentioned,no,no,no,not_mentioned,not_mentioned,not_mentioned,not_mentioned,not_mentioned,no
Cynthia NDE 21844,nderf,data\nderf\01676_cynthia-nde-21844.json,Indeterminate,0,False,False,False,family_responsibility,not_mentioned,not_mentioned,not_mentioned,not_mentioned,not_mentioned,not_mentioned,not_mentioned,not_mentioned,not_mentioned
Austin T Probable NDE 3678,nderf,data\nderf\01677_austin-t-probable-nde-3678.json,Indeterminate,0,False,False,False,no_reason_given,implied,no,no,not_mentioned,not_mentioned,not_mentioned,not_mentioned,not_mentioned,no
Paul T NDE 3679,nderf,data\nderf\01678_paul-t-nde-3679.json,Indeterminate,0,False,False,False,not_mentioned,not_mentioned,no,no,not_mentioned,not_mentioned,not_mentioned,not_mentioned,none,no
Robert N NDE 3680,nderf,data\nderf\01679_robert-n-nde-3680.json,Indeterminate,0,False,False,False,not_mentioned,not_mentioned,not_mentioned,not_mentioned,not_mentioned,not_mentioned,not_mentioned,not_mentioned,not_mentioned,not_mentioned
Fred S NDE 5312/3682/4850 NDE 4850,nderf,data\nderf\01680_fred-s-nde-5312-3682-4850-nde-4850.json,Indeterminate,0,False,False,False,no_reason_given,not_mentioned,not_mentioned,not_mentioned,not_mentioned,not_mentioned,not_mentioned,not_mentioned,not_mentioned,not_mentioned
Todd H NDE 3684,nderf,data\nderf\01681_todd-h-nde-3684.json,Indeterminate,0,False,False,False,not_mentioned,not_mentioned,not_mentioned,not_mentioned,not_mentioned,not_mentioned,not_mentioned,not_mentioned,not_mentioned,not_mentioned
José MO NDE3653 NDE 3653,nderf,data\nderf\01682_jos-mo-nde3653-nde-3653.json,Indeterminate,0,False,False,False,not_mentioned,not_mentioned,not_mentioned,not_mentioned,not_mentioned,not_mentioned,not_mentioned,not_mentioned,not_mentioned,not_mentioned
Joseph G NDE 21856,nderf,data\nderf\01685_joseph-g-nde-21856.json,Indeterminate,0,False,False,False,not_mentioned,not_mentioned,not_mentioned,not_mentioned,not_mentioned,not_mentioned,not_mentioned,not_mentioned,not_mentioned,not_mentioned
Abdul A NDE3690 NDE 3690,nderf,data\nderf\01686_abdul-a-nde3690-nde-3690.json,Indeterminate,0,False,False,False,no_reason_given,not_mentioned,not_mentioned,not_mentioned,not_mentioned,not_mentioned,not_mentioned,not_mentioned,not_mentioned,not_mentioned
M.E. NDE 3700,nderf,data\nderf\01688_m-e-nde-3700.json,Indeterminate,0,False,False,False,not_mentioned,not_mentioned,not_mentioned,not_mentioned,not_mentioned,not_mentioned,not_mentioned,not_mentioned,not_mentioned,not_mentioned
Curtis K NDE3696 NDE 3696,nderf,data\nderf\01691_curtis-k-nde3696-nde-3696.json,Indeterminate,0,False,False,False,not_mentioned,not_mentioned,not_mentioned,no,not_mentioned,not_mentioned,not_mentioned,not_mentioned,not_mentioned,no
Gary T NDE3695 NDE 3695,nderf,data\nderf\01692_gary-t-nde3695-nde-3695.json,Indeterminate,0,False,False,False,not_your_time,not_mentioned,not_mentioned,not_mentioned,not_mentioned,not_mentioned,not_mentioned,not_mentioned,not_mentioned,not_mentioned
Paul J NDE3693 NDE 3693,nderf,data\nderf\01694_paul-j-nde3693-nde-3693.json,Indeterminate,0,False,False,False,not_mentioned,no,no,no,not_mentioned,not_mentioned,not_mentioned,no,not_mentioned,no
Frances Probable NDE 3691,nderf,data\nderf\01695_frances-probable-nde-3691.json,Indeterminate,0,False,False,False,family_responsibility,no,no,no,not_mentioned,not_mentioned,not_mentioned,explicit,not_mentioned,no
Luz H NDE 3681,nderf,data\nderf\01697_luz-h-nde-3681.json,Indeterminate,0,False,False,False,not_mentioned,not_mentioned,not_mentioned,not_mentioned,not_mentioned,not_mentioned,not_mentioned,not_mentioned,not_mentioned,not_mentioned
John T FDE 21868 NDE 21868,nderf,data\nderf\01698_john-t-fde-21868-nde-21868.json,Indeterminate,0,False,False,False,not_mentioned,not_mentioned,not_mentioned,not_mentioned,not_mentioned,not_mentioned,not_mentioned,not_mentioned,not_mentioned,not_mentioned
John P Probable NDE 21877,nderf,data\nderf\01700_john-p-probable-nde-21877.json,Indeterminate,0,False,False,False,not_mentioned,not_mentioned,not_mentioned,not_mentioned,not_mentioned,not_mentioned,not_mentioned,not_mentioned,not_mentioned,not_mentioned
Leonard S NDE21878 NDE 21878,nderf,data\nderf\01701_leonard-s-nde21878-nde-21878.json,Indeterminate,0,False,False,False,not_mentioned,not_mentioned,not_mentioned,not_mentioned,not_mentioned,not_mentioned,not_mentioned,not_mentioned,not_mentioned,not_mentioned
Don R NDE21883 NDE 21883,nderf,data\nderf\01702_don-r-nde21883-nde-21883.json,Indeterminate,0,False,False,False,family_responsibility,yes_explicit,no,no,not_mentioned,not_mentioned,not_mentioned,not_mentioned,not_mentioned,no
Russell P NDE3705 NDE 3705,nderf,data\nderf\01703_russell-p-nde3705-nde-3705.json,Indeterminate,0,False,False,False,not_your_time,not_mentioned,not_mentioned,no,not_mentioned,not_mentioned,not_mentioned,explicit,not_mentioned,no
Newlin D NDE 3710,nderf,data\nderf\01707_newlin-d-nde-3710.json,Indeterminate,0,False,False,False,not_mentioned,not_mentioned,not_mentioned,not_mentioned,not_mentioned,not_mentioned,not_mentioned,not_mentioned,not_mentioned,not_mentioned
Pia H Probable NDE3651 NDE 3651,nderf,data\nderf\01709_pia-h-probable-nde3651-nde-3651.json,Indeterminate,0,False,False,False,not_mentioned,no,no,no,not_mentioned,not_mentioned,not_mentioned,not_mentioned,not_mentioned,no
Belen NDE3647 NDE 3647,nderf,data\nderf\01710_belen-nde3647-nde-3647.json,Indeterminate,0,False,False,False,not_mentioned,not_mentioned,not_mentioned,not_mentioned,not_mentioned,not_mentioned,not_mentioned,not_mentioned,not_mentioned,not_mentioned
Shirley R NDE3713 NDE 3713,nderf,data\nderf\01712_shirley-r-nde3713-nde-3713.json,Indeterminate,0,False,False,False,not_your_time,not_mentioned,not_mentioned,not_mentioned,not_mentioned,not_mentioned,not_mentioned,not_mentioned,not_mentioned,not_mentioned
Armandina G NDE3714 NDE 3714,nderf,data\nderf\01713_armandina-g-nde3714-nde-3714.json,Indeterminate,0,False,False,False,family_responsibility,not_mentioned,not_mentioned,not_mentioned,not_mentioned,not_mentioned,not_mentioned,not_mentioned,not_mentioned,not_mentioned
Thaddeus K NDE3715 NDE 3715,nderf,data\nderf\01714_thaddeus-k-nde3715-nde-3715.json,Indeterminate,0,False,False,False,no_reason_given,no,no,no,not_mentioned,not_mentioned,not_mentioned,not_mentioned,not_mentioned,no
Anitta J NDE3716 NDE 3716,nderf,data\nderf\01715_anitta-j-nde3716-nde-3716.json,Indeterminate,0,False,False,False,not_your_time,not_mentioned,not_mentioned,not_mentioned,not_mentioned,not_mentioned,not_mentioned,not_mentioned,not_mentioned,not_mentioned
Mary R NDE21892 NDE 21892,nderf,data\nderf\01716_mary-r-nde21892-nde-21892.json,Indeterminate,0,False,False,False,family_responsibility,implied,no,no,not_mentioned,not_mentioned,not_mentioned,not_mentioned,not_mentioned,no
Marney S Daughter NDE3721 NDE 3721,nderf,data\nderf\01717_marney-s-daughter-nde3721-nde-3721.json,Indeterminate,0,False,False,False,not_your_time,no,not_mentioned,not_mentioned,not_mentioned,not_mentioned,not_mentioned,not_mentioned,not_mentioned,not_mentioned
Marilyn M Probable NDE3723 NDE 3723,nderf,data\nderf\01718_marilyn-m-probable-nde3723-nde-3723.json,Indeterminate,0,False,False,False,not_mentioned,not_mentioned,not_mentioned,not_mentioned,not_mentioned,not_mentioned,not_mentioned,not_mentioned,not_mentioned,not_mentioned
Nina S Probable NDE3724 NDE 3724,nderf,data\nderf\01719_nina-s-probable-nde3724-nde-3724.json,Indeterminate,0,False,False,False,not_your_time,implied,no,no,not_mentioned,not_mentioned,not_mentioned,not_mentioned,not_mentioned,no
Hazeliene M NDE3725 NDE 3725,nderf,data\nderf\01720_hazeliene-m-nde3725-nde-3725.json,Indeterminate,0,False,False,False,family_responsibility,not_mentioned,no,no,not_mentioned,not_mentioned,not_mentioned,not_mentioned,not_mentioned,no
Agnes O NDE 3726,nderf,data\nderf\01721_agnes-o-nde-3726.json,Indeterminate,0,False,False,False,no_reason_given,not_mentioned,not_mentioned,not_mentioned,not_mentioned,not_mentioned,not_mentioned,not_mentioned,not_mentioned,not_mentioned
Yulia Possible NDE 3702,nderf,data\nderf\01722_yulia-possible-nde-3702.json,Indeterminate,0,False,False,False,not_mentioned,not_mentioned,not_mentioned,not_mentioned,not_mentioned,not_mentioned,not_mentioned,not_mentioned,not_mentioned,not_mentioned
Michel vd B NDE 3673,nderf,data\nderf\01723_michel-vd-b-nde-3673.json,Indeterminate,0,False,False,False,not_mentioned,not_mentioned,not_mentioned,no,not_mentioned,not_mentioned,not_mentioned,not_mentioned,not_mentioned,no
Granit N NDE 3707,nderf,data\nderf\01724_granit-n-nde-3707.json,Indeterminate,0,False,False,False,no_reason_given,not_mentioned,not_mentioned,no,not_mentioned,not_mentioned,not_mentioned,not_mentioned,not_mentioned,no
Jason B NDE 3727,nderf,data\nderf\01725_jason-b-nde-3727.json,Indeterminate,0,False,False,False,no_reason_given,not_mentioned,not_mentioned,not_mentioned,not_mentioned,not_mentioned,not_mentioned,not_mentioned,not_mentioned,not_mentioned
Jay MD Patient NDE 3728,nderf,data\nderf\01727_jay-md-patient-nde-3728.json,Indeterminate,0,False,False,False,not_your_time,not_mentioned,not_mentioned,not_mentioned,not_mentioned,not_mentioned,not_mentioned,not_mentioned,not_mentioned,not_mentioned
Nadera S Probable NDE 3703,nderf,data\nderf\01728_nadera-s-probable-nde-3703.json,Indeterminate,0,False,False,False,other,not_mentioned,not_mentioned,not_mentioned,not_mentioned,not_mentioned,not_mentioned,not_mentioned,not_mentioned,not_mentioned
Ashley G FDE 21909 NDE 21909,nderf,data\nderf\01730_ashley-g-fde-21909-nde-21909.json,Indeterminate,0,False,False,False,not_mentioned,not_mentioned,not_mentioned,not_mentioned,not_mentioned,not_mentioned,not_mentioned,not_mentioned,not_mentioned,not_mentioned
Richard H NDE 3730,nderf,data\nderf\01731_richard-h-nde-3730.json,Indeterminate,0,False,False,False,not_mentioned,implied,not_mentioned,not_mentioned,not_mentioned,not_mentioned,not_mentioned,not_mentioned,not_mentioned,not_mentioned
Mark T NDE 3733,nderf,data\nderf\01733_mark-t-nde-3733.json,Indeterminate,0,False,False,False,no_reason_given,not_mentioned,not_mentioned,not_mentioned,not_mentioned,not_mentioned,not_mentioned,not_mentioned,not_mentioned,not_mentioned
Abraham B Probable NDE 3736,nderf,data\nderf\01735_abraham-b-probable-nde-3736.json,Indeterminate,0,False,False,False,no_reason_given,not_mentioned,not_mentioned,not_mentioned,not_mentioned,not_mentioned,not_mentioned,not_mentioned,not_mentioned,not_mentioned
Jessica P NDE 3739,nderf,data\nderf\01737_jessica-p-nde-3739.json,Indeterminate,0,False,False,False,not_mentioned,not_mentioned,not_mentioned,not_mentioned,not_mentioned,not_mentioned,not_mentioned,not_mentioned,not_mentioned,not_mentioned
Benino NDE 3749,nderf,data\nderf\01740_benino-nde-3749.json,Indeterminate,0,False,False,False,no_reason_given,not_mentioned,not_mentioned,not_mentioned,not_mentioned,not_mentioned,not_mentioned,not_mentioned,not_mentioned,not_mentioned
MB NDE 3743,nderf,data\nderf\01741_mb-nde-3743.json,Indeterminate,0,False,False,False,other,no,no,no,not_mentioned,not_mentioned,not_mentioned,not_mentioned,none,no
Ruben G NDE 3741,nderf,data\nderf\01742_ruben-g-nde-3741.json,Indeterminate,0,False,False,False,not_mentioned,not_mentioned,not_mentioned,not_mentioned,not_mentioned,not_mentioned,not_mentioned,not_mentioned,not_mentioned,not_mentioned
Gordy K NDE 3744,nderf,data\nderf\01743_gordy-k-nde-3744.json,Indeterminate,0,False,False,False,not_mentioned,not_mentioned,not_mentioned,not_mentioned,not_mentioned,not_mentioned,not_mentioned,not_mentioned,not_mentioned,not_mentioned
Tina R NDE 3746,nderf,data\nderf\01745_tina-r-nde-3746.json,Indeterminate,0,False,False,False,not_your_time,not_mentioned,not_mentioned,not_mentioned,not_mentioned,not_mentioned,not_mentioned,not_mentioned,not_mentioned,not_mentioned
Audie M NDE 3750,nderf,data\nderf\01746_audie-m-nde-3750.json,Indeterminate,0,False,False,False,no_reason_given,not_mentioned,not_mentioned,not_mentioned,not_mentioned,not_mentioned,not_mentioned,not_mentioned,not_mentioned,not_mentioned
Brian G NDE 3751,nderf,data\nderf\01747_brian-g-nde-3751.json,Indeterminate,0,False,False,False,family_responsibility,no,not_mentioned,not_mentioned,not_mentioned,not_mentioned,not_mentioned,not_mentioned,not_mentioned,not_mentioned
Jen C NDE 3752,nderf,data\nderf\01748_jen-c-nde-3752.json,Indeterminate,0,False,False,False,no_reason_given,not_mentioned,not_mentioned,not_mentioned,not_mentioned,not_mentioned,not_mentioned,not_mentioned,not_mentioned,not_mentioned
Marlin C NDE 3754/5329 NDE 5329,nderf,data\nderf\01749_marlin-c-nde-3754-5329-nde-5329.json,Indeterminate,0,False,False,False,not_mentioned,not_mentioned,not_mentioned,not_mentioned,not_mentioned,not_mentioned,not_mentioned,not_mentioned,not_mentioned,not_mentioned
Mary NDE 3731,nderf,data\nderf\01751_mary-nde-3731.json,Indeterminate,0,False,False,False,not_mentioned,no,no,no,not_mentioned,not_mentioned,not_mentioned,not_mentioned,none,no
Allen T NDE 3759,nderf,data\nderf\01753_allen-t-nde-3759.json,Indeterminate,0,False,False,False,not_your_time,yes_explicit,no,not_mentioned,not_mentioned,not_mentioned,not_mentioned,not_mentioned,not_mentioned,not_mentioned
Nick F NDE 3762,nderf,data\nderf\01756_nick-f-nde-3762.json,Indeterminate,0,False,False,False,not_mentioned,not_mentioned,not_mentioned,not_mentioned,not_mentioned,not_mentioned,not_mentioned,not_mentioned,not_mentioned,not_mentioned
Carry G Prayer NDE 3763,nderf,data\nderf\01757_carry-g-prayer-nde-3763.json,Indeterminate,0,False,False,False,no_reason_given,not_mentioned,no,no,not_mentioned,not_mentioned,not_mentioned,implied,not_mentioned,no
Cam Possible NDE vs Drug Experience 3765 NDE 3765,nderf,data\nderf\01759_cam-possible-nde-vs-drug-experience-3765-nde-3765.json,Indeterminate,0,False,False,False,not_mentioned,no,no,no,not_mentioned,not_mentioned,not_mentioned,not_mentioned,not_mentioned,no
Alan F Possible NDE 3769,nderf,data\nderf\01760_alan-f-possible-nde-3769.json,Indeterminate,0,False,False,False,no_reason_given,not_mentioned,not_mentioned,no,not_mentioned,not_mentioned,not_mentioned,not_mentioned,not_mentioned,no
NT NDE 3770,nderf,data\nderf\01761_nt-nde-3770.json,Indeterminate,0,False,False,False,not_mentioned,not_mentioned,not_mentioned,not_mentioned,not_mentioned,not_mentioned,not_mentioned,not_mentioned,not_mentioned,not_mentioned
Egyptian Man NDE 3720,nderf,data\nderf\01762_egyptian-man-nde-3720.json,Indeterminate,0,False,False,False,no_reason_given,not_mentioned,not_mentioned,not_mentioned,not_mentioned,not_mentioned,not_mentioned,not_mentioned,not_mentioned,not_mentioned
Lucie C NDE 3768,nderf,data\nderf\01763_lucie-c-nde-3768.json,Indeterminate,0,False,False,False,no_reason_given,no,no,no,not_mentioned,not_mentioned,not_mentioned,implied,none,no
MHB NDE 3771,nderf,data\nderf\01764_mhb-nde-3771.json,Indeterminate,0,False,False,False,not_your_time,not_mentioned,not_mentioned,not_mentioned,not_mentioned,not_mentioned,not_mentioned,not_mentioned,not_mentioned,not_mentioned
JS NDE 3773,nderf,data\nderf\01765_js-nde-3773.json,Indeterminate,0,False,False,False,no_reason_given,not_mentioned,not_mentioned,not_mentioned,not_mentioned,not_mentioned,not_mentioned,not_mentioned,not_mentioned,not_mentioned
Lindsay C NDE 3774,nderf,data\nderf\01766_lindsay-c-nde-3774.json,Indeterminate,0,False,False,False,not_mentioned,not_mentioned,not_mentioned,not_mentioned,not_mentioned,not_mentioned,not_mentioned,not_mentioned,not_mentioned,not_mentioned
Nicolas G NDE 3785,nderf,data\nderf\01769_nicolas-g-nde-3785.json,Indeterminate,0,False,False,False,not_your_time,not_mentioned,not_mentioned,not_mentioned,not_mentioned,not_mentioned,not_mentioned,not_mentioned,not_mentioned,not_mentioned
BJ Son NDE 3789,nderf,data\nderf\01770_bj-son-nde-3789.json,Indeterminate,0,False,False,False,not_mentioned,not_mentioned,not_mentioned,not_mentioned,not_mentioned,not_mentioned,not_mentioned,not_mentioned,not_mentioned,not_mentioned
Peggy L NDE 3791,nderf,data\nderf\01772_peggy-l-nde-3791.json,Indeterminate,0,False,False,False,family_responsibility,no,no,not_mentioned,not_mentioned,not_mentioned,not_mentioned,not_mentioned,not_mentioned,not_mentioned
Dewa NDE 3792,nderf,data\nderf\01773_dewa-nde-3792.json,Indeterminate,0,False,False,False,other,not_mentioned,not_mentioned,not_mentioned,not_mentioned,not_mentioned,not_mentioned,not_mentioned,not_mentioned,not_mentioned
Jesse M NDE 3793,nderf,data\nderf\01774_jesse-m-nde-3793.json,Indeterminate,0,False,False,False,no_reason_given,no,not_mentioned,not_mentioned,not_mentioned,not_mentioned,not_mentioned,implied,not_mentioned,not_mentioned
Josh W NDE 3797,nderf,data\nderf\01776_josh-w-nde-3797.json,Indeterminate,0,False,False,False,other,not_mentioned,not_mentioned,not_mentioned,not_mentioned,not_mentioned,not_mentioned,not_mentioned,not_mentioned,not_mentioned
Lacey D NDE 3798,nderf,data\nderf\01777_lacey-d-nde-3798.json,Indeterminate,0,False,False,False,other,not_mentioned,not_mentioned,not_mentioned,not_mentioned,not_mentioned,not_mentioned,not_mentioned,not_mentioned,not_mentioned
Tammie NDE 3800,nderf,data\nderf\01779_tammie-nde-3800.json,Indeterminate,0,False,False,False,not_mentioned,not_mentioned,not_mentioned,not_mentioned,not_mentioned,not_mentioned,not_mentioned,not_mentioned,not_mentioned,not_mentioned
Stephen F NDE 3801,nderf,data\nderf\01780_stephen-f-nde-3801.json,Indeterminate,0,False,False,False,not_mentioned,not_mentioned,not_mentioned,not_mentioned,not_mentioned,not_mentioned,not_mentioned,not_mentioned,not_mentioned,not_mentioned
Randy S NDE 3802,nderf,data\nderf\01781_randy-s-nde-3802.json,Indeterminate,0,False,False,False,not_mentioned,not_mentioned,not_mentioned,not_mentioned,not_mentioned,not_mentioned,not_mentioned,not_mentioned,not_mentioned,not_mentioned
Ted V NDE 3803,nderf,data\nderf\01782_ted-v-nde-3803.json,Indeterminate,0,False,False,False,not_your_time,no,not_mentioned,not_mentioned,not_mentioned,not_mentioned,not_mentioned,not_mentioned,not_mentioned,not_mentioned
Randy P Probable NDE 3805,nderf,data\nderf\01783_randy-p-probable-nde-3805.json,Indeterminate,0,False,False,False,other,yes_explicit,no,no,not_mentioned,not_mentioned,not_mentioned,not_mentioned,none,no
Nancy L Probable NDE 3807,nderf,data\nderf\01785_nancy-l-probable-nde-3807.json,Indeterminate,0,False,False,False,other,no,no,no,not_mentioned,not_mentioned,not_mentioned,not_mentioned,not_mentioned,no
Mildred K NDE 3808,nderf,data\nderf\01786_mildred-k-nde-3808.json,Indeterminate,0,False,False,False,not_your_time,no,no,not_mentioned,not_mentioned,not_mentioned,not_mentioned,implied,not_mentioned,not_mentioned
Vicki P NDE 5261/3810,nderf,data\nderf\01788_vicki-p-nde-5261-3810.json,Indeterminate,0,False,False,False,no_reason_given,not_mentioned,not_mentioned,not_mentioned,not_mentioned,not_mentioned,not_mentioned,not_mentioned,not_mentioned,not_mentioned
Jenna P Probable NDE 3811,nderf,data\nderf\01789_jenna-p-probable-nde-3811.json,Indeterminate,0,False,False,False,not_mentioned,not_mentioned,not_mentioned,not_mentioned,not_mentioned,not_mentioned,not_mentioned,not_mentioned,not_mentioned,not_mentioned
Atana NDE 3814,nderf,data\nderf\01790_atana-nde-3814.json,Indeterminate,0,False,False,False,no_reason_given,not_mentioned,not_mentioned,no,not_mentioned,not_mentioned,not_mentioned,not_mentioned,not_mentioned,no
Larry NDE 3817,nderf,data\nderf\01792_larry-nde-3817.json,Indeterminate,0,False,False,False,other,not_mentioned,not_mentioned,not_mentioned,not_mentioned,not_mentioned,not_mentioned,not_mentioned,not_mentioned,not_mentioned
Chari H NDE 3819,nderf,data\nderf\01794_chari-h-nde-3819.json,Indeterminate,0,False,False,False,other,implied,no,no,not_mentioned,not_mentioned,not_mentioned,no,not_mentioned,no
Carl G NDE 3824,nderf,data\nderf\01797_carl-g-nde-3824.json,Indeterminate,0,False,False,False,family_responsibility,yes_explicit,no,no,not_mentioned,not_mentioned,not_mentioned,not_mentioned,not_mentioned,no
Nancy M NDE 3825,nderf,data\nderf\01798_nancy-m-nde-3825.json,Indeterminate,0,False,False,False,not_your_time,no,not_mentioned,not_mentioned,not_mentioned,not_mentioned,not_mentioned,not_mentioned,not_mentioned,not_mentioned
Brian C NDE 3826,nderf,data\nderf\01799_brian-c-nde-3826.json,Indeterminate,0,False,False,False,not_mentioned,no,no,no,not_mentioned,not_mentioned,not_mentioned,not_mentioned,not_mentioned,no
Bob L NDE 3827,nderf,data\nderf\01800_bob-l-nde-3827.json,Indeterminate,0,False,False,False,other,not_mentioned,not_mentioned,no,not_mentioned,not_mentioned,not_mentioned,not_mentioned,not_mentioned,no
Jamie N Probable NDE 3829,nderf,data\nderf\01801_jamie-n-probable-nde-3829.json,Indeterminate,0,False,False,False,not_mentioned,not_mentioned,not_mentioned,not_mentioned,not_mentioned,not_mentioned,not_mentioned,not_mentioned,not_mentioned,not_mentioned
Michelle J Probable NDE 3835,nderf,data\nderf\01803_michelle-j-probable-nde-3835.json,Indeterminate,0,False,False,False,family_responsibility,not_mentioned,not_mentioned,not_mentioned,not_mentioned,not_mentioned,not_mentioned,explicit,not_mentioned,not_mentioned
Francesco I NDE 3828,nderf,data\nderf\01804_francesco-i-nde-3828.json,Indeterminate,0,False,False,False,no_reason_given,not_mentioned,not_mentioned,no,not_mentioned,not_mentioned,not_mentioned,not_mentioned,not_mentioned,no
Marie C NDE 3784,nderf,data\nderf\01805_marie-c-nde-3784.json,Indeterminate,0,False,False,False,not_mentioned,not_mentioned,not_mentioned,not_mentioned,not_mentioned,not_mentioned,not_mentioned,not_mentioned,not_mentioned,not_mentioned
Suzy B NDE 3804,nderf,data\nderf\01806_suzy-b-nde-3804.json,Indeterminate,0,False,False,False,family_responsibility,yes_explicit,no,not_mentioned,not_mentioned,not_mentioned,not_mentioned,not_mentioned,not_mentioned,not_mentioned
Marisol A NDE 16036,nderf,data\nderf\01807_marisol-a-nde-16036.json,Indeterminate,0,False,False,False,family_responsibility,no,no,no,not_mentioned,not_mentioned,not_mentioned,not_mentioned,not_mentioned,no
Fabia NDE 3823,nderf,data\nderf\01808_fabia-nde-3823.json,Indeterminate,0,False,False,False,family_responsibility,not_mentioned,not_mentioned,not_mentioned,not_mentioned,not_mentioned,not_mentioned,not_mentioned,not_mentioned,not_mentioned
Roxie J NDE 3837,nderf,data\nderf\01809_roxie-j-nde-3837.json,Indeterminate,0,False,False,False,not_mentioned,not_mentioned,not_mentioned,not_mentioned,not_mentioned,not_mentioned,not_mentioned,not_mentioned,not_mentioned,not_mentioned
Robin M NDE 3840,nderf,data\nderf\01810_robin-m-nde-3840.json,Indeterminate,0,False,False,False,not_mentioned,not_mentioned,not_mentioned,not_mentioned,not_mentioned,not_mentioned,not_mentioned,not_mentioned,not_mentioned,not_mentioned
Greg B NDE 3841,nderf,data\nderf\01811_greg-b-nde-3841.json,Indeterminate,0,False,False,False,not_mentioned,not_mentioned,no,no,not_mentioned,not_mentioned,not_mentioned,not_mentioned,not_mentioned,no
Anna-Mari Possible NDE 3842,nderf,data\nderf\01812_anna-mari-possible-nde-3842.json,Indeterminate,0,False,False,False,not_mentioned,not_mentioned,not_mentioned,not_mentioned,not_mentioned,not_mentioned,not_mentioned,not_mentioned,not_mentioned,not_mentioned
David G NDE 3839,nderf,data\nderf\01814_david-g-nde-3839.json,Indeterminate,0,False,False,False,other,no,no,not_mentioned,not_mentioned,not_mentioned,not_mentioned,not_mentioned,not_mentioned,not_mentioned
Dave W Possible NDE 3847,nderf,data\nderf\01815_dave-w-possible-nde-3847.json,Indeterminate,0,False,False,False,not_mentioned,not_mentioned,not_mentioned,not_mentioned,not_mentioned,not_mentioned,not_mentioned,no,not_mentioned,not_mentioned
Anita K Possible NDE 3848,nderf,data\nderf\01816_anita-k-possible-nde-3848.json,Indeterminate,0,False,False,False,not_mentioned,no,not_mentioned,not_mentioned,not_mentioned,not_mentioned,not_mentioned,not_mentioned,not_mentioned,not_mentioned
Linda K NDE 3849,nderf,data\nderf\01817_linda-k-nde-3849.json,Indeterminate,0,False,False,False,no_reason_given,yes_explicit,no,no,not_mentioned,not_mentioned,not_mentioned,not_mentioned,not_mentioned,no
Michael K NDE 3856,nderf,data\nderf\01820_michael-k-nde-3856.json,Indeterminate,0,False,False,False,no_reason_given,no,no,no,not_mentioned,not_mentioned,not_mentioned,not_mentioned,not_mentioned,no
Richard M NDE 3858,nderf,data\nderf\01822_richard-m-nde-3858.json,Indeterminate,0,False,False,False,not_mentioned,not_mentioned,not_mentioned,not_mentioned,not_mentioned,not_mentioned,not_mentioned,not_mentioned,not_mentioned,not_mentioned
Noelia NDE 3855,nderf,data\nderf\01824_noelia-nde-3855.json,Indeterminate,0,False,False,False,not_mentioned,not_mentioned,not_mentioned,not_mentioned,not_mentioned,not_mentioned,not_mentioned,not_mentioned,not_mentioned,not_mentioned
Leslie B Possible NDE 3860,nderf,data\nderf\01825_leslie-b-possible-nde-3860.json,Indeterminate,0,False,False,False,family_responsibility,not_mentioned,not_mentioned,not_mentioned,not_mentioned,not_mentioned,not_mentioned,not_mentioned,not_mentioned,not_mentioned
Patrick M NDE 3867,nderf,data\nderf\01829_patrick-m-nde-3867.json,Indeterminate,0,False,False,False,no_reason_given,not_mentioned,not_mentioned,not_mentioned,not_mentioned,not_mentioned,not_mentioned,not_mentioned,not_mentioned,not_mentioned
Cassandra K NDE 3872,nderf,data\nderf\01831_cassandra-k-nde-3872.json,Indeterminate,0,False,False,False,no_reason_given,no,no,no,not_mentioned,not_mentioned,not_mentioned,not_mentioned,not_mentioned,no
Harley W NDE 3873,nderf,data\nderf\01832_harley-w-nde-3873.json,Indeterminate,0,False,False,False,no_reason_given,not_mentioned,not_mentioned,not_mentioned,not_mentioned,not_mentioned,not_mentioned,not_mentioned,not_mentioned,not_mentioned
Jay K NDE 3877,nderf,data\nderf\01833_jay-k-nde-3877.json,Indeterminate,0,False,False,False,not_mentioned,not_mentioned,not_mentioned,not_mentioned,not_mentioned,not_mentioned,not_mentioned,not_mentioned,not_mentioned,not_mentioned
Brent L NDE 3884,nderf,data\nderf\01835_brent-l-nde-3884.json,Indeterminate,0,False,False,False,not_mentioned,not_mentioned,not_mentioned,not_mentioned,not_mentioned,not_mentioned,not_mentioned,not_mentioned,not_mentioned,not_mentioned
Taylor P NDE 3887,nderf,data\nderf\01837_taylor-p-nde-3887.json,Indeterminate,0,False,False,False,not_mentioned,no,no,no,not_mentioned,not_mentioned,not_mentioned,not_mentioned,not_mentioned,no
Miriam P NDE 3846,nderf,data\nderf\01840_miriam-p-nde-3846.json,Indeterminate,0,False,False,False,family_responsibility,no,no,no,not_mentioned,not_mentioned,not_mentioned,not_mentioned,none,no
Alida V NDE 3886,nderf,data\nderf\01841_alida-v-nde-3886.json,Indeterminate,0,False,False,False,not_mentioned,not_mentioned,not_mentioned,not_mentioned,not_mentioned,not_mentioned,not_mentioned,not_mentioned,not_mentioned,not_mentioned
Isabelle M NDE 3891,nderf,data\nderf\01842_isabelle-m-nde-3891.json,Indeterminate,0,False,False,False,not_your_time,no,not_mentioned,not_mentioned,not_mentioned,not_mentioned,not_mentioned,not_mentioned,not_mentioned,not_mentioned
Silvan NDE 3900,nderf,data\nderf\01843_silvan-nde-3900.json,Indeterminate,0,False,False,False,other,no,no,no,not_mentioned,not_mentioned,not_mentioned,not_mentioned,not_mentioned,no
Laurie S NDE 3896,nderf,data\nderf\01844_laurie-s-nde-3896.json,Indeterminate,0,False,False,False,other,implied,no,no,not_mentioned,not_mentioned,not_mentioned,not_mentioned,not_mentioned,no
Don M NDE 6494/3892/2230 NDE 3892,nderf,data\nderf\01847_don-m-nde-6494-3892-2230-nde-3892.json,Indeterminate,0,False,False,False,no_reason_given,no,no,no,not_mentioned,not_mentioned,not_mentioned,not_mentioned,not_mentioned,no
D.I. FDE 3893 NDE 3893,nderf,data\nderf\01848_d-i-fde-3893-nde-3893.json,Indeterminate,0,False,False,False,not_mentioned,not_mentioned,not_mentioned,not_mentioned,not_mentioned,not_mentioned,not_mentioned,not_mentioned,not_mentioned,not_mentioned
Jeanne NDE 3899,nderf,data\nderf\01849_jeanne-nde-3899.json,Indeterminate,0,False,False,False,not_your_time,not_mentioned,not_mentioned,not_mentioned,not_mentioned,not_mentioned,not_mentioned,not_mentioned,not_mentioned,not_mentioned
Gordon M NDE 3905,nderf,data\nderf\01850_gordon-m-nde-3905.json,Indeterminate,0,False,False,False,other,not_mentioned,not_mentioned,not_mentioned,not_mentioned,not_mentioned,not_mentioned,not_mentioned,not_mentioned,not_mentioned
Tara V NDE 3907,nderf,data\nderf\01851_tara-v-nde-3907.json,Indeterminate,0,False,False,False,no_reason_given,not_mentioned,not_mentioned,not_mentioned,not_mentioned,not_mentioned,not_mentioned,not_mentioned,not_mentioned,not_mentioned
Jacqui C NDE 3908,nderf,data\nderf\01852_jacqui-c-nde-3908.json,Indeterminate,0,False,False,False,not_your_time,no,no,no,not_mentioned,not_mentioned,not_mentioned,not_mentioned,not_mentioned,no
Krisna T NDE 3909,nderf,data\nderf\01854_krisna-t-nde-3909.json,Indeterminate,0,False,False,False,not_mentioned,not_mentioned,not_mentioned,not_mentioned,not_mentioned,not_mentioned,not_mentioned,not_mentioned,not_mentioned,not_mentioned
Georgia Possible NDE 3917,nderf,data\nderf\01856_georgia-possible-nde-3917.json,Indeterminate,0,False,False,False,family_responsibility,not_mentioned,not_mentioned,not_mentioned,not_mentioned,not_mentioned,not_mentioned,not_mentioned,not_mentioned,not_mentioned
Stefan B NDE 3918,nderf,data\nderf\01856_stefan-b-nde-3918.json,Indeterminate,0,False,False,False,not_mentioned,not_mentioned,not_mentioned,not_mentioned,not_mentioned,not_mentioned,not_mentioned,not_mentioned,not_mentioned,not_mentioned
Marissa G NDE 3915,nderf,data\nderf\01857_marissa-g-nde-3915.json,Indeterminate,0,False,False,False,other,not_mentioned,not_mentioned,not_mentioned,not_mentioned,not_mentioned,not_mentioned,not_mentioned,not_mentioned,not_mentioned
Cora V NDE 3865,nderf,data\nderf\01860_cora-v-nde-3865.json,Indeterminate,0,False,False,False,not_mentioned,not_mentioned,not_mentioned,not_mentioned,not_mentioned,not_mentioned,not_mentioned,not_mentioned,not_mentioned,not_mentioned
Valerie R NDE 3921,nderf,data\nderf\01863_valerie-r-nde-3921.json,Indeterminate,0,False,False,False,not_your_time,no,no,no,not_mentioned,not_mentioned,not_mentioned,not_mentioned,not_mentioned,no
Linda S NDE 3922,nderf,data\nderf\01864_linda-s-nde-3922.json,Indeterminate,0,False,False,False,not_your_time,no,no,no,not_mentioned,not_mentioned,not_mentioned,not_mentioned,not_mentioned,no
Leta NDE 3923,nderf,data\nderf\01865_leta-nde-3923.json,Indeterminate,0,False,False,False,no_reason_given,not_mentioned,not_mentioned,not_mentioned,not_mentioned,not_mentioned,not_mentioned,no,not_mentioned,not_mentioned
Julie D Probable NDE 3929,nderf,data\nderf\01867_julie-d-probable-nde-3929.json,Indeterminate,0,False,False,False,not_mentioned,not_mentioned,not_mentioned,not_mentioned,not_mentioned,not_mentioned,not_mentioned,not_mentioned,not_mentioned,not_mentioned
Cherie M NDE 3931,nderf,data\nderf\01868_cherie-m-nde-3931.json,Indeterminate,0,False,False,False,not_your_time,no,not_mentioned,not_mentioned,not_mentioned,not_mentioned,not_mentioned,not_mentioned,not_mentioned,not_mentioned
Cedric G NDE 3926,nderf,data\nderf\01869_cedric-g-nde-3926.json,Indeterminate,0,False,False,False,no_reason_given,not_mentioned,not_mentioned,not_mentioned,not_mentioned,not_mentioned,not_mentioned,not_mentioned,not_mentioned,not_mentioned
Marci F FDE 3933 NDE 3933,nderf,data\nderf\01870_marci-f-fde-3933-nde-3933.json,Indeterminate,0,False,False,False,not_mentioned,not_mentioned,not_mentioned,not_mentioned,not_mentioned,not_mentioned,not_mentioned,not_mentioned,not_mentioned,not_mentioned
Greg D NDE 3934,nderf,data\nderf\01871_greg-d-nde-3934.json,Indeterminate,0,False,False,False,not_mentioned,not_mentioned,not_mentioned,not_mentioned,not_mentioned,not_mentioned,not_mentioned,not_mentioned,not_mentioned,not_mentioned
Mitzi M NDE 3935,nderf,data\nderf\01872_mitzi-m-nde-3935.json,Indeterminate,0,False,False,False,not_mentioned,no,no,no,not_mentioned,not_mentioned,not_mentioned,not_mentioned,not_mentioned,no
Christopher G NDE 3938,nderf,data\nderf\01873_christopher-g-nde-3938.json,Indeterminate,0,False,False,False,no_reason_given,not_mentioned,not_mentioned,not_mentioned,not_mentioned,not_mentioned,not_mentioned,not_mentioned,not_mentioned,not_mentioned
Barbara W NDE 3939/4183 NDE 4183,nderf,data\nderf\01874_barbara-w-nde-3939-4183-nde-4183.json,Indeterminate,0,False,False,False,family_responsibility,not_mentioned,not_mentioned,not_mentioned,not_mentioned,not_mentioned,not_mentioned,not_mentioned,not_mentioned,not_mentioned
Lisa L NDE 3940,nderf,data\nderf\01875_lisa-l-nde-3940.json,Indeterminate,0,False,False,False,family_responsibility,not_mentioned,not_mentioned,not_mentioned,not_mentioned,not_mentioned,not_mentioned,not_mentioned,not_mentioned,not_mentioned
Kumar NDE 3941,nderf,data\nderf\01876_kumar-nde-3941.json,Indeterminate,0,False,False,False,no_reason_given,not_mentioned,not_mentioned,not_mentioned,not_mentioned,not_mentioned,not_mentioned,not_mentioned,not_mentioned,not_mentioned
GP FDE 3942 NDE 3942,nderf,data\nderf\01877_gp-fde-3942-nde-3942.json,Indeterminate,0,False,False,False,not_mentioned,not_mentioned,not_mentioned,not_mentioned,not_mentioned,not_mentioned,not_mentioned,not_mentioned,not_mentioned,not_mentioned
Chris W Probable NDE 3944,nderf,data\nderf\01878_chris-w-probable-nde-3944.json,Indeterminate,0,False,False,False,not_mentioned,not_mentioned,not_mentioned,not_mentioned,not_mentioned,not_mentioned,not_mentioned,not_mentioned,not_mentioned,not_mentioned
Lydia L NDE 3949,nderf,data\nderf\01879_lydia-l-nde-3949.json,Indeterminate,0,False,False,False,not_mentioned,not_mentioned,not_mentioned,not_mentioned,not_mentioned,not_mentioned,not_mentioned,not_mentioned,not_mentioned,not_mentioned
Phillip NDE 22021,nderf,data\nderf\01881_phillip-nde-22021.json,Indeterminate,0,False,False,False,no_reason_given,not_mentioned,not_mentioned,not_mentioned,not_mentioned,not_mentioned,not_mentioned,not_mentioned,not_mentioned,not_mentioned
Mandip Possible NDE 3947,nderf,data\nderf\01883_mandip-possible-nde-3947.json,Indeterminate,0,False,False,False,family_responsibility,no,no,no,not_mentioned,not_mentioned,not_mentioned,no,not_mentioned,no
JennZ NDE 3948,nderf,data\nderf\01884_jennz-nde-3948.json,Indeterminate,0,False,False,False,other,not_mentioned,not_mentioned,not_mentioned,not_mentioned,not_mentioned,not_mentioned,not_mentioned,not_mentioned,not_mentioned
S. Jayashree S. Probable NDE 3952,nderf,data\nderf\01886_s-jayashree-s-probable-nde-3952.json,Indeterminate,0,False,False,False,no_reason_given,not_mentioned,not_mentioned,not_mentioned,not_mentioned,not_mentioned,not_mentioned,not_mentioned,not_mentioned,not_mentioned
Patricia AR NDE 3956,nderf,data\nderf\01888_patricia-ar-nde-3956.json,Indeterminate,0,False,False,False,no_reason_given,not_mentioned,not_mentioned,not_mentioned,not_mentioned,not_mentioned,not_mentioned,not_mentioned,not_mentioned,not_mentioned
Crystal B NDE 3957,nderf,data\nderf\01889_crystal-b-nde-3957.json,Indeterminate,0,False,False,False,not_mentioned,no,no,no,not_mentioned,not_mentioned,not_mentioned,no,not_mentioned,no
Thomas M NDE 3958,nderf,data\nderf\01890_thomas-m-nde-3958.json,Indeterminate,0,False,False,False,family_responsibility,yes_explicit,no,no,not_mentioned,not_mentioned,not_mentioned,not_mentioned,not_mentioned,no
Wilma J NDE 3959,nderf,data\nderf\01891_wilma-j-nde-3959.json,Indeterminate,0,False,False,False,family_responsibility,yes_explicit,no,not_mentioned,not_mentioned,not_mentioned,not_mentioned,not_mentioned,not_mentioned,not_mentioned
Jodi S NDE 3961,nderf,data\nderf\01892_jodi-s-nde-3961.json,Indeterminate,0,False,False,False,not_your_time,no,no,no,not_mentioned,not_mentioned,not_mentioned,implied,not_mentioned,no
Gloria NDE 3962,nderf,data\nderf\01893_gloria-nde-3962.json,Indeterminate,0,False,False,False,not_mentioned,not_mentioned,not_mentioned,not_mentioned,not_mentioned,not_mentioned,not_mentioned,not_mentioned,not_mentioned,not_mentioned
Berta P NDE 3966,nderf,data\nderf\01895_berta-p-nde-3966.json,Indeterminate,0,False,False,False,family_responsibility,not_mentioned,not_mentioned,not_mentioned,not_mentioned,not_mentioned,not_mentioned,not_mentioned,not_mentioned,not_mentioned
Paeata BC NDE 3971,nderf,data\nderf\01898_paeata-bc-nde-3971.json,Indeterminate,0,False,False,False,not_mentioned,not_mentioned,not_mentioned,not_mentioned,not_mentioned,not_mentioned,not_mentioned,not_mentioned,not_mentioned,not_mentioned
Andrew C NDE 3975,nderf,data\nderf\01901_andrew-c-nde-3975.json,Indeterminate,0,False,False,False,not_your_time,not_mentioned,not_mentioned,not_mentioned,not_mentioned,not_mentioned,not_mentioned,not_mentioned,not_mentioned,not_mentioned
Anatole Probable NDE 3982,nderf,data\nderf\01903_anatole-probable-nde-3982.json,Indeterminate,0,False,False,False,no_reason_given,not_mentioned,not_mentioned,not_mentioned,not_mentioned,not_mentioned,not_mentioned,not_mentioned,not_mentioned,not_mentioned
Jean-Marie P NDE 3963,nderf,data\nderf\01904_jean-marie-p-nde-3963.json,Indeterminate,0,False,False,False,not_mentioned,not_mentioned,not_mentioned,not_mentioned,not_mentioned,not_mentioned,not_mentioned,not_mentioned,not_mentioned,not_mentioned
Giambalvo NDE 3980,nderf,data\nderf\01905_giambalvo-nde-3980.json,Indeterminate,0,False,False,False,not_mentioned,not_mentioned,not_mentioned,not_mentioned,not_mentioned,not_mentioned,not_mentioned,not_mentioned,not_mentioned,not_mentioned
Charles S NDE 22034,nderf,data\nderf\01906_charles-s-nde-22034.json,Indeterminate,0,False,False,False,not_mentioned,not_mentioned,not_mentioned,not_mentioned,not_mentioned,not_mentioned,not_mentioned,not_mentioned,not_mentioned,not_mentioned
Robert H Possible NDE 22035,nderf,data\nderf\01907_robert-h-possible-nde-22035.json,Indeterminate,0,False,False,False,no_reason_given,not_mentioned,not_mentioned,not_mentioned,not_mentioned,not_mentioned,not_mentioned,not_mentioned,not_mentioned,not_mentioned
Stacy D NDE 3985,nderf,data\nderf\01908_stacy-d-nde-3985.json,Indeterminate,0,False,False,False,not_mentioned,not_mentioned,not_mentioned,not_mentioned,not_mentioned,not_mentioned,not_mentioned,implied,not_mentioned,not_mentioned
Neiva Y Probable NDE 3986,nderf,data\nderf\01909_neiva-y-probable-nde-3986.json,Indeterminate,0,False,False,False,family_responsibility,no,no,no,not_mentioned,not_mentioned,not_mentioned,not_mentioned,not_mentioned,no
Lee NDE 3987,nderf,data\nderf\01910_lee-nde-3987.json,Indeterminate,0,False,False,False,no_reason_given,no,no,no,not_mentioned,not_mentioned,not_mentioned,not_mentioned,not_mentioned,no
Theresa O Possible NDE 3989,nderf,data\nderf\01911_theresa-o-possible-nde-3989.json,Indeterminate,0,False,False,False,no_reason_given,not_mentioned,not_mentioned,not_mentioned,not_mentioned,not_mentioned,not_mentioned,not_mentioned,not_mentioned,not_mentioned
David L NDE 3990,nderf,data\nderf\01912_david-l-nde-3990.json,Indeterminate,0,False,False,False,no_reason_given,not_mentioned,not_mentioned,not_mentioned,not_mentioned,not_mentioned,not_mentioned,not_mentioned,not_mentioned,not_mentioned
Edith C Probable NDE 3991,nderf,data\nderf\01914_edith-c-probable-nde-3991.json,Indeterminate,0,False,False,False,no_reason_given,not_mentioned,not_mentioned,not_mentioned,not_mentioned,not_mentioned,not_mentioned,not_mentioned,not_mentioned,not_mentioned
Adam D NDE 3999,nderf,data\nderf\01916_adam-d-nde-3999.json,Indeterminate,0,False,False,False,not_mentioned,not_mentioned,not_mentioned,not_mentioned,not_mentioned,not_mentioned,not_mentioned,not_mentioned,not_mentioned,not_mentioned
Selosse NDE 3992,nderf,data\nderf\01917_selosse-nde-3992.json,Indeterminate,0,False,False,False,not_your_time,no,no,no,not_mentioned,not_mentioned,not_mentioned,not_mentioned,none,no
Elaine J NDE 4001,nderf,data\nderf\01918_elaine-j-nde-4001.json,Indeterminate,0,False,False,False,family_responsibility,not_mentioned,not_mentioned,not_mentioned,not_mentioned,not_mentioned,not_mentioned,not_mentioned,not_mentioned,not_mentioned
Sheri C NDE 4010/4749 NDE 4749,nderf,data\nderf\01922_sheri-c-nde-4010-4749-nde-4749.json,Indeterminate,0,False,False,False,family_responsibility,no,no,no,not_mentioned,not_mentioned,not_mentioned,not_mentioned,not_mentioned,no
Sharon W Probable NDE 22048,nderf,data\nderf\01923_sharon-w-probable-nde-22048.json,Indeterminate,0,False,False,False,not_mentioned,no,no,not_mentioned,not_mentioned,not_mentioned,not_mentioned,not_mentioned,not_mentioned,not_mentioned
Joseph U NDE 22053,nderf,data\nderf\01924_joseph-u-nde-22053.json,Indeterminate,0,False,False,False,no_reason_given,no,no,no,not_mentioned,not_mentioned,not_mentioned,not_mentioned,not_mentioned,no
Vincent L NDE 3998,nderf,data\nderf\01925_vincent-l-nde-3998.json,Indeterminate,0,False,False,False,no_reason_given,not_mentioned,no,no,not_mentioned,not_mentioned,not_mentioned,not_mentioned,not_mentioned,no
Andrea K Possible NDE 4015,nderf,data\nderf\01926_andrea-k-possible-nde-4015.json,Indeterminate,0,False,False,False,not_your_time,no,no,no,not_mentioned,not_mentioned,not_mentioned,not_mentioned,not_mentioned,no
Brandy M Probable Fear Death Experience 4016 NDE 4016,nderf,data\nderf\01927_brandy-m-probable-fear-death-experience-4016-nde-4016.json,Indeterminate,0,False,False,False,not_your_time,no,no,no,not_mentioned,not_mentioned,not_mentioned,not_mentioned,none,no
Cynthia M NDE 4017,nderf,data\nderf\01928_cynthia-m-nde-4017.json,Indeterminate,0,False,False,False,not_mentioned,not_mentioned,not_mentioned,not_mentioned,not_mentioned,not_mentioned,not_mentioned,not_mentioned,not_mentioned,not_mentioned
Jacqueline M Father Experiences 4019 NDE 4019,nderf,data\nderf\01930_jacqueline-m-father-experiences-4019-nde-4019.json,Indeterminate,0,False,False,False,not_your_time,not_mentioned,not_mentioned,not_mentioned,not_mentioned,not_mentioned,not_mentioned,not_mentioned,not_mentioned,not_mentioned
Mari Luz CB NDE 4003,nderf,data\nderf\01932_mari-luz-cb-nde-4003.json,Indeterminate,0,False,False,False,other,not_mentioned,not_mentioned,not_mentioned,not_mentioned,not_mentioned,not_mentioned,not_mentioned,not_mentioned,not_mentioned
Annie B NDE 4037,nderf,data\nderf\01939_annie-b-nde-4037.json,Indeterminate,0,False,False,False,not_your_time,implied,not_mentioned,not_mentioned,not_mentioned,not_mentioned,not_mentioned,not_mentioned,not_mentioned,not_mentioned
Valerie L NDE 4043,nderf,data\nderf\01941_valerie-l-nde-4043.json,Indeterminate,0,False,False,False,no_reason_given,not_mentioned,not_mentioned,not_mentioned,not_mentioned,not_mentioned,not_mentioned,not_mentioned,not_mentioned,not_mentioned
Mustapha M NDE 4038,nderf,data\nderf\01942_mustapha-m-nde-4038.json,Indeterminate,0,False,False,False,not_mentioned,not_mentioned,not_mentioned,not_mentioned,not_mentioned,not_mentioned,not_mentioned,not_mentioned,not_mentioned,not_mentioned
Lorie NDE 4033,nderf,data\nderf\01943_lorie-nde-4033.json,Indeterminate,0,False,False,False,family_responsibility,no,not_mentioned,not_mentioned,not_mentioned,not_mentioned,not_mentioned,not_mentioned,not_mentioned,not_mentioned
Pam F NDE 4035,nderf,data\nderf\01944_pam-f-nde-4035.json,Indeterminate,0,False,False,False,no_reason_given,not_mentioned,not_mentioned,not_mentioned,not_mentioned,not_mentioned,not_mentioned,not_mentioned,not_mentioned,not_mentioned
Charis M NDE 4040,nderf,data\nderf\01945_charis-m-nde-4040.json,Indeterminate,0,False,False,False,not_mentioned,not_mentioned,not_mentioned,not_mentioned,not_mentioned,not_mentioned,not_mentioned,not_mentioned,not_mentioned,not_mentioned
Phillip O NDE 4058,nderf,data\nderf\01949_phillip-o-nde-4058.json,Indeterminate,0,False,False,False,not_mentioned,no,no,not_mentioned,not_mentioned,not_mentioned,not_mentioned,no,not_mentioned,not_mentioned
Lisa Possible NDE 4061,nderf,data\nderf\01950_lisa-possible-nde-4061.json,Indeterminate,0,False,False,False,other,no,no,not_mentioned,not_mentioned,not_mentioned,not_mentioned,not_mentioned,not_mentioned,not_mentioned
Ki R Possible NDE 4066,nderf,data\nderf\01952_ki-r-possible-nde-4066.json,Indeterminate,0,False,False,False,not_mentioned,not_mentioned,not_mentioned,no,not_mentioned,not_mentioned,not_mentioned,not_mentioned,not_mentioned,no
Michael B NDE 4069,nderf,data\nderf\01953_michael-b-nde-4069.json,Indeterminate,0,False,False,False,not_your_time,not_mentioned,not_mentioned,not_mentioned,not_mentioned,not_mentioned,not_mentioned,not_mentioned,not_mentioned,not_mentioned
Stacy R NDE 4070,nderf,data\nderf\01954_stacy-r-nde-4070.json,Indeterminate,0,False,False,False,not_mentioned,not_mentioned,not_mentioned,not_mentioned,not_mentioned,not_mentioned,not_mentioned,not_mentioned,not_mentioned,not_mentioned
Renato B Probable NDE 4071,nderf,data\nderf\01955_renato-b-probable-nde-4071.json,Indeterminate,0,False,False,False,not_mentioned,not_mentioned,not_mentioned,not_mentioned,not_mentioned,not_mentioned,not_mentioned,not_mentioned,not_mentioned,not_mentioned
Bonnie M NDE 4072,nderf,data\nderf\01956_bonnie-m-nde-4072.json,Indeterminate,0,False,False,False,not_mentioned,implied,not_mentioned,not_mentioned,not_mentioned,not_mentioned,not_mentioned,not_mentioned,not_mentioned,not_mentioned
Eric D Probable NDE 4042,nderf,data\nderf\01958_eric-d-probable-nde-4042.json,Indeterminate,0,False,False,False,not_mentioned,no,no,no,not_mentioned,not_mentioned,not_mentioned,not_mentioned,not_mentioned,no
Stu B NDE 5145/4075,nderf,data\nderf\01959_stu-b-nde-5145-4075.json,Indeterminate,0,False,False,False,not_mentioned,not_mentioned,not_mentioned,not_mentioned,not_mentioned,not_mentioned,not_mentioned,not_mentioned,not_mentioned,not_mentioned
Jason NDE 4082,nderf,data\nderf\01962_jason-nde-4082.json,Indeterminate,0,False,False,False,not_mentioned,not_mentioned,not_mentioned,not_mentioned,not_mentioned,not_mentioned,not_mentioned,not_mentioned,not_mentioned,not_mentioned
Michael A NDE 4083,nderf,data\nderf\01963_michael-a-nde-4083.json,Indeterminate,0,False,False,False,other,yes_explicit,not_mentioned,not_mentioned,not_mentioned,not_mentioned,not_mentioned,not_mentioned,not_mentioned,not_mentioned
Raina J NDE 4092,nderf,data\nderf\01967_raina-j-nde-4092.json,Indeterminate,0,False,False,False,not_your_time,no,no,no,not_mentioned,not_mentioned,not_mentioned,not_mentioned,not_mentioned,no
Kathy R Possible NDE 4095,nderf,data\nderf\01968_kathy-r-possible-nde-4095.json,Indeterminate,0,False,False,False,not_your_time,implied,no,no,not_mentioned,not_mentioned,not_mentioned,not_mentioned,not_mentioned,no
Guy B NDE 4097,nderf,data\nderf\01969_guy-b-nde-4097.json,Indeterminate,0,False,False,False,not_mentioned,not_mentioned,not_mentioned,not_mentioned,not_mentioned,not_mentioned,not_mentioned,not_mentioned,not_mentioned,not_mentioned
Florenti NDE 4056,nderf,data\nderf\01971_florenti-nde-4056.json,Indeterminate,0,False,False,False,family_responsibility,not_mentioned,not_mentioned,not_mentioned,not_mentioned,not_mentioned,not_mentioned,not_mentioned,not_mentioned,not_mentioned
Linda Go NDE 22066,nderf,data\nderf\01972_linda-go-nde-22066.json,Indeterminate,0,False,False,False,not_mentioned,not_mentioned,not_mentioned,not_mentioned,not_mentioned,not_mentioned,not_mentioned,not_mentioned,not_mentioned,not_mentioned
Betty SOBE 22079 NDE 22079,nderf,data\nderf\01973_betty-sobe-22079-nde-22079.json,Indeterminate,0,False,False,False,not_mentioned,not_mentioned,not_mentioned,not_mentioned,not_mentioned,not_mentioned,not_mentioned,not_mentioned,not_mentioned,not_mentioned
Alicia C FDE 22083 NDE 22083,nderf,data\nderf\01974_alicia-c-fde-22083-nde-22083.json,Indeterminate,0,False,False,False,no_reason_given,not_mentioned,not_mentioned,not_mentioned,not_mentioned,not_mentioned,not_mentioned,not_mentioned,not_mentioned,not_mentioned
Rick E NDE 22100,nderf,data\nderf\01976_rick-e-nde-22100.json,Indeterminate,0,False,False,False,not_mentioned,not_mentioned,not_mentioned,not_mentioned,not_mentioned,not_mentioned,not_mentioned,not_mentioned,not_mentioned,not_mentioned
Jerry S NDE 22125,nderf,data\nderf\01977_jerry-s-nde-22125.json,Indeterminate,0,False,False,False,family_responsibility,not_mentioned,not_mentioned,not_mentioned,not_mentioned,not_mentioned,not_mentioned,not_mentioned,not_mentioned,not_mentioned
Jennifer T NDE 4102,nderf,data\nderf\01978_jennifer-t-nde-4102.json,Indeterminate,0,False,False,False,family_responsibility,not_mentioned,not_mentioned,not_mentioned,not_mentioned,not_mentioned,not_mentioned,not_mentioned,not_mentioned,not_mentioned
Attila D FDE 4106 NDE 4106,nderf,data\nderf\01980_attila-d-fde-4106-nde-4106.json,Indeterminate,0,False,False,False,not_mentioned,not_mentioned,not_mentioned,not_mentioned,not_mentioned,not_mentioned,not_mentioned,not_mentioned,not_mentioned,not_mentioned
Jane LB NDE 4107,nderf,data\nderf\01981_jane-lb-nde-4107.json,Indeterminate,0,False,False,False,family_responsibility,not_mentioned,not_mentioned,not_mentioned,not_mentioned,not_mentioned,not_mentioned,not_mentioned,not_mentioned,not_mentioned
Tony P NDE 4117,nderf,data\nderf\01985_tony-p-nde-4117.json,Indeterminate,0,False,False,False,not_your_time,no,no,not_mentioned,not_mentioned,not_mentioned,not_mentioned,not_mentioned,not_mentioned,not_mentioned
Bart A NDE 4045,nderf,data\nderf\01986_bart-a-nde-4045.json,Indeterminate,0,False,False,False,not_mentioned,not_mentioned,not_mentioned,not_mentioned,not_mentioned,not_mentioned,not_mentioned,not_mentioned,not_mentioned,not_mentioned
Gerry M NDE 4049,nderf,data\nderf\01987_gerry-m-nde-4049.json,Indeterminate,0,False,False,False,not_mentioned,not_mentioned,not_mentioned,not_mentioned,not_mentioned,not_mentioned,not_mentioned,not_mentioned,not_mentioned,not_mentioned
Michael K NDE 4140,nderf,data\nderf\01989_michael-k-nde-4140.json,Indeterminate,0,False,False,False,no_reason_given,no,not_mentioned,not_mentioned,not_mentioned,not_mentioned,not_mentioned,implied,not_mentioned,not_mentioned
Stacy M NDE 4142,nderf,data\nderf\01991_stacy-m-nde-4142.json,Indeterminate,0,False,False,False,not_mentioned,not_mentioned,not_mentioned,not_mentioned,not_mentioned,not_mentioned,not_mentioned,not_mentioned,not_mentioned,not_mentioned
Clint G NDE 4143,nderf,data\nderf\01992_clint-g-nde-4143.json,Indeterminate,0,False,False,False,not_mentioned,not_mentioned,not_mentioned,not_mentioned,not_mentioned,not_mentioned,not_mentioned,not_mentioned,not_mentioned,not_mentioned
Veronica W NDE 4158,nderf,data\nderf\01993_veronica-w-nde-4158.json,Indeterminate,0,False,False,False,family_responsibility,implied,no,not_mentioned,not_mentioned,not_mentioned,not_mentioned,not_mentioned,not_mentioned,not_mentioned
William T NDE 16043,nderf,data\nderf\01994_william-t-nde-16043.json,Indeterminate,0,False,False,False,not_mentioned,no,no,no,not_mentioned,not_mentioned,not_mentioned,not_mentioned,not_mentioned,no
Pamela D Possible NDE 4118,nderf,data\nderf\01995_pamela-d-possible-nde-4118.json,Indeterminate,0,False,False,False,not_your_time,not_mentioned,not_mentioned,no,not_mentioned,not_mentioned,not_mentioned,not_mentioned,not_mentioned,no
Paul M NDE 31638,nderf,data\nderf\01996_paul-m-nde-31638.json,Indeterminate,0,False,False,False,not_mentioned,not_mentioned,not_mentioned,not_mentioned,not_mentioned,not_mentioned,not_mentioned,not_mentioned,not_mentioned,not_mentioned
Ian R NDE 22096,nderf,data\nderf\01997_ian-r-nde-22096.json,Indeterminate,0,False,False,False,no_reason_given,not_mentioned,not_mentioned,not_mentioned,not_mentioned,not_mentioned,not_mentioned,not_mentioned,not_mentioned,not_mentioned
Cindy Q Friend NDE 4094,nderf,data\nderf\01999_cindy-q-friend-nde-4094.json,Indeterminate,0,False,False,False,family_responsibility,not_mentioned,not_mentioned,not_mentioned,not_mentioned,not_mentioned,not_mentioned,not_mentioned,not_mentioned,not_mentioned
Shawna F NDE 4176,nderf,data\nderf\02000_shawna-f-nde-4176.json,Indeterminate,0,False,False,False,other,no,no,no,not_mentioned,not_mentioned,not_mentioned,not_mentioned,not_mentioned,no
Robert T Possible NDE 4182,nderf,data\nderf\02004_robert-t-possible-nde-4182.json,Indeterminate,0,False,False,False,family_responsibility,no,not_mentioned,not_mentioned,not_mentioned,not_mentioned,not_mentioned,not_mentioned,not_mentioned,not_mentioned
Maria G NDE 4148,nderf,data\nderf\02005_maria-g-nde-4148.json,Indeterminate,0,False,False,False,family_responsibility,no,no,no,not_mentioned,not_mentioned,not_mentioned,not_mentioned,not_mentioned,no
K.C. NDE 4112,nderf,data\nderf\02006_k-c-nde-4112.json,Indeterminate,0,False,False,False,not_mentioned,not_mentioned,not_mentioned,not_mentioned,not_mentioned,not_mentioned,not_mentioned,not_mentioned,not_mentioned,not_mentioned
Debbie P NDE 4186/7001 NDE 7001,nderf,data\nderf\02008_debbie-p-nde-4186-7001-nde-7001.json,Indeterminate,0,False,False,False,no_reason_given,not_mentioned,not_mentioned,not_mentioned,not_mentioned,not_mentioned,not_mentioned,not_mentioned,not_mentioned,not_mentioned
Tommy S NDE 4187,nderf,data\nderf\02009_tommy-s-nde-4187.json,Indeterminate,0,False,False,False,not_mentioned,not_mentioned,not_mentioned,not_mentioned,not_mentioned,not_mentioned,not_mentioned,not_mentioned,not_mentioned,not_mentioned
Cindy E NDE 4198,nderf,data\nderf\02011_cindy-e-nde-4198.json,Indeterminate,0,False,False,False,not_mentioned,no,not_mentioned,not_mentioned,not_mentioned,not_mentioned,not_mentioned,not_mentioned,not_mentioned,not_mentioned
Ira P NDE 22141,nderf,data\nderf\02013_ira-p-nde-22141.json,Indeterminate,0,False,False,False,no_reason_given,not_mentioned,not_mentioned,not_mentioned,not_mentioned,not_mentioned,not_mentioned,not_mentioned,not_mentioned,not_mentioned
Elle NDE 4121,nderf,data\nderf\02014_elle-nde-4121.json,Indeterminate,0,False,False,False,no_reason_given,no,no,no,not_mentioned,not_mentioned,not_mentioned,no,none,no
Ann Y Probable NDE 4122,nderf,data\nderf\02015_ann-y-probable-nde-4122.json,Indeterminate,0,False,False,False,not_your_time,not_mentioned,not_mentioned,not_mentioned,not_mentioned,not_mentioned,not_mentioned,not_mentioned,not_mentioned,not_mentioned
Gina D NDE 4123,nderf,data\nderf\02016_gina-d-nde-4123.json,Indeterminate,0,False,False,False,not_mentioned,not_mentioned,not_mentioned,not_mentioned,not_mentioned,not_mentioned,not_mentioned,not_mentioned,not_mentioned,not_mentioned
Benjamin H NDE 4127,nderf,data\nderf\02017_benjamin-h-nde-4127.json,Indeterminate,0,False,False,False,not_mentioned,not_mentioned,not_mentioned,not_mentioned,not_mentioned,not_mentioned,not_mentioned,not_mentioned,not_mentioned,not_mentioned
Robert T NDE 4129,nderf,data\nderf\02018_robert-t-nde-4129.json,Indeterminate,0,False,False,False,not_mentioned,not_mentioned,not_mentioned,not_mentioned,not_mentioned,not_mentioned,not_mentioned,not_mentioned,not_mentioned,not_mentioned
Ollie K NDE 4130,nderf,data\nderf\02019_ollie-k-nde-4130.json,Indeterminate,0,False,False,False,family_responsibility,not_mentioned,not_mentioned,not_mentioned,not_mentioned,not_mentioned,not_mentioned,not_mentioned,not_mentioned,not_mentioned
Astrid K NDE 4131,nderf,data\nderf\02020_astrid-k-nde-4131.json,Indeterminate,0,False,False,False,not_mentioned,no,no,no,not_mentioned,not_mentioned,not_mentioned,not_mentioned,not_mentioned,no
Volf W NDE 4197,nderf,data\nderf\02022_volf-w-nde-4197.json,Indeterminate,0,False,False,False,not_mentioned,not_mentioned,not_mentioned,not_mentioned,not_mentioned,not_mentioned,not_mentioned,not_mentioned,not_mentioned,not_mentioned
Ricardo FV NDE 4170,nderf,data\nderf\02023_ricardo-fv-nde-4170.json,Indeterminate,0,False,False,False,family_responsibility,not_mentioned,not_mentioned,not_mentioned,not_mentioned,not_mentioned,not_mentioned,no,not_mentioned,not_mentioned
Jewel S NDE/ADC 31688 NDE 31688,nderf,data\nderf\02024_jewel-s-nde-adc-31688-nde-31688.json,Indeterminate,0,False,False,False,not_mentioned,not_mentioned,not_mentioned,not_mentioned,not_mentioned,not_mentioned,not_mentioned,not_mentioned,not_mentioned,not_mentioned
Paul NDE 22145,nderf,data\nderf\02025_paul-nde-22145.json,Indeterminate,0,False,False,False,not_your_time,not_mentioned,not_mentioned,not_mentioned,not_mentioned,not_mentioned,not_mentioned,not_mentioned,not_mentioned,not_mentioned
Norman NDE 22146,nderf,data\nderf\02026_norman-nde-22146.json,Indeterminate,0,False,False,False,not_mentioned,not_mentioned,not_mentioned,not_mentioned,not_mentioned,not_mentioned,not_mentioned,not_mentioned,not_mentioned,not_mentioned
Kelly P FDE 22157 NDE 22157,nderf,data\nderf\02027_kelly-p-fde-22157-nde-22157.json,Indeterminate,0,False,False,False,not_mentioned,no,no,no,not_mentioned,not_mentioned,not_mentioned,not_mentioned,not_mentioned,no
Robert L NDE 4144,nderf,data\nderf\02029_robert-l-nde-4144.json,Indeterminate,0,False,False,False,no_reason_given,no,no,no,not_mentioned,not_mentioned,not_mentioned,not_mentioned,not_mentioned,no
Kathleen P Probable NDE 4145,nderf,data\nderf\02030_kathleen-p-probable-nde-4145.json,Indeterminate,0,False,False,False,family_responsibility,not_mentioned,not_mentioned,not_mentioned,not_mentioned,not_mentioned,not_mentioned,not_mentioned,not_mentioned,not_mentioned
Debbie Probable NDE 4146,nderf,data\nderf\02031_debbie-probable-nde-4146.json,Indeterminate,0,False,False,False,not_mentioned,not_mentioned,not_mentioned,not_mentioned,not_mentioned,not_mentioned,not_mentioned,not_mentioned,not_mentioned,not_mentioned
Tim B Possible NDE 4151,nderf,data\nderf\02032_tim-b-possible-nde-4151.json,Indeterminate,0,False,False,False,not_mentioned,not_mentioned,not_mentioned,not_mentioned,not_mentioned,not_mentioned,not_mentioned,not_mentioned,not_mentioned,not_mentioned
Malina B NDE 4153,nderf,data\nderf\02033_malina-b-nde-4153.json,Indeterminate,0,False,False,False,not_mentioned,no,no,no,not_mentioned,not_mentioned,not_mentioned,not_mentioned,not_mentioned,no
Mary L NDE 4155,nderf,data\nderf\02034_mary-l-nde-4155.json,Indeterminate,0,False,False,False,not_mentioned,not_mentioned,not_mentioned,not_mentioned,not_mentioned,not_mentioned,not_mentioned,not_mentioned,not_mentioned,not_mentioned
Diane H NDE 4156,nderf,data\nderf\02035_diane-h-nde-4156.json,Indeterminate,0,False,False,False,family_responsibility,no,not_mentioned,not_mentioned,not_mentioned,not_mentioned,not_mentioned,not_mentioned,not_mentioned,not_mentioned
Marta G NDE 4160,nderf,data\nderf\02037_marta-g-nde-4160.json,Indeterminate,0,False,False,False,no_reason_given,not_mentioned,not_mentioned,not_mentioned,not_mentioned,not_mentioned,not_mentioned,not_mentioned,not_mentioned,not_mentioned
Michael B NDE 4161,nderf,data\nderf\02038_michael-b-nde-4161.json,Indeterminate,0,False,False,False,not_your_time,not_mentioned,not_mentioned,not_mentioned,not_mentioned,not_mentioned,not_mentioned,not_mentioned,not_mentioned,not_mentioned
Gail R NDE 4162,nderf,data\nderf\02039_gail-r-nde-4162.json,Indeterminate,0,False,False,False,no_reason_given,not_mentioned,not_mentioned,not_mentioned,not_mentioned,not_mentioned,not_mentioned,not_mentioned,not_mentioned,not_mentioned
John Z NDE 4163,nderf,data\nderf\02040_john-z-nde-4163.json,Indeterminate,0,False,False,False,not_mentioned,not_mentioned,not_mentioned,not_mentioned,not_mentioned,not_mentioned,not_mentioned,not_mentioned,not_mentioned,not_mentioned
Jake NDE 4169,nderf,data\nderf\02042_jake-nde-4169.json,Indeterminate,0,False,False,False,not_mentioned,not_mentioned,not_mentioned,not_mentioned,not_mentioned,not_mentioned,not_mentioned,not_mentioned,not_mentioned,not_mentioned
William Si NDE 119,nderf,data\nderf\02043_william-si-nde.json,Indeterminate,0,False,False,False,not_mentioned,not_mentioned,not_mentioned,no,not_mentioned,not_mentioned,not_mentioned,not_mentioned,not_mentioned,no
Gail K NDE 4174,nderf,data\nderf\02044_gail-k-nde-4174.json,Indeterminate,0,False,False,False,other,yes_explicit,no,not_mentioned,not_mentioned,not_mentioned,not_mentioned,not_mentioned,not_mentioned,not_mentioned
David A NDE 4175,nderf,data\nderf\02045_david-a-nde-4175.json,Indeterminate,0,False,False,False,not_mentioned,not_mentioned,not_mentioned,not_mentioned,not_mentioned,not_mentioned,not_mentioned,not_mentioned,not_mentioned,not_mentioned
Karl F Probable NDE 4214,nderf,data\nderf\02049_karl-f-probable-nde-4214.json,Indeterminate,0,False,False,False,other,not_mentioned,not_mentioned,not_mentioned,not_mentioned,not_mentioned,not_mentioned,not_mentioned,not_mentioned,not_mentioned
Tom C NDE 4212,nderf,data\nderf\02050_tom-c-nde-4212.json,Indeterminate,0,False,False,False,not_mentioned,not_mentioned,not_mentioned,not_mentioned,not_mentioned,not_mentioned,not_mentioned,not_mentioned,not_mentioned,not_mentioned
Laurent B NDE 4215,nderf,data\nderf\02052_laurent-b-nde-4215.json,Indeterminate,0,False,False,False,not_mentioned,not_mentioned,not_mentioned,not_mentioned,not_mentioned,not_mentioned,not_mentioned,not_mentioned,not_mentioned,not_mentioned
Vanessa H Probable NDE 4216,nderf,data\nderf\02054_vanessa-h-probable-nde-4216.json,Indeterminate,0,False,False,False,not_your_time,not_mentioned,not_mentioned,not_mentioned,not_mentioned,not_mentioned,not_mentioned,not_mentioned,not_mentioned,not_mentioned
Mark A NDE 4217,nderf,data\nderf\02055_mark-a-nde-4217.json,Indeterminate,0,False,False,False,not_your_time,no,no,not_mentioned,not_mentioned,not_mentioned,not_mentioned,no,not_mentioned,not_mentioned
Michael C NDE 120,nderf,data\nderf\02055_michael-c-nde.json,Indeterminate,0,False,False,False,family_responsibility,no,not_mentioned,not_mentioned,not_mentioned,not_mentioned,not_mentioned,not_mentioned,not_mentioned,not_mentioned
Becca L NDE 4218,nderf,data\nderf\02056_becca-l-nde-4218.json,Indeterminate,0,False,False,False,not_mentioned,not_mentioned,not_mentioned,not_mentioned,not_mentioned,not_mentioned,not_mentioned,not_mentioned,not_mentioned,not_mentioned
Brianna C NDE 4224,nderf,data\nderf\02058_brianna-c-nde-4224.json,Indeterminate,0,False,False,False,not_mentioned,no,no,not_mentioned,not_mentioned,not_mentioned,not_mentioned,not_mentioned,not_mentioned,not_mentioned
Rick Probable NDE 4226,nderf,data\nderf\02059_rick-probable-nde-4226.json,Indeterminate,0,False,False,False,not_mentioned,not_mentioned,not_mentioned,not_mentioned,not_mentioned,not_mentioned,not_mentioned,not_mentioned,not_mentioned,not_mentioned
Deroan FDE 4227 NDE 4227,nderf,data\nderf\02060_deroan-fde-4227-nde-4227.json,Indeterminate,0,False,False,False,not_mentioned,not_mentioned,not_mentioned,no,not_mentioned,not_mentioned,no,not_mentioned,none,no
Rick H Possible NDE 4228,nderf,data\nderf\02061_rick-h-possible-nde-4228.json,Indeterminate,0,False,False,False,no_reason_given,not_mentioned,not_mentioned,not_mentioned,not_mentioned,not_mentioned,not_mentioned,not_mentioned,not_mentioned,not_mentioned
Kim C NDE 4230,nderf,data\nderf\02062_kim-c-nde-4230.json,Indeterminate,0,False,False,False,not_mentioned,not_mentioned,not_mentioned,not_mentioned,not_mentioned,not_mentioned,not_mentioned,not_mentioned,not_mentioned,not_mentioned
Polly R Probable NDE 4231,nderf,data\nderf\02063_polly-r-probable-nde-4231.json,Indeterminate,0,False,False,False,not_mentioned,not_mentioned,not_mentioned,not_mentioned,not_mentioned,not_mentioned,not_mentioned,not_mentioned,not_mentioned,not_mentioned
Bo FDE 4221 NDE 4221,nderf,data\nderf\02065_bo-fde-4221-nde-4221.json,Indeterminate,0,False,False,False,not_mentioned,not_mentioned,not_mentioned,not_mentioned,not_mentioned,not_mentioned,not_mentioned,not_mentioned,not_mentioned,not_mentioned
Ali K NDE 4229,nderf,data\nderf\02066_ali-k-nde-4229.json,Indeterminate,0,False,False,False,not_mentioned,not_mentioned,not_mentioned,not_mentioned,not_mentioned,not_mentioned,not_mentioned,not_mentioned,not_mentioned,not_mentioned
Roxana M Probable NDE 22182,nderf,data\nderf\02067_roxana-m-probable-nde-22182.json,Indeterminate,0,False,False,False,not_mentioned,not_mentioned,not_mentioned,not_mentioned,not_mentioned,not_mentioned,not_mentioned,not_mentioned,not_mentioned,not_mentioned
Harold B NDE 4237,nderf,data\nderf\02070_harold-b-nde-4237.json,Indeterminate,0,False,False,False,no_reason_given,no,not_mentioned,not_mentioned,not_mentioned,not_mentioned,not_mentioned,not_mentioned,not_mentioned,not_mentioned
Marian F Probable NDE 4238,nderf,data\nderf\02071_marian-f-probable-nde-4238.json,Indeterminate,0,False,False,False,family_responsibility,no,no,no,not_mentioned,not_mentioned,not_mentioned,not_mentioned,none,no
Laurie C NDE 4241,nderf,data\nderf\02074_laurie-c-nde-4241.json,Indeterminate,0,False,False,False,family_responsibility,not_mentioned,not_mentioned,not_mentioned,not_mentioned,not_mentioned,not_mentioned,not_mentioned,not_mentioned,not_mentioned
Victoria NDE 4242,nderf,data\nderf\02075_victoria-nde-4242.json,Indeterminate,0,False,False,False,not_mentioned,not_mentioned,not_mentioned,not_mentioned,not_mentioned,not_mentioned,not_mentioned,not_mentioned,not_mentioned,not_mentioned
Dan B NDE 4245,nderf,data\nderf\02076_dan-b-nde-4245.json,Indeterminate,0,False,False,False,no_reason_given,not_mentioned,not_mentioned,not_mentioned,not_mentioned,not_mentioned,not_mentioned,not_mentioned,not_mentioned,not_mentioned
Amber Y FDE 4256 NDE 4256,nderf,data\nderf\02080_amber-y-fde-4256-nde-4256.json,Indeterminate,0,False,False,False,not_mentioned,not_mentioned,not_mentioned,not_mentioned,not_mentioned,not_mentioned,not_mentioned,not_mentioned,not_mentioned,not_mentioned
S.L. NDE 4259,nderf,data\nderf\02085_s-l-nde-4259.json,Indeterminate,0,False,False,False,not_your_time,implied,not_mentioned,not_mentioned,not_mentioned,not_mentioned,not_mentioned,not_mentioned,not_mentioned,not_mentioned
Bill C NDE 4263,nderf,data\nderf\02088_bill-c-nde-4263.json,Indeterminate,0,False,False,False,not_your_time,implied,no,no,not_mentioned,not_mentioned,not_mentioned,not_mentioned,not_mentioned,no
Carole C NDE 4266,nderf,data\nderf\02089_carole-c-nde-4266.json,Indeterminate,0,False,False,False,not_mentioned,not_mentioned,not_mentioned,not_mentioned,not_mentioned,not_mentioned,not_mentioned,not_mentioned,not_mentioned,not_mentioned
Judy G NDE 4267,nderf,data\nderf\02090_judy-g-nde-4267.json,Indeterminate,0,False,False,False,not_your_time,not_mentioned,not_mentioned,not_mentioned,not_mentioned,not_mentioned,not_mentioned,not_mentioned,not_mentioned,not_mentioned
Gail C NDE 4268,nderf,data\nderf\02091_gail-c-nde-4268.json,Indeterminate,0,False,False,False,not_mentioned,not_mentioned,not_mentioned,not_mentioned,not_mentioned,not_mentioned,not_mentioned,not_mentioned,not_mentioned,not_mentioned
Silvia B Possible NDE 4301,nderf,data\nderf\02098_silvia-b-possible-nde-4301.json,Indeterminate,0,False,False,False,not_mentioned,not_mentioned,not_mentioned,not_mentioned,not_mentioned,not_mentioned,not_mentioned,not_mentioned,not_mentioned,not_mentioned
Frank P NDE 4272,nderf,data\nderf\02101_frank-p-nde-4272.json,Indeterminate,0,False,False,False,no_reason_given,no,no,no,not_mentioned,not_mentioned,not_mentioned,not_mentioned,not_mentioned,no
KB NDE 4275,nderf,data\nderf\02102_kb-nde-4275.json,Indeterminate,0,False,False,False,no_reason_given,not_mentioned,not_mentioned,not_mentioned,not_mentioned,not_mentioned,not_mentioned,not_mentioned,not_mentioned,not_mentioned
Grady R NDE 4276,nderf,data\nderf\02103_grady-r-nde-4276.json,Indeterminate,0,False,False,False,not_mentioned,not_mentioned,not_mentioned,not_mentioned,not_mentioned,not_mentioned,not_mentioned,not_mentioned,not_mentioned,not_mentioned
Beth B NDE 4277,nderf,data\nderf\02104_beth-b-nde-4277.json,Indeterminate,0,False,False,False,not_your_time,no,no,no,not_mentioned,not_mentioned,not_mentioned,not_mentioned,none,no
Sylvia D NDE 4278,nderf,data\nderf\02105_sylvia-d-nde-4278.json,Indeterminate,0,False,False,False,not_your_time,no,no,not_mentioned,not_mentioned,not_mentioned,not_mentioned,not_mentioned,not_mentioned,not_mentioned
Sue H NDE 4279,nderf,data\nderf\02106_sue-h-nde-4279.json,Indeterminate,0,False,False,False,no_reason_given,no,not_mentioned,not_mentioned,not_mentioned,not_mentioned,not_mentioned,not_mentioned,not_mentioned,not_mentioned
Debbie P NDE 4280,nderf,data\nderf\02107_debbie-p-nde-4280.json,Indeterminate,0,False,False,False,not_mentioned,no,not_mentioned,not_mentioned,not_mentioned,not_mentioned,not_mentioned,not_mentioned,not_mentioned,not_mentioned
Ray S NDE 4282,nderf,data\nderf\02109_ray-s-nde-4282.json,Indeterminate,0,False,False,False,not_mentioned,not_mentioned,not_mentioned,not_mentioned,not_mentioned,not_mentioned,not_mentioned,not_mentioned,not_mentioned,not_mentioned
David A NDE 4284,nderf,data\nderf\02110_david-a-nde-4284.json,Indeterminate,0,False,False,False,not_your_time,no,no,no,not_mentioned,not_mentioned,not_mentioned,not_mentioned,not_mentioned,no
Elizabeth S NDE 4289,nderf,data\nderf\02113_elizabeth-s-nde-4289.json,Indeterminate,0,False,False,False,not_your_time,yes_explicit,no,no,not_mentioned,not_mentioned,not_mentioned,no,not_mentioned,no
Kathleen B Death Bed Vision 4290 NDE 4290,nderf,data\nderf\02114_kathleen-b-death-bed-vision-4290-nde-4290.json,Indeterminate,0,False,False,False,not_mentioned,no,no,no,not_mentioned,not_mentioned,not_mentioned,not_mentioned,not_mentioned,no
Nostra J NDE 4297,nderf,data\nderf\02116_nostra-j-nde-4297.json,Indeterminate,0,False,False,False,other,not_mentioned,not_mentioned,not_mentioned,not_mentioned,not_mentioned,not_mentioned,not_mentioned,not_mentioned,not_mentioned
Sandy M Probable NDE 4300,nderf,data\nderf\02118_sandy-m-probable-nde-4300.json,Indeterminate,0,False,False,False,not_mentioned,not_mentioned,not_mentioned,not_mentioned,not_mentioned,not_mentioned,not_mentioned,not_mentioned,not_mentioned,not_mentioned
Joe A NDE 4303,nderf,data\nderf\02119_joe-a-nde-4303.json,Indeterminate,0,False,False,False,not_mentioned,not_mentioned,not_mentioned,not_mentioned,not_mentioned,not_mentioned,not_mentioned,not_mentioned,not_mentioned,not_mentioned
Gary T NDE 4304,nderf,data\nderf\02120_gary-t-nde-4304.json,Indeterminate,0,False,False,False,not_mentioned,not_mentioned,not_mentioned,not_mentioned,not_mentioned,not_mentioned,not_mentioned,not_mentioned,not_mentioned,not_mentioned
Al G NDE 4305,nderf,data\nderf\02121_al-g-nde-4305.json,Indeterminate,0,False,False,False,not_your_time,no,no,no,not_mentioned,not_mentioned,not_mentioned,not_mentioned,not_mentioned,no
Janice H NDE 4306,nderf,data\nderf\02122_janice-h-nde-4306.json,Indeterminate,0,False,False,False,not_mentioned,not_mentioned,not_mentioned,not_mentioned,not_mentioned,not_mentioned,not_mentioned,not_mentioned,not_mentioned,not_mentioned
Connie T NDE 4307,nderf,data\nderf\02124_connie-t-nde-4307.json,Indeterminate,0,False,False,False,no_reason_given,not_mentioned,not_mentioned,no,not_mentioned,not_mentioned,not_mentioned,not_mentioned,not_mentioned,no
Jorge V NDE 4271,nderf,data\nderf\02125_jorge-v-nde-4271.json,Indeterminate,0,False,False,False,other,implied,no,not_mentioned,not_mentioned,not_mentioned,not_mentioned,not_mentioned,not_mentioned,not_mentioned
Desmond F NDE 4295,nderf,data\nderf\02126_desmond-f-nde-4295.json,Indeterminate,0,False,False,False,no_reason_given,no,no,not_mentioned,not_mentioned,not_mentioned,not_mentioned,not_mentioned,not_mentioned,not_mentioned
Juanita C NDE 22195,nderf,data\nderf\02127_juanita-c-nde-22195.json,Indeterminate,0,False,False,False,other,not_mentioned,not_mentioned,not_mentioned,not_mentioned,not_mentioned,not_mentioned,not_mentioned,not_mentioned,not_mentioned
Ivette GM NDE 4407,nderf,data\nderf\02128_ivette-gm-nde-4407.json,Indeterminate,0,False,False,False,no_reason_given,not_mentioned,not_mentioned,not_mentioned,not_mentioned,not_mentioned,not_mentioned,implied,not_mentioned,not_mentioned
John Co NDE 16020,nderf,data\nderf\02129_john-co-nde-16020.json,Indeterminate,0,False,False,False,not_mentioned,not_mentioned,not_mentioned,not_mentioned,not_mentioned,not_mentioned,not_mentioned,not_mentioned,not_mentioned,not_mentioned
Lana C FDE 4438 NDE 4438,nderf,data\nderf\02130_lana-c-fde-4438-nde-4438.json,Indeterminate,0,False,False,False,no_reason_given,implied,no,no,not_mentioned,not_mentioned,not_mentioned,not_mentioned,not_mentioned,no
Carol M NDE 16022,nderf,data\nderf\02131_carol-m-nde-16022.json,Indeterminate,0,False,False,False,not_mentioned,not_mentioned,not_mentioned,not_mentioned,not_mentioned,not_mentioned,not_mentioned,not_mentioned,not_mentioned,not_mentioned
Sergei Probable NDE 4413,nderf,data\nderf\02132_sergei-probable-nde-4413.json,Indeterminate,0,False,False,False,not_your_time,no,no,no,not_mentioned,not_mentioned,not_mentioned,no,none,no
Tami C NDE 16023,nderf,data\nderf\02133_tami-c-nde-16023.json,Indeterminate,0,False,False,False,not_your_time,no,no,not_mentioned,not_mentioned,not_mentioned,not_mentioned,not_mentioned,not_mentioned,not_mentioned
Lee K NDE 4310,nderf,data\nderf\02134_lee-k-nde-4310.json,Indeterminate,0,False,False,False,not_mentioned,not_mentioned,not_mentioned,not_mentioned,not_mentioned,not_mentioned,not_mentioned,not_mentioned,not_mentioned,not_mentioned
Rajnish K NDE 4312,nderf,data\nderf\02135_rajnish-k-nde-4312.json,Indeterminate,0,False,False,False,not_mentioned,no,no,no,not_mentioned,not_mentioned,not_mentioned,not_mentioned,not_mentioned,no
Deepak Y NDE 4313,nderf,data\nderf\02136_deepak-y-nde-4313.json,Indeterminate,0,False,False,False,not_mentioned,not_mentioned,not_mentioned,not_mentioned,not_mentioned,not_mentioned,not_mentioned,not_mentioned,not_mentioned,no
Tonya R NDE 4314,nderf,data\nderf\02137_tonya-r-nde-4314.json,Indeterminate,0,False,False,False,not_mentioned,not_mentioned,not_mentioned,not_mentioned,not_mentioned,not_mentioned,not_mentioned,not_mentioned,not_mentioned,not_mentioned
Timothy N NDE 4321,nderf,data\nderf\02138_timothy-n-nde-4321.json,Indeterminate,0,False,False,False,no_reason_given,no,no,not_mentioned,not_mentioned,not_mentioned,not_mentioned,explicit,not_mentioned,not_mentioned
Jerry G NDE 4323,nderf,data\nderf\02140_jerry-g-nde-4323.json,Indeterminate,0,False,False,False,not_mentioned,not_mentioned,not_mentioned,not_mentioned,not_mentioned,not_mentioned,not_mentioned,not_mentioned,not_mentioned,not_mentioned
Jacqueline H NDE 4324,nderf,data\nderf\02141_jacqueline-h-nde-4324.json,Indeterminate,0,False,False,False,not_your_time,not_mentioned,not_mentioned,not_mentioned,not_mentioned,not_mentioned,not_mentioned,not_mentioned,not_mentioned,not_mentioned
Kenneth J NDE 4329,nderf,data\nderf\02142_kenneth-j-nde-4329.json,Indeterminate,0,False,False,False,no_reason_given,not_mentioned,not_mentioned,not_mentioned,not_mentioned,not_mentioned,not_mentioned,not_mentioned,not_mentioned,not_mentioned
Jeff NDE 4330,nderf,data\nderf\02143_jeff-nde-4330.json,Indeterminate,0,False,False,False,not_mentioned,not_mentioned,not_mentioned,not_mentioned,not_mentioned,not_mentioned,not_mentioned,not_mentioned,not_mentioned,not_mentioned
Richard R NDE 4332,nderf,data\nderf\02145_richard-r-nde-4332.json,Indeterminate,0,False,False,False,no_reason_given,no,no,no,not_mentioned,not_mentioned,not_mentioned,no,not_mentioned,no
Jonathan G NDE 4333,nderf,data\nderf\02146_jonathan-g-nde-4333.json,Indeterminate,0,False,False,False,not_mentioned,not_mentioned,not_mentioned,not_mentioned,not_mentioned,not_mentioned,not_mentioned,implied,not_mentioned,not_mentioned
Paula D Daughter NDE 4335,nderf,data\nderf\02147_paula-d-daughter-nde-4335.json,Indeterminate,0,False,False,False,not_your_time,not_mentioned,not_mentioned,no,not_mentioned,not_mentioned,not_mentioned,explicit,none,no
Larry T NDE 4338,nderf,data\nderf\02149_larry-t-nde-4338.json,Indeterminate,0,False,False,False,not_mentioned,not_mentioned,not_mentioned,not_mentioned,not_mentioned,not_mentioned,not_mentioned,not_mentioned,not_mentioned,not_mentioned
Oliver W NDE 4340,nderf,data\nderf\02150_oliver-w-nde-4340.json,Indeterminate,0,False,False,False,not_your_time,no,no,no,not_mentioned,not_mentioned,not_mentioned,not_mentioned,not_mentioned,no
Joe NDE 4346,nderf,data\nderf\02151_joe-nde-4346.json,Indeterminate,0,False,False,False,not_mentioned,not_mentioned,not_mentioned,not_mentioned,not_mentioned,not_mentioned,not_mentioned,not_mentioned,not_mentioned,not_mentioned
Art L Probable NDE 4351,nderf,data\nderf\02154_art-l-probable-nde-4351.json,Indeterminate,0,False,False,False,family_responsibility,yes_explicit,no,not_mentioned,not_mentioned,not_mentioned,not_mentioned,not_mentioned,not_mentioned,not_mentioned
Mark K NDE 4352,nderf,data\nderf\02155_mark-k-nde-4352.json,Indeterminate,0,False,False,False,not_mentioned,no,no,no,not_mentioned,not_mentioned,not_mentioned,not_mentioned,none,no
Liv T Probable FDE 4353 NDE 4353,nderf,data\nderf\02156_liv-t-probable-fde-4353-nde-4353.json,Indeterminate,0,False,False,False,not_mentioned,not_mentioned,not_mentioned,not_mentioned,not_mentioned,not_mentioned,not_mentioned,not_mentioned,not_mentioned,not_mentioned
Mike K NDE 4356,nderf,data\nderf\02157_mike-k-nde-4356.json,Indeterminate,0,False,False,False,not_mentioned,no,not_mentioned,not_mentioned,not_mentioned,not_mentioned,not_mentioned,not_mentioned,not_mentioned,not_mentioned
Mark H Possible NDE 4360,nderf,data\nderf\02159_mark-h-possible-nde-4360.json,Indeterminate,0,False,False,False,other,not_mentioned,not_mentioned,no,not_mentioned,not_mentioned,not_mentioned,not_mentioned,not_mentioned,no
Alfred H NDE 4362,nderf,data\nderf\02160_alfred-h-nde-4362.json,Indeterminate,0,False,False,False,not_mentioned,no,not_mentioned,not_mentioned,not_mentioned,not_mentioned,not_mentioned,not_mentioned,not_mentioned,not_mentioned
Suzanne RP NDE 4365,nderf,data\nderf\02162_suzanne-rp-nde-4365.json,Indeterminate,0,False,False,False,not_mentioned,not_mentioned,not_mentioned,not_mentioned,not_mentioned,not_mentioned,not_mentioned,not_mentioned,not_mentioned,not_mentioned
Joann P NDE 4366/5263,nderf,data\nderf\02163_joann-p-nde-4366-5263.json,Indeterminate,0,False,False,False,not_your_time,not_mentioned,not_mentioned,no,not_mentioned,not_mentioned,not_mentioned,not_mentioned,none,no
Matt E Probable NDE 4370,nderf,data\nderf\02165_matt-e-probable-nde-4370.json,Indeterminate,0,False,False,False,other,not_mentioned,not_mentioned,not_mentioned,not_mentioned,not_mentioned,not_mentioned,not_mentioned,not_mentioned,not_mentioned
Elizabeth L NDE 4372,nderf,data\nderf\02167_elizabeth-l-nde-4372.json,Indeterminate,0,False,False,False,not_your_time,yes_explicit,no,no,not_mentioned,not_mentioned,not_mentioned,implied,not_mentioned,no
Maria F Probable NDE 4374,nderf,data\nderf\02168_maria-f-probable-nde-4374.json,Indeterminate,0,False,False,False,not_mentioned,not_mentioned,not_mentioned,not_mentioned,not_mentioned,not_mentioned,not_mentioned,implied,not_mentioned,not_mentioned
Chamisa H NDE 4376,nderf,data\nderf\02170_chamisa-h-nde-4376.json,Indeterminate,0,False,False,False,not_mentioned,not_mentioned,not_mentioned,not_mentioned,not_mentioned,not_mentioned,not_mentioned,not_mentioned,not_mentioned,not_mentioned
Hal R NDE 4379,nderf,data\nderf\02172_hal-r-nde-4379.json,Indeterminate,0,False,False,False,no_reason_given,not_mentioned,not_mentioned,not_mentioned,not_mentioned,not_mentioned,not_mentioned,not_mentioned,not_mentioned,not_mentioned
David W NDE 4382,nderf,data\nderf\02173_david-w-nde-4382.json,Indeterminate,0,False,False,False,not_mentioned,not_mentioned,not_mentioned,not_mentioned,not_mentioned,not_mentioned,not_mentioned,not_mentioned,not_mentioned,not_mentioned
Esteban M NDE 4383,nderf,data\nderf\02174_esteban-m-nde-4383.json,Indeterminate,0,False,False,False,no_reason_given,not_mentioned,not_mentioned,not_mentioned,not_mentioned,not_mentioned,not_mentioned,not_mentioned,not_mentioned,not_mentioned
Madonna M NDE 4384,nderf,data\nderf\02175_madonna-m-nde-4384.json,Indeterminate,0,False,False,False,no_reason_given,not_mentioned,not_mentioned,not_mentioned,not_mentioned,not_mentioned,not_mentioned,not_mentioned,not_mentioned,not_mentioned
Dan A NDE 4385,nderf,data\nderf\02176_dan-a-nde-4385.json,Indeterminate,0,False,False,False,other,yes_explicit,no,no,not_mentioned,not_mentioned,not_mentioned,not_mentioned,not_mentioned,no
Michael G NDE 4387,nderf,data\nderf\02178_michael-g-nde-4387.json,Indeterminate,0,False,False,False,not_mentioned,no,no,no,not_mentioned,not_mentioned,not_mentioned,not_mentioned,none,no
Tracy M NDE 4388,nderf,data\nderf\02179_tracy-m-nde-4388.json,Indeterminate,0,False,False,False,family_responsibility,no,no,no,not_mentioned,not_mentioned,not_mentioned,not_mentioned,not_mentioned,no
Marilena R NDE 4442,nderf,data\nderf\02181_marilena-r-nde-4442.json,Indeterminate,0,False,False,False,no_reason_given,not_mentioned,not_mentioned,not_mentioned,not_mentioned,not_mentioned,not_mentioned,not_mentioned,not_mentioned,not_mentioned
Joyce J Possible NDE 4392,nderf,data\nderf\02184_joyce-j-possible-nde-4392.json,Indeterminate,0,False,False,False,not_mentioned,not_mentioned,not_mentioned,not_mentioned,not_mentioned,not_mentioned,not_mentioned,not_mentioned,not_mentioned,not_mentioned
Sammy M Possible NDE 4393,nderf,data\nderf\02185_sammy-m-possible-nde-4393.json,Indeterminate,0,False,False,False,not_your_time,implied,not_mentioned,not_mentioned,not_mentioned,not_mentioned,not_mentioned,not_mentioned,not_mentioned,not_mentioned
Paul C NDE 4404/9383 NDE 9383,nderf,data\nderf\02191_paul-c-nde-4404-9383-nde-9383.json,Indeterminate,0,False,False,False,no_reason_given,not_mentioned,not_mentioned,not_mentioned,not_mentioned,not_mentioned,not_mentioned,not_mentioned,not_mentioned,not_mentioned
Cheryelle B NDE 4406,nderf,data\nderf\02192_cheryelle-b-nde-4406.json,Indeterminate,0,False,False,False,not_your_time,not_mentioned,not_mentioned,not_mentioned,not_mentioned,not_mentioned,not_mentioned,not_mentioned,not_mentioned,not_mentioned
Juan M NDE 4530,nderf,data\nderf\02193_juan-m-nde-4530.json,Indeterminate,0,False,False,False,not_mentioned,not_mentioned,not_mentioned,not_mentioned,not_mentioned,not_mentioned,not_mentioned,not_mentioned,not_mentioned,not_mentioned
Soledad NDE 4547,nderf,data\nderf\02197_soledad-nde-4547.json,Indeterminate,0,False,False,False,not_mentioned,not_mentioned,not_mentioned,not_mentioned,not_mentioned,not_mentioned,not_mentioned,not_mentioned,not_mentioned,not_mentioned
Etienne NDE 4584,nderf,data\nderf\02198_etienne-nde-4584.json,Indeterminate,0,False,False,False,not_your_time,implied,not_mentioned,not_mentioned,not_mentioned,not_mentioned,not_mentioned,not_mentioned,not_mentioned,not_mentioned
Begona VA NDE 4565,nderf,data\nderf\02199_begona-va-nde-4565.json,Indeterminate,0,False,False,False,not_mentioned,not_mentioned,not_mentioned,not_mentioned,not_mentioned,not_mentioned,not_mentioned,not_mentioned,not_mentioned,not_mentioned
John C NDE 4410,nderf,data\nderf\02201_john-c-nde-4410.json,Indeterminate,0,False,False,False,not_your_time,no,no,not_mentioned,not_mentioned,not_mentioned,not_mentioned,implied,not_mentioned,not_mentioned
Paul L Probable NDE 4414,nderf,data\nderf\02203_paul-l-probable-nde-4414.json,Indeterminate,0,False,False,False,not_mentioned,not_mentioned,not_mentioned,no,not_mentioned,not_mentioned,not_mentioned,not_mentioned,not_mentioned,no
Manon L Probable NDE #2204 16037 NDE 16037,nderf,data\nderf\02204_manon-l-probable-nde-2204-16037-nde-16037.json,Indeterminate,0,False,False,False,not_mentioned,not_mentioned,not_mentioned,not_mentioned,not_mentioned,not_mentioned,not_mentioned,not_mentioned,not_mentioned,not_mentioned
Chris W FDE 4415 NDE 4415,nderf,data\nderf\02205_chris-w-fde-4415-nde-4415.json,Indeterminate,0,False,False,False,not_mentioned,not_mentioned,not_mentioned,not_mentioned,not_mentioned,not_mentioned,not_mentioned,not_mentioned,not_mentioned,not_mentioned
Kathy W NDE 4416,nderf,data\nderf\02206_kathy-w-nde-4416.json,Indeterminate,0,False,False,False,family_responsibility,no,no,no,not_mentioned,not_mentioned,not_mentioned,not_mentioned,not_mentioned,no
Michael C NDE 4422,nderf,data\nderf\02210_michael-c-nde-4422.json,Indeterminate,0,False,False,False,not_mentioned,no,no,no,not_mentioned,not_mentioned,not_mentioned,not_mentioned,not_mentioned,no
Tim D NDE 4423,nderf,data\nderf\02211_tim-d-nde-4423.json,Indeterminate,0,False,False,False,not_mentioned,not_mentioned,not_mentioned,not_mentioned,not_mentioned,not_mentioned,not_mentioned,not_mentioned,not_mentioned,not_mentioned
Tony B NDE 4424,nderf,data\nderf\02212_tony-b-nde-4424.json,Indeterminate,0,False,False,False,no_reason_given,not_mentioned,not_mentioned,not_mentioned,not_mentioned,not_mentioned,not_mentioned,not_mentioned,not_mentioned,not_mentioned
Grace N Probable NDE 4430,nderf,data\nderf\02213_grace-n-probable-nde-4430.json,Indeterminate,0,False,False,False,family_responsibility,not_mentioned,not_mentioned,not_mentioned,not_mentioned,not_mentioned,not_mentioned,not_mentioned,not_mentioned,not_mentioned
DeeRay G NDE 4428,nderf,data\nderf\02214_deeray-g-nde-4428.json,Indeterminate,0,False,False,False,not_mentioned,not_mentioned,not_mentioned,not_mentioned,not_mentioned,not_mentioned,not_mentioned,not_mentioned,not_mentioned,not_mentioned
Ralph B NDE 4429,nderf,data\nderf\02215_ralph-b-nde-4429.json,Indeterminate,0,False,False,False,not_mentioned,not_mentioned,not_mentioned,not_mentioned,not_mentioned,not_mentioned,not_mentioned,not_mentioned,not_mentioned,not_mentioned
Louis L FDE 16040 NDE 16040,nderf,data\nderf\02216_louis-l-fde-16040-nde-16040.json,Indeterminate,0,False,False,False,other,no,no,no,not_mentioned,not_mentioned,not_mentioned,implied,not_mentioned,no
Joseph L NDE 4435,nderf,data\nderf\02217_joseph-l-nde-4435.json,Indeterminate,0,False,False,False,not_mentioned,not_mentioned,not_mentioned,not_mentioned,not_mentioned,not_mentioned,not_mentioned,not_mentioned,not_mentioned,not_mentioned
Larry C NDE 4436,nderf,data\nderf\02218_larry-c-nde-4436.json,Indeterminate,0,False,False,False,not_mentioned,not_mentioned,not_mentioned,not_mentioned,not_mentioned,not_mentioned,not_mentioned,not_mentioned,not_mentioned,not_mentioned
Nathan I NDE 4440,nderf,data\nderf\02219_nathan-i-nde-4440.json,Indeterminate,0,False,False,False,not_mentioned,not_mentioned,not_mentioned,not_mentioned,not_mentioned,not_mentioned,not_mentioned,not_mentioned,not_mentioned,not_mentioned
Valerie H NDE 4441,nderf,data\nderf\02220_valerie-h-nde-4441.json,Indeterminate,0,False,False,False,no_reason_given,not_mentioned,not_mentioned,not_mentioned,not_mentioned,not_mentioned,not_mentioned,not_mentioned,not_mentioned,not_mentioned
Jeffrie D Probable NDE 4443,nderf,data\nderf\02221_jeffrie-d-probable-nde-4443.json,Indeterminate,0,False,False,False,not_mentioned,not_mentioned,not_mentioned,not_mentioned,not_mentioned,not_mentioned,not_mentioned,not_mentioned,not_mentioned,not_mentioned
Greg L NDE 4446,nderf,data\nderf\02223_greg-l-nde-4446.json,Indeterminate,0,False,False,False,not_mentioned,not_mentioned,not_mentioned,no,not_mentioned,not_mentioned,not_mentioned,not_mentioned,not_mentioned,no
Linda A Mother NDE 4448,nderf,data\nderf\02225_linda-a-mother-nde-4448.json,Indeterminate,0,False,False,False,not_your_time,not_mentioned,not_mentioned,not_mentioned,not_mentioned,not_mentioned,not_mentioned,not_mentioned,not_mentioned,not_mentioned
Gay L NDE 4451,nderf,data\nderf\02228_gay-l-nde-4451.json,Indeterminate,0,False,False,False,not_mentioned,not_mentioned,not_mentioned,not_mentioned,not_mentioned,not_mentioned,not_mentioned,not_mentioned,not_mentioned,not_mentioned
Winnie S NDE 4453,nderf,data\nderf\02230_winnie-s-nde-4453.json,Indeterminate,0,False,False,False,family_responsibility,implied,no,not_mentioned,not_mentioned,not_mentioned,not_mentioned,implied,not_mentioned,not_mentioned
Robert S NDE 4454,nderf,data\nderf\02231_robert-s-nde-4454.json,Indeterminate,0,False,False,False,not_mentioned,not_mentioned,not_mentioned,not_mentioned,not_mentioned,not_mentioned,not_mentioned,not_mentioned,not_mentioned,not_mentioned
Shelly NDE 4455,nderf,data\nderf\02232_shelly-nde-4455.json,Indeterminate,0,False,False,False,not_mentioned,not_mentioned,not_mentioned,not_mentioned,not_mentioned,not_mentioned,not_mentioned,not_mentioned,not_mentioned,not_mentioned
Gary T NDE 4456,nderf,data\nderf\02233_gary-t-nde-4456.json,Indeterminate,0,False,False,False,not_mentioned,not_mentioned,not_mentioned,not_mentioned,not_mentioned,not_mentioned,not_mentioned,not_mentioned,not_mentioned,not_mentioned
David M NDE 4457,nderf,data\nderf\02234_david-m-nde-4457.json,Indeterminate,0,False,False,False,not_mentioned,not_mentioned,not_mentioned,no,not_mentioned,not_mentioned,not_mentioned,not_mentioned,not_mentioned,no
Perry D Probable NDE 4458,nderf,data\nderf\02235_perry-d-probable-nde-4458.json,Indeterminate,0,False,False,False,not_mentioned,not_mentioned,not_mentioned,not_mentioned,not_mentioned,not_mentioned,not_mentioned,not_mentioned,not_mentioned,not_mentioned
Courtney NDE 4459,nderf,data\nderf\02236_courtney-nde-4459.json,Indeterminate,0,False,False,False,other,not_mentioned,not_mentioned,not_mentioned,not_mentioned,not_mentioned,not_mentioned,not_mentioned,not_mentioned,not_mentioned
James C NDE 4460,nderf,data\nderf\02237_james-c-nde-4460.json,Indeterminate,0,False,False,False,family_responsibility,no,no,no,not_mentioned,not_mentioned,not_mentioned,not_mentioned,not_mentioned,no
Alex A NDE 4463,nderf,data\nderf\02239_alex-a-nde-4463.json,Indeterminate,0,False,False,False,no_reason_given,not_mentioned,not_mentioned,not_mentioned,not_mentioned,not_mentioned,not_mentioned,no,not_mentioned,not_mentioned
Jill C NDE 4464,nderf,data\nderf\02240_jill-c-nde-4464.json,Indeterminate,0,False,False,False,not_mentioned,not_mentioned,not_mentioned,no,not_mentioned,not_mentioned,not_mentioned,not_mentioned,not_mentioned,no
Sue E NDE 4466,nderf,data\nderf\02241_sue-e-nde-4466.json,Indeterminate,0,False,False,False,family_responsibility,no,no,no,not_mentioned,not_mentioned,not_mentioned,not_mentioned,none,no
Donald W NDE 22230,nderf,data\nderf\02243_donald-w-nde-22230.json,Indeterminate,0,False,False,False,family_responsibility,not_mentioned,not_mentioned,not_mentioned,not_mentioned,not_mentioned,not_mentioned,not_mentioned,not_mentioned,not_mentioned
Ray G NDE 4469,nderf,data\nderf\02245_ray-g-nde-4469.json,Indeterminate,0,False,False,False,not_mentioned,not_mentioned,not_mentioned,not_mentioned,not_mentioned,not_mentioned,not_mentioned,not_mentioned,not_mentioned,not_mentioned
Alison M NDE 4471,nderf,data\nderf\02246_alison-m-nde-4471.json,Indeterminate,0,False,False,False,not_mentioned,not_mentioned,not_mentioned,not_mentioned,not_mentioned,not_mentioned,not_mentioned,not_mentioned,not_mentioned,not_mentioned
John H Probable NDE 4472,nderf,data\nderf\02247_john-h-probable-nde-4472.json,Indeterminate,0,False,False,False,not_mentioned,not_mentioned,not_mentioned,not_mentioned,not_mentioned,not_mentioned,not_mentioned,not_mentioned,not_mentioned,not_mentioned
Tammy F NDE 4474,nderf,data\nderf\02248_tammy-f-nde-4474.json,Indeterminate,0,False,False,False,family_responsibility,not_mentioned,not_mentioned,not_mentioned,not_mentioned,not_mentioned,not_mentioned,not_mentioned,not_mentioned,not_mentioned
Paul F Probable NDE 4476,nderf,data\nderf\02249_paul-f-probable-nde-4476.json,Indeterminate,0,False,False,False,not_mentioned,not_mentioned,not_mentioned,not_mentioned,not_mentioned,not_mentioned,not_mentioned,not_mentioned,not_mentioned,not_mentioned
Adeline N NDE 4481,nderf,data\nderf\02251_adeline-n-nde-4481.json,Indeterminate,0,False,False,False,family_responsibility,not_mentioned,not_mentioned,not_mentioned,not_mentioned,not_mentioned,not_mentioned,not_mentioned,not_mentioned,not_mentioned
Leigh H Probable NDE 4486,nderf,data\nderf\02253_leigh-h-probable-nde-4486.json,Indeterminate,0,False,False,False,not_mentioned,not_mentioned,no,no,not_mentioned,not_mentioned,not_mentioned,not_mentioned,none,no
Laura S NDE 4490,nderf,data\nderf\02254_laura-s-nde-4490.json,Indeterminate,0,False,False,False,no_reason_given,no,no,no,not_mentioned,not_mentioned,not_mentioned,not_mentioned,not_mentioned,no
Cindy D NDE 4491,nderf,data\nderf\02255_cindy-d-nde-4491.json,Indeterminate,0,False,False,False,family_responsibility,no,not_mentioned,not_mentioned,not_mentioned,not_mentioned,not_mentioned,not_mentioned,not_mentioned,not_mentioned
Jean E NDE 4492,nderf,data\nderf\02256_jean-e-nde-4492.json,Indeterminate,0,False,False,False,no_reason_given,not_mentioned,not_mentioned,not_mentioned,not_mentioned,not_mentioned,not_mentioned,not_mentioned,not_mentioned,not_mentioned
Tami C Probable NDE 4493,nderf,data\nderf\02257_tami-c-probable-nde-4493.json,Indeterminate,0,False,False,False,not_your_time,not_mentioned,not_mentioned,not_mentioned,not_mentioned,not_mentioned,not_mentioned,not_mentioned,not_mentioned,not_mentioned
Diane C NDE 4626,nderf,data\nderf\02258_diane-c-nde-4626.json,Indeterminate,0,False,False,False,not_mentioned,not_mentioned,not_mentioned,not_mentioned,not_mentioned,not_mentioned,not_mentioned,not_mentioned,not_mentioned,not_mentioned
Josefina M Mother NDE 4658,nderf,data\nderf\02259_josefina-m-mother-nde-4658.json,Indeterminate,0,False,False,False,family_responsibility,not_mentioned,not_mentioned,not_mentioned,not_mentioned,not_mentioned,not_mentioned,not_mentioned,not_mentioned,not_mentioned
Norbeto G NDE 4664,nderf,data\nderf\02261_norbeto-g-nde-4664.json,Indeterminate,0,False,False,False,not_mentioned,not_mentioned,not_mentioned,not_mentioned,not_mentioned,not_mentioned,not_mentioned,not_mentioned,not_mentioned,not_mentioned
Mark H NDE 4494,nderf,data\nderf\02262_mark-h-nde-4494.json,Indeterminate,0,False,False,False,not_mentioned,no,no,no,not_mentioned,not_mentioned,not_mentioned,not_mentioned,not_mentioned,no
Anne O Probable NDE 4495,nderf,data\nderf\02263_anne-o-probable-nde-4495.json,Indeterminate,0,False,False,False,not_your_time,not_mentioned,not_mentioned,not_mentioned,not_mentioned,not_mentioned,not_mentioned,no,not_mentioned,not_mentioned
Heather M NDE 4501,nderf,data\nderf\02264_heather-m-nde-4501.json,Indeterminate,0,False,False,False,no_reason_given,not_mentioned,not_mentioned,not_mentioned,not_mentioned,not_mentioned,not_mentioned,not_mentioned,not_mentioned,not_mentioned
Nettie P NDE 4503,nderf,data\nderf\02265_nettie-p-nde-4503.json,Indeterminate,0,False,False,False,not_mentioned,not_mentioned,not_mentioned,not_mentioned,not_mentioned,not_mentioned,not_mentioned,not_mentioned,not_mentioned,not_mentioned
Frederick F NDE 4505,nderf,data\nderf\02266_frederick-f-nde-4505.json,Indeterminate,0,False,False,False,not_your_time,no,no,no,not_mentioned,not_mentioned,not_mentioned,not_mentioned,none,no
Mary S NDE 4506,nderf,data\nderf\02267_mary-s-nde-4506.json,Indeterminate,0,False,False,False,not_mentioned,not_mentioned,not_mentioned,not_mentioned,not_mentioned,not_mentioned,not_mentioned,not_mentioned,not_mentioned,not_mentioned
Helen D NDE 4507,nderf,data\nderf\02268_helen-d-nde-4507.json,Indeterminate,0,False,False,False,not_mentioned,not_mentioned,not_mentioned,not_mentioned,not_mentioned,not_mentioned,not_mentioned,not_mentioned,not_mentioned,not_mentioned
Roselyne L Possible NDE 4678,nderf,data\nderf\02270_roselyne-l-possible-nde-4678.json,Indeterminate,0,False,False,False,other,not_mentioned,not_mentioned,not_mentioned,not_mentioned,not_mentioned,not_mentioned,not_mentioned,not_mentioned,not_mentioned
Misericordia AC Probable NDE 4695,nderf,data\nderf\02271_misericordia-ac-probable-nde-4695.json,Indeterminate,0,False,False,False,not_your_time,not_mentioned,not_mentioned,not_mentioned,not_mentioned,not_mentioned,not_mentioned,not_mentioned,not_mentioned,not_mentioned
Alexandra S NDE 7282/4680 NDE 4680,nderf,data\nderf\02272_alexandra-s-nde-7282-4680-nde-4680.json,Indeterminate,0,False,False,False,not_mentioned,not_mentioned,not_mentioned,not_mentioned,not_mentioned,not_mentioned,not_mentioned,no,not_mentioned,not_mentioned
Maurice B NDE 4687,nderf,data\nderf\02273_maurice-b-nde-4687.json,Indeterminate,0,False,False,False,no_reason_given,not_mentioned,not_mentioned,not_mentioned,not_mentioned,not_mentioned,not_mentioned,not_mentioned,not_mentioned,not_mentioned
JM Probable NDE 4527,nderf,data\nderf\02274_jm-probable-nde-4527.json,Indeterminate,0,False,False,False,other,implied,no,no,not_mentioned,not_mentioned,not_mentioned,not_mentioned,not_mentioned,no
Lisa T Probable NDE 4515,nderf,data\nderf\02275_lisa-t-probable-nde-4515.json,Indeterminate,0,False,False,False,family_responsibility,not_mentioned,not_mentioned,not_mentioned,not_mentioned,not_mentioned,not_mentioned,not_mentioned,not_mentioned,not_mentioned
Debra B NDE 4516,nderf,data\nderf\02276_debra-b-nde-4516.json,Indeterminate,0,False,False,False,not_mentioned,not_mentioned,not_mentioned,not_mentioned,not_mentioned,not_mentioned,not_mentioned,not_mentioned,not_mentioned,not_mentioned
Michael A NDE 4521,nderf,data\nderf\02279_michael-a-nde-4521.json,Indeterminate,0,False,False,False,not_mentioned,not_mentioned,not_mentioned,not_mentioned,not_mentioned,not_mentioned,not_mentioned,not_mentioned,not_mentioned,not_mentioned
Robin W FDE 4525 NDE 4525,nderf,data\nderf\02281_robin-w-fde-4525-nde-4525.json,Indeterminate,0,False,False,False,not_mentioned,not_mentioned,not_mentioned,not_mentioned,not_mentioned,not_mentioned,not_mentioned,not_mentioned,not_mentioned,not_mentioned
Johnny H NDE 4526,nderf,data\nderf\02282_johnny-h-nde-4526.json,Indeterminate,0,False,False,False,other,not_mentioned,not_mentioned,not_mentioned,not_mentioned,not_mentioned,not_mentioned,not_mentioned,not_mentioned,not_mentioned
Dick M NDE 4534,nderf,data\nderf\02283_dick-m-nde-4534.json,Indeterminate,0,False,False,False,not_your_time,no,not_mentioned,not_mentioned,not_mentioned,not_mentioned,not_mentioned,not_mentioned,not_mentioned,not_mentioned
Rachel L Probable NDE 4535,nderf,data\nderf\02284_rachel-l-probable-nde-4535.json,Indeterminate,0,False,False,False,not_mentioned,not_mentioned,not_mentioned,not_mentioned,not_mentioned,not_mentioned,not_mentioned,not_mentioned,not_mentioned,not_mentioned
Connie P NDE 4536,nderf,data\nderf\02285_connie-p-nde-4536.json,Indeterminate,0,False,False,False,not_your_time,implied,not_mentioned,no,not_mentioned,not_mentioned,not_mentioned,not_mentioned,not_mentioned,no
Scott R Probable NDE 4538,nderf,data\nderf\02286_scott-r-probable-nde-4538.json,Indeterminate,0,False,False,False,not_your_time,implied,not_mentioned,not_mentioned,not_mentioned,not_mentioned,not_mentioned,not_mentioned,not_mentioned,not_mentioned
Maria C NDE 4541,nderf,data\nderf\02287_maria-c-nde-4541.json,Indeterminate,0,False,False,False,not_your_time,no,not_mentioned,not_mentioned,not_mentioned,not_mentioned,not_mentioned,not_mentioned,not_mentioned,not_mentioned
Anita C NDE 4543,nderf,data\nderf\02288_anita-c-nde-4543.json,Indeterminate,0,False,False,False,family_responsibility,no,no,no,not_mentioned,not_mentioned,not_mentioned,not_mentioned,not_mentioned,no
Paul H Probable NDEs 4549 NDE 4549,nderf,data\nderf\02289_paul-h-probable-ndes-4549-nde-4549.json,Indeterminate,0,False,False,False,not_mentioned,not_mentioned,not_mentioned,no,not_mentioned,not_mentioned,not_mentioned,not_mentioned,not_mentioned,no
Joni P NDE 4552,nderf,data\nderf\02291_joni-p-nde-4552.json,Indeterminate,0,False,False,False,no_reason_given,not_mentioned,not_mentioned,not_mentioned,not_mentioned,not_mentioned,not_mentioned,implied,not_mentioned,not_mentioned
Anne R NDE 4553,nderf,data\nderf\02292_anne-r-nde-4553.json,Indeterminate,0,False,False,False,no_reason_given,no,no,no,not_mentioned,not_mentioned,not_mentioned,not_mentioned,none,no
Dani C NDE 4556,nderf,data\nderf\02293_dani-c-nde-4556.json,Indeterminate,0,False,False,False,not_your_time,not_mentioned,not_mentioned,not_mentioned,not_mentioned,not_mentioned,not_mentioned,not_mentioned,not_mentioned,not_mentioned
David B FDE 4557 NDE 4557,nderf,data\nderf\02294_david-b-fde-4557-nde-4557.json,Indeterminate,0,False,False,False,no_reason_given,no,no,no,not_mentioned,not_mentioned,not_mentioned,not_mentioned,not_mentioned,no
Sandra K NDE 4560,nderf,data\nderf\02295_sandra-k-nde-4560.json,Indeterminate,0,False,False,False,other,no,no,not_mentioned,not_mentioned,not_mentioned,not_mentioned,not_mentioned,not_mentioned,not_mentioned
Arnaud S NDE 4690,nderf,data\nderf\02296_arnaud-s-nde-4690.json,Indeterminate,0,False,False,False,not_mentioned,not_mentioned,not_mentioned,no,not_mentioned,not_mentioned,not_mentioned,not_mentioned,not_mentioned,no
Margie A NDE 4561,nderf,data\nderf\02297_margie-a-nde-4561.json,Indeterminate,0,False,False,False,not_your_time,not_mentioned,not_mentioned,not_mentioned,not_mentioned,not_mentioned,not_mentioned,not_mentioned,not_mentioned,not_mentioned
Melissa C NDE 4562,nderf,data\nderf\02298_melissa-c-nde-4562.json,Indeterminate,0,False,False,False,family_responsibility,not_mentioned,no,no,not_mentioned,not_mentioned,not_mentioned,implied,not_mentioned,no
JC Possible NDE 4563,nderf,data\nderf\02299_jc-possible-nde-4563.json,Indeterminate,0,False,False,False,no_reason_given,not_mentioned,not_mentioned,not_mentioned,not_mentioned,not_mentioned,not_mentioned,not_mentioned,not_mentioned,not_mentioned
Lylia P NDE 4568,nderf,data\nderf\02300_lylia-p-nde-4568.json,Indeterminate,0,False,False,False,other,no,no,no,not_mentioned,not_mentioned,not_mentioned,not_mentioned,not_mentioned,no
Michael O Probable NDE 4575,nderf,data\nderf\02303_michael-o-probable-nde-4575.json,Indeterminate,0,False,False,False,family_responsibility,no,no,no,not_mentioned,not_mentioned,not_mentioned,explicit,not_mentioned,no
Trevor FB NDE 4579,nderf,data\nderf\02306_trevor-fb-nde-4579.json,Indeterminate,0,False,False,False,no_reason_given,not_mentioned,not_mentioned,not_mentioned,not_mentioned,not_mentioned,not_mentioned,not_mentioned,not_mentioned,not_mentioned
Diane L NDE 4580,nderf,data\nderf\02307_diane-l-nde-4580.json,Indeterminate,0,False,False,False,not_mentioned,not_mentioned,not_mentioned,not_mentioned,not_mentioned,not_mentioned,not_mentioned,not_mentioned,not_mentioned,not_mentioned
Terry M NDE 4581,nderf,data\nderf\02308_terry-m-nde-4581.json,Indeterminate,0,False,False,False,no_reason_given,yes_explicit,no,not_mentioned,not_mentioned,not_mentioned,not_mentioned,not_mentioned,not_mentioned,not_mentioned
Alberta L NDE 4582,nderf,data\nderf\02309_alberta-l-nde-4582.json,Indeterminate,0,False,False,False,family_responsibility,no,no,no,not_mentioned,not_mentioned,not_mentioned,implied,not_mentioned,no
Sara NDE 4700,nderf,data\nderf\02310_sara-nde-4700.json,Indeterminate,0,False,False,False,family_responsibility,not_mentioned,not_mentioned,not_mentioned,not_mentioned,not_mentioned,not_mentioned,implied,not_mentioned,not_mentioned
Kathy G Possible NDE 4743,nderf,data\nderf\02311_kathy-g-possible-nde-4743.json,Indeterminate,0,False,False,False,not_your_time,not_mentioned,not_mentioned,not_mentioned,not_mentioned,not_mentioned,not_mentioned,not_mentioned,not_mentioned,not_mentioned
Cynthia T NDE 4764,nderf,data\nderf\02313_cynthia-t-nde-4764.json,Indeterminate,0,False,False,False,not_mentioned,not_mentioned,not_mentioned,not_mentioned,not_mentioned,not_mentioned,not_mentioned,not_mentioned,not_mentioned,not_mentioned
Eric H Probable NDE 4588,nderf,data\nderf\02314_eric-h-probable-nde-4588.json,Indeterminate,0,False,False,False,not_mentioned,not_mentioned,not_mentioned,not_mentioned,not_mentioned,not_mentioned,not_mentioned,not_mentioned,not_mentioned,not_mentioned
Virginia D NDE 4591,nderf,data\nderf\02316_virginia-d-nde-4591.json,Indeterminate,0,False,False,False,not_mentioned,not_mentioned,not_mentioned,not_mentioned,not_mentioned,not_mentioned,not_mentioned,not_mentioned,not_mentioned,not_mentioned
Julian D NDE 4592,nderf,data\nderf\02317_julian-d-nde-4592.json,Indeterminate,0,False,False,False,other,not_mentioned,not_mentioned,not_mentioned,not_mentioned,not_mentioned,not_mentioned,not_mentioned,not_mentioned,not_mentioned
Dave G NDE 4593,nderf,data\nderf\02318_dave-g-nde-4593.json,Indeterminate,0,False,False,False,not_your_time,no,no,not_mentioned,not_mentioned,not_mentioned,not_mentioned,no,not_mentioned,not_mentioned
Steven H NDE 4594,nderf,data\nderf\02319_steven-h-nde-4594.json,Indeterminate,0,False,False,False,not_mentioned,not_mentioned,not_mentioned,not_mentioned,not_mentioned,not_mentioned,not_mentioned,not_mentioned,not_mentioned,not_mentioned
Ronald M NDE 4597,nderf,data\nderf\02320_ronald-m-nde-4597.json,Indeterminate,0,False,False,False,not_your_time,not_mentioned,not_mentioned,not_mentioned,not_mentioned,not_mentioned,not_mentioned,not_mentioned,not_mentioned,not_mentioned
Julia J NDE 4599,nderf,data\nderf\02322_julia-j-nde-4599.json,Indeterminate,0,False,False,False,not_mentioned,not_mentioned,not_mentioned,not_mentioned,not_mentioned,not_mentioned,not_mentioned,not_mentioned,not_mentioned,not_mentioned
Carol S Possible NDE 4601,nderf,data\nderf\02323_carol-s-possible-nde-4601.json,Indeterminate,0,False,False,False,not_mentioned,not_mentioned,not_mentioned,not_mentioned,not_mentioned,not_mentioned,not_mentioned,implied,not_mentioned,not_mentioned
Carlos A FDE 4602 NDE 4602,nderf,data\nderf\02324_carlos-a-fde-4602-nde-4602.json,Indeterminate,0,False,False,False,not_mentioned,no,no,no,not_mentioned,not_mentioned,not_mentioned,not_mentioned,none,no
Rita T Probable NDE 4586,nderf,data\nderf\02325_rita-t-probable-nde-4586.json,Indeterminate,0,False,False,False,not_your_time,yes_explicit,no,no,not_mentioned,not_mentioned,not_mentioned,no,none,no
Gail T Probable NDE 4604,nderf,data\nderf\02326_gail-t-probable-nde-4604.json,Indeterminate,0,False,False,False,family_responsibility,no,no,no,not_mentioned,not_mentioned,not_mentioned,not_mentioned,not_mentioned,no
Frank T Probable NDE 4605,nderf,data\nderf\02327_frank-t-probable-nde-4605.json,Indeterminate,0,False,False,False,not_mentioned,not_mentioned,not_mentioned,not_mentioned,not_mentioned,not_mentioned,not_mentioned,not_mentioned,not_mentioned,not_mentioned
Samantha K Probable NDE 4607,nderf,data\nderf\02328_samantha-k-probable-nde-4607.json,Indeterminate,0,False,False,False,family_responsibility,implied,not_mentioned,not_mentioned,not_mentioned,not_mentioned,not_mentioned,not_mentioned,not_mentioned,not_mentioned
MHT Probable NDE 4716,nderf,data\nderf\02330_mht-probable-nde-4716.json,Indeterminate,0,False,False,False,not_mentioned,not_mentioned,not_mentioned,not_mentioned,not_mentioned,not_mentioned,not_mentioned,not_mentioned,not_mentioned,not_mentioned
Shari G Possible NDE 4611,nderf,data\nderf\02331_shari-g-possible-nde-4611.json,Indeterminate,0,False,False,False,not_mentioned,not_mentioned,not_mentioned,not_mentioned,not_mentioned,not_mentioned,not_mentioned,not_mentioned,not_mentioned,not_mentioned
Guy B NDE 4612,nderf,data\nderf\02332_guy-b-nde-4612.json,Indeterminate,0,False,False,False,not_mentioned,not_mentioned,not_mentioned,not_mentioned,not_mentioned,not_mentioned,not_mentioned,not_mentioned,not_mentioned,not_mentioned
Patricia M NDE 4613,nderf,data\nderf\02333_patricia-m-nde-4613.json,Indeterminate,0,False,False,False,no_reason_given,not_mentioned,not_mentioned,not_mentioned,not_mentioned,not_mentioned,not_mentioned,not_mentioned,not_mentioned,not_mentioned
Nancy RB Probable NDE 4616,nderf,data\nderf\02335_nancy-rb-probable-nde-4616.json,Indeterminate,0,False,False,False,not_mentioned,not_mentioned,not_mentioned,not_mentioned,not_mentioned,not_mentioned,not_mentioned,not_mentioned,not_mentioned,not_mentioned
Harold T NDE 4617,nderf,data\nderf\02336_harold-t-nde-4617.json,Indeterminate,0,False,False,False,other,not_mentioned,not_mentioned,not_mentioned,not_mentioned,not_mentioned,not_mentioned,not_mentioned,not_mentioned,not_mentioned
Patty P NDE 4620,nderf,data\nderf\02337_patty-p-nde-4620.json,Indeterminate,0,False,False,False,not_mentioned,not_mentioned,not_mentioned,not_mentioned,not_mentioned,not_mentioned,not_mentioned,not_mentioned,not_mentioned,not_mentioned
Shawn M Probable NDE 4621,nderf,data\nderf\02338_shawn-m-probable-nde-4621.json,Indeterminate,0,False,False,False,not_mentioned,not_mentioned,not_mentioned,not_mentioned,not_mentioned,not_mentioned,not_mentioned,not_mentioned,not_mentioned,not_mentioned
Stuart F NDE 4622,nderf,data\nderf\02339_stuart-f-nde-4622.json,Indeterminate,0,False,False,False,not_mentioned,not_mentioned,not_mentioned,not_mentioned,not_mentioned,not_mentioned,not_mentioned,not_mentioned,not_mentioned,not_mentioned
Tammy G Probable NDE 4623,nderf,data\nderf\02340_tammy-g-probable-nde-4623.json,Indeterminate,0,False,False,False,not_mentioned,no,no,no,not_mentioned,not_mentioned,no,not_mentioned,none,no
Amie B NDE 4625,nderf,data\nderf\02341_amie-b-nde-4625.json,Indeterminate,0,False,False,False,no_reason_given,not_mentioned,not_mentioned,not_mentioned,not_mentioned,not_mentioned,not_mentioned,not_mentioned,not_mentioned,not_mentioned
NS C NDE 4628,nderf,data\nderf\02342_ns-c-nde-4628.json,Indeterminate,0,False,False,False,not_mentioned,not_mentioned,not_mentioned,not_mentioned,not_mentioned,not_mentioned,not_mentioned,implied,not_mentioned,not_mentioned
Teresa C NDE 4631,nderf,data\nderf\02343_teresa-c-nde-4631.json,Indeterminate,0,False,False,False,not_mentioned,no,no,no,not_mentioned,not_mentioned,not_mentioned,not_mentioned,not_mentioned,no
Betty J NDE 4632,nderf,data\nderf\02344_betty-j-nde-4632.json,Indeterminate,0,False,False,False,not_mentioned,not_mentioned,not_mentioned,not_mentioned,not_mentioned,not_mentioned,not_mentioned,not_mentioned,not_mentioned,not_mentioned
Eric NDE 4634,nderf,data\nderf\02345_eric-nde-4634.json,Indeterminate,0,False,False,False,not_your_time,not_mentioned,not_mentioned,not_mentioned,not_mentioned,not_mentioned,not_mentioned,not_mentioned,not_mentioned,not_mentioned
Wanda A NDE 4636,nderf,data\nderf\02346_wanda-a-nde-4636.json,Indeterminate,0,False,False,False,other,not_mentioned,no,no,not_mentioned,not_mentioned,not_mentioned,not_mentioned,none,no
Sally K NDE 22261,nderf,data\nderf\02348_sally-k-nde-22261.json,Indeterminate,0,False,False,False,not_mentioned,not_mentioned,not_mentioned,not_mentioned,not_mentioned,not_mentioned,not_mentioned,not_mentioned,not_mentioned,not_mentioned
Sandra V NDE 22271,nderf,data\nderf\02349_sandra-v-nde-22271.json,Indeterminate,0,False,False,False,not_mentioned,not_mentioned,not_mentioned,not_mentioned,not_mentioned,not_mentioned,not_mentioned,not_mentioned,not_mentioned,not_mentioned
Nelson B NDE 22275,nderf,data\nderf\02350_nelson-b-nde-22275.json,Indeterminate,0,False,False,False,not_mentioned,not_mentioned,not_mentioned,not_mentioned,not_mentioned,not_mentioned,not_mentioned,not_mentioned,not_mentioned,not_mentioned
Dan P NDE 4782/4633 NDE 4633,nderf,data\nderf\02352_dan-p-nde-4782-4633-nde-4633.json,Indeterminate,0,False,False,False,not_mentioned,not_mentioned,not_mentioned,not_mentioned,not_mentioned,not_mentioned,not_mentioned,not_mentioned,not_mentioned,not_mentioned
Star K Probable NDE 4635,nderf,data\nderf\02353_star-k-probable-nde-4635.json,Indeterminate,0,False,False,False,not_mentioned,no,no,no,not_mentioned,not_mentioned,not_mentioned,not_mentioned,not_mentioned,no
Jack NDE 4646,nderf,data\nderf\02355_jack-nde-4646.json,Indeterminate,0,False,False,False,not_mentioned,not_mentioned,not_mentioned,not_mentioned,not_mentioned,not_mentioned,not_mentioned,not_mentioned,not_mentioned,not_mentioned
Donavan S NDE 4653,nderf,data\nderf\02357_donavan-s-nde-4653.json,Indeterminate,0,False,False,False,not_mentioned,not_mentioned,not_mentioned,not_mentioned,not_mentioned,not_mentioned,not_mentioned,not_mentioned,not_mentioned,not_mentioned
Mike Y NDE 4655,nderf,data\nderf\02358_mike-y-nde-4655.json,Indeterminate,0,False,False,False,no_reason_given,no,no,no,not_mentioned,not_mentioned,not_mentioned,not_mentioned,not_mentioned,no
Lisa C NDE 4661,nderf,data\nderf\02360_lisa-c-nde-4661.json,Indeterminate,0,False,False,False,no_reason_given,not_mentioned,not_mentioned,not_mentioned,not_mentioned,not_mentioned,not_mentioned,not_mentioned,not_mentioned,not_mentioned
Cynthia DM NDE 4665,nderf,data\nderf\02362_cynthia-dm-nde-4665.json,Indeterminate,0,False,False,False,not_mentioned,no,no,no,not_mentioned,not_mentioned,not_mentioned,not_mentioned,none,no
Elaine S NDE 4666,nderf,data\nderf\02363_elaine-s-nde-4666.json,Indeterminate,0,False,False,False,not_your_time,no,no,no,not_mentioned,not_mentioned,not_mentioned,not_mentioned,not_mentioned,no
Justin U NDE 4671,nderf,data\nderf\02366_justin-u-nde-4671.json,Indeterminate,0,False,False,False,not_mentioned,no,no,no,not_mentioned,not_mentioned,not_mentioned,not_mentioned,not_mentioned,no
Farley H Probable NDE 4675,nderf,data\nderf\02367_farley-h-probable-nde-4675.json,Indeterminate,0,False,False,False,not_mentioned,not_mentioned,not_mentioned,not_mentioned,not_mentioned,not_mentioned,not_mentioned,not_mentioned,not_mentioned,not_mentioned
Mark K NDE 4676,nderf,data\nderf\02368_mark-k-nde-4676.json,Indeterminate,0,False,False,False,not_your_time,no,no,no,not_mentioned,not_mentioned,not_mentioned,not_mentioned,not_mentioned,no
Sandra H NDE 4679,nderf,data\nderf\02369_sandra-h-nde-4679.json,Indeterminate,0,False,False,False,not_mentioned,not_mentioned,not_mentioned,not_mentioned,not_mentioned,not_mentioned,not_mentioned,not_mentioned,not_mentioned,not_mentioned
Flora A NDE 4681,nderf,data\nderf\02370_flora-a-nde-4681.json,Indeterminate,0,False,False,False,no_reason_given,not_mentioned,no,not_mentioned,not_mentioned,not_mentioned,not_mentioned,not_mentioned,not_mentioned,not_mentioned
Sequoia H FDE 4651 NDE 4651,nderf,data\nderf\02371_sequoia-h-fde-4651-nde-4651.json,Indeterminate,0,False,False,False,not_mentioned,no,no,no,not_mentioned,not_mentioned,not_mentioned,not_mentioned,none,no
Robert H NDE 4659,nderf,data\nderf\02372_robert-h-nde-4659.json,Indeterminate,0,False,False,False,not_mentioned,not_mentioned,not_mentioned,not_mentioned,not_mentioned,not_mentioned,not_mentioned,not_mentioned,not_mentioned,not_mentioned
Sam A NDE 4683,nderf,data\nderf\02373_sam-a-nde-4683.json,Indeterminate,0,False,False,False,other,no,no,not_mentioned,not_mentioned,not_mentioned,not_mentioned,not_mentioned,not_mentioned,not_mentioned
Monique F NDE 4694,nderf,data\nderf\02376_monique-f-nde-4694.json,Indeterminate,0,False,False,False,not_mentioned,no,not_mentioned,not_mentioned,not_mentioned,not_mentioned,not_mentioned,not_mentioned,not_mentioned,not_mentioned
Mary J NDE 4697,nderf,data\nderf\02378_mary-j-nde-4697.json,Indeterminate,0,False,False,False,not_your_time,implied,no,not_mentioned,not_mentioned,not_mentioned,not_mentioned,not_mentioned,not_mentioned,not_mentioned
Sheba M NDE 4707,nderf,data\nderf\02382_sheba-m-nde-4707.json,Indeterminate,0,False,False,False,family_responsibility,no,no,no,not_mentioned,not_mentioned,not_mentioned,not_mentioned,not_mentioned,no
Eugene W NDE 4711,nderf,data\nderf\02383_eugene-w-nde-4711.json,Indeterminate,0,False,False,False,family_responsibility,no,no,no,not_mentioned,not_mentioned,not_mentioned,no,not_mentioned,no
Sara NDE 4723,nderf,data\nderf\02388_sara-nde-4723.json,Indeterminate,0,False,False,False,no_reason_given,not_mentioned,not_mentioned,not_mentioned,not_mentioned,not_mentioned,not_mentioned,not_mentioned,not_mentioned,not_mentioned
Richard W NDE 4724,nderf,data\nderf\02389_richard-w-nde-4724.json,Indeterminate,0,False,False,False,other,no,no,no,not_mentioned,not_mentioned,not_mentioned,not_mentioned,none,no
Thea Relative NDE 4726,nderf,data\nderf\02391_thea-relative-nde-4726.json,Indeterminate,0,False,False,False,not_your_time,not_mentioned,not_mentioned,not_mentioned,not_mentioned,not_mentioned,not_mentioned,not_mentioned,not_mentioned,not_mentioned
Scott S NDE 4727,nderf,data\nderf\02392_scott-s-nde-4727.json,Indeterminate,0,False,False,False,no_reason_given,no,not_mentioned,not_mentioned,not_mentioned,not_mentioned,not_mentioned,not_mentioned,not_mentioned,not_mentioned
Mickiel B NDE 4729,nderf,data\nderf\02393_mickiel-b-nde-4729.json,Indeterminate,0,False,False,False,no_reason_given,no,no,no,not_mentioned,not_mentioned,not_mentioned,not_mentioned,not_mentioned,no
Scott C NDE 4730,nderf,data\nderf\02394_scott-c-nde-4730.json,Indeterminate,0,False,False,False,family_responsibility,not_mentioned,not_mentioned,not_mentioned,not_mentioned,not_mentioned,not_mentioned,not_mentioned,not_mentioned,not_mentioned
Sid M Probable NDE 4736,nderf,data\nderf\02398_sid-m-probable-nde-4736.json,Indeterminate,0,False,False,False,not_your_time,no,not_mentioned,not_mentioned,not_mentioned,not_mentioned,not_mentioned,implied,not_mentioned,not_mentioned
Marianne D Mother NDE 4740,nderf,data\nderf\02400_marianne-d-mother-nde-4740.json,Indeterminate,0,False,False,False,no_reason_given,not_mentioned,not_mentioned,not_mentioned,not_mentioned,not_mentioned,not_mentioned,not_mentioned,not_mentioned,not_mentioned
Karen P NDE 4742,nderf,data\nderf\02402_karen-p-nde-4742.json,Indeterminate,0,False,False,False,not_mentioned,not_mentioned,not_mentioned,not_mentioned,not_mentioned,not_mentioned,not_mentioned,not_mentioned,not_mentioned,not_mentioned
Rachel P NDE 4744,nderf,data\nderf\02403_rachel-p-nde-4744.json,Indeterminate,0,False,False,False,not_mentioned,not_mentioned,not_mentioned,not_mentioned,not_mentioned,not_mentioned,not_mentioned,not_mentioned,not_mentioned,not_mentioned
MS NDE 4745,nderf,data\nderf\02404_ms-nde-4745.json,Indeterminate,0,False,False,False,family_responsibility,not_mentioned,not_mentioned,not_mentioned,not_mentioned,not_mentioned,not_mentioned,no,not_mentioned,not_mentioned
Kathy K NDE 4746,nderf,data\nderf\02405_kathy-k-nde-4746.json,Indeterminate,0,False,False,False,family_responsibility,no,no,no,not_mentioned,not_mentioned,not_mentioned,not_mentioned,none,no
Janine P NDE 4747,nderf,data\nderf\02406_janine-p-nde-4747.json,Indeterminate,0,False,False,False,not_your_time,implied,not_mentioned,not_mentioned,not_mentioned,not_mentioned,not_mentioned,not_mentioned,not_mentioned,not_mentioned
Hollie M Probable NDE 4748,nderf,data\nderf\02407_hollie-m-probable-nde-4748.json,Indeterminate,0,False,False,False,family_responsibility,implied,not_mentioned,not_mentioned,not_mentioned,not_mentioned,not_mentioned,not_mentioned,not_mentioned,not_mentioned
Carmen M NDE 4757,nderf,data\nderf\02412_carmen-m-nde-4757.json,Indeterminate,0,False,False,False,not_mentioned,not_mentioned,not_mentioned,not_mentioned,not_mentioned,not_mentioned,not_mentioned,not_mentioned,not_mentioned,not_mentioned
Jon L NDE 4759,nderf,data\nderf\02413_jon-l-nde-4759.json,Indeterminate,0,False,False,False,other,no,no,no,not_mentioned,not_mentioned,not_mentioned,not_mentioned,not_mentioned,no
Todd I NDE 4761/5293 NDE 5293,nderf,data\nderf\02414_todd-i-nde-4761-5293-nde-5293.json,Indeterminate,0,False,False,False,not_your_time,no,no,no,not_mentioned,not_mentioned,not_mentioned,not_mentioned,not_mentioned,no
Molly M NDE 3495/4762 NDE 4762,nderf,data\nderf\02415_molly-m-nde-3495-4762-nde-4762.json,Indeterminate,0,False,False,False,other,yes_explicit,not_mentioned,not_mentioned,not_mentioned,not_mentioned,not_mentioned,not_mentioned,not_mentioned,not_mentioned
Ben M NDE 4769,nderf,data\nderf\02417_ben-m-nde-4769.json,Indeterminate,0,False,False,False,no_reason_given,not_mentioned,not_mentioned,not_mentioned,not_mentioned,not_mentioned,not_mentioned,not_mentioned,not_mentioned,not_mentioned
Jane C NDE 4771,nderf,data\nderf\02418_jane-c-nde-4771.json,Indeterminate,0,False,False,False,family_responsibility,not_mentioned,not_mentioned,not_mentioned,not_mentioned,not_mentioned,not_mentioned,not_mentioned,not_mentioned,not_mentioned
Sandra V NDE 4775,nderf,data\nderf\02420_sandra-v-nde-4775.json,Indeterminate,0,False,False,False,not_mentioned,not_mentioned,not_mentioned,not_mentioned,not_mentioned,not_mentioned,not_mentioned,not_mentioned,not_mentioned,not_mentioned
Jackie D NDE 4778,nderf,data\nderf\02421_jackie-d-nde-4778.json,Indeterminate,0,False,False,False,no_reason_given,no,no,no,not_mentioned,not_mentioned,not_mentioned,not_mentioned,not_mentioned,no
Nathan B NDE 4783,nderf,data\nderf\02423_nathan-b-nde-4783.json,Indeterminate,0,False,False,False,not_mentioned,not_mentioned,not_mentioned,no,not_mentioned,not_mentioned,not_mentioned,no,not_mentioned,no
Randall C NDE 4788,nderf,data\nderf\02426_randall-c-nde-4788.json,Indeterminate,0,False,False,False,other,not_mentioned,not_mentioned,not_mentioned,not_mentioned,not_mentioned,not_mentioned,not_mentioned,not_mentioned,not_mentioned
Angel NDE 4794,nderf,data\nderf\02429_angel-nde-4794.json,Indeterminate,0,False,False,False,other,no,no,not_mentioned,not_mentioned,not_mentioned,not_mentioned,not_mentioned,not_mentioned,not_mentioned
Rob S NDE 4797,nderf,data\nderf\02430_rob-s-nde-4797.json,Indeterminate,0,False,False,False,no_reason_given,no,no,no,not_mentioned,not_mentioned,not_mentioned,not_mentioned,not_mentioned,no
Randy M NDE 4799,nderf,data\nderf\02432_randy-m-nde-4799.json,Indeterminate,0,False,False,False,not_mentioned,not_mentioned,not_mentioned,not_mentioned,not_mentioned,not_mentioned,not_mentioned,not_mentioned,not_mentioned,not_mentioned
Hazel L NDE 4802,nderf,data\nderf\02434_hazel-l-nde-4802.json,Indeterminate,0,False,False,False,not_your_time,not_mentioned,not_mentioned,not_mentioned,not_mentioned,not_mentioned,not_mentioned,implied,not_mentioned,not_mentioned
Renee W NDE 22306,nderf,data\nderf\02436_renee-w-nde-22306.json,Indeterminate,0,False,False,False,not_mentioned,not_mentioned,not_mentioned,not_mentioned,not_mentioned,not_mentioned,not_mentioned,explicit,not_mentioned,not_mentioned
Shelley R NDE 31810,nderf,data\nderf\02437_shelley-r-nde-31810.json,Indeterminate,0,False,False,False,not_mentioned,not_mentioned,not_mentioned,not_mentioned,not_mentioned,not_mentioned,not_mentioned,not_mentioned,not_mentioned,not_mentioned
Helen W NDE 4805,nderf,data\nderf\02439_helen-w-nde-4805.json,Indeterminate,0,False,False,False,not_your_time,no,no,no,not_mentioned,not_mentioned,not_mentioned,not_mentioned,not_mentioned,no
John J Probable NDE 4807,nderf,data\nderf\02440_john-j-probable-nde-4807.json,Indeterminate,0,False,False,False,not_mentioned,not_mentioned,not_mentioned,not_mentioned,not_mentioned,not_mentioned,not_mentioned,not_mentioned,not_mentioned,not_mentioned
James C Probable NDE 4809,nderf,data\nderf\02441_james-c-probable-nde-4809.json,Indeterminate,0,False,False,False,not_mentioned,not_mentioned,not_mentioned,not_mentioned,not_mentioned,not_mentioned,not_mentioned,not_mentioned,not_mentioned,not_mentioned
Paul V NDE 4820,nderf,data\nderf\02446_paul-v-nde-4820.json,Indeterminate,0,False,False,False,no_reason_given,not_mentioned,no,no,not_mentioned,not_mentioned,not_mentioned,not_mentioned,not_mentioned,no
Sylvia S NDE 4824,nderf,data\nderf\02447_sylvia-s-nde-4824.json,Indeterminate,0,False,False,False,family_responsibility,no,no,no,not_mentioned,not_mentioned,not_mentioned,not_mentioned,not_mentioned,no
Walter W FDE 4834 NDE 4834,nderf,data\nderf\02450_walter-w-fde-4834-nde-4834.json,Indeterminate,0,False,False,False,not_mentioned,not_mentioned,not_mentioned,not_mentioned,not_mentioned,not_mentioned,not_mentioned,not_mentioned,not_mentioned,not_mentioned
Lily E NDE 4837,nderf,data\nderf\02453_lily-e-nde-4837.json,Indeterminate,0,False,False,False,not_mentioned,not_mentioned,not_mentioned,not_mentioned,not_mentioned,not_mentioned,not_mentioned,implied,not_mentioned,not_mentioned
Cheryl B NDE 4839,nderf,data\nderf\02454_cheryl-b-nde-4839.json,Indeterminate,0,False,False,False,not_mentioned,not_mentioned,not_mentioned,not_mentioned,not_mentioned,not_mentioned,not_mentioned,not_mentioned,not_mentioned,not_mentioned
Raven W NDE 4845,nderf,data\nderf\02457_raven-w-nde-4845.json,Indeterminate,0,False,False,False,no_reason_given,no,no,no,not_mentioned,not_mentioned,not_mentioned,not_mentioned,not_mentioned,no
Kathleen W Probable NDE 4846,nderf,data\nderf\02458_kathleen-w-probable-nde-4846.json,Indeterminate,0,False,False,False,not_your_time,no,not_mentioned,not_mentioned,not_mentioned,not_mentioned,not_mentioned,not_mentioned,not_mentioned,not_mentioned
Marnie A NDE 4849,nderf,data\nderf\02459_marnie-a-nde-4849.json,Indeterminate,0,False,False,False,no_reason_given,no,no,no,not_mentioned,not_mentioned,not_mentioned,implied,none,no
Shannon Probable NDE 4852,nderf,data\nderf\02460_shannon-probable-nde-4852.json,Indeterminate,0,False,False,False,not_mentioned,not_mentioned,not_mentioned,not_mentioned,not_mentioned,not_mentioned,not_mentioned,not_mentioned,not_mentioned,not_mentioned
Kelly T NDE 4854,nderf,data\nderf\02461_kelly-t-nde-4854.json,Indeterminate,0,False,False,False,not_mentioned,no,no,no,not_mentioned,not_mentioned,not_mentioned,no,none,no
Anna-Cristina S Probable NDE 4738,nderf,data\nderf\02462_anna-cristina-s-probable-nde-4738.json,Indeterminate,0,False,False,False,not_mentioned,not_mentioned,not_mentioned,not_mentioned,not_mentioned,not_mentioned,not_mentioned,not_mentioned,not_mentioned,not_mentioned
Giancarlo N NDE 4721,nderf,data\nderf\02463_giancarlo-n-nde-4721.json,Indeterminate,0,False,False,False,no_reason_given,not_mentioned,not_mentioned,not_mentioned,not_mentioned,not_mentioned,not_mentioned,not_mentioned,not_mentioned,not_mentioned
Deedee Probable NDE 22314,nderf,data\nderf\02464_deedee-probable-nde-22314.json,Indeterminate,0,False,False,False,no_reason_given,not_mentioned,not_mentioned,not_mentioned,not_mentioned,not_mentioned,not_mentioned,not_mentioned,not_mentioned,not_mentioned
Verschelde NDE 4790,nderf,data\nderf\02465_verschelde-nde-4790.json,Indeterminate,0,False,False,False,no_reason_given,not_mentioned,not_mentioned,no,not_mentioned,not_mentioned,not_mentioned,not_mentioned,not_mentioned,no
Silvia F NDE 4823,nderf,data\nderf\02466_silvia-f-nde-4823.json,Indeterminate,0,False,False,False,not_your_time,not_mentioned,not_mentioned,not_mentioned,not_mentioned,not_mentioned,not_mentioned,not_mentioned,not_mentioned,not_mentioned
Sabine E Possible NDE 4791,nderf,data\nderf\02467_sabine-e-possible-nde-4791.json,Indeterminate,0,False,False,False,family_responsibility,not_mentioned,not_mentioned,not_mentioned,not_mentioned,not_mentioned,not_mentioned,not_mentioned,not_mentioned,not_mentioned
Anne M NDE 4861,nderf,data\nderf\02469_anne-m-nde-4861.json,Indeterminate,0,False,False,False,not_mentioned,not_mentioned,not_mentioned,not_mentioned,not_mentioned,not_mentioned,not_mentioned,not_mentioned,not_mentioned,not_mentioned
Michael W NDE 4864,nderf,data\nderf\02470_michael-w-nde-4864.json,Indeterminate,0,False,False,False,not_your_time,not_mentioned,not_mentioned,not_mentioned,not_mentioned,not_mentioned,not_mentioned,not_mentioned,not_mentioned,not_mentioned
Dianne H Probable NDE 4865,nderf,data\nderf\02471_dianne-h-probable-nde-4865.json,Indeterminate,0,False,False,False,not_your_time,not_mentioned,not_mentioned,not_mentioned,not_mentioned,not_mentioned,not_mentioned,not_mentioned,not_mentioned,not_mentioned
Rose D NDE 4867,nderf,data\nderf\02472_rose-d-nde-4867.json,Indeterminate,0,False,False,False,not_mentioned,no,no,no,not_mentioned,not_mentioned,not_mentioned,implied,not_mentioned,no
Shane P NDE 22339,nderf,data\nderf\02473_shane-p-nde-22339.json,Indeterminate,0,False,False,False,no_reason_given,not_mentioned,not_mentioned,not_mentioned,not_mentioned,not_mentioned,not_mentioned,not_mentioned,not_mentioned,not_mentioned
Harry L Probable NDE 4399,nderf,data\nderf\02474_harry-l-probable-nde-4399.json,Indeterminate,0,False,False,False,family_responsibility,no,no,not_mentioned,not_mentioned,not_mentioned,not_mentioned,no,not_mentioned,not_mentioned
Michel B NDE 4544/944,nderf,data\nderf\02475_michel-b-nde-4544.json,Indeterminate,0,False,False,False,not_mentioned,not_mentioned,not_mentioned,not_mentioned,not_mentioned,not_mentioned,not_mentioned,not_mentioned,not_mentioned,not_mentioned
Robert H NDE 22351,nderf,data\nderf\02476_robert-h-nde-22351.json,Indeterminate,0,False,False,False,not_mentioned,not_mentioned,not_mentioned,not_mentioned,not_mentioned,not_mentioned,not_mentioned,not_mentioned,not_mentioned,not_mentioned
Bobby T NDE 22352,nderf,data\nderf\02477_bobby-t-nde-22352.json,Indeterminate,0,False,False,False,not_mentioned,not_mentioned,not_mentioned,not_mentioned,not_mentioned,not_mentioned,not_mentioned,not_mentioned,not_mentioned,not_mentioned
William H Probable NDE 22356,nderf,data\nderf\02478_william-h-probable-nde-22356.json,Indeterminate,0,False,False,False,other,no,not_mentioned,not_mentioned,not_mentioned,not_mentioned,not_mentioned,not_mentioned,not_mentioned,not_mentioned
Trevor J NDE 22363,nderf,data\nderf\02479_trevor-j-nde-22363.json,Indeterminate,0,False,False,False,not_mentioned,not_mentioned,not_mentioned,not_mentioned,not_mentioned,not_mentioned,not_mentioned,not_mentioned,not_mentioned,not_mentioned
Cheryl O NDE 22372,nderf,data\nderf\02480_cheryl-o-nde-22372.json,Indeterminate,0,False,False,False,not_mentioned,not_mentioned,not_mentioned,not_mentioned,not_mentioned,not_mentioned,not_mentioned,not_mentioned,not_mentioned,not_mentioned
Badtzmaru NDE 16045,nderf,data\nderf\02481_badtzmaru-nde-16045.json,Indeterminate,0,False,False,False,not_your_time,no,no,no,not_mentioned,not_mentioned,not_mentioned,not_mentioned,not_mentioned,no
Pietro Probable NDE 4872,nderf,data\nderf\02482_pietro-probable-nde-4872.json,Indeterminate,0,False,False,False,not_mentioned,not_mentioned,not_mentioned,not_mentioned,not_mentioned,not_mentioned,not_mentioned,not_mentioned,not_mentioned,not_mentioned
Zoe NDE 16046,nderf,data\nderf\02483_zoe-nde-16046.json,Indeterminate,0,False,False,False,no_reason_given,not_mentioned,not_mentioned,not_mentioned,not_mentioned,not_mentioned,not_mentioned,not_mentioned,not_mentioned,not_mentioned
David S NDE 4876,nderf,data\nderf\02484_david-s-nde-4876.json,Indeterminate,0,False,False,False,no_reason_given,no,no,not_mentioned,not_mentioned,not_mentioned,not_mentioned,not_mentioned,not_mentioned,not_mentioned
Bess J NDE 4878,nderf,data\nderf\02486_bess-j-nde-4878.json,Indeterminate,0,False,False,False,not_your_time,not_mentioned,not_mentioned,not_mentioned,not_mentioned,not_mentioned,not_mentioned,not_mentioned,not_mentioned,not_mentioned
Holland C FDE and NDE 4879,nderf,data\nderf\02487_holland-c-fde-and-nde-4879.json,Indeterminate,0,False,False,False,no_reason_given,not_mentioned,not_mentioned,no,not_mentioned,not_mentioned,not_mentioned,not_mentioned,not_mentioned,no
Ellen C Probable NDE 4880,nderf,data\nderf\02488_ellen-c-probable-nde-4880.json,Indeterminate,0,False,False,False,not_mentioned,not_mentioned,not_mentioned,not_mentioned,not_mentioned,not_mentioned,not_mentioned,not_mentioned,not_mentioned,not_mentioned
Cori R NDE 4881,nderf,data\nderf\02489_cori-r-nde-4881.json,Indeterminate,0,False,False,False,other,not_mentioned,not_mentioned,not_mentioned,not_mentioned,not_mentioned,not_mentioned,not_mentioned,not_mentioned,not_mentioned
Karen H NDE 4882,nderf,data\nderf\02490_karen-h-nde-4882.json,Indeterminate,0,False,False,False,no_reason_given,not_mentioned,not_mentioned,not_mentioned,not_mentioned,not_mentioned,not_mentioned,not_mentioned,not_mentioned,not_mentioned
Diane D NDE 4886,nderf,data\nderf\02492_diane-d-nde-4886.json,Indeterminate,0,False,False,False,not_your_time,not_mentioned,not_mentioned,not_mentioned,not_mentioned,not_mentioned,not_mentioned,not_mentioned,not_mentioned,not_mentioned
Ricky W Probable NDE 4892,nderf,data\nderf\02494_ricky-w-probable-nde-4892.json,Indeterminate,0,False,False,False,not_mentioned,no,no,no,not_mentioned,not_mentioned,not_mentioned,not_mentioned,none,no
Robert L NDE 4893,nderf,data\nderf\02495_robert-l-nde-4893.json,Indeterminate,0,False,False,False,not_your_time,no,no,no,not_mentioned,not_mentioned,not_mentioned,implied,not_mentioned,no
Sean M Probable NDE 4895,nderf,data\nderf\02496_sean-m-probable-nde-4895.json,Indeterminate,0,False,False,False,not_mentioned,not_mentioned,not_mentioned,not_mentioned,not_mentioned,not_mentioned,not_mentioned,not_mentioned,not_mentioned,not_mentioned
Ken M Possible NDE 4896,nderf,data\nderf\02497_ken-m-possible-nde-4896.json,Indeterminate,0,False,False,False,not_mentioned,no,not_mentioned,no,not_mentioned,not_mentioned,not_mentioned,not_mentioned,not_mentioned,no
Robert C NDE 4899,nderf,data\nderf\02498_robert-c-nde-4899.json,Indeterminate,0,False,False,False,family_responsibility,implied,not_mentioned,not_mentioned,not_mentioned,not_mentioned,not_mentioned,explicit,not_mentioned,not_mentioned
Pete V NDE 4900,nderf,data\nderf\02499_pete-v-nde-4900.json,Indeterminate,0,False,False,False,no_reason_given,not_mentioned,not_mentioned,no,not_mentioned,not_mentioned,not_mentioned,not_mentioned,not_mentioned,no
David A NDE 22386,nderf,data\nderf\02501_david-a-nde-22386.json,Indeterminate,0,False,False,False,not_mentioned,not_mentioned,not_mentioned,not_mentioned,not_mentioned,not_mentioned,not_mentioned,not_mentioned,not_mentioned,not_mentioned
Eddie H NDE 31843,nderf,data\nderf\02502_eddie-h-nde-31843.json,Indeterminate,0,False,False,False,family_responsibility,not_mentioned,not_mentioned,not_mentioned,not_mentioned,not_mentioned,not_mentioned,not_mentioned,not_mentioned,not_mentioned
Mark P NDE 4903,nderf,data\nderf\02503_mark-p-nde-4903.json,Indeterminate,0,False,False,False,not_mentioned,not_mentioned,not_mentioned,not_mentioned,not_mentioned,not_mentioned,not_mentioned,not_mentioned,not_mentioned,not_mentioned
Harold T NDE 4904,nderf,data\nderf\02504_harold-t-nde-4904.json,Indeterminate,0,False,False,False,no_reason_given,not_mentioned,not_mentioned,not_mentioned,not_mentioned,not_mentioned,not_mentioned,not_mentioned,not_mentioned,not_mentioned
Nani NDE 4907,nderf,data\nderf\02507_nani-nde-4907.json,Indeterminate,0,False,False,False,no_reason_given,not_mentioned,not_mentioned,not_mentioned,not_mentioned,not_mentioned,not_mentioned,not_mentioned,not_mentioned,not_mentioned
Stephanie P NDE 4912,nderf,data\nderf\02509_stephanie-p-nde-4912.json,Indeterminate,0,False,False,False,not_mentioned,not_mentioned,not_mentioned,not_mentioned,not_mentioned,not_mentioned,not_mentioned,not_mentioned,not_mentioned,not_mentioned
Alicia B NDE 4765,nderf,data\nderf\02510_alicia-b-nde-4765.json,Indeterminate,0,False,False,False,no_reason_given,not_mentioned,not_mentioned,not_mentioned,not_mentioned,not_mentioned,not_mentioned,not_mentioned,not_mentioned,not_mentioned
Christian A Probable NDE 4838,nderf,data\nderf\02511_christian-a-probable-nde-4838.json,Indeterminate,0,False,False,False,not_mentioned,not_mentioned,not_mentioned,not_mentioned,not_mentioned,not_mentioned,not_mentioned,implied,not_mentioned,not_mentioned
Sergio J Probable NDE 4806,nderf,data\nderf\02513_sergio-j-probable-nde-4806.json,Indeterminate,0,False,False,False,family_responsibility,not_mentioned,not_mentioned,no,not_mentioned,not_mentioned,not_mentioned,not_mentioned,not_mentioned,no
Oscar D NDE 22393,nderf,data\nderf\02514_oscar-d-nde-22393.json,Indeterminate,0,False,False,False,family_responsibility,no,no,not_mentioned,not_mentioned,not_mentioned,not_mentioned,not_mentioned,not_mentioned,not_mentioned
Leslie vB NDE 4914,nderf,data\nderf\02515_leslie-vb-nde-4914.json,Indeterminate,0,False,False,False,no_reason_given,no,no,no,not_mentioned,not_mentioned,not_mentioned,not_mentioned,not_mentioned,no
Carol M NDE 4773,nderf,data\nderf\02519_carol-m-nde-4773.json,Indeterminate,0,False,False,False,not_mentioned,not_mentioned,not_mentioned,not_mentioned,not_mentioned,not_mentioned,not_mentioned,not_mentioned,not_mentioned,not_mentioned
Wayne S NDE 4920,nderf,data\nderf\02522_wayne-s-nde-4920.json,Indeterminate,0,False,False,False,not_mentioned,not_mentioned,not_mentioned,not_mentioned,not_mentioned,not_mentioned,not_mentioned,not_mentioned,not_mentioned,not_mentioned
Marilyn W NDE 4923,nderf,data\nderf\02524_marilyn-w-nde-4923.json,Indeterminate,0,False,False,False,no_reason_given,not_mentioned,not_mentioned,not_mentioned,not_mentioned,not_mentioned,not_mentioned,not_mentioned,not_mentioned,not_mentioned
Bob W Probable NDE 4924,nderf,data\nderf\02525_bob-w-probable-nde-4924.json,Indeterminate,0,False,False,False,no_reason_given,not_mentioned,not_mentioned,no,not_mentioned,not_mentioned,not_mentioned,not_mentioned,not_mentioned,no
Tim NDE 4927,nderf,data\nderf\02526_tim-nde-4927.json,Indeterminate,0,False,False,False,not_your_time,not_mentioned,not_mentioned,not_mentioned,not_mentioned,not_mentioned,not_mentioned,implied,not_mentioned,not_mentioned
Maria R NDE 4884,nderf,data\nderf\02529_maria-r-nde-4884.json,Indeterminate,0,False,False,False,family_responsibility,not_mentioned,not_mentioned,not_mentioned,not_mentioned,not_mentioned,not_mentioned,not_mentioned,not_mentioned,not_mentioned
Danielle V NDE 4917,nderf,data\nderf\02530_danielle-v-nde-4917.json,Indeterminate,0,False,False,False,not_your_time,no,no,no,not_mentioned,not_mentioned,not_mentioned,not_mentioned,not_mentioned,no
Tommye R NDE 22404/7274 NDE 7274,nderf,data\nderf\02531_tommye-r-nde-22404-7274-nde-7274.json,Indeterminate,0,False,False,False,not_mentioned,not_mentioned,not_mentioned,not_mentioned,not_mentioned,not_mentioned,not_mentioned,not_mentioned,not_mentioned,not_mentioned
Catherine P NDE 4935,nderf,data\nderf\02534_catherine-p-nde-4935.json,Indeterminate,0,False,False,False,not_mentioned,no,no,no,not_mentioned,not_mentioned,not_mentioned,no,not_mentioned,no
Michael C Probable NDE 4939,nderf,data\nderf\02536_michael-c-probable-nde-4939.json,Indeterminate,0,False,False,False,no_reason_given,not_mentioned,not_mentioned,not_mentioned,not_mentioned,not_mentioned,not_mentioned,not_mentioned,not_mentioned,not_mentioned
Jeri S NDE 4944,nderf,data\nderf\02538_jeri-s-nde-4944.json,Indeterminate,0,False,False,False,not_mentioned,not_mentioned,not_mentioned,not_mentioned,not_mentioned,not_mentioned,not_mentioned,not_mentioned,not_mentioned,not_mentioned
Johan C NDE 4945,nderf,data\nderf\02539_johan-c-nde-4945.json,Indeterminate,0,False,False,False,other,not_mentioned,not_mentioned,not_mentioned,not_mentioned,not_mentioned,not_mentioned,not_mentioned,not_mentioned,not_mentioned
Nelson L Probable NDE 4949,nderf,data\nderf\02542_nelson-l-probable-nde-4949.json,Indeterminate,0,False,False,False,not_mentioned,no,no,no,not_mentioned,not_mentioned,not_mentioned,no,not_mentioned,no
Ana Maria NDE 4937,nderf,data\nderf\02544_ana-maria-nde-4937.json,Indeterminate,0,False,False,False,not_mentioned,not_mentioned,not_mentioned,not_mentioned,not_mentioned,not_mentioned,not_mentioned,not_mentioned,not_mentioned,not_mentioned
Michelle JK Probable NDE 22411,nderf,data\nderf\02545_michelle-jk-probable-nde-22411.json,Indeterminate,0,False,False,False,not_mentioned,not_mentioned,not_mentioned,not_mentioned,not_mentioned,not_mentioned,not_mentioned,not_mentioned,not_mentioned,not_mentioned
Jenny A NDE 22409,nderf,data\nderf\02546_jenny-a-nde-22409.json,Indeterminate,0,False,False,False,not_your_time,implied,no,no,not_mentioned,not_mentioned,not_mentioned,not_mentioned,not_mentioned,no
Brian J NDE 4952,nderf,data\nderf\02547_brian-j-nde-4952.json,Indeterminate,0,False,False,False,not_mentioned,not_mentioned,not_mentioned,not_mentioned,not_mentioned,not_mentioned,not_mentioned,implied,not_mentioned,not_mentioned
Vincent K NDE 4936,nderf,data\nderf\02548_vincent-k-nde-4936.json,Indeterminate,0,False,False,False,no_reason_given,not_mentioned,not_mentioned,not_mentioned,not_mentioned,not_mentioned,not_mentioned,not_mentioned,not_mentioned,not_mentioned
Randall S NDE 4955,nderf,data\nderf\02549_randall-s-nde-4955.json,Indeterminate,0,False,False,False,not_mentioned,implied,no,no,not_mentioned,not_mentioned,not_mentioned,not_mentioned,not_mentioned,no
Holly S NDE 4958,nderf,data\nderf\02551_holly-s-nde-4958.json,Indeterminate,0,False,False,False,no_reason_given,not_mentioned,not_mentioned,no,not_mentioned,not_mentioned,not_mentioned,not_mentioned,not_mentioned,no
Leonard R NDE 4960,nderf,data\nderf\02552_leonard-r-nde-4960.json,Indeterminate,0,False,False,False,other,no,no,no,not_mentioned,not_mentioned,not_mentioned,no,not_mentioned,no
Beth L FDE 4963 NDE 4963,nderf,data\nderf\02554_beth-l-fde-4963-nde-4963.json,Indeterminate,0,False,False,False,not_mentioned,not_mentioned,not_mentioned,not_mentioned,not_mentioned,not_mentioned,not_mentioned,not_mentioned,not_mentioned,not_mentioned
Edna NDE 4965,nderf,data\nderf\02556_edna-nde-4965.json,Indeterminate,0,False,False,False,not_your_time,implied,no,no,not_mentioned,not_mentioned,not_mentioned,not_mentioned,not_mentioned,no
Lonny F NDE 4967,nderf,data\nderf\02557_lonny-f-nde-4967.json,Indeterminate,0,False,False,False,other,implied,no,no,not_mentioned,not_mentioned,not_mentioned,not_mentioned,not_mentioned,no
Louis S NDE 4968,nderf,data\nderf\02558_louis-s-nde-4968.json,Indeterminate,0,False,False,False,family_responsibility,no,not_mentioned,not_mentioned,not_mentioned,not_mentioned,not_mentioned,not_mentioned,not_mentioned,not_mentioned
Ted M NDE 4969,nderf,data\nderf\02559_ted-m-nde-4969.json,Indeterminate,0,False,False,False,no_reason_given,no,no,no,not_mentioned,not_mentioned,not_mentioned,no,not_mentioned,no
Sally M Probable NDE 4970,nderf,data\nderf\02560_sally-m-probable-nde-4970.json,Indeterminate,0,False,False,False,not_your_time,no,no,no,not_mentioned,not_mentioned,not_mentioned,not_mentioned,not_mentioned,no
Clautreaux Possible NDE 4954,nderf,data\nderf\02561_clautreaux-possible-nde-4954.json,Indeterminate,0,False,False,False,no_reason_given,not_mentioned,not_mentioned,not_mentioned,not_mentioned,not_mentioned,not_mentioned,implied,not_mentioned,not_mentioned
Nigel R NDE as told by Allan R 16000 NDE 16000,nderf,data\nderf\02562_nigel-r-nde-as-told-by-allan-r-16000-nde-16000.json,Indeterminate,0,False,False,False,not_mentioned,not_mentioned,not_mentioned,not_mentioned,not_mentioned,not_mentioned,not_mentioned,not_mentioned,not_mentioned,not_mentioned
Lisa L Possible NDE 4973,nderf,data\nderf\02564_lisa-l-possible-nde-4973.json,Indeterminate,0,False,False,False,not_your_time,not_mentioned,not_mentioned,not_mentioned,not_mentioned,not_mentioned,not_mentioned,not_mentioned,not_mentioned,not_mentioned
Ruth B Probable FDE 4974 NDE 4974,nderf,data\nderf\02565_ruth-b-probable-fde-4974-nde-4974.json,Indeterminate,0,False,False,False,no_reason_given,no,not_mentioned,not_mentioned,not_mentioned,not_mentioned,not_mentioned,not_mentioned,not_mentioned,not_mentioned
Christina T NDE 4980,nderf,data\nderf\02566_christina-t-nde-4980.json,Indeterminate,0,False,False,False,family_responsibility,not_mentioned,no,no,not_mentioned,not_mentioned,not_mentioned,not_mentioned,not_mentioned,no
CL NDE 22425,nderf,data\nderf\02568_cl-nde-22425.json,Indeterminate,0,False,False,False,not_mentioned,not_mentioned,not_mentioned,not_mentioned,not_mentioned,not_mentioned,not_mentioned,not_mentioned,not_mentioned,not_mentioned
Kayleen B NDE 22430,nderf,data\nderf\02569_kayleen-b-nde-22430.json,Indeterminate,0,False,False,False,family_responsibility,not_mentioned,not_mentioned,not_mentioned,not_mentioned,not_mentioned,not_mentioned,not_mentioned,not_mentioned,not_mentioned
Riley Probable NDE 22432,nderf,data\nderf\02570_riley-probable-nde-22432.json,Indeterminate,0,False,False,False,not_mentioned,not_mentioned,not_mentioned,not_mentioned,not_mentioned,not_mentioned,not_mentioned,not_mentioned,not_mentioned,not_mentioned
Stephanie C NDE 4984,nderf,data\nderf\02571_stephanie-c-nde-4984.json,Indeterminate,0,False,False,False,no_reason_given,not_mentioned,not_mentioned,not_mentioned,not_mentioned,not_mentioned,not_mentioned,not_mentioned,not_mentioned,not_mentioned
Mary W NDE 4989,nderf,data\nderf\02573_mary-w-nde-4989.json,Indeterminate,0,False,False,False,family_responsibility,implied,no,no,not_mentioned,not_mentioned,not_mentioned,not_mentioned,not_mentioned,no
Glenna A NDE 4990,nderf,data\nderf\02574_glenna-a-nde-4990.json,Indeterminate,0,False,False,False,no_reason_given,not_mentioned,not_mentioned,not_mentioned,not_mentioned,not_mentioned,not_mentioned,not_mentioned,not_mentioned,not_mentioned
Anna NDE 4921,nderf,data\nderf\02575_anna-nde-4921.json,Indeterminate,0,False,False,False,not_your_time,not_mentioned,not_mentioned,not_mentioned,not_mentioned,not_mentioned,not_mentioned,implied,not_mentioned,not_mentioned
Duane NDE 22433,nderf,data\nderf\02576_duane-nde-22433.json,Indeterminate,0,False,False,False,not_mentioned,not_mentioned,not_mentioned,not_mentioned,not_mentioned,not_mentioned,not_mentioned,not_mentioned,not_mentioned,not_mentioned
Rick M NDE 4994,nderf,data\nderf\02577_rick-m-nde-4994.json,Indeterminate,0,False,False,False,not_mentioned,not_mentioned,not_mentioned,not_mentioned,not_mentioned,not_mentioned,not_mentioned,not_mentioned,not_mentioned,not_mentioned
Gini M Probable NDE 4995,nderf,data\nderf\02578_gini-m-probable-nde-4995.json,Indeterminate,0,False,False,False,family_responsibility,not_mentioned,not_mentioned,not_mentioned,not_mentioned,not_mentioned,not_mentioned,not_mentioned,not_mentioned,not_mentioned
Kathleen M NDE 4996,nderf,data\nderf\02579_kathleen-m-nde-4996.json,Indeterminate,0,False,False,False,not_mentioned,not_mentioned,not_mentioned,not_mentioned,not_mentioned,not_mentioned,not_mentioned,not_mentioned,not_mentioned,not_mentioned
George K NDE 4998,nderf,data\nderf\02580_george-k-nde-4998.json,Indeterminate,0,False,False,False,not_your_time,yes_explicit,no,no,not_mentioned,not_mentioned,not_mentioned,not_mentioned,not_mentioned,no
Kinyanjui N NDE 5001,nderf,data\nderf\02581_kinyanjui-n-nde-5001.json,Indeterminate,0,False,False,False,not_mentioned,not_mentioned,not_mentioned,no,not_mentioned,not_mentioned,not_mentioned,not_mentioned,not_mentioned,no
Denise H NDE 5002,nderf,data\nderf\02582_denise-h-nde-5002.json,Indeterminate,0,False,False,False,other,not_mentioned,not_mentioned,not_mentioned,not_mentioned,not_mentioned,not_mentioned,not_mentioned,not_mentioned,not_mentioned
Odell H NDE 6339/5003 NDE 5003,nderf,data\nderf\02583_odell-h-nde-6339-5003-nde-5003.json,Indeterminate,0,False,False,False,no_reason_given,no,no,no,not_mentioned,not_mentioned,not_mentioned,not_mentioned,not_mentioned,no
Vivienne P Probable NDE 5008,nderf,data\nderf\02585_vivienne-p-probable-nde-5008.json,Indeterminate,0,False,False,False,not_mentioned,not_mentioned,not_mentioned,not_mentioned,not_mentioned,not_mentioned,not_mentioned,not_mentioned,not_mentioned,not_mentioned
Rick H NDE 16002,nderf,data\nderf\02586_rick-h-nde-16002.json,Indeterminate,0,False,False,False,not_your_time,yes_explicit,no,no,not_mentioned,not_mentioned,not_mentioned,not_mentioned,not_mentioned,no
Stan NDE 31880,nderf,data\nderf\02587_stan-nde-31880.json,Indeterminate,0,False,False,False,not_mentioned,not_mentioned,not_mentioned,not_mentioned,not_mentioned,not_mentioned,not_mentioned,not_mentioned,not_mentioned,not_mentioned
Carl H Probable NDE 4975,nderf,data\nderf\02589_carl-h-probable-nde-4975.json,Indeterminate,0,False,False,False,not_mentioned,not_mentioned,not_mentioned,not_mentioned,not_mentioned,not_mentioned,not_mentioned,not_mentioned,not_mentioned,not_mentioned
Anne T Possible NDE 4983,nderf,data\nderf\02590_anne-t-possible-nde-4983.json,Indeterminate,0,False,False,False,not_your_time,not_mentioned,not_mentioned,not_mentioned,not_mentioned,not_mentioned,not_mentioned,not_mentioned,not_mentioned,not_mentioned
Jack D NDE 5009,nderf,data\nderf\02591_jack-d-nde-5009.json,Indeterminate,0,False,False,False,not_mentioned,no,no,not_mentioned,not_mentioned,not_mentioned,not_mentioned,not_mentioned,not_mentioned,not_mentioned
James S NDE 5011,nderf,data\nderf\02592_james-s-nde-5011.json,Indeterminate,0,False,False,False,family_responsibility,no,no,no,not_mentioned,not_mentioned,not_mentioned,not_mentioned,not_mentioned,no
Tom M NDE 5013,nderf,data\nderf\02593_tom-m-nde-5013.json,Indeterminate,0,False,False,False,not_your_time,not_mentioned,not_mentioned,not_mentioned,not_mentioned,not_mentioned,not_mentioned,not_mentioned,not_mentioned,not_mentioned
Doug E Possible NDE 5017,nderf,data\nderf\02594_doug-e-possible-nde-5017.json,Indeterminate,0,False,False,False,not_your_time,not_mentioned,not_mentioned,no,not_mentioned,not_mentioned,not_mentioned,not_mentioned,not_mentioned,no
Harry J NDE 5019,nderf,data\nderf\02595_harry-j-nde-5019.json,Indeterminate,0,False,False,False,not_mentioned,no,no,no,not_mentioned,not_mentioned,not_mentioned,not_mentioned,not_mentioned,no
Brandy L Possible NDE 5020,nderf,data\nderf\02596_brandy-l-possible-nde-5020.json,Indeterminate,0,False,False,False,not_your_time,implied,no,no,not_mentioned,not_mentioned,not_mentioned,not_mentioned,not_mentioned,no
Shannique S NDE 5021,nderf,data\nderf\02597_shannique-s-nde-5021.json,Indeterminate,0,False,False,False,not_mentioned,not_mentioned,not_mentioned,no,not_mentioned,not_mentioned,not_mentioned,not_mentioned,not_mentioned,no
Yvette R Possible NDE 4999,nderf,data\nderf\02600_yvette-r-possible-nde-4999.json,Indeterminate,0,False,False,False,not_mentioned,not_mentioned,no,no,not_mentioned,not_mentioned,not_mentioned,not_mentioned,not_mentioned,no
Stephen S NDE 5024,nderf,data\nderf\02602_stephen-s-nde-5024.json,Indeterminate,0,False,False,False,no_reason_given,not_mentioned,not_mentioned,not_mentioned,not_mentioned,not_mentioned,not_mentioned,not_mentioned,not_mentioned,not_mentioned
Jim T Probable NDE 5029,nderf,data\nderf\02604_jim-t-probable-nde-5029.json,Indeterminate,0,False,False,False,no_reason_given,not_mentioned,not_mentioned,not_mentioned,not_mentioned,not_mentioned,not_mentioned,not_mentioned,not_mentioned,not_mentioned
Louis C NDE 5035,nderf,data\nderf\02606_louis-c-nde-5035.json,Indeterminate,0,False,False,False,not_mentioned,not_mentioned,not_mentioned,not_mentioned,not_mentioned,not_mentioned,not_mentioned,not_mentioned,not_mentioned,not_mentioned
Ruben Probable NDE 5026,nderf,data\nderf\02607_ruben-probable-nde-5026.json,Indeterminate,0,False,False,False,not_mentioned,not_mentioned,not_mentioned,not_mentioned,not_mentioned,not_mentioned,not_mentioned,not_mentioned,not_mentioned,not_mentioned
Morris M Probable NDE 5038,nderf,data\nderf\02609_morris-m-probable-nde-5038.json,Indeterminate,0,False,False,False,not_mentioned,not_mentioned,not_mentioned,not_mentioned,not_mentioned,not_mentioned,not_mentioned,not_mentioned,not_mentioned,not_mentioned
Heather I Probable NDE 5041,nderf,data\nderf\02610_heather-i-probable-nde-5041.json,Indeterminate,0,False,False,False,not_mentioned,not_mentioned,not_mentioned,not_mentioned,not_mentioned,not_mentioned,not_mentioned,not_mentioned,not_mentioned,not_mentioned
Jim T Possible NDE 5043,nderf,data\nderf\02612_jim-t-possible-nde-5043.json,Indeterminate,0,False,False,False,not_mentioned,not_mentioned,not_mentioned,not_mentioned,not_mentioned,not_mentioned,not_mentioned,not_mentioned,not_mentioned,not_mentioned
Charlotte A NDE 5049,nderf,data\nderf\02613_charlotte-a-nde-5049.json,Indeterminate,0,False,False,False,not_mentioned,no,no,no,not_mentioned,not_mentioned,not_mentioned,not_mentioned,not_mentioned,no
Alvaro A NDE 5039,nderf,data\nderf\02615_alvaro-a-nde-5039.json,Indeterminate,0,False,False,False,no_reason_given,not_mentioned,not_mentioned,no,not_mentioned,not_mentioned,not_mentioned,not_mentioned,not_mentioned,no
Jennifer NDE 31888,nderf,data\nderf\02616_jennifer-nde-31888.json,Indeterminate,0,False,False,False,not_mentioned,not_mentioned,not_mentioned,no,not_mentioned,not_mentioned,not_mentioned,not_mentioned,not_mentioned,no
Lorien B Possible NDE 5053,nderf,data\nderf\02617_lorien-b-possible-nde-5053.json,Indeterminate,0,False,False,False,not_mentioned,yes_explicit,not_mentioned,not_mentioned,not_mentioned,not_mentioned,not_mentioned,not_mentioned,not_mentioned,not_mentioned
Rhonda NDE 5055,nderf,data\nderf\02618_rhonda-nde-5055.json,Indeterminate,0,False,False,False,not_mentioned,not_mentioned,not_mentioned,not_mentioned,not_mentioned,not_mentioned,not_mentioned,not_mentioned,not_mentioned,not_mentioned
Lisa A NDE 5056,nderf,data\nderf\02619_lisa-a-nde-5056.json,Indeterminate,0,False,False,False,family_responsibility,no,no,no,not_mentioned,not_mentioned,not_mentioned,not_mentioned,not_mentioned,no
Graeme E NDE 5059,nderf,data\nderf\02620_graeme-e-nde-5059.json,Indeterminate,0,False,False,False,not_mentioned,not_mentioned,not_mentioned,not_mentioned,not_mentioned,not_mentioned,not_mentioned,not_mentioned,not_mentioned,not_mentioned
Cynthia H NDE 5063,nderf,data\nderf\02621_cynthia-h-nde-5063.json,Indeterminate,0,False,False,False,no_reason_given,not_mentioned,not_mentioned,not_mentioned,not_mentioned,not_mentioned,not_mentioned,not_mentioned,not_mentioned,not_mentioned
Monty D NDE 5070,nderf,data\nderf\02625_monty-d-nde-5070.json,Indeterminate,0,False,False,False,not_mentioned,not_mentioned,not_mentioned,not_mentioned,not_mentioned,not_mentioned,not_mentioned,not_mentioned,not_mentioned,not_mentioned
Cynthia H NDE 5071,nderf,data\nderf\02626_cynthia-h-nde-5071.json,Indeterminate,0,False,False,False,family_responsibility,no,no,no,not_mentioned,not_mentioned,not_mentioned,not_mentioned,not_mentioned,no
Maria J NDE 5028,nderf,data\nderf\02627_maria-j-nde-5028.json,Indeterminate,0,False,False,False,no_reason_given,not_mentioned,not_mentioned,not_mentioned,not_mentioned,not_mentioned,not_mentioned,not_mentioned,not_mentioned,not_mentioned
Lisa H NDE 5073,nderf,data\nderf\02629_lisa-h-nde-5073.json,Indeterminate,0,False,False,False,not_mentioned,not_mentioned,not_mentioned,not_mentioned,not_mentioned,not_mentioned,not_mentioned,not_mentioned,not_mentioned,not_mentioned
Patricia Z NDE 5076,nderf,data\nderf\02631_patricia-z-nde-5076.json,Indeterminate,0,False,False,False,not_your_time,not_mentioned,not_mentioned,not_mentioned,not_mentioned,not_mentioned,not_mentioned,not_mentioned,not_mentioned,not_mentioned
Robert B Dream vs. Intensive Care Unit Psychosis 5074 NDE 5074,nderf,data\nderf\02632_robert-b-dream-vs-intensive-care-unit-psychosis-5074-nde-5074.json,Indeterminate,0,False,False,False,not_mentioned,not_mentioned,not_mentioned,not_mentioned,not_mentioned,not_mentioned,not_mentioned,not_mentioned,not_mentioned,not_mentioned
Joyce Y NDE 5082,nderf,data\nderf\02634_joyce-y-nde-5082.json,Indeterminate,0,False,False,False,not_mentioned,not_mentioned,not_mentioned,not_mentioned,not_mentioned,not_mentioned,not_mentioned,not_mentioned,not_mentioned,not_mentioned
Guy VL NDE 5084,nderf,data\nderf\02636_guy-vl-nde-5084.json,Indeterminate,0,False,False,False,no_reason_given,not_mentioned,not_mentioned,not_mentioned,not_mentioned,not_mentioned,not_mentioned,not_mentioned,not_mentioned,not_mentioned
Annie Probable NDE 5087,nderf,data\nderf\02637_annie-probable-nde-5087.json,Indeterminate,0,False,False,False,other,no,no,no,not_mentioned,not_mentioned,not_mentioned,not_mentioned,not_mentioned,no
Lawrence J Possible NDE 5091,nderf,data\nderf\02638_lawrence-j-possible-nde-5091.json,Indeterminate,0,False,False,False,not_mentioned,not_mentioned,not_mentioned,not_mentioned,not_mentioned,not_mentioned,not_mentioned,not_mentioned,not_mentioned,not_mentioned
Christine T Probable NDE 5046,nderf,data\nderf\02640_christine-t-probable-nde-5046.json,Indeterminate,0,False,False,False,not_mentioned,not_mentioned,not_mentioned,not_mentioned,not_mentioned,not_mentioned,not_mentioned,not_mentioned,not_mentioned,not_mentioned
Chris M NDE 5096,nderf,data\nderf\02642_chris-m-nde-5096.json,Indeterminate,0,False,False,False,not_your_time,yes_explicit,no,not_mentioned,not_mentioned,not_mentioned,not_mentioned,explicit,not_mentioned,not_mentioned
Roberto Z NDE 4991,nderf,data\nderf\02645_roberto-z-nde-4991.json,Indeterminate,0,False,False,False,not_mentioned,not_mentioned,not_mentioned,not_mentioned,not_mentioned,not_mentioned,not_mentioned,not_mentioned,not_mentioned,not_mentioned
Martina D NDE 5105,nderf,data\nderf\02649_martina-d-nde-5105.json,Indeterminate,0,False,False,False,not_your_time,no,no,no,not_mentioned,not_mentioned,not_mentioned,not_mentioned,none,no
Harold N NDE 5107,nderf,data\nderf\02650_harold-n-nde-5107.json,Indeterminate,0,False,False,False,not_mentioned,not_mentioned,not_mentioned,not_mentioned,not_mentioned,not_mentioned,not_mentioned,not_mentioned,not_mentioned,not_mentioned
Glenda Probable NDE 6553/5112 NDE 5112,nderf,data\nderf\02651_glenda-probable-nde-6553-5112-nde-5112.json,Indeterminate,0,False,False,False,no_reason_given,not_mentioned,not_mentioned,not_mentioned,not_mentioned,not_mentioned,not_mentioned,no,not_mentioned,not_mentioned
Marianna C NDE 5115,nderf,data\nderf\02652_marianna-c-nde-5115.json,Indeterminate,0,False,False,False,not_mentioned,not_mentioned,not_mentioned,not_mentioned,not_mentioned,not_mentioned,not_mentioned,not_mentioned,not_mentioned,not_mentioned
CL Possible NDE 5120,nderf,data\nderf\02654_cl-possible-nde-5120.json,Indeterminate,0,False,False,False,not_mentioned,implied,no,no,not_mentioned,not_mentioned,not_mentioned,not_mentioned,not_mentioned,no
Manuel H NDE 5121,nderf,data\nderf\02655_manuel-h-nde-5121.json,Indeterminate,0,False,False,False,not_mentioned,not_mentioned,not_mentioned,not_mentioned,not_mentioned,not_mentioned,not_mentioned,not_mentioned,not_mentioned,not_mentioned
Patricia B NDE 5125,nderf,data\nderf\02656_patricia-b-nde-5125.json,Indeterminate,0,False,False,False,family_responsibility,not_mentioned,not_mentioned,no,not_mentioned,not_mentioned,not_mentioned,not_mentioned,not_mentioned,no
Carrie S NDE 5124,nderf,data\nderf\02657_carrie-s-nde-5124.json,Indeterminate,0,False,False,False,no_reason_given,not_mentioned,not_mentioned,not_mentioned,not_mentioned,not_mentioned,not_mentioned,not_mentioned,not_mentioned,not_mentioned
Denise NDE 5122,nderf,data\nderf\02658_denise-nde-5122.json,Indeterminate,0,False,False,False,not_your_time,no,no,no,not_mentioned,not_mentioned,not_mentioned,not_mentioned,not_mentioned,no
Barbara P NDE 31904,nderf,data\nderf\02660_barbara-p-nde-31904.json,Indeterminate,0,False,False,False,not_mentioned,not_mentioned,not_mentioned,not_mentioned,not_mentioned,not_mentioned,not_mentioned,not_mentioned,not_mentioned,not_mentioned
Mary I Probable NDE 5110,nderf,data\nderf\02661_mary-i-probable-nde-5110.json,Indeterminate,0,False,False,False,no_reason_given,not_mentioned,not_mentioned,not_mentioned,not_mentioned,not_mentioned,not_mentioned,not_mentioned,not_mentioned,not_mentioned
Karen W Probable NDE 5126,nderf,data\nderf\02665_karen-w-probable-nde-5126.json,Indeterminate,0,False,False,False,not_mentioned,not_mentioned,not_mentioned,not_mentioned,not_mentioned,not_mentioned,not_mentioned,not_mentioned,not_mentioned,not_mentioned
Geary S NDE 5129,nderf,data\nderf\02666_geary-s-nde-5129.json,Indeterminate,0,False,False,False,not_mentioned,not_mentioned,not_mentioned,not_mentioned,not_mentioned,not_mentioned,not_mentioned,not_mentioned,not_mentioned,not_mentioned
Robert E NDE 5130,nderf,data\nderf\02667_robert-e-nde-5130.json,Indeterminate,0,False,False,False,not_your_time,not_mentioned,not_mentioned,not_mentioned,not_mentioned,not_mentioned,not_mentioned,not_mentioned,not_mentioned,not_mentioned
Margaret J NDE 5131,nderf,data\nderf\02668_margaret-j-nde-5131.json,Indeterminate,0,False,False,False,not_mentioned,not_mentioned,not_mentioned,not_mentioned,not_mentioned,not_mentioned,not_mentioned,not_mentioned,not_mentioned,not_mentioned
Dawn W NDE 5132,nderf,data\nderf\02669_dawn-w-nde-5132.json,Indeterminate,0,False,False,False,family_responsibility,not_mentioned,not_mentioned,no,not_mentioned,not_mentioned,not_mentioned,not_mentioned,not_mentioned,no
Judi M Probable NDE 22469,nderf,data\nderf\02671_judi-m-probable-nde-22469.json,Indeterminate,0,False,False,False,not_your_time,no,no,no,not_mentioned,not_mentioned,not_mentioned,implied,not_mentioned,not_mentioned
Linda F FDE 5136/6623 NDE 6623,nderf,data\nderf\02673_linda-f-fde-5136-6623-nde-6623.json,Indeterminate,0,False,False,False,not_mentioned,not_mentioned,not_mentioned,not_mentioned,not_mentioned,not_mentioned,not_mentioned,not_mentioned,not_mentioned,not_mentioned
Robert FDE 5138 NDE 5138,nderf,data\nderf\02674_robert-fde-5138-nde-5138.json,Indeterminate,0,False,False,False,not_mentioned,not_mentioned,not_mentioned,not_mentioned,not_mentioned,not_mentioned,not_mentioned,not_mentioned,not_mentioned,not_mentioned
Cara S NDE 5139,nderf,data\nderf\02675_cara-s-nde-5139.json,Indeterminate,0,False,False,False,family_responsibility,not_mentioned,not_mentioned,not_mentioned,not_mentioned,not_mentioned,not_mentioned,not_mentioned,not_mentioned,not_mentioned
Geri R NDE 5142,nderf,data\nderf\02677_geri-r-nde-5142.json,Indeterminate,0,False,False,False,family_responsibility,no,no,no,not_mentioned,not_mentioned,not_mentioned,not_mentioned,not_mentioned,no
Denise C NDE 5143,nderf,data\nderf\02678_denise-c-nde-5143.json,Indeterminate,0,False,False,False,not_your_time,not_mentioned,not_mentioned,not_mentioned,not_mentioned,not_mentioned,not_mentioned,not_mentioned,not_mentioned,not_mentioned
Michael J Possible NDE 5148,nderf,data\nderf\02680_michael-j-possible-nde-5148.json,Indeterminate,0,False,False,False,no_reason_given,not_mentioned,not_mentioned,not_mentioned,not_mentioned,not_mentioned,not_mentioned,not_mentioned,not_mentioned,not_mentioned
Dewayne NDE 5150,nderf,data\nderf\02681_dewayne-nde-5150.json,Indeterminate,0,False,False,False,no_reason_given,not_mentioned,not_mentioned,not_mentioned,not_mentioned,not_mentioned,not_mentioned,not_mentioned,not_mentioned,not_mentioned
Tami N Probable NDE 5152,nderf,data\nderf\02682_tami-n-probable-nde-5152.json,Indeterminate,0,False,False,False,other,implied,not_mentioned,not_mentioned,not_mentioned,not_mentioned,not_mentioned,not_mentioned,not_mentioned,not_mentioned
Cherie J Probable NDE 5040,nderf,data\nderf\02686_cherie-j-probable-nde-5040.json,Indeterminate,0,False,False,False,not_your_time,yes_explicit,no,no,not_mentioned,not_mentioned,not_mentioned,implied,not_mentioned,no
Esterlein B NDE 5100,nderf,data\nderf\02687_esterlein-b-nde-5100.json,Indeterminate,0,False,False,False,no_reason_given,not_mentioned,not_mentioned,not_mentioned,not_mentioned,not_mentioned,not_mentioned,not_mentioned,not_mentioned,not_mentioned
Jaroslaw D NDE 16031,nderf,data\nderf\02688_jaroslaw-d-nde-16031.json,Indeterminate,0,False,False,False,family_responsibility,no,no,no,not_mentioned,not_mentioned,not_mentioned,not_mentioned,not_mentioned,no
Nem J NDE 5101,nderf,data\nderf\02689_nem-j-nde-5101.json,Indeterminate,0,False,False,False,not_mentioned,not_mentioned,not_mentioned,not_mentioned,not_mentioned,not_mentioned,not_mentioned,not_mentioned,not_mentioned,not_mentioned
Jody M Probable NDE 5160,nderf,data\nderf\02690_jody-m-probable-nde-5160.json,Indeterminate,0,False,False,False,not_mentioned,not_mentioned,not_mentioned,not_mentioned,not_mentioned,not_mentioned,not_mentioned,not_mentioned,not_mentioned,not_mentioned
Liz G NDE 5168,nderf,data\nderf\02693_liz-g-nde-5168.json,Indeterminate,0,False,False,False,not_mentioned,no,no,no,not_mentioned,not_mentioned,not_mentioned,not_mentioned,none,no
Marty M NDE 5169,nderf,data\nderf\02694_marty-m-nde-5169.json,Indeterminate,0,False,False,False,not_your_time,not_mentioned,not_mentioned,not_mentioned,not_mentioned,not_mentioned,not_mentioned,implied,not_mentioned,not_mentioned
Tracey J Possible Pet Dog NDE 31920,nderf,data\nderf\02696_tracey-j-possible-pet-dog-nde-31920.json,Indeterminate,0,False,False,False,not_mentioned,not_mentioned,not_mentioned,not_mentioned,not_mentioned,not_mentioned,not_mentioned,not_mentioned,not_mentioned,not_mentioned
Rosa D NDE 5104,nderf,data\nderf\02699_rosa-d-nde-5104.json,Indeterminate,0,False,False,False,not_your_time,no,no,no,not_mentioned,not_mentioned,not_mentioned,implied,none,no
Christopher N NDE 5174,nderf,data\nderf\02700_christopher-n-nde-5174.json,Indeterminate,0,False,False,False,not_your_time,not_mentioned,not_mentioned,not_mentioned,not_mentioned,not_mentioned,not_mentioned,not_mentioned,not_mentioned,not_mentioned
Joe M NDE 5180,nderf,data\nderf\02701_joe-m-nde-5180.json,Indeterminate,0,False,False,False,not_mentioned,not_mentioned,not_mentioned,not_mentioned,not_mentioned,not_mentioned,not_mentioned,not_mentioned,not_mentioned,not_mentioned
Christophe NDE 5116,nderf,data\nderf\02702_christophe-nde-5116.json,Indeterminate,0,False,False,False,other,implied,not_mentioned,not_mentioned,not_mentioned,not_mentioned,not_mentioned,not_mentioned,not_mentioned,not_mentioned
Francisco J NDE 5128,nderf,data\nderf\02703_francisco-j-nde-5128.json,Indeterminate,0,False,False,False,not_mentioned,not_mentioned,not_mentioned,not_mentioned,not_mentioned,not_mentioned,not_mentioned,not_mentioned,not_mentioned,not_mentioned
Brenda H NDE 22491,nderf,data\nderf\02704_brenda-h-nde-22491.json,Indeterminate,0,False,False,False,not_your_time,implied,no,no,not_mentioned,not_mentioned,not_mentioned,not_mentioned,not_mentioned,no
Alan M FDE 5181 NDE 5181,nderf,data\nderf\02705_alan-m-fde-5181-nde-5181.json,Indeterminate,0,False,False,False,not_mentioned,not_mentioned,not_mentioned,not_mentioned,not_mentioned,not_mentioned,not_mentioned,not_mentioned,not_mentioned,not_mentioned
Chris O NDE 5184,nderf,data\nderf\02706_chris-o-nde-5184.json,Indeterminate,0,False,False,False,not_mentioned,not_mentioned,not_mentioned,not_mentioned,not_mentioned,not_mentioned,not_mentioned,not_mentioned,not_mentioned,not_mentioned
Yvonne S NDE 5185,nderf,data\nderf\02707_yvonne-s-nde-5185.json,Indeterminate,0,False,False,False,no_reason_given,not_mentioned,not_mentioned,not_mentioned,not_mentioned,not_mentioned,not_mentioned,not_mentioned,not_mentioned,not_mentioned
Erika B Probable NDE 5186,nderf,data\nderf\02708_erika-b-probable-nde-5186.json,Indeterminate,0,False,False,False,not_mentioned,not_mentioned,not_mentioned,no,not_mentioned,not_mentioned,not_mentioned,not_mentioned,not_mentioned,no
Mateo NDE 5171,nderf,data\nderf\02709_mateo-nde-5171.json,Indeterminate,0,False,False,False,not_your_time,not_mentioned,not_mentioned,not_mentioned,not_mentioned,not_mentioned,not_mentioned,not_mentioned,not_mentioned,not_mentioned
Niel L NDE 5191,nderf,data\nderf\02711_niel-l-nde-5191.json,Indeterminate,0,False,False,False,no_reason_given,not_mentioned,not_mentioned,not_mentioned,not_mentioned,not_mentioned,not_mentioned,not_mentioned,not_mentioned,not_mentioned
Pamela J NDE 5192,nderf,data\nderf\02712_pamela-j-nde-5192.json,Indeterminate,0,False,False,False,not_your_time,implied,not_mentioned,not_mentioned,not_mentioned,not_mentioned,not_mentioned,not_mentioned,not_mentioned,not_mentioned
Marie C NDE 5117,nderf,data\nderf\02714_marie-c-nde-5117.json,Indeterminate,0,False,False,False,not_mentioned,not_mentioned,not_mentioned,not_mentioned,not_mentioned,not_mentioned,not_mentioned,not_mentioned,not_mentioned,not_mentioned
Dale T NDE 5198,nderf,data\nderf\02716_dale-t-nde-5198.json,Indeterminate,0,False,False,False,not_mentioned,no,no,not_mentioned,not_mentioned,not_mentioned,not_mentioned,implied,not_mentioned,not_mentioned
Kyle R NDE 5207,nderf,data\nderf\02719_kyle-r-nde-5207.json,Indeterminate,0,False,False,False,no_reason_given,no,no,no,not_mentioned,not_mentioned,not_mentioned,not_mentioned,none,no
MM Grandmother NDE 5210,nderf,data\nderf\02721_mm-grandmother-nde-5210.json,Indeterminate,0,False,False,False,not_your_time,not_mentioned,not_mentioned,not_mentioned,not_mentioned,not_mentioned,not_mentioned,not_mentioned,not_mentioned,not_mentioned
Hal E FDE 5215 NDE 5215,nderf,data\nderf\02723_hal-e-fde-5215-nde-5215.json,Indeterminate,0,False,False,False,not_your_time,no,no,not_mentioned,not_mentioned,not_mentioned,not_mentioned,not_mentioned,not_mentioned,not_mentioned
Emmett M NDE 5219,nderf,data\nderf\02725_emmett-m-nde-5219.json,Indeterminate,0,False,False,False,other,implied,not_mentioned,not_mentioned,not_mentioned,not_mentioned,not_mentioned,not_mentioned,not_mentioned,not_mentioned
Silvia A NDE 5209,nderf,data\nderf\02726_silvia-a-nde-5209.json,Indeterminate,0,False,False,False,no_reason_given,not_mentioned,not_mentioned,not_mentioned,not_mentioned,not_mentioned,not_mentioned,not_mentioned,not_mentioned,not_mentioned
Lorette C NDE 5165,nderf,data\nderf\02727_lorette-c-nde-5165.json,Indeterminate,0,False,False,False,not_mentioned,no,no,no,not_mentioned,not_mentioned,not_mentioned,not_mentioned,not_mentioned,no
Francoise A Probable NDE 5211,nderf,data\nderf\02728_francoise-a-probable-nde-5211.json,Indeterminate,0,False,False,False,not_your_time,not_mentioned,not_mentioned,not_mentioned,not_mentioned,not_mentioned,not_mentioned,not_mentioned,not_mentioned,not_mentioned
Denise T NDE 31943,nderf,data\nderf\02729_denise-t-nde-31943.json,Indeterminate,0,False,False,False,not_mentioned,not_mentioned,not_mentioned,not_mentioned,not_mentioned,not_mentioned,not_mentioned,not_mentioned,not_mentioned,not_mentioned
Charles N NDE 5223,nderf,data\nderf\02731_charles-n-nde-5223.json,Indeterminate,0,False,False,False,family_responsibility,not_mentioned,not_mentioned,not_mentioned,not_mentioned,not_mentioned,not_mentioned,not_mentioned,not_mentioned,not_mentioned
Michael M Probable NDE 5225,nderf,data\nderf\02732_michael-m-probable-nde-5225.json,Indeterminate,0,False,False,False,not_mentioned,not_mentioned,not_mentioned,not_mentioned,not_mentioned,not_mentioned,not_mentioned,not_mentioned,not_mentioned,not_mentioned
Robert J Probable NDE 5226,nderf,data\nderf\02733_robert-j-probable-nde-5226.json,Indeterminate,0,False,False,False,not_mentioned,not_mentioned,not_mentioned,not_mentioned,not_mentioned,not_mentioned,not_mentioned,not_mentioned,not_mentioned,not_mentioned
Shawn M Probable NDE 5228,nderf,data\nderf\02734_shawn-m-probable-nde-5228.json,Indeterminate,0,False,False,False,no_reason_given,not_mentioned,not_mentioned,not_mentioned,not_mentioned,not_mentioned,not_mentioned,not_mentioned,not_mentioned,not_mentioned
John R NDE 5231,nderf,data\nderf\02735_john-r-nde-5231.json,Indeterminate,0,False,False,False,not_your_time,implied,no,no,not_mentioned,not_mentioned,not_mentioned,not_mentioned,not_mentioned,not_mentioned
HD M Possible NDE 5236,nderf,data\nderf\02737_hd-m-possible-nde-5236.json,Indeterminate,0,False,False,False,not_mentioned,not_mentioned,not_mentioned,not_mentioned,not_mentioned,not_mentioned,not_mentioned,not_mentioned,not_mentioned,not_mentioned
Linda D NDE 5238,nderf,data\nderf\02738_linda-d-nde-5238.json,Indeterminate,0,False,False,False,no_reason_given,not_mentioned,not_mentioned,not_mentioned,not_mentioned,not_mentioned,not_mentioned,not_mentioned,not_mentioned,not_mentioned
Edward S NDE 5239,nderf,data\nderf\02739_edward-s-nde-5239.json,Indeterminate,0,False,False,False,not_mentioned,not_mentioned,not_mentioned,not_mentioned,not_mentioned,not_mentioned,not_mentioned,not_mentioned,not_mentioned,not_mentioned
Anna Probable NDE 5229,nderf,data\nderf\02741_anna-probable-nde-5229.json,Indeterminate,0,False,False,False,not_your_time,implied,not_mentioned,not_mentioned,not_mentioned,not_mentioned,not_mentioned,not_mentioned,not_mentioned,not_mentioned
Mary Son Other 16047 NDE 16047,nderf,data\nderf\02742_mary-son-other-16047-nde-16047.json,Indeterminate,0,False,False,False,not_mentioned,not_mentioned,not_mentioned,not_mentioned,not_mentioned,not_mentioned,not_mentioned,not_mentioned,not_mentioned,not_mentioned
Morgan A NDE 5253,nderf,data\nderf\02748_morgan-a-nde-5253.json,Indeterminate,0,False,False,False,not_mentioned,not_mentioned,not_mentioned,not_mentioned,not_mentioned,not_mentioned,not_mentioned,not_mentioned,not_mentioned,not_mentioned
Karen R NDE 5254,nderf,data\nderf\02749_karen-r-nde-5254.json,Indeterminate,0,False,False,False,not_your_time,not_mentioned,no,no,not_mentioned,both,not_mentioned,implied,none,no
Jeff Probable NDE 5255,nderf,data\nderf\02750_jeff-probable-nde-5255.json,Indeterminate,0,False,False,False,not_mentioned,not_mentioned,not_mentioned,not_mentioned,not_mentioned,not_mentioned,not_mentioned,not_mentioned,not_mentioned,not_mentioned
Sara V NDE 5258,nderf,data\nderf\02752_sara-v-nde-5258.json,Indeterminate,0,False,False,False,other,not_mentioned,not_mentioned,not_mentioned,not_mentioned,not_mentioned,not_mentioned,not_mentioned,not_mentioned,not_mentioned
Jennifer D NDE 5265,nderf,data\nderf\02755_jennifer-d-nde-5265.json,Indeterminate,0,False,False,False,not_mentioned,not_mentioned,not_mentioned,not_mentioned,not_mentioned,not_mentioned,not_mentioned,not_mentioned,not_mentioned,not_mentioned
Marjorie S Probable NDE 5246,nderf,data\nderf\02756_marjorie-s-probable-nde-5246.json,Indeterminate,0,False,False,False,not_mentioned,no,no,no,not_mentioned,not_mentioned,not_mentioned,not_mentioned,not_mentioned,no
Matt H NDEs 5248 NDE 5248,nderf,data\nderf\02757_matt-h-ndes-5248-nde-5248.json,Indeterminate,0,False,False,False,not_your_time,yes_explicit,no,not_mentioned,not_mentioned,not_mentioned,not_mentioned,not_mentioned,not_mentioned,no
Andrew J NDE 5251,nderf,data\nderf\02758_andrew-j-nde-5251.json,Indeterminate,0,False,False,False,not_your_time,no,no,not_mentioned,not_mentioned,not_mentioned,not_mentioned,not_mentioned,not_mentioned,not_mentioned
Susan C Probable NDE 5268,nderf,data\nderf\02761_susan-c-probable-nde-5268.json,Indeterminate,0,False,False,False,no_reason_given,not_mentioned,not_mentioned,not_mentioned,not_mentioned,not_mentioned,not_mentioned,implied,not_mentioned,not_mentioned
Mary P NDE 5269,nderf,data\nderf\02762_mary-p-nde-5269.json,Indeterminate,0,False,False,False,not_mentioned,no,no,no,not_mentioned,not_mentioned,not_mentioned,implied,not_mentioned,no
Brandy M NDE 5272,nderf,data\nderf\02765_brandy-m-nde-5272.json,Indeterminate,0,False,False,False,family_responsibility,not_mentioned,not_mentioned,not_mentioned,not_mentioned,not_mentioned,not_mentioned,not_mentioned,not_mentioned,not_mentioned
Matthieu M NDE 5220,nderf,data\nderf\02768_matthieu-m-nde-5220.json,Indeterminate,0,False,False,False,other,not_mentioned,not_mentioned,not_mentioned,not_mentioned,not_mentioned,not_mentioned,not_mentioned,not_mentioned,not_mentioned
Agnes M NDE 5245,nderf,data\nderf\02769_agnes-m-nde-5245.json,Indeterminate,0,False,False,False,not_mentioned,not_mentioned,not_mentioned,not_mentioned,not_mentioned,not_mentioned,not_mentioned,not_mentioned,not_mentioned,not_mentioned
Colin S Probable NDE 5281,nderf,data\nderf\02770_colin-s-probable-nde-5281.json,Indeterminate,0,False,False,False,not_mentioned,no,no,no,not_mentioned,not_mentioned,not_mentioned,not_mentioned,none,no
Antonio J NDE 5276,nderf,data\nderf\02771_antonio-j-nde-5276.json,Indeterminate,0,False,False,False,not_mentioned,not_mentioned,not_mentioned,no,not_mentioned,not_mentioned,not_mentioned,not_mentioned,not_mentioned,no
Paul P NDE 5284,nderf,data\nderf\02772_paul-p-nde-5284.json,Indeterminate,0,False,False,False,family_responsibility,no,no,no,not_mentioned,not_mentioned,not_mentioned,not_mentioned,not_mentioned,no
Stephen Girlfriend Probable NDE 5285,nderf,data\nderf\02773_stephen-girlfriend-probable-nde-5285.json,Indeterminate,0,False,False,False,not_mentioned,not_mentioned,not_mentioned,not_mentioned,not_mentioned,not_mentioned,not_mentioned,not_mentioned,not_mentioned,not_mentioned
Donna M NDE 5286,nderf,data\nderf\02774_donna-m-nde-5286.json,Indeterminate,0,False,False,False,not_mentioned,not_mentioned,not_mentioned,not_mentioned,not_mentioned,not_mentioned,not_mentioned,not_mentioned,not_mentioned,not_mentioned
Tallulah F NDE 5287,nderf,data\nderf\02775_tallulah-f-nde-5287.json,Indeterminate,0,False,False,False,no_reason_given,not_mentioned,not_mentioned,not_mentioned,not_mentioned,not_mentioned,not_mentioned,not_mentioned,not_mentioned,not_mentioned
Burt G NDE 5289,nderf,data\nderf\02777_burt-g-nde-5289.json,Indeterminate,0,False,False,False,not_mentioned,not_mentioned,not_mentioned,not_mentioned,not_mentioned,not_mentioned,not_mentioned,not_mentioned,not_mentioned,not_mentioned
Art J NDE 5290,nderf,data\nderf\02778_art-j-nde-5290.json,Indeterminate,0,False,False,False,not_mentioned,not_mentioned,not_mentioned,not_mentioned,not_mentioned,not_mentioned,not_mentioned,not_mentioned,not_mentioned,not_mentioned
Emily R NDE 22524,nderf,data\nderf\02780_emily-r-nde-22524.json,Indeterminate,0,False,False,False,not_mentioned,not_mentioned,not_mentioned,not_mentioned,not_mentioned,not_mentioned,not_mentioned,not_mentioned,not_mentioned,not_mentioned
Tanya NDE 5295,nderf,data\nderf\02781_tanya-nde-5295.json,Indeterminate,0,False,False,False,not_mentioned,not_mentioned,not_mentioned,not_mentioned,not_mentioned,not_mentioned,not_mentioned,not_mentioned,not_mentioned,not_mentioned
Curtis M NDE 5297,nderf,data\nderf\02782_curtis-m-nde-5297.json,Indeterminate,0,False,False,False,family_responsibility,no,no,not_mentioned,not_mentioned,not_mentioned,not_mentioned,not_mentioned,not_mentioned,not_mentioned
Sabrina E Probable NDE 5298,nderf,data\nderf\02783_sabrina-e-probable-nde-5298.json,Indeterminate,0,False,False,False,other,no,not_mentioned,not_mentioned,not_mentioned,not_mentioned,not_mentioned,not_mentioned,not_mentioned,not_mentioned
Mitchell M NDE 5300,nderf,data\nderf\02785_mitchell-m-nde-5300.json,Indeterminate,0,False,False,False,not_your_time,no,not_mentioned,not_mentioned,not_mentioned,not_mentioned,not_mentioned,not_mentioned,not_mentioned,not_mentioned
Joe W NDE 5301,nderf,data\nderf\02786_joe-w-nde-5301.json,Indeterminate,0,False,False,False,other,no,no,no,not_mentioned,not_mentioned,not_mentioned,not_mentioned,not_mentioned,no
Ellen A Probable NDE 5302,nderf,data\nderf\02787_ellen-a-probable-nde-5302.json,Indeterminate,0,False,False,False,not_mentioned,not_mentioned,not_mentioned,not_mentioned,not_mentioned,not_mentioned,not_mentioned,not_mentioned,not_mentioned,not_mentioned
Eloise S NDE 5305,nderf,data\nderf\02789_eloise-s-nde-5305.json,Indeterminate,0,False,False,False,not_mentioned,not_mentioned,not_mentioned,not_mentioned,not_mentioned,not_mentioned,not_mentioned,not_mentioned,not_mentioned,not_mentioned
Jeff L NDE 5306,nderf,data\nderf\02790_jeff-l-nde-5306.json,Indeterminate,0,False,False,False,not_mentioned,not_mentioned,not_mentioned,not_mentioned,not_mentioned,not_mentioned,not_mentioned,not_mentioned,not_mentioned,not_mentioned
Charmaine M NDEs 5313 NDE 5313,nderf,data\nderf\02791_charmaine-m-ndes-5313-nde-5313.json,Indeterminate,0,False,False,False,not_your_time,yes_explicit,no,no,not_mentioned,not_mentioned,not_mentioned,not_mentioned,not_mentioned,no
Helen J Probable NDE 5314,nderf,data\nderf\02792_helen-j-probable-nde-5314.json,Indeterminate,0,False,False,False,not_mentioned,not_mentioned,not_mentioned,not_mentioned,not_mentioned,not_mentioned,not_mentioned,no,not_mentioned,not_mentioned
Kay NDE 5315,nderf,data\nderf\02793_kay-nde-5315.json,Indeterminate,0,False,False,False,not_mentioned,not_mentioned,not_mentioned,not_mentioned,not_mentioned,not_mentioned,not_mentioned,not_mentioned,not_mentioned,not_mentioned
Shane J NDE 5317,nderf,data\nderf\02794_shane-j-nde-5317.json,Indeterminate,0,False,False,False,other,not_mentioned,not_mentioned,not_mentioned,not_mentioned,not_mentioned,not_mentioned,not_mentioned,not_mentioned,not_mentioned
Lynn R NDE 5320,nderf,data\nderf\02795_lynn-r-nde-5320.json,Indeterminate,0,False,False,False,family_responsibility,no,no,no,not_mentioned,not_mentioned,not_mentioned,implied,not_mentioned,no
Christal NDE 5322,nderf,data\nderf\02796_christal-nde-5322.json,Indeterminate,0,False,False,False,not_your_time,not_mentioned,not_mentioned,not_mentioned,not_mentioned,not_mentioned,not_mentioned,not_mentioned,not_mentioned,not_mentioned
Magdalena M NDE 5294,nderf,data\nderf\02797_magdalena-m-nde-5294.json,Indeterminate,0,False,False,False,family_responsibility,not_mentioned,not_mentioned,not_mentioned,not_mentioned,not_mentioned,not_mentioned,not_mentioned,not_mentioned,not_mentioned
Darla M Probable NDE 16053,nderf,data\nderf\02798_darla-m-probable-nde-16053.json,Indeterminate,0,False,False,False,not_mentioned,not_mentioned,not_mentioned,not_mentioned,not_mentioned,not_mentioned,not_mentioned,not_mentioned,not_mentioned,not_mentioned
Beckie W NDE 5325,nderf,data\nderf\02801_beckie-w-nde-5325.json,Indeterminate,0,False,False,False,not_mentioned,not_mentioned,not_mentioned,not_mentioned,not_mentioned,not_mentioned,not_mentioned,not_mentioned,not_mentioned,not_mentioned
Henrietta K NDE 5331,nderf,data\nderf\02803_henrietta-k-nde-5331.json,Indeterminate,0,False,False,False,no_reason_given,not_mentioned,no,no,not_mentioned,not_mentioned,not_mentioned,implied,not_mentioned,no
Ozzie F NDE 5332,nderf,data\nderf\02804_ozzie-f-nde-5332.json,Indeterminate,0,False,False,False,not_your_time,not_mentioned,not_mentioned,not_mentioned,not_mentioned,not_mentioned,not_mentioned,not_mentioned,not_mentioned,not_mentioned
Giselle L NDE 5334,nderf,data\nderf\02805_giselle-l-nde-5334.json,Indeterminate,0,False,False,False,not_your_time,not_mentioned,not_mentioned,not_mentioned,not_mentioned,not_mentioned,not_mentioned,not_mentioned,not_mentioned,not_mentioned
Donna G Probable NDE 5340,nderf,data\nderf\02807_donna-g-probable-nde-5340.json,Indeterminate,0,False,False,False,not_your_time,no,no,no,not_mentioned,not_mentioned,not_mentioned,no,not_mentioned,no
Karen O Possible NDE 5342,nderf,data\nderf\02808_karen-o-possible-nde-5342.json,Indeterminate,0,False,False,False,not_your_time,yes_explicit,no,not_mentioned,not_mentioned,not_mentioned,not_mentioned,not_mentioned,not_mentioned,not_mentioned
Roberta W Probable NDE 5344,nderf,data\nderf\02810_roberta-w-probable-nde-5344.json,Indeterminate,0,False,False,False,no_reason_given,not_mentioned,not_mentioned,no,not_mentioned,not_mentioned,not_mentioned,not_mentioned,not_mentioned,no
Julianna NDE 5345,nderf,data\nderf\02811_julianna-nde-5345.json,Indeterminate,0,False,False,False,not_your_time,no,no,no,not_mentioned,not_mentioned,not_mentioned,no,none,no
Anne-Cécile NDE 5296,nderf,data\nderf\02812_anne-c-cile-nde-5296.json,Indeterminate,0,False,False,False,not_mentioned,not_mentioned,not_mentioned,not_mentioned,not_mentioned,not_mentioned,not_mentioned,not_mentioned,not_mentioned,not_mentioned
Jason P FDE 5346 NDE 5346,nderf,data\nderf\02813_jason-p-fde-5346-nde-5346.json,Indeterminate,0,False,False,False,not_mentioned,not_mentioned,not_mentioned,not_mentioned,not_mentioned,not_mentioned,not_mentioned,not_mentioned,not_mentioned,not_mentioned
Oscar O NDE 5350,nderf,data\nderf\02815_oscar-o-nde-5350.json,Indeterminate,0,False,False,False,no_reason_given,not_mentioned,not_mentioned,not_mentioned,not_mentioned,not_mentioned,not_mentioned,not_mentioned,not_mentioned,not_mentioned
Tracy D NDE 5352,nderf,data\nderf\02816_tracy-d-nde-5352.json,Indeterminate,0,False,False,False,not_your_time,no,no,no,not_mentioned,not_mentioned,not_mentioned,not_mentioned,none,no
Regina D NDE 5354,nderf,data\nderf\02817_regina-d-nde-5354.json,Indeterminate,0,False,False,False,other,not_mentioned,not_mentioned,not_mentioned,not_mentioned,not_mentioned,not_mentioned,not_mentioned,not_mentioned,not_mentioned
Karen M NDE 5357,nderf,data\nderf\02818_karen-m-nde-5357.json,Indeterminate,0,False,False,False,no_reason_given,not_mentioned,not_mentioned,not_mentioned,not_mentioned,not_mentioned,not_mentioned,not_mentioned,not_mentioned,not_mentioned
Margaret V NDE 5358/4844,nderf,data\nderf\02819_margaret-v-nde-5358-4844.json,Indeterminate,0,False,False,False,not_mentioned,not_mentioned,not_mentioned,not_mentioned,not_mentioned,not_mentioned,not_mentioned,not_mentioned,not_mentioned,not_mentioned
Angela E NDE 5360,nderf,data\nderf\02820_angela-e-nde-5360.json,Indeterminate,0,False,False,False,not_your_time,no,no,not_mentioned,not_mentioned,not_mentioned,not_mentioned,no,not_mentioned,no
Barbara E NDE 5361,nderf,data\nderf\02821_barbara-e-nde-5361.json,Indeterminate,0,False,False,False,family_responsibility,not_mentioned,not_mentioned,not_mentioned,not_mentioned,not_mentioned,not_mentioned,not_mentioned,not_mentioned,not_mentioned
Catherine M Probable NDE 5362,nderf,data\nderf\02822_catherine-m-probable-nde-5362.json,Indeterminate,0,False,False,False,not_mentioned,no,no,no,not_mentioned,not_mentioned,not_mentioned,no,none,no
Kristy G NDE 5366,nderf,data\nderf\02825_kristy-g-nde-5366.json,Indeterminate,0,False,False,False,family_responsibility,not_mentioned,not_mentioned,not_mentioned,not_mentioned,not_mentioned,not_mentioned,not_mentioned,not_mentioned,not_mentioned
Fergus NDE 5371,nderf,data\nderf\02830_fergus-nde-5371.json,Indeterminate,0,False,False,False,other,no,no,not_mentioned,not_mentioned,not_mentioned,not_mentioned,not_mentioned,not_mentioned,not_mentioned
Angela Probable FDE 6000 NDE 6000,nderf,data\nderf\02831_angela-probable-fde-6000-nde-6000.json,Indeterminate,0,False,False,False,not_mentioned,no,no,no,not_mentioned,not_mentioned,not_mentioned,not_mentioned,not_mentioned,no
Kelly S Possible NDE 6002,nderf,data\nderf\02832_kelly-s-possible-nde-6002.json,Indeterminate,0,False,False,False,not_mentioned,no,no,no,not_mentioned,not_mentioned,not_mentioned,not_mentioned,not_mentioned,no
Sandra Z NDE 22555,nderf,data\nderf\02833_sandra-z-nde-22555.json,Indeterminate,0,False,False,False,no_reason_given,not_mentioned,not_mentioned,not_mentioned,not_mentioned,not_mentioned,not_mentioned,not_mentioned,not_mentioned,not_mentioned
David D Probable NDE 6010,nderf,data\nderf\02835_david-d-probable-nde-6010.json,Indeterminate,0,False,False,False,not_mentioned,yes_explicit,not_mentioned,not_mentioned,not_mentioned,not_mentioned,not_mentioned,not_mentioned,not_mentioned,not_mentioned
Pauline L NDE 6012,nderf,data\nderf\02836_pauline-l-nde-6012.json,Indeterminate,0,False,False,False,family_responsibility,no,not_mentioned,not_mentioned,not_mentioned,not_mentioned,not_mentioned,not_mentioned,not_mentioned,not_mentioned
Douglas H NDEs 6014 NDE 6014,nderf,data\nderf\02837_douglas-h-ndes-6014-nde-6014.json,Indeterminate,0,False,False,False,not_mentioned,not_mentioned,not_mentioned,not_mentioned,not_mentioned,not_mentioned,not_mentioned,not_mentioned,not_mentioned,not_mentioned
Muhammad A Probable NDE 6015,nderf,data\nderf\02838_muhammad-a-probable-nde-6015.json,Indeterminate,0,False,False,False,other,implied,no,no,not_mentioned,not_mentioned,not_mentioned,not_mentioned,not_mentioned,no
Barry FDE 6016 NDE 6016,nderf,data\nderf\02839_barry-fde-6016-nde-6016.json,Indeterminate,0,False,False,False,not_mentioned,not_mentioned,no,no,not_mentioned,not_mentioned,not_mentioned,not_mentioned,not_mentioned,no
Danny B NDE 6018,nderf,data\nderf\02840_danny-b-nde-6018.json,Indeterminate,0,False,False,False,not_your_time,not_mentioned,not_mentioned,not_mentioned,not_mentioned,not_mentioned,not_mentioned,not_mentioned,not_mentioned,not_mentioned
Martin R Probable NDE 6020,nderf,data\nderf\02841_martin-r-probable-nde-6020.json,Indeterminate,0,False,False,False,not_your_time,no,not_mentioned,not_mentioned,not_mentioned,not_mentioned,not_mentioned,not_mentioned,not_mentioned,not_mentioned
Paula M NDE 6023,nderf,data\nderf\02842_paula-m-nde-6023.json,Indeterminate,0,False,False,False,not_your_time,implied,not_mentioned,not_mentioned,not_mentioned,not_mentioned,not_mentioned,not_mentioned,not_mentioned,not_mentioned
Maria NDE 5309,nderf,data\nderf\02843_maria-nde-5309.json,Indeterminate,0,False,False,False,no_reason_given,no,no,no,not_mentioned,not_mentioned,not_mentioned,not_mentioned,not_mentioned,no
Linda W Probable NDE 22558,nderf,data\nderf\02844_linda-w-probable-nde-22558.json,Indeterminate,0,False,False,False,not_mentioned,not_mentioned,not_mentioned,not_mentioned,not_mentioned,not_mentioned,not_mentioned,not_mentioned,not_mentioned,not_mentioned
Judith L Probable NDE 6024,nderf,data\nderf\02845_judith-l-probable-nde-6024.json,Indeterminate,0,False,False,False,no_reason_given,no,no,no,not_mentioned,not_mentioned,not_mentioned,implied,not_mentioned,no
Victoria H NDE 6025,nderf,data\nderf\02846_victoria-h-nde-6025.json,Indeterminate,0,False,False,False,not_mentioned,no,no,no,not_mentioned,not_mentioned,not_mentioned,not_mentioned,not_mentioned,no
Sophie K NDE 6026,nderf,data\nderf\02847_sophie-k-nde-6026.json,Indeterminate,0,False,False,False,family_responsibility,no,no,no,not_mentioned,not_mentioned,not_mentioned,implied,not_mentioned,no
Jill Probable NDE 6027,nderf,data\nderf\02848_jill-probable-nde-6027.json,Indeterminate,0,False,False,False,not_mentioned,not_mentioned,not_mentioned,no,not_mentioned,not_mentioned,not_mentioned,not_mentioned,not_mentioned,no
Marie NDE 6029,nderf,data\nderf\02849_marie-nde-6029.json,Indeterminate,0,False,False,False,not_mentioned,not_mentioned,not_mentioned,not_mentioned,not_mentioned,not_mentioned,not_mentioned,not_mentioned,not_mentioned,not_mentioned
Olu A Possible NDE 6030,nderf,data\nderf\02850_olu-a-possible-nde-6030.json,Indeterminate,0,False,False,False,no_reason_given,not_mentioned,not_mentioned,not_mentioned,not_mentioned,not_mentioned,not_mentioned,not_mentioned,not_mentioned,not_mentioned
Lawrence NDE 6031,nderf,data\nderf\02851_lawrence-nde-6031.json,Indeterminate,0,False,False,False,no_reason_given,not_mentioned,not_mentioned,not_mentioned,not_mentioned,not_mentioned,not_mentioned,not_mentioned,not_mentioned,not_mentioned
Manfred K NDE 5146,nderf,data\nderf\02852_manfred-k-nde-5146.json,Indeterminate,0,False,False,False,not_mentioned,yes_explicit,no,no,not_mentioned,not_mentioned,not_mentioned,not_mentioned,not_mentioned,no
Muzaffer E NDE 5274,nderf,data\nderf\02854_muzaffer-e-nde-5274.json,Indeterminate,0,False,False,False,not_mentioned,no,no,no,not_mentioned,not_mentioned,not_mentioned,not_mentioned,none,no
Barbara W NDE 16060,nderf,data\nderf\02855_barbara-w-nde-16060.json,Indeterminate,0,False,False,False,not_your_time,yes_explicit,no,no,not_mentioned,not_mentioned,not_mentioned,not_mentioned,not_mentioned,no
Billur P NDE 5372,nderf,data\nderf\02856_billur-p-nde-5372.json,Indeterminate,0,False,False,False,no_reason_given,not_mentioned,not_mentioned,not_mentioned,not_mentioned,not_mentioned,not_mentioned,not_mentioned,not_mentioned,not_mentioned
Pamela M NDE 6032,nderf,data\nderf\02858_pamela-m-nde-6032.json,Indeterminate,0,False,False,False,no_reason_given,no,no,no,not_mentioned,not_mentioned,not_mentioned,not_mentioned,not_mentioned,no
John C Experience 6034 NDE 6034,nderf,data\nderf\02859_john-c-experience-6034-nde-6034.json,Indeterminate,0,False,False,False,no_reason_given,no,no,no,not_mentioned,not_mentioned,not_mentioned,no,not_mentioned,no
Alex A NDE 6036,nderf,data\nderf\02860_alex-a-nde-6036.json,Indeterminate,0,False,False,False,no_reason_given,not_mentioned,not_mentioned,not_mentioned,not_mentioned,not_mentioned,not_mentioned,not_mentioned,not_mentioned,not_mentioned
Giuseppi C Possible NDE 6038,nderf,data\nderf\02862_giuseppi-c-possible-nde-6038.json,Indeterminate,0,False,False,False,not_mentioned,no,not_mentioned,no,not_mentioned,not_mentioned,not_mentioned,not_mentioned,not_mentioned,no
Tish Z NDE 6039,nderf,data\nderf\02863_tish-z-nde-6039.json,Indeterminate,0,False,False,False,not_your_time,not_mentioned,not_mentioned,not_mentioned,not_mentioned,not_mentioned,not_mentioned,not_mentioned,not_mentioned,not_mentioned
Tom K Probable NDE 6040,nderf,data\nderf\02864_tom-k-probable-nde-6040.json,Indeterminate,0,False,False,False,no_reason_given,not_mentioned,not_mentioned,not_mentioned,not_mentioned,not_mentioned,not_mentioned,not_mentioned,not_mentioned,not_mentioned
Isabelle P NDE 5374,nderf,data\nderf\02865_isabelle-p-nde-5374.json,Indeterminate,0,False,False,False,no_reason_given,not_mentioned,not_mentioned,not_mentioned,not_mentioned,not_mentioned,not_mentioned,not_mentioned,not_mentioned,not_mentioned
Lilith W NDE 5376,nderf,data\nderf\02867_lilith-w-nde-5376.json,Indeterminate,0,False,False,False,not_your_time,no,no,no,not_mentioned,not_mentioned,not_mentioned,not_mentioned,not_mentioned,no
Sue A Possible NDE 6042,nderf,data\nderf\02869_sue-a-possible-nde-6042.json,Indeterminate,0,False,False,False,other,no,no,no,not_mentioned,not_mentioned,not_mentioned,not_mentioned,not_mentioned,no
Sache P NDE 6047,nderf,data\nderf\02871_sache-p-nde-6047.json,Indeterminate,0,False,False,False,no_reason_given,no,no,no,not_mentioned,not_mentioned,not_mentioned,no,none,no
Christy H NDE 6048,nderf,data\nderf\02872_christy-h-nde-6048.json,Indeterminate,0,False,False,False,not_mentioned,not_mentioned,not_mentioned,no,not_mentioned,not_mentioned,not_mentioned,not_mentioned,not_mentioned,no
Rebecca B FDE 6049 NDE 6049,nderf,data\nderf\02873_rebecca-b-fde-6049-nde-6049.json,Indeterminate,0,False,False,False,not_mentioned,not_mentioned,no,no,not_mentioned,not_mentioned,no,not_mentioned,none,no
Maria GP Possible NDE 5378,nderf,data\nderf\02874_maria-gp-possible-nde-5378.json,Indeterminate,0,False,False,False,family_responsibility,yes_explicit,no,no,not_mentioned,not_mentioned,not_mentioned,not_mentioned,not_mentioned,no
Alexandre B FDE 5375 NDE 5375,nderf,data\nderf\02875_alexandre-b-fde-5375-nde-5375.json,Indeterminate,0,False,False,False,not_mentioned,not_mentioned,not_mentioned,not_mentioned,not_mentioned,not_mentioned,not_mentioned,not_mentioned,not_mentioned,not_mentioned
Tom S Probable NDE 6057,nderf,data\nderf\02876_tom-s-probable-nde-6057.json,Indeterminate,0,False,False,False,no_reason_given,no,no,not_mentioned,not_mentioned,not_mentioned,not_mentioned,not_mentioned,not_mentioned,not_mentioned
Jack S Probable NDE 6060,nderf,data\nderf\02878_jack-s-probable-nde-6060.json,Indeterminate,0,False,False,False,family_responsibility,not_mentioned,not_mentioned,not_mentioned,not_mentioned,not_mentioned,not_mentioned,not_mentioned,not_mentioned,not_mentioned
John R NDE 6102,nderf,data\nderf\02880_john-r-nde-6102.json,Indeterminate,0,False,False,False,not_mentioned,no,no,no,not_mentioned,not_mentioned,not_mentioned,not_mentioned,not_mentioned,no
Stephen I Experiences 22586 NDE 22586,nderf,data\nderf\02881_stephen-i-experiences-22586-nde-22586.json,Indeterminate,0,False,False,False,not_mentioned,not_mentioned,not_mentioned,not_mentioned,not_mentioned,not_mentioned,not_mentioned,not_mentioned,not_mentioned,not_mentioned
Benny M Probable NDE 6105,nderf,data\nderf\02882_benny-m-probable-nde-6105.json,Indeterminate,0,False,False,False,not_mentioned,not_mentioned,not_mentioned,not_mentioned,not_mentioned,not_mentioned,not_mentioned,not_mentioned,not_mentioned,not_mentioned
Kyle M NDE 6107,nderf,data\nderf\02883_kyle-m-nde-6107.json,Indeterminate,0,False,False,False,not_mentioned,not_mentioned,not_mentioned,not_mentioned,not_mentioned,not_mentioned,not_mentioned,no,not_mentioned,not_mentioned
Lysa NDE 6110,nderf,data\nderf\02884_lysa-nde-6110.json,Indeterminate,0,False,False,False,no_reason_given,no,no,no,not_mentioned,not_mentioned,not_mentioned,no,not_mentioned,no
Phyllis Probable NDE 6111,nderf,data\nderf\02885_phyllis-probable-nde-6111.json,Indeterminate,0,False,False,False,not_your_time,no,no,no,not_mentioned,not_mentioned,not_mentioned,not_mentioned,not_mentioned,no
Stephen M NDE 6113,nderf,data\nderf\02886_stephen-m-nde-6113.json,Indeterminate,0,False,False,False,not_mentioned,not_mentioned,not_mentioned,not_mentioned,not_mentioned,not_mentioned,not_mentioned,not_mentioned,not_mentioned,not_mentioned
Zander Probable NDE 6115,nderf,data\nderf\02888_zander-probable-nde-6115.json,Indeterminate,0,False,False,False,not_mentioned,not_mentioned,not_mentioned,not_mentioned,not_mentioned,not_mentioned,not_mentioned,not_mentioned,not_mentioned,not_mentioned
Helena K Probable NDE 6116,nderf,data\nderf\02889_helena-k-probable-nde-6116.json,Indeterminate,0,False,False,False,no_reason_given,not_mentioned,not_mentioned,not_mentioned,not_mentioned,not_mentioned,not_mentioned,not_mentioned,not_mentioned,not_mentioned
Brent M NDE 6117,nderf,data\nderf\02890_brent-m-nde-6117.json,Indeterminate,0,False,False,False,other,no,no,no,not_mentioned,not_mentioned,not_mentioned,not_mentioned,none,no
John M NDE 16057,nderf,data\nderf\02892_john-m-nde-16057.json,Indeterminate,0,False,False,False,not_mentioned,not_mentioned,not_mentioned,not_mentioned,not_mentioned,not_mentioned,not_mentioned,not_mentioned,not_mentioned,not_mentioned
Ray B NDE 16058,nderf,data\nderf\02893_ray-b-nde-16058.json,Indeterminate,0,False,False,False,family_responsibility,not_mentioned,no,not_mentioned,not_mentioned,not_mentioned,not_mentioned,not_mentioned,not_mentioned,not_mentioned
Paige M NDE 6124,nderf,data\nderf\02897_paige-m-nde-6124.json,Indeterminate,0,False,False,False,not_mentioned,not_mentioned,not_mentioned,not_mentioned,not_mentioned,not_mentioned,not_mentioned,not_mentioned,not_mentioned,not_mentioned
Sandy D NDE 6125,nderf,data\nderf\02898_sandy-d-nde-6125.json,Indeterminate,0,False,False,False,other,no,no,no,not_mentioned,not_mentioned,not_mentioned,no,not_mentioned,no
Lieselotte S NDE 6126,nderf,data\nderf\02899_lieselotte-s-nde-6126.json,Indeterminate,0,False,False,False,not_mentioned,not_mentioned,not_mentioned,not_mentioned,not_mentioned,not_mentioned,not_mentioned,not_mentioned,not_mentioned,not_mentioned
Nicole M Probable NDE 5384,nderf,data\nderf\02900_nicole-m-probable-nde-5384.json,Indeterminate,0,False,False,False,no_reason_given,no,no,not_mentioned,not_mentioned,not_mentioned,not_mentioned,not_mentioned,not_mentioned,not_mentioned
Ellie P NDE 6130,nderf,data\nderf\02902_ellie-p-nde-6130.json,Indeterminate,0,False,False,False,not_mentioned,not_mentioned,not_mentioned,no,not_mentioned,not_mentioned,not_mentioned,not_mentioned,none,no
Jeremy H NDE 2902,nderf,data\nderf\02902_jeremy-h-nde-2902.json,Indeterminate,0,False,False,False,other,implied,no,no,not_mentioned,not_mentioned,not_mentioned,no,not_mentioned,no
Kaleen NDE 6131,nderf,data\nderf\02903_kaleen-nde-6131.json,Indeterminate,0,False,False,False,no_reason_given,no,no,no,not_mentioned,not_mentioned,not_mentioned,not_mentioned,not_mentioned,no
Darlene L NDE 6017,nderf,data\nderf\02904_darlene-l-nde-6017.json,Indeterminate,0,False,False,False,not_your_time,not_mentioned,not_mentioned,not_mentioned,not_mentioned,not_mentioned,not_mentioned,not_mentioned,not_mentioned,not_mentioned
Lars N NDE 5387,nderf,data\nderf\02905_lars-n-nde-5387.json,Indeterminate,0,False,False,False,not_mentioned,no,no,no,not_mentioned,not_mentioned,not_mentioned,not_mentioned,none,no
Glenn F NDE 6144,nderf,data\nderf\02908_glenn-f-nde-6144.json,Indeterminate,0,False,False,False,no_reason_given,not_mentioned,no,no,not_mentioned,not_mentioned,not_mentioned,not_mentioned,not_mentioned,no
Paula Y Probable NDE 6143,nderf,data\nderf\02909_paula-y-probable-nde-6143.json,Indeterminate,0,False,False,False,not_mentioned,not_mentioned,not_mentioned,not_mentioned,not_mentioned,not_mentioned,not_mentioned,not_mentioned,not_mentioned,not_mentioned
Harold R NDE 6141,nderf,data\nderf\02911_harold-r-nde-6141.json,Indeterminate,0,False,False,False,not_your_time,no,no,no,not_mentioned,not_mentioned,not_mentioned,not_mentioned,not_mentioned,no
Michael P NDE 6140,nderf,data\nderf\02912_michael-p-nde-6140.json,Indeterminate,0,False,False,False,not_your_time,not_mentioned,not_mentioned,not_mentioned,not_mentioned,not_mentioned,not_mentioned,not_mentioned,not_mentioned,not_mentioned
Kirat A NDE 6139,nderf,data\nderf\02913_kirat-a-nde-6139.json,Indeterminate,0,False,False,False,not_mentioned,not_mentioned,not_mentioned,not_mentioned,not_mentioned,not_mentioned,not_mentioned,not_mentioned,not_mentioned,not_mentioned
Kelly L NDE 6147,nderf,data\nderf\02918_kelly-l-nde-6147.json,Indeterminate,0,False,False,False,not_mentioned,not_mentioned,not_mentioned,not_mentioned,not_mentioned,not_mentioned,not_mentioned,not_mentioned,not_mentioned,not_mentioned
Bella K NDE 6148,nderf,data\nderf\02919_bella-k-nde-6148.json,Indeterminate,0,False,False,False,no_reason_given,no,no,no,not_mentioned,not_mentioned,not_mentioned,implied,not_mentioned,no
Debbie B NDE 6149,nderf,data\nderf\02920_debbie-b-nde-6149.json,Indeterminate,0,False,False,False,not_mentioned,no,no,no,not_mentioned,not_mentioned,not_mentioned,not_mentioned,not_mentioned,no
Genevieve G NDE 5390,nderf,data\nderf\02923_genevieve-g-nde-5390.json,Indeterminate,0,False,False,False,not_mentioned,not_mentioned,not_mentioned,not_mentioned,not_mentioned,not_mentioned,not_mentioned,not_mentioned,not_mentioned,not_mentioned
Erinn H NDE 6155,nderf,data\nderf\02924_erinn-h-nde-6155.json,Indeterminate,0,False,False,False,not_your_time,no,no,not_mentioned,not_mentioned,not_mentioned,not_mentioned,not_mentioned,not_mentioned,not_mentioned
Marilyn R NDE 6158,nderf,data\nderf\02925_marilyn-r-nde-6158.json,Indeterminate,0,False,False,False,not_your_time,yes_explicit,no,no,not_mentioned,not_mentioned,not_mentioned,not_mentioned,not_mentioned,no
Mark G Probable NDE 22617,nderf,data\nderf\02926_mark-g-probable-nde-22617.json,Indeterminate,0,False,False,False,family_responsibility,no,not_mentioned,not_mentioned,not_mentioned,not_mentioned,not_mentioned,not_mentioned,not_mentioned,not_mentioned
Tony D NDE 6160,nderf,data\nderf\02928_tony-d-nde-6160.json,Indeterminate,0,False,False,False,not_mentioned,not_mentioned,not_mentioned,not_mentioned,not_mentioned,not_mentioned,not_mentioned,not_mentioned,not_mentioned,not_mentioned
Jose M Probable NDE 6162,nderf,data\nderf\02929_jose-m-probable-nde-6162.json,Indeterminate,0,False,False,False,no_reason_given,no,not_mentioned,not_mentioned,not_mentioned,not_mentioned,not_mentioned,not_mentioned,not_mentioned,not_mentioned
Michael L NDE 6167,nderf,data\nderf\02933_michael-l-nde-6167.json,Indeterminate,0,False,False,False,not_mentioned,no,no,not_mentioned,not_mentioned,not_mentioned,not_mentioned,not_mentioned,not_mentioned,not_mentioned
Erich B Probable NDE 6170,nderf,data\nderf\02935_erich-b-probable-nde-6170.json,Indeterminate,0,False,False,False,not_mentioned,not_mentioned,not_mentioned,not_mentioned,not_mentioned,not_mentioned,not_mentioned,not_mentioned,not_mentioned,not_mentioned
Jeanette F NDE 6171,nderf,data\nderf\02936_jeanette-f-nde-6171.json,Indeterminate,0,False,False,False,not_mentioned,not_mentioned,not_mentioned,no,not_mentioned,not_mentioned,not_mentioned,not_mentioned,not_mentioned,no
Ross F NDE 6172,nderf,data\nderf\02937_ross-f-nde-6172.json,Indeterminate,0,False,False,False,not_mentioned,no,no,no,not_mentioned,not_mentioned,not_mentioned,no,not_mentioned,no
Karyn E FDE 6174 NDE 6174,nderf,data\nderf\02938_karyn-e-fde-6174-nde-6174.json,Indeterminate,0,False,False,False,not_mentioned,implied,no,no,not_mentioned,not_mentioned,not_mentioned,not_mentioned,none,no
Dahlia Y NDEs 6175 NDE 6175,nderf,data\nderf\02939_dahlia-y-ndes-6175-nde-6175.json,Indeterminate,0,False,False,False,not_your_time,no,not_mentioned,not_mentioned,not_mentioned,not_mentioned,not_mentioned,not_mentioned,not_mentioned,not_mentioned
Carmen J NDE 6176,nderf,data\nderf\02940_carmen-j-nde-6176.json,Indeterminate,0,False,False,False,other,not_mentioned,not_mentioned,not_mentioned,not_mentioned,not_mentioned,not_mentioned,not_mentioned,not_mentioned,not_mentioned
Yolanda W NDE 16017,nderf,data\nderf\02942_yolanda-w-nde-16017.json,Indeterminate,0,False,False,False,no_reason_given,not_mentioned,not_mentioned,not_mentioned,not_mentioned,not_mentioned,not_mentioned,not_mentioned,not_mentioned,not_mentioned
Ronald A NDE 6179,nderf,data\nderf\02943_ronald-a-nde-6179.json,Indeterminate,0,False,False,False,no_reason_given,not_mentioned,not_mentioned,not_mentioned,not_mentioned,not_mentioned,not_mentioned,not_mentioned,not_mentioned,not_mentioned
Steve N NDE 6181,nderf,data\nderf\02944_steve-n-nde-6181.json,Indeterminate,0,False,False,False,no_reason_given,no,no,no,not_mentioned,not_mentioned,not_mentioned,not_mentioned,not_mentioned,no
William E NDE 6182,nderf,data\nderf\02945_william-e-nde-6182.json,Indeterminate,0,False,False,False,not_mentioned,no,no,no,not_mentioned,not_mentioned,not_mentioned,not_mentioned,not_mentioned,no
Roy B Possible NDE 6183,nderf,data\nderf\02946_roy-b-possible-nde-6183.json,Indeterminate,0,False,False,False,no_reason_given,no,no,no,not_mentioned,not_mentioned,not_mentioned,not_mentioned,not_mentioned,no
Ryan G NDE 6186,nderf,data\nderf\02948_ryan-g-nde-6186.json,Indeterminate,0,False,False,False,not_your_time,no,no,not_mentioned,not_mentioned,not_mentioned,not_mentioned,not_mentioned,not_mentioned,not_mentioned
Paulina D Probable NDE 6187,nderf,data\nderf\02949_paulina-d-probable-nde-6187.json,Indeterminate,0,False,False,False,not_mentioned,not_mentioned,not_mentioned,not_mentioned,not_mentioned,not_mentioned,not_mentioned,not_mentioned,not_mentioned,not_mentioned
Kaycee Probable NDE 6188,nderf,data\nderf\02950_kaycee-probable-nde-6188.json,Indeterminate,0,False,False,False,no_reason_given,not_mentioned,not_mentioned,not_mentioned,not_mentioned,not_mentioned,not_mentioned,not_mentioned,not_mentioned,not_mentioned
Laura B NDE 6195,nderf,data\nderf\02952_laura-b-nde-6195.json,Indeterminate,0,False,False,False,no_reason_given,no,no,not_mentioned,not_mentioned,not_mentioned,not_mentioned,not_mentioned,not_mentioned,not_mentioned
Lacy NDE 6196,nderf,data\nderf\02953_lacy-nde-6196.json,Indeterminate,0,False,False,False,no_reason_given,no,no,no,not_mentioned,not_mentioned,not_mentioned,not_mentioned,not_mentioned,no
Rose NDE 16018,nderf,data\nderf\02954_rose-nde-16018.json,Indeterminate,0,False,False,False,not_mentioned,not_mentioned,not_mentioned,not_mentioned,not_mentioned,not_mentioned,not_mentioned,not_mentioned,not_mentioned,not_mentioned
Riki Possible NDE 16019,nderf,data\nderf\02955_riki-possible-nde-16019.json,Indeterminate,0,False,False,False,not_mentioned,not_mentioned,not_mentioned,no,not_mentioned,not_mentioned,not_mentioned,not_mentioned,not_mentioned,no
Earl M NDE 6197,nderf,data\nderf\02957_earl-m-nde-6197.json,Indeterminate,0,False,False,False,not_mentioned,not_mentioned,not_mentioned,not_mentioned,not_mentioned,not_mentioned,not_mentioned,not_mentioned,not_mentioned,not_mentioned
Janie N Probable NDE 6198,nderf,data\nderf\02958_janie-n-probable-nde-6198.json,Indeterminate,0,False,False,False,no_reason_given,no,not_mentioned,not_mentioned,not_mentioned,not_mentioned,not_mentioned,not_mentioned,not_mentioned,not_mentioned
Mary B Probable NDE 22643,nderf,data\nderf\02961_mary-b-probable-nde-22643.json,Indeterminate,0,False,False,False,not_mentioned,not_mentioned,not_mentioned,not_mentioned,not_mentioned,not_mentioned,not_mentioned,not_mentioned,not_mentioned,not_mentioned
Maia S NDE 6206,nderf,data\nderf\02963_maia-s-nde-6206.json,Indeterminate,0,False,False,False,no_reason_given,no,no,no,not_mentioned,not_mentioned,not_mentioned,not_mentioned,not_mentioned,no
Gary C NDE 5379,nderf,data\nderf\02968_gary-c-nde-5379.json,Indeterminate,0,False,False,False,not_your_time,implied,not_mentioned,not_mentioned,not_mentioned,not_mentioned,not_mentioned,not_mentioned,not_mentioned,not_mentioned
Dani S NDE 22646,nderf,data\nderf\02970_dani-s-nde-22646.json,Indeterminate,0,False,False,False,not_mentioned,not_mentioned,not_mentioned,not_mentioned,not_mentioned,not_mentioned,not_mentioned,not_mentioned,not_mentioned,not_mentioned
Ron B Probable NDE 6208,nderf,data\nderf\02972_ron-b-probable-nde-6208.json,Indeterminate,0,False,False,False,not_mentioned,not_mentioned,not_mentioned,not_mentioned,not_mentioned,not_mentioned,not_mentioned,not_mentioned,not_mentioned,not_mentioned
Larry P NDE 6211,nderf,data\nderf\02973_larry-p-nde-6211.json,Indeterminate,0,False,False,False,no_reason_given,not_mentioned,not_mentioned,not_mentioned,not_mentioned,not_mentioned,not_mentioned,not_mentioned,not_mentioned,not_mentioned
Shea B NDE 6213,nderf,data\nderf\02974_shea-b-nde-6213.json,Indeterminate,0,False,False,False,family_responsibility,no,no,no,not_mentioned,not_mentioned,not_mentioned,not_mentioned,not_mentioned,no
Raina K NDE 5401,nderf,data\nderf\02975_raina-k-nde-5401.json,Indeterminate,0,False,False,False,not_mentioned,no,no,no,not_mentioned,not_mentioned,not_mentioned,not_mentioned,none,no
Jane E NDE 6214,nderf,data\nderf\02976_jane-e-nde-6214.json,Indeterminate,0,False,False,False,not_mentioned,not_mentioned,not_mentioned,not_mentioned,not_mentioned,not_mentioned,not_mentioned,not_mentioned,not_mentioned,not_mentioned
Majenta S Probable NDE 6217,nderf,data\nderf\02977_majenta-s-probable-nde-6217.json,Indeterminate,0,False,False,False,other,implied,no,not_mentioned,not_mentioned,not_mentioned,not_mentioned,implied,not_mentioned,not_mentioned
Sharon G NDE 6215,nderf,data\nderf\02978_sharon-g-nde-6215.json,Indeterminate,0,False,False,False,no_reason_given,no,no,no,not_mentioned,not_mentioned,not_mentioned,not_mentioned,none,no
Sigrid Possible NDEs 5404 NDE 5404,nderf,data\nderf\02979_sigrid-possible-ndes-5404-nde-5404.json,Indeterminate,0,False,False,False,family_responsibility,not_mentioned,not_mentioned,not_mentioned,not_mentioned,not_mentioned,not_mentioned,not_mentioned,not_mentioned,not_mentioned
John S NDE 22655,nderf,data\nderf\02980_john-s-nde-22655.json,Indeterminate,0,False,False,False,not_your_time,no,no,no,not_mentioned,not_mentioned,not_mentioned,not_mentioned,not_mentioned,no
Catherine H FDE 6219 NDE 6219,nderf,data\nderf\02981_catherine-h-fde-6219-nde-6219.json,Indeterminate,0,False,False,False,not_mentioned,not_mentioned,not_mentioned,not_mentioned,not_mentioned,not_mentioned,not_mentioned,not_mentioned,not_mentioned,not_mentioned
Veronica M NDE 6221,nderf,data\nderf\02982_veronica-m-nde-6221.json,Indeterminate,0,False,False,False,not_mentioned,not_mentioned,not_mentioned,not_mentioned,not_mentioned,not_mentioned,not_mentioned,not_mentioned,not_mentioned,not_mentioned
EBB Possible NDE 5405,nderf,data\nderf\02983_ebb-possible-nde-5405.json,Indeterminate,0,False,False,False,family_responsibility,no,no,no,not_mentioned,not_mentioned,not_mentioned,not_mentioned,not_mentioned,no
Dagoberto O NDE 5396,nderf,data\nderf\02984_dagoberto-o-nde-5396.json,Indeterminate,0,False,False,False,not_mentioned,not_mentioned,not_mentioned,not_mentioned,not_mentioned,not_mentioned,not_mentioned,not_mentioned,not_mentioned,not_mentioned
Ana Probable NDE 5402,nderf,data\nderf\02985_ana-probable-nde-5402.json,Indeterminate,0,False,False,False,no_reason_given,no,no,no,not_mentioned,not_mentioned,not_mentioned,no,not_mentioned,no
Chuck H NDE 6222,nderf,data\nderf\02986_chuck-h-nde-6222.json,Indeterminate,0,False,False,False,no_reason_given,not_mentioned,not_mentioned,no,not_mentioned,not_mentioned,not_mentioned,not_mentioned,not_mentioned,no
Margaret H Probable NDE 6229,nderf,data\nderf\02988_margaret-h-probable-nde-6229.json,Indeterminate,0,False,False,False,not_mentioned,not_mentioned,not_mentioned,not_mentioned,not_mentioned,not_mentioned,not_mentioned,implied,not_mentioned,not_mentioned
Winnie J NDE 6231,nderf,data\nderf\02989_winnie-j-nde-6231.json,Indeterminate,0,False,False,False,other,no,no,not_mentioned,not_mentioned,not_mentioned,not_mentioned,not_mentioned,not_mentioned,not_mentioned
Ricardo H NDE 5403,nderf,data\nderf\02991_ricardo-h-nde-5403.json,Indeterminate,0,False,False,False,no_reason_given,implied,no,no,not_mentioned,not_mentioned,not_mentioned,not_mentioned,none,no
Jared NDE 6234,nderf,data\nderf\02994_jared-nde-6234.json,Indeterminate,0,False,False,False,no_reason_given,not_mentioned,not_mentioned,not_mentioned,not_mentioned,not_mentioned,not_mentioned,not_mentioned,not_mentioned,not_mentioned
Janie A Probable NDE 6239,nderf,data\nderf\02997_janie-a-probable-nde-6239.json,Indeterminate,0,False,False,False,not_mentioned,not_mentioned,not_mentioned,not_mentioned,not_mentioned,not_mentioned,not_mentioned,not_mentioned,not_mentioned,not_mentioned
Nancy T NDE 6240,nderf,data\nderf\02998_nancy-t-nde-6240.json,Indeterminate,0,False,False,False,not_mentioned,not_mentioned,not_mentioned,not_mentioned,not_mentioned,not_mentioned,not_mentioned,not_mentioned,not_mentioned,not_mentioned
Laura L NDE 6241,nderf,data\nderf\02999_laura-l-nde-6241.json,Indeterminate,0,False,False,False,no_reason_given,no,not_mentioned,not_mentioned,not_mentioned,not_mentioned,not_mentioned,not_mentioned,not_mentioned,not_mentioned
Frances Z NDE 6242,nderf,data\nderf\03001_frances-z-nde-6242.json,Indeterminate,0,False,False,False,no_reason_given,no,not_mentioned,not_mentioned,not_mentioned,not_mentioned,not_mentioned,no,not_mentioned,not_mentioned
Teresa C Possible NDE 16027,nderf,data\nderf\03002_teresa-c-possible-nde-16027.json,Indeterminate,0,False,False,False,not_mentioned,not_mentioned,not_mentioned,not_mentioned,not_mentioned,not_mentioned,not_mentioned,not_mentioned,not_mentioned,not_mentioned
Elena E NDE 22665,nderf,data\nderf\03003_elena-e-nde-22665.json,Indeterminate,0,False,False,False,no_reason_given,no,no,no,not_mentioned,not_mentioned,not_mentioned,not_mentioned,not_mentioned,no
Brenda H NDE 22671,nderf,data\nderf\03004_brenda-h-nde-22671.json,Indeterminate,0,False,False,False,not_mentioned,not_mentioned,not_mentioned,not_mentioned,not_mentioned,not_mentioned,not_mentioned,not_mentioned,not_mentioned,not_mentioned
Steve L NDE 6244,nderf,data\nderf\03005_steve-l-nde-6244.json,Indeterminate,0,False,False,False,no_reason_given,no,no,no,not_mentioned,not_mentioned,not_mentioned,not_mentioned,not_mentioned,no
Lois T NDE 6248,nderf,data\nderf\03008_lois-t-nde-6248.json,Indeterminate,0,False,False,False,not_mentioned,not_mentioned,not_mentioned,not_mentioned,not_mentioned,not_mentioned,not_mentioned,not_mentioned,not_mentioned,not_mentioned
Gary F NDE 6249,nderf,data\nderf\03009_gary-f-nde-6249.json,Indeterminate,0,False,False,False,no_reason_given,not_mentioned,not_mentioned,not_mentioned,not_mentioned,not_mentioned,not_mentioned,not_mentioned,not_mentioned,not_mentioned
Soony NDEs 6348/16029 NDE 16029,nderf,data\nderf\03011_soony-ndes-6348-16029-nde-16029.json,Indeterminate,0,False,False,False,not_mentioned,not_mentioned,not_mentioned,not_mentioned,not_mentioned,not_mentioned,not_mentioned,not_mentioned,not_mentioned,not_mentioned
Barbara L Possible NDE 6250,nderf,data\nderf\03012_barbara-l-possible-nde-6250.json,Indeterminate,0,False,False,False,family_responsibility,no,not_mentioned,not_mentioned,not_mentioned,not_mentioned,not_mentioned,not_mentioned,not_mentioned,not_mentioned
Paula H NDE 6251,nderf,data\nderf\03013_paula-h-nde-6251.json,Indeterminate,0,False,False,False,family_responsibility,no,no,no,not_mentioned,not_mentioned,not_mentioned,not_mentioned,none,no
Jack NDE 6252,nderf,data\nderf\03014_jack-nde-6252.json,Indeterminate,0,False,False,False,not_mentioned,not_mentioned,not_mentioned,not_mentioned,not_mentioned,not_mentioned,not_mentioned,not_mentioned,not_mentioned,not_mentioned
Sara M NDE 6253,nderf,data\nderf\03015_sara-m-nde-6253.json,Indeterminate,0,False,False,False,other,no,no,not_mentioned,not_mentioned,not_mentioned,not_mentioned,not_mentioned,not_mentioned,not_mentioned
Matthew E Probable NDE 6256,nderf,data\nderf\03016_matthew-e-probable-nde-6256.json,Indeterminate,0,False,False,False,not_mentioned,not_mentioned,not_mentioned,not_mentioned,not_mentioned,not_mentioned,not_mentioned,not_mentioned,not_mentioned,not_mentioned
Anthony S Possible NDE 6257,nderf,data\nderf\03017_anthony-s-possible-nde-6257.json,Indeterminate,0,False,False,False,no_reason_given,not_mentioned,not_mentioned,not_mentioned,not_mentioned,not_mentioned,not_mentioned,not_mentioned,not_mentioned,not_mentioned
Rose M NDE 5408,nderf,data\nderf\03018_rose-m-nde-5408.json,Indeterminate,0,False,False,False,no_reason_given,not_mentioned,not_mentioned,not_mentioned,not_mentioned,not_mentioned,not_mentioned,not_mentioned,not_mentioned,not_mentioned
Margot Probable NDE 5411,nderf,data\nderf\03020_margot-probable-nde-5411.json,Indeterminate,0,False,False,False,not_mentioned,no,no,not_mentioned,not_mentioned,not_mentioned,not_mentioned,not_mentioned,not_mentioned,not_mentioned
Maggy C NDE 6259,nderf,data\nderf\03023_maggy-c-nde-6259.json,Indeterminate,0,False,False,False,not_mentioned,no,no,no,not_mentioned,not_mentioned,not_mentioned,not_mentioned,none,no
Lisa B Probable NDE 6260,nderf,data\nderf\03024_lisa-b-probable-nde-6260.json,Indeterminate,0,False,False,False,not_mentioned,no,no,no,not_mentioned,not_mentioned,not_mentioned,not_mentioned,not_mentioned,no
Michael P ICU Experience 6264 NDE 6264,nderf,data\nderf\03025_michael-p-icu-experience-6264-nde-6264.json,Indeterminate,0,False,False,False,not_mentioned,no,not_mentioned,not_mentioned,not_mentioned,not_mentioned,not_mentioned,not_mentioned,not_mentioned,not_mentioned
Dwight M NDE 6265,nderf,data\nderf\03026_dwight-m-nde-6265.json,Indeterminate,0,False,False,False,not_mentioned,not_mentioned,not_mentioned,not_mentioned,not_mentioned,not_mentioned,not_mentioned,not_mentioned,not_mentioned,not_mentioned
Rose F NDE 6269,nderf,data\nderf\03028_rose-f-nde-6269.json,Indeterminate,0,False,False,False,not_mentioned,not_mentioned,not_mentioned,no,not_mentioned,not_mentioned,not_mentioned,implied,not_mentioned,no
Billie S NDE 6268,nderf,data\nderf\03031_billie-s-nde-6268.json,Indeterminate,0,False,False,False,not_mentioned,not_mentioned,not_mentioned,not_mentioned,not_mentioned,not_mentioned,not_mentioned,not_mentioned,not_mentioned,not_mentioned
Ned D NDE 6275,nderf,data\nderf\03035_ned-d-nde-6275.json,Indeterminate,0,False,False,False,not_mentioned,not_mentioned,not_mentioned,not_mentioned,not_mentioned,not_mentioned,not_mentioned,not_mentioned,not_mentioned,not_mentioned
Victor D Probable NDE 6278,nderf,data\nderf\03037_victor-d-probable-nde-6278.json,Indeterminate,0,False,False,False,not_mentioned,not_mentioned,not_mentioned,not_mentioned,not_mentioned,not_mentioned,not_mentioned,not_mentioned,not_mentioned,not_mentioned
Julian A NDE 5417,nderf,data\nderf\03038_julian-a-nde-5417.json,Indeterminate,0,False,False,False,no_reason_given,not_mentioned,not_mentioned,not_mentioned,not_mentioned,not_mentioned,not_mentioned,not_mentioned,not_mentioned,not_mentioned
Stephane R NDE 5406,nderf,data\nderf\03039_stephane-r-nde-5406.json,Indeterminate,0,False,False,False,no_reason_given,yes_explicit,no,no,not_mentioned,not_mentioned,not_mentioned,not_mentioned,not_mentioned,no
Tara S NDE 6279,nderf,data\nderf\03040_tara-s-nde-6279.json,Indeterminate,0,False,False,False,other,no,no,no,not_mentioned,not_mentioned,not_mentioned,not_mentioned,not_mentioned,no
Julie B NDE 22687,nderf,data\nderf\03041_julie-b-nde-22687.json,Indeterminate,0,False,False,False,family_responsibility,no,not_mentioned,not_mentioned,not_mentioned,not_mentioned,not_mentioned,not_mentioned,not_mentioned,not_mentioned
Cory G NDE 6280,nderf,data\nderf\03044_cory-g-nde-6280.json,Indeterminate,0,False,False,False,not_mentioned,not_mentioned,not_mentioned,not_mentioned,not_mentioned,not_mentioned,not_mentioned,not_mentioned,not_mentioned,not_mentioned
William G NDE 16035,nderf,data\nderf\03045_william-g-nde-16035.json,Indeterminate,0,False,False,False,family_responsibility,not_mentioned,not_mentioned,not_mentioned,not_mentioned,not_mentioned,not_mentioned,not_mentioned,not_mentioned,not_mentioned
Lisa K NDE 6283,nderf,data\nderf\03046_lisa-k-nde-6283.json,Indeterminate,0,False,False,False,not_mentioned,not_mentioned,not_mentioned,not_mentioned,not_mentioned,not_mentioned,not_mentioned,implied,not_mentioned,not_mentioned
Brian G NDE 6286,nderf,data\nderf\03048_brian-g-nde-6286.json,Indeterminate,0,False,False,False,not_mentioned,not_mentioned,not_mentioned,not_mentioned,not_mentioned,not_mentioned,not_mentioned,not_mentioned,not_mentioned,not_mentioned
Trish R Possible NDE 6287,nderf,data\nderf\03049_trish-r-possible-nde-6287.json,Indeterminate,0,False,False,False,other,implied,no,no,not_mentioned,not_mentioned,not_mentioned,no,not_mentioned,no
Enocia J NDE 6291,nderf,data\nderf\03053_enocia-j-nde-6291.json,Indeterminate,0,False,False,False,not_mentioned,not_mentioned,not_mentioned,not_mentioned,not_mentioned,not_mentioned,not_mentioned,not_mentioned,not_mentioned,not_mentioned
Evie D NDE 6293,nderf,data\nderf\03055_evie-d-nde-6293.json,Indeterminate,0,False,False,False,not_your_time,not_mentioned,no,no,not_mentioned,not_mentioned,not_mentioned,not_mentioned,not_mentioned,no
Bill S NDEs 6294 NDE 6294,nderf,data\nderf\03056_bill-s-ndes-6294-nde-6294.json,Indeterminate,0,False,False,False,no_reason_given,no,no,no,not_mentioned,not_mentioned,not_mentioned,not_mentioned,not_mentioned,no
Paula S NDE 6297,nderf,data\nderf\03057_paula-s-nde-6297.json,Indeterminate,0,False,False,False,not_your_time,not_mentioned,not_mentioned,not_mentioned,not_mentioned,not_mentioned,not_mentioned,not_mentioned,not_mentioned,not_mentioned
Debra Y NDE 22698,nderf,data\nderf\03059_debra-y-nde-22698.json,Indeterminate,0,False,False,False,not_mentioned,not_mentioned,not_mentioned,not_mentioned,not_mentioned,not_mentioned,not_mentioned,not_mentioned,not_mentioned,not_mentioned
Lawrence H NDE 6303,nderf,data\nderf\03060_lawrence-h-nde-6303.json,Indeterminate,0,False,False,False,family_responsibility,no,not_mentioned,not_mentioned,not_mentioned,not_mentioned,not_mentioned,not_mentioned,not_mentioned,not_mentioned
Anne N NDE 6288/6305,nderf,data\nderf\03063_anne-n-nde-6288-6305.json,Indeterminate,0,False,False,False,no_reason_given,no,not_mentioned,not_mentioned,not_mentioned,not_mentioned,not_mentioned,not_mentioned,not_mentioned,not_mentioned
Darla NDE 6307,nderf,data\nderf\03064_darla-nde-6307.json,Indeterminate,0,False,False,False,not_mentioned,not_mentioned,not_mentioned,not_mentioned,not_mentioned,not_mentioned,not_mentioned,not_mentioned,not_mentioned,not_mentioned
Carole M NDE 6308,nderf,data\nderf\03065_carole-m-nde-6308.json,Indeterminate,0,False,False,False,not_mentioned,not_mentioned,not_mentioned,no,not_mentioned,not_mentioned,not_mentioned,not_mentioned,not_mentioned,no
Lina N Probable NDE 6312,nderf,data\nderf\03066_lina-n-probable-nde-6312.json,Indeterminate,0,False,False,False,not_your_time,not_mentioned,not_mentioned,not_mentioned,not_mentioned,not_mentioned,not_mentioned,not_mentioned,not_mentioned,not_mentioned
Frank S NDE 6313,nderf,data\nderf\03067_frank-s-nde-6313.json,Indeterminate,0,False,False,False,not_mentioned,not_mentioned,not_mentioned,not_mentioned,not_mentioned,not_mentioned,not_mentioned,not_mentioned,not_mentioned,not_mentioned
Belazreg H NDE 6304,nderf,data\nderf\03069_belazreg-h-nde-6304.json,Indeterminate,0,False,False,False,not_mentioned,no,not_mentioned,no,not_mentioned,not_mentioned,not_mentioned,not_mentioned,not_mentioned,no
Bonnie H Probable NDE 6314,nderf,data\nderf\03070_bonnie-h-probable-nde-6314.json,Indeterminate,0,False,False,False,not_mentioned,no,not_mentioned,not_mentioned,not_mentioned,not_mentioned,not_mentioned,not_mentioned,not_mentioned,not_mentioned
Jon S NDE 6315,nderf,data\nderf\03071_jon-s-nde-6315.json,Indeterminate,0,False,False,False,not_mentioned,not_mentioned,not_mentioned,no,not_mentioned,not_mentioned,not_mentioned,not_mentioned,not_mentioned,no
Bill D NDE 6316,nderf,data\nderf\03072_bill-d-nde-6316.json,Indeterminate,0,False,False,False,not_mentioned,not_mentioned,not_mentioned,not_mentioned,not_mentioned,not_mentioned,not_mentioned,not_mentioned,not_mentioned,not_mentioned
Teresita Possible NDE 6310,nderf,data\nderf\03074_teresita-possible-nde-6310.json,Indeterminate,0,False,False,False,family_responsibility,no,no,no,not_mentioned,not_mentioned,not_mentioned,not_mentioned,not_mentioned,no
Regina NDE 22707,nderf,data\nderf\03075_regina-nde-22707.json,Indeterminate,0,False,False,False,no_reason_given,not_mentioned,not_mentioned,not_mentioned,not_mentioned,not_mentioned,not_mentioned,not_mentioned,not_mentioned,not_mentioned
Michel L NDE 6319,nderf,data\nderf\03076_michel-l-nde-6319.json,Indeterminate,0,False,False,False,no_reason_given,not_mentioned,not_mentioned,not_mentioned,not_mentioned,not_mentioned,not_mentioned,not_mentioned,not_mentioned,not_mentioned
Sara C NDE 6327,nderf,data\nderf\03078_sara-c-nde-6327.json,Indeterminate,0,False,False,False,family_responsibility,not_mentioned,not_mentioned,not_mentioned,not_mentioned,not_mentioned,not_mentioned,not_mentioned,not_mentioned,not_mentioned
Hazel K NDE 6328,nderf,data\nderf\03079_hazel-k-nde-6328.json,Indeterminate,0,False,False,False,not_mentioned,not_mentioned,not_mentioned,not_mentioned,not_mentioned,not_mentioned,not_mentioned,not_mentioned,not_mentioned,not_mentioned
Georgia P NDE 6332,nderf,data\nderf\03080_georgia-p-nde-6332.json,Indeterminate,0,False,False,False,not_your_time,yes_explicit,no,not_mentioned,not_mentioned,not_mentioned,not_mentioned,not_mentioned,not_mentioned,not_mentioned
CJ V Probable NDE 6334,nderf,data\nderf\03081_cj-v-probable-nde-6334.json,Indeterminate,0,False,False,False,not_your_time,no,not_mentioned,not_mentioned,not_mentioned,not_mentioned,not_mentioned,implied,not_mentioned,not_mentioned
Sarah Other STE 6335 NDE 6335,nderf,data\nderf\03082_sarah-other-ste-6335-nde-6335.json,Indeterminate,0,False,False,False,other,no,no,no,not_mentioned,not_mentioned,not_mentioned,no,not_mentioned,no
Bret B NDE 6336,nderf,data\nderf\03083_bret-b-nde-6336.json,Indeterminate,0,False,False,False,family_responsibility,no,no,no,not_mentioned,not_mentioned,not_mentioned,not_mentioned,none,no
Maribell B Possible NDE 6337,nderf,data\nderf\03084_maribell-b-possible-nde-6337.json,Indeterminate,0,False,False,False,not_mentioned,no,no,not_mentioned,not_mentioned,not_mentioned,not_mentioned,not_mentioned,not_mentioned,not_mentioned
Don B NDE 16050,nderf,data\nderf\03085_don-b-nde-16050.json,Indeterminate,0,False,False,False,not_mentioned,not_mentioned,not_mentioned,no,not_mentioned,not_mentioned,not_mentioned,not_mentioned,not_mentioned,no
Marcela L NDE 16051,nderf,data\nderf\03086_marcela-l-nde-16051.json,Indeterminate,0,False,False,False,not_your_time,no,no,no,not_mentioned,not_mentioned,not_mentioned,not_mentioned,not_mentioned,no
Edwin G Probable NDE 6341,nderf,data\nderf\03089_edwin-g-probable-nde-6341.json,Indeterminate,0,False,False,False,not_your_time,yes_explicit,no,no,not_mentioned,not_mentioned,not_mentioned,not_mentioned,not_mentioned,no
Rhonda R NDE 6343,nderf,data\nderf\03091_rhonda-r-nde-6343.json,Indeterminate,0,False,False,False,not_mentioned,no,no,no,not_mentioned,not_mentioned,not_mentioned,not_mentioned,not_mentioned,no
Brandy M NDE 6311,nderf,data\nderf\03092_brandy-m-nde-6311.json,Indeterminate,0,False,False,False,not_mentioned,not_mentioned,not_mentioned,not_mentioned,not_mentioned,not_mentioned,not_mentioned,not_mentioned,not_mentioned,not_mentioned
Roy T NDE 6346,nderf,data\nderf\03095_roy-t-nde-6346.json,Indeterminate,0,False,False,False,not_mentioned,not_mentioned,not_mentioned,not_mentioned,not_mentioned,not_mentioned,not_mentioned,not_mentioned,not_mentioned,not_mentioned
Karen H Probable NDE 6347,nderf,data\nderf\03096_karen-h-probable-nde-6347.json,Indeterminate,0,False,False,False,not_your_time,no,no,no,not_mentioned,not_mentioned,not_mentioned,implied,none,no
Glenda G Father's NDE (Sherman G) 6350 NDE 6350,nderf,data\nderf\03097_glenda-g-father-s-nde-sherman-g-6350-nde-6350.json,Indeterminate,0,False,False,False,not_mentioned,no,no,no,not_mentioned,not_mentioned,not_mentioned,no,not_mentioned,no
Angelia D Probable NDE 22728,nderf,data\nderf\03101_angelia-d-probable-nde-22728.json,Indeterminate,0,False,False,False,not_your_time,no,not_mentioned,not_mentioned,not_mentioned,not_mentioned,not_mentioned,not_mentioned,not_mentioned,not_mentioned
Sonia M Possible NDEs 6352 NDE 6352,nderf,data\nderf\03103_sonia-m-possible-ndes-6352-nde-6352.json,Indeterminate,0,False,False,False,not_your_time,no,not_mentioned,not_mentioned,not_mentioned,not_mentioned,not_mentioned,not_mentioned,not_mentioned,not_mentioned
Erika R NDE 6354,nderf,data\nderf\03104_erika-r-nde-6354.json,Indeterminate,0,False,False,False,not_your_time,not_mentioned,not_mentioned,not_mentioned,not_mentioned,not_mentioned,not_mentioned,not_mentioned,not_mentioned,not_mentioned
Peter N NDE 6358,nderf,data\nderf\03106_peter-n-nde-6358.json,Indeterminate,0,False,False,False,no_reason_given,not_mentioned,not_mentioned,not_mentioned,not_mentioned,not_mentioned,not_mentioned,not_mentioned,not_mentioned,not_mentioned
Karen vDK NDEs 6359 NDE 6359,nderf,data\nderf\03107_karen-vdk-ndes-6359-nde-6359.json,Indeterminate,0,False,False,False,not_your_time,no,no,not_mentioned,not_mentioned,not_mentioned,not_mentioned,not_mentioned,not_mentioned,not_mentioned
James NDEs 6360 NDE 6360,nderf,data\nderf\03108_james-ndes-6360-nde-6360.json,Indeterminate,0,False,False,False,not_mentioned,not_mentioned,not_mentioned,not_mentioned,not_mentioned,not_mentioned,not_mentioned,not_mentioned,not_mentioned,not_mentioned
Nona B Probable NDE 6365,nderf,data\nderf\03109_nona-b-probable-nde-6365.json,Indeterminate,0,False,False,False,not_mentioned,not_mentioned,not_mentioned,not_mentioned,not_mentioned,not_mentioned,not_mentioned,not_mentioned,not_mentioned,not_mentioned
George Possible NDE 6368,nderf,data\nderf\03111_george-possible-nde-6368.json,Indeterminate,0,False,False,False,not_mentioned,no,no,no,not_mentioned,not_mentioned,not_mentioned,not_mentioned,not_mentioned,no
Arvind B NDE 6372,nderf,data\nderf\03114_arvind-b-nde-6372.json,Indeterminate,0,False,False,False,no_reason_given,not_mentioned,not_mentioned,not_mentioned,not_mentioned,not_mentioned,not_mentioned,not_mentioned,not_mentioned,not_mentioned
Kiki Probable NDE 6373,nderf,data\nderf\03115_kiki-probable-nde-6373.json,Indeterminate,0,False,False,False,not_mentioned,not_mentioned,not_mentioned,not_mentioned,not_mentioned,not_mentioned,not_mentioned,not_mentioned,not_mentioned,not_mentioned
Grady NDE 6374,nderf,data\nderf\03116_grady-nde-6374.json,Indeterminate,0,False,False,False,not_your_time,not_mentioned,not_mentioned,not_mentioned,not_mentioned,not_mentioned,not_mentioned,not_mentioned,not_mentioned,not_mentioned
Annette NDE 6375,nderf,data\nderf\03117_annette-nde-6375.json,Indeterminate,0,False,False,False,not_mentioned,not_mentioned,not_mentioned,not_mentioned,not_mentioned,not_mentioned,not_mentioned,not_mentioned,not_mentioned,not_mentioned
Michele M NDE 6378,nderf,data\nderf\03120_michele-m-nde-6378.json,Indeterminate,0,False,False,False,no_reason_given,not_mentioned,not_mentioned,not_mentioned,not_mentioned,not_mentioned,not_mentioned,not_mentioned,not_mentioned,not_mentioned
Mike R NDE 6379,nderf,data\nderf\03121_mike-r-nde-6379.json,Indeterminate,0,False,False,False,not_your_time,not_mentioned,not_mentioned,not_mentioned,not_mentioned,not_mentioned,not_mentioned,not_mentioned,not_mentioned,not_mentioned
Connie N Probable NDE 6386,nderf,data\nderf\03123_connie-n-probable-nde-6386.json,Indeterminate,0,False,False,False,no_reason_given,no,no,no,not_mentioned,not_mentioned,not_mentioned,not_mentioned,none,no
Gloria M Possible NDE 6353,nderf,data\nderf\03124_gloria-m-possible-nde-6353.json,Indeterminate,0,False,False,False,no_reason_given,no,no,no,not_mentioned,not_mentioned,not_mentioned,no,none,no
Pam P Probable NDE 6387,nderf,data\nderf\03125_pam-p-probable-nde-6387.json,Indeterminate,0,False,False,False,not_your_time,no,no,no,not_mentioned,not_mentioned,not_mentioned,not_mentioned,none,no
Rita A NDE 6389,nderf,data\nderf\03126_rita-a-nde-6389.json,Indeterminate,0,False,False,False,not_mentioned,not_mentioned,not_mentioned,no,not_mentioned,not_mentioned,not_mentioned,not_mentioned,not_mentioned,no
Enrique NDE 6394,nderf,data\nderf\03129_enrique-nde-6394.json,Indeterminate,0,False,False,False,no_reason_given,not_mentioned,not_mentioned,not_mentioned,not_mentioned,not_mentioned,not_mentioned,not_mentioned,not_mentioned,not_mentioned
Marlene S NDE 6395,nderf,data\nderf\03130_marlene-s-nde-6395.json,Indeterminate,0,False,False,False,not_your_time,not_mentioned,not_mentioned,not_mentioned,not_mentioned,not_mentioned,not_mentioned,not_mentioned,not_mentioned,not_mentioned
Cristael B NDE 6396,nderf,data\nderf\03131_cristael-b-nde-6396.json,Indeterminate,0,False,False,False,family_responsibility,no,no,no,not_mentioned,not_mentioned,not_mentioned,not_mentioned,not_mentioned,no
Caren M NDE 6398,nderf,data\nderf\03132_caren-m-nde-6398.json,Indeterminate,0,False,False,False,other,not_mentioned,not_mentioned,not_mentioned,not_mentioned,not_mentioned,not_mentioned,not_mentioned,not_mentioned,not_mentioned
Victoria R NDE 6399,nderf,data\nderf\03133_victoria-r-nde-6399.json,Indeterminate,0,False,False,False,no_reason_given,not_mentioned,not_mentioned,not_mentioned,not_mentioned,not_mentioned,not_mentioned,not_mentioned,not_mentioned,not_mentioned
Marian S Probable NDE 5424,nderf,data\nderf\03134_marian-s-probable-nde-5424.json,Indeterminate,0,False,False,False,not_mentioned,not_mentioned,not_mentioned,not_mentioned,not_mentioned,not_mentioned,not_mentioned,not_mentioned,not_mentioned,not_mentioned
Tam NDE 6391,nderf,data\nderf\03135_tam-nde-6391.json,Indeterminate,0,False,False,False,not_mentioned,not_mentioned,not_mentioned,not_mentioned,not_mentioned,not_mentioned,not_mentioned,not_mentioned,not_mentioned,not_mentioned
Josefa L NDE 6326,nderf,data\nderf\03136_josefa-l-nde-6326.json,Indeterminate,0,False,False,False,no_reason_given,not_mentioned,not_mentioned,not_mentioned,not_mentioned,not_mentioned,not_mentioned,not_mentioned,not_mentioned,not_mentioned
Michele M NDE 6404,nderf,data\nderf\03138_michele-m-nde-6404.json,Indeterminate,0,False,False,False,no_reason_given,no,no,no,not_mentioned,not_mentioned,not_mentioned,not_mentioned,not_mentioned,no
Urvashi G NDE 16054,nderf,data\nderf\03139_urvashi-g-nde-16054.json,Indeterminate,0,False,False,False,not_mentioned,not_mentioned,not_mentioned,no,not_mentioned,not_mentioned,not_mentioned,no,not_mentioned,no
Kathi S NDE 6406,nderf,data\nderf\03141_kathi-s-nde-6406.json,Indeterminate,0,False,False,False,family_responsibility,no,no,no,not_mentioned,not_mentioned,not_mentioned,not_mentioned,not_mentioned,no
Sreenivasa M NDE 6409,nderf,data\nderf\03143_sreenivasa-m-nde-6409.json,Indeterminate,0,False,False,False,family_responsibility,no,no,no,not_mentioned,not_mentioned,not_mentioned,not_mentioned,not_mentioned,no
Carol S NDE 6410,nderf,data\nderf\03144_carol-s-nde-6410.json,Indeterminate,0,False,False,False,no_reason_given,not_mentioned,not_mentioned,not_mentioned,not_mentioned,not_mentioned,not_mentioned,not_mentioned,not_mentioned,not_mentioned
Jason H Probable NDE. 6415 NDE 6415,nderf,data\nderf\03146_jason-h-probable-nde-6415-nde-6415.json,Indeterminate,0,False,False,False,other,no,no,no,not_mentioned,not_mentioned,not_mentioned,not_mentioned,not_mentioned,no
John D NDE 6417,nderf,data\nderf\03148_john-d-nde-6417.json,Indeterminate,0,False,False,False,no_reason_given,not_mentioned,not_mentioned,not_mentioned,not_mentioned,not_mentioned,not_mentioned,not_mentioned,not_mentioned,not_mentioned
Godfrey Z NDE 16055,nderf,data\nderf\03150_godfrey-z-nde-16055.json,Indeterminate,0,False,False,False,not_mentioned,not_mentioned,not_mentioned,not_mentioned,not_mentioned,not_mentioned,not_mentioned,not_mentioned,not_mentioned,not_mentioned
Anna W NDE 5426,nderf,data\nderf\03151_anna-w-nde-5426.json,Indeterminate,0,False,False,False,not_your_time,not_mentioned,not_mentioned,not_mentioned,not_mentioned,not_mentioned,not_mentioned,no,not_mentioned,not_mentioned
Blanca N Probable NDE 6418,nderf,data\nderf\03152_blanca-n-probable-nde-6418.json,Indeterminate,0,False,False,False,no_reason_given,no,no,no,not_mentioned,not_mentioned,not_mentioned,not_mentioned,not_mentioned,no
Sue M NDE 6427,nderf,data\nderf\03154_sue-m-nde-6427.json,Indeterminate,0,False,False,False,no_reason_given,not_mentioned,not_mentioned,not_mentioned,not_mentioned,not_mentioned,not_mentioned,not_mentioned,not_mentioned,not_mentioned
Edward B NDE 6430,nderf,data\nderf\03157_edward-b-nde-6430.json,Indeterminate,0,False,False,False,not_mentioned,not_mentioned,not_mentioned,not_mentioned,not_mentioned,not_mentioned,not_mentioned,not_mentioned,not_mentioned,not_mentioned
Kadri M Probable NDE 6431,nderf,data\nderf\03158_kadri-m-probable-nde-6431.json,Indeterminate,0,False,False,False,not_your_time,no,no,not_mentioned,not_mentioned,not_mentioned,not_mentioned,implied,not_mentioned,not_mentioned
Bonnie W NDE 6432,nderf,data\nderf\03159_bonnie-w-nde-6432.json,Indeterminate,0,False,False,False,not_mentioned,not_mentioned,not_mentioned,not_mentioned,not_mentioned,not_mentioned,not_mentioned,not_mentioned,not_mentioned,not_mentioned
HD NDE 6436,nderf,data\nderf\03161_hd-nde-6436.json,Indeterminate,0,False,False,False,other,implied,no,no,not_mentioned,not_mentioned,not_mentioned,no,none,no
Melanie E NDE 6437,nderf,data\nderf\03162_melanie-e-nde-6437.json,Indeterminate,0,False,False,False,no_reason_given,not_mentioned,not_mentioned,not_mentioned,not_mentioned,not_mentioned,not_mentioned,not_mentioned,not_mentioned,not_mentioned
Carl D NDE 6440,nderf,data\nderf\03163_carl-d-nde-6440.json,Indeterminate,0,False,False,False,not_mentioned,not_mentioned,not_mentioned,not_mentioned,not_mentioned,not_mentioned,not_mentioned,not_mentioned,not_mentioned,not_mentioned
Charles P Possible NDE 6450,nderf,data\nderf\03166_charles-p-possible-nde-6450.json,Indeterminate,0,False,False,False,not_mentioned,no,no,no,not_mentioned,not_mentioned,not_mentioned,not_mentioned,none,no
Annie P Probable NDE 6453,nderf,data\nderf\03168_annie-p-probable-nde-6453.json,Indeterminate,0,False,False,False,not_mentioned,not_mentioned,not_mentioned,no,not_mentioned,not_mentioned,not_mentioned,not_mentioned,not_mentioned,no
Christopher M NDE. 6458 NDE 6458,nderf,data\nderf\03170_christopher-m-nde-6458-nde-6458.json,Indeterminate,0,False,False,False,not_your_time,no,no,no,not_mentioned,not_mentioned,not_mentioned,not_mentioned,not_mentioned,no
Kate D NDE 6443,nderf,data\nderf\03171_kate-d-nde-6443.json,Indeterminate,0,False,False,False,not_mentioned,yes_explicit,no,no,not_mentioned,not_mentioned,not_mentioned,not_mentioned,not_mentioned,no
Cindy B NDE 22755,nderf,data\nderf\03173_cindy-b-nde-22755.json,Indeterminate,0,False,False,False,not_mentioned,not_mentioned,not_mentioned,not_mentioned,not_mentioned,not_mentioned,not_mentioned,not_mentioned,not_mentioned,not_mentioned
Marsha R NDE 6464,nderf,data\nderf\03174_marsha-r-nde-6464.json,Indeterminate,0,False,False,False,family_responsibility,no,not_mentioned,not_mentioned,not_mentioned,not_mentioned,not_mentioned,not_mentioned,not_mentioned,not_mentioned
Stephen R Probable NDE 6467,nderf,data\nderf\03175_stephen-r-probable-nde-6467.json,Indeterminate,0,False,False,False,not_mentioned,not_mentioned,not_mentioned,not_mentioned,not_mentioned,not_mentioned,not_mentioned,not_mentioned,not_mentioned,not_mentioned
Linda C Possible NDE 6468,nderf,data\nderf\03176_linda-c-possible-nde-6468.json,Indeterminate,0,False,False,False,not_your_time,not_mentioned,not_mentioned,not_mentioned,not_mentioned,not_mentioned,not_mentioned,not_mentioned,not_mentioned,not_mentioned
Mayumi T NDE 6474,nderf,data\nderf\03178_mayumi-t-nde-6474.json,Indeterminate,0,False,False,False,family_responsibility,not_mentioned,not_mentioned,not_mentioned,not_mentioned,not_mentioned,not_mentioned,not_mentioned,not_mentioned,not_mentioned
Francis J Shared Death Experience 6476 NDE 6476,nderf,data\nderf\03180_francis-j-shared-death-experience-6476-nde-6476.json,Indeterminate,0,False,False,False,not_mentioned,no,no,no,not_mentioned,not_mentioned,not_mentioned,not_mentioned,not_mentioned,no
Julia B Probable NDE 5428,nderf,data\nderf\03182_julia-b-probable-nde-5428.json,Indeterminate,0,False,False,False,not_mentioned,not_mentioned,not_mentioned,no,not_mentioned,not_mentioned,not_mentioned,not_mentioned,not_mentioned,no
Michael H NDE 6477,nderf,data\nderf\03183_michael-h-nde-6477.json,Indeterminate,0,False,False,False,not_your_time,not_mentioned,not_mentioned,not_mentioned,not_mentioned,not_mentioned,not_mentioned,not_mentioned,not_mentioned,not_mentioned
Samantha F Probable NDE 6478,nderf,data\nderf\03184_samantha-f-probable-nde-6478.json,Indeterminate,0,False,False,False,not_mentioned,not_mentioned,not_mentioned,not_mentioned,not_mentioned,not_mentioned,not_mentioned,not_mentioned,not_mentioned,not_mentioned
Jackie F NDE 6485,nderf,data\nderf\03186_jackie-f-nde-6485.json,Indeterminate,0,False,False,False,other,not_mentioned,not_mentioned,not_mentioned,not_mentioned,not_mentioned,not_mentioned,not_mentioned,not_mentioned,not_mentioned
Karen O NDE 6469,nderf,data\nderf\03188_karen-o-nde-6469.json,Indeterminate,0,False,False,False,not_mentioned,not_mentioned,not_mentioned,not_mentioned,not_mentioned,not_mentioned,not_mentioned,not_mentioned,not_mentioned,not_mentioned
Leonell A NDE 6462,nderf,data\nderf\03189_leonell-a-nde-6462.json,Indeterminate,0,False,False,False,no_reason_given,not_mentioned,not_mentioned,not_mentioned,not_mentioned,not_mentioned,not_mentioned,not_mentioned,not_mentioned,not_mentioned
Angela SDE 22764 NDE 22764,nderf,data\nderf\03190_angela-sde-22764-nde-22764.json,Indeterminate,0,False,False,False,not_mentioned,no,not_mentioned,no,not_mentioned,not_mentioned,not_mentioned,not_mentioned,not_mentioned,no
R.A. NDE 6492,nderf,data\nderf\03191_r-a-nde-6492.json,Indeterminate,0,False,False,False,not_mentioned,not_mentioned,not_mentioned,not_mentioned,not_mentioned,not_mentioned,not_mentioned,not_mentioned,not_mentioned,not_mentioned
Don Possible NDE 6493,nderf,data\nderf\03192_don-possible-nde-6493.json,Indeterminate,0,False,False,False,not_your_time,not_mentioned,not_mentioned,not_mentioned,not_mentioned,not_mentioned,not_mentioned,not_mentioned,not_mentioned,not_mentioned
Eliana NDEs 6490 NDE 6490,nderf,data\nderf\03193_eliana-ndes-6490-nde-6490.json,Indeterminate,0,False,False,False,not_mentioned,not_mentioned,not_mentioned,not_mentioned,not_mentioned,not_mentioned,not_mentioned,not_mentioned,not_mentioned,not_mentioned
Sharon M Possible NDE 16056,nderf,data\nderf\03194_sharon-m-possible-nde-16056.json,Indeterminate,0,False,False,False,not_mentioned,not_mentioned,not_mentioned,no,not_mentioned,not_mentioned,not_mentioned,no,not_mentioned,no
Carol M NDE 6496,nderf,data\nderf\03195_carol-m-nde-6496.json,Indeterminate,0,False,False,False,not_mentioned,not_mentioned,not_mentioned,not_mentioned,not_mentioned,not_mentioned,not_mentioned,not_mentioned,not_mentioned,not_mentioned
Poppy Probable NDE 6500,nderf,data\nderf\03198_poppy-probable-nde-6500.json,Indeterminate,0,False,False,False,family_responsibility,yes_explicit,not_mentioned,not_mentioned,not_mentioned,not_mentioned,not_mentioned,not_mentioned,not_mentioned,not_mentioned
Roland B NDE 6503,nderf,data\nderf\03200_roland-b-nde-6503.json,Indeterminate,0,False,False,False,not_mentioned,no,no,no,not_mentioned,not_mentioned,not_mentioned,implied,not_mentioned,no
Sarah S Possible NDE 6504,nderf,data\nderf\03201_sarah-s-possible-nde-6504.json,Indeterminate,0,False,False,False,family_responsibility,no,no,not_mentioned,not_mentioned,not_mentioned,not_mentioned,not_mentioned,not_mentioned,not_mentioned
Jodi K Probable NDE 6507,nderf,data\nderf\03203_jodi-k-probable-nde-6507.json,Indeterminate,0,False,False,False,family_responsibility,not_mentioned,not_mentioned,not_mentioned,not_mentioned,not_mentioned,not_mentioned,not_mentioned,not_mentioned,not_mentioned
Rod H ProbableáNDE 6508,nderf,data\nderf\03204_rod-h-probable-nde-6508.json,Indeterminate,0,False,False,False,not_mentioned,not_mentioned,not_mentioned,not_mentioned,not_mentioned,not_mentioned,not_mentioned,not_mentioned,not_mentioned,not_mentioned
Gale S Probable NDE 6513,nderf,data\nderf\03205_gale-s-probable-nde-6513.json,Indeterminate,0,False,False,False,not_your_time,not_mentioned,not_mentioned,not_mentioned,not_mentioned,not_mentioned,not_mentioned,not_mentioned,not_mentioned,not_mentioned
Christopher NDE 6514,nderf,data\nderf\03206_christopher-nde-6514.json,Indeterminate,0,False,False,False,not_mentioned,yes_explicit,no,not_mentioned,not_mentioned,not_mentioned,not_mentioned,no,not_mentioned,not_mentioned
Carlo G FDE 6515 NDE 6515,nderf,data\nderf\03207_carlo-g-fde-6515-nde-6515.json,Indeterminate,0,False,False,False,not_mentioned,no,no,no,not_mentioned,not_mentioned,no,not_mentioned,not_mentioned,no
Josef T Probable NDE 6479,nderf,data\nderf\03208_josef-t-probable-nde-6479.json,Indeterminate,0,False,False,False,no_reason_given,no,no,no,not_mentioned,not_mentioned,not_mentioned,not_mentioned,none,no
Eduardo D NDE 5427,nderf,data\nderf\03209_eduardo-d-nde-5427.json,Indeterminate,0,False,False,False,not_your_time,not_mentioned,no,not_mentioned,not_mentioned,not_mentioned,not_mentioned,not_mentioned,not_mentioned,not_mentioned
Annie G NDE 5423,nderf,data\nderf\03210_annie-g-nde-5423.json,Indeterminate,0,False,False,False,no_reason_given,not_mentioned,not_mentioned,not_mentioned,not_mentioned,not_mentioned,not_mentioned,not_mentioned,not_mentioned,not_mentioned
Magda NDE 6454,nderf,data\nderf\03211_magda-nde-6454.json,Indeterminate,0,False,False,False,family_responsibility,no,no,no,not_mentioned,not_mentioned,not_mentioned,not_mentioned,not_mentioned,no
Vikash C NDE 22776,nderf,data\nderf\03212_vikash-c-nde-22776.json,Indeterminate,0,False,False,False,not_your_time,not_mentioned,not_mentioned,not_mentioned,not_mentioned,not_mentioned,not_mentioned,not_mentioned,not_mentioned,not_mentioned
Mark B Probable NDE 6518,nderf,data\nderf\03213_mark-b-probable-nde-6518.json,Indeterminate,0,False,False,False,not_mentioned,not_mentioned,not_mentioned,not_mentioned,not_mentioned,not_mentioned,not_mentioned,not_mentioned,not_mentioned,not_mentioned
Marcus H FDE 6519 NDE 6519,nderf,data\nderf\03214_marcus-h-fde-6519-nde-6519.json,Indeterminate,0,False,False,False,not_your_time,no,not_mentioned,not_mentioned,not_mentioned,not_mentioned,not_mentioned,not_mentioned,not_mentioned,not_mentioned
Selena E NDE 6520,nderf,data\nderf\03215_selena-e-nde-6520.json,Indeterminate,0,False,False,False,family_responsibility,no,no,not_mentioned,not_mentioned,not_mentioned,not_mentioned,not_mentioned,not_mentioned,not_mentioned
Fergus J NDE 6524,nderf,data\nderf\03217_fergus-j-nde-6524.json,Indeterminate,0,False,False,False,not_mentioned,not_mentioned,not_mentioned,not_mentioned,not_mentioned,not_mentioned,not_mentioned,not_mentioned,not_mentioned,not_mentioned
Julia O NDE 6526,nderf,data\nderf\03218_julia-o-nde-6526.json,Indeterminate,0,False,False,False,family_responsibility,no,no,no,not_mentioned,not_mentioned,not_mentioned,not_mentioned,not_mentioned,no
Paul H NDE 6528,nderf,data\nderf\03220_paul-h-nde-6528.json,Indeterminate,0,False,False,False,not_mentioned,not_mentioned,not_mentioned,not_mentioned,not_mentioned,not_mentioned,not_mentioned,not_mentioned,not_mentioned,not_mentioned
Denise V Probable NDE 6530,nderf,data\nderf\03221_denise-v-probable-nde-6530.json,Indeterminate,0,False,False,False,not_mentioned,not_mentioned,not_mentioned,no,not_mentioned,not_mentioned,not_mentioned,not_mentioned,not_mentioned,no
Jobe S NDE 6532,nderf,data\nderf\03222_jobe-s-nde-6532.json,Indeterminate,0,False,False,False,no_reason_given,not_mentioned,not_mentioned,not_mentioned,not_mentioned,not_mentioned,not_mentioned,not_mentioned,not_mentioned,not_mentioned
Aurora NDE 6535,nderf,data\nderf\03223_aurora-nde-6535.json,Indeterminate,0,False,False,False,no_reason_given,not_mentioned,not_mentioned,not_mentioned,not_mentioned,not_mentioned,not_mentioned,not_mentioned,not_mentioned,not_mentioned
Manuel T NDE 6537,nderf,data\nderf\03224_manuel-t-nde-6537.json,Indeterminate,0,False,False,False,not_your_time,implied,no,no,not_mentioned,not_mentioned,not_mentioned,not_mentioned,none,no
Gene K NDE 6538,nderf,data\nderf\03225_gene-k-nde-6538.json,Indeterminate,0,False,False,False,not_your_time,no,not_mentioned,not_mentioned,not_mentioned,not_mentioned,not_mentioned,not_mentioned,not_mentioned,not_mentioned
Bernardette L Probable NDE 6539,nderf,data\nderf\03226_bernardette-l-probable-nde-6539.json,Indeterminate,0,False,False,False,not_your_time,no,no,no,not_mentioned,not_mentioned,not_mentioned,not_mentioned,not_mentioned,no
Dan B Grandma NDE 6540,nderf,data\nderf\03227_dan-b-grandma-nde-6540.json,Indeterminate,0,False,False,False,family_responsibility,yes_explicit,no,no,not_mentioned,not_mentioned,not_mentioned,not_mentioned,not_mentioned,no
Polly R NDE 6551,nderf,data\nderf\03231_polly-r-nde-6551.json,Indeterminate,0,False,False,False,no_reason_given,not_mentioned,not_mentioned,not_mentioned,not_mentioned,not_mentioned,not_mentioned,not_mentioned,not_mentioned,not_mentioned
David G NDE 6559,nderf,data\nderf\03233_david-g-nde-6559.json,Indeterminate,0,False,False,False,not_mentioned,implied,no,not_mentioned,not_mentioned,not_mentioned,not_mentioned,not_mentioned,not_mentioned,no
Colleen R NDE 22787,nderf,data\nderf\03234_colleen-r-nde-22787.json,Indeterminate,0,False,False,False,family_responsibility,no,no,not_mentioned,not_mentioned,not_mentioned,not_mentioned,implied,not_mentioned,not_mentioned
Nicholas B Probable NDE 6556,nderf,data\nderf\03235_nicholas-b-probable-nde-6556.json,Indeterminate,0,False,False,False,not_mentioned,not_mentioned,not_mentioned,not_mentioned,not_mentioned,not_mentioned,not_mentioned,not_mentioned,not_mentioned,not_mentioned
Barry C NDE 6557,nderf,data\nderf\03236_barry-c-nde-6557.json,Indeterminate,0,False,False,False,not_mentioned,no,no,no,not_mentioned,not_mentioned,not_mentioned,not_mentioned,none,no
Mona NDE 6558,nderf,data\nderf\03237_mona-nde-6558.json,Indeterminate,0,False,False,False,other,not_mentioned,not_mentioned,not_mentioned,not_mentioned,not_mentioned,not_mentioned,not_mentioned,not_mentioned,not_mentioned
Sandra P Probable NDE 6560,nderf,data\nderf\03238_sandra-p-probable-nde-6560.json,Indeterminate,0,False,False,False,not_your_time,yes_explicit,no,no,not_mentioned,not_mentioned,not_mentioned,not_mentioned,not_mentioned,no
Claire B NDE 6564,nderf,data\nderf\03242_claire-b-nde-6564.json,Indeterminate,0,False,False,False,other,no,no,not_mentioned,not_mentioned,not_mentioned,not_mentioned,not_mentioned,not_mentioned,not_mentioned
Nurse NDE 6570,nderf,data\nderf\03244_nurse-nde-6570.json,Indeterminate,0,False,False,False,family_responsibility,not_mentioned,not_mentioned,not_mentioned,not_mentioned,not_mentioned,not_mentioned,not_mentioned,not_mentioned,not_mentioned
Tommy P NDE 6572,nderf,data\nderf\03245_tommy-p-nde-6572.json,Indeterminate,0,False,False,False,no_reason_given,not_mentioned,not_mentioned,not_mentioned,not_mentioned,not_mentioned,not_mentioned,not_mentioned,not_mentioned,not_mentioned
Sharon A NDE 6576,nderf,data\nderf\03248_sharon-a-nde-6576.json,Indeterminate,0,False,False,False,not_mentioned,not_mentioned,not_mentioned,not_mentioned,not_mentioned,not_mentioned,not_mentioned,not_mentioned,not_mentioned,not_mentioned
Kathleen A NDE 6581,nderf,data\nderf\03249_kathleen-a-nde-6581.json,Indeterminate,0,False,False,False,not_mentioned,not_mentioned,not_mentioned,no,not_mentioned,not_mentioned,not_mentioned,not_mentioned,not_mentioned,no
Portia NDE 5434,nderf,data\nderf\03250_portia-nde-5434.json,Indeterminate,0,False,False,False,not_your_time,not_mentioned,not_mentioned,not_mentioned,not_mentioned,not_mentioned,not_mentioned,no,not_mentioned,not_mentioned
Grace NDE 22800,nderf,data\nderf\03252_grace-nde-22800.json,Indeterminate,0,False,False,False,no_reason_given,no,no,no,not_mentioned,not_mentioned,not_mentioned,not_mentioned,none,no
Donna S Probable NDE 6585,nderf,data\nderf\03254_donna-s-probable-nde-6585.json,Indeterminate,0,False,False,False,family_responsibility,not_mentioned,not_mentioned,not_mentioned,not_mentioned,not_mentioned,not_mentioned,not_mentioned,not_mentioned,not_mentioned
Laura L Probable NDE 6586,nderf,data\nderf\03255_laura-l-probable-nde-6586.json,Indeterminate,0,False,False,False,not_your_time,no,no,no,not_mentioned,not_mentioned,not_mentioned,implied,not_mentioned,no
Keith M NDE 6589,nderf,data\nderf\03257_keith-m-nde-6589.json,Indeterminate,0,False,False,False,no_reason_given,not_mentioned,not_mentioned,not_mentioned,not_mentioned,not_mentioned,not_mentioned,not_mentioned,not_mentioned,not_mentioned
Belle J Probable NDE 6591,nderf,data\nderf\03258_belle-j-probable-nde-6591.json,Indeterminate,0,False,False,False,not_mentioned,not_mentioned,not_mentioned,not_mentioned,not_mentioned,not_mentioned,not_mentioned,no,not_mentioned,not_mentioned
Wendy B NDE 6596,nderf,data\nderf\03259_wendy-b-nde-6596.json,Indeterminate,0,False,False,False,family_responsibility,no,no,no,not_mentioned,not_mentioned,not_mentioned,not_mentioned,not_mentioned,no
Oakland NDE 22806,nderf,data\nderf\03263_oakland-nde-22806.json,Indeterminate,0,False,False,False,not_mentioned,no,not_mentioned,not_mentioned,not_mentioned,not_mentioned,not_mentioned,not_mentioned,not_mentioned,not_mentioned
Anthony A NDE 6602,nderf,data\nderf\03264_anthony-a-nde-6602.json,Indeterminate,0,False,False,False,no_reason_given,no,no,no,not_mentioned,not_mentioned,not_mentioned,not_mentioned,none,no
Patricia GB NDE 5435,nderf,data\nderf\03266_patricia-gb-nde-5435.json,Indeterminate,0,False,False,False,not_mentioned,not_mentioned,not_mentioned,not_mentioned,not_mentioned,not_mentioned,not_mentioned,not_mentioned,not_mentioned,not_mentioned
Khanh V NDE 5436,nderf,data\nderf\03267_khanh-v-nde-5436.json,Indeterminate,0,False,False,False,no_reason_given,not_mentioned,not_mentioned,not_mentioned,not_mentioned,not_mentioned,not_mentioned,not_mentioned,not_mentioned,not_mentioned
Ancient Iranian NDEs 16021 NDE 16021,nderf,data\nderf\03269_ancient-iranian-ndes-16021-nde-16021.json,Indeterminate,0,False,False,False,not_your_time,yes_explicit,no,no,not_mentioned,not_mentioned,not_mentioned,not_mentioned,not_mentioned,no
Uma A FDE 6603 NDE 6603,nderf,data\nderf\03270_uma-a-fde-6603-nde-6603.json,Indeterminate,0,False,False,False,not_mentioned,not_mentioned,not_mentioned,not_mentioned,not_mentioned,not_mentioned,not_mentioned,not_mentioned,not_mentioned,not_mentioned
Ken M NDE 6604,nderf,data\nderf\03271_ken-m-nde-6604.json,Indeterminate,0,False,False,False,family_responsibility,implied,no,no,not_mentioned,not_mentioned,not_mentioned,not_mentioned,not_mentioned,no
Kelly C NDEs 6611 NDE 6611,nderf,data\nderf\03274_kelly-c-ndes-6611-nde-6611.json,Indeterminate,0,False,False,False,not_your_time,no,not_mentioned,not_mentioned,not_mentioned,not_mentioned,not_mentioned,not_mentioned,not_mentioned,not_mentioned
Milo N FDE 22813 NDE 22813,nderf,data\nderf\03275_milo-n-fde-22813-nde-22813.json,Indeterminate,0,False,False,False,no_reason_given,not_mentioned,not_mentioned,not_mentioned,not_mentioned,not_mentioned,not_mentioned,not_mentioned,not_mentioned,not_mentioned
Yves F NDE 6612,nderf,data\nderf\03276_yves-f-nde-6612.json,Indeterminate,0,False,False,False,other,not_mentioned,not_mentioned,not_mentioned,not_mentioned,not_mentioned,not_mentioned,not_mentioned,not_mentioned,not_mentioned
Chris Probable NDE 6616,nderf,data\nderf\03279_chris-probable-nde-6616.json,Indeterminate,0,False,False,False,not_mentioned,not_mentioned,not_mentioned,not_mentioned,not_mentioned,not_mentioned,not_mentioned,not_mentioned,not_mentioned,not_mentioned
Joey W Probable NDE 6618,nderf,data\nderf\03280_joey-w-probable-nde-6618.json,Indeterminate,0,False,False,False,not_mentioned,not_mentioned,not_mentioned,not_mentioned,not_mentioned,not_mentioned,not_mentioned,not_mentioned,not_mentioned,not_mentioned
Julie G NDE 6622,nderf,data\nderf\03281_julie-g-nde-6622.json,Indeterminate,0,False,False,False,family_responsibility,no,not_mentioned,no,not_mentioned,not_mentioned,not_mentioned,not_mentioned,not_mentioned,no
Nerka E NDE 6625,nderf,data\nderf\03283_nerka-e-nde-6625.json,Indeterminate,0,False,False,False,not_mentioned,not_mentioned,not_mentioned,not_mentioned,not_mentioned,not_mentioned,not_mentioned,not_mentioned,not_mentioned,not_mentioned
Thomas A ICU 6561/6658/6626 NDE 6561,nderf,data\nderf\03284_thomas-a-icu-6561-6658-6626-nde-6561.json,Indeterminate,0,False,False,False,not_mentioned,not_mentioned,not_mentioned,not_mentioned,not_mentioned,not_mentioned,not_mentioned,not_mentioned,not_mentioned,not_mentioned
Michael E NDE 6628,nderf,data\nderf\03286_michael-e-nde-6628.json,Indeterminate,0,False,False,False,no_reason_given,not_mentioned,not_mentioned,not_mentioned,not_mentioned,not_mentioned,not_mentioned,not_mentioned,not_mentioned,not_mentioned
Janie Anesthesia Experience 6631 NDE 6631,nderf,data\nderf\03287_janie-anesthesia-experience-6631-nde-6631.json,Indeterminate,0,False,False,False,not_mentioned,not_mentioned,not_mentioned,not_mentioned,not_mentioned,not_mentioned,not_mentioned,not_mentioned,not_mentioned,not_mentioned
Toma S NDE 6633,nderf,data\nderf\03288_toma-s-nde-6633.json,Indeterminate,0,False,False,False,not_mentioned,not_mentioned,not_mentioned,not_mentioned,not_mentioned,not_mentioned,not_mentioned,not_mentioned,not_mentioned,not_mentioned
Todd N NDE 6638,nderf,data\nderf\03292_todd-n-nde-6638.json,Indeterminate,0,False,False,False,not_mentioned,not_mentioned,not_mentioned,not_mentioned,not_mentioned,not_mentioned,not_mentioned,not_mentioned,not_mentioned,not_mentioned
Corey L NDE 6639,nderf,data\nderf\03293_corey-l-nde-6639.json,Indeterminate,0,False,False,False,other,yes_explicit,no,no,not_mentioned,not_mentioned,not_mentioned,not_mentioned,not_mentioned,no
Marta L NDE 6641,nderf,data\nderf\03295_marta-l-nde-6641.json,Indeterminate,0,False,False,False,no_reason_given,not_mentioned,not_mentioned,not_mentioned,not_mentioned,not_mentioned,not_mentioned,not_mentioned,not_mentioned,not_mentioned
Dharam S NDE 6645,nderf,data\nderf\03296_dharam-s-nde-6645.json,Indeterminate,0,False,False,False,not_mentioned,not_mentioned,not_mentioned,not_mentioned,not_mentioned,not_mentioned,not_mentioned,not_mentioned,not_mentioned,not_mentioned
Jeannine M NDE 6580,nderf,data\nderf\03297_jeannine-m-nde-6580.json,Indeterminate,0,False,False,False,family_responsibility,not_mentioned,no,no,not_mentioned,not_mentioned,not_mentioned,not_mentioned,not_mentioned,no
Elizabeth E Possible NDE 6646,nderf,data\nderf\03298_elizabeth-e-possible-nde-6646.json,Indeterminate,0,False,False,False,not_mentioned,not_mentioned,not_mentioned,not_mentioned,not_mentioned,not_mentioned,not_mentioned,not_mentioned,not_mentioned,not_mentioned
Patricia B NDE 6657,nderf,data\nderf\03301_patricia-b-nde-6657.json,Indeterminate,0,False,False,False,not_your_time,no,not_mentioned,not_mentioned,not_mentioned,not_mentioned,not_mentioned,not_mentioned,not_mentioned,not_mentioned
Jeffery O NDE 6660,nderf,data\nderf\03304_jeffery-o-nde-6660.json,Indeterminate,0,False,False,False,family_responsibility,not_mentioned,not_mentioned,not_mentioned,not_mentioned,not_mentioned,not_mentioned,not_mentioned,not_mentioned,not_mentioned
Helen E NDE 6664,nderf,data\nderf\03305_helen-e-nde-6664.json,Indeterminate,0,False,False,False,family_responsibility,not_mentioned,not_mentioned,not_mentioned,not_mentioned,not_mentioned,not_mentioned,not_mentioned,not_mentioned,not_mentioned
Hannah NDE 6665,nderf,data\nderf\03306_hannah-nde-6665.json,Indeterminate,0,False,False,False,not_your_time,not_mentioned,not_mentioned,not_mentioned,not_mentioned,not_mentioned,not_mentioned,not_mentioned,not_mentioned,not_mentioned
Laurence L NDE 6571,nderf,data\nderf\03310_laurence-l-nde-6571.json,Indeterminate,0,False,False,False,family_responsibility,not_mentioned,not_mentioned,not_mentioned,not_mentioned,not_mentioned,not_mentioned,not_mentioned,not_mentioned,not_mentioned
Mary L Possible NDE 6676,nderf,data\nderf\03313_mary-l-possible-nde-6676.json,Indeterminate,0,False,False,False,not_mentioned,not_mentioned,not_mentioned,no,not_mentioned,not_mentioned,not_mentioned,not_mentioned,not_mentioned,no
Annette Q NDE 6672,nderf,data\nderf\03314_annette-q-nde-6672.json,Indeterminate,0,False,False,False,family_responsibility,not_mentioned,not_mentioned,not_mentioned,not_mentioned,not_mentioned,not_mentioned,not_mentioned,not_mentioned,not_mentioned
Brendan F NDE 6673,nderf,data\nderf\03315_brendan-f-nde-6673.json,Indeterminate,0,False,False,False,not_mentioned,not_mentioned,not_mentioned,not_mentioned,not_mentioned,not_mentioned,not_mentioned,not_mentioned,not_mentioned,not_mentioned
Liam O NDE 6674,nderf,data\nderf\03316_liam-o-nde-6674.json,Indeterminate,0,False,False,False,no_reason_given,not_mentioned,not_mentioned,not_mentioned,not_mentioned,not_mentioned,not_mentioned,not_mentioned,not_mentioned,not_mentioned
Dominique V FDE 6648 NDE 6648,nderf,data\nderf\03317_dominique-v-fde-6648-nde-6648.json,Indeterminate,0,False,False,False,not_mentioned,not_mentioned,not_mentioned,not_mentioned,not_mentioned,not_mentioned,not_mentioned,not_mentioned,not_mentioned,not_mentioned
Liz T NDE 22836,nderf,data\nderf\03318_liz-t-nde-22836.json,Indeterminate,0,False,False,False,not_mentioned,not_mentioned,not_mentioned,not_mentioned,not_mentioned,not_mentioned,not_mentioned,not_mentioned,not_mentioned,not_mentioned
Peter L NDE 22837,nderf,data\nderf\03319_peter-l-nde-22837.json,Indeterminate,0,False,False,False,family_responsibility,no,no,no,not_mentioned,not_mentioned,not_mentioned,not_mentioned,not_mentioned,no
Caren M NDE 6677,nderf,data\nderf\03320_caren-m-nde-6677.json,Indeterminate,0,False,False,False,not_mentioned,no,no,no,not_mentioned,not_mentioned,not_mentioned,no,not_mentioned,no
Chad C NDE 6679,nderf,data\nderf\03322_chad-c-nde-6679.json,Indeterminate,0,False,False,False,no_reason_given,not_mentioned,not_mentioned,not_mentioned,not_mentioned,not_mentioned,not_mentioned,not_mentioned,not_mentioned,not_mentioned
Fatemeh D NDE 6685,nderf,data\nderf\03324_fatemeh-d-nde-6685.json,Indeterminate,0,False,False,False,not_mentioned,not_mentioned,not_mentioned,not_mentioned,not_mentioned,not_mentioned,not_mentioned,not_mentioned,not_mentioned,not_mentioned
Laila NDE 6670,nderf,data\nderf\03325_laila-nde-6670.json,Indeterminate,0,False,False,False,not_your_time,not_mentioned,not_mentioned,not_mentioned,not_mentioned,not_mentioned,not_mentioned,not_mentioned,not_mentioned,not_mentioned
Teri B NDE 6691,nderf,data\nderf\03328_teri-b-nde-6691.json,Indeterminate,0,False,False,False,not_your_time,implied,not_mentioned,not_mentioned,not_mentioned,not_mentioned,not_mentioned,not_mentioned,not_mentioned,not_mentioned
Samantha H NDE 6692,nderf,data\nderf\03329_samantha-h-nde-6692.json,Indeterminate,0,False,False,False,not_mentioned,no,no,no,not_mentioned,not_mentioned,not_mentioned,not_mentioned,none,no
Harold D Probable NDE 22840,nderf,data\nderf\03330_harold-d-probable-nde-22840.json,Indeterminate,0,False,False,False,not_your_time,no,not_mentioned,not_mentioned,not_mentioned,not_mentioned,not_mentioned,not_mentioned,not_mentioned,not_mentioned
Sandi M NDE 6696,nderf,data\nderf\03332_sandi-m-nde-6696.json,Indeterminate,0,False,False,False,family_responsibility,not_mentioned,not_mentioned,not_mentioned,not_mentioned,not_mentioned,not_mentioned,not_mentioned,not_mentioned,not_mentioned
Laura P NDE 6698,nderf,data\nderf\03334_laura-p-nde-6698.json,Indeterminate,0,False,False,False,no_reason_given,not_mentioned,not_mentioned,not_mentioned,not_mentioned,not_mentioned,not_mentioned,not_mentioned,not_mentioned,not_mentioned
Christina C Probable NDE 6708,nderf,data\nderf\03336_christina-c-probable-nde-6708.json,Indeterminate,0,False,False,False,not_mentioned,not_mentioned,not_mentioned,not_mentioned,not_mentioned,not_mentioned,not_mentioned,not_mentioned,not_mentioned,not_mentioned
Joan K NDE 6715,nderf,data\nderf\03340_joan-k-nde-6715.json,Indeterminate,0,False,False,False,not_mentioned,not_mentioned,not_mentioned,not_mentioned,not_mentioned,not_mentioned,not_mentioned,not_mentioned,not_mentioned,not_mentioned
Kristen L Probable NDE 16034,nderf,data\nderf\03342_kristen-l-probable-nde-16034.json,Indeterminate,0,False,False,False,no_reason_given,no,no,not_mentioned,not_mentioned,not_mentioned,not_mentioned,not_mentioned,not_mentioned,not_mentioned
Jiaheng I Probable NDE 5444,nderf,data\nderf\03343_jiaheng-i-probable-nde-5444.json,Indeterminate,0,False,False,False,other,yes_explicit,no,no,not_mentioned,not_mentioned,not_mentioned,not_mentioned,not_mentioned,no
Lennie K Probable NDE 6721,nderf,data\nderf\03345_lennie-k-probable-nde-6721.json,Indeterminate,0,False,False,False,not_mentioned,not_mentioned,not_mentioned,not_mentioned,not_mentioned,not_mentioned,not_mentioned,not_mentioned,not_mentioned,not_mentioned
Walter N Probable NDE 6722,nderf,data\nderf\03346_walter-n-probable-nde-6722.json,Indeterminate,0,False,False,False,not_mentioned,not_mentioned,not_mentioned,not_mentioned,not_mentioned,not_mentioned,not_mentioned,not_mentioned,not_mentioned,not_mentioned
Kenneth P NDE 6717,nderf,data\nderf\03349_kenneth-p-nde-6717.json,Indeterminate,0,False,False,False,not_mentioned,not_mentioned,not_mentioned,not_mentioned,not_mentioned,not_mentioned,not_mentioned,not_mentioned,not_mentioned,not_mentioned
Timothy H Possible NDE 22850,nderf,data\nderf\03350_timothy-h-possible-nde-22850.json,Indeterminate,0,False,False,False,not_mentioned,not_mentioned,not_mentioned,not_mentioned,not_mentioned,not_mentioned,not_mentioned,not_mentioned,not_mentioned,not_mentioned
Alan G NDE 6730,nderf,data\nderf\03351_alan-g-nde-6730.json,Indeterminate,0,False,False,False,not_mentioned,not_mentioned,not_mentioned,not_mentioned,not_mentioned,not_mentioned,not_mentioned,not_mentioned,not_mentioned,not_mentioned
Adele P Probable NDE 6731,nderf,data\nderf\03352_adele-p-probable-nde-6731.json,Indeterminate,0,False,False,False,not_mentioned,not_mentioned,not_mentioned,not_mentioned,not_mentioned,not_mentioned,not_mentioned,not_mentioned,not_mentioned,not_mentioned
Jeffrey S NDE 6733,nderf,data\nderf\03353_jeffrey-s-nde-6733.json,Indeterminate,0,False,False,False,not_mentioned,not_mentioned,not_mentioned,not_mentioned,not_mentioned,not_mentioned,not_mentioned,not_mentioned,not_mentioned,not_mentioned
Judith W NDE 6736,nderf,data\nderf\03354_judith-w-nde-6736.json,Indeterminate,0,False,False,False,not_mentioned,not_mentioned,not_mentioned,not_mentioned,not_mentioned,not_mentioned,not_mentioned,not_mentioned,not_mentioned,not_mentioned
Patricia H Probable NDE 6737,nderf,data\nderf\03355_patricia-h-probable-nde-6737.json,Indeterminate,0,False,False,False,not_mentioned,implied,no,no,not_mentioned,not_mentioned,not_mentioned,not_mentioned,not_mentioned,no
JB Rene A NDE 6739,nderf,data\nderf\03356_jb-rene-a-nde-6739.json,Indeterminate,0,False,False,False,no_reason_given,implied,no,not_mentioned,not_mentioned,not_mentioned,not_mentioned,not_mentioned,not_mentioned,not_mentioned
Susan T NDE 6740,nderf,data\nderf\03357_susan-t-nde-6740.json,Indeterminate,0,False,False,False,not_mentioned,not_mentioned,not_mentioned,not_mentioned,not_mentioned,not_mentioned,not_mentioned,not_mentioned,not_mentioned,not_mentioned
Michelle P Probable NDEs 6748 NDE 6748,nderf,data\nderf\03360_michelle-p-probable-ndes-6748-nde-6748.json,Indeterminate,0,False,False,False,not_mentioned,not_mentioned,not_mentioned,not_mentioned,not_mentioned,not_mentioned,not_mentioned,not_mentioned,not_mentioned,not_mentioned
Anthony N NDE 6749,nderf,data\nderf\03361_anthony-n-nde-6749.json,Indeterminate,0,False,False,False,not_your_time,yes_explicit,no,no,not_mentioned,not_mentioned,not_mentioned,not_mentioned,not_mentioned,no
Irene NDE 6728,nderf,data\nderf\03362_irene-nde-6728.json,Indeterminate,0,False,False,False,no_reason_given,not_mentioned,not_mentioned,not_mentioned,not_mentioned,not_mentioned,not_mentioned,not_mentioned,not_mentioned,not_mentioned
Pierrette Possible NDE 6734,nderf,data\nderf\03363_pierrette-possible-nde-6734.json,Indeterminate,0,False,False,False,not_mentioned,yes_explicit,not_mentioned,not_mentioned,not_mentioned,not_mentioned,not_mentioned,not_mentioned,not_mentioned,not_mentioned
Jack Ketamine 22855 NDE 22855,nderf,data\nderf\03364_jack-ketamine-22855-nde-22855.json,Indeterminate,0,False,False,False,not_mentioned,no,no,no,not_mentioned,not_mentioned,not_mentioned,no,not_mentioned,no
Vido NDE 6754,nderf,data\nderf\03366_vido-nde-6754.json,Indeterminate,0,False,False,False,not_mentioned,not_mentioned,not_mentioned,not_mentioned,not_mentioned,not_mentioned,not_mentioned,not_mentioned,not_mentioned,no
Bernardea NDE 6723,nderf,data\nderf\03368_bernardea-nde-6723.json,Indeterminate,0,False,False,False,not_your_time,no,not_mentioned,no,not_mentioned,not_mentioned,not_mentioned,no,not_mentioned,no
Greg A NDE 6764,nderf,data\nderf\03369_greg-a-nde-6764.json,Indeterminate,0,False,False,False,not_your_time,implied,no,not_mentioned,not_mentioned,not_mentioned,not_mentioned,not_mentioned,not_mentioned,not_mentioned
Viola NDE 6751,nderf,data\nderf\03370_viola-nde-6751.json,Indeterminate,0,False,False,False,no_reason_given,not_mentioned,not_mentioned,not_mentioned,not_mentioned,not_mentioned,not_mentioned,implied,not_mentioned,not_mentioned
Rita NDE 6768,nderf,data\nderf\03371_rita-nde-6768.json,Indeterminate,0,False,False,False,not_mentioned,not_mentioned,not_mentioned,not_mentioned,not_mentioned,not_mentioned,not_mentioned,not_mentioned,not_mentioned,not_mentioned
Marilyn B NDE 6769,nderf,data\nderf\03372_marilyn-b-nde-6769.json,Indeterminate,0,False,False,False,not_mentioned,no,no,no,not_mentioned,not_mentioned,no,not_mentioned,none,no
Rachel NDE 6770,nderf,data\nderf\03373_rachel-nde-6770.json,Indeterminate,0,False,False,False,family_responsibility,no,no,no,not_mentioned,not_mentioned,not_mentioned,not_mentioned,none,no
Lauren NDE 6774,nderf,data\nderf\03374_lauren-nde-6774.json,Indeterminate,0,False,False,False,not_mentioned,not_mentioned,not_mentioned,not_mentioned,not_mentioned,not_mentioned,not_mentioned,not_mentioned,not_mentioned,not_mentioned
Beverly S Probable NDE 6775,nderf,data\nderf\03375_beverly-s-probable-nde-6775.json,Indeterminate,0,False,False,False,no_reason_given,no,not_mentioned,not_mentioned,not_mentioned,not_mentioned,not_mentioned,implied,not_mentioned,not_mentioned
Doc S Possible NDE 6777,nderf,data\nderf\03377_doc-s-possible-nde-6777.json,Indeterminate,0,False,False,False,family_responsibility,no,no,no,not_mentioned,not_mentioned,not_mentioned,not_mentioned,not_mentioned,no
Luri HD NDE 5445,nderf,data\nderf\03378_luri-hd-nde-5445.json,Indeterminate,0,False,False,False,no_reason_given,no,no,no,not_mentioned,not_mentioned,not_mentioned,not_mentioned,not_mentioned,no
Sharlene F Possible NDE 6778,nderf,data\nderf\03380_sharlene-f-possible-nde-6778.json,Indeterminate,0,False,False,False,family_responsibility,no,not_mentioned,not_mentioned,not_mentioned,not_mentioned,not_mentioned,not_mentioned,not_mentioned,not_mentioned
Mandy FDE 6780 NDE 6780,nderf,data\nderf\03381_mandy-fde-6780-nde-6780.json,Indeterminate,0,False,False,False,not_mentioned,not_mentioned,not_mentioned,not_mentioned,not_mentioned,not_mentioned,not_mentioned,not_mentioned,not_mentioned,not_mentioned
Judith Possible NDE 6782,nderf,data\nderf\03382_judith-possible-nde-6782.json,Indeterminate,0,False,False,False,other,not_mentioned,not_mentioned,not_mentioned,not_mentioned,not_mentioned,not_mentioned,not_mentioned,not_mentioned,not_mentioned
Norina S Possible NDE 6783,nderf,data\nderf\03383_norina-s-possible-nde-6783.json,Indeterminate,0,False,False,False,family_responsibility,not_mentioned,not_mentioned,not_mentioned,not_mentioned,not_mentioned,not_mentioned,not_mentioned,not_mentioned,not_mentioned
Scott S NDE 6787,nderf,data\nderf\03384_scott-s-nde-6787.json,Indeterminate,0,False,False,False,not_mentioned,not_mentioned,not_mentioned,no,not_mentioned,not_mentioned,not_mentioned,not_mentioned,not_mentioned,no
SK Possible FDE 6798 NDE 6798,nderf,data\nderf\03388_sk-possible-fde-6798-nde-6798.json,Indeterminate,0,False,False,False,not_mentioned,no,no,no,not_mentioned,not_mentioned,not_mentioned,not_mentioned,not_mentioned,no
Les R Probable NDEs 6803 NDE 6803,nderf,data\nderf\03390_les-r-probable-ndes-6803-nde-6803.json,Indeterminate,0,False,False,False,not_your_time,no,no,not_mentioned,not_mentioned,not_mentioned,not_mentioned,not_mentioned,not_mentioned,not_mentioned
Bethany R NDE 6805,nderf,data\nderf\03391_bethany-r-nde-6805.json,Indeterminate,0,False,False,False,family_responsibility,not_mentioned,not_mentioned,not_mentioned,not_mentioned,not_mentioned,not_mentioned,not_mentioned,not_mentioned,not_mentioned
Peter P NDE 6811,nderf,data\nderf\03394_peter-p-nde-6811.json,Indeterminate,0,False,False,False,other,no,not_mentioned,not_mentioned,not_mentioned,not_mentioned,not_mentioned,not_mentioned,not_mentioned,not_mentioned
Sinder S Possible NDE 6812,nderf,data\nderf\03395_sinder-s-possible-nde-6812.json,Indeterminate,0,False,False,False,no_reason_given,no,not_mentioned,no,not_mentioned,not_mentioned,not_mentioned,not_mentioned,not_mentioned,no
Ekterina R NDE 6816,nderf,data\nderf\03397_ekterina-r-nde-6816.json,Indeterminate,0,False,False,False,family_responsibility,no,no,no,not_mentioned,not_mentioned,not_mentioned,implied,not_mentioned,no
Anthony M NDEs 6819 NDE 6819,nderf,data\nderf\03398_anthony-m-ndes-6819-nde-6819.json,Indeterminate,0,False,False,False,not_your_time,no,no,not_mentioned,not_mentioned,not_mentioned,not_mentioned,not_mentioned,not_mentioned,not_mentioned
Judith E Probable NDE 6821,nderf,data\nderf\03400_judith-e-probable-nde-6821.json,Indeterminate,0,False,False,False,not_mentioned,implied,not_mentioned,not_mentioned,not_mentioned,not_mentioned,not_mentioned,not_mentioned,not_mentioned,not_mentioned
Ashutosh S NDE 6823,nderf,data\nderf\03402_ashutosh-s-nde-6823.json,Indeterminate,0,False,False,False,no_reason_given,not_mentioned,not_mentioned,not_mentioned,not_mentioned,not_mentioned,not_mentioned,not_mentioned,not_mentioned,not_mentioned
Jim T NDE 6824,nderf,data\nderf\03403_jim-t-nde-6824.json,Indeterminate,0,False,False,False,family_responsibility,not_mentioned,not_mentioned,not_mentioned,not_mentioned,not_mentioned,not_mentioned,not_mentioned,not_mentioned,not_mentioned
Sarah FDE 6827 NDE 6827,nderf,data\nderf\03404_sarah-fde-6827-nde-6827.json,Indeterminate,0,False,False,False,not_your_time,no,no,no,not_mentioned,not_mentioned,not_mentioned,not_mentioned,none,no
Frank R NDE 6828,nderf,data\nderf\03405_frank-r-nde-6828.json,Indeterminate,0,False,False,False,not_your_time,no,no,no,not_mentioned,not_mentioned,not_mentioned,not_mentioned,not_mentioned,no
Rhonda Possible NDE 6831,nderf,data\nderf\03407_rhonda-possible-nde-6831.json,Indeterminate,0,False,False,False,not_mentioned,not_mentioned,not_mentioned,not_mentioned,not_mentioned,not_mentioned,not_mentioned,not_mentioned,not_mentioned,not_mentioned
Sara G NDE 6832,nderf,data\nderf\03408_sara-g-nde-6832.json,Indeterminate,0,False,False,False,not_mentioned,no,not_mentioned,not_mentioned,not_mentioned,not_mentioned,not_mentioned,no,not_mentioned,not_mentioned
Duane G NDE 6833,nderf,data\nderf\03409_duane-g-nde-6833.json,Indeterminate,0,False,False,False,not_mentioned,not_mentioned,not_mentioned,not_mentioned,not_mentioned,not_mentioned,not_mentioned,not_mentioned,not_mentioned,not_mentioned
Lelei Probable NDE 6835,nderf,data\nderf\03410_lelei-probable-nde-6835.json,Indeterminate,0,False,False,False,not_mentioned,not_mentioned,not_mentioned,not_mentioned,not_mentioned,not_mentioned,not_mentioned,not_mentioned,not_mentioned,not_mentioned
Carl S NDE 6839,nderf,data\nderf\03412_carl-s-nde-6839.json,Indeterminate,0,False,False,False,not_mentioned,no,no,no,not_mentioned,not_mentioned,not_mentioned,no,none,no
Rick D Probable NDE 6840,nderf,data\nderf\03413_rick-d-probable-nde-6840.json,Indeterminate,0,False,False,False,not_mentioned,not_mentioned,not_mentioned,not_mentioned,not_mentioned,not_mentioned,not_mentioned,not_mentioned,not_mentioned,not_mentioned
Patricia C NDE 6841,nderf,data\nderf\03414_patricia-c-nde-6841.json,Indeterminate,0,False,False,False,not_mentioned,not_mentioned,not_mentioned,not_mentioned,not_mentioned,not_mentioned,not_mentioned,not_mentioned,not_mentioned,not_mentioned
Irene O NDE 6843,nderf,data\nderf\03415_irene-o-nde-6843.json,Indeterminate,0,False,False,False,not_mentioned,not_mentioned,not_mentioned,not_mentioned,not_mentioned,not_mentioned,not_mentioned,not_mentioned,not_mentioned,not_mentioned
Rhea T NDE 6846,nderf,data\nderf\03417_rhea-t-nde-6846.json,Indeterminate,0,False,False,False,not_mentioned,not_mentioned,not_mentioned,not_mentioned,not_mentioned,not_mentioned,not_mentioned,not_mentioned,not_mentioned,not_mentioned
Charles P NDE 6847,nderf,data\nderf\03418_charles-p-nde-6847.json,Indeterminate,0,False,False,False,other,no,no,no,not_mentioned,not_mentioned,not_mentioned,not_mentioned,none,no
Joseph C NDE 6848,nderf,data\nderf\03419_joseph-c-nde-6848.json,Indeterminate,0,False,False,False,not_mentioned,not_mentioned,not_mentioned,not_mentioned,not_mentioned,not_mentioned,not_mentioned,not_mentioned,not_mentioned,not_mentioned
Janita Son NDE 6849,nderf,data\nderf\03420_janita-son-nde-6849.json,Indeterminate,0,False,False,False,no_reason_given,not_mentioned,not_mentioned,not_mentioned,not_mentioned,not_mentioned,not_mentioned,not_mentioned,not_mentioned,not_mentioned
Anthony L Probable NDE 6851,nderf,data\nderf\03421_anthony-l-probable-nde-6851.json,Indeterminate,0,False,False,False,not_your_time,no,not_mentioned,not_mentioned,not_mentioned,not_mentioned,not_mentioned,not_mentioned,not_mentioned,not_mentioned
Janice Probable NDE 6852,nderf,data\nderf\03422_janice-probable-nde-6852.json,Indeterminate,0,False,False,False,not_mentioned,not_mentioned,not_mentioned,not_mentioned,not_mentioned,not_mentioned,not_mentioned,not_mentioned,not_mentioned,not_mentioned
Mattie K NDE 6853,nderf,data\nderf\03423_mattie-k-nde-6853.json,Indeterminate,0,False,False,False,not_mentioned,not_mentioned,not_mentioned,not_mentioned,not_mentioned,not_mentioned,not_mentioned,not_mentioned,not_mentioned,not_mentioned
Paolo D Probable NDE 5452,nderf,data\nderf\03425_paolo-d-probable-nde-5452.json,Indeterminate,0,False,False,False,other,not_mentioned,not_mentioned,not_mentioned,not_mentioned,not_mentioned,not_mentioned,not_mentioned,not_mentioned,not_mentioned
Nicole Probable NDE 6854,nderf,data\nderf\03426_nicole-probable-nde-6854.json,Indeterminate,0,False,False,False,not_mentioned,implied,no,not_mentioned,not_mentioned,not_mentioned,not_mentioned,not_mentioned,not_mentioned,not_mentioned
Jacob H NDE 6857,nderf,data\nderf\03427_jacob-h-nde-6857.json,Indeterminate,0,False,False,False,not_mentioned,not_mentioned,not_mentioned,not_mentioned,not_mentioned,not_mentioned,not_mentioned,not_mentioned,not_mentioned,not_mentioned
Michael J FDE 6859 NDE 6859,nderf,data\nderf\03428_michael-j-fde-6859-nde-6859.json,Indeterminate,0,False,False,False,not_mentioned,not_mentioned,not_mentioned,not_mentioned,not_mentioned,not_mentioned,not_mentioned,not_mentioned,not_mentioned,not_mentioned
Loni C NDE 6861,nderf,data\nderf\03429_loni-c-nde-6861.json,Indeterminate,0,False,False,False,no_reason_given,no,no,no,not_mentioned,not_mentioned,not_mentioned,no,not_mentioned,no
Lisa NDE 6864,nderf,data\nderf\03431_lisa-nde-6864.json,Indeterminate,0,False,False,False,no_reason_given,not_mentioned,not_mentioned,not_mentioned,not_mentioned,not_mentioned,not_mentioned,explicit,not_mentioned,not_mentioned
Valerie B NDE 6814,nderf,data\nderf\03432_valerie-b-nde-6814.json,Indeterminate,0,False,False,False,not_mentioned,no,no,no,not_mentioned,not_mentioned,not_mentioned,not_mentioned,not_mentioned,no
Morena B NDE 6834,nderf,data\nderf\03433_morena-b-nde-6834.json,Indeterminate,0,False,False,False,not_mentioned,no,no,no,not_mentioned,not_mentioned,not_mentioned,not_mentioned,not_mentioned,no
Hope C NDE 6865,nderf,data\nderf\03434_hope-c-nde-6865.json,Indeterminate,0,False,False,False,family_responsibility,implied,no,not_mentioned,not_mentioned,not_mentioned,not_mentioned,not_mentioned,not_mentioned,not_mentioned
Meg C NDE 6866,nderf,data\nderf\03435_meg-c-nde-6866.json,Indeterminate,0,False,False,False,no_reason_given,no,no,no,not_mentioned,not_mentioned,not_mentioned,not_mentioned,not_mentioned,no
Kyle W Probable NDE 6873,nderf,data\nderf\03438_kyle-w-probable-nde-6873.json,Indeterminate,0,False,False,False,no_reason_given,not_mentioned,not_mentioned,not_mentioned,not_mentioned,not_mentioned,not_mentioned,not_mentioned,not_mentioned,not_mentioned
Amanda Possible NDE 6830,nderf,data\nderf\03439_amanda-possible-nde-6830.json,Indeterminate,0,False,False,False,family_responsibility,implied,no,not_mentioned,not_mentioned,not_mentioned,not_mentioned,not_mentioned,not_mentioned,not_mentioned
Vishnu V Probable NDE 6879,nderf,data\nderf\03440_vishnu-v-probable-nde-6879.json,Indeterminate,0,False,False,False,not_mentioned,not_mentioned,not_mentioned,not_mentioned,not_mentioned,not_mentioned,not_mentioned,not_mentioned,not_mentioned,not_mentioned
Ginnie E NDE 6880,nderf,data\nderf\03441_ginnie-e-nde-6880.json,Indeterminate,0,False,False,False,no_reason_given,not_mentioned,not_mentioned,not_mentioned,not_mentioned,not_mentioned,not_mentioned,not_mentioned,not_mentioned,not_mentioned
Avery D NDE 6882,nderf,data\nderf\03443_avery-d-nde-6882.json,Indeterminate,0,False,False,False,not_mentioned,not_mentioned,not_mentioned,not_mentioned,not_mentioned,not_mentioned,not_mentioned,not_mentioned,not_mentioned,not_mentioned
Sandi P Possible NDE 6884,nderf,data\nderf\03444_sandi-p-possible-nde-6884.json,Indeterminate,0,False,False,False,not_mentioned,not_mentioned,not_mentioned,not_mentioned,not_mentioned,not_mentioned,not_mentioned,not_mentioned,not_mentioned,not_mentioned
Sarah P NDE 6885,nderf,data\nderf\03445_sarah-p-nde-6885.json,Indeterminate,0,False,False,False,no_reason_given,no,no,no,not_mentioned,not_mentioned,not_mentioned,not_mentioned,not_mentioned,no
CC Possible NDE 6886,nderf,data\nderf\03446_cc-possible-nde-6886.json,Indeterminate,0,False,False,False,no_reason_given,not_mentioned,no,no,not_mentioned,not_mentioned,not_mentioned,not_mentioned,not_mentioned,no
Bobbie T Experience 6887 NDE 6887,nderf,data\nderf\03447_bobbie-t-experience-6887-nde-6887.json,Indeterminate,0,False,False,False,not_your_time,not_mentioned,not_mentioned,not_mentioned,not_mentioned,not_mentioned,not_mentioned,not_mentioned,not_mentioned,not_mentioned
Joyce F Probable NDE 6888,nderf,data\nderf\03448_joyce-f-probable-nde-6888.json,Indeterminate,0,False,False,False,not_mentioned,not_mentioned,not_mentioned,not_mentioned,not_mentioned,not_mentioned,not_mentioned,not_mentioned,not_mentioned,not_mentioned
Charles B FDE 6890 NDE 6890,nderf,data\nderf\03449_charles-b-fde-6890-nde-6890.json,Indeterminate,0,False,False,False,no_reason_given,not_mentioned,not_mentioned,not_mentioned,not_mentioned,not_mentioned,not_mentioned,not_mentioned,not_mentioned,not_mentioned
Krystal S Probable FDE 6891 NDE 6891,nderf,data\nderf\03450_krystal-s-probable-fde-6891-nde-6891.json,Indeterminate,0,False,False,False,not_mentioned,no,no,no,not_mentioned,not_mentioned,not_mentioned,not_mentioned,not_mentioned,no
Nelleke N Probable NDE 6893,nderf,data\nderf\03451_nelleke-n-probable-nde-6893.json,Indeterminate,0,False,False,False,other,no,no,no,not_mentioned,not_mentioned,not_mentioned,not_mentioned,not_mentioned,no
CT NDE 6901,nderf,data\nderf\03455_ct-nde-6901.json,Indeterminate,0,False,False,False,family_responsibility,not_mentioned,not_mentioned,not_mentioned,not_mentioned,not_mentioned,not_mentioned,not_mentioned,not_mentioned,not_mentioned
Patricia NDE 6902,nderf,data\nderf\03456_patricia-nde-6902.json,Indeterminate,0,False,False,False,not_mentioned,not_mentioned,not_mentioned,no,not_mentioned,not_mentioned,not_mentioned,not_mentioned,not_mentioned,no
Merida R NDE 6904,nderf,data\nderf\03457_merida-r-nde-6904.json,Indeterminate,0,False,False,False,not_mentioned,no,no,no,not_mentioned,not_mentioned,not_mentioned,not_mentioned,not_mentioned,no
Carolyn W Possible NDE 6905,nderf,data\nderf\03458_carolyn-w-possible-nde-6905.json,Indeterminate,0,False,False,False,not_mentioned,no,no,not_mentioned,not_mentioned,not_mentioned,not_mentioned,not_mentioned,not_mentioned,not_mentioned
Rachel B Probable NDE 6906,nderf,data\nderf\03459_rachel-b-probable-nde-6906.json,Indeterminate,0,False,False,False,not_mentioned,not_mentioned,no,no,not_mentioned,not_mentioned,not_mentioned,not_mentioned,not_mentioned,no
Irving K NDE 6913,nderf,data\nderf\03460_irving-k-nde-6913.json,Indeterminate,0,False,False,False,no_reason_given,no,no,no,not_mentioned,not_mentioned,not_mentioned,not_mentioned,not_mentioned,no
Mark S NDE 6898,nderf,data\nderf\03461_mark-s-nde-6898.json,Indeterminate,0,False,False,False,not_mentioned,not_mentioned,not_mentioned,not_mentioned,not_mentioned,not_mentioned,not_mentioned,not_mentioned,not_mentioned,not_mentioned
Hugo HSR NDE 6899,nderf,data\nderf\03463_hugo-hsr-nde-6899.json,Indeterminate,0,False,False,False,not_mentioned,not_mentioned,not_mentioned,not_mentioned,not_mentioned,not_mentioned,not_mentioned,not_mentioned,not_mentioned,not_mentioned
Nolwenn NDE 6912,nderf,data\nderf\03464_nolwenn-nde-6912.json,Indeterminate,0,False,False,False,not_your_time,no,no,no,not_mentioned,not_mentioned,not_mentioned,not_mentioned,none,no
Charlene J Probable NDE 6909,nderf,data\nderf\03465_charlene-j-probable-nde-6909.json,Indeterminate,0,False,False,False,no_reason_given,not_mentioned,no,no,not_mentioned,not_mentioned,not_mentioned,not_mentioned,not_mentioned,no
Jane A NDE 6915,nderf,data\nderf\03466_jane-a-nde-6915.json,Indeterminate,0,False,False,False,no_reason_given,not_mentioned,not_mentioned,not_mentioned,not_mentioned,not_mentioned,not_mentioned,not_mentioned,not_mentioned,not_mentioned
Marla D NDE 6918,nderf,data\nderf\03469_marla-d-nde-6918.json,Indeterminate,0,False,False,False,not_mentioned,not_mentioned,not_mentioned,not_mentioned,not_mentioned,not_mentioned,not_mentioned,not_mentioned,not_mentioned,not_mentioned
Helen L Possible NDE 6919,nderf,data\nderf\03470_helen-l-possible-nde-6919.json,Indeterminate,0,False,False,False,no_reason_given,no,no,no,not_mentioned,not_mentioned,not_mentioned,not_mentioned,not_mentioned,no
Kevin A NDE 6921,nderf,data\nderf\03471_kevin-a-nde-6921.json,Indeterminate,0,False,False,False,family_responsibility,not_mentioned,not_mentioned,no,not_mentioned,not_mentioned,not_mentioned,not_mentioned,not_mentioned,no
Karen L Probable NDE 6924,nderf,data\nderf\03472_karen-l-probable-nde-6924.json,Indeterminate,0,False,False,False,other,not_mentioned,not_mentioned,not_mentioned,not_mentioned,not_mentioned,not_mentioned,not_mentioned,not_mentioned,not_mentioned
Shante H NDE 6926,nderf,data\nderf\03474_shante-h-nde-6926.json,Indeterminate,0,False,False,False,not_mentioned,not_mentioned,not_mentioned,no,not_mentioned,not_mentioned,not_mentioned,not_mentioned,not_mentioned,no
Lin M Possible NDE 6928,nderf,data\nderf\03475_lin-m-possible-nde-6928.json,Indeterminate,0,False,False,False,not_mentioned,not_mentioned,not_mentioned,not_mentioned,not_mentioned,not_mentioned,not_mentioned,not_mentioned,not_mentioned,not_mentioned
Lori NDE 6937,nderf,data\nderf\03480_lori-nde-6937.json,Indeterminate,0,False,False,False,not_mentioned,not_mentioned,not_mentioned,not_mentioned,not_mentioned,not_mentioned,not_mentioned,not_mentioned,not_mentioned,not_mentioned
Phil Possible NDE 6938,nderf,data\nderf\03481_phil-possible-nde-6938.json,Indeterminate,0,False,False,False,not_mentioned,not_mentioned,not_mentioned,not_mentioned,not_mentioned,not_mentioned,not_mentioned,not_mentioned,not_mentioned,not_mentioned
Alice NDE 5454,nderf,data\nderf\03483_alice-nde-5454.json,Indeterminate,0,False,False,False,not_mentioned,not_mentioned,not_mentioned,not_mentioned,not_mentioned,not_mentioned,not_mentioned,not_mentioned,not_mentioned,not_mentioned
Hope R NDE 6940,nderf,data\nderf\03485_hope-r-nde-6940.json,Indeterminate,0,False,False,False,no_reason_given,no,no,no,not_mentioned,not_mentioned,not_mentioned,not_mentioned,none,no
Linda S NDE 6943,nderf,data\nderf\03486_linda-s-nde-6943.json,Indeterminate,0,False,False,False,other,no,no,no,not_mentioned,not_mentioned,not_mentioned,not_mentioned,not_mentioned,no
Claud H NDE 6947,nderf,data\nderf\03489_claud-h-nde-6947.json,Indeterminate,0,False,False,False,not_your_time,no,no,no,not_mentioned,not_mentioned,not_mentioned,not_mentioned,not_mentioned,no
Lacey Possible NDE 6948,nderf,data\nderf\03490_lacey-possible-nde-6948.json,Indeterminate,0,False,False,False,not_mentioned,not_mentioned,not_mentioned,not_mentioned,not_mentioned,not_mentioned,not_mentioned,not_mentioned,not_mentioned,not_mentioned
Karl A NDE 6946,nderf,data\nderf\03491_karl-a-nde-6946.json,Indeterminate,0,False,False,False,no_reason_given,not_mentioned,not_mentioned,not_mentioned,not_mentioned,not_mentioned,not_mentioned,not_mentioned,not_mentioned,not_mentioned
Dara Possible NDE 6959,nderf,data\nderf\03494_dara-possible-nde-6959.json,Indeterminate,0,False,False,False,family_responsibility,not_mentioned,not_mentioned,not_mentioned,not_mentioned,not_mentioned,not_mentioned,not_mentioned,not_mentioned,not_mentioned
François O Probable NDE 6949,nderf,data\nderf\03495_fran-ois-o-probable-nde-6949.json,Indeterminate,0,False,False,False,not_mentioned,no,no,no,not_mentioned,not_mentioned,not_mentioned,not_mentioned,none,no
Clarice F NDE 6950,nderf,data\nderf\03496_clarice-f-nde-6950.json,Indeterminate,0,False,False,False,not_mentioned,not_mentioned,not_mentioned,no,not_mentioned,not_mentioned,not_mentioned,not_mentioned,not_mentioned,no
Daniela NDE 6941,nderf,data\nderf\03497_daniela-nde-6941.json,Indeterminate,0,False,False,False,no_reason_given,not_mentioned,not_mentioned,not_mentioned,not_mentioned,not_mentioned,not_mentioned,not_mentioned,not_mentioned,not_mentioned
Theresa C NDE 5455,nderf,data\nderf\03498_theresa-c-nde-5455.json,Indeterminate,0,False,False,False,no_reason_given,no,no,no,not_mentioned,not_mentioned,not_mentioned,not_mentioned,not_mentioned,no
Louis S NDE 6960,nderf,data\nderf\03499_louis-s-nde-6960.json,Indeterminate,0,False,False,False,not_your_time,not_mentioned,not_mentioned,not_mentioned,not_mentioned,not_mentioned,not_mentioned,not_mentioned,not_mentioned,not_mentioned
Carol G NDE 22889,nderf,data\nderf\03500_carol-g-nde-22889.json,Indeterminate,0,False,False,False,no_reason_given,not_mentioned,not_mentioned,not_mentioned,not_mentioned,not_mentioned,not_mentioned,not_mentioned,not_mentioned,not_mentioned
Norman T NDE 6963,nderf,data\nderf\03501_norman-t-nde-6963.json,Indeterminate,0,False,False,False,not_mentioned,not_mentioned,not_mentioned,not_mentioned,not_mentioned,not_mentioned,not_mentioned,not_mentioned,not_mentioned,not_mentioned
Hayley J FDE 6964 NDE 6964,nderf,data\nderf\03502_hayley-j-fde-6964-nde-6964.json,Indeterminate,0,False,False,False,not_mentioned,not_mentioned,not_mentioned,not_mentioned,not_mentioned,not_mentioned,not_mentioned,not_mentioned,not_mentioned,not_mentioned
Steven F Probable NDE 6965,nderf,data\nderf\03503_steven-f-probable-nde-6965.json,Indeterminate,0,False,False,False,no_reason_given,implied,no,not_mentioned,not_mentioned,not_mentioned,not_mentioned,not_mentioned,not_mentioned,not_mentioned
Matthew P NDE 6967,nderf,data\nderf\03504_matthew-p-nde-6967.json,Indeterminate,0,False,False,False,not_mentioned,not_mentioned,not_mentioned,not_mentioned,not_mentioned,not_mentioned,not_mentioned,not_mentioned,not_mentioned,not_mentioned
Mark F NDEs 6969 NDE 6969,nderf,data\nderf\03505_mark-f-ndes-6969-nde-6969.json,Indeterminate,0,False,False,False,not_mentioned,not_mentioned,not_mentioned,not_mentioned,not_mentioned,not_mentioned,not_mentioned,not_mentioned,not_mentioned,not_mentioned
Sehmoune N Probable NDE 6966,nderf,data\nderf\03506_sehmoune-n-probable-nde-6966.json,Indeterminate,0,False,False,False,family_responsibility,implied,not_mentioned,not_mentioned,not_mentioned,not_mentioned,not_mentioned,not_mentioned,not_mentioned,not_mentioned
Sue B NDE 6972,nderf,data\nderf\03507_sue-b-nde-6972.json,Indeterminate,0,False,False,False,not_your_time,no,no,no,not_mentioned,not_mentioned,not_mentioned,not_mentioned,none,no
Hyacinth Probable NDE 6976,nderf,data\nderf\03509_hyacinth-probable-nde-6976.json,Indeterminate,0,False,False,False,family_responsibility,no,not_mentioned,not_mentioned,not_mentioned,not_mentioned,not_mentioned,not_mentioned,not_mentioned,not_mentioned
Chris B Possible NDE 6978,nderf,data\nderf\03511_chris-b-possible-nde-6978.json,Indeterminate,0,False,False,False,no_reason_given,implied,not_mentioned,not_mentioned,not_mentioned,not_mentioned,not_mentioned,not_mentioned,not_mentioned,not_mentioned
Veronica C Probable NDE 6980,nderf,data\nderf\03512_veronica-c-probable-nde-6980.json,Indeterminate,0,False,False,False,not_mentioned,not_mentioned,not_mentioned,not_mentioned,not_mentioned,not_mentioned,not_mentioned,not_mentioned,not_mentioned,not_mentioned
Martin NDE 6962,nderf,data\nderf\03515_martin-nde-6962.json,Indeterminate,0,False,False,False,not_your_time,no,not_mentioned,not_mentioned,not_mentioned,not_mentioned,not_mentioned,not_mentioned,not_mentioned,not_mentioned
Sunny P Possible NDE 22891,nderf,data\nderf\03516_sunny-p-possible-nde-22891.json,Indeterminate,0,False,False,False,not_mentioned,no,no,no,not_mentioned,not_mentioned,not_mentioned,not_mentioned,not_mentioned,no
Ryan D Probable NDE 6985,nderf,data\nderf\03517_ryan-d-probable-nde-6985.json,Indeterminate,0,False,False,False,not_mentioned,not_mentioned,no,no,not_mentioned,not_mentioned,not_mentioned,not_mentioned,not_mentioned,no
Kenneth H Probable NDE 6986,nderf,data\nderf\03518_kenneth-h-probable-nde-6986.json,Indeterminate,0,False,False,False,no_reason_given,not_mentioned,not_mentioned,not_mentioned,not_mentioned,not_mentioned,not_mentioned,not_mentioned,not_mentioned,not_mentioned
Paul B NDE 6990,nderf,data\nderf\03520_paul-b-nde-6990.json,Indeterminate,0,False,False,False,no_reason_given,no,no,no,not_mentioned,not_mentioned,not_mentioned,not_mentioned,not_mentioned,no
Bessie Probable NDE 6998,nderf,data\nderf\03522_bessie-probable-nde-6998.json,Indeterminate,0,False,False,False,not_mentioned,not_mentioned,not_mentioned,not_mentioned,not_mentioned,not_mentioned,not_mentioned,not_mentioned,not_mentioned,not_mentioned
Robert W NDE 16062,nderf,data\nderf\03524_robert-w-nde-16062.json,Indeterminate,0,False,False,False,not_your_time,no,not_mentioned,not_mentioned,not_mentioned,not_mentioned,not_mentioned,no,not_mentioned,not_mentioned
Bob B NDE 6999,nderf,data\nderf\03526_bob-b-nde-6999.json,Indeterminate,0,False,False,False,no_reason_given,no,no,no,not_mentioned,not_mentioned,not_mentioned,not_mentioned,not_mentioned,no
Joel L NDE 22900,nderf,data\nderf\03527_joel-l-nde-22900.json,Indeterminate,0,False,False,False,no_reason_given,not_mentioned,not_mentioned,not_mentioned,not_mentioned,not_mentioned,not_mentioned,not_mentioned,not_mentioned,not_mentioned
Connie C NDE 7004,nderf,data\nderf\03528_connie-c-nde-7004.json,Indeterminate,0,False,False,False,not_mentioned,not_mentioned,not_mentioned,not_mentioned,not_mentioned,not_mentioned,not_mentioned,not_mentioned,not_mentioned,not_mentioned
Maggie C Probable NDE 7007,nderf,data\nderf\03529_maggie-c-probable-nde-7007.json,Indeterminate,0,False,False,False,not_your_time,no,no,not_mentioned,not_mentioned,not_mentioned,not_mentioned,not_mentioned,not_mentioned,not_mentioned
Duane H NDE 7014,nderf,data\nderf\03531_duane-h-nde-7014.json,Indeterminate,0,False,False,False,no_reason_given,no,not_mentioned,not_mentioned,not_mentioned,not_mentioned,not_mentioned,not_mentioned,not_mentioned,not_mentioned
Lucky NDEs 7021 NDE 7021,nderf,data\nderf\03532_lucky-ndes-7021-nde-7021.json,Indeterminate,0,False,False,False,not_mentioned,not_mentioned,not_mentioned,not_mentioned,not_mentioned,not_mentioned,not_mentioned,not_mentioned,not_mentioned,not_mentioned
Glenn Possible NDE 7027,nderf,data\nderf\03534_glenn-possible-nde-7027.json,Indeterminate,0,False,False,False,not_mentioned,no,not_mentioned,not_mentioned,not_mentioned,not_mentioned,not_mentioned,not_mentioned,not_mentioned,not_mentioned
Zena M Probable NDE 7028,nderf,data\nderf\03535_zena-m-probable-nde-7028.json,Indeterminate,0,False,False,False,not_your_time,no,not_mentioned,no,not_mentioned,not_mentioned,not_mentioned,not_mentioned,not_mentioned,no
Jeff S NDE 16069,nderf,data\nderf\03537_jeff-s-nde-16069.json,Indeterminate,0,False,False,False,not_your_time,implied,no,not_mentioned,not_mentioned,not_mentioned,not_mentioned,not_mentioned,not_mentioned,not_mentioned
Riccardo NDE 5456,nderf,data\nderf\03538_riccardo-nde-5456.json,Indeterminate,0,False,False,False,not_mentioned,no,not_mentioned,not_mentioned,not_mentioned,not_mentioned,not_mentioned,not_mentioned,not_mentioned,not_mentioned
Monique NDE 7016,nderf,data\nderf\03539_monique-nde-7016.json,Indeterminate,0,False,False,False,not_mentioned,not_mentioned,not_mentioned,not_mentioned,not_mentioned,not_mentioned,not_mentioned,not_mentioned,not_mentioned,not_mentioned
Charles M Probable NDE 7026,nderf,data\nderf\03540_charles-m-probable-nde-7026.json,Indeterminate,0,False,False,False,not_mentioned,not_mentioned,not_mentioned,not_mentioned,not_mentioned,not_mentioned,not_mentioned,not_mentioned,not_mentioned,not_mentioned
Annie V NDE 7032,nderf,data\nderf\03541_annie-v-nde-7032.json,Indeterminate,0,False,False,False,no_reason_given,no,not_mentioned,not_mentioned,not_mentioned,not_mentioned,not_mentioned,not_mentioned,not_mentioned,not_mentioned
Gabriel NDE 7036/Probable NDE 7035,nderf,data\nderf\03543_gabriel-nde-7036-probable-nde-7035.json,Indeterminate,0,False,False,False,not_mentioned,not_mentioned,not_mentioned,not_mentioned,not_mentioned,not_mentioned,not_mentioned,not_mentioned,not_mentioned,not_mentioned
Elaina S NDE 7040,nderf,data\nderf\03544_elaina-s-nde-7040.json,Indeterminate,0,False,False,False,not_mentioned,not_mentioned,not_mentioned,not_mentioned,not_mentioned,not_mentioned,not_mentioned,not_mentioned,not_mentioned,not_mentioned
Robert M FDE 7041 NDE 7041,nderf,data\nderf\03545_robert-m-fde-7041-nde-7041.json,Indeterminate,0,False,False,False,not_mentioned,not_mentioned,not_mentioned,not_mentioned,not_mentioned,not_mentioned,not_mentioned,not_mentioned,not_mentioned,not_mentioned
Kelli G NDEs 7043 NDE 7043,nderf,data\nderf\03546_kelli-g-ndes-7043-nde-7043.json,Indeterminate,0,False,False,False,not_mentioned,no,not_mentioned,not_mentioned,not_mentioned,not_mentioned,not_mentioned,not_mentioned,not_mentioned,not_mentioned
Toby Possible NDE 7045,nderf,data\nderf\03547_toby-possible-nde-7045.json,Indeterminate,0,False,False,False,not_your_time,no,no,no,not_mentioned,not_mentioned,not_mentioned,not_mentioned,not_mentioned,no
Jean B NDE 7046,nderf,data\nderf\03548_jean-b-nde-7046.json,Indeterminate,0,False,False,False,no_reason_given,no,no,not_mentioned,not_mentioned,not_mentioned,not_mentioned,not_mentioned,not_mentioned,not_mentioned
Sally C Probable NDE 7049,nderf,data\nderf\03550_sally-c-probable-nde-7049.json,Indeterminate,0,False,False,False,not_mentioned,not_mentioned,not_mentioned,no,not_mentioned,not_mentioned,not_mentioned,not_mentioned,not_mentioned,no
Lizzy L Possible NDE 7055,nderf,data\nderf\03551_lizzy-l-possible-nde-7055.json,Indeterminate,0,False,False,False,not_mentioned,not_mentioned,not_mentioned,no,not_mentioned,not_mentioned,not_mentioned,not_mentioned,none,no
Wynne B Probable NDE 7056,nderf,data\nderf\03552_wynne-b-probable-nde-7056.json,Indeterminate,0,False,False,False,not_mentioned,not_mentioned,not_mentioned,no,not_mentioned,not_mentioned,not_mentioned,not_mentioned,not_mentioned,no
Gillian M NDE 7054,nderf,data\nderf\03553_gillian-m-nde-7054.json,Indeterminate,0,False,False,False,not_your_time,not_mentioned,not_mentioned,not_mentioned,not_mentioned,not_mentioned,not_mentioned,implied,not_mentioned,not_mentioned
Lani K NDE 7057,nderf,data\nderf\03555_lani-k-nde-7057.json,Indeterminate,0,False,False,False,not_mentioned,not_mentioned,not_mentioned,not_mentioned,not_mentioned,not_mentioned,not_mentioned,not_mentioned,not_mentioned,not_mentioned
Mark Possible NDE 7061,nderf,data\nderf\03557_mark-possible-nde-7061.json,Indeterminate,0,False,False,False,not_mentioned,not_mentioned,not_mentioned,not_mentioned,not_mentioned,not_mentioned,not_mentioned,not_mentioned,not_mentioned,not_mentioned
Donna J NDE 7064,nderf,data\nderf\03558_donna-j-nde-7064.json,Indeterminate,0,False,False,False,not_mentioned,no,no,no,not_mentioned,not_mentioned,not_mentioned,not_mentioned,not_mentioned,no
Terry B NDE 7066,nderf,data\nderf\03559_terry-b-nde-7066.json,Indeterminate,0,False,False,False,no_reason_given,not_mentioned,not_mentioned,not_mentioned,not_mentioned,not_mentioned,not_mentioned,not_mentioned,not_mentioned,not_mentioned
Walter N NDE 7068,nderf,data\nderf\03560_walter-n-nde-7068.json,Indeterminate,0,False,False,False,not_mentioned,not_mentioned,not_mentioned,not_mentioned,not_mentioned,not_mentioned,not_mentioned,not_mentioned,not_mentioned,not_mentioned
Julie K NDE 7069,nderf,data\nderf\03561_julie-k-nde-7069.json,Indeterminate,0,False,False,False,not_mentioned,not_mentioned,not_mentioned,not_mentioned,not_mentioned,not_mentioned,not_mentioned,not_mentioned,not_mentioned,not_mentioned
Dennis F Possible NDE 7080,nderf,data\nderf\03564_dennis-f-possible-nde-7080.json,Indeterminate,0,False,False,False,not_mentioned,no,no,no,not_mentioned,not_mentioned,not_mentioned,not_mentioned,not_mentioned,no
Huet Possible NDE 7059,nderf,data\nderf\03565_huet-possible-nde-7059.json,Indeterminate,0,False,False,False,not_mentioned,not_mentioned,not_mentioned,not_mentioned,not_mentioned,not_mentioned,not_mentioned,not_mentioned,not_mentioned,not_mentioned
Juan Pablo NDE 7020/7024,nderf,data\nderf\03567_juan-pablo-nde-7020-7024.json,Indeterminate,0,False,False,False,no_reason_given,not_mentioned,not_mentioned,not_mentioned,not_mentioned,not_mentioned,not_mentioned,implied,not_mentioned,not_mentioned
Concetta S NDE 5461,nderf,data\nderf\03569_concetta-s-nde-5461.json,Indeterminate,0,False,False,False,not_your_time,no,no,no,not_mentioned,not_mentioned,not_mentioned,not_mentioned,not_mentioned,no
Melissa NDE 22910,nderf,data\nderf\03570_melissa-nde-22910.json,Indeterminate,0,False,False,False,not_mentioned,not_mentioned,not_mentioned,not_mentioned,not_mentioned,not_mentioned,not_mentioned,not_mentioned,not_mentioned,not_mentioned
Anne R FDE 7085 NDE 7085,nderf,data\nderf\03571_anne-r-fde-7085-nde-7085.json,Indeterminate,0,False,False,False,not_mentioned,no,no,no,not_mentioned,not_mentioned,not_mentioned,not_mentioned,none,no
Jill W NDE 7086,nderf,data\nderf\03572_jill-w-nde-7086.json,Indeterminate,0,False,False,False,no_reason_given,not_mentioned,not_mentioned,not_mentioned,not_mentioned,not_mentioned,not_mentioned,not_mentioned,not_mentioned,not_mentioned
Yvette P Possible NDE 7088,nderf,data\nderf\03573_yvette-p-possible-nde-7088.json,Indeterminate,0,False,False,False,not_mentioned,not_mentioned,not_mentioned,not_mentioned,not_mentioned,not_mentioned,not_mentioned,not_mentioned,not_mentioned,not_mentioned
Scot W Probable NDE 7090,nderf,data\nderf\03575_scot-w-probable-nde-7090.json,Indeterminate,0,False,False,False,not_mentioned,not_mentioned,not_mentioned,not_mentioned,not_mentioned,not_mentioned,not_mentioned,not_mentioned,not_mentioned,not_mentioned
Neerie NDE 7092,nderf,data\nderf\03576_neerie-nde-7092.json,Indeterminate,0,False,False,False,not_mentioned,not_mentioned,not_mentioned,not_mentioned,not_mentioned,not_mentioned,not_mentioned,not_mentioned,not_mentioned,not_mentioned
Irma NDE 7062,nderf,data\nderf\03578_irma-nde-7062.json,Indeterminate,0,False,False,False,not_mentioned,no,no,no,not_mentioned,not_mentioned,not_mentioned,not_mentioned,not_mentioned,no
Julia M NDE 7093,nderf,data\nderf\03579_julia-m-nde-7093.json,Indeterminate,0,False,False,False,not_your_time,implied,not_mentioned,not_mentioned,not_mentioned,not_mentioned,not_mentioned,not_mentioned,not_mentioned,not_mentioned
SJ NDE 7094,nderf,data\nderf\03580_sj-nde-7094.json,Indeterminate,0,False,False,False,other,no,no,no,not_mentioned,not_mentioned,not_mentioned,no,not_mentioned,no
Betty N Probable NDE 7096,nderf,data\nderf\03582_betty-n-probable-nde-7096.json,Indeterminate,0,False,False,False,not_mentioned,no,not_mentioned,not_mentioned,not_mentioned,not_mentioned,not_mentioned,not_mentioned,not_mentioned,not_mentioned
Tammy H NDE 7105,nderf,data\nderf\03584_tammy-h-nde-7105.json,Indeterminate,0,False,False,False,no_reason_given,no,no,no,not_mentioned,not_mentioned,not_mentioned,not_mentioned,none,no
Paula E NDE 7102,nderf,data\nderf\03586_paula-e-nde-7102.json,Indeterminate,0,False,False,False,no_reason_given,not_mentioned,not_mentioned,not_mentioned,not_mentioned,not_mentioned,not_mentioned,not_mentioned,not_mentioned,not_mentioned
Petra J NDE 7012,nderf,data\nderf\03587_petra-j-nde-7012.json,Indeterminate,0,False,False,False,family_responsibility,no,no,not_mentioned,not_mentioned,not_mentioned,not_mentioned,not_mentioned,not_mentioned,not_mentioned
Jarod NDE 7103,nderf,data\nderf\03588_jarod-nde-7103.json,Indeterminate,0,False,False,False,not_mentioned,not_mentioned,not_mentioned,not_mentioned,not_mentioned,not_mentioned,not_mentioned,not_mentioned,not_mentioned,not_mentioned
David A Probable NDE 6684 6684,nderf,data\nderf\03589_david-a-probable-nde-6684-6684.json,Indeterminate,0,False,False,False,other,not_mentioned,not_mentioned,no,not_mentioned,not_mentioned,not_mentioned,not_mentioned,none,no
Cathy T Probable NDE 7107,nderf,data\nderf\03590_cathy-t-probable-nde-7107.json,Indeterminate,0,False,False,False,not_mentioned,no,no,not_mentioned,not_mentioned,not_mentioned,not_mentioned,not_mentioned,not_mentioned,not_mentioned
Rosemary L NDE 7108,nderf,data\nderf\03591_rosemary-l-nde-7108.json,Indeterminate,0,False,False,False,not_your_time,not_mentioned,not_mentioned,not_mentioned,not_mentioned,not_mentioned,not_mentioned,not_mentioned,not_mentioned,not_mentioned
Bob G Possible NDE 7110,nderf,data\nderf\03593_bob-g-possible-nde-7110.json,Indeterminate,0,False,False,False,other,not_mentioned,not_mentioned,not_mentioned,not_mentioned,not_mentioned,not_mentioned,not_mentioned,not_mentioned,not_mentioned
Marshall L NDE 7111,nderf,data\nderf\03594_marshall-l-nde-7111.json,Indeterminate,0,False,False,False,not_mentioned,not_mentioned,not_mentioned,not_mentioned,not_mentioned,not_mentioned,not_mentioned,not_mentioned,not_mentioned,not_mentioned
Bailey J Probable NDE 7112,nderf,data\nderf\03595_bailey-j-probable-nde-7112.json,Indeterminate,0,False,False,False,family_responsibility,not_mentioned,not_mentioned,not_mentioned,not_mentioned,not_mentioned,not_mentioned,not_mentioned,not_mentioned,not_mentioned
Jim A NDEs 7117 NDE 7117,nderf,data\nderf\03597_jim-a-ndes-7117-nde-7117.json,Indeterminate,0,False,False,False,other,implied,no,not_mentioned,not_mentioned,not_mentioned,not_mentioned,not_mentioned,not_mentioned,not_mentioned
Brenda S NDE 7118,nderf,data\nderf\03598_brenda-s-nde-7118.json,Indeterminate,0,False,False,False,not_mentioned,not_mentioned,not_mentioned,not_mentioned,not_mentioned,not_mentioned,not_mentioned,not_mentioned,not_mentioned,not_mentioned
Gavin C Probable NDE 7122,nderf,data\nderf\03599_gavin-c-probable-nde-7122.json,Indeterminate,0,False,False,False,not_mentioned,not_mentioned,not_mentioned,not_mentioned,not_mentioned,not_mentioned,not_mentioned,not_mentioned,not_mentioned,not_mentioned
Carlos K STE 7124 NDE 7124,nderf,data\nderf\03601_carlos-k-ste-7124-nde-7124.json,Indeterminate,0,False,False,False,not_mentioned,not_mentioned,not_mentioned,not_mentioned,not_mentioned,not_mentioned,not_mentioned,not_mentioned,not_mentioned,not_mentioned
Justin M NDE 7131,nderf,data\nderf\03603_justin-m-nde-7131.json,Indeterminate,0,False,False,False,not_your_time,yes_explicit,not_mentioned,not_mentioned,not_mentioned,not_mentioned,not_mentioned,not_mentioned,not_mentioned,not_mentioned
Wanetta L Probable NDE 7132,nderf,data\nderf\03604_wanetta-l-probable-nde-7132.json,Indeterminate,0,False,False,False,not_mentioned,not_mentioned,not_mentioned,not_mentioned,not_mentioned,not_mentioned,not_mentioned,not_mentioned,not_mentioned,not_mentioned
Austin C Probable NDE 7134,nderf,data\nderf\03606_austin-c-probable-nde-7134.json,Indeterminate,0,False,False,False,not_mentioned,not_mentioned,not_mentioned,not_mentioned,not_mentioned,not_mentioned,not_mentioned,implied,not_mentioned,not_mentioned
Graeme C NDE 7135,nderf,data\nderf\03607_graeme-c-nde-7135.json,Indeterminate,0,False,False,False,not_mentioned,not_mentioned,not_mentioned,not_mentioned,not_mentioned,not_mentioned,not_mentioned,not_mentioned,not_mentioned,not_mentioned
Haze NDE 7145,nderf,data\nderf\03611_haze-nde-7145.json,Indeterminate,0,False,False,False,not_your_time,no,not_mentioned,not_mentioned,not_mentioned,not_mentioned,not_mentioned,not_mentioned,not_mentioned,not_mentioned
Witney NDE 7147,nderf,data\nderf\03615_witney-nde-7147.json,Indeterminate,0,False,False,False,not_mentioned,not_mentioned,not_mentioned,not_mentioned,not_mentioned,not_mentioned,not_mentioned,not_mentioned,not_mentioned,not_mentioned
David M NDE 7148,nderf,data\nderf\03616_david-m-nde-7148.json,Indeterminate,0,False,False,False,no_reason_given,not_mentioned,not_mentioned,not_mentioned,not_mentioned,not_mentioned,not_mentioned,not_mentioned,not_mentioned,not_mentioned
Gene B NDE 7149,nderf,data\nderf\03617_gene-b-nde-7149.json,Indeterminate,0,False,False,False,family_responsibility,yes_explicit,no,no,not_mentioned,not_mentioned,not_mentioned,not_mentioned,none,no
Sally D NDE 7151,nderf,data\nderf\03618_sally-d-nde-7151.json,Indeterminate,0,False,False,False,not_mentioned,not_mentioned,not_mentioned,not_mentioned,not_mentioned,not_mentioned,not_mentioned,not_mentioned,not_mentioned,not_mentioned
Barbara W NDE 7152,nderf,data\nderf\03619_barbara-w-nde-7152.json,Indeterminate,0,False,False,False,not_your_time,not_mentioned,not_mentioned,no,not_mentioned,not_mentioned,not_mentioned,not_mentioned,not_mentioned,no
Victorio NDE 7150,nderf,data\nderf\03621_victorio-nde-7150.json,Indeterminate,0,False,False,False,not_mentioned,not_mentioned,not_mentioned,not_mentioned,not_mentioned,not_mentioned,not_mentioned,not_mentioned,not_mentioned,not_mentioned
Cali NDE 7155,nderf,data\nderf\03622_cali-nde-7155.json,Indeterminate,0,False,False,False,not_mentioned,no,no,no,not_mentioned,not_mentioned,not_mentioned,not_mentioned,not_mentioned,no
Soizi W Probable NDE 7158,nderf,data\nderf\03624_soizi-w-probable-nde-7158.json,Indeterminate,0,False,False,False,not_your_time,implied,not_mentioned,not_mentioned,not_mentioned,not_mentioned,not_mentioned,not_mentioned,not_mentioned,not_mentioned
Steve R NDE 16070,nderf,data\nderf\03625_steve-r-nde-16070.json,Indeterminate,0,False,False,False,not_your_time,no,no,no,not_mentioned,not_mentioned,not_mentioned,not_mentioned,not_mentioned,no
Madeleine NDE 7154,nderf,data\nderf\03626_madeleine-nde-7154.json,Indeterminate,0,False,False,False,not_mentioned,not_mentioned,not_mentioned,not_mentioned,not_mentioned,not_mentioned,not_mentioned,not_mentioned,not_mentioned,not_mentioned
Timothy A NDE 7159,nderf,data\nderf\03627_timothy-a-nde-7159.json,Indeterminate,0,False,False,False,not_your_time,no,no,no,not_mentioned,not_mentioned,not_mentioned,not_mentioned,not_mentioned,no
Victoria P Probable NDE 2650,nderf,data\nderf\03631_victoria-p-probable-nde-2650.json,Indeterminate,0,False,False,False,family_responsibility,not_mentioned,not_mentioned,not_mentioned,not_mentioned,not_mentioned,not_mentioned,not_mentioned,not_mentioned,not_mentioned
SW N Possible NDE 2651,nderf,data\nderf\03632_sw-n-possible-nde-2651.json,Indeterminate,0,False,False,False,not_mentioned,not_mentioned,not_mentioned,not_mentioned,not_mentioned,not_mentioned,not_mentioned,not_mentioned,not_mentioned,not_mentioned
Serge D NDE 7166,nderf,data\nderf\03633_serge-d-nde-7166.json,Indeterminate,0,False,False,False,no_reason_given,no,no,no,not_mentioned,not_mentioned,not_mentioned,implied,not_mentioned,no
Eugenia M Possible NDE 7168,nderf,data\nderf\03634_eugenia-m-possible-nde-7168.json,Indeterminate,0,False,False,False,not_your_time,no,no,no,not_mentioned,not_mentioned,not_mentioned,not_mentioned,none,no
Mary W NDE 7170,nderf,data\nderf\03635_mary-w-nde-7170.json,Indeterminate,0,False,False,False,not_mentioned,not_mentioned,not_mentioned,not_mentioned,not_mentioned,not_mentioned,not_mentioned,not_mentioned,not_mentioned,not_mentioned
Steve T NDE 7172,nderf,data\nderf\03636_steve-t-nde-7172.json,Indeterminate,0,False,False,False,not_your_time,not_mentioned,not_mentioned,not_mentioned,not_mentioned,not_mentioned,not_mentioned,not_mentioned,not_mentioned,not_mentioned
Ivan NDE 7175,nderf,data\nderf\03638_ivan-nde-7175.json,Indeterminate,0,False,False,False,no_reason_given,no,no,no,not_mentioned,not_mentioned,not_mentioned,not_mentioned,not_mentioned,no
Rebecca P NDE 7177,nderf,data\nderf\03639_rebecca-p-nde-7177.json,Indeterminate,0,False,False,False,family_responsibility,implied,not_mentioned,not_mentioned,not_mentioned,not_mentioned,not_mentioned,no,not_mentioned,not_mentioned
Maime S NDE 7179,nderf,data\nderf\03640_maime-s-nde-7179.json,Indeterminate,0,False,False,False,no_reason_given,no,no,no,not_mentioned,not_mentioned,not_mentioned,not_mentioned,not_mentioned,no
Kristine J NDE 7181,nderf,data\nderf\03641_kristine-j-nde-7181.json,Indeterminate,0,False,False,False,not_mentioned,no,no,no,not_mentioned,not_mentioned,not_mentioned,not_mentioned,not_mentioned,no
Marny NDE 7182,nderf,data\nderf\03642_marny-nde-7182.json,Indeterminate,0,False,False,False,no_reason_given,not_mentioned,not_mentioned,not_mentioned,not_mentioned,not_mentioned,not_mentioned,not_mentioned,not_mentioned,not_mentioned
CB Possible NDE 7183,nderf,data\nderf\03643_cb-possible-nde-7183.json,Indeterminate,0,False,False,False,no_reason_given,not_mentioned,not_mentioned,not_mentioned,not_mentioned,not_mentioned,not_mentioned,not_mentioned,not_mentioned,not_mentioned
Monique B NDE 7193,nderf,data\nderf\03647_monique-b-nde-7193.json,Indeterminate,0,False,False,False,family_responsibility,no,no,no,not_mentioned,not_mentioned,not_mentioned,not_mentioned,not_mentioned,no
Patrice S Probable NDE 32302,nderf,data\nderf\03648_patrice-s-probable-nde-32302.json,Indeterminate,0,False,False,False,not_your_time,no,not_mentioned,not_mentioned,not_mentioned,not_mentioned,not_mentioned,not_mentioned,not_mentioned,not_mentioned
Rebekah J NDE 7196,nderf,data\nderf\03649_rebekah-j-nde-7196.json,Indeterminate,0,False,False,False,family_responsibility,not_mentioned,not_mentioned,not_mentioned,not_mentioned,not_mentioned,not_mentioned,not_mentioned,not_mentioned,not_mentioned
Tracy S Possible NDE 7197,nderf,data\nderf\03650_tracy-s-possible-nde-7197.json,Indeterminate,0,False,False,False,no_reason_given,not_mentioned,not_mentioned,not_mentioned,not_mentioned,not_mentioned,not_mentioned,not_mentioned,not_mentioned,not_mentioned
James A NDE 7199,nderf,data\nderf\03652_james-a-nde-7199.json,Indeterminate,0,False,False,False,not_your_time,no,no,no,not_mentioned,not_mentioned,not_mentioned,no,not_mentioned,no
Michael DP NDE 7200,nderf,data\nderf\03653_michael-dp-nde-7200.json,Indeterminate,0,False,False,False,no_reason_given,no,no,no,not_mentioned,not_mentioned,not_mentioned,not_mentioned,not_mentioned,no
Micella NDE 7201,nderf,data\nderf\03654_micella-nde-7201.json,Indeterminate,0,False,False,False,not_your_time,not_mentioned,not_mentioned,not_mentioned,not_mentioned,not_mentioned,not_mentioned,not_mentioned,not_mentioned,not_mentioned
Amanda NDE 7203,nderf,data\nderf\03656_amanda-nde-7203.json,Indeterminate,0,False,False,False,not_mentioned,not_mentioned,not_mentioned,not_mentioned,not_mentioned,not_mentioned,not_mentioned,not_mentioned,not_mentioned,not_mentioned
Luce NDE 7195,nderf,data\nderf\03657_luce-nde-7195.json,Indeterminate,0,False,False,False,no_reason_given,not_mentioned,not_mentioned,not_mentioned,not_mentioned,not_mentioned,not_mentioned,not_mentioned,not_mentioned,not_mentioned
Carolane B NDE 7205,nderf,data\nderf\03658_carolane-b-nde-7205.json,Indeterminate,0,False,False,False,no_reason_given,no,no,not_mentioned,not_mentioned,not_mentioned,not_mentioned,not_mentioned,not_mentioned,not_mentioned
Muhammad E Possible NDE 7194,nderf,data\nderf\03660_muhammad-e-possible-nde-7194.json,Indeterminate,0,False,False,False,not_mentioned,no,not_mentioned,not_mentioned,not_mentioned,not_mentioned,not_mentioned,not_mentioned,not_mentioned,not_mentioned
Jiří H NDE 7160,nderf,data\nderf\03661_ji-h-nde-7160.json,Indeterminate,0,False,False,False,other,no,no,not_mentioned,not_mentioned,not_mentioned,not_mentioned,not_mentioned,not_mentioned,not_mentioned
Angelo NDE 7192,nderf,data\nderf\03662_angelo-nde-7192.json,Indeterminate,0,False,False,False,not_mentioned,not_mentioned,not_mentioned,not_mentioned,not_mentioned,not_mentioned,not_mentioned,not_mentioned,not_mentioned,not_mentioned
Ryan F Probable FDE 7212 NDE 7212,nderf,data\nderf\03664_ryan-f-probable-fde-7212-nde-7212.json,Indeterminate,0,False,False,False,no_reason_given,not_mentioned,not_mentioned,not_mentioned,not_mentioned,not_mentioned,not_mentioned,not_mentioned,not_mentioned,not_mentioned
Robyn F NDE 7209,nderf,data\nderf\03666_robyn-f-nde-7209.json,Indeterminate,0,False,False,False,no_reason_given,yes_explicit,no,not_mentioned,not_mentioned,not_mentioned,not_mentioned,not_mentioned,not_mentioned,not_mentioned
Domi L Probable NDE 7215,nderf,data\nderf\03667_domi-l-probable-nde-7215.json,Indeterminate,0,False,False,False,other,yes_explicit,no,no,not_mentioned,not_mentioned,not_mentioned,not_mentioned,not_mentioned,no
Ray NDE 7216,nderf,data\nderf\03668_ray-nde-7216.json,Indeterminate,0,False,False,False,not_mentioned,not_mentioned,not_mentioned,not_mentioned,not_mentioned,not_mentioned,not_mentioned,not_mentioned,not_mentioned,not_mentioned
Gail A NDE 7219,nderf,data\nderf\03669_gail-a-nde-7219.json,Indeterminate,0,False,False,False,other,yes_explicit,no,not_mentioned,not_mentioned,not_mentioned,not_mentioned,not_mentioned,not_mentioned,not_mentioned
Rachel R NDE 7220,nderf,data\nderf\03670_rachel-r-nde-7220.json,Indeterminate,0,False,False,False,no_reason_given,not_mentioned,not_mentioned,not_mentioned,not_mentioned,not_mentioned,not_mentioned,implied,not_mentioned,not_mentioned
Doris Possible NDE 7218,nderf,data\nderf\03672_doris-possible-nde-7218.json,Indeterminate,0,False,False,False,not_mentioned,not_mentioned,not_mentioned,not_mentioned,not_mentioned,not_mentioned,not_mentioned,not_mentioned,not_mentioned,not_mentioned
Mahmoud NDE 7189,nderf,data\nderf\03673_mahmoud-nde-7189.json,Indeterminate,0,False,False,False,not_mentioned,not_mentioned,not_mentioned,not_mentioned,not_mentioned,not_mentioned,not_mentioned,not_mentioned,not_mentioned,not_mentioned
Beverly L NDE 22944,nderf,data\nderf\03674_beverly-l-nde-22944.json,Indeterminate,0,False,False,False,not_mentioned,not_mentioned,not_mentioned,not_mentioned,not_mentioned,not_mentioned,not_mentioned,not_mentioned,not_mentioned,not_mentioned
Stephanie D NDEs 7224 NDE 7224,nderf,data\nderf\03675_stephanie-d-ndes-7224-nde-7224.json,Indeterminate,0,False,False,False,no_reason_given,not_mentioned,not_mentioned,not_mentioned,not_mentioned,not_mentioned,not_mentioned,not_mentioned,not_mentioned,not_mentioned
Tina H NDE 7226,nderf,data\nderf\03676_tina-h-nde-7226.json,Indeterminate,0,False,False,False,no_reason_given,not_mentioned,not_mentioned,not_mentioned,not_mentioned,not_mentioned,not_mentioned,not_mentioned,not_mentioned,not_mentioned
Rick E Possible NDE 7227,nderf,data\nderf\03677_rick-e-possible-nde-7227.json,Indeterminate,0,False,False,False,not_mentioned,not_mentioned,not_mentioned,not_mentioned,not_mentioned,not_mentioned,not_mentioned,implied,not_mentioned,not_mentioned
Michele G NDE 7229,nderf,data\nderf\03678_michele-g-nde-7229.json,Indeterminate,0,False,False,False,other,no,not_mentioned,not_mentioned,not_mentioned,not_mentioned,not_mentioned,not_mentioned,not_mentioned,not_mentioned
Leslie Probable NDE 7236,nderf,data\nderf\03682_leslie-probable-nde-7236.json,Indeterminate,0,False,False,False,other,no,no,not_mentioned,not_mentioned,not_mentioned,not_mentioned,not_mentioned,not_mentioned,not_mentioned
Malavika H NDE 7237,nderf,data\nderf\03683_malavika-h-nde-7237.json,Indeterminate,0,False,False,False,family_responsibility,implied,not_mentioned,not_mentioned,not_mentioned,not_mentioned,not_mentioned,not_mentioned,not_mentioned,not_mentioned
Francesca NDE 7238,nderf,data\nderf\03684_francesca-nde-7238.json,Indeterminate,0,False,False,False,not_mentioned,not_mentioned,not_mentioned,not_mentioned,not_mentioned,not_mentioned,not_mentioned,not_mentioned,not_mentioned,not_mentioned
Julian of Norwich NDE 7240,nderf,data\nderf\03685_julian-of-norwich-nde-7240.json,Indeterminate,0,False,False,False,not_mentioned,not_mentioned,not_mentioned,not_mentioned,not_mentioned,not_mentioned,not_mentioned,not_mentioned,not_mentioned,not_mentioned
Simon NDE 7243,nderf,data\nderf\03687_simon-nde-7243.json,Indeterminate,0,False,False,False,not_mentioned,no,no,no,not_mentioned,not_mentioned,not_mentioned,not_mentioned,not_mentioned,no
Greta H FDE 7249 NDE 7249,nderf,data\nderf\03690_greta-h-fde-7249-nde-7249.json,Indeterminate,0,False,False,False,not_mentioned,not_mentioned,not_mentioned,not_mentioned,not_mentioned,not_mentioned,not_mentioned,not_mentioned,not_mentioned,not_mentioned
Mary C NDE 7251,nderf,data\nderf\03691_mary-c-nde-7251.json,Indeterminate,0,False,False,False,not_mentioned,no,no,no,not_mentioned,not_mentioned,not_mentioned,not_mentioned,not_mentioned,no
Andrea J NDE 7252,nderf,data\nderf\03692_andrea-j-nde-7252.json,Indeterminate,0,False,False,False,not_your_time,not_mentioned,not_mentioned,not_mentioned,not_mentioned,not_mentioned,not_mentioned,not_mentioned,not_mentioned,not_mentioned
Lou N Probable NDE 7426/7255 NDE 7255,nderf,data\nderf\03694_lou-n-probable-nde-7426-7255-nde-7255.json,Indeterminate,0,False,False,False,not_your_time,not_mentioned,not_mentioned,not_mentioned,not_mentioned,not_mentioned,not_mentioned,not_mentioned,not_mentioned,not_mentioned
Glen D NDE 7260,nderf,data\nderf\03696_glen-d-nde-7260.json,Indeterminate,0,False,False,False,not_mentioned,not_mentioned,not_mentioned,not_mentioned,not_mentioned,not_mentioned,not_mentioned,not_mentioned,not_mentioned,not_mentioned
Wanda S Possible NDE 7262,nderf,data\nderf\03698_wanda-s-possible-nde-7262.json,Indeterminate,0,False,False,False,not_mentioned,not_mentioned,not_mentioned,not_mentioned,not_mentioned,not_mentioned,not_mentioned,not_mentioned,not_mentioned,not_mentioned
Daniel H NDE 7264,nderf,data\nderf\03701_daniel-h-nde-7264.json,Indeterminate,0,False,False,False,not_your_time,yes_explicit,not_mentioned,not_mentioned,not_mentioned,not_mentioned,not_mentioned,not_mentioned,not_mentioned,not_mentioned
Sally A NDE 7265,nderf,data\nderf\03702_sally-a-nde-7265.json,Indeterminate,0,False,False,False,no_reason_given,no,no,no,not_mentioned,not_mentioned,not_mentioned,not_mentioned,not_mentioned,no
Salem NDE 7271,nderf,data\nderf\03704_salem-nde-7271.json,Indeterminate,0,False,False,False,other,no,not_mentioned,not_mentioned,not_mentioned,not_mentioned,not_mentioned,not_mentioned,not_mentioned,not_mentioned
Lis L Probable NDE 3859,nderf,data\nderf\03705_lis-l-probable-nde-3859.json,Indeterminate,0,False,False,False,not_mentioned,not_mentioned,not_mentioned,not_mentioned,not_mentioned,not_mentioned,not_mentioned,not_mentioned,not_mentioned,not_mentioned
Haley T NDE 7277,nderf,data\nderf\03707_haley-t-nde-7277.json,Indeterminate,0,False,False,False,family_responsibility,implied,no,no,not_mentioned,not_mentioned,not_mentioned,not_mentioned,not_mentioned,no
Samson J NDE 7278,nderf,data\nderf\03708_samson-j-nde-7278.json,Indeterminate,0,False,False,False,not_mentioned,not_mentioned,not_mentioned,not_mentioned,not_mentioned,not_mentioned,not_mentioned,not_mentioned,not_mentioned,not_mentioned
Alba NDE 7266,nderf,data\nderf\03709_alba-nde-7266.json,Indeterminate,0,False,False,False,not_mentioned,not_mentioned,not_mentioned,not_mentioned,not_mentioned,not_mentioned,not_mentioned,implied,not_mentioned,not_mentioned
Béatrice P NDE 7290,nderf,data\nderf\03710_b-atrice-p-nde-7290.json,Indeterminate,0,False,False,False,not_mentioned,not_mentioned,not_mentioned,not_mentioned,not_mentioned,not_mentioned,not_mentioned,not_mentioned,not_mentioned,not_mentioned
Carmen V Shared NDE 7284,nderf,data\nderf\03711_carmen-v-shared-nde-7284.json,Indeterminate,0,False,False,False,no_reason_given,not_mentioned,not_mentioned,not_mentioned,not_mentioned,not_mentioned,not_mentioned,not_mentioned,not_mentioned,not_mentioned
Karin F NDE 7291,nderf,data\nderf\03712_karin-f-nde-7291.json,Indeterminate,0,False,False,False,other,not_mentioned,no,no,not_mentioned,not_mentioned,not_mentioned,not_mentioned,not_mentioned,no
Jeremiah J NDE 7297,nderf,data\nderf\03713_jeremiah-j-nde-7297.json,Indeterminate,0,False,False,False,family_responsibility,yes_explicit,no,no,not_mentioned,not_mentioned,not_mentioned,not_mentioned,not_mentioned,no
Sandy A Probable NDE 7298,nderf,data\nderf\03714_sandy-a-probable-nde-7298.json,Indeterminate,0,False,False,False,no_reason_given,not_mentioned,not_mentioned,not_mentioned,not_mentioned,not_mentioned,not_mentioned,not_mentioned,not_mentioned,not_mentioned
C C Possible NDE 7299,nderf,data\nderf\03715_c-c-possible-nde-7299.json,Indeterminate,0,False,False,False,not_mentioned,not_mentioned,not_mentioned,not_mentioned,not_mentioned,not_mentioned,not_mentioned,not_mentioned,not_mentioned,not_mentioned
Sandra A NDE 7305,nderf,data\nderf\03716_sandra-a-nde-7305.json,Indeterminate,0,False,False,False,not_mentioned,not_mentioned,not_mentioned,not_mentioned,not_mentioned,not_mentioned,not_mentioned,not_mentioned,not_mentioned,not_mentioned
Wendy A NDE 7314,nderf,data\nderf\03721_wendy-a-nde-7314.json,Indeterminate,0,False,False,False,not_your_time,implied,not_mentioned,not_mentioned,not_mentioned,not_mentioned,not_mentioned,not_mentioned,not_mentioned,not_mentioned
Tikvah F NDE 7315,nderf,data\nderf\03722_tikvah-f-nde-7315.json,Indeterminate,0,False,False,False,not_mentioned,not_mentioned,not_mentioned,not_mentioned,not_mentioned,not_mentioned,not_mentioned,not_mentioned,not_mentioned,not_mentioned
Ken D NDE 7316,nderf,data\nderf\03723_ken-d-nde-7316.json,Indeterminate,0,False,False,False,not_your_time,no,not_mentioned,not_mentioned,not_mentioned,not_mentioned,not_mentioned,not_mentioned,not_mentioned,not_mentioned
Martha BG NDE 7317,nderf,data\nderf\03724_martha-bg-nde-7317.json,Indeterminate,0,False,False,False,not_mentioned,not_mentioned,not_mentioned,not_mentioned,not_mentioned,not_mentioned,not_mentioned,not_mentioned,not_mentioned,not_mentioned
Beth S NDE 7319,nderf,data\nderf\03726_beth-s-nde-7319.json,Indeterminate,0,False,False,False,no_reason_given,no,no,no,not_mentioned,not_mentioned,not_mentioned,not_mentioned,not_mentioned,no
Jacqueline HW NDE 7313,nderf,data\nderf\03727_jacqueline-hw-nde-7313.json,Indeterminate,0,False,False,False,no_reason_given,no,no,no,not_mentioned,not_mentioned,not_mentioned,not_mentioned,not_mentioned,no
Mary D STE 7334 NDE 7334,nderf,data\nderf\03728_mary-d-ste-7334-nde-7334.json,Indeterminate,0,False,False,False,not_mentioned,not_mentioned,not_mentioned,not_mentioned,not_mentioned,not_mentioned,not_mentioned,not_mentioned,not_mentioned,not_mentioned
Carlos S NDE 7322,nderf,data\nderf\03729_carlos-s-nde-7322.json,Indeterminate,0,False,False,False,not_mentioned,not_mentioned,not_mentioned,not_mentioned,not_mentioned,not_mentioned,not_mentioned,not_mentioned,not_mentioned,not_mentioned
Wendy T NDE 7329,nderf,data\nderf\03731_wendy-t-nde-7329.json,Indeterminate,0,False,False,False,no_reason_given,not_mentioned,not_mentioned,no,not_mentioned,not_mentioned,not_mentioned,not_mentioned,not_mentioned,no
Barbara G Probable NDE 7330,nderf,data\nderf\03732_barbara-g-probable-nde-7330.json,Indeterminate,0,False,False,False,not_mentioned,not_mentioned,not_mentioned,not_mentioned,not_mentioned,not_mentioned,not_mentioned,not_mentioned,not_mentioned,not_mentioned
Wanda K NDE 7335,nderf,data\nderf\03734_wanda-k-nde-7335.json,Indeterminate,0,False,False,False,not_mentioned,not_mentioned,not_mentioned,no,not_mentioned,not_mentioned,not_mentioned,not_mentioned,not_mentioned,no
Cyanrose J NDE 7336,nderf,data\nderf\03735_cyanrose-j-nde-7336.json,Indeterminate,0,False,False,False,family_responsibility,not_mentioned,not_mentioned,not_mentioned,not_mentioned,not_mentioned,not_mentioned,not_mentioned,not_mentioned,not_mentioned
JK S Probable NDE 7339,nderf,data\nderf\03736_jk-s-probable-nde-7339.json,Indeterminate,0,False,False,False,family_responsibility,no,no,not_mentioned,not_mentioned,not_mentioned,not_mentioned,not_mentioned,not_mentioned,not_mentioned
Mauritz N Probable NDE 7351,nderf,data\nderf\03740_mauritz-n-probable-nde-7351.json,Indeterminate,0,False,False,False,no_reason_given,not_mentioned,not_mentioned,not_mentioned,not_mentioned,not_mentioned,not_mentioned,not_mentioned,not_mentioned,not_mentioned
Maggie S NDE 7361,nderf,data\nderf\03744_maggie-s-nde-7361.json,Indeterminate,0,False,False,False,not_mentioned,not_mentioned,not_mentioned,not_mentioned,not_mentioned,not_mentioned,not_mentioned,not_mentioned,not_mentioned,not_mentioned
Peter B Probable NDE 7363,nderf,data\nderf\03746_peter-b-probable-nde-7363.json,Indeterminate,0,False,False,False,not_your_time,implied,no,not_mentioned,not_mentioned,not_mentioned,not_mentioned,not_mentioned,not_mentioned,not_mentioned
Beau B NDE 7370,nderf,data\nderf\03747_beau-b-nde-7370.json,Indeterminate,0,False,False,False,not_mentioned,not_mentioned,not_mentioned,no,not_mentioned,not_mentioned,not_mentioned,not_mentioned,not_mentioned,no
Joshua L NDE 7366,nderf,data\nderf\03749_joshua-l-nde-7366.json,Indeterminate,0,False,False,False,no_reason_given,no,no,no,not_mentioned,not_mentioned,not_mentioned,not_mentioned,not_mentioned,no
Jeffery M NDE 7372,nderf,data\nderf\03750_jeffery-m-nde-7372.json,Indeterminate,0,False,False,False,not_mentioned,not_mentioned,not_mentioned,not_mentioned,not_mentioned,not_mentioned,not_mentioned,not_mentioned,not_mentioned,not_mentioned
Marta E NDE 7378,nderf,data\nderf\03751_marta-e-nde-7378.json,Indeterminate,0,False,False,False,not_mentioned,not_mentioned,not_mentioned,not_mentioned,not_mentioned,not_mentioned,not_mentioned,not_mentioned,not_mentioned,not_mentioned
Bob M NDE 7382,nderf,data\nderf\03752_bob-m-nde-7382.json,Indeterminate,0,False,False,False,no_reason_given,not_mentioned,not_mentioned,not_mentioned,not_mentioned,not_mentioned,not_mentioned,not_mentioned,not_mentioned,not_mentioned
Steven M NDE 7386,nderf,data\nderf\03756_steven-m-nde-7386.json,Indeterminate,0,False,False,False,no_reason_given,not_mentioned,not_mentioned,not_mentioned,not_mentioned,not_mentioned,not_mentioned,not_mentioned,not_mentioned,not_mentioned
Lyndall W NDE 7387,nderf,data\nderf\03757_lyndall-w-nde-7387.json,Indeterminate,0,False,False,False,family_responsibility,not_mentioned,not_mentioned,not_mentioned,not_mentioned,not_mentioned,not_mentioned,not_mentioned,not_mentioned,not_mentioned
Otto J NDE 7388,nderf,data\nderf\03758_otto-j-nde-7388.json,Indeterminate,0,False,False,False,not_your_time,no,no,not_mentioned,not_mentioned,not_mentioned,not_mentioned,no,not_mentioned,not_mentioned
Paulo NDE 7389,nderf,data\nderf\03759_paulo-nde-7389.json,Indeterminate,0,False,False,False,not_mentioned,not_mentioned,not_mentioned,not_mentioned,not_mentioned,not_mentioned,not_mentioned,not_mentioned,not_mentioned,not_mentioned
Elaine L Probable NDE 7384,nderf,data\nderf\03760_elaine-l-probable-nde-7384.json,Indeterminate,0,False,False,False,not_mentioned,not_mentioned,not_mentioned,not_mentioned,not_mentioned,not_mentioned,not_mentioned,not_mentioned,not_mentioned,not_mentioned
D NDE 7394,nderf,data\nderf\03762_d-nde-7394.json,Indeterminate,0,False,False,False,no_reason_given,not_mentioned,not_mentioned,not_mentioned,not_mentioned,not_mentioned,not_mentioned,not_mentioned,not_mentioned,not_mentioned
Marsha T NDE 7396,nderf,data\nderf\03764_marsha-t-nde-7396.json,Indeterminate,0,False,False,False,not_mentioned,not_mentioned,not_mentioned,not_mentioned,not_mentioned,not_mentioned,not_mentioned,not_mentioned,not_mentioned,not_mentioned
Mary Ann P NDE 7397,nderf,data\nderf\03765_mary-ann-p-nde-7397.json,Indeterminate,0,False,False,False,other,not_mentioned,not_mentioned,not_mentioned,not_mentioned,not_mentioned,not_mentioned,no,not_mentioned,not_mentioned
Wanda M Probable NDE 7404,nderf,data\nderf\03768_wanda-m-probable-nde-7404.json,Indeterminate,0,False,False,False,not_mentioned,not_mentioned,not_mentioned,not_mentioned,not_mentioned,not_mentioned,not_mentioned,not_mentioned,not_mentioned,not_mentioned
Richard NDE 7432/22974 NDE 22974,nderf,data\nderf\03769_richard-nde-7432-22974-nde-22974.json,Indeterminate,0,False,False,False,no_reason_given,no,no,no,not_mentioned,not_mentioned,not_mentioned,no,not_mentioned,no
JJHG Experience 7406 NDE 7406,nderf,data\nderf\03770_jjhg-experience-7406-nde-7406.json,Indeterminate,0,False,False,False,no_reason_given,no,no,no,not_mentioned,not_mentioned,not_mentioned,not_mentioned,none,no
Zoe C NDE 7410,nderf,data\nderf\03771_zoe-c-nde-7410.json,Indeterminate,0,False,False,False,family_responsibility,no,no,no,not_mentioned,not_mentioned,not_mentioned,not_mentioned,not_mentioned,no
Gabby G NDE 7419,nderf,data\nderf\03775_gabby-g-nde-7419.json,Indeterminate,0,False,False,False,no_reason_given,not_mentioned,not_mentioned,not_mentioned,not_mentioned,not_mentioned,not_mentioned,not_mentioned,not_mentioned,not_mentioned
Sherry C FDE 7421 NDE 7421,nderf,data\nderf\03777_sherry-c-fde-7421-nde-7421.json,Indeterminate,0,False,False,False,not_mentioned,not_mentioned,not_mentioned,no,not_mentioned,not_mentioned,not_mentioned,not_mentioned,not_mentioned,no
Nancy S NDE 22979,nderf,data\nderf\03779_nancy-s-nde-22979.json,Indeterminate,0,False,False,False,not_mentioned,not_mentioned,not_mentioned,not_mentioned,not_mentioned,not_mentioned,not_mentioned,not_mentioned,not_mentioned,not_mentioned
Reinaldo N FDE 7414 NDE 7414,nderf,data\nderf\03781_reinaldo-n-fde-7414-nde-7414.json,Indeterminate,0,False,False,False,not_mentioned,not_mentioned,not_mentioned,not_mentioned,not_mentioned,not_mentioned,not_mentioned,not_mentioned,not_mentioned,not_mentioned
George N NDE 7434,nderf,data\nderf\03785_george-n-nde-7434.json,Indeterminate,0,False,False,False,not_mentioned,no,no,no,not_mentioned,not_mentioned,not_mentioned,not_mentioned,not_mentioned,no
Garrett T Probable NDE 7437,nderf,data\nderf\03787_garrett-t-probable-nde-7437.json,Indeterminate,0,False,False,False,not_mentioned,not_mentioned,not_mentioned,not_mentioned,not_mentioned,not_mentioned,not_mentioned,not_mentioned,not_mentioned,not_mentioned
Amanda M Possible NDE 7438,nderf,data\nderf\03788_amanda-m-possible-nde-7438.json,Indeterminate,0,False,False,False,not_mentioned,not_mentioned,not_mentioned,not_mentioned,not_mentioned,not_mentioned,not_mentioned,not_mentioned,not_mentioned,not_mentioned
Sherry S NDE 7441,nderf,data\nderf\03790_sherry-s-nde-7441.json,Indeterminate,0,False,False,False,no_reason_given,no,no,no,not_mentioned,not_mentioned,not_mentioned,not_mentioned,not_mentioned,no
Annelise W Probable NDEs 7445 NDE 7445,nderf,data\nderf\03793_annelise-w-probable-ndes-7445-nde-7445.json,Indeterminate,0,False,False,False,not_mentioned,not_mentioned,not_mentioned,not_mentioned,not_mentioned,not_mentioned,not_mentioned,not_mentioned,not_mentioned,not_mentioned
Lariza GWT Possible NDE 7429,nderf,data\nderf\03796_lariza-gwt-possible-nde-7429.json,Indeterminate,0,False,False,False,not_your_time,yes_explicit,no,no,not_mentioned,not_mentioned,not_mentioned,not_mentioned,not_mentioned,no
Elise C NDE 7444,nderf,data\nderf\03797_elise-c-nde-7444.json,Indeterminate,0,False,False,False,family_responsibility,not_mentioned,no,no,not_mentioned,not_mentioned,not_mentioned,not_mentioned,none,no
Mich K NDE 7450,nderf,data\nderf\03799_mich-k-nde-7450.json,Indeterminate,0,False,False,False,not_mentioned,not_mentioned,not_mentioned,not_mentioned,not_mentioned,not_mentioned,not_mentioned,not_mentioned,not_mentioned,not_mentioned
Sharron T Probable NDE 7451,nderf,data\nderf\03800_sharron-t-probable-nde-7451.json,Indeterminate,0,False,False,False,family_responsibility,no,no,not_mentioned,not_mentioned,not_mentioned,not_mentioned,explicit,not_mentioned,not_mentioned
Andrew G NDE 7453,nderf,data\nderf\03801_andrew-g-nde-7453.json,Indeterminate,0,False,False,False,not_your_time,yes_explicit,no,no,not_mentioned,not_mentioned,not_mentioned,implied,none,no
Marc M NDE 7454,nderf,data\nderf\03802_marc-m-nde-7454.json,Indeterminate,0,False,False,False,not_mentioned,not_mentioned,not_mentioned,not_mentioned,not_mentioned,not_mentioned,not_mentioned,not_mentioned,not_mentioned,not_mentioned
Bahman R NDE 7456,nderf,data\nderf\03803_bahman-r-nde-7456.json,Indeterminate,0,False,False,False,not_mentioned,not_mentioned,not_mentioned,not_mentioned,not_mentioned,not_mentioned,not_mentioned,not_mentioned,not_mentioned,not_mentioned
Sally S NDE 7460,nderf,data\nderf\03804_sally-s-nde-7460.json,Indeterminate,0,False,False,False,not_your_time,implied,no,no,not_mentioned,not_mentioned,not_mentioned,not_mentioned,not_mentioned,no
Glynis W Probable NDE 7461,nderf,data\nderf\03805_glynis-w-probable-nde-7461.json,Indeterminate,0,False,False,False,not_mentioned,yes_explicit,no,no,not_mentioned,not_mentioned,not_mentioned,not_mentioned,not_mentioned,no
Maria NDE 7459,nderf,data\nderf\03807_maria-nde-7459.json,Indeterminate,0,False,False,False,not_mentioned,not_mentioned,not_mentioned,not_mentioned,not_mentioned,not_mentioned,not_mentioned,not_mentioned,not_mentioned,not_mentioned
E.D. W NDE 7470,nderf,data\nderf\03811_e-d-w-nde-7470.json,Indeterminate,0,False,False,False,no_reason_given,yes_explicit,no,no,not_mentioned,not_mentioned,not_mentioned,no,not_mentioned,no
Penny W NDE 7469,nderf,data\nderf\03812_penny-w-nde-7469.json,Indeterminate,0,False,False,False,not_mentioned,not_mentioned,no,no,not_mentioned,not_mentioned,not_mentioned,not_mentioned,not_mentioned,no
Oswaldo Probable NDE 7464,nderf,data\nderf\03813_oswaldo-probable-nde-7464.json,Indeterminate,0,False,False,False,not_mentioned,not_mentioned,no,no,not_mentioned,not_mentioned,not_mentioned,not_mentioned,not_mentioned,no
Scott B NDE 22991,nderf,data\nderf\03819_scott-b-nde-22991.json,Indeterminate,0,False,False,False,other,yes_explicit,no,no,not_mentioned,not_mentioned,not_mentioned,not_mentioned,not_mentioned,no
Noemi GV Possible NDE 7471,nderf,data\nderf\03821_noemi-gv-possible-nde-7471.json,Indeterminate,0,False,False,False,not_mentioned,not_mentioned,not_mentioned,not_mentioned,not_mentioned,not_mentioned,not_mentioned,not_mentioned,not_mentioned,not_mentioned
Denise N Possible NDE 7479,nderf,data\nderf\03823_denise-n-possible-nde-7479.json,Indeterminate,0,False,False,False,not_mentioned,no,no,no,not_mentioned,not_mentioned,not_mentioned,not_mentioned,not_mentioned,no
Richard H NDE 7487,nderf,data\nderf\03824_richard-h-nde-7487.json,Indeterminate,0,False,False,False,not_mentioned,not_mentioned,not_mentioned,not_mentioned,not_mentioned,not_mentioned,not_mentioned,not_mentioned,not_mentioned,not_mentioned
Mark G NDE 7489,nderf,data\nderf\03825_mark-g-nde-7489.json,Indeterminate,0,False,False,False,not_mentioned,not_mentioned,not_mentioned,not_mentioned,not_mentioned,not_mentioned,not_mentioned,not_mentioned,not_mentioned,not_mentioned
Charles G NDE 7493,nderf,data\nderf\03826_charles-g-nde-7493.json,Indeterminate,0,False,False,False,no_reason_given,not_mentioned,not_mentioned,not_mentioned,not_mentioned,not_mentioned,not_mentioned,not_mentioned,not_mentioned,not_mentioned
Alma W Probable NDE 7499,nderf,data\nderf\03828_alma-w-probable-nde-7499.json,Indeterminate,0,False,False,False,family_responsibility,no,no,no,not_mentioned,not_mentioned,not_mentioned,implied,not_mentioned,no
Calla G Probable NDE 7501,nderf,data\nderf\03830_calla-g-probable-nde-7501.json,Indeterminate,0,False,False,False,not_your_time,not_mentioned,no,not_mentioned,not_mentioned,not_mentioned,not_mentioned,not_mentioned,not_mentioned,not_mentioned
Blaine S NDE 7503,nderf,data\nderf\03831_blaine-s-nde-7503.json,Indeterminate,0,False,False,False,not_your_time,no,no,no,not_mentioned,not_mentioned,not_mentioned,not_mentioned,not_mentioned,no
Alana G NDE 7506,nderf,data\nderf\03834_alana-g-nde-7506.json,Indeterminate,0,False,False,False,not_your_time,implied,no,no,not_mentioned,not_mentioned,not_mentioned,not_mentioned,not_mentioned,no
Kim P Mother's Possible NDE 7507,nderf,data\nderf\03835_kim-p-mother-s-possible-nde-7507.json,Indeterminate,0,False,False,False,not_mentioned,not_mentioned,not_mentioned,not_mentioned,not_mentioned,not_mentioned,not_mentioned,not_mentioned,not_mentioned,not_mentioned
Carson D NDE 7511,nderf,data\nderf\03837_carson-d-nde-7511.json,Indeterminate,0,False,False,False,not_your_time,no,no,no,not_mentioned,not_mentioned,not_mentioned,not_mentioned,not_mentioned,no
Lamar Possible NDE 7518,nderf,data\nderf\03840_lamar-possible-nde-7518.json,Indeterminate,0,False,False,False,not_mentioned,no,not_mentioned,not_mentioned,not_mentioned,not_mentioned,not_mentioned,not_mentioned,not_mentioned,not_mentioned
Deborah R Probable NDE 7514,nderf,data\nderf\03842_deborah-r-probable-nde-7514.json,Indeterminate,0,False,False,False,family_responsibility,no,no,no,not_mentioned,not_mentioned,not_mentioned,not_mentioned,none,no
Bonnie L NDE 7517,nderf,data\nderf\03844_bonnie-l-nde-7517.json,Indeterminate,0,False,False,False,other,not_mentioned,no,no,not_mentioned,not_mentioned,not_mentioned,not_mentioned,not_mentioned,no
Steven T NDE 7519,nderf,data\nderf\03845_steven-t-nde-7519.json,Indeterminate,0,False,False,False,not_mentioned,not_mentioned,not_mentioned,not_mentioned,not_mentioned,not_mentioned,not_mentioned,not_mentioned,not_mentioned,not_mentioned
ShadowN Z NDE 7521,nderf,data\nderf\03847_shadown-z-nde-7521.json,Indeterminate,0,False,False,False,not_mentioned,not_mentioned,not_mentioned,no,not_mentioned,not_mentioned,not_mentioned,not_mentioned,not_mentioned,no
Kobe Possible NDE 23002,nderf,data\nderf\03848_kobe-possible-nde-23002.json,Indeterminate,0,False,False,False,not_mentioned,not_mentioned,not_mentioned,not_mentioned,not_mentioned,not_mentioned,not_mentioned,not_mentioned,not_mentioned,not_mentioned
Mitchell K NDE 7522,nderf,data\nderf\03849_mitchell-k-nde-7522.json,Indeterminate,0,False,False,False,family_responsibility,no,no,no,not_mentioned,not_mentioned,not_mentioned,not_mentioned,not_mentioned,no
Cindy J NDE 7523,nderf,data\nderf\03850_cindy-j-nde-7523.json,Indeterminate,0,False,False,False,no_reason_given,no,no,no,not_mentioned,not_mentioned,not_mentioned,not_mentioned,not_mentioned,no
Kate L NDE 7525,nderf,data\nderf\03851_kate-l-nde-7525.json,Indeterminate,0,False,False,False,not_your_time,no,no,no,not_mentioned,not_mentioned,not_mentioned,not_mentioned,none,no
Conni J NDE 7528,nderf,data\nderf\03854_conni-j-nde-7528.json,Indeterminate,0,False,False,False,no_reason_given,not_mentioned,not_mentioned,not_mentioned,not_mentioned,not_mentioned,not_mentioned,not_mentioned,not_mentioned,not_mentioned
Elijah S Probable NDE 7529,nderf,data\nderf\03855_elijah-s-probable-nde-7529.json,Indeterminate,0,False,False,False,not_mentioned,no,no,no,not_mentioned,not_mentioned,not_mentioned,not_mentioned,not_mentioned,no
Betty H NDE 7530,nderf,data\nderf\03856_betty-h-nde-7530.json,Indeterminate,0,False,False,False,family_responsibility,no,not_mentioned,not_mentioned,not_mentioned,not_mentioned,not_mentioned,not_mentioned,not_mentioned,not_mentioned
Lonnie L NDE 7536,nderf,data\nderf\03858_lonnie-l-nde-7536.json,Indeterminate,0,False,False,False,no_reason_given,no,not_mentioned,not_mentioned,not_mentioned,not_mentioned,not_mentioned,not_mentioned,not_mentioned,not_mentioned
Henry's Mother's NDE 7538,nderf,data\nderf\03860_henry-s-mother-s-nde-7538.json,Indeterminate,0,False,False,False,not_mentioned,no,no,not_mentioned,not_mentioned,earth,not_mentioned,not_mentioned,not_mentioned,not_mentioned
Kurt O NDE 7540,nderf,data\nderf\03861_kurt-o-nde-7540.json,Indeterminate,0,False,False,False,no_reason_given,not_mentioned,not_mentioned,not_mentioned,not_mentioned,not_mentioned,not_mentioned,not_mentioned,not_mentioned,not_mentioned
Carol NDE 7543,nderf,data\nderf\03862_carol-nde-7543.json,Indeterminate,0,False,False,False,not_mentioned,not_mentioned,not_mentioned,no,not_mentioned,not_mentioned,not_mentioned,not_mentioned,not_mentioned,no
Diane B NDE 7544,nderf,data\nderf\03863_diane-b-nde-7544.json,Indeterminate,0,False,False,False,family_responsibility,not_mentioned,not_mentioned,no,not_mentioned,not_mentioned,not_mentioned,not_mentioned,not_mentioned,no
Abrisham NDE 7393,nderf,data\nderf\03865_abrisham-nde-7393.json,Indeterminate,0,False,False,False,no_reason_given,no,no,not_mentioned,not_mentioned,not_mentioned,not_mentioned,not_mentioned,not_mentioned,not_mentioned
Sadaf J NDE 7541,nderf,data\nderf\03866_sadaf-j-nde-7541.json,Indeterminate,0,False,False,False,no_reason_given,implied,no,not_mentioned,not_mentioned,not_mentioned,not_mentioned,not_mentioned,not_mentioned,not_mentioned
Samaa NDE 7559,nderf,data\nderf\03867_samaa-nde-7559.json,Indeterminate,0,False,False,False,family_responsibility,not_mentioned,not_mentioned,not_mentioned,not_mentioned,not_mentioned,not_mentioned,not_mentioned,not_mentioned,not_mentioned
Ryan NDE 23005,nderf,data\nderf\03868_ryan-nde-23005.json,Indeterminate,0,False,False,False,not_your_time,not_mentioned,not_mentioned,no,not_mentioned,not_mentioned,not_mentioned,not_mentioned,not_mentioned,not_mentioned
Catalina NDE 7545,nderf,data\nderf\03869_catalina-nde-7545.json,Indeterminate,0,False,False,False,family_responsibility,implied,not_mentioned,no,not_mentioned,not_mentioned,not_mentioned,not_mentioned,not_mentioned,no
Donna W NDE 7546,nderf,data\nderf\03870_donna-w-nde-7546.json,Indeterminate,0,False,False,False,family_responsibility,not_mentioned,not_mentioned,not_mentioned,not_mentioned,not_mentioned,not_mentioned,not_mentioned,not_mentioned,not_mentioned
Wendy S NDE 7547,nderf,data\nderf\03871_wendy-s-nde-7547.json,Indeterminate,0,False,False,False,family_responsibility,not_mentioned,not_mentioned,not_mentioned,not_mentioned,not_mentioned,not_mentioned,not_mentioned,not_mentioned,not_mentioned
Ysel NDE 7552,nderf,data\nderf\03874_ysel-nde-7552.json,Indeterminate,0,False,False,False,family_responsibility,no,not_mentioned,not_mentioned,not_mentioned,not_mentioned,not_mentioned,not_mentioned,not_mentioned,not_mentioned
Rachel E NDE 7553,nderf,data\nderf\03875_rachel-e-nde-7553.json,Indeterminate,0,False,False,False,other,no,no,no,not_mentioned,not_mentioned,not_mentioned,not_mentioned,not_mentioned,no
Kantor R NDE 7554,nderf,data\nderf\03876_kantor-r-nde-7554.json,Indeterminate,0,False,False,False,not_mentioned,no,no,no,not_mentioned,not_mentioned,not_mentioned,not_mentioned,not_mentioned,no
Rachel G NDE 7555,nderf,data\nderf\03877_rachel-g-nde-7555.json,Indeterminate,0,False,False,False,not_mentioned,not_mentioned,not_mentioned,not_mentioned,not_mentioned,not_mentioned,not_mentioned,not_mentioned,not_mentioned,not_mentioned
Jeremie L Probable NDE 7556,nderf,data\nderf\03878_jeremie-l-probable-nde-7556.json,Indeterminate,0,False,False,False,not_your_time,not_mentioned,not_mentioned,no,not_mentioned,not_mentioned,not_mentioned,not_mentioned,not_mentioned,no
Kevin S NDE 7558,nderf,data\nderf\03879_kevin-s-nde-7558.json,Indeterminate,0,False,False,False,no_reason_given,no,not_mentioned,not_mentioned,not_mentioned,not_mentioned,not_mentioned,not_mentioned,not_mentioned,not_mentioned
Laura V Probable NDE 7565,nderf,data\nderf\03880_laura-v-probable-nde-7565.json,Indeterminate,0,False,False,False,not_mentioned,not_mentioned,not_mentioned,not_mentioned,not_mentioned,not_mentioned,not_mentioned,not_mentioned,not_mentioned,not_mentioned
Scarlett FDE 7569 NDE 7569,nderf,data\nderf\03881_scarlett-fde-7569-nde-7569.json,Indeterminate,0,False,False,False,not_your_time,no,no,not_mentioned,not_mentioned,not_mentioned,not_mentioned,not_mentioned,not_mentioned,not_mentioned
Linda T Anesthesia 7570 NDE 7570,nderf,data\nderf\03882_linda-t-anesthesia-7570-nde-7570.json,Indeterminate,0,False,False,False,family_responsibility,not_mentioned,not_mentioned,no,not_mentioned,not_mentioned,not_mentioned,not_mentioned,not_mentioned,no
Hailey M NDE 7575,nderf,data\nderf\03884_hailey-m-nde-7575.json,Indeterminate,0,False,False,False,not_mentioned,not_mentioned,not_mentioned,not_mentioned,not_mentioned,not_mentioned,not_mentioned,not_mentioned,not_mentioned,not_mentioned
Jacob NDE 7580,nderf,data\nderf\03886_jacob-nde-7580.json,Indeterminate,0,False,False,False,family_responsibility,no,no,not_mentioned,not_mentioned,not_mentioned,not_mentioned,not_mentioned,not_mentioned,not_mentioned
Michael F NDE 7582,nderf,data\nderf\03888_michael-f-nde-7582.json,Indeterminate,0,False,False,False,no_reason_given,no,no,not_mentioned,not_mentioned,not_mentioned,not_mentioned,not_mentioned,not_mentioned,not_mentioned
Reese J NDE 7584,nderf,data\nderf\03889_reese-j-nde-7584.json,Indeterminate,0,False,False,False,not_your_time,not_mentioned,not_mentioned,not_mentioned,not_mentioned,not_mentioned,not_mentioned,not_mentioned,not_mentioned,not_mentioned
Sandra J Probable NDE 7588,nderf,data\nderf\03890_sandra-j-probable-nde-7588.json,Indeterminate,0,False,False,False,family_responsibility,not_mentioned,not_mentioned,not_mentioned,not_mentioned,not_mentioned,not_mentioned,not_mentioned,not_mentioned,not_mentioned
Andrew R FDE 23012 NDE 23012,nderf,data\nderf\03892_andrew-r-fde-23012-nde-23012.json,Indeterminate,0,False,False,False,no_reason_given,not_mentioned,not_mentioned,not_mentioned,not_mentioned,not_mentioned,not_mentioned,not_mentioned,not_mentioned,not_mentioned
Dan B Possible NDE 7590,nderf,data\nderf\03893_dan-b-possible-nde-7590.json,Indeterminate,0,False,False,False,not_your_time,implied,no,not_mentioned,not_mentioned,not_mentioned,not_mentioned,not_mentioned,not_mentioned,not_mentioned
Andrew G NDE 7597,nderf,data\nderf\03894_andrew-g-nde-7597.json,Indeterminate,0,False,False,False,not_your_time,no,no,not_mentioned,not_mentioned,not_mentioned,not_mentioned,implied,not_mentioned,not_mentioned
Ana NDE 7596,nderf,data\nderf\03895_ana-nde-7596.json,Indeterminate,0,False,False,False,not_mentioned,not_mentioned,not_mentioned,not_mentioned,not_mentioned,not_mentioned,not_mentioned,not_mentioned,not_mentioned,not_mentioned
Sydney L NDE 7600,nderf,data\nderf\03896_sydney-l-nde-7600.json,Indeterminate,0,False,False,False,no_reason_given,not_mentioned,not_mentioned,not_mentioned,not_mentioned,not_mentioned,not_mentioned,not_mentioned,not_mentioned,not_mentioned
James H Probable NDE 7607,nderf,data\nderf\03900_james-h-probable-nde-7607.json,Indeterminate,0,False,False,False,other,not_mentioned,not_mentioned,no,not_mentioned,not_mentioned,not_mentioned,not_mentioned,not_mentioned,no
Nancy O Probable NDE 7612,nderf,data\nderf\03901_nancy-o-probable-nde-7612.json,Indeterminate,0,False,False,False,not_mentioned,not_mentioned,not_mentioned,not_mentioned,not_mentioned,not_mentioned,not_mentioned,not_mentioned,not_mentioned,not_mentioned
Bella E Possible NDE 7621,nderf,data\nderf\03905_bella-e-possible-nde-7621.json,Indeterminate,0,False,False,False,not_mentioned,not_mentioned,not_mentioned,not_mentioned,not_mentioned,not_mentioned,not_mentioned,not_mentioned,not_mentioned,not_mentioned
Chris P FDE 7623 NDE 7623,nderf,data\nderf\03906_chris-p-fde-7623-nde-7623.json,Indeterminate,0,False,False,False,not_mentioned,not_mentioned,not_mentioned,not_mentioned,not_mentioned,not_mentioned,not_mentioned,not_mentioned,not_mentioned,not_mentioned
Dominique Possible NDE 7618,nderf,data\nderf\03907_dominique-possible-nde-7618.json,Indeterminate,0,False,False,False,no_reason_given,not_mentioned,not_mentioned,not_mentioned,not_mentioned,not_mentioned,not_mentioned,implied,not_mentioned,not_mentioned
Justine NDE 7620,nderf,data\nderf\03908_justine-nde-7620.json,Indeterminate,0,False,False,False,no_reason_given,not_mentioned,not_mentioned,not_mentioned,not_mentioned,not_mentioned,not_mentioned,not_mentioned,not_mentioned,not_mentioned
Rev. Dr. Robert Joy 7624 NDE 7624,nderf,data\nderf\03909_rev-dr-robert-joy-7624-nde-7624.json,Indeterminate,0,False,False,False,other,not_mentioned,not_mentioned,no,not_mentioned,not_mentioned,not_mentioned,not_mentioned,none,no
Gray W NDE 7625,nderf,data\nderf\03910_gray-w-nde-7625.json,Indeterminate,0,False,False,False,not_mentioned,not_mentioned,not_mentioned,not_mentioned,not_mentioned,not_mentioned,not_mentioned,not_mentioned,not_mentioned,not_mentioned
Randall R NDE 7626,nderf,data\nderf\03911_randall-r-nde-7626.json,Indeterminate,0,False,False,False,other,not_mentioned,not_mentioned,not_mentioned,not_mentioned,not_mentioned,not_mentioned,not_mentioned,not_mentioned,not_mentioned
Fiveia NDE 7608,nderf,data\nderf\03912_fiveia-nde-7608.json,Indeterminate,0,False,False,False,other,no,no,no,not_mentioned,not_mentioned,not_mentioned,implied,not_mentioned,no
Siri L Possible NDE 7628,nderf,data\nderf\03913_siri-l-possible-nde-7628.json,Indeterminate,0,False,False,False,not_mentioned,not_mentioned,not_mentioned,not_mentioned,not_mentioned,not_mentioned,not_mentioned,not_mentioned,not_mentioned,not_mentioned
Flynn B Possible NDE 7630,nderf,data\nderf\03915_flynn-b-possible-nde-7630.json,Indeterminate,0,False,False,False,not_mentioned,implied,no,not_mentioned,not_mentioned,not_mentioned,not_mentioned,not_mentioned,not_mentioned,not_mentioned
Susan F NDEs 7631 NDE 7631,nderf,data\nderf\03916_susan-f-ndes-7631-nde-7631.json,Indeterminate,0,False,False,False,not_your_time,not_mentioned,not_mentioned,no,not_mentioned,not_mentioned,not_mentioned,not_mentioned,not_mentioned,no
Sue Ann NDE 7632,nderf,data\nderf\03917_sue-ann-nde-7632.json,Indeterminate,0,False,False,False,not_your_time,no,no,no,not_mentioned,not_mentioned,not_mentioned,not_mentioned,not_mentioned,no
Lu F NDE 7636,nderf,data\nderf\03918_lu-f-nde-7636.json,Indeterminate,0,False,False,False,other,no,no,no,not_mentioned,not_mentioned,not_mentioned,not_mentioned,not_mentioned,no
Omar R NDE 7635,nderf,data\nderf\03919_omar-r-nde-7635.json,Indeterminate,0,False,False,False,other,not_mentioned,not_mentioned,not_mentioned,not_mentioned,not_mentioned,not_mentioned,not_mentioned,not_mentioned,not_mentioned
Analia R Probable NDE 7639,nderf,data\nderf\03920_analia-r-probable-nde-7639.json,Indeterminate,0,False,False,False,no_reason_given,not_mentioned,not_mentioned,no,not_mentioned,not_mentioned,not_mentioned,not_mentioned,not_mentioned,no
Dolly M Probable NDE 7640,nderf,data\nderf\03921_dolly-m-probable-nde-7640.json,Indeterminate,0,False,False,False,not_mentioned,not_mentioned,no,no,not_mentioned,not_mentioned,not_mentioned,not_mentioned,not_mentioned,no
Javier G NDE 7641,nderf,data\nderf\03922_javier-g-nde-7641.json,Indeterminate,0,False,False,False,not_mentioned,not_mentioned,not_mentioned,no,not_mentioned,not_mentioned,not_mentioned,implied,not_mentioned,no
Phil S NDE 7647,nderf,data\nderf\03924_phil-s-nde-7647.json,Indeterminate,0,False,False,False,no_reason_given,no,no,not_mentioned,not_mentioned,not_mentioned,not_mentioned,not_mentioned,not_mentioned,not_mentioned
Jessica D Possible NDE 7653,nderf,data\nderf\03927_jessica-d-possible-nde-7653.json,Indeterminate,0,False,False,False,not_mentioned,not_mentioned,not_mentioned,not_mentioned,not_mentioned,not_mentioned,not_mentioned,not_mentioned,not_mentioned,not_mentioned
Joel B NDE 7648,nderf,data\nderf\03928_joel-b-nde-7648.json,Indeterminate,0,False,False,False,not_mentioned,not_mentioned,not_mentioned,not_mentioned,not_mentioned,not_mentioned,not_mentioned,not_mentioned,not_mentioned,not_mentioned
Norberto Possible NDE 7657,nderf,data\nderf\03931_norberto-possible-nde-7657.json,Indeterminate,0,False,False,False,not_mentioned,not_mentioned,not_mentioned,not_mentioned,not_mentioned,not_mentioned,not_mentioned,not_mentioned,not_mentioned,not_mentioned
Jun FDE 7654 NDE 7654,nderf,data\nderf\03934_jun-fde-7654-nde-7654.json,Indeterminate,0,False,False,False,not_mentioned,not_mentioned,not_mentioned,not_mentioned,not_mentioned,not_mentioned,not_mentioned,not_mentioned,not_mentioned,not_mentioned
Bella F Possible NDE 7660,nderf,data\nderf\03935_bella-f-possible-nde-7660.json,Indeterminate,0,False,False,False,not_mentioned,not_mentioned,not_mentioned,not_mentioned,not_mentioned,not_mentioned,not_mentioned,not_mentioned,not_mentioned,not_mentioned
Doug J NDE 7667,nderf,data\nderf\03936_doug-j-nde-7667.json,Indeterminate,0,False,False,False,not_your_time,no,no,not_mentioned,not_mentioned,not_mentioned,not_mentioned,not_mentioned,not_mentioned,not_mentioned
Bart F NDE 7668,nderf,data\nderf\03937_bart-f-nde-7668.json,Indeterminate,0,False,False,False,not_mentioned,no,no,no,not_mentioned,not_mentioned,not_mentioned,not_mentioned,not_mentioned,no
Mark R NDE 7669,nderf,data\nderf\03939_mark-r-nde-7669.json,Indeterminate,0,False,False,False,not_your_time,not_mentioned,not_mentioned,not_mentioned,not_mentioned,not_mentioned,not_mentioned,not_mentioned,not_mentioned,not_mentioned
Nancy L Possible NDE 7671,nderf,data\nderf\03940_nancy-l-possible-nde-7671.json,Indeterminate,0,False,False,False,other,not_mentioned,not_mentioned,not_mentioned,not_mentioned,not_mentioned,not_mentioned,implied,not_mentioned,not_mentioned
Kellie NDE 7673,nderf,data\nderf\03941_kellie-nde-7673.json,Indeterminate,0,False,False,False,no_reason_given,not_mentioned,not_mentioned,not_mentioned,not_mentioned,not_mentioned,not_mentioned,not_mentioned,not_mentioned,not_mentioned
Anthony S NDE 7680,nderf,data\nderf\03945_anthony-s-nde-7680.json,Indeterminate,0,False,False,False,not_mentioned,no,no,no,not_mentioned,not_mentioned,not_mentioned,not_mentioned,not_mentioned,no
Matt S Probable NDE 7685,nderf,data\nderf\03948_matt-s-probable-nde-7685.json,Indeterminate,0,False,False,False,not_mentioned,not_mentioned,not_mentioned,not_mentioned,not_mentioned,not_mentioned,not_mentioned,not_mentioned,not_mentioned,not_mentioned
Michael F NDE 7686,nderf,data\nderf\03949_michael-f-nde-7686.json,Indeterminate,0,False,False,False,not_your_time,no,not_mentioned,not_mentioned,not_mentioned,not_mentioned,not_mentioned,not_mentioned,not_mentioned,not_mentioned
Claire F Possible NDE 7688,nderf,data\nderf\03950_claire-f-possible-nde-7688.json,Indeterminate,0,False,False,False,other,not_mentioned,not_mentioned,not_mentioned,not_mentioned,not_mentioned,not_mentioned,not_mentioned,not_mentioned,not_mentioned
Leo A Possible NDE 7692,nderf,data\nderf\03953_leo-a-possible-nde-7692.json,Indeterminate,0,False,False,False,no_reason_given,not_mentioned,not_mentioned,not_mentioned,not_mentioned,not_mentioned,not_mentioned,not_mentioned,not_mentioned,not_mentioned
Santo V Probable NDE 7695,nderf,data\nderf\03955_santo-v-probable-nde-7695.json,Indeterminate,0,False,False,False,not_mentioned,not_mentioned,not_mentioned,not_mentioned,not_mentioned,not_mentioned,not_mentioned,not_mentioned,not_mentioned,no
Noel NDE 7696,nderf,data\nderf\03956_noel-nde-7696.json,Indeterminate,0,False,False,False,not_mentioned,not_mentioned,not_mentioned,not_mentioned,not_mentioned,not_mentioned,not_mentioned,not_mentioned,not_mentioned,not_mentioned
Spencer O NDE 7698,nderf,data\nderf\03957_spencer-o-nde-7698.json,Indeterminate,0,False,False,False,not_your_time,no,no,no,not_mentioned,not_mentioned,not_mentioned,not_mentioned,none,no
Saurabh C NDE 7701,nderf,data\nderf\03959_saurabh-c-nde-7701.json,Indeterminate,0,False,False,False,family_responsibility,no,no,not_mentioned,not_mentioned,not_mentioned,not_mentioned,not_mentioned,not_mentioned,not_mentioned
Jan M Probable NDE 7703,nderf,data\nderf\03961_jan-m-probable-nde-7703.json,Indeterminate,0,False,False,False,not_your_time,no,no,not_mentioned,not_mentioned,not_mentioned,not_mentioned,not_mentioned,not_mentioned,not_mentioned
Cameron M Possible NDE 7704,nderf,data\nderf\03962_cameron-m-possible-nde-7704.json,Indeterminate,0,False,False,False,not_mentioned,not_mentioned,not_mentioned,not_mentioned,not_mentioned,not_mentioned,not_mentioned,not_mentioned,not_mentioned,not_mentioned
Michelle L NDE 16079,nderf,data\nderf\03965_michelle-l-nde-16079.json,Indeterminate,0,False,False,False,family_responsibility,not_mentioned,not_mentioned,not_mentioned,not_mentioned,not_mentioned,not_mentioned,not_mentioned,not_mentioned,not_mentioned
James Grandfather NDE 16080,nderf,data\nderf\03966_james-grandfather-nde-16080.json,Indeterminate,0,False,False,False,not_mentioned,not_mentioned,not_mentioned,not_mentioned,not_mentioned,not_mentioned,not_mentioned,not_mentioned,not_mentioned,not_mentioned
Katie E NDE 7714,nderf,data\nderf\03967_katie-e-nde-7714.json,Indeterminate,0,False,False,False,no_reason_given,implied,no,no,not_mentioned,not_mentioned,not_mentioned,not_mentioned,not_mentioned,no
Elizabeth T NDE 7716,nderf,data\nderf\03968_elizabeth-t-nde-7716.json,Indeterminate,0,False,False,False,family_responsibility,no,no,no,not_mentioned,not_mentioned,not_mentioned,not_mentioned,not_mentioned,no
Alex H NDE 7717,nderf,data\nderf\03969_alex-h-nde-7717.json,Indeterminate,0,False,False,False,no_reason_given,not_mentioned,not_mentioned,not_mentioned,not_mentioned,not_mentioned,not_mentioned,not_mentioned,not_mentioned,not_mentioned
Diana Possible NDE 7722,nderf,data\nderf\03972_diana-possible-nde-7722.json,Indeterminate,0,False,False,False,no_reason_given,not_mentioned,not_mentioned,not_mentioned,not_mentioned,not_mentioned,not_mentioned,not_mentioned,not_mentioned,not_mentioned
Christian Y NDE 23034,nderf,data\nderf\03973_christian-y-nde-23034.json,Indeterminate,0,False,False,False,no_reason_given,no,no,no,not_mentioned,not_mentioned,not_mentioned,not_mentioned,not_mentioned,no
Dave Z Probable NDE 7725,nderf,data\nderf\03975_dave-z-probable-nde-7725.json,Indeterminate,0,False,False,False,not_mentioned,not_mentioned,not_mentioned,not_mentioned,not_mentioned,not_mentioned,not_mentioned,not_mentioned,not_mentioned,not_mentioned
Albert Probable NDE 7727,nderf,data\nderf\03977_albert-probable-nde-7727.json,Indeterminate,0,False,False,False,not_mentioned,no,no,no,not_mentioned,not_mentioned,not_mentioned,not_mentioned,not_mentioned,no
Nancy T NDE 7730,nderf,data\nderf\03978_nancy-t-nde-7730.json,Indeterminate,0,False,False,False,not_your_time,no,no,no,not_mentioned,not_mentioned,not_mentioned,not_mentioned,not_mentioned,no
Brent Probable NDE 7732,nderf,data\nderf\03979_brent-probable-nde-7732.json,Indeterminate,0,False,False,False,not_mentioned,not_mentioned,not_mentioned,not_mentioned,not_mentioned,not_mentioned,not_mentioned,not_mentioned,not_mentioned,not_mentioned
Siobhan B Probable NDE 7733,nderf,data\nderf\03980_siobhan-b-probable-nde-7733.json,Indeterminate,0,False,False,False,not_mentioned,not_mentioned,not_mentioned,not_mentioned,not_mentioned,not_mentioned,not_mentioned,not_mentioned,not_mentioned,not_mentioned
Steven K NDE 7734,nderf,data\nderf\03981_steven-k-nde-7734.json,Indeterminate,0,False,False,False,not_your_time,no,no,no,not_mentioned,not_mentioned,not_mentioned,not_mentioned,not_mentioned,no
Martin C NDE 7739,nderf,data\nderf\03985_martin-c-nde-7739.json,Indeterminate,0,False,False,False,family_responsibility,no,no,no,not_mentioned,not_mentioned,not_mentioned,not_mentioned,not_mentioned,no
Denise Probable NDE 7741,nderf,data\nderf\03986_denise-probable-nde-7741.json,Indeterminate,0,False,False,False,no_reason_given,not_mentioned,not_mentioned,not_mentioned,not_mentioned,not_mentioned,not_mentioned,not_mentioned,not_mentioned,not_mentioned
Caroline J Probable NDE 7744,nderf,data\nderf\03988_caroline-j-probable-nde-7744.json,Indeterminate,0,False,False,False,not_mentioned,not_mentioned,not_mentioned,not_mentioned,not_mentioned,not_mentioned,not_mentioned,not_mentioned,not_mentioned,not_mentioned
Jeff D NDE 7745,nderf,data\nderf\03989_jeff-d-nde-7745.json,Indeterminate,0,False,False,False,family_responsibility,not_mentioned,not_mentioned,not_mentioned,not_mentioned,not_mentioned,not_mentioned,not_mentioned,not_mentioned,not_mentioned
Marcel W NDEs 7729 NDE 7729,nderf,data\nderf\03990_marcel-w-ndes-7729-nde-7729.json,Indeterminate,0,False,False,False,not_mentioned,not_mentioned,not_mentioned,not_mentioned,not_mentioned,not_mentioned,not_mentioned,not_mentioned,not_mentioned,not_mentioned
Stephanie P NDE 7746,nderf,data\nderf\03992_stephanie-p-nde-7746.json,Indeterminate,0,False,False,False,not_mentioned,not_mentioned,not_mentioned,not_mentioned,not_mentioned,not_mentioned,not_mentioned,not_mentioned,not_mentioned,not_mentioned
Tristan JCG Probable NDE 7749,nderf,data\nderf\03996_tristan-jcg-probable-nde-7749.json,Indeterminate,0,False,False,False,family_responsibility,no,no,no,not_mentioned,not_mentioned,not_mentioned,not_mentioned,not_mentioned,no
Vikki H NDE 7752,nderf,data\nderf\03998_vikki-h-nde-7752.json,Indeterminate,0,False,False,False,not_mentioned,not_mentioned,not_mentioned,not_mentioned,not_mentioned,not_mentioned,not_mentioned,not_mentioned,not_mentioned,not_mentioned
Serena NDE 7753,nderf,data\nderf\04001_serena-nde-7753.json,Indeterminate,0,False,False,False,not_mentioned,not_mentioned,not_mentioned,not_mentioned,not_mentioned,not_mentioned,not_mentioned,not_mentioned,not_mentioned,not_mentioned
Simon C NDE 7755,nderf,data\nderf\04002_simon-c-nde-7755.json,Indeterminate,0,False,False,False,not_your_time,no,not_mentioned,not_mentioned,not_mentioned,not_mentioned,not_mentioned,not_mentioned,not_mentioned,not_mentioned
Richard M NDE 7756,nderf,data\nderf\04003_richard-m-nde-7756.json,Indeterminate,0,False,False,False,no_reason_given,not_mentioned,not_mentioned,not_mentioned,not_mentioned,not_mentioned,not_mentioned,not_mentioned,not_mentioned,not_mentioned
Josh J Probable NDE 7759,nderf,data\nderf\04004_josh-j-probable-nde-7759.json,Indeterminate,0,False,False,False,family_responsibility,no,no,not_mentioned,not_mentioned,not_mentioned,not_mentioned,not_mentioned,not_mentioned,not_mentioned
Frank L Probable NDE 7761,nderf,data\nderf\04006_frank-l-probable-nde-7761.json,Indeterminate,0,False,False,False,not_your_time,not_mentioned,not_mentioned,not_mentioned,not_mentioned,not_mentioned,not_mentioned,not_mentioned,not_mentioned,not_mentioned
Mike G NDE 23049,nderf,data\nderf\04007_mike-g-nde-23049.json,Indeterminate,0,False,False,False,not_mentioned,not_mentioned,not_mentioned,not_mentioned,not_mentioned,not_mentioned,not_mentioned,not_mentioned,not_mentioned,not_mentioned
John D NDE 7764,nderf,data\nderf\04008_john-d-nde-7764.json,Indeterminate,0,False,False,False,no_reason_given,no,no,no,not_mentioned,not_mentioned,not_mentioned,not_mentioned,none,no
Laura NDE 7763,nderf,data\nderf\04009_laura-nde-7763.json,Indeterminate,0,False,False,False,not_mentioned,not_mentioned,not_mentioned,not_mentioned,not_mentioned,not_mentioned,not_mentioned,not_mentioned,not_mentioned,not_mentioned
James D Probable NDE 7768,nderf,data\nderf\04011_james-d-probable-nde-7768.json,Indeterminate,0,False,False,False,not_your_time,no,not_mentioned,not_mentioned,not_mentioned,not_mentioned,not_mentioned,not_mentioned,not_mentioned,not_mentioned
GaeLawree C NDE 7771,nderf,data\nderf\04012_gaelawree-c-nde-7771.json,Indeterminate,0,False,False,False,not_your_time,no,not_mentioned,no,not_mentioned,not_mentioned,not_mentioned,explicit,not_mentioned,no
Deborah H NDE 7772,nderf,data\nderf\04013_deborah-h-nde-7772.json,Indeterminate,0,False,False,False,no_reason_given,not_mentioned,no,no,not_mentioned,not_mentioned,not_mentioned,no,not_mentioned,no
Laura C NDE 7775,nderf,data\nderf\04015_laura-c-nde-7775.json,Indeterminate,0,False,False,False,not_your_time,not_mentioned,not_mentioned,not_mentioned,not_mentioned,not_mentioned,not_mentioned,not_mentioned,not_mentioned,not_mentioned
Alessandra P NDE 7773,nderf,data\nderf\04016_alessandra-p-nde-7773.json,Indeterminate,0,False,False,False,not_mentioned,not_mentioned,not_mentioned,not_mentioned,not_mentioned,not_mentioned,not_mentioned,not_mentioned,not_mentioned,not_mentioned
Raina M Possible NDE 16084,nderf,data\nderf\04017_raina-m-possible-nde-16084.json,Indeterminate,0,False,False,False,not_mentioned,not_mentioned,not_mentioned,not_mentioned,not_mentioned,not_mentioned,not_mentioned,not_mentioned,not_mentioned,not_mentioned
Beh E Probable NDE 7687,nderf,data\nderf\04020_beh-e-probable-nde-7687.json,Indeterminate,0,False,False,False,no_reason_given,not_mentioned,not_mentioned,no,not_mentioned,not_mentioned,not_mentioned,not_mentioned,not_mentioned,no
Yann D Experience 7777 NDE 7777,nderf,data\nderf\04021_yann-d-experience-7777-nde-7777.json,Indeterminate,0,False,False,False,not_mentioned,no,no,no,not_mentioned,not_mentioned,not_mentioned,no,not_mentioned,no
Joseph C NDE 7780,nderf,data\nderf\04023_joseph-c-nde-7780.json,Indeterminate,0,False,False,False,not_mentioned,not_mentioned,not_mentioned,no,not_mentioned,not_mentioned,not_mentioned,not_mentioned,not_mentioned,no
Thomas M NDE 7785,nderf,data\nderf\04024_thomas-m-nde-7785.json,Indeterminate,0,False,False,False,not_your_time,not_mentioned,not_mentioned,not_mentioned,not_mentioned,not_mentioned,not_mentioned,not_mentioned,not_mentioned,not_mentioned
Paul K FDE 7786 NDE 7786,nderf,data\nderf\04025_paul-k-fde-7786-nde-7786.json,Indeterminate,0,False,False,False,not_mentioned,no,no,no,not_mentioned,not_mentioned,not_mentioned,not_mentioned,none,no
Becca S Probable NDE 23057,nderf,data\nderf\04026_becca-s-probable-nde-23057.json,Indeterminate,0,False,False,False,other,implied,no,not_mentioned,not_mentioned,not_mentioned,not_mentioned,not_mentioned,not_mentioned,not_mentioned
Amber I NDE 7791,nderf,data\nderf\04028_amber-i-nde-7791.json,Indeterminate,0,False,False,False,not_mentioned,not_mentioned,not_mentioned,not_mentioned,not_mentioned,not_mentioned,not_mentioned,not_mentioned,not_mentioned,not_mentioned
Katie W NDE 7795,nderf,data\nderf\04029_katie-w-nde-7795.json,Indeterminate,0,False,False,False,family_responsibility,not_mentioned,not_mentioned,not_mentioned,not_mentioned,not_mentioned,not_mentioned,not_mentioned,not_mentioned,not_mentioned
Gianluca Probable NDE 7796,nderf,data\nderf\04030_gianluca-probable-nde-7796.json,Indeterminate,0,False,False,False,no_reason_given,not_mentioned,not_mentioned,not_mentioned,not_mentioned,not_mentioned,not_mentioned,not_mentioned,not_mentioned,not_mentioned
Goldie T NDE 7799,nderf,data\nderf\04031_goldie-t-nde-7799.json,Indeterminate,0,False,False,False,not_your_time,no,no,not_mentioned,not_mentioned,not_mentioned,not_mentioned,not_mentioned,not_mentioned,not_mentioned
Anne NDE 7805,nderf,data\nderf\04033_anne-nde-7805.json,Indeterminate,0,False,False,False,not_your_time,no,no,no,not_mentioned,not_mentioned,not_mentioned,not_mentioned,not_mentioned,no
Trinjntje NDE 7803,nderf,data\nderf\04034_trinjntje-nde-7803.json,Indeterminate,0,False,False,False,not_mentioned,not_mentioned,not_mentioned,not_mentioned,not_mentioned,not_mentioned,not_mentioned,not_mentioned,not_mentioned,not_mentioned
John S NDE 7810,nderf,data\nderf\04035_john-s-nde-7810.json,Indeterminate,0,False,False,False,not_your_time,no,no,no,not_mentioned,not_mentioned,not_mentioned,no,not_mentioned,no
Samuel C FDE 7813 NDE 7813,nderf,data\nderf\04036_samuel-c-fde-7813-nde-7813.json,Indeterminate,0,False,False,False,not_mentioned,not_mentioned,not_mentioned,not_mentioned,not_mentioned,not_mentioned,not_mentioned,not_mentioned,not_mentioned,not_mentioned
Melisa A NDE 7812,nderf,data\nderf\04037_melisa-a-nde-7812.json,Indeterminate,0,False,False,False,family_responsibility,yes_explicit,no,no,not_mentioned,not_mentioned,not_mentioned,not_mentioned,not_mentioned,no
Tim B NDE 7816,nderf,data\nderf\04038_tim-b-nde-7816.json,Indeterminate,0,False,False,False,family_responsibility,no,not_mentioned,not_mentioned,not_mentioned,not_mentioned,not_mentioned,not_mentioned,not_mentioned,not_mentioned
Lisa S NDE 7817,nderf,data\nderf\04039_lisa-s-nde-7817.json,Indeterminate,0,False,False,False,not_your_time,yes_explicit,no,no,not_mentioned,not_mentioned,not_mentioned,not_mentioned,not_mentioned,no
Sophia J NDE 7818,nderf,data\nderf\04041_sophia-j-nde-7818.json,Indeterminate,0,False,False,False,not_your_time,no,not_mentioned,not_mentioned,not_mentioned,not_mentioned,not_mentioned,implied,not_mentioned,not_mentioned
Francisco AC Possible NDE 7823,nderf,data\nderf\04043_francisco-ac-possible-nde-7823.json,Indeterminate,0,False,False,False,other,no,not_mentioned,not_mentioned,not_mentioned,not_mentioned,not_mentioned,not_mentioned,not_mentioned,not_mentioned
Brenda L Probable NDE 7824,nderf,data\nderf\04044_brenda-l-probable-nde-7824.json,Indeterminate,0,False,False,False,not_mentioned,not_mentioned,not_mentioned,not_mentioned,not_mentioned,not_mentioned,not_mentioned,not_mentioned,not_mentioned,not_mentioned
Rafael A FDE 7825 NDE 7825,nderf,data\nderf\04045_rafael-a-fde-7825-nde-7825.json,Indeterminate,0,False,False,False,not_mentioned,no,no,no,not_mentioned,not_mentioned,not_mentioned,not_mentioned,not_mentioned,no
Latimer B Possible NDE 7831,nderf,data\nderf\04047_latimer-b-possible-nde-7831.json,Indeterminate,0,False,False,False,not_mentioned,not_mentioned,not_mentioned,not_mentioned,not_mentioned,not_mentioned,not_mentioned,not_mentioned,not_mentioned,not_mentioned
Paul F Probable NDE 7833,nderf,data\nderf\04049_paul-f-probable-nde-7833.json,Indeterminate,0,False,False,False,not_mentioned,not_mentioned,not_mentioned,not_mentioned,not_mentioned,not_mentioned,not_mentioned,no,not_mentioned,not_mentioned
Stéphanie B NDE 7836,nderf,data\nderf\04053_st-phanie-b-nde-7836.json,Indeterminate,0,False,False,False,not_mentioned,not_mentioned,not_mentioned,no,not_mentioned,not_mentioned,not_mentioned,not_mentioned,not_mentioned,no
Winona A NDE 7841,nderf,data\nderf\04056_winona-a-nde-7841.json,Indeterminate,0,False,False,False,not_mentioned,no,not_mentioned,no,not_mentioned,not_mentioned,not_mentioned,not_mentioned,not_mentioned,not_mentioned
Benjamin F NDEs 7847 NDE 7847,nderf,data\nderf\04057_benjamin-f-ndes-7847-nde-7847.json,Indeterminate,0,False,False,False,not_mentioned,not_mentioned,not_mentioned,not_mentioned,not_mentioned,not_mentioned,not_mentioned,not_mentioned,not_mentioned,not_mentioned
Courtni T NDE 7848,nderf,data\nderf\04058_courtni-t-nde-7848.json,Indeterminate,0,False,False,False,family_responsibility,no,no,no,not_mentioned,not_mentioned,not_mentioned,not_mentioned,none,no
Debra S NDE 7850,nderf,data\nderf\04059_debra-s-nde-7850.json,Indeterminate,0,False,False,False,family_responsibility,not_mentioned,not_mentioned,not_mentioned,not_mentioned,not_mentioned,not_mentioned,not_mentioned,not_mentioned,not_mentioned
Alessio F FDE 7845 NDE 7845,nderf,data\nderf\04062_alessio-f-fde-7845-nde-7845.json,Indeterminate,0,False,False,False,no_reason_given,no,no,no,not_mentioned,not_mentioned,not_mentioned,not_mentioned,not_mentioned,no
Judith D Probable NDE 7854,nderf,data\nderf\04064_judith-d-probable-nde-7854.json,Indeterminate,0,False,False,False,not_mentioned,not_mentioned,not_mentioned,not_mentioned,not_mentioned,not_mentioned,not_mentioned,not_mentioned,not_mentioned,not_mentioned
Paul M NDE 7857,nderf,data\nderf\04066_paul-m-nde-7857.json,Indeterminate,0,False,False,False,not_mentioned,not_mentioned,not_mentioned,not_mentioned,not_mentioned,not_mentioned,not_mentioned,not_mentioned,not_mentioned,not_mentioned
Oscar C NDE 7858,nderf,data\nderf\04067_oscar-c-nde-7858.json,Indeterminate,0,False,False,False,not_mentioned,not_mentioned,not_mentioned,not_mentioned,not_mentioned,not_mentioned,not_mentioned,not_mentioned,not_mentioned,not_mentioned
Vanna S NDE 23075,nderf,data\nderf\04068_vanna-s-nde-23075.json,Indeterminate,0,False,False,False,not_mentioned,implied,no,not_mentioned,not_mentioned,not_mentioned,not_mentioned,not_mentioned,not_mentioned,not_mentioned
John R Probable NDE 7859,nderf,data\nderf\04069_john-r-probable-nde-7859.json,Indeterminate,0,False,False,False,not_mentioned,not_mentioned,not_mentioned,not_mentioned,not_mentioned,not_mentioned,not_mentioned,no,not_mentioned,not_mentioned
Sherry B NDE 7863,nderf,data\nderf\04070_sherry-b-nde-7863.json,Indeterminate,0,False,False,False,not_mentioned,no,not_mentioned,no,not_mentioned,not_mentioned,not_mentioned,not_mentioned,not_mentioned,not_mentioned
Greg McC NDE 7864,nderf,data\nderf\04071_greg-mcc-nde-7864.json,Indeterminate,0,False,False,False,not_mentioned,not_mentioned,not_mentioned,not_mentioned,not_mentioned,not_mentioned,not_mentioned,not_mentioned,not_mentioned,not_mentioned
Cindy S NDE 7865,nderf,data\nderf\04072_cindy-s-nde-7865.json,Indeterminate,0,False,False,False,not_your_time,no,not_mentioned,not_mentioned,not_mentioned,not_mentioned,not_mentioned,not_mentioned,not_mentioned,not_mentioned
Josep C Probable NDE 7866,nderf,data\nderf\04073_josep-c-probable-nde-7866.json,Indeterminate,0,False,False,False,no_reason_given,not_mentioned,not_mentioned,not_mentioned,not_mentioned,not_mentioned,not_mentioned,not_mentioned,not_mentioned,not_mentioned
Marisa D NDE 23080,nderf,data\nderf\04074_marisa-d-nde-23080.json,Indeterminate,0,False,False,False,family_responsibility,implied,no,no,not_mentioned,not_mentioned,not_mentioned,not_mentioned,not_mentioned,no
Kathrine D Probable NDE 7872,nderf,data\nderf\04075_kathrine-d-probable-nde-7872.json,Indeterminate,0,False,False,False,no_reason_given,not_mentioned,not_mentioned,not_mentioned,not_mentioned,not_mentioned,not_mentioned,not_mentioned,not_mentioned,not_mentioned
Murray S Probable NDE 7878,nderf,data\nderf\04078_murray-s-probable-nde-7878.json,Indeterminate,0,False,False,False,family_responsibility,no,no,not_mentioned,not_mentioned,not_mentioned,not_mentioned,not_mentioned,not_mentioned,not_mentioned
Dr. Rick U NDE 7880,nderf,data\nderf\04079_dr-rick-u-nde-7880.json,Indeterminate,0,False,False,False,not_mentioned,not_mentioned,not_mentioned,not_mentioned,not_mentioned,not_mentioned,not_mentioned,not_mentioned,not_mentioned,not_mentioned
Ron J Possible NDE 7881,nderf,data\nderf\04080_ron-j-possible-nde-7881.json,Indeterminate,0,False,False,False,not_mentioned,not_mentioned,not_mentioned,not_mentioned,not_mentioned,not_mentioned,not_mentioned,not_mentioned,not_mentioned,not_mentioned
Murielle T NDE 7879,nderf,data\nderf\04081_murielle-t-nde-7879.json,Indeterminate,0,False,False,False,not_mentioned,no,no,no,not_mentioned,not_mentioned,not_mentioned,not_mentioned,not_mentioned,no
Brigitte B NDE 7883,nderf,data\nderf\04082_brigitte-b-nde-7883.json,Indeterminate,0,False,False,False,no_reason_given,not_mentioned,not_mentioned,no,not_mentioned,not_mentioned,not_mentioned,explicit,not_mentioned,no
Sonya N NDE 7885,nderf,data\nderf\04083_sonya-n-nde-7885.json,Indeterminate,0,False,False,False,no_reason_given,no,no,not_mentioned,not_mentioned,not_mentioned,not_mentioned,not_mentioned,not_mentioned,not_mentioned
Susan M NDE 7887,nderf,data\nderf\04084_susan-m-nde-7887.json,Indeterminate,0,False,False,False,not_mentioned,not_mentioned,not_mentioned,not_mentioned,not_mentioned,not_mentioned,not_mentioned,not_mentioned,not_mentioned,not_mentioned
Joan K NDE 7888,nderf,data\nderf\04085_joan-k-nde-7888.json,Indeterminate,0,False,False,False,not_mentioned,not_mentioned,not_mentioned,not_mentioned,not_mentioned,not_mentioned,not_mentioned,not_mentioned,not_mentioned,not_mentioned
Matt Mc Possible NDE 7894,nderf,data\nderf\04089_matt-mc-possible-nde-7894.json,Indeterminate,0,False,False,False,family_responsibility,not_mentioned,not_mentioned,not_mentioned,not_mentioned,not_mentioned,not_mentioned,not_mentioned,not_mentioned,not_mentioned
Helen C NDE 7901,nderf,data\nderf\04092_helen-c-nde-7901.json,Indeterminate,0,False,False,False,not_mentioned,not_mentioned,not_mentioned,not_mentioned,not_mentioned,not_mentioned,not_mentioned,not_mentioned,not_mentioned,not_mentioned
Rachel S NDE 7903,nderf,data\nderf\04093_rachel-s-nde-7903.json,Indeterminate,0,False,False,False,family_responsibility,not_mentioned,not_mentioned,not_mentioned,not_mentioned,not_mentioned,not_mentioned,not_mentioned,not_mentioned,not_mentioned
Shabs NDEs 7906 NDE 7906,nderf,data\nderf\04094_shabs-ndes-7906-nde-7906.json,Indeterminate,0,False,False,False,not_mentioned,not_mentioned,not_mentioned,not_mentioned,not_mentioned,not_mentioned,not_mentioned,not_mentioned,not_mentioned,not_mentioned
Manuel F Probable NDE 7915,nderf,data\nderf\04098_manuel-f-probable-nde-7915.json,Indeterminate,0,False,False,False,not_mentioned,no,no,no,not_mentioned,not_mentioned,not_mentioned,no,not_mentioned,no
Alicia A NDE 7917,nderf,data\nderf\04099_alicia-a-nde-7917.json,Indeterminate,0,False,False,False,not_mentioned,not_mentioned,not_mentioned,not_mentioned,not_mentioned,not_mentioned,not_mentioned,not_mentioned,not_mentioned,not_mentioned
Vanessa A NDE 7916,nderf,data\nderf\04100_vanessa-a-nde-7916.json,Indeterminate,0,False,False,False,other,not_mentioned,not_mentioned,not_mentioned,not_mentioned,not_mentioned,not_mentioned,not_mentioned,not_mentioned,not_mentioned
Victor B Possible NDE 7914,nderf,data\nderf\04101_victor-b-possible-nde-7914.json,Indeterminate,0,False,False,False,no_reason_given,not_mentioned,not_mentioned,not_mentioned,not_mentioned,not_mentioned,not_mentioned,not_mentioned,not_mentioned,not_mentioned
Mary M NDE 7922,nderf,data\nderf\04104_mary-m-nde-7922.json,Indeterminate,0,False,False,False,no_reason_given,no,no,no,not_mentioned,not_mentioned,not_mentioned,not_mentioned,none,no
Kasia B NDE 7923,nderf,data\nderf\04105_kasia-b-nde-7923.json,Indeterminate,0,False,False,False,not_mentioned,not_mentioned,not_mentioned,no,not_mentioned,not_mentioned,not_mentioned,not_mentioned,none,no
Dale B NDE 7924,nderf,data\nderf\04106_dale-b-nde-7924.json,Indeterminate,0,False,False,False,not_mentioned,not_mentioned,not_mentioned,no,not_mentioned,not_mentioned,not_mentioned,not_mentioned,not_mentioned,no
Sharon D NDE 7936,nderf,data\nderf\04108_sharon-d-nde-7936.json,Indeterminate,0,False,False,False,not_mentioned,not_mentioned,not_mentioned,not_mentioned,not_mentioned,not_mentioned,not_mentioned,not_mentioned,not_mentioned,not_mentioned
Michelle B NDE 7927,nderf,data\nderf\04110_michelle-b-nde-7927.json,Indeterminate,0,False,False,False,not_mentioned,not_mentioned,not_mentioned,not_mentioned,not_mentioned,not_mentioned,not_mentioned,not_mentioned,not_mentioned,not_mentioned
Paul D NDE 7930,nderf,data\nderf\04111_paul-d-nde-7930.json,Indeterminate,0,False,False,False,family_responsibility,no,no,no,not_mentioned,not_mentioned,not_mentioned,implied,not_mentioned,no
Carla WB NDE 7931,nderf,data\nderf\04112_carla-wb-nde-7931.json,Indeterminate,0,False,False,False,not_mentioned,no,no,no,not_mentioned,not_mentioned,not_mentioned,not_mentioned,not_mentioned,no
Flavio DA Probable NDE 7926,nderf,data\nderf\04113_flavio-da-probable-nde-7926.json,Indeterminate,0,False,False,False,not_mentioned,not_mentioned,not_mentioned,not_mentioned,not_mentioned,not_mentioned,not_mentioned,not_mentioned,not_mentioned,not_mentioned
Uran P NDE 7902,nderf,data\nderf\04114_uran-p-nde-7902.json,Indeterminate,0,False,False,False,no_reason_given,not_mentioned,not_mentioned,not_mentioned,not_mentioned,not_mentioned,not_mentioned,not_mentioned,not_mentioned,not_mentioned
Myriam M NDE 7942,nderf,data\nderf\04115_myriam-m-nde-7942.json,Indeterminate,0,False,False,False,family_responsibility,not_mentioned,not_mentioned,not_mentioned,not_mentioned,not_mentioned,not_mentioned,implied,not_mentioned,not_mentioned
Carol M Possible NDE 7943,nderf,data\nderf\04116_carol-m-possible-nde-7943.json,Indeterminate,0,False,False,False,no_reason_given,no,no,no,not_mentioned,not_mentioned,not_mentioned,no,not_mentioned,no
Lisa S NDE 7945,nderf,data\nderf\04117_lisa-s-nde-7945.json,Indeterminate,0,False,False,False,not_your_time,no,no,no,not_mentioned,not_mentioned,not_mentioned,not_mentioned,not_mentioned,no
Larisa NDE 7940,nderf,data\nderf\04118_larisa-nde-7940.json,Indeterminate,0,False,False,False,no_reason_given,not_mentioned,not_mentioned,no,not_mentioned,not_mentioned,not_mentioned,not_mentioned,not_mentioned,no
Michelle H NDE 7951,nderf,data\nderf\04119_michelle-h-nde-7951.json,Indeterminate,0,False,False,False,not_mentioned,not_mentioned,not_mentioned,not_mentioned,not_mentioned,not_mentioned,not_mentioned,not_mentioned,not_mentioned,not_mentioned
Bart R Probable NDE 7952,nderf,data\nderf\04120_bart-r-probable-nde-7952.json,Indeterminate,0,False,False,False,family_responsibility,implied,no,no,not_mentioned,not_mentioned,not_mentioned,not_mentioned,not_mentioned,no
Jolie B NDE 7953,nderf,data\nderf\04121_jolie-b-nde-7953.json,Indeterminate,0,False,False,False,not_your_time,implied,no,no,not_mentioned,not_mentioned,not_mentioned,not_mentioned,none,no
Gabriela A NDE 7955,nderf,data\nderf\04122_gabriela-a-nde-7955.json,Indeterminate,0,False,False,False,family_responsibility,no,no,no,not_mentioned,not_mentioned,not_mentioned,not_mentioned,none,no
Mike R NDE 7959,nderf,data\nderf\04123_mike-r-nde-7959.json,Indeterminate,0,False,False,False,not_mentioned,not_mentioned,not_mentioned,not_mentioned,not_mentioned,not_mentioned,not_mentioned,not_mentioned,not_mentioned,not_mentioned
Sheila B NDE 7958,nderf,data\nderf\04124_sheila-b-nde-7958.json,Indeterminate,0,False,False,False,not_your_time,yes_explicit,not_mentioned,not_mentioned,not_mentioned,not_mentioned,not_mentioned,not_mentioned,not_mentioned,not_mentioned
Bonita E NDE 7962,nderf,data\nderf\04127_bonita-e-nde-7962.json,Indeterminate,0,False,False,False,family_responsibility,no,not_mentioned,not_mentioned,not_mentioned,not_mentioned,not_mentioned,not_mentioned,not_mentioned,not_mentioned
Irene Z NDE 23112,nderf,data\nderf\04129_irene-z-nde-23112.json,Indeterminate,0,False,False,False,not_mentioned,not_mentioned,not_mentioned,not_mentioned,not_mentioned,not_mentioned,not_mentioned,not_mentioned,not_mentioned,not_mentioned
Miia H NDE 7965,nderf,data\nderf\04130_miia-h-nde-7965.json,Indeterminate,0,False,False,False,no_reason_given,no,no,no,not_mentioned,not_mentioned,not_mentioned,not_mentioned,none,no
Stephanie A NDE 7971,nderf,data\nderf\04131_stephanie-a-nde-7971.json,Indeterminate,0,False,False,False,not_mentioned,not_mentioned,not_mentioned,not_mentioned,not_mentioned,not_mentioned,not_mentioned,not_mentioned,not_mentioned,not_mentioned
Christophe D NDE 7968,nderf,data\nderf\04132_christophe-d-nde-7968.json,Indeterminate,0,False,False,False,other,no,not_mentioned,not_mentioned,not_mentioned,not_mentioned,not_mentioned,not_mentioned,not_mentioned,not_mentioned
Nathan NDE 7970,nderf,data\nderf\04133_nathan-nde-7970.json,Indeterminate,0,False,False,False,no_reason_given,not_mentioned,not_mentioned,no,not_mentioned,not_mentioned,not_mentioned,not_mentioned,not_mentioned,no
Sara S NDE 7975,nderf,data\nderf\04134_sara-s-nde-7975.json,Indeterminate,0,False,False,False,no_reason_given,not_mentioned,not_mentioned,not_mentioned,not_mentioned,not_mentioned,not_mentioned,not_mentioned,not_mentioned,not_mentioned
Naveena G FDE 7964 NDE 7964,nderf,data\nderf\04135_naveena-g-fde-7964-nde-7964.json,Indeterminate,0,False,False,False,no_reason_given,no,no,no,not_mentioned,not_mentioned,not_mentioned,not_mentioned,not_mentioned,no
Becky M NDE 7977,nderf,data\nderf\04138_becky-m-nde-7977.json,Indeterminate,0,False,False,False,not_your_time,not_mentioned,not_mentioned,not_mentioned,not_mentioned,not_mentioned,not_mentioned,not_mentioned,not_mentioned,not_mentioned
Violette S NDE 7979,nderf,data\nderf\04139_violette-s-nde-7979.json,Indeterminate,0,False,False,False,other,no,not_mentioned,not_mentioned,not_mentioned,not_mentioned,not_mentioned,not_mentioned,not_mentioned,not_mentioned
Ming-Yi H NDE 7980,nderf,data\nderf\04140_ming-yi-h-nde-7980.json,Indeterminate,0,False,False,False,no_reason_given,no,no,no,not_mentioned,not_mentioned,not_mentioned,not_mentioned,not_mentioned,no
Brigitte Possible NDE 7988,nderf,data\nderf\04143_brigitte-possible-nde-7988.json,Indeterminate,0,False,False,False,not_mentioned,not_mentioned,not_mentioned,not_mentioned,not_mentioned,not_mentioned,not_mentioned,not_mentioned,not_mentioned,not_mentioned
Farnaz R Possible NDE 7937,nderf,data\nderf\04145_farnaz-r-possible-nde-7937.json,Indeterminate,0,False,False,False,not_your_time,no,no,no,not_mentioned,not_mentioned,not_mentioned,no,not_mentioned,no
Mario NDE 7966,nderf,data\nderf\04146_mario-nde-7966.json,Indeterminate,0,False,False,False,not_your_time,no,not_mentioned,not_mentioned,not_mentioned,not_mentioned,not_mentioned,not_mentioned,not_mentioned,not_mentioned
Mo T NDE 7990,nderf,data\nderf\04147_mo-t-nde-7990.json,Indeterminate,0,False,False,False,family_responsibility,no,no,no,not_mentioned,not_mentioned,not_mentioned,not_mentioned,not_mentioned,no
Butch Probable NDE 7993,nderf,data\nderf\04148_butch-probable-nde-7993.json,Indeterminate,0,False,False,False,no_reason_given,no,not_mentioned,not_mentioned,not_mentioned,not_mentioned,not_mentioned,not_mentioned,not_mentioned,not_mentioned
Burt A Probable NDE 7995,nderf,data\nderf\04149_burt-a-probable-nde-7995.json,Indeterminate,0,False,False,False,no_reason_given,not_mentioned,not_mentioned,not_mentioned,not_mentioned,not_mentioned,not_mentioned,not_mentioned,not_mentioned,not_mentioned
Sabrina V NDE 8000,nderf,data\nderf\04151_sabrina-v-nde-8000.json,Indeterminate,0,False,False,False,not_mentioned,not_mentioned,not_mentioned,not_mentioned,not_mentioned,not_mentioned,not_mentioned,not_mentioned,not_mentioned,not_mentioned
Alain R NDE 8002,nderf,data\nderf\04152_alain-r-nde-8002.json,Indeterminate,0,False,False,False,no_reason_given,no,no,no,not_mentioned,not_mentioned,not_mentioned,not_mentioned,not_mentioned,no
Herve R Possible NDE 8003,nderf,data\nderf\04153_herve-r-possible-nde-8003.json,Indeterminate,0,False,False,False,no_reason_given,not_mentioned,not_mentioned,not_mentioned,not_mentioned,not_mentioned,not_mentioned,not_mentioned,not_mentioned,not_mentioned
Vladimir R NDE 8008,nderf,data\nderf\04156_vladimir-r-nde-8008.json,Indeterminate,0,False,False,False,no_reason_given,not_mentioned,not_mentioned,not_mentioned,not_mentioned,not_mentioned,not_mentioned,not_mentioned,not_mentioned,not_mentioned
Heather M Possible NDE 8009,nderf,data\nderf\04157_heather-m-possible-nde-8009.json,Indeterminate,0,False,False,False,no_reason_given,no,no,no,not_mentioned,neither,not_mentioned,no,none,no
Lovella H Probable NDE 8014,nderf,data\nderf\04160_lovella-h-probable-nde-8014.json,Indeterminate,0,False,False,False,not_mentioned,not_mentioned,not_mentioned,not_mentioned,not_mentioned,not_mentioned,not_mentioned,not_mentioned,not_mentioned,not_mentioned
Robert B Possible NDE 8017,nderf,data\nderf\04161_robert-b-possible-nde-8017.json,Indeterminate,0,False,False,False,not_mentioned,not_mentioned,not_mentioned,not_mentioned,not_mentioned,not_mentioned,not_mentioned,not_mentioned,not_mentioned,not_mentioned
June Probable NDE 8018,nderf,data\nderf\04162_june-probable-nde-8018.json,Indeterminate,0,False,False,False,family_responsibility,not_mentioned,not_mentioned,not_mentioned,not_mentioned,not_mentioned,not_mentioned,not_mentioned,not_mentioned,not_mentioned
Jaime T Probable NDE 8020,nderf,data\nderf\04163_jaime-t-probable-nde-8020.json,Indeterminate,0,False,False,False,not_mentioned,not_mentioned,not_mentioned,not_mentioned,not_mentioned,not_mentioned,not_mentioned,not_mentioned,not_mentioned,not_mentioned
John M NDE 8023,nderf,data\nderf\04166_john-m-nde-8023.json,Indeterminate,0,False,False,False,no_reason_given,not_mentioned,no,not_mentioned,not_mentioned,not_mentioned,not_mentioned,implied,not_mentioned,not_mentioned
Cobina C Possible NDE 8027,nderf,data\nderf\04168_cobina-c-possible-nde-8027.json,Indeterminate,0,False,False,False,not_your_time,no,not_mentioned,not_mentioned,not_mentioned,not_mentioned,not_mentioned,not_mentioned,not_mentioned,not_mentioned
Robert N NDE 8029,nderf,data\nderf\04169_robert-n-nde-8029.json,Indeterminate,0,False,False,False,not_your_time,not_mentioned,not_mentioned,not_mentioned,not_mentioned,not_mentioned,not_mentioned,not_mentioned,not_mentioned,not_mentioned
Norman R NDE 8030,nderf,data\nderf\04170_norman-r-nde-8030.json,Indeterminate,0,False,False,False,family_responsibility,no,no,no,not_mentioned,not_mentioned,not_mentioned,not_mentioned,not_mentioned,no
Tracy R NDE 8031,nderf,data\nderf\04171_tracy-r-nde-8031.json,Indeterminate,0,False,False,False,not_mentioned,not_mentioned,not_mentioned,not_mentioned,not_mentioned,not_mentioned,not_mentioned,not_mentioned,not_mentioned,not_mentioned
Beth P NDE 8032,nderf,data\nderf\04172_beth-p-nde-8032.json,Indeterminate,0,False,False,False,not_mentioned,implied,no,not_mentioned,not_mentioned,not_mentioned,not_mentioned,not_mentioned,not_mentioned,not_mentioned
Debbie S Mother NDE 8033,nderf,data\nderf\04173_debbie-s-mother-nde-8033.json,Indeterminate,0,False,False,False,family_responsibility,no,not_mentioned,not_mentioned,not_mentioned,not_mentioned,not_mentioned,not_mentioned,not_mentioned,not_mentioned
Bonnie M NDE 8037,nderf,data\nderf\04175_bonnie-m-nde-8037.json,Indeterminate,0,False,False,False,not_mentioned,no,no,no,not_mentioned,not_mentioned,not_mentioned,implied,none,no
Pedro Z NDE 8039,nderf,data\nderf\04177_pedro-z-nde-8039.json,Indeterminate,0,False,False,False,not_mentioned,no,no,not_mentioned,not_mentioned,not_mentioned,not_mentioned,not_mentioned,not_mentioned,not_mentioned
Chris H NDE 8041,nderf,data\nderf\04179_chris-h-nde-8041.json,Indeterminate,0,False,False,False,no_reason_given,no,not_mentioned,not_mentioned,not_mentioned,not_mentioned,not_mentioned,not_mentioned,not_mentioned,not_mentioned
Margarita C NDE 8044,nderf,data\nderf\04180_margarita-c-nde-8044.json,Indeterminate,0,False,False,False,not_mentioned,not_mentioned,not_mentioned,not_mentioned,not_mentioned,not_mentioned,not_mentioned,not_mentioned,not_mentioned,not_mentioned
Bub D NDE 8046,nderf,data\nderf\04181_bub-d-nde-8046.json,Indeterminate,0,False,False,False,family_responsibility,no,no,no,not_mentioned,not_mentioned,not_mentioned,implied,not_mentioned,no
Les T Probable NDE 8047,nderf,data\nderf\04182_les-t-probable-nde-8047.json,Indeterminate,0,False,False,False,not_mentioned,not_mentioned,not_mentioned,not_mentioned,not_mentioned,not_mentioned,not_mentioned,not_mentioned,not_mentioned,not_mentioned
Jaime NDE 8051,nderf,data\nderf\04184_jaime-nde-8051.json,Indeterminate,0,False,False,False,not_mentioned,not_mentioned,not_mentioned,not_mentioned,not_mentioned,not_mentioned,not_mentioned,not_mentioned,not_mentioned,not_mentioned
June W Possible NDE 8052,nderf,data\nderf\04185_june-w-possible-nde-8052.json,Indeterminate,0,False,False,False,not_mentioned,not_mentioned,not_mentioned,not_mentioned,not_mentioned,not_mentioned,not_mentioned,not_mentioned,not_mentioned,not_mentioned
Cathy A NDE 8054,nderf,data\nderf\04186_cathy-a-nde-8054.json,Indeterminate,0,False,False,False,not_mentioned,not_mentioned,not_mentioned,not_mentioned,not_mentioned,not_mentioned,not_mentioned,not_mentioned,not_mentioned,not_mentioned
Laura S Possible NDE 8057,nderf,data\nderf\04188_laura-s-possible-nde-8057.json,Indeterminate,0,False,False,False,not_your_time,not_mentioned,not_mentioned,not_mentioned,not_mentioned,not_mentioned,not_mentioned,not_mentioned,not_mentioned,not_mentioned
Marie-Hélène Grandmother's NDE 16085,nderf,data\nderf\04189_marie-h-l-ne-grandmother-s-nde-16085.json,Indeterminate,0,False,False,False,family_responsibility,not_mentioned,not_mentioned,not_mentioned,not_mentioned,not_mentioned,not_mentioned,not_mentioned,not_mentioned,not_mentioned
Bonnie J Possible NDEs 7766 NDE 7766,nderf,data\nderf\04190_bonnie-j-possible-ndes-7766-nde-7766.json,Indeterminate,0,False,False,False,not_mentioned,not_mentioned,not_mentioned,not_mentioned,not_mentioned,not_mentioned,not_mentioned,not_mentioned,not_mentioned,not_mentioned
Sherry F Probable NDE 8060,nderf,data\nderf\04191_sherry-f-probable-nde-8060.json,Indeterminate,0,False,False,False,not_mentioned,implied,no,no,not_mentioned,not_mentioned,not_mentioned,not_mentioned,none,no
Zac S Possible NDE 8061,nderf,data\nderf\04192_zac-s-possible-nde-8061.json,Indeterminate,0,False,False,False,other,implied,no,no,not_mentioned,not_mentioned,not_mentioned,not_mentioned,none,no
Jim Martin 8062 NDE 8062,nderf,data\nderf\04194_jim-martin-8062-nde-8062.json,Indeterminate,0,False,False,False,not_mentioned,not_mentioned,not_mentioned,not_mentioned,not_mentioned,not_mentioned,not_mentioned,not_mentioned,not_mentioned,not_mentioned
Randy G NDE 8064,nderf,data\nderf\04195_randy-g-nde-8064.json,Indeterminate,0,False,False,False,not_your_time,no,no,no,not_mentioned,not_mentioned,not_mentioned,not_mentioned,not_mentioned,no
Mustafa Y NDE 8065,nderf,data\nderf\04196_mustafa-y-nde-8065.json,Indeterminate,0,False,False,False,no_reason_given,not_mentioned,not_mentioned,not_mentioned,not_mentioned,not_mentioned,not_mentioned,not_mentioned,not_mentioned,not_mentioned
Scott P Probable NDE 8067,nderf,data\nderf\04198_scott-p-probable-nde-8067.json,Indeterminate,0,False,False,False,not_mentioned,not_mentioned,not_mentioned,not_mentioned,not_mentioned,not_mentioned,not_mentioned,not_mentioned,not_mentioned,not_mentioned
Francis A NDE 8068,nderf,data\nderf\04199_francis-a-nde-8068.json,Indeterminate,0,False,False,False,no_reason_given,no,no,not_mentioned,not_mentioned,not_mentioned,not_mentioned,not_mentioned,not_mentioned,not_mentioned
Gloria S NDE 23143,nderf,data\nderf\04200_gloria-s-nde-23143.json,Indeterminate,0,False,False,False,not_mentioned,not_mentioned,not_mentioned,not_mentioned,not_mentioned,not_mentioned,not_mentioned,not_mentioned,not_mentioned,not_mentioned
Deepali B Possible NDE 8070,nderf,data\nderf\04202_deepali-b-possible-nde-8070.json,Indeterminate,0,False,False,False,not_your_time,no,no,no,not_mentioned,not_mentioned,not_mentioned,not_mentioned,not_mentioned,no
Allie S Possible NDE 8080,nderf,data\nderf\04204_allie-s-possible-nde-8080.json,Indeterminate,0,False,False,False,not_mentioned,not_mentioned,not_mentioned,not_mentioned,not_mentioned,not_mentioned,not_mentioned,not_mentioned,not_mentioned,not_mentioned
Curtis F FDE 8081 NDE 8081,nderf,data\nderf\04205_curtis-f-fde-8081-nde-8081.json,Indeterminate,0,False,False,False,not_mentioned,not_mentioned,not_mentioned,not_mentioned,not_mentioned,not_mentioned,not_mentioned,not_mentioned,not_mentioned,not_mentioned
Dan B Probable NDE 8075,nderf,data\nderf\04206_dan-b-probable-nde-8075.json,Indeterminate,0,False,False,False,not_mentioned,not_mentioned,not_mentioned,not_mentioned,not_mentioned,not_mentioned,not_mentioned,not_mentioned,not_mentioned,not_mentioned
Jack D Probable NDE 8076,nderf,data\nderf\04207_jack-d-probable-nde-8076.json,Indeterminate,0,False,False,False,not_mentioned,not_mentioned,no,no,not_mentioned,not_mentioned,not_mentioned,not_mentioned,not_mentioned,no
CN Possible NDE 8079,nderf,data\nderf\04208_cn-possible-nde-8079.json,Indeterminate,0,False,False,False,not_mentioned,not_mentioned,not_mentioned,not_mentioned,not_mentioned,not_mentioned,not_mentioned,not_mentioned,not_mentioned,not_mentioned
Robin L NDE 8083,nderf,data\nderf\04210_robin-l-nde-8083.json,Indeterminate,0,False,False,False,family_responsibility,not_mentioned,not_mentioned,not_mentioned,not_mentioned,not_mentioned,not_mentioned,not_mentioned,not_mentioned,not_mentioned
Nathan L NDE 8085,nderf,data\nderf\04212_nathan-l-nde-8085.json,Indeterminate,0,False,False,False,not_your_time,no,no,no,not_mentioned,not_mentioned,not_mentioned,not_mentioned,not_mentioned,no
Laura B NDE 8090,nderf,data\nderf\04215_laura-b-nde-8090.json,Indeterminate,0,False,False,False,not_mentioned,not_mentioned,not_mentioned,not_mentioned,not_mentioned,not_mentioned,not_mentioned,not_mentioned,not_mentioned,not_mentioned
Ladli S NDE 8092,nderf,data\nderf\04216_ladli-s-nde-8092.json,Indeterminate,0,False,False,False,family_responsibility,no,no,no,not_mentioned,not_mentioned,not_mentioned,implied,not_mentioned,no
Jeremy Probable NDE 8096,nderf,data\nderf\04218_jeremy-probable-nde-8096.json,Indeterminate,0,False,False,False,no_reason_given,not_mentioned,no,no,not_mentioned,not_mentioned,not_mentioned,not_mentioned,not_mentioned,no
Deanne W Probable NDE 8099,nderf,data\nderf\04220_deanne-w-probable-nde-8099.json,Indeterminate,0,False,False,False,not_mentioned,no,not_mentioned,not_mentioned,not_mentioned,not_mentioned,not_mentioned,no,not_mentioned,not_mentioned
Barbara P Probable NDE 8101,nderf,data\nderf\04221_barbara-p-probable-nde-8101.json,Indeterminate,0,False,False,False,no_reason_given,no,no,no,not_mentioned,not_mentioned,not_mentioned,not_mentioned,not_mentioned,no
Kathy M SDE 8103 NDE 8103,nderf,data\nderf\04222_kathy-m-sde-8103-nde-8103.json,Indeterminate,0,False,False,False,not_mentioned,no,no,no,not_mentioned,not_mentioned,not_mentioned,not_mentioned,not_mentioned,no
Lisa S NDE 8107,nderf,data\nderf\04223_lisa-s-nde-8107.json,Indeterminate,0,False,False,False,no_reason_given,no,not_mentioned,not_mentioned,not_mentioned,not_mentioned,not_mentioned,not_mentioned,not_mentioned,not_mentioned
Teri HF Possible NDE 8108,nderf,data\nderf\04225_teri-hf-possible-nde-8108.json,Indeterminate,0,False,False,False,no_reason_given,no,no,no,not_mentioned,not_mentioned,not_mentioned,not_mentioned,not_mentioned,no
Birgit S FDE 8111 NDE 8111,nderf,data\nderf\04226_birgit-s-fde-8111-nde-8111.json,Indeterminate,0,False,False,False,no_reason_given,not_mentioned,not_mentioned,not_mentioned,not_mentioned,not_mentioned,not_mentioned,not_mentioned,not_mentioned,not_mentioned
Dixie NDE 8113,nderf,data\nderf\04227_dixie-nde-8113.json,Indeterminate,0,False,False,False,not_mentioned,not_mentioned,not_mentioned,not_mentioned,not_mentioned,not_mentioned,not_mentioned,not_mentioned,not_mentioned,not_mentioned
Richy R NDE 8115,nderf,data\nderf\04228_richy-r-nde-8115.json,Indeterminate,0,False,False,False,not_mentioned,not_mentioned,not_mentioned,not_mentioned,not_mentioned,not_mentioned,not_mentioned,not_mentioned,not_mentioned,not_mentioned
Tammy R Probable NDE 8118,nderf,data\nderf\04233_tammy-r-probable-nde-8118.json,Indeterminate,0,False,False,False,not_mentioned,not_mentioned,not_mentioned,not_mentioned,not_mentioned,not_mentioned,not_mentioned,not_mentioned,not_mentioned,not_mentioned
Dale H NDE 8121,nderf,data\nderf\04234_dale-h-nde-8121.json,Indeterminate,0,False,False,False,no_reason_given,not_mentioned,not_mentioned,not_mentioned,not_mentioned,not_mentioned,not_mentioned,not_mentioned,not_mentioned,not_mentioned
Geoff B Possible NDE 8120,nderf,data\nderf\04235_geoff-b-possible-nde-8120.json,Indeterminate,0,False,False,False,family_responsibility,no,no,not_mentioned,not_mentioned,not_mentioned,not_mentioned,not_mentioned,not_mentioned,not_mentioned
Rafa SR NDE 8129,nderf,data\nderf\04236_rafa-sr-nde-8129.json,Indeterminate,0,False,False,False,no_reason_given,no,not_mentioned,not_mentioned,not_mentioned,not_mentioned,not_mentioned,not_mentioned,not_mentioned,not_mentioned
Andy J NDE 8131,nderf,data\nderf\04237_andy-j-nde-8131.json,Indeterminate,0,False,False,False,no_reason_given,no,no,no,not_mentioned,not_mentioned,not_mentioned,not_mentioned,not_mentioned,no
Paul F STE 8132 NDE 8132,nderf,data\nderf\04238_paul-f-ste-8132-nde-8132.json,Indeterminate,0,False,False,False,not_mentioned,no,no,no,not_mentioned,not_mentioned,not_mentioned,not_mentioned,not_mentioned,no
Elias Ketamine 8110 NDE 8110,nderf,data\nderf\04239_elias-ketamine-8110-nde-8110.json,Indeterminate,0,False,False,False,other,no,no,no,not_mentioned,not_mentioned,not_mentioned,not_mentioned,not_mentioned,no
George M NDE 8133,nderf,data\nderf\04240_george-m-nde-8133.json,Indeterminate,0,False,False,False,no_reason_given,no,no,no,not_mentioned,not_mentioned,not_mentioned,not_mentioned,not_mentioned,no
Gwen SP Probable NDE 8139,nderf,data\nderf\04243_gwen-sp-probable-nde-8139.json,Indeterminate,0,False,False,False,family_responsibility,yes_explicit,no,no,not_mentioned,not_mentioned,not_mentioned,not_mentioned,not_mentioned,not_mentioned
Georgio A Probable NDE 8145,nderf,data\nderf\04245_georgio-a-probable-nde-8145.json,Indeterminate,0,False,False,False,not_mentioned,no,not_mentioned,not_mentioned,not_mentioned,not_mentioned,not_mentioned,not_mentioned,not_mentioned,not_mentioned
Louise R NDE 8146,nderf,data\nderf\04246_louise-r-nde-8146.json,Indeterminate,0,False,False,False,not_mentioned,not_mentioned,not_mentioned,no,not_mentioned,not_mentioned,not_mentioned,not_mentioned,not_mentioned,no
Jeremy NDE 8151,nderf,data\nderf\04247_jeremy-nde-8151.json,Indeterminate,0,False,False,False,no_reason_given,no,no,no,not_mentioned,not_mentioned,not_mentioned,not_mentioned,not_mentioned,no
Kathryn Y NDE 8147,nderf,data\nderf\04248_kathryn-y-nde-8147.json,Indeterminate,0,False,False,False,not_mentioned,not_mentioned,no,no,not_mentioned,not_mentioned,not_mentioned,not_mentioned,not_mentioned,no
Lori L NDE 8152,nderf,data\nderf\04250_lori-l-nde-8152.json,Indeterminate,0,False,False,False,not_your_time,yes_explicit,no,not_mentioned,not_mentioned,not_mentioned,not_mentioned,not_mentioned,not_mentioned,not_mentioned
BJ K NDE 8154,nderf,data\nderf\04251_bj-k-nde-8154.json,Indeterminate,0,False,False,False,not_your_time,implied,no,no,not_mentioned,not_mentioned,not_mentioned,not_mentioned,not_mentioned,no
Kelly W FDE 8160 NDE 8160,nderf,data\nderf\04256_kelly-w-fde-8160-nde-8160.json,Indeterminate,0,False,False,False,no_reason_given,not_mentioned,not_mentioned,not_mentioned,not_mentioned,not_mentioned,not_mentioned,not_mentioned,not_mentioned,not_mentioned
Laurent C NDE 8158,nderf,data\nderf\04258_laurent-c-nde-8158.json,Indeterminate,0,False,False,False,no_reason_given,no,no,no,not_mentioned,not_mentioned,not_mentioned,not_mentioned,not_mentioned,no
Leslie E Other 16086 NDE 16086,nderf,data\nderf\04258_leslie-e-other-16086-nde-16086.json,Indeterminate,0,False,False,False,not_mentioned,no,no,no,not_mentioned,not_mentioned,not_mentioned,not_mentioned,not_mentioned,no
Marie L NDE 8155,nderf,data\nderf\04259_marie-l-nde-8155.json,Indeterminate,0,False,False,False,not_mentioned,not_mentioned,not_mentioned,not_mentioned,not_mentioned,not_mentioned,not_mentioned,not_mentioned,not_mentioned,not_mentioned
Amie FDE 8164 NDE 8164,nderf,data\nderf\04260_amie-fde-8164-nde-8164.json,Indeterminate,0,False,False,False,not_mentioned,not_mentioned,not_mentioned,not_mentioned,not_mentioned,not_mentioned,not_mentioned,not_mentioned,not_mentioned,not_mentioned
Kari W NDE 8163,nderf,data\nderf\04261_kari-w-nde-8163.json,Indeterminate,0,False,False,False,not_mentioned,not_mentioned,not_mentioned,not_mentioned,not_mentioned,not_mentioned,not_mentioned,not_mentioned,not_mentioned,not_mentioned
Barbara W NDE 8167,nderf,data\nderf\04263_barbara-w-nde-8167.json,Indeterminate,0,False,False,False,not_mentioned,not_mentioned,not_mentioned,not_mentioned,not_mentioned,not_mentioned,not_mentioned,not_mentioned,not_mentioned,not_mentioned
Damien Probable NDE 8171,nderf,data\nderf\04265_damien-probable-nde-8171.json,Indeterminate,0,False,False,False,not_mentioned,not_mentioned,not_mentioned,not_mentioned,not_mentioned,not_mentioned,not_mentioned,implied,not_mentioned,not_mentioned
Paul B NDE 8176,nderf,data\nderf\04267_paul-b-nde-8176.json,Indeterminate,0,False,False,False,not_mentioned,no,no,no,not_mentioned,not_mentioned,not_mentioned,not_mentioned,not_mentioned,no
Kathleen M Probable NDE and NDE 8179,nderf,data\nderf\04270_kathleen-m-probable-nde-and-nde-8179.json,Indeterminate,0,False,False,False,not_mentioned,not_mentioned,not_mentioned,not_mentioned,not_mentioned,not_mentioned,not_mentioned,not_mentioned,not_mentioned,not_mentioned
Ilxa L NDE 23179,nderf,data\nderf\04272_ilxa-l-nde-23179.json,Indeterminate,0,False,False,False,not_mentioned,not_mentioned,not_mentioned,not_mentioned,not_mentioned,not_mentioned,not_mentioned,not_mentioned,not_mentioned,not_mentioned
Curtis S NDE 8182,nderf,data\nderf\04273_curtis-s-nde-8182.json,Indeterminate,0,False,False,False,no_reason_given,not_mentioned,not_mentioned,not_mentioned,not_mentioned,not_mentioned,not_mentioned,not_mentioned,not_mentioned,not_mentioned
Terry C Probable NDE 8183,nderf,data\nderf\04274_terry-c-probable-nde-8183.json,Indeterminate,0,False,False,False,no_reason_given,not_mentioned,not_mentioned,not_mentioned,not_mentioned,not_mentioned,not_mentioned,not_mentioned,not_mentioned,not_mentioned
Bohdan Probable NDE 8187,nderf,data\nderf\04275_bohdan-probable-nde-8187.json,Indeterminate,0,False,False,False,not_mentioned,not_mentioned,not_mentioned,not_mentioned,not_mentioned,not_mentioned,not_mentioned,not_mentioned,not_mentioned,not_mentioned
Maureen H NDE 8188,nderf,data\nderf\04276_maureen-h-nde-8188.json,Indeterminate,0,False,False,False,no_reason_given,no,not_mentioned,not_mentioned,not_mentioned,not_mentioned,not_mentioned,not_mentioned,not_mentioned,not_mentioned
Jim B Probable NDE 8940/8193,nderf,data\nderf\04279_jim-b-probable-nde-8940-8193.json,Indeterminate,0,False,False,False,not_mentioned,not_mentioned,not_mentioned,not_mentioned,not_mentioned,not_mentioned,not_mentioned,not_mentioned,not_mentioned,not_mentioned
William C NDE 8195,nderf,data\nderf\04280_william-c-nde-8195.json,Indeterminate,0,False,False,False,family_responsibility,implied,no,not_mentioned,not_mentioned,not_mentioned,not_mentioned,not_mentioned,not_mentioned,not_mentioned
Jeannine H NDE 8197,nderf,data\nderf\04281_jeannine-h-nde-8197.json,Indeterminate,0,False,False,False,not_mentioned,not_mentioned,not_mentioned,not_mentioned,not_mentioned,not_mentioned,not_mentioned,not_mentioned,not_mentioned,not_mentioned
John L NDE 8199,nderf,data\nderf\04283_john-l-nde-8199.json,Indeterminate,0,False,False,False,not_mentioned,not_mentioned,not_mentioned,no,not_mentioned,not_mentioned,not_mentioned,not_mentioned,not_mentioned,no
Gerardo NDE 8202,nderf,data\nderf\04285_gerardo-nde-8202.json,Indeterminate,0,False,False,False,other,no,no,not_mentioned,not_mentioned,not_mentioned,not_mentioned,not_mentioned,not_mentioned,not_mentioned
A NDE 8204,nderf,data\nderf\04286_a-nde-8204.json,Indeterminate,0,False,False,False,not_mentioned,not_mentioned,not_mentioned,not_mentioned,not_mentioned,not_mentioned,not_mentioned,not_mentioned,not_mentioned,not_mentioned
Heather V NDE 23192,nderf,data\nderf\04288_heather-v-nde-23192.json,Indeterminate,0,False,False,False,other,implied,no,not_mentioned,not_mentioned,not_mentioned,not_mentioned,implied,not_mentioned,not_mentioned
Denise L NDE 8205,nderf,data\nderf\04289_denise-l-nde-8205.json,Indeterminate,0,False,False,False,no_reason_given,not_mentioned,not_mentioned,not_mentioned,not_mentioned,not_mentioned,not_mentioned,not_mentioned,not_mentioned,not_mentioned
Ginette M Probable NDE 8206,nderf,data\nderf\04290_ginette-m-probable-nde-8206.json,Indeterminate,0,False,False,False,no_reason_given,not_mentioned,not_mentioned,not_mentioned,not_mentioned,not_mentioned,not_mentioned,not_mentioned,not_mentioned,not_mentioned
Raina R NDE 8207,nderf,data\nderf\04291_raina-r-nde-8207.json,Indeterminate,0,False,False,False,no_reason_given,not_mentioned,not_mentioned,not_mentioned,not_mentioned,not_mentioned,not_mentioned,not_mentioned,not_mentioned,not_mentioned
Amy Probable NDE 23195,nderf,data\nderf\04292_amy-probable-nde-23195.json,Indeterminate,0,False,False,False,no_reason_given,not_mentioned,not_mentioned,not_mentioned,not_mentioned,not_mentioned,not_mentioned,no,not_mentioned,not_mentioned
Mark B NDE 8211,nderf,data\nderf\04293_mark-b-nde-8211.json,Indeterminate,0,False,False,False,not_mentioned,not_mentioned,not_mentioned,not_mentioned,not_mentioned,not_mentioned,not_mentioned,not_mentioned,not_mentioned,not_mentioned
Jeff B Probable NDE 8221,nderf,data\nderf\04298_jeff-b-probable-nde-8221.json,Indeterminate,0,False,False,False,no_reason_given,no,no,no,not_mentioned,not_mentioned,not_mentioned,not_mentioned,not_mentioned,no
Dr. Simmi M STE 8229 NDE 8229,nderf,data\nderf\04301_dr-simmi-m-ste-8229-nde-8229.json,Indeterminate,0,False,False,False,family_responsibility,not_mentioned,no,no,not_mentioned,not_mentioned,not_mentioned,not_mentioned,not_mentioned,no
Steward P NDE 8230,nderf,data\nderf\04302_steward-p-nde-8230.json,Indeterminate,0,False,False,False,family_responsibility,not_mentioned,no,no,not_mentioned,not_mentioned,not_mentioned,not_mentioned,not_mentioned,no
Katie V NDE 8231,nderf,data\nderf\04304_katie-v-nde-8231.json,Indeterminate,0,False,False,False,not_mentioned,not_mentioned,not_mentioned,not_mentioned,not_mentioned,not_mentioned,not_mentioned,not_mentioned,not_mentioned,not_mentioned
Angela G NDE 8232,nderf,data\nderf\04305_angela-g-nde-8232.json,Indeterminate,0,False,False,False,no_reason_given,not_mentioned,not_mentioned,not_mentioned,not_mentioned,not_mentioned,not_mentioned,not_mentioned,not_mentioned,not_mentioned
Christine L Probable NDE 8233,nderf,data\nderf\04306_christine-l-probable-nde-8233.json,Indeterminate,0,False,False,False,not_mentioned,not_mentioned,not_mentioned,not_mentioned,not_mentioned,not_mentioned,not_mentioned,not_mentioned,not_mentioned,not_mentioned
Richard B Probable NDE 8237,nderf,data\nderf\04308_richard-b-probable-nde-8237.json,Indeterminate,0,False,False,False,family_responsibility,no,no,no,not_mentioned,not_mentioned,not_mentioned,not_mentioned,not_mentioned,no
Stuart C NDE 8240,nderf,data\nderf\04309_stuart-c-nde-8240.json,Indeterminate,0,False,False,False,not_your_time,not_mentioned,not_mentioned,not_mentioned,not_mentioned,not_mentioned,not_mentioned,not_mentioned,not_mentioned,not_mentioned
Marty D NDE 8243,nderf,data\nderf\04311_marty-d-nde-8243.json,Indeterminate,0,False,False,False,no_reason_given,not_mentioned,not_mentioned,not_mentioned,not_mentioned,not_mentioned,not_mentioned,not_mentioned,not_mentioned,not_mentioned
Alette SDE 8244 NDE 8244,nderf,data\nderf\04313_alette-sde-8244-nde-8244.json,Indeterminate,0,False,False,False,not_mentioned,no,no,no,not_mentioned,not_mentioned,not_mentioned,not_mentioned,not_mentioned,no
Dana M NDE 8249,nderf,data\nderf\04316_dana-m-nde-8249.json,Indeterminate,0,False,False,False,family_responsibility,no,no,no,not_mentioned,not_mentioned,not_mentioned,not_mentioned,not_mentioned,not_mentioned
Susanne S NDE 8251,nderf,data\nderf\04318_susanne-s-nde-8251.json,Indeterminate,0,False,False,False,other,no,no,no,not_mentioned,not_mentioned,not_mentioned,not_mentioned,not_mentioned,no
Dawn P FDE 4319 NDE 8248,nderf,data\nderf\04319_dawn-p-fde-4319-nde-8248.json,Indeterminate,0,False,False,False,not_mentioned,no,no,no,not_mentioned,not_mentioned,not_mentioned,not_mentioned,not_mentioned,no
Bene P NDE 8254,nderf,data\nderf\04321_bene-p-nde-8254.json,Indeterminate,0,False,False,False,no_reason_given,not_mentioned,not_mentioned,not_mentioned,not_mentioned,not_mentioned,not_mentioned,not_mentioned,not_mentioned,not_mentioned
Amy C NDE 8259,nderf,data\nderf\04322_amy-c-nde-8259.json,Indeterminate,0,False,False,False,no_reason_given,not_mentioned,not_mentioned,not_mentioned,not_mentioned,not_mentioned,not_mentioned,not_mentioned,not_mentioned,not_mentioned
Jean-Marc B NDE 8262,nderf,data\nderf\04323_jean-marc-b-nde-8262.json,Indeterminate,0,False,False,False,no_reason_given,not_mentioned,not_mentioned,not_mentioned,not_mentioned,not_mentioned,not_mentioned,not_mentioned,not_mentioned,not_mentioned
C NDE 8268,nderf,data\nderf\04324_c-nde-8268.json,Indeterminate,0,False,False,False,no_reason_given,no,no,not_mentioned,not_mentioned,not_mentioned,not_mentioned,not_mentioned,not_mentioned,not_mentioned
Derek L NDE 8266,nderf,data\nderf\04325_derek-l-nde-8266.json,Indeterminate,0,False,False,False,not_your_time,not_mentioned,not_mentioned,not_mentioned,not_mentioned,not_mentioned,not_mentioned,not_mentioned,not_mentioned,not_mentioned
Debbie C Possible NDE 8272,nderf,data\nderf\04326_debbie-c-possible-nde-8272.json,Indeterminate,0,False,False,False,not_mentioned,no,no,no,not_mentioned,not_mentioned,not_mentioned,not_mentioned,not_mentioned,no
Caren J NDE 8270,nderf,data\nderf\04327_caren-j-nde-8270.json,Indeterminate,0,False,False,False,not_mentioned,not_mentioned,not_mentioned,not_mentioned,not_mentioned,not_mentioned,not_mentioned,not_mentioned,not_mentioned,not_mentioned
Marcella P Probable NDE 16087,nderf,data\nderf\04328_marcella-p-probable-nde-16087.json,Indeterminate,0,False,False,False,not_mentioned,no,not_mentioned,no,not_mentioned,not_mentioned,not_mentioned,not_mentioned,not_mentioned,not_mentioned
Bernard A NDE 8274,nderf,data\nderf\04329_bernard-a-nde-8274.json,Indeterminate,0,False,False,False,no_reason_given,not_mentioned,not_mentioned,not_mentioned,not_mentioned,not_mentioned,not_mentioned,not_mentioned,not_mentioned,not_mentioned
Ty L FDE 8283 NDE 8283,nderf,data\nderf\04333_ty-l-fde-8283-nde-8283.json,Indeterminate,0,False,False,False,not_mentioned,no,no,no,not_mentioned,not_mentioned,not_mentioned,not_mentioned,none,no
Sergei S Possible NDE 8264,nderf,data\nderf\04336_sergei-s-possible-nde-8264.json,Indeterminate,0,False,False,False,not_mentioned,no,no,no,not_mentioned,not_mentioned,not_mentioned,implied,not_mentioned,no
Halil T NDE 8284,nderf,data\nderf\04337_halil-t-nde-8284.json,Indeterminate,0,False,False,False,not_your_time,implied,no,no,not_mentioned,not_mentioned,not_mentioned,not_mentioned,none,no
Irene H Possible NDE 8289,nderf,data\nderf\04340_irene-h-possible-nde-8289.json,Indeterminate,0,False,False,False,not_mentioned,implied,no,no,not_mentioned,not_mentioned,not_mentioned,not_mentioned,not_mentioned,not_mentioned
Leonardo Probable NDE 8305,nderf,data\nderf\04350_leonardo-probable-nde-8305.json,Indeterminate,0,False,False,False,family_responsibility,not_mentioned,not_mentioned,no,not_mentioned,not_mentioned,not_mentioned,not_mentioned,not_mentioned,not_mentioned
Ronald A NDE 8308,nderf,data\nderf\04352_ronald-a-nde-8308.json,Indeterminate,0,False,False,False,not_your_time,yes_explicit,not_mentioned,no,not_mentioned,not_mentioned,no,not_mentioned,not_mentioned,not_mentioned
Miguel DR NDE 8309,nderf,data\nderf\04353_miguel-dr-nde-8309.json,Indeterminate,0,False,False,False,no_reason_given,yes_explicit,no,no,not_mentioned,not_mentioned,not_mentioned,not_mentioned,not_mentioned,not_mentioned
Kate M Possible NDE 8311,nderf,data\nderf\04354_kate-m-possible-nde-8311.json,Indeterminate,0,False,False,False,not_mentioned,no,not_mentioned,no,not_mentioned,not_mentioned,not_mentioned,not_mentioned,not_mentioned,no
Ceire C Possible NDE 8323,nderf,data\nderf\04360_ceire-c-possible-nde-8323.json,Indeterminate,0,False,False,False,family_responsibility,no,not_mentioned,no,not_mentioned,not_mentioned,not_mentioned,not_mentioned,not_mentioned,not_mentioned
Paul C Possible NDEs 8332 NDE 8332,nderf,data\nderf\04365_paul-c-possible-ndes-8332-nde-8332.json,Indeterminate,0,False,False,False,not_mentioned,no,not_mentioned,no,not_mentioned,not_mentioned,not_mentioned,not_mentioned,not_mentioned,not_mentioned
Hana P Possible NDE 8333,nderf,data\nderf\04366_hana-p-possible-nde-8333.json,Indeterminate,0,False,False,False,other,no,not_mentioned,no,not_mentioned,not_mentioned,not_mentioned,not_mentioned,not_mentioned,no
Stacy K NDE 8341,nderf,data\nderf\04371_stacy-k-nde-8341.json,Indeterminate,0,False,False,False,not_your_time,no,no,no,not_mentioned,not_mentioned,not_mentioned,not_mentioned,not_mentioned,no
Sharon W NDE 8345,nderf,data\nderf\04375_sharon-w-nde-8345.json,Indeterminate,0,False,False,False,not_your_time,no,no,no,not_mentioned,not_mentioned,not_mentioned,not_mentioned,not_mentioned,not_mentioned
Zdenka M FDE 23235 NDE 23235,nderf,data\nderf\04376_zdenka-m-fde-23235-nde-23235.json,Indeterminate,0,False,False,False,not_mentioned,no,not_mentioned,no,not_mentioned,not_mentioned,not_mentioned,not_mentioned,none,no
Dean B NDE 8346,nderf,data\nderf\04380_dean-b-nde-8346.json,Indeterminate,0,False,False,False,not_your_time,no,no,no,not_mentioned,not_mentioned,no,not_mentioned,not_mentioned,no
Marilyn L FDEs 8352 NDE 8352,nderf,data\nderf\04381_marilyn-l-fdes-8352-nde-8352.json,Indeterminate,0,False,False,False,family_responsibility,no,no,no,not_mentioned,not_mentioned,not_mentioned,not_mentioned,none,no
Margaret E Possible NDE 8355,nderf,data\nderf\04384_margaret-e-possible-nde-8355.json,Indeterminate,0,False,False,False,not_mentioned,yes_explicit,no,no,not_mentioned,not_mentioned,not_mentioned,not_mentioned,not_mentioned,not_mentioned
David L NDE 8356,nderf,data\nderf\04385_david-l-nde-8356.json,Indeterminate,0,False,False,False,not_mentioned,no,not_mentioned,no,not_mentioned,not_mentioned,not_mentioned,not_mentioned,not_mentioned,not_mentioned
Alejandra S NDE 8357,nderf,data\nderf\04386_alejandra-s-nde-8357.json,Indeterminate,0,False,False,False,not_mentioned,not_mentioned,not_mentioned,no,not_mentioned,not_mentioned,not_mentioned,not_mentioned,not_mentioned,not_mentioned
Poelen NDE 8362,nderf,data\nderf\04388_poelen-nde-8362.json,Indeterminate,0,False,False,False,no_reason_given,no,no,not_mentioned,not_mentioned,not_mentioned,not_mentioned,not_mentioned,not_mentioned,no
Timothy LS Probable NDE 8366,nderf,data\nderf\04390_timothy-ls-probable-nde-8366.json,Indeterminate,0,False,False,False,not_mentioned,not_mentioned,not_mentioned,no,not_mentioned,not_mentioned,not_mentioned,not_mentioned,not_mentioned,not_mentioned
Chris DA NDE 8369,nderf,data\nderf\04391_chris-da-nde-8369.json,Indeterminate,0,False,False,False,not_mentioned,no,not_mentioned,no,not_mentioned,not_mentioned,not_mentioned,not_mentioned,not_mentioned,no
Patricia G NDE 8371,nderf,data\nderf\04392_patricia-g-nde-8371.json,Indeterminate,0,False,False,False,not_mentioned,not_mentioned,not_mentioned,no,not_mentioned,not_mentioned,not_mentioned,not_mentioned,not_mentioned,not_mentioned
Sergio G NDE 8375,nderf,data\nderf\04394_sergio-g-nde-8375.json,Indeterminate,0,False,False,False,not_mentioned,no,no,no,not_mentioned,not_mentioned,not_mentioned,no,not_mentioned,no
Tom B NDE 8379,nderf,data\nderf\04395_tom-b-nde-8379.json,Indeterminate,0,False,False,False,not_mentioned,no,not_mentioned,no,not_mentioned,not_mentioned,not_mentioned,not_mentioned,not_mentioned,not_mentioned
Robert Jr. Probable NDE 8387,nderf,data\nderf\04400_robert-jr-probable-nde-8387.json,Indeterminate,0,False,False,False,not_your_time,no,no,no,not_mentioned,not_mentioned,not_mentioned,not_mentioned,not_mentioned,not_mentioned
Donna P Probable NDE 8388,nderf,data\nderf\04401_donna-p-probable-nde-8388.json,Indeterminate,0,False,False,False,not_mentioned,no,not_mentioned,no,not_mentioned,not_mentioned,not_mentioned,not_mentioned,not_mentioned,no
Onya M Probable NDE 8393,nderf,data\nderf\04403_onya-m-probable-nde-8393.json,Indeterminate,0,False,False,False,no_reason_given,no,no,no,not_mentioned,not_mentioned,not_mentioned,not_mentioned,none,no
Joue L Possible NDE 8404,nderf,data\nderf\04409_joue-l-possible-nde-8404.json,Indeterminate,0,False,False,False,not_your_time,no,no,no,not_mentioned,not_mentioned,not_mentioned,not_mentioned,not_mentioned,no
Francie C NDE 8408,nderf,data\nderf\04412_francie-c-nde-8408.json,Indeterminate,0,False,False,False,not_mentioned,no,not_mentioned,no,not_mentioned,not_mentioned,not_mentioned,not_mentioned,not_mentioned,not_mentioned
Fonz A NDE 8411,nderf,data\nderf\04413_fonz-a-nde-8411.json,Indeterminate,0,False,False,False,family_responsibility,no,no,no,not_mentioned,not_mentioned,not_mentioned,not_mentioned,not_mentioned,no
Patient NDE 16091,nderf,data\nderf\04414_patient-nde-16091.json,Indeterminate,0,False,False,False,not_mentioned,not_mentioned,not_mentioned,not_mentioned,not_mentioned,not_mentioned,not_mentioned,not_mentioned,not_mentioned,not_mentioned
Barbara D NDE 8419,nderf,data\nderf\04421_barbara-d-nde-8419.json,Indeterminate,0,False,False,False,not_mentioned,no,not_mentioned,no,not_mentioned,not_mentioned,not_mentioned,not_mentioned,not_mentioned,no
Bénédicte F Probable NDE 8421,nderf,data\nderf\04422_b-n-dicte-f-probable-nde-8421.json,Indeterminate,0,False,False,False,family_responsibility,yes_explicit,no,not_mentioned,not_mentioned,not_mentioned,not_mentioned,not_mentioned,not_mentioned,not_mentioned
Zak R NDE 8424,nderf,data\nderf\04425_zak-r-nde-8424.json,Indeterminate,0,False,False,False,not_mentioned,not_mentioned,not_mentioned,no,not_mentioned,not_mentioned,not_mentioned,not_mentioned,not_mentioned,not_mentioned
Sacco D Possible NDE 8429,nderf,data\nderf\04427_sacco-d-possible-nde-8429.json,Indeterminate,0,False,False,False,not_mentioned,no,not_mentioned,no,not_mentioned,not_mentioned,not_mentioned,not_mentioned,not_mentioned,not_mentioned
Jeeshma NDE 8427,nderf,data\nderf\04428_jeeshma-nde-8427.json,Indeterminate,0,False,False,False,not_mentioned,not_mentioned,not_mentioned,no,not_mentioned,not_mentioned,not_mentioned,not_mentioned,not_mentioned,not_mentioned
Catherine FDE 8430 NDE 8430,nderf,data\nderf\04430_catherine-fde-8430-nde-8430.json,Indeterminate,0,False,False,False,not_mentioned,no,not_mentioned,no,not_mentioned,not_mentioned,not_mentioned,not_mentioned,not_mentioned,not_mentioned
Georg S Probable NDE 8412,nderf,data\nderf\04443_georg-s-probable-nde-8412.json,Indeterminate,0,False,False,False,not_mentioned,not_mentioned,not_mentioned,no,not_mentioned,not_mentioned,not_mentioned,not_mentioned,not_mentioned,not_mentioned
Alessandro P Probable NDE 8437,nderf,data\nderf\04444_alessandro-p-probable-nde-8437.json,Indeterminate,0,False,False,False,not_your_time,implied,no,no,not_mentioned,not_mentioned,not_mentioned,not_mentioned,not_mentioned,not_mentioned
Volley B NDEs 8458 NDE 8458,nderf,data\nderf\04450_volley-b-ndes-8458-nde-8458.json,Indeterminate,0,False,False,False,not_your_time,no,no,not_mentioned,not_mentioned,not_mentioned,not_mentioned,not_mentioned,not_mentioned,not_mentioned
Jeri W NDE 8460,nderf,data\nderf\04452_jeri-w-nde-8460.json,Indeterminate,0,False,False,False,not_your_time,no,not_mentioned,not_mentioned,not_mentioned,not_mentioned,not_mentioned,implied,none,no
Lynn Z NDE 8466,nderf,data\nderf\04453_lynn-z-nde-8466.json,Indeterminate,0,False,False,False,not_mentioned,not_mentioned,not_mentioned,not_mentioned,not_mentioned,not_mentioned,not_mentioned,not_mentioned,not_mentioned,not_mentioned
Nicoleta P Possible NDE 8465,nderf,data\nderf\04454_nicoleta-p-possible-nde-8465.json,Indeterminate,0,False,False,False,not_your_time,no,not_mentioned,no,not_mentioned,not_mentioned,not_mentioned,not_mentioned,not_mentioned,not_mentioned
Alicia M NDE 8469,nderf,data\nderf\04455_alicia-m-nde-8469.json,Indeterminate,0,False,False,False,family_responsibility,implied,no,no,not_mentioned,not_mentioned,not_mentioned,not_mentioned,not_mentioned,no
Kimberly M FDE 8473 NDE 8473,nderf,data\nderf\04457_kimberly-m-fde-8473-nde-8473.json,Indeterminate,0,False,False,False,not_mentioned,no,no,no,not_mentioned,not_mentioned,not_mentioned,not_mentioned,not_mentioned,not_mentioned
Jay H Probable NDE 8475,nderf,data\nderf\04458_jay-h-probable-nde-8475.json,Indeterminate,0,False,False,False,not_your_time,implied,no,no,not_mentioned,not_mentioned,not_mentioned,not_mentioned,none,no
Tammy H Possible NDE 8477,nderf,data\nderf\04460_tammy-h-possible-nde-8477.json,Indeterminate,0,False,False,False,other,yes_explicit,no,no,not_mentioned,not_mentioned,not_mentioned,explicit,not_mentioned,not_mentioned
Dr. Prasanna M Probable NDE 8482,nderf,data\nderf\04462_dr-prasanna-m-probable-nde-8482.json,Indeterminate,0,False,False,False,not_mentioned,no,no,no,not_mentioned,not_mentioned,not_mentioned,no,not_mentioned,no
Elaine K NDE 8483,nderf,data\nderf\04463_elaine-k-nde-8483.json,Indeterminate,0,False,False,False,not_your_time,no,no,no,not_mentioned,not_mentioned,not_mentioned,not_mentioned,not_mentioned,no
Lori W NDE 8485,nderf,data\nderf\04464_lori-w-nde-8485.json,Indeterminate,0,False,False,False,not_mentioned,no,not_mentioned,no,not_mentioned,not_mentioned,not_mentioned,not_mentioned,not_mentioned,not_mentioned
Debbie P Probable NDE 16094,nderf,data\nderf\04466_debbie-p-probable-nde-16094.json,Indeterminate,0,False,False,False,not_mentioned,not_mentioned,not_mentioned,not_mentioned,not_mentioned,not_mentioned,not_mentioned,not_mentioned,not_mentioned,not_mentioned
Miguel P NDE 8490,nderf,data\nderf\04468_miguel-p-nde-8490.json,Indeterminate,0,False,False,False,not_mentioned,no,not_mentioned,no,not_mentioned,not_mentioned,not_mentioned,not_mentioned,not_mentioned,no
John B NDE 8492,nderf,data\nderf\04469_john-b-nde-8492.json,Indeterminate,0,False,False,False,no_reason_given,no,no,no,not_mentioned,not_mentioned,not_mentioned,not_mentioned,not_mentioned,no
Jala W NDE 8494,nderf,data\nderf\04471_jala-w-nde-8494.json,Indeterminate,0,False,False,False,other,no,no,no,not_mentioned,not_mentioned,not_mentioned,no,not_mentioned,not_mentioned
Hervé P Probable NDE 8496,nderf,data\nderf\04472_herv-p-probable-nde-8496.json,Indeterminate,0,False,False,False,family_responsibility,no,no,no,not_mentioned,not_mentioned,not_mentioned,not_mentioned,not_mentioned,no
Dr. Robert Cole 16095 NDE 16095,nderf,data\nderf\04473_dr-robert-cole-16095-nde-16095.json,Indeterminate,0,False,False,False,not_your_time,yes_explicit,no,no,not_mentioned,not_mentioned,not_mentioned,not_mentioned,not_mentioned,no
Lacee T NDE 8497,nderf,data\nderf\04474_lacee-t-nde-8497.json,Indeterminate,0,False,False,False,family_responsibility,yes_explicit,no,no,not_mentioned,not_mentioned,not_mentioned,implied,none,no
Frandy Possible NDE 8505,nderf,data\nderf\04477_frandy-possible-nde-8505.json,Indeterminate,0,False,False,False,no_reason_given,no,no,no,not_mentioned,not_mentioned,not_mentioned,not_mentioned,not_mentioned,no
Judie S NDE 8508,nderf,data\nderf\04479_judie-s-nde-8508.json,Indeterminate,0,False,False,False,not_your_time,no,no,no,not_mentioned,not_mentioned,not_mentioned,not_mentioned,not_mentioned,not_mentioned
Brooke S Possible NDE 8511,nderf,data\nderf\04481_brooke-s-possible-nde-8511.json,Indeterminate,0,False,False,False,not_mentioned,no,no,no,not_mentioned,not_mentioned,not_mentioned,not_mentioned,not_mentioned,no
JH Probable NDE 8512,nderf,data\nderf\04482_jh-probable-nde-8512.json,Indeterminate,0,False,False,False,family_responsibility,not_mentioned,not_mentioned,no,not_mentioned,not_mentioned,not_mentioned,not_mentioned,none,no
Lynnda F Possible NDE 8517,nderf,data\nderf\04483_lynnda-f-possible-nde-8517.json,Indeterminate,0,False,False,False,other,not_mentioned,not_mentioned,no,not_mentioned,not_mentioned,not_mentioned,not_mentioned,not_mentioned,no
Barbara L Probable NDE 8518,nderf,data\nderf\04484_barbara-l-probable-nde-8518.json,Indeterminate,0,False,False,False,other,no,no,no,not_mentioned,not_mentioned,not_mentioned,no,not_mentioned,no
Donna NDE 8515,nderf,data\nderf\04486_donna-nde-8515.json,Indeterminate,0,False,False,False,no_reason_given,no,no,no,not_mentioned,not_mentioned,not_mentioned,not_mentioned,not_mentioned,no
Begitte C NDE 8506,nderf,data\nderf\04488_begitte-c-nde-8506.json,Indeterminate,0,False,False,False,no_reason_given,no,not_mentioned,no,not_mentioned,not_mentioned,not_mentioned,not_mentioned,not_mentioned,not_mentioned
Ildiko SL NDE 8537,nderf,data\nderf\04499_ildiko-sl-nde-8537.json,Indeterminate,0,False,False,False,family_responsibility,yes_explicit,no,no,not_mentioned,not_mentioned,not_mentioned,not_mentioned,not_mentioned,not_mentioned
Peter U Probable NDE 8538,nderf,data\nderf\04502_peter-u-probable-nde-8538.json,Indeterminate,0,False,False,False,not_mentioned,no,not_mentioned,no,not_mentioned,not_mentioned,not_mentioned,not_mentioned,not_mentioned,not_mentioned
Audra L NDE 8541,nderf,data\nderf\04503_audra-l-nde-8541.json,Indeterminate,0,False,False,False,not_mentioned,no,no,no,not_mentioned,not_mentioned,not_mentioned,no,not_mentioned,no
Randall J NDE 8548,nderf,data\nderf\04508_randall-j-nde-8548.json,Indeterminate,0,False,False,False,not_mentioned,no,not_mentioned,no,not_mentioned,not_mentioned,not_mentioned,not_mentioned,not_mentioned,not_mentioned
Kit S NDE 23285,nderf,data\nderf\04509_kit-s-nde-23285.json,Indeterminate,0,False,False,False,not_your_time,not_mentioned,not_mentioned,not_mentioned,not_mentioned,not_mentioned,not_mentioned,not_mentioned,not_mentioned,not_mentioned
Richard G NDE 8562,nderf,data\nderf\04517_richard-g-nde-8562.json,Indeterminate,0,False,False,False,not_mentioned,no,not_mentioned,no,not_mentioned,not_mentioned,not_mentioned,not_mentioned,not_mentioned,not_mentioned
Charlie J Probable NDE 8565,nderf,data\nderf\04519_charlie-j-probable-nde-8565.json,Indeterminate,0,False,False,False,not_mentioned,no,no,no,not_mentioned,not_mentioned,not_mentioned,not_mentioned,none,no
Daphne B NDE 8583,nderf,data\nderf\04523_daphne-b-nde-8583.json,Indeterminate,0,False,False,False,family_responsibility,no,not_mentioned,no,not_mentioned,not_mentioned,not_mentioned,not_mentioned,not_mentioned,not_mentioned
Matthew H Mother NDE 16096,nderf,data\nderf\04524_matthew-h-mother-nde-16096.json,Indeterminate,0,False,False,False,not_mentioned,not_mentioned,not_mentioned,not_mentioned,not_mentioned,not_mentioned,not_mentioned,not_mentioned,not_mentioned,not_mentioned
Sadaf Probable NDE 8584,nderf,data\nderf\04525_sadaf-probable-nde-8584.json,Indeterminate,0,False,False,False,not_mentioned,no,not_mentioned,no,not_mentioned,not_mentioned,not_mentioned,not_mentioned,not_mentioned,no
Marie S FDE 8590 NDE 8590,nderf,data\nderf\04529_marie-s-fde-8590-nde-8590.json,Indeterminate,0,False,False,False,family_responsibility,no,no,no,not_mentioned,not_mentioned,not_mentioned,not_mentioned,not_mentioned,no
Anthony M NDE 8596,nderf,data\nderf\04531_anthony-m-nde-8596.json,Indeterminate,0,False,False,False,not_mentioned,no,not_mentioned,no,not_mentioned,not_mentioned,not_mentioned,not_mentioned,not_mentioned,no
Elkin O Probable NDE 8598,nderf,data\nderf\04533_elkin-o-probable-nde-8598.json,Indeterminate,0,False,False,False,not_your_time,implied,no,no,not_mentioned,not_mentioned,not_mentioned,not_mentioned,not_mentioned,not_mentioned
Douglas B NDE 8603,nderf,data\nderf\04535_douglas-b-nde-8603.json,Indeterminate,0,False,False,False,not_mentioned,not_mentioned,not_mentioned,no,not_mentioned,not_mentioned,not_mentioned,not_mentioned,not_mentioned,no
Bruno D Possible NDE 8601,nderf,data\nderf\04536_bruno-d-possible-nde-8601.json,Indeterminate,0,False,False,False,not_your_time,no,not_mentioned,no,not_mentioned,not_mentioned,not_mentioned,not_mentioned,not_mentioned,no
Gracia A Possible NDE 8612,nderf,data\nderf\04540_gracia-a-possible-nde-8612.json,Indeterminate,0,False,False,False,family_responsibility,no,no,no,not_mentioned,not_mentioned,not_mentioned,no,not_mentioned,not_mentioned
Kim M Probable NDE 8614,nderf,data\nderf\04541_kim-m-probable-nde-8614.json,Indeterminate,0,False,False,False,not_mentioned,no,no,no,not_mentioned,not_mentioned,not_mentioned,no,not_mentioned,no
Bob H NDE 8617,nderf,data\nderf\04542_bob-h-nde-8617.json,Indeterminate,0,False,False,False,family_responsibility,no,no,no,not_mentioned,not_mentioned,not_mentioned,not_mentioned,not_mentioned,no
Mai FDE 8619 NDE 8619,nderf,data\nderf\04544_mai-fde-8619-nde-8619.json,Indeterminate,0,False,False,False,no_reason_given,no,no,no,not_mentioned,not_mentioned,not_mentioned,not_mentioned,not_mentioned,not_mentioned
Amanda B NDE 23301,nderf,data\nderf\04545_amanda-b-nde-23301.json,Indeterminate,0,False,False,False,family_responsibility,not_mentioned,no,no,not_mentioned,not_mentioned,not_mentioned,not_mentioned,none,no
Andrew B NDE 8620,nderf,data\nderf\04546_andrew-b-nde-8620.json,Indeterminate,0,False,False,False,not_your_time,no,not_mentioned,no,not_mentioned,not_mentioned,not_mentioned,not_mentioned,not_mentioned,not_mentioned
Jacqui L NDE 8624,nderf,data\nderf\04549_jacqui-l-nde-8624.json,Indeterminate,0,False,False,False,family_responsibility,implied,no,no,not_mentioned,not_mentioned,not_mentioned,not_mentioned,not_mentioned,not_mentioned
Mark W Possible NDE 8625,nderf,data\nderf\04550_mark-w-possible-nde-8625.json,Indeterminate,0,False,False,False,not_mentioned,no,no,no,not_mentioned,not_mentioned,not_mentioned,not_mentioned,not_mentioned,not_mentioned
Alison W Possible NDE 8626,nderf,data\nderf\04551_alison-w-possible-nde-8626.json,Indeterminate,0,False,False,False,family_responsibility,no,no,no,not_mentioned,not_mentioned,not_mentioned,not_mentioned,none,no
Fred R NDE 8630/8634 NDE 8634,nderf,data\nderf\04555_fred-r-nde-8630-8634-nde-8634.json,Indeterminate,0,False,False,False,no_reason_given,no,no,no,not_mentioned,not_mentioned,not_mentioned,not_mentioned,not_mentioned,no
Paula D Possible NDE 8643,nderf,data\nderf\04559_paula-d-possible-nde-8643.json,Indeterminate,0,False,False,False,not_mentioned,no,not_mentioned,no,not_mentioned,not_mentioned,not_mentioned,not_mentioned,not_mentioned,not_mentioned
Ron P Possible NDE 23311,nderf,data\nderf\04561_ron-p-possible-nde-23311.json,Indeterminate,0,False,False,False,family_responsibility,implied,no,no,not_mentioned,not_mentioned,not_mentioned,not_mentioned,not_mentioned,no
Amy P SDE 23313 NDE 23313,nderf,data\nderf\04563_amy-p-sde-23313-nde-23313.json,Indeterminate,0,False,False,False,not_mentioned,not_mentioned,not_mentioned,no,not_mentioned,not_mentioned,not_mentioned,not_mentioned,not_mentioned,not_mentioned
Donna J NDE 8653,nderf,data\nderf\04567_donna-j-nde-8653.json,Indeterminate,0,False,False,False,not_mentioned,no,no,no,not_mentioned,not_mentioned,not_mentioned,no,none,no
Ryan J NDE 8657,nderf,data\nderf\04569_ryan-j-nde-8657.json,Indeterminate,0,False,False,False,not_mentioned,no,not_mentioned,no,not_mentioned,not_mentioned,not_mentioned,not_mentioned,not_mentioned,not_mentioned
Desmond H NDE 8658,nderf,data\nderf\04570_desmond-h-nde-8658.json,Indeterminate,0,False,False,False,not_mentioned,no,no,no,not_mentioned,not_mentioned,not_mentioned,no,not_mentioned,no
Dan M NDE 8661,nderf,data\nderf\04572_dan-m-nde-8661.json,Indeterminate,0,False,False,False,no_reason_given,no,not_mentioned,no,not_mentioned,not_mentioned,not_mentioned,not_mentioned,not_mentioned,not_mentioned
Karmen Possible NDE 8662,nderf,data\nderf\04573_karmen-possible-nde-8662.json,Indeterminate,0,False,False,False,not_mentioned,no,no,no,not_mentioned,not_mentioned,not_mentioned,not_mentioned,not_mentioned,not_mentioned
Vicki H Possible NDE 8665,nderf,data\nderf\04574_vicki-h-possible-nde-8665.json,Indeterminate,0,False,False,False,not_mentioned,not_mentioned,not_mentioned,no,not_mentioned,not_mentioned,not_mentioned,not_mentioned,not_mentioned,not_mentioned
Robert L FDE 8671 NDE 8671,nderf,data\nderf\04581_robert-l-fde-8671-nde-8671.json,Indeterminate,0,False,False,False,no_reason_given,no,no,no,not_mentioned,not_mentioned,not_mentioned,no,not_mentioned,not_mentioned
Ute B NDE 8684,nderf,data\nderf\04589_ute-b-nde-8684.json,Indeterminate,0,False,False,False,family_responsibility,no,no,no,not_mentioned,not_mentioned,not_mentioned,not_mentioned,not_mentioned,not_mentioned
Jim B NDE 8688,nderf,data\nderf\04590_jim-b-nde-8688.json,Indeterminate,0,False,False,False,other,yes_explicit,no,no,not_mentioned,not_mentioned,not_mentioned,no,not_mentioned,no
Chris M NELE 8689 NDE 8689,nderf,data\nderf\04593_chris-m-nele-8689-nde-8689.json,Indeterminate,0,False,False,False,not_mentioned,no,not_mentioned,no,not_mentioned,not_mentioned,not_mentioned,not_mentioned,not_mentioned,not_mentioned
Zeliha B NDE 8695,nderf,data\nderf\04595_zeliha-b-nde-8695.json,Indeterminate,0,False,False,False,family_responsibility,no,no,no,not_mentioned,not_mentioned,not_mentioned,not_mentioned,not_mentioned,no
Steffi B Possible NDE 8705,nderf,data\nderf\04604_steffi-b-possible-nde-8705.json,Indeterminate,0,False,False,False,not_mentioned,no,not_mentioned,not_mentioned,not_mentioned,not_mentioned,not_mentioned,not_mentioned,not_mentioned,no
Anna G NDE 8706,nderf,data\nderf\04605_anna-g-nde-8706.json,Indeterminate,0,False,False,False,family_responsibility,implied,no,no,not_mentioned,not_mentioned,not_mentioned,not_mentioned,not_mentioned,not_mentioned
Kathy O NDE 8711,nderf,data\nderf\04607_kathy-o-nde-8711.json,Indeterminate,0,False,False,False,not_your_time,yes_explicit,no,no,not_mentioned,not_mentioned,not_mentioned,no,none,no
Jong-kyu W Probable NDE 8716,nderf,data\nderf\04609_jong-kyu-w-probable-nde-8716.json,Indeterminate,0,False,False,False,not_mentioned,no,not_mentioned,no,not_mentioned,not_mentioned,not_mentioned,not_mentioned,not_mentioned,no
Stephanie D NDE 8732,nderf,data\nderf\04617_stephanie-d-nde-8732.json,Indeterminate,0,False,False,False,not_mentioned,no,not_mentioned,no,not_mentioned,not_mentioned,not_mentioned,explicit,not_mentioned,no
Mohammad H NDE 8736,nderf,data\nderf\04619_mohammad-h-nde-8736.json,Indeterminate,0,False,False,False,not_mentioned,not_mentioned,not_mentioned,no,not_mentioned,not_mentioned,not_mentioned,not_mentioned,not_mentioned,not_mentioned
Erin K NDE 8738,nderf,data\nderf\04620_erin-k-nde-8738.json,Indeterminate,0,False,False,False,not_mentioned,not_mentioned,not_mentioned,not_mentioned,not_mentioned,not_mentioned,not_mentioned,not_mentioned,not_mentioned,not_mentioned
Steven P Possible NDE 8740,nderf,data\nderf\04623_steven-p-possible-nde-8740.json,Indeterminate,0,False,False,False,not_mentioned,no,no,no,not_mentioned,not_mentioned,not_mentioned,not_mentioned,not_mentioned,no
Kathleen B NDE 8748,nderf,data\nderf\04627_kathleen-b-nde-8748.json,Indeterminate,0,False,False,False,not_mentioned,no,no,no,not_mentioned,not_mentioned,not_mentioned,not_mentioned,not_mentioned,not_mentioned
Corina K NDE 8752,nderf,data\nderf\04630_corina-k-nde-8752.json,Indeterminate,0,False,False,False,family_responsibility,implied,no,no,not_mentioned,not_mentioned,not_mentioned,not_mentioned,not_mentioned,no
Andrea C NDE 8756,nderf,data\nderf\04634_andrea-c-nde-8756.json,Indeterminate,0,False,False,False,not_mentioned,not_mentioned,not_mentioned,no,not_mentioned,not_mentioned,not_mentioned,not_mentioned,not_mentioned,no
Jean K NDE 8759,nderf,data\nderf\04635_jean-k-nde-8759.json,Indeterminate,0,False,False,False,family_responsibility,no,no,no,not_mentioned,not_mentioned,not_mentioned,not_mentioned,none,no
Babett W STE 8760 NDE 8760,nderf,data\nderf\04636_babett-w-ste-8760-nde-8760.json,Indeterminate,0,False,False,False,not_mentioned,implied,no,no,not_mentioned,not_mentioned,not_mentioned,not_mentioned,not_mentioned,no
Laura W Possible NDE 8764,nderf,data\nderf\04639_laura-w-possible-nde-8764.json,Indeterminate,0,False,False,False,not_mentioned,not_mentioned,not_mentioned,no,not_mentioned,not_mentioned,not_mentioned,implied,not_mentioned,not_mentioned
Hunia T Possible NDE 8767,nderf,data\nderf\04641_hunia-t-possible-nde-8767.json,Indeterminate,0,False,False,False,no_reason_given,not_mentioned,not_mentioned,not_mentioned,not_mentioned,not_mentioned,not_mentioned,not_mentioned,not_mentioned,not_mentioned
Edward O NDE 23355,nderf,data\nderf\04643_edward-o-nde-23355.json,Indeterminate,0,False,False,False,no_reason_given,not_mentioned,not_mentioned,not_mentioned,not_mentioned,not_mentioned,not_mentioned,not_mentioned,not_mentioned,not_mentioned
Willema M Possible NDE 8777,nderf,data\nderf\04646_willema-m-possible-nde-8777.json,Indeterminate,0,False,False,False,not_your_time,no,not_mentioned,no,not_mentioned,not_mentioned,not_mentioned,not_mentioned,not_mentioned,not_mentioned
Eva M NDE 8778,nderf,data\nderf\04647_eva-m-nde-8778.json,Indeterminate,0,False,False,False,not_mentioned,not_mentioned,not_mentioned,no,not_mentioned,not_mentioned,not_mentioned,not_mentioned,not_mentioned,not_mentioned
Antonio P Probable NDE 8775,nderf,data\nderf\04651_antonio-p-probable-nde-8775.json,Indeterminate,0,False,False,False,not_your_time,no,not_mentioned,no,not_mentioned,not_mentioned,not_mentioned,not_mentioned,not_mentioned,not_mentioned
Greg S Probable NDE 8788,nderf,data\nderf\04653_greg-s-probable-nde-8788.json,Indeterminate,0,False,False,False,not_mentioned,not_mentioned,not_mentioned,no,not_mentioned,not_mentioned,not_mentioned,not_mentioned,not_mentioned,no
Ronald D Possible NDE 8790,nderf,data\nderf\04654_ronald-d-possible-nde-8790.json,Indeterminate,0,False,False,False,family_responsibility,no,not_mentioned,no,not_mentioned,not_mentioned,not_mentioned,not_mentioned,not_mentioned,no
John Y FDE 8794 NDE 8794,nderf,data\nderf\04655_john-y-fde-8794-nde-8794.json,Indeterminate,0,False,False,False,not_mentioned,no,no,no,not_mentioned,not_mentioned,not_mentioned,no,none,no
Katrina NDE 8796,nderf,data\nderf\04656_katrina-nde-8796.json,Indeterminate,0,False,False,False,other,no,no,no,not_mentioned,not_mentioned,not_mentioned,no,none,no
Arlene A Probable NDE 8801,nderf,data\nderf\04658_arlene-a-probable-nde-8801.json,Indeterminate,0,False,False,False,family_responsibility,implied,no,no,not_mentioned,not_mentioned,not_mentioned,not_mentioned,not_mentioned,no
José G NDE 8809,nderf,data\nderf\04664_jos-g-nde-8809.json,Indeterminate,0,False,False,False,not_mentioned,no,no,no,not_mentioned,not_mentioned,not_mentioned,not_mentioned,not_mentioned,not_mentioned
SM Aunt Probable NDE 8803,nderf,data\nderf\04666_sm-aunt-probable-nde-8803.json,Indeterminate,0,False,False,False,not_your_time,not_mentioned,not_mentioned,not_mentioned,not_mentioned,not_mentioned,not_mentioned,not_mentioned,not_mentioned,no
Annie Mc NDE 8830,nderf,data\nderf\04670_annie-mc-nde-8830.json,Indeterminate,0,False,False,False,no_reason_given,no,no,no,not_mentioned,not_mentioned,not_mentioned,not_mentioned,not_mentioned,no
Jason S NDE 8837,nderf,data\nderf\04673_jason-s-nde-8837.json,Indeterminate,0,False,False,False,no_reason_given,no,no,no,not_mentioned,not_mentioned,not_mentioned,no,not_mentioned,not_mentioned
Jay L Probable NDE 8838,nderf,data\nderf\04674_jay-l-probable-nde-8838.json,Indeterminate,0,False,False,False,not_mentioned,no,not_mentioned,no,not_mentioned,not_mentioned,not_mentioned,explicit,not_mentioned,no
Farsiris G NDE 8841/8198,nderf,data\nderf\04675_farsiris-g-nde-8841-8198.json,Indeterminate,0,False,False,False,other,no,no,no,not_mentioned,not_mentioned,not_mentioned,no,not_mentioned,no
Leïla NDE 8842,nderf,data\nderf\04676_le-la-nde-8842.json,Indeterminate,0,False,False,False,family_responsibility,no,not_mentioned,no,not_mentioned,not_mentioned,not_mentioned,implied,not_mentioned,not_mentioned
Sarah S NDE 8854,nderf,data\nderf\04679_sarah-s-nde-8854.json,Indeterminate,0,False,False,False,not_your_time,implied,no,no,not_mentioned,not_mentioned,not_mentioned,not_mentioned,none,no
Elaine C NDE 8855,nderf,data\nderf\04680_elaine-c-nde-8855.json,Indeterminate,0,False,False,False,not_mentioned,not_mentioned,not_mentioned,not_mentioned,not_mentioned,not_mentioned,not_mentioned,not_mentioned,not_mentioned,not_mentioned
Hennie vG Probable NDE 8858,nderf,data\nderf\04682_hennie-vg-probable-nde-8858.json,Indeterminate,0,False,False,False,not_mentioned,no,not_mentioned,no,not_mentioned,not_mentioned,not_mentioned,explicit,not_mentioned,not_mentioned
Joseph M NDE 8860,nderf,data\nderf\04683_joseph-m-nde-8860.json,Indeterminate,0,False,False,False,family_responsibility,no,no,no,not_mentioned,not_mentioned,not_mentioned,not_mentioned,none,no
Clayton D Probable NDE 8865,nderf,data\nderf\04685_clayton-d-probable-nde-8865.json,Indeterminate,0,False,False,False,no_reason_given,no,no,no,not_mentioned,not_mentioned,not_mentioned,not_mentioned,not_mentioned,no
Damon H NDE 8867,nderf,data\nderf\04687_damon-h-nde-8867.json,Indeterminate,0,False,False,False,not_mentioned,not_mentioned,not_mentioned,no,not_mentioned,not_mentioned,not_mentioned,not_mentioned,not_mentioned,not_mentioned
Decent Man NDE 16102,nderf,data\nderf\04691_decent-man-nde-16102.json,Indeterminate,0,False,False,False,not_your_time,no,no,no,not_mentioned,not_mentioned,not_mentioned,no,not_mentioned,no
Mary Beth B Possible NDE 23387,nderf,data\nderf\04692_mary-beth-b-possible-nde-23387.json,Indeterminate,0,False,False,False,no_reason_given,no,no,no,not_mentioned,not_mentioned,not_mentioned,not_mentioned,none,no
Gene B NDE 8875,nderf,data\nderf\04693_gene-b-nde-8875.json,Indeterminate,0,False,False,False,not_mentioned,no,no,no,not_mentioned,not_mentioned,not_mentioned,not_mentioned,not_mentioned,no
Bryan C NDE 8876,nderf,data\nderf\04694_bryan-c-nde-8876.json,Indeterminate,0,False,False,False,family_responsibility,implied,no,no,not_mentioned,not_mentioned,not_mentioned,not_mentioned,not_mentioned,not_mentioned
Shannon L Possible NDE 8888,nderf,data\nderf\04697_shannon-l-possible-nde-8888.json,Indeterminate,0,False,False,False,other,no,no,no,not_mentioned,not_mentioned,not_mentioned,not_mentioned,not_mentioned,no
Nicolas C NDE 8891,nderf,data\nderf\04702_nicolas-c-nde-8891.json,Indeterminate,0,False,False,False,not_mentioned,not_mentioned,not_mentioned,no,not_mentioned,not_mentioned,not_mentioned,not_mentioned,not_mentioned,no
Teresita SDE 8893 NDE 8893,nderf,data\nderf\04705_teresita-sde-8893-nde-8893.json,Indeterminate,0,False,False,False,no_reason_given,no,no,no,not_mentioned,not_mentioned,not_mentioned,not_mentioned,not_mentioned,not_mentioned
Ben K NDE 8897,nderf,data\nderf\04707_ben-k-nde-8897.json,Indeterminate,0,False,False,False,not_mentioned,no,not_mentioned,no,not_mentioned,not_mentioned,not_mentioned,not_mentioned,not_mentioned,not_mentioned
Arnulfo G NDE 8900,nderf,data\nderf\04708_arnulfo-g-nde-8900.json,Indeterminate,0,False,False,False,family_responsibility,yes_explicit,no,no,not_mentioned,not_mentioned,not_mentioned,not_mentioned,not_mentioned,no
Jazmin NDE 8880,nderf,data\nderf\04709_jazmin-nde-8880.json,Indeterminate,0,False,False,False,not_mentioned,no,no,no,not_mentioned,not_mentioned,not_mentioned,no,not_mentioned,no
Kimberley P NDE 8905,nderf,data\nderf\04710_kimberley-p-nde-8905.json,Indeterminate,0,False,False,False,not_mentioned,no,no,no,not_mentioned,not_mentioned,not_mentioned,not_mentioned,not_mentioned,not_mentioned
Natalie H NDE 8908,nderf,data\nderf\04713_natalie-h-nde-8908.json,Indeterminate,0,False,False,False,family_responsibility,implied,no,no,not_mentioned,not_mentioned,not_mentioned,not_mentioned,not_mentioned,not_mentioned
Calvert K Probable NDE 8910,nderf,data\nderf\04715_calvert-k-probable-nde-8910.json,Indeterminate,0,False,False,False,not_mentioned,not_mentioned,not_mentioned,no,not_mentioned,not_mentioned,not_mentioned,not_mentioned,not_mentioned,no
Wan Fu NDE 16105,nderf,data\nderf\04722_wan-fu-nde-16105.json,Indeterminate,0,False,False,False,other,yes_explicit,not_mentioned,not_mentioned,not_mentioned,not_mentioned,not_mentioned,not_mentioned,not_mentioned,not_mentioned
Shari N SDE 16106 NDE 16106,nderf,data\nderf\04723_shari-n-sde-16106-nde-16106.json,Indeterminate,0,False,False,False,not_mentioned,not_mentioned,not_mentioned,no,not_mentioned,not_mentioned,not_mentioned,not_mentioned,none,no
Steven T NDE 8921,nderf,data\nderf\04727_steven-t-nde-8921.json,Indeterminate,0,False,False,False,not_mentioned,no,not_mentioned,no,not_mentioned,not_mentioned,not_mentioned,not_mentioned,none,no
Dakota F Probable NDE 8922,nderf,data\nderf\04728_dakota-f-probable-nde-8922.json,Indeterminate,0,False,False,False,no_reason_given,implied,no,no,not_mentioned,not_mentioned,not_mentioned,no,not_mentioned,no
Lee Shi NDE 16107,nderf,data\nderf\04730_lee-shi-nde-16107.json,Indeterminate,0,False,False,False,not_your_time,not_mentioned,not_mentioned,not_mentioned,not_mentioned,not_mentioned,not_mentioned,not_mentioned,not_mentioned,not_mentioned
Terri B Possible NDE 8926,nderf,data\nderf\04731_terri-b-possible-nde-8926.json,Indeterminate,0,False,False,False,not_mentioned,no,not_mentioned,no,not_mentioned,not_mentioned,not_mentioned,not_mentioned,not_mentioned,not_mentioned
Dawn T NDE 8927,nderf,data\nderf\04732_dawn-t-nde-8927.json,Indeterminate,0,False,False,False,family_responsibility,not_mentioned,no,no,not_mentioned,not_mentioned,not_mentioned,not_mentioned,not_mentioned,not_mentioned
David C NDE 8929,nderf,data\nderf\04734_david-c-nde-8929.json,Indeterminate,0,False,False,False,family_responsibility,no,no,no,not_mentioned,not_mentioned,not_mentioned,not_mentioned,not_mentioned,not_mentioned
Steve H STE 8931 NDE 8931,nderf,data\nderf\04735_steve-h-ste-8931-nde-8931.json,Indeterminate,0,False,False,False,not_mentioned,no,no,no,not_mentioned,not_mentioned,not_mentioned,no,not_mentioned,no
Alexandra L SDE 16108 NDE 16108,nderf,data\nderf\04736_alexandra-l-sde-16108-nde-16108.json,Indeterminate,0,False,False,False,not_mentioned,not_mentioned,not_mentioned,not_mentioned,not_mentioned,not_mentioned,not_mentioned,not_mentioned,not_mentioned,not_mentioned
Andres V NDE 8924,nderf,data\nderf\04737_andres-v-nde-8924.json,Indeterminate,0,False,False,False,not_mentioned,not_mentioned,not_mentioned,no,not_mentioned,not_mentioned,not_mentioned,not_mentioned,not_mentioned,not_mentioned
Ross' Daughter NDE 8932,nderf,data\nderf\04738_ross-daughter-nde-8932.json,Indeterminate,0,False,False,False,not_your_time,no,not_mentioned,not_mentioned,not_mentioned,not_mentioned,not_mentioned,not_mentioned,not_mentioned,not_mentioned
Shirley M Probable NDE 8946,nderf,data\nderf\04743_shirley-m-probable-nde-8946.json,Indeterminate,0,False,False,False,not_mentioned,no,not_mentioned,no,not_mentioned,not_mentioned,not_mentioned,not_mentioned,not_mentioned,no
Rita R Possible NDE 8949,nderf,data\nderf\04747_rita-r-possible-nde-8949.json,Indeterminate,0,False,False,False,other,not_mentioned,not_mentioned,no,not_mentioned,not_mentioned,not_mentioned,not_mentioned,not_mentioned,not_mentioned
Debra G STE 23420 NDE 23420,nderf,data\nderf\04748_debra-g-ste-23420-nde-23420.json,Indeterminate,0,False,False,False,not_mentioned,not_mentioned,not_mentioned,not_mentioned,not_mentioned,not_mentioned,not_mentioned,not_mentioned,not_mentioned,not_mentioned
Parvaneh Possible NDE 8959,nderf,data\nderf\04750_parvaneh-possible-nde-8959.json,Indeterminate,0,False,False,False,not_mentioned,no,no,no,not_mentioned,not_mentioned,not_mentioned,not_mentioned,not_mentioned,no
Mark NDE 16109,nderf,data\nderf\04751_mark-nde-16109.json,Indeterminate,0,False,False,False,no_reason_given,no,no,no,not_mentioned,not_mentioned,not_mentioned,no,not_mentioned,no
Aleene K NDEs 16111 NDE 16111,nderf,data\nderf\04753_aleene-k-ndes-16111-nde-16111.json,Indeterminate,0,False,False,False,not_mentioned,not_mentioned,not_mentioned,not_mentioned,not_mentioned,not_mentioned,not_mentioned,not_mentioned,not_mentioned,not_mentioned
WuDu Probable NDE 16113,nderf,data\nderf\04755_wudu-probable-nde-16113.json,Indeterminate,0,False,False,False,other,no,no,no,not_mentioned,earth,not_mentioned,no,none,no
Ewa Sister DBV 8966 NDE 8966,nderf,data\nderf\04758_ewa-sister-dbv-8966-nde-8966.json,Indeterminate,0,False,False,False,not_mentioned,no,not_mentioned,no,not_mentioned,not_mentioned,not_mentioned,not_mentioned,not_mentioned,no
Julie C NDE 8968,nderf,data\nderf\04759_julie-c-nde-8968.json,Indeterminate,0,False,False,False,family_responsibility,no,not_mentioned,no,not_mentioned,not_mentioned,not_mentioned,not_mentioned,not_mentioned,not_mentioned
Tammi V NDE 8969,nderf,data\nderf\04760_tammi-v-nde-8969.json,Indeterminate,0,False,False,False,not_mentioned,not_mentioned,not_mentioned,no,not_mentioned,not_mentioned,not_mentioned,not_mentioned,not_mentioned,not_mentioned
Patrick C FDE 8971 NDE 8971,nderf,data\nderf\04761_patrick-c-fde-8971-nde-8971.json,Indeterminate,0,False,False,False,not_mentioned,no,not_mentioned,not_mentioned,not_mentioned,not_mentioned,not_mentioned,not_mentioned,not_mentioned,no
James M NDE 8973,nderf,data\nderf\04763_james-m-nde-8973.json,Indeterminate,0,False,False,False,family_responsibility,no,no,no,not_mentioned,not_mentioned,not_mentioned,not_mentioned,not_mentioned,not_mentioned
Xiao Yu NDE 16114,nderf,data\nderf\04764_xiao-yu-nde-16114.json,Indeterminate,0,False,False,False,not_your_time,not_mentioned,no,no,not_mentioned,not_mentioned,not_mentioned,not_mentioned,not_mentioned,no
Ben B's NDE 8975,nderf,data\nderf\04766_ben-b-s-nde-8975.json,Indeterminate,0,False,False,False,not_mentioned,not_mentioned,not_mentioned,not_mentioned,not_mentioned,not_mentioned,not_mentioned,not_mentioned,not_mentioned,not_mentioned
April G Probable NDE 8979,nderf,data\nderf\04767_april-g-probable-nde-8979.json,Indeterminate,0,False,False,False,not_your_time,no,not_mentioned,no,not_mentioned,not_mentioned,not_mentioned,not_mentioned,not_mentioned,not_mentioned
Véronique M Possible NDE 8985,nderf,data\nderf\04770_v-ronique-m-possible-nde-8985.json,Indeterminate,0,False,False,False,family_responsibility,not_mentioned,no,no,not_mentioned,not_mentioned,not_mentioned,not_mentioned,not_mentioned,no
Milly K Possible NDE 8989,nderf,data\nderf\04772_milly-k-possible-nde-8989.json,Indeterminate,0,False,False,False,not_mentioned,no,not_mentioned,no,not_mentioned,not_mentioned,not_mentioned,not_mentioned,not_mentioned,no
Laura B NDE 8996,nderf,data\nderf\04776_laura-b-nde-8996.json,Indeterminate,0,False,False,False,not_mentioned,no,not_mentioned,no,not_mentioned,not_mentioned,not_mentioned,not_mentioned,not_mentioned,not_mentioned
Joe F FDE 8999 NDE 8999,nderf,data\nderf\04777_joe-f-fde-8999-nde-8999.json,Indeterminate,0,False,False,False,not_mentioned,no,not_mentioned,no,not_mentioned,not_mentioned,not_mentioned,not_mentioned,not_mentioned,no
Charlie C NDE 9002,nderf,data\nderf\04778_charlie-c-nde-9002.json,Indeterminate,0,False,False,False,not_your_time,no,no,no,not_mentioned,not_mentioned,not_mentioned,not_mentioned,none,no
Drew B NDE 9004,nderf,data\nderf\04780_drew-b-nde-9004.json,Indeterminate,0,False,False,False,family_responsibility,no,no,no,not_mentioned,not_mentioned,not_mentioned,implied,not_mentioned,not_mentioned
Rebecca S NDE 9008,nderf,data\nderf\04782_rebecca-s-nde-9008.json,Indeterminate,0,False,False,False,not_your_time,no,no,not_mentioned,not_mentioned,not_mentioned,not_mentioned,implied,not_mentioned,not_mentioned
Patti LL NDE 16115,nderf,data\nderf\04783_patti-ll-nde-16115.json,Indeterminate,0,False,False,False,not_your_time,yes_explicit,no,no,not_mentioned,not_mentioned,not_mentioned,not_mentioned,not_mentioned,no
Lola M NDE 9009,nderf,data\nderf\04784_lola-m-nde-9009.json,Indeterminate,0,False,False,False,not_your_time,implied,no,no,not_mentioned,not_mentioned,not_mentioned,not_mentioned,not_mentioned,not_mentioned
Fredrik A Probable NDE 9010,nderf,data\nderf\04785_fredrik-a-probable-nde-9010.json,Indeterminate,0,False,False,False,not_your_time,not_mentioned,not_mentioned,no,not_mentioned,not_mentioned,not_mentioned,explicit,not_mentioned,not_mentioned
Maria V Probable NDE 9012,nderf,data\nderf\04788_maria-v-probable-nde-9012.json,Indeterminate,0,False,False,False,not_mentioned,no,not_mentioned,no,not_mentioned,not_mentioned,not_mentioned,no,not_mentioned,not_mentioned
Falcon A Probable NDE 9016,nderf,data\nderf\04790_falcon-a-probable-nde-9016.json,Indeterminate,0,False,False,False,not_mentioned,no,not_mentioned,no,not_mentioned,not_mentioned,not_mentioned,no,not_mentioned,not_mentioned
Jill F Probable NDE 9021,nderf,data\nderf\04793_jill-f-probable-nde-9021.json,Indeterminate,0,False,False,False,not_mentioned,not_mentioned,not_mentioned,no,not_mentioned,not_mentioned,not_mentioned,not_mentioned,not_mentioned,not_mentioned
Bryant B NDE 9023,nderf,data\nderf\04795_bryant-b-nde-9023.json,Indeterminate,0,False,False,False,not_mentioned,no,no,no,not_mentioned,not_mentioned,not_mentioned,not_mentioned,not_mentioned,no
Rhonda M NDE 9024,nderf,data\nderf\04796_rhonda-m-nde-9024.json,Indeterminate,0,False,False,False,not_mentioned,no,no,no,not_mentioned,not_mentioned,not_mentioned,not_mentioned,not_mentioned,no
Ariuntuya M NDE 23449,nderf,data\nderf\04803_ariuntuya-m-nde-23449.json,Indeterminate,0,False,False,False,other,not_mentioned,not_mentioned,not_mentioned,not_mentioned,not_mentioned,not_mentioned,not_mentioned,not_mentioned,not_mentioned
Lonnie C Probable NDE 9037,nderf,data\nderf\04804_lonnie-c-probable-nde-9037.json,Indeterminate,0,False,False,False,not_your_time,no,no,not_mentioned,not_mentioned,not_mentioned,not_mentioned,not_mentioned,not_mentioned,not_mentioned
Kenneth B Probable NDE 9040,nderf,data\nderf\04806_kenneth-b-probable-nde-9040.json,Indeterminate,0,False,False,False,no_reason_given,no,no,no,not_mentioned,not_mentioned,not_mentioned,not_mentioned,not_mentioned,no
Monika K Probable NDE 9039,nderf,data\nderf\04807_monika-k-probable-nde-9039.json,Indeterminate,0,False,False,False,family_responsibility,implied,no,no,not_mentioned,not_mentioned,not_mentioned,not_mentioned,not_mentioned,no
Darold P Probable NDE 9042,nderf,data\nderf\04810_darold-p-probable-nde-9042.json,Indeterminate,0,False,False,False,not_mentioned,no,not_mentioned,no,not_mentioned,not_mentioned,not_mentioned,not_mentioned,not_mentioned,not_mentioned
Blake M Probable NDE 9043,nderf,data\nderf\04811_blake-m-probable-nde-9043.json,Indeterminate,0,False,False,False,not_your_time,no,no,no,not_mentioned,not_mentioned,not_mentioned,implied,not_mentioned,no
Gordon D NDE 9045,nderf,data\nderf\04812_gordon-d-nde-9045.json,Indeterminate,0,False,False,False,no_reason_given,no,not_mentioned,no,not_mentioned,not_mentioned,not_mentioned,not_mentioned,not_mentioned,not_mentioned
John S Possible NDE 9051,nderf,data\nderf\04815_john-s-possible-nde-9051.json,Indeterminate,0,False,False,False,not_your_time,yes_explicit,no,no,not_mentioned,not_mentioned,not_mentioned,not_mentioned,not_mentioned,not_mentioned
Ken M NDE 9057,nderf,data\nderf\04819_ken-m-nde-9057.json,Indeterminate,0,False,False,False,not_mentioned,no,no,not_mentioned,not_mentioned,not_mentioned,not_mentioned,no,not_mentioned,no
Carolyn A NDE 9067,nderf,data\nderf\04827_carolyn-a-nde-9067.json,Indeterminate,0,False,False,False,not_your_time,not_mentioned,not_mentioned,no,not_mentioned,not_mentioned,not_mentioned,not_mentioned,not_mentioned,not_mentioned
Leonard M NDE 9070/9687 NDE 9687,nderf,data\nderf\04829_leonard-m-nde-9070-9687-nde-9687.json,Indeterminate,0,False,False,False,no_reason_given,not_mentioned,not_mentioned,no,not_mentioned,not_mentioned,not_mentioned,not_mentioned,not_mentioned,no
Steve H NDE 9074,nderf,data\nderf\04833_steve-h-nde-9074.json,Indeterminate,0,False,False,False,not_your_time,no,no,no,not_mentioned,not_mentioned,not_mentioned,not_mentioned,not_mentioned,no
William C NDE 9075,nderf,data\nderf\04834_william-c-nde-9075.json,Indeterminate,0,False,False,False,family_responsibility,no,no,no,not_mentioned,not_mentioned,not_mentioned,implied,not_mentioned,no
Yara NDE 9079,nderf,data\nderf\04836_yara-nde-9079.json,Indeterminate,0,False,False,False,not_mentioned,no,not_mentioned,no,not_mentioned,not_mentioned,not_mentioned,no,none,no
Seemoon C NDE 9086,nderf,data\nderf\04839_seemoon-c-nde-9086.json,Indeterminate,0,False,False,False,not_mentioned,no,not_mentioned,no,not_mentioned,not_mentioned,not_mentioned,not_mentioned,not_mentioned,no
Thomas C NDE 9090,nderf,data\nderf\04842_thomas-c-nde-9090.json,Indeterminate,0,False,False,False,not_your_time,no,no,no,not_mentioned,not_mentioned,not_mentioned,no,not_mentioned,not_mentioned
Nathan R NDE 9091,nderf,data\nderf\04843_nathan-r-nde-9091.json,Indeterminate,0,False,False,False,not_mentioned,implied,no,no,not_mentioned,not_mentioned,not_mentioned,no,not_mentioned,no
Yuan-San NDE 16118,nderf,data\nderf\04845_yuan-san-nde-16118.json,Indeterminate,0,False,False,False,not_mentioned,not_mentioned,not_mentioned,not_mentioned,not_mentioned,not_mentioned,not_mentioned,no,not_mentioned,not_mentioned
Tony G NDE 23463,nderf,data\nderf\04847_tony-g-nde-23463.json,Indeterminate,0,False,False,False,not_mentioned,no,no,no,not_mentioned,not_mentioned,not_mentioned,not_mentioned,not_mentioned,no
Morgan M Probable NDE 9099,nderf,data\nderf\04848_morgan-m-probable-nde-9099.json,Indeterminate,0,False,False,False,not_mentioned,no,no,no,not_mentioned,not_mentioned,not_mentioned,not_mentioned,not_mentioned,no
Daniel R NDE 9100,nderf,data\nderf\04849_daniel-r-nde-9100.json,Indeterminate,0,False,False,False,not_mentioned,no,not_mentioned,no,not_mentioned,not_mentioned,not_mentioned,not_mentioned,not_mentioned,not_mentioned
Stephanie B Probable NDE 9101,nderf,data\nderf\04850_stephanie-b-probable-nde-9101.json,Indeterminate,0,False,False,False,not_mentioned,implied,no,not_mentioned,not_mentioned,not_mentioned,not_mentioned,no,not_mentioned,no
Lizzette Possible NDE 9102,nderf,data\nderf\04851_lizzette-possible-nde-9102.json,Indeterminate,0,False,False,False,other,no,no,no,not_mentioned,not_mentioned,not_mentioned,not_mentioned,not_mentioned,no
Elizabeth A Probable NDE 9106,nderf,data\nderf\04855_elizabeth-a-probable-nde-9106.json,Indeterminate,0,False,False,False,not_your_time,not_mentioned,not_mentioned,no,not_mentioned,not_mentioned,not_mentioned,not_mentioned,not_mentioned,no
Luis FB Possible NDE 9107,nderf,data\nderf\04857_luis-fb-possible-nde-9107.json,Indeterminate,0,False,False,False,other,no,not_mentioned,no,not_mentioned,not_mentioned,not_mentioned,not_mentioned,not_mentioned,not_mentioned
Roman K Possible NDE 9109,nderf,data\nderf\04859_roman-k-possible-nde-9109.json,Indeterminate,0,False,False,False,no_reason_given,no,no,no,not_mentioned,not_mentioned,not_mentioned,not_mentioned,not_mentioned,not_mentioned
John W NDE 9111,nderf,data\nderf\04860_john-w-nde-9111.json,Indeterminate,0,False,False,False,not_mentioned,no,no,no,not_mentioned,not_mentioned,not_mentioned,not_mentioned,not_mentioned,no
Angela BP Possible NDE 9114,nderf,data\nderf\04861_angela-bp-possible-nde-9114.json,Indeterminate,0,False,False,False,not_mentioned,not_mentioned,not_mentioned,no,not_mentioned,not_mentioned,not_mentioned,not_mentioned,not_mentioned,not_mentioned
Anne W NDE 9119,nderf,data\nderf\04866_anne-w-nde-9119.json,Indeterminate,0,False,False,False,no_reason_given,yes_explicit,no,no,not_mentioned,not_mentioned,not_mentioned,not_mentioned,not_mentioned,no
Dr. Sahar S NDE 9126,nderf,data\nderf\04873_dr-sahar-s-nde-9126.json,Indeterminate,0,False,False,False,family_responsibility,not_mentioned,not_mentioned,no,not_mentioned,not_mentioned,not_mentioned,not_mentioned,not_mentioned,no
Dean C FDE 9128 NDE 9128,nderf,data\nderf\04874_dean-c-fde-9128-nde-9128.json,Indeterminate,0,False,False,False,not_mentioned,not_mentioned,not_mentioned,no,not_mentioned,not_mentioned,not_mentioned,not_mentioned,not_mentioned,not_mentioned
I JH 9134 NDE 9134,nderf,data\nderf\04877_i-jh-9134-nde-9134.json,Indeterminate,0,False,False,False,not_mentioned,no,not_mentioned,no,not_mentioned,not_mentioned,not_mentioned,not_mentioned,not_mentioned,no
Ramona M FDE 9135 NDE 9135,nderf,data\nderf\04878_ramona-m-fde-9135-nde-9135.json,Indeterminate,0,False,False,False,no_reason_given,implied,no,no,not_mentioned,not_mentioned,not_mentioned,not_mentioned,none,no
Michelle L NDE 9131,nderf,data\nderf\04879_michelle-l-nde-9131.json,Indeterminate,0,False,False,False,other,implied,no,no,not_mentioned,not_mentioned,not_mentioned,not_mentioned,not_mentioned,not_mentioned
Makaila M NDE 9137,nderf,data\nderf\04880_makaila-m-nde-9137.json,Indeterminate,0,False,False,False,not_mentioned,no,not_mentioned,no,not_mentioned,not_mentioned,not_mentioned,no,not_mentioned,no
Star E NDE 9139,nderf,data\nderf\04881_star-e-nde-9139.json,Indeterminate,0,False,False,False,not_mentioned,not_mentioned,not_mentioned,not_mentioned,not_mentioned,not_mentioned,not_mentioned,not_mentioned,not_mentioned,not_mentioned
Michael R Probable NDE 9143,nderf,data\nderf\04884_michael-r-probable-nde-9143.json,Indeterminate,0,False,False,False,not_mentioned,no,not_mentioned,no,not_mentioned,not_mentioned,not_mentioned,not_mentioned,not_mentioned,not_mentioned
Sharon V NDE 9151,nderf,data\nderf\04888_sharon-v-nde-9151.json,Indeterminate,0,False,False,False,not_mentioned,implied,no,no,not_mentioned,not_mentioned,not_mentioned,not_mentioned,not_mentioned,not_mentioned
Ronald B NDE 9152,nderf,data\nderf\04889_ronald-b-nde-9152.json,Indeterminate,0,False,False,False,no_reason_given,not_mentioned,no,no,not_mentioned,not_mentioned,not_mentioned,no,not_mentioned,not_mentioned
Sally J Possible NDE 9157,nderf,data\nderf\04891_sally-j-possible-nde-9157.json,Indeterminate,0,False,False,False,not_mentioned,no,no,no,not_mentioned,not_mentioned,not_mentioned,not_mentioned,not_mentioned,not_mentioned
Jennifer M NDE 9162,nderf,data\nderf\04894_jennifer-m-nde-9162.json,Indeterminate,0,False,False,False,not_your_time,no,no,no,not_mentioned,not_mentioned,not_mentioned,not_mentioned,not_mentioned,not_mentioned
Lizette NDE 9171,nderf,data\nderf\04899_lizette-nde-9171.json,Indeterminate,0,False,False,False,not_mentioned,no,not_mentioned,no,not_mentioned,not_mentioned,not_mentioned,not_mentioned,not_mentioned,not_mentioned
Change F NDE 9169,nderf,data\nderf\04900_change-f-nde-9169.json,Indeterminate,0,False,False,False,no_reason_given,no,no,no,not_mentioned,not_mentioned,not_mentioned,not_mentioned,not_mentioned,not_mentioned
Natalia Th 9174 NDE 9174,nderf,data\nderf\04902_natalia-th-9174-nde-9174.json,Indeterminate,0,False,False,False,family_responsibility,no,no,no,not_mentioned,not_mentioned,not_mentioned,implied,not_mentioned,no
Kimberly T NDE 9179,nderf,data\nderf\04906_kimberly-t-nde-9179.json,Indeterminate,0,False,False,False,family_responsibility,no,not_mentioned,no,not_mentioned,not_mentioned,not_mentioned,not_mentioned,none,no
Miguel A STE 23467 NDE 23467,nderf,data\nderf\04907_miguel-a-ste-23467-nde-23467.json,Indeterminate,0,False,False,False,no_reason_given,not_mentioned,not_mentioned,not_mentioned,not_mentioned,not_mentioned,not_mentioned,not_mentioned,not_mentioned,not_mentioned
Klaus K NDE 9189,nderf,data\nderf\04910_klaus-k-nde-9189.json,Indeterminate,0,False,False,False,no_reason_given,no,no,no,not_mentioned,not_mentioned,not_mentioned,not_mentioned,not_mentioned,no
Jennifer K SDE 9194 NDE 9194,nderf,data\nderf\04912_jennifer-k-sde-9194-nde-9194.json,Indeterminate,0,False,False,False,not_mentioned,no,not_mentioned,no,not_mentioned,not_mentioned,not_mentioned,not_mentioned,none,no
Joana L Probable NDE 9198,nderf,data\nderf\04915_joana-l-probable-nde-9198.json,Indeterminate,0,False,False,False,not_mentioned,not_mentioned,not_mentioned,not_mentioned,not_mentioned,not_mentioned,not_mentioned,not_mentioned,not_mentioned,not_mentioned
Brooke G Probable NDEs 9201 NDE 9201,nderf,data\nderf\04916_brooke-g-probable-ndes-9201-nde-9201.json,Indeterminate,0,False,False,False,not_your_time,implied,no,not_mentioned,not_mentioned,not_mentioned,not_mentioned,not_mentioned,not_mentioned,not_mentioned
Gerald T NDE 9202,nderf,data\nderf\04917_gerald-t-nde-9202.json,Indeterminate,0,False,False,False,not_mentioned,not_mentioned,not_mentioned,no,not_mentioned,not_mentioned,not_mentioned,not_mentioned,not_mentioned,not_mentioned
Helen Possible NDE 9200,nderf,data\nderf\04918_helen-possible-nde-9200.json,Indeterminate,0,False,False,False,not_mentioned,no,not_mentioned,no,not_mentioned,not_mentioned,not_mentioned,not_mentioned,not_mentioned,not_mentioned
Ashley R NDE 9205,nderf,data\nderf\04920_ashley-r-nde-9205.json,Indeterminate,0,False,False,False,other,no,not_mentioned,no,not_mentioned,not_mentioned,not_mentioned,not_mentioned,not_mentioned,no
Jason W NDE 9206,nderf,data\nderf\04921_jason-w-nde-9206.json,Indeterminate,0,False,False,False,family_responsibility,no,no,no,not_mentioned,not_mentioned,not_mentioned,not_mentioned,not_mentioned,not_mentioned
Michelle RN Probable NDE 9209,nderf,data\nderf\04923_michelle-rn-probable-nde-9209.json,Indeterminate,0,False,False,False,family_responsibility,implied,no,no,not_mentioned,not_mentioned,not_mentioned,not_mentioned,not_mentioned,not_mentioned
Leila D NDE 9218,nderf,data\nderf\04928_leila-d-nde-9218.json,Indeterminate,0,False,False,False,family_responsibility,implied,no,no,not_mentioned,not_mentioned,not_mentioned,explicit,not_mentioned,not_mentioned
Darrell C NDE 9220,nderf,data\nderf\04929_darrell-c-nde-9220.json,Indeterminate,0,False,False,False,not_mentioned,not_mentioned,not_mentioned,no,not_mentioned,not_mentioned,not_mentioned,not_mentioned,not_mentioned,not_mentioned
Rohit G Probable NDE 9225,nderf,data\nderf\04931_rohit-g-probable-nde-9225.json,Indeterminate,0,False,False,False,not_mentioned,no,no,no,not_mentioned,not_mentioned,not_mentioned,not_mentioned,not_mentioned,no
David R NDE 9227,nderf,data\nderf\04933_david-r-nde-9227.json,Indeterminate,0,False,False,False,not_your_time,no,no,not_mentioned,not_mentioned,not_mentioned,not_mentioned,not_mentioned,not_mentioned,no
Bess M NDE 9228,nderf,data\nderf\04934_bess-m-nde-9228.json,Indeterminate,0,False,False,False,not_mentioned,no,not_mentioned,no,not_mentioned,not_mentioned,not_mentioned,not_mentioned,not_mentioned,not_mentioned
Dayana AM NDE 9234,nderf,data\nderf\04936_dayana-am-nde-9234.json,Indeterminate,0,False,False,False,family_responsibility,not_mentioned,not_mentioned,no,not_mentioned,not_mentioned,not_mentioned,not_mentioned,not_mentioned,not_mentioned
Gregory B Probable NDE 9240,nderf,data\nderf\04939_gregory-b-probable-nde-9240.json,Indeterminate,0,False,False,False,not_mentioned,not_mentioned,not_mentioned,no,not_mentioned,not_mentioned,not_mentioned,not_mentioned,not_mentioned,not_mentioned
Andre V NDE 9243,nderf,data\nderf\04940_andre-v-nde-9243.json,Indeterminate,0,False,False,False,not_your_time,implied,not_mentioned,no,not_mentioned,not_mentioned,not_mentioned,not_mentioned,not_mentioned,no
Krystal L NDE 9242,nderf,data\nderf\04941_krystal-l-nde-9242.json,Indeterminate,0,False,False,False,no_reason_given,not_mentioned,not_mentioned,not_mentioned,not_mentioned,not_mentioned,not_mentioned,not_mentioned,not_mentioned,not_mentioned
Chris NDE 16122,nderf,data\nderf\04942_chris-nde-16122.json,Indeterminate,0,False,False,False,not_mentioned,not_mentioned,not_mentioned,not_mentioned,not_mentioned,not_mentioned,not_mentioned,not_mentioned,not_mentioned,not_mentioned
Charles W NDE 9260,nderf,data\nderf\04950_charles-w-nde-9260.json,Indeterminate,0,False,False,False,no_reason_given,no,no,no,not_mentioned,not_mentioned,not_mentioned,not_mentioned,not_mentioned,no
Christoph K NDE 9259,nderf,data\nderf\04951_christoph-k-nde-9259.json,Indeterminate,0,False,False,False,family_responsibility,not_mentioned,not_mentioned,no,not_mentioned,not_mentioned,not_mentioned,not_mentioned,not_mentioned,not_mentioned
Bethany I NDE 9266,nderf,data\nderf\04955_bethany-i-nde-9266.json,Indeterminate,0,False,False,False,not_mentioned,no,no,no,not_mentioned,not_mentioned,not_mentioned,not_mentioned,not_mentioned,no
Barbara W FDE 23474 NDE 23474,nderf,data\nderf\04958_barbara-w-fde-23474-nde-23474.json,Indeterminate,0,False,False,False,not_mentioned,no,no,no,not_mentioned,not_mentioned,not_mentioned,not_mentioned,none,no
Kim A NDE 9272,nderf,data\nderf\04961_kim-a-nde-9272.json,Indeterminate,0,False,False,False,not_your_time,no,not_mentioned,no,not_mentioned,not_mentioned,not_mentioned,not_mentioned,not_mentioned,not_mentioned
Cassandra Probable FDE 9279 NDE 9279,nderf,data\nderf\04964_cassandra-probable-fde-9279-nde-9279.json,Indeterminate,0,False,False,False,family_responsibility,no,not_mentioned,no,not_mentioned,not_mentioned,not_mentioned,implied,not_mentioned,not_mentioned
Faleysiya C Probable NDE 9280,nderf,data\nderf\04965_faleysiya-c-probable-nde-9280.json,Indeterminate,0,False,False,False,not_mentioned,no,no,no,not_mentioned,not_mentioned,not_mentioned,no,none,no
Petro S NDE 9281,nderf,data\nderf\04966_petro-s-nde-9281.json,Indeterminate,0,False,False,False,family_responsibility,not_mentioned,not_mentioned,no,not_mentioned,not_mentioned,not_mentioned,implied,not_mentioned,not_mentioned
Neill H SDE 32686 NDE 32686,nderf,data\nderf\04967_neill-h-sde-32686-nde-32686.json,Indeterminate,0,False,False,False,no_reason_given,no,not_mentioned,not_mentioned,not_mentioned,not_mentioned,not_mentioned,not_mentioned,not_mentioned,not_mentioned
Barney J NDE 9286,nderf,data\nderf\04971_barney-j-nde-9286.json,Indeterminate,0,False,False,False,not_mentioned,not_mentioned,not_mentioned,no,not_mentioned,not_mentioned,not_mentioned,not_mentioned,not_mentioned,no
Karl R Possible NDE 9289,nderf,data\nderf\04972_karl-r-possible-nde-9289.json,Indeterminate,0,False,False,False,not_mentioned,not_mentioned,not_mentioned,no,not_mentioned,not_mentioned,not_mentioned,not_mentioned,not_mentioned,not_mentioned
Lyle R Possible NDE 9290,nderf,data\nderf\04973_lyle-r-possible-nde-9290.json,Indeterminate,0,False,False,False,not_mentioned,not_mentioned,not_mentioned,no,not_mentioned,not_mentioned,not_mentioned,not_mentioned,not_mentioned,not_mentioned
Bella L Probable NDE 9292,nderf,data\nderf\04975_bella-l-probable-nde-9292.json,Indeterminate,0,False,False,False,not_mentioned,no,not_mentioned,no,not_mentioned,not_mentioned,not_mentioned,not_mentioned,none,no
Richard E NDE 9296,nderf,data\nderf\04976_richard-e-nde-9296.json,Indeterminate,0,False,False,False,not_mentioned,not_mentioned,not_mentioned,no,not_mentioned,not_mentioned,not_mentioned,not_mentioned,not_mentioned,not_mentioned
Dr. Sona B NDE 9300,nderf,data\nderf\04978_dr-sona-b-nde-9300.json,Indeterminate,0,False,False,False,not_mentioned,no,not_mentioned,not_mentioned,not_mentioned,not_mentioned,not_mentioned,not_mentioned,not_mentioned,not_mentioned
Tahira H NDE 9302,nderf,data\nderf\04980_tahira-h-nde-9302.json,Indeterminate,0,False,False,False,other,not_mentioned,not_mentioned,no,not_mentioned,not_mentioned,not_mentioned,not_mentioned,not_mentioned,not_mentioned
Marijan H STE 9303 NDE 9303,nderf,data\nderf\04981_marijan-h-ste-9303-nde-9303.json,Indeterminate,0,False,False,False,family_responsibility,implied,no,no,not_mentioned,not_mentioned,not_mentioned,no,none,no
Debra J NDE 9304,nderf,data\nderf\04982_debra-j-nde-9304.json,Indeterminate,0,False,False,False,not_your_time,yes_explicit,no,no,not_mentioned,not_mentioned,not_mentioned,implied,not_mentioned,not_mentioned
Carrie B NDE 9307,nderf,data\nderf\04984_carrie-b-nde-9307.json,Indeterminate,0,False,False,False,not_mentioned,not_mentioned,not_mentioned,no,not_mentioned,not_mentioned,not_mentioned,not_mentioned,not_mentioned,not_mentioned
Carol S Probable NDE 9318,nderf,data\nderf\04990_carol-s-probable-nde-9318.json,Indeterminate,0,False,False,False,not_your_time,no,no,no,not_mentioned,not_mentioned,not_mentioned,not_mentioned,not_mentioned,not_mentioned
Stephanie L NDE 9327,nderf,data\nderf\04996_stephanie-l-nde-9327.json,Indeterminate,0,False,False,False,other,not_mentioned,not_mentioned,no,not_mentioned,not_mentioned,not_mentioned,not_mentioned,not_mentioned,no
Wen-Yu Lee 16123 NDE 16123,nderf,data\nderf\04998_wen-yu-lee-16123-nde-16123.json,Indeterminate,0,False,False,False,not_mentioned,no,no,no,not_mentioned,not_mentioned,not_mentioned,no,none,no
Mary AB Probable NDE 9331,nderf,data\nderf\04999_mary-ab-probable-nde-9331.json,Indeterminate,0,False,False,False,not_mentioned,no,not_mentioned,no,not_mentioned,not_mentioned,not_mentioned,not_mentioned,not_mentioned,not_mentioned
Leslie G Probable NDE 9338,nderf,data\nderf\05002_leslie-g-probable-nde-9338.json,Indeterminate,0,False,False,False,not_mentioned,no,not_mentioned,no,not_mentioned,not_mentioned,not_mentioned,not_mentioned,not_mentioned,not_mentioned
Harry T NDE 9339,nderf,data\nderf\05003_harry-t-nde-9339.json,Indeterminate,0,False,False,False,not_your_time,implied,no,no,not_mentioned,not_mentioned,not_mentioned,not_mentioned,not_mentioned,not_mentioned
Daniel C NDE 9340,nderf,data\nderf\05004_daniel-c-nde-9340.json,Indeterminate,0,False,False,False,no_reason_given,no,no,no,not_mentioned,not_mentioned,not_mentioned,not_mentioned,not_mentioned,no
Dr. Cornelia T NDE 9336,nderf,data\nderf\05006_dr-cornelia-t-nde-9336.json,Indeterminate,0,False,False,False,family_responsibility,not_mentioned,not_mentioned,no,not_mentioned,not_mentioned,not_mentioned,not_mentioned,not_mentioned,not_mentioned
Ashley H NDE 9342,nderf,data\nderf\05007_ashley-h-nde-9342.json,Indeterminate,0,False,False,False,not_mentioned,no,not_mentioned,no,not_mentioned,not_mentioned,not_mentioned,not_mentioned,not_mentioned,not_mentioned
Betty R NDE 9343,nderf,data\nderf\05008_betty-r-nde-9343.json,Indeterminate,0,False,False,False,not_your_time,yes_explicit,no,no,not_mentioned,not_mentioned,not_mentioned,not_mentioned,not_mentioned,not_mentioned
Anonymous 16125 NDE 16125,nderf,data\nderf\05009_anonymous-16125-nde-16125.json,Indeterminate,0,False,False,False,no_reason_given,not_mentioned,not_mentioned,not_mentioned,not_mentioned,not_mentioned,not_mentioned,not_mentioned,not_mentioned,not_mentioned
Ryan S SDE 9345 NDE 9345,nderf,data\nderf\05010_ryan-s-sde-9345-nde-9345.json,Indeterminate,0,False,False,False,not_mentioned,implied,no,not_mentioned,not_mentioned,not_mentioned,not_mentioned,not_mentioned,none,no
Laura B NDE 9346,nderf,data\nderf\05011_laura-b-nde-9346.json,Indeterminate,0,False,False,False,no_reason_given,no,no,no,not_mentioned,not_mentioned,not_mentioned,no,not_mentioned,no
David C NDE 9348,nderf,data\nderf\05012_david-c-nde-9348.json,Indeterminate,0,False,False,False,family_responsibility,not_mentioned,not_mentioned,no,not_mentioned,not_mentioned,not_mentioned,not_mentioned,not_mentioned,no
Thomas U NDE 9350,nderf,data\nderf\05014_thomas-u-nde-9350.json,Indeterminate,0,False,False,False,not_your_time,implied,no,no,not_mentioned,not_mentioned,not_mentioned,not_mentioned,not_mentioned,not_mentioned
Barb M FDE 9353 NDE 9353,nderf,data\nderf\05016_barb-m-fde-9353-nde-9353.json,Indeterminate,0,False,False,False,not_mentioned,no,not_mentioned,no,not_mentioned,not_mentioned,not_mentioned,not_mentioned,not_mentioned,not_mentioned
Michael Mc Probable NDE 9358,nderf,data\nderf\05019_michael-mc-probable-nde-9358.json,Indeterminate,0,False,False,False,not_mentioned,implied,no,no,not_mentioned,not_mentioned,not_mentioned,not_mentioned,not_mentioned,no
Tawny S NDE 9373,nderf,data\nderf\05025_tawny-s-nde-9373.json,Indeterminate,0,False,False,False,not_your_time,implied,no,no,not_mentioned,not_mentioned,not_mentioned,not_mentioned,not_mentioned,not_mentioned
Donna May S NDE/FDE 9377 NDE 9377,nderf,data\nderf\05026_donna-may-s-nde-fde-9377-nde-9377.json,Indeterminate,0,False,False,False,not_mentioned,no,not_mentioned,no,not_mentioned,not_mentioned,not_mentioned,not_mentioned,not_mentioned,not_mentioned
Thomas Z NDE 9382,nderf,data\nderf\05030_thomas-z-nde-9382.json,Indeterminate,0,False,False,False,no_reason_given,no,no,no,not_mentioned,not_mentioned,not_mentioned,not_mentioned,not_mentioned,no
Douglas C NDE 9389,nderf,data\nderf\05032_douglas-c-nde-9389.json,Indeterminate,0,False,False,False,no_reason_given,no,no,no,not_mentioned,not_mentioned,not_mentioned,no,none,no
Catherine S NDE 9396,nderf,data\nderf\05037_catherine-s-nde-9396.json,Indeterminate,0,False,False,False,not_mentioned,no,not_mentioned,no,not_mentioned,not_mentioned,not_mentioned,not_mentioned,none,no
Lily Probable FDE 9401 NDE 9401,nderf,data\nderf\05039_lily-probable-fde-9401-nde-9401.json,Indeterminate,0,False,False,False,not_mentioned,no,not_mentioned,no,not_mentioned,not_mentioned,not_mentioned,not_mentioned,not_mentioned,not_mentioned
Monique M Probable FDE 9402 NDE 9402,nderf,data\nderf\05040_monique-m-probable-fde-9402-nde-9402.json,Indeterminate,0,False,False,False,not_mentioned,no,not_mentioned,no,not_mentioned,not_mentioned,not_mentioned,not_mentioned,not_mentioned,not_mentioned
Fabio STE 9404 NDE 9404,nderf,data\nderf\05042_fabio-ste-9404-nde-9404.json,Indeterminate,0,False,False,False,no_reason_given,no,not_mentioned,no,not_mentioned,not_mentioned,not_mentioned,not_mentioned,not_mentioned,not_mentioned
Jennifer M Probable NDE 9407,nderf,data\nderf\05045_jennifer-m-probable-nde-9407.json,Indeterminate,0,False,False,False,family_responsibility,yes_explicit,no,no,not_mentioned,not_mentioned,not_mentioned,not_mentioned,not_mentioned,no
Random H Possible NDE 9408,nderf,data\nderf\05046_random-h-possible-nde-9408.json,Indeterminate,0,False,False,False,not_mentioned,no,not_mentioned,no,not_mentioned,not_mentioned,not_mentioned,not_mentioned,not_mentioned,not_mentioned
Elena D Probable NDE 9412,nderf,data\nderf\05048_elena-d-probable-nde-9412.json,Indeterminate,0,False,False,False,other,not_mentioned,not_mentioned,not_mentioned,not_mentioned,not_mentioned,not_mentioned,not_mentioned,not_mentioned,not_mentioned
Polly S STE 9419 NDE 9419,nderf,data\nderf\05052_polly-s-ste-9419-nde-9419.json,Indeterminate,0,False,False,False,not_mentioned,no,no,no,not_mentioned,not_mentioned,not_mentioned,not_mentioned,not_mentioned,no
John B FDE 9426 NDE 9426,nderf,data\nderf\05057_john-b-fde-9426-nde-9426.json,Indeterminate,0,False,False,False,not_mentioned,no,not_mentioned,no,not_mentioned,not_mentioned,not_mentioned,not_mentioned,not_mentioned,no
EB STE 9427 NDE 9427,nderf,data\nderf\05059_eb-ste-9427-nde-9427.json,Indeterminate,0,False,False,False,not_mentioned,no,no,no,not_mentioned,not_mentioned,not_mentioned,no,none,no
Albert vM Probable NDE 9429,nderf,data\nderf\05061_albert-vm-probable-nde-9429.json,Indeterminate,0,False,False,False,not_mentioned,no,not_mentioned,no,not_mentioned,not_mentioned,not_mentioned,not_mentioned,not_mentioned,no
Pam T NDE 9432,nderf,data\nderf\05064_pam-t-nde-9432.json,Indeterminate,0,False,False,False,not_mentioned,implied,no,no,not_mentioned,not_mentioned,not_mentioned,not_mentioned,none,no
James B NDE 9434,nderf,data\nderf\05066_james-b-nde-9434.json,Indeterminate,0,False,False,False,not_mentioned,no,no,no,not_mentioned,not_mentioned,not_mentioned,no,not_mentioned,no
Wade K Possible NDE 9435,nderf,data\nderf\05067_wade-k-possible-nde-9435.json,Indeterminate,0,False,False,False,other,no,no,no,not_mentioned,not_mentioned,not_mentioned,not_mentioned,none,no
Robin G NDE 9437,nderf,data\nderf\05069_robin-g-nde-9437.json,Indeterminate,0,False,False,False,no_reason_given,no,not_mentioned,no,not_mentioned,not_mentioned,not_mentioned,not_mentioned,not_mentioned,no
Hobart G Probable NDE 9441,nderf,data\nderf\05073_hobart-g-probable-nde-9441.json,Indeterminate,0,False,False,False,not_mentioned,no,not_mentioned,no,not_mentioned,not_mentioned,not_mentioned,not_mentioned,not_mentioned,not_mentioned
Dianne B NDE 9444,nderf,data\nderf\05075_dianne-b-nde-9444.json,Indeterminate,0,False,False,False,not_mentioned,no,not_mentioned,no,not_mentioned,not_mentioned,not_mentioned,not_mentioned,not_mentioned,no
Colleen M NDE 9445,nderf,data\nderf\05076_colleen-m-nde-9445.json,Indeterminate,0,False,False,False,not_mentioned,no,no,no,not_mentioned,not_mentioned,not_mentioned,implied,not_mentioned,not_mentioned
Ismael Probable NDE 9450,nderf,data\nderf\05078_ismael-probable-nde-9450.json,Indeterminate,0,False,False,False,family_responsibility,not_mentioned,not_mentioned,no,not_mentioned,not_mentioned,not_mentioned,not_mentioned,not_mentioned,not_mentioned
Michael H Probable NDE 9454,nderf,data\nderf\05081_michael-h-probable-nde-9454.json,Indeterminate,0,False,False,False,not_mentioned,yes_explicit,not_mentioned,no,not_mentioned,not_mentioned,not_mentioned,not_mentioned,not_mentioned,no
Lisa R NDE 9456,nderf,data\nderf\05082_lisa-r-nde-9456.json,Indeterminate,0,False,False,False,not_your_time,no,no,no,not_mentioned,not_mentioned,not_mentioned,not_mentioned,not_mentioned,no
Kathleen SDE 9457 NDE 9457,nderf,data\nderf\05083_kathleen-sde-9457-nde-9457.json,Indeterminate,0,False,False,False,not_mentioned,no,no,no,not_mentioned,not_mentioned,not_mentioned,not_mentioned,not_mentioned,not_mentioned
Dono J NDE 9464,nderf,data\nderf\05087_dono-j-nde-9464.json,Indeterminate,0,False,False,False,not_mentioned,no,not_mentioned,no,not_mentioned,not_mentioned,not_mentioned,not_mentioned,not_mentioned,not_mentioned
Mary G Probable NDE 9469,nderf,data\nderf\05089_mary-g-probable-nde-9469.json,Indeterminate,0,False,False,False,not_mentioned,no,no,no,not_mentioned,not_mentioned,not_mentioned,not_mentioned,not_mentioned,no
Jacqueline C Possible NDE 9480,nderf,data\nderf\05096_jacqueline-c-possible-nde-9480.json,Indeterminate,0,False,False,False,family_responsibility,no,no,no,not_mentioned,not_mentioned,not_mentioned,not_mentioned,not_mentioned,not_mentioned
Ricky C Probable NDE 9488,nderf,data\nderf\05101_ricky-c-probable-nde-9488.json,Indeterminate,0,False,False,False,not_mentioned,implied,no,no,not_mentioned,not_mentioned,not_mentioned,not_mentioned,not_mentioned,not_mentioned
Anita B NDE 9491,nderf,data\nderf\05104_anita-b-nde-9491.json,Indeterminate,0,False,False,False,no_reason_given,no,no,no,not_mentioned,not_mentioned,not_mentioned,not_mentioned,not_mentioned,not_mentioned
Kelly G Other 23506 NDE 23506,nderf,data\nderf\05105_kelly-g-other-23506-nde-23506.json,Indeterminate,0,False,False,False,not_mentioned,not_mentioned,not_mentioned,not_mentioned,not_mentioned,not_mentioned,not_mentioned,not_mentioned,not_mentioned,not_mentioned
Iain T NDE 9495,nderf,data\nderf\05107_iain-t-nde-9495.json,Indeterminate,0,False,False,False,family_responsibility,no,not_mentioned,no,not_mentioned,not_mentioned,not_mentioned,not_mentioned,not_mentioned,no
Jayne J Probable NDE 9494,nderf,data\nderf\05108_jayne-j-probable-nde-9494.json,Indeterminate,0,False,False,False,family_responsibility,no,not_mentioned,no,not_mentioned,not_mentioned,not_mentioned,not_mentioned,not_mentioned,not_mentioned
Jim H NDE 16128,nderf,data\nderf\05109_jim-h-nde-16128.json,Indeterminate,0,False,False,False,no_reason_given,no,no,no,not_mentioned,not_mentioned,not_mentioned,not_mentioned,not_mentioned,no
Joshua G NDE 9499,nderf,data\nderf\05110_joshua-g-nde-9499.json,Indeterminate,0,False,False,False,no_reason_given,no,no,no,not_mentioned,not_mentioned,not_mentioned,not_mentioned,none,no
Richard S NDE 9500,nderf,data\nderf\05112_richard-s-nde-9500.json,Indeterminate,0,False,False,False,not_mentioned,not_mentioned,not_mentioned,no,not_mentioned,not_mentioned,not_mentioned,not_mentioned,not_mentioned,not_mentioned
Lena S Anesthesia 9507 NDE 9507,nderf,data\nderf\05115_lena-s-anesthesia-9507-nde-9507.json,Indeterminate,0,False,False,False,not_mentioned,no,no,no,not_mentioned,not_mentioned,not_mentioned,not_mentioned,not_mentioned,no
Anthony P Possible NDE 9511,nderf,data\nderf\05120_anthony-p-possible-nde-9511.json,Indeterminate,0,False,False,False,not_mentioned,not_mentioned,not_mentioned,no,not_mentioned,not_mentioned,not_mentioned,not_mentioned,not_mentioned,no
Cheryl R NDE 9512,nderf,data\nderf\05121_cheryl-r-nde-9512.json,Indeterminate,0,False,False,False,not_mentioned,no,no,no,not_mentioned,not_mentioned,not_mentioned,not_mentioned,none,no
Nathan A NDE 9519,nderf,data\nderf\05124_nathan-a-nde-9519.json,Indeterminate,0,False,False,False,not_mentioned,not_mentioned,not_mentioned,no,not_mentioned,not_mentioned,not_mentioned,not_mentioned,not_mentioned,no
Natalia P NDE 9521,nderf,data\nderf\05125_natalia-p-nde-9521.json,Indeterminate,0,False,False,False,not_mentioned,no,not_mentioned,no,not_mentioned,not_mentioned,not_mentioned,not_mentioned,not_mentioned,not_mentioned
Dr. Fábio Probable NDE 9514,nderf,data\nderf\05129_dr-f-bio-probable-nde-9514.json,Indeterminate,0,False,False,False,family_responsibility,yes_explicit,no,no,not_mentioned,not_mentioned,not_mentioned,not_mentioned,not_mentioned,no
Valerie N SDE 9533 NDE 9533,nderf,data\nderf\05131_valerie-n-sde-9533-nde-9533.json,Indeterminate,0,False,False,False,not_mentioned,not_mentioned,not_mentioned,no,not_mentioned,not_mentioned,not_mentioned,not_mentioned,not_mentioned,not_mentioned
Kimberly G NDE 9534,nderf,data\nderf\05132_kimberly-g-nde-9534.json,Indeterminate,0,False,False,False,not_mentioned,no,no,no,not_mentioned,not_mentioned,not_mentioned,not_mentioned,none,no
Lon B NDE 9540,nderf,data\nderf\05135_lon-b-nde-9540.json,Indeterminate,0,False,False,False,not_mentioned,no,no,no,not_mentioned,not_mentioned,not_mentioned,not_mentioned,none,no
Ginger M NDE 9544,nderf,data\nderf\05138_ginger-m-nde-9544.json,Indeterminate,0,False,False,False,not_your_time,implied,no,no,not_mentioned,not_mentioned,not_mentioned,not_mentioned,not_mentioned,not_mentioned
Allyssa B Probable NDE 9548,nderf,data\nderf\05142_allyssa-b-probable-nde-9548.json,Indeterminate,0,False,False,False,not_your_time,no,not_mentioned,no,not_mentioned,not_mentioned,not_mentioned,not_mentioned,not_mentioned,not_mentioned
Cecily W Probable NDE 9549,nderf,data\nderf\05143_cecily-w-probable-nde-9549.json,Indeterminate,0,False,False,False,not_mentioned,not_mentioned,not_mentioned,no,not_mentioned,not_mentioned,not_mentioned,implied,not_mentioned,no
Lotte H NDE 9553,nderf,data\nderf\05145_lotte-h-nde-9553.json,Indeterminate,0,False,False,False,not_mentioned,implied,no,no,not_mentioned,not_mentioned,not_mentioned,not_mentioned,not_mentioned,no
Bren L NDE 9562,nderf,data\nderf\05149_bren-l-nde-9562.json,Indeterminate,0,False,False,False,not_your_time,implied,no,no,not_mentioned,not_mentioned,not_mentioned,not_mentioned,not_mentioned,no
Catherine N NDE 9567,nderf,data\nderf\05151_catherine-n-nde-9567.json,Indeterminate,0,False,False,False,family_responsibility,not_mentioned,not_mentioned,no,not_mentioned,not_mentioned,not_mentioned,not_mentioned,not_mentioned,not_mentioned
Johnny S NDE 9560,nderf,data\nderf\05154_johnny-s-nde-9560.json,Indeterminate,0,False,False,False,not_mentioned,yes_explicit,no,no,not_mentioned,not_mentioned,not_mentioned,not_mentioned,not_mentioned,no
Kenneth K NDE 9569,nderf,data\nderf\05155_kenneth-k-nde-9569.json,Indeterminate,0,False,False,False,not_mentioned,no,not_mentioned,no,not_mentioned,not_mentioned,not_mentioned,not_mentioned,none,no
David D STE 9575 NDE 9575,nderf,data\nderf\05157_david-d-ste-9575-nde-9575.json,Indeterminate,0,False,False,False,not_mentioned,no,not_mentioned,no,not_mentioned,not_mentioned,not_mentioned,not_mentioned,not_mentioned,no
Debra K NDE 9579,nderf,data\nderf\05160_debra-k-nde-9579.json,Indeterminate,0,False,False,False,no_reason_given,no,not_mentioned,no,not_mentioned,not_mentioned,not_mentioned,not_mentioned,not_mentioned,not_mentioned
Allen O NDE 9584,nderf,data\nderf\05161_allen-o-nde-9584.json,Indeterminate,0,False,False,False,family_responsibility,not_mentioned,not_mentioned,no,not_mentioned,not_mentioned,not_mentioned,not_mentioned,not_mentioned,not_mentioned
Nebahat A NDE 9580,nderf,data\nderf\05162_nebahat-a-nde-9580.json,Indeterminate,0,False,False,False,not_mentioned,no,not_mentioned,no,not_mentioned,not_mentioned,not_mentioned,not_mentioned,not_mentioned,no
Kenneth T STE 9594 NDE 9594,nderf,data\nderf\05170_kenneth-t-ste-9594-nde-9594.json,Indeterminate,0,False,False,False,not_mentioned,no,not_mentioned,no,not_mentioned,not_mentioned,not_mentioned,not_mentioned,not_mentioned,not_mentioned
Louise C NDE 9603,nderf,data\nderf\05171_louise-c-nde-9603.json,Indeterminate,0,False,False,False,not_mentioned,no,not_mentioned,no,not_mentioned,not_mentioned,not_mentioned,implied,not_mentioned,not_mentioned
Adam W NDE 9604,nderf,data\nderf\05172_adam-w-nde-9604.json,Indeterminate,0,False,False,False,family_responsibility,no,not_mentioned,no,not_mentioned,not_mentioned,not_mentioned,not_mentioned,not_mentioned,no
Judith E Probable NDE 9605,nderf,data\nderf\05174_judith-e-probable-nde-9605.json,Indeterminate,0,False,False,False,family_responsibility,no,no,no,not_mentioned,not_mentioned,not_mentioned,not_mentioned,not_mentioned,not_mentioned
Miguel M Possible NDE 9607,nderf,data\nderf\05175_miguel-m-possible-nde-9607.json,Indeterminate,0,False,False,False,not_mentioned,not_mentioned,not_mentioned,not_mentioned,not_mentioned,not_mentioned,not_mentioned,not_mentioned,not_mentioned,not_mentioned
David B Possible NDE 9613,nderf,data\nderf\05178_david-b-possible-nde-9613.json,Indeterminate,0,False,False,False,not_mentioned,yes_explicit,not_mentioned,not_mentioned,not_mentioned,not_mentioned,not_mentioned,not_mentioned,not_mentioned,not_mentioned
Gregory B STE 9623 NDE 9623,nderf,data\nderf\05186_gregory-b-ste-9623-nde-9623.json,Indeterminate,0,False,False,False,other,no,no,no,not_mentioned,not_mentioned,not_mentioned,not_mentioned,not_mentioned,no
Jean-Louis R Probable NDE 9627,nderf,data\nderf\05190_jean-louis-r-probable-nde-9627.json,Indeterminate,0,False,False,False,not_mentioned,no,not_mentioned,no,not_mentioned,not_mentioned,not_mentioned,not_mentioned,not_mentioned,not_mentioned
Morris C NDE 9634,nderf,data\nderf\05199_morris-c-nde-9634.json,Indeterminate,0,False,False,False,not_mentioned,not_mentioned,not_mentioned,not_mentioned,not_mentioned,not_mentioned,not_mentioned,not_mentioned,not_mentioned,not_mentioned
Shane B Probable NDE 9680,nderf,data\nderf\05200_shane-b-probable-nde-9680.json,Indeterminate,0,False,False,False,other,no,no,no,not_mentioned,not_mentioned,not_mentioned,not_mentioned,none,no
Matthew H NDE 9668,nderf,data\nderf\05202_matthew-h-nde-9668.json,Indeterminate,0,False,False,False,no_reason_given,not_mentioned,not_mentioned,no,not_mentioned,not_mentioned,not_mentioned,not_mentioned,not_mentioned,not_mentioned
Demirkaya NDE 9672,nderf,data\nderf\05204_demirkaya-nde-9672.json,Indeterminate,0,False,False,False,not_mentioned,no,not_mentioned,no,not_mentioned,not_mentioned,not_mentioned,not_mentioned,not_mentioned,no
Rocky T. Possible NDE 9673,nderf,data\nderf\05205_rocky-t-possible-nde-9673.json,Indeterminate,0,False,False,False,not_mentioned,no,not_mentioned,no,not_mentioned,not_mentioned,not_mentioned,not_mentioned,not_mentioned,not_mentioned
Nurse's Patient's NDE 9640,nderf,data\nderf\05206_nurse-s-patient-s-nde-9640.json,Indeterminate,0,False,False,False,not_mentioned,no,not_mentioned,no,not_mentioned,not_mentioned,not_mentioned,not_mentioned,not_mentioned,not_mentioned
Elizabeth H Probable NDE 9641,nderf,data\nderf\05207_elizabeth-h-probable-nde-9641.json,Indeterminate,0,False,False,False,not_mentioned,no,not_mentioned,no,not_mentioned,not_mentioned,not_mentioned,not_mentioned,not_mentioned,not_mentioned
Amy M NDE 9647,nderf,data\nderf\05208_amy-m-nde-9647.json,Indeterminate,0,False,False,False,not_your_time,not_mentioned,no,no,not_mentioned,not_mentioned,not_mentioned,not_mentioned,not_mentioned,no
Richard E NDE 9648,nderf,data\nderf\05209_richard-e-nde-9648.json,Indeterminate,0,False,False,False,not_mentioned,no,no,no,not_mentioned,not_mentioned,not_mentioned,not_mentioned,not_mentioned,no
Barry S Probable NDE 9649,nderf,data\nderf\05210_barry-s-probable-nde-9649.json,Indeterminate,0,False,False,False,not_your_time,no,no,no,not_mentioned,not_mentioned,not_mentioned,not_mentioned,not_mentioned,no
Kim N NDE 9659,nderf,data\nderf\05216_kim-n-nde-9659.json,Indeterminate,0,False,False,False,family_responsibility,not_mentioned,not_mentioned,no,not_mentioned,not_mentioned,not_mentioned,not_mentioned,none,no
Heather T NDE 9662,nderf,data\nderf\05218_heather-t-nde-9662.json,Indeterminate,0,False,False,False,not_mentioned,no,not_mentioned,no,not_mentioned,not_mentioned,not_mentioned,not_mentioned,not_mentioned,not_mentioned
Clive H NDE 9682,nderf,data\nderf\05221_clive-h-nde-9682.json,Indeterminate,0,False,False,False,not_mentioned,no,no,no,not_mentioned,not_mentioned,not_mentioned,no,none,no
Alan S NDE 9685,nderf,data\nderf\05222_alan-s-nde-9685.json,Indeterminate,0,False,False,False,not_mentioned,not_mentioned,not_mentioned,not_mentioned,not_mentioned,not_mentioned,not_mentioned,not_mentioned,not_mentioned,not_mentioned
Daniel W NDE 9691,nderf,data\nderf\05223_daniel-w-nde-9691.json,Indeterminate,0,False,False,False,not_mentioned,no,no,no,not_mentioned,not_mentioned,not_mentioned,no,not_mentioned,no
Michaela J Probable NDE 9670,nderf,data\nderf\05224_michaela-j-probable-nde-9670.json,Indeterminate,0,False,False,False,not_mentioned,not_mentioned,not_mentioned,not_mentioned,not_mentioned,not_mentioned,not_mentioned,not_mentioned,not_mentioned,not_mentioned
Rebecca P Other 9692 NDE 9692,nderf,data\nderf\05227_rebecca-p-other-9692-nde-9692.json,Indeterminate,0,False,False,False,other,implied,no,no,not_mentioned,not_mentioned,not_mentioned,not_mentioned,not_mentioned,no
Dr. Samuel R NDE 9698,nderf,data\nderf\05233_dr-samuel-r-nde-9698.json,Indeterminate,0,False,False,False,not_your_time,no,not_mentioned,no,not_mentioned,not_mentioned,not_mentioned,not_mentioned,not_mentioned,not_mentioned
Jairo G NDE 9701,nderf,data\nderf\05234_jairo-g-nde-9701.json,Indeterminate,0,False,False,False,family_responsibility,yes_explicit,no,not_mentioned,not_mentioned,not_mentioned,not_mentioned,not_mentioned,not_mentioned,no
Robin T NDE 9702,nderf,data\nderf\05235_robin-t-nde-9702.json,Indeterminate,0,False,False,False,other,no,no,no,not_mentioned,not_mentioned,not_mentioned,not_mentioned,not_mentioned,no
Courtney B Probable NDE 9705,nderf,data\nderf\05236_courtney-b-probable-nde-9705.json,Indeterminate,0,False,False,False,not_mentioned,no,no,not_mentioned,not_mentioned,not_mentioned,not_mentioned,not_mentioned,none,no
Victor K Probable NDE 9699,nderf,data\nderf\05237_victor-k-probable-nde-9699.json,Indeterminate,0,False,False,False,family_responsibility,no,not_mentioned,no,not_mentioned,not_mentioned,not_mentioned,not_mentioned,not_mentioned,not_mentioned
Peter F Probable NDE 9707,nderf,data\nderf\05238_peter-f-probable-nde-9707.json,Indeterminate,0,False,False,False,family_responsibility,implied,no,no,not_mentioned,not_mentioned,not_mentioned,not_mentioned,not_mentioned,no
Hugo R NDE 9710,nderf,data\nderf\05242_hugo-r-nde-9710.json,Indeterminate,0,False,False,False,not_mentioned,not_mentioned,not_mentioned,no,not_mentioned,not_mentioned,not_mentioned,not_mentioned,not_mentioned,not_mentioned
Maria G NDE 9711,nderf,data\nderf\05243_maria-g-nde-9711.json,Indeterminate,0,False,False,False,other,implied,no,no,not_mentioned,not_mentioned,not_mentioned,implied,not_mentioned,not_mentioned
Volker F Probable NDE 9715,nderf,data\nderf\05244_volker-f-probable-nde-9715.json,Indeterminate,0,False,False,False,no_reason_given,no,not_mentioned,no,not_mentioned,not_mentioned,not_mentioned,not_mentioned,not_mentioned,no
Ken M NDE 9720,nderf,data\nderf\05247_ken-m-nde-9720.json,Indeterminate,0,False,False,False,not_mentioned,no,not_mentioned,no,not_mentioned,not_mentioned,not_mentioned,not_mentioned,not_mentioned,not_mentioned
Trent C Probable NDE 9725,nderf,data\nderf\05250_trent-c-probable-nde-9725.json,Indeterminate,0,False,False,False,family_responsibility,no,no,no,not_mentioned,not_mentioned,not_mentioned,not_mentioned,not_mentioned,not_mentioned
Harry W NDE 19059,nderf,data\nderf\05251_harry-w-nde-19059.json,Indeterminate,0,False,False,False,no_reason_given,no,no,no,not_mentioned,not_mentioned,not_mentioned,not_mentioned,not_mentioned,no
E.A. C FDE 9726 NDE 9726,nderf,data\nderf\05252_e-a-c-fde-9726-nde-9726.json,Indeterminate,0,False,False,False,not_mentioned,not_mentioned,not_mentioned,no,not_mentioned,not_mentioned,not_mentioned,not_mentioned,not_mentioned,not_mentioned
Pooja V NDE 9727,nderf,data\nderf\05253_pooja-v-nde-9727.json,Indeterminate,0,False,False,False,not_mentioned,no,no,no,not_mentioned,not_mentioned,not_mentioned,not_mentioned,not_mentioned,no
Dr. Martina F Probable NDE 9728,nderf,data\nderf\05254_dr-martina-f-probable-nde-9728.json,Indeterminate,0,False,False,False,not_mentioned,no,no,no,not_mentioned,not_mentioned,not_mentioned,not_mentioned,none,no
Dan R NDE 9734,nderf,data\nderf\05256_dan-r-nde-9734.json,Indeterminate,0,False,False,False,family_responsibility,not_mentioned,not_mentioned,not_mentioned,not_mentioned,not_mentioned,not_mentioned,not_mentioned,not_mentioned,not_mentioned
Catherine K NDE 16135,nderf,data\nderf\05257_catherine-k-nde-16135.json,Indeterminate,0,False,False,False,family_responsibility,no,no,no,not_mentioned,not_mentioned,not_mentioned,not_mentioned,none,no
RV Possible NDE 9737,nderf,data\nderf\05259_rv-possible-nde-9737.json,Indeterminate,0,False,False,False,not_mentioned,no,no,no,not_mentioned,not_mentioned,not_mentioned,not_mentioned,not_mentioned,no
Shana M NDE 9741,nderf,data\nderf\05264_shana-m-nde-9741.json,Indeterminate,0,False,False,False,not_mentioned,no,no,no,not_mentioned,not_mentioned,not_mentioned,not_mentioned,none,no
Melissa B FDE 9742 NDE 9742,nderf,data\nderf\05265_melissa-b-fde-9742-nde-9742.json,Indeterminate,0,False,False,False,not_mentioned,no,not_mentioned,no,not_mentioned,not_mentioned,not_mentioned,no,not_mentioned,not_mentioned
Russell FDE 9743 NDE 9743,nderf,data\nderf\05266_russell-fde-9743-nde-9743.json,Indeterminate,0,False,False,False,not_mentioned,not_mentioned,not_mentioned,no,not_mentioned,not_mentioned,not_mentioned,not_mentioned,not_mentioned,not_mentioned
Stephen M Probable NDE 9745,nderf,data\nderf\05268_stephen-m-probable-nde-9745.json,Indeterminate,0,False,False,False,other,no,not_mentioned,no,not_mentioned,not_mentioned,not_mentioned,not_mentioned,not_mentioned,not_mentioned
Steven NDE 9752,nderf,data\nderf\05272_steven-nde-9752.json,Indeterminate,0,False,False,False,no_reason_given,no,no,no,not_mentioned,not_mentioned,not_mentioned,not_mentioned,none,no
Simona V NDE 9756,nderf,data\nderf\05273_simona-v-nde-9756.json,Indeterminate,0,False,False,False,not_mentioned,no,not_mentioned,no,not_mentioned,not_mentioned,not_mentioned,not_mentioned,not_mentioned,not_mentioned
Cristina F STE 9759 NDE 9759,nderf,data\nderf\05275_cristina-f-ste-9759-nde-9759.json,Indeterminate,0,False,False,False,not_your_time,yes_explicit,no,no,not_mentioned,not_mentioned,not_mentioned,implied,not_mentioned,not_mentioned
Matt L Probable NDE 9763,nderf,data\nderf\05276_matt-l-probable-nde-9763.json,Indeterminate,0,False,False,False,not_mentioned,not_mentioned,not_mentioned,no,not_mentioned,not_mentioned,not_mentioned,not_mentioned,not_mentioned,no
Sonia M NDE 9766,nderf,data\nderf\05277_sonia-m-nde-9766.json,Indeterminate,0,False,False,False,other,no,no,no,not_mentioned,not_mentioned,not_mentioned,not_mentioned,none,no
Ryan M NDE 9771,nderf,data\nderf\05280_ryan-m-nde-9771.json,Indeterminate,0,False,False,False,not_mentioned,yes_explicit,not_mentioned,no,not_mentioned,not_mentioned,not_mentioned,not_mentioned,not_mentioned,not_mentioned
Alberto C NDE 9777,nderf,data\nderf\05285_alberto-c-nde-9777.json,Indeterminate,0,False,False,False,not_mentioned,no,not_mentioned,no,not_mentioned,not_mentioned,not_mentioned,not_mentioned,not_mentioned,no
Christopher A Probable NDE 9779,nderf,data\nderf\05287_christopher-a-probable-nde-9779.json,Indeterminate,0,False,False,False,family_responsibility,not_mentioned,no,no,not_mentioned,not_mentioned,not_mentioned,not_mentioned,not_mentioned,no
Christopher K Possible NDE 9780,nderf,data\nderf\05288_christopher-k-possible-nde-9780.json,Indeterminate,0,False,False,False,other,no,no,no,not_mentioned,not_mentioned,not_mentioned,no,not_mentioned,no
Ricky B NDE 9781,nderf,data\nderf\05289_ricky-b-nde-9781.json,Indeterminate,0,False,False,False,not_your_time,no,not_mentioned,no,not_mentioned,not_mentioned,not_mentioned,not_mentioned,not_mentioned,no
Aubrey L NDE 9782,nderf,data\nderf\05290_aubrey-l-nde-9782.json,Indeterminate,0,False,False,False,no_reason_given,implied,no,no,not_mentioned,not_mentioned,not_mentioned,not_mentioned,not_mentioned,not_mentioned
Steelley P NDE 9784,nderf,data\nderf\05291_steelley-p-nde-9784.json,Indeterminate,0,False,False,False,not_mentioned,no,not_mentioned,no,not_mentioned,not_mentioned,not_mentioned,not_mentioned,not_mentioned,no
Ryan P NDE 9785,nderf,data\nderf\05292_ryan-p-nde-9785.json,Indeterminate,0,False,False,False,not_mentioned,no,no,no,not_mentioned,not_mentioned,not_mentioned,not_mentioned,not_mentioned,no
Alex T NDE 9790,nderf,data\nderf\05296_alex-t-nde-9790.json,Indeterminate,0,False,False,False,not_mentioned,implied,no,no,not_mentioned,not_mentioned,not_mentioned,not_mentioned,not_mentioned,no
Elizabeth S NDE 9791,nderf,data\nderf\05297_elizabeth-s-nde-9791.json,Indeterminate,0,False,False,False,not_your_time,no,not_mentioned,no,not_mentioned,not_mentioned,not_mentioned,not_mentioned,not_mentioned,not_mentioned
Lewis S Probable NDE 9798,nderf,data\nderf\05304_lewis-s-probable-nde-9798.json,Indeterminate,0,False,False,False,not_mentioned,no,no,no,not_mentioned,not_mentioned,not_mentioned,not_mentioned,not_mentioned,no
Jonathon W NDE 9805,nderf,data\nderf\05309_jonathon-w-nde-9805.json,Indeterminate,0,False,False,False,not_mentioned,no,not_mentioned,no,not_mentioned,not_mentioned,not_mentioned,not_mentioned,not_mentioned,not_mentioned
Errol B NDE 9806,nderf,data\nderf\05310_errol-b-nde-9806.json,Indeterminate,0,False,False,False,no_reason_given,no,no,no,not_mentioned,not_mentioned,not_mentioned,not_mentioned,not_mentioned,no
Nick S NDE 9807,nderf,data\nderf\05311_nick-s-nde-9807.json,Indeterminate,0,False,False,False,not_mentioned,no,not_mentioned,no,not_mentioned,not_mentioned,not_mentioned,not_mentioned,not_mentioned,not_mentioned
Michelle L Probable NDE 9810,nderf,data\nderf\05313_michelle-l-probable-nde-9810.json,Indeterminate,0,False,False,False,no_reason_given,no,no,no,not_mentioned,not_mentioned,not_mentioned,no,not_mentioned,no
Phil R NDE 9816,nderf,data\nderf\05318_phil-r-nde-9816.json,Indeterminate,0,False,False,False,not_mentioned,not_mentioned,not_mentioned,not_mentioned,not_mentioned,not_mentioned,not_mentioned,not_mentioned,not_mentioned,not_mentioned
Buzz Z Probable NDE 9818,nderf,data\nderf\05320_buzz-z-probable-nde-9818.json,Indeterminate,0,False,False,False,not_mentioned,no,not_mentioned,no,not_mentioned,not_mentioned,not_mentioned,explicit,not_mentioned,not_mentioned
Dean W Life-threatening Event 9824 NDE 9824,nderf,data\nderf\05326_dean-w-life-threatening-event-9824-nde-9824.json,Indeterminate,0,False,False,False,not_mentioned,not_mentioned,not_mentioned,no,not_mentioned,not_mentioned,not_mentioned,not_mentioned,not_mentioned,not_mentioned
Devin D Probable NDE 9826,nderf,data\nderf\05327_devin-d-probable-nde-9826.json,Indeterminate,0,False,False,False,not_mentioned,no,not_mentioned,no,not_mentioned,not_mentioned,not_mentioned,not_mentioned,not_mentioned,not_mentioned
Wooter VA Probable NDE 9697,nderf,data\nderf\05330_wooter-va-probable-nde-9697.json,Indeterminate,0,False,False,False,not_your_time,implied,no,not_mentioned,not_mentioned,not_mentioned,not_mentioned,not_mentioned,not_mentioned,no
James L NDE 9830,nderf,data\nderf\05331_james-l-nde-9830.json,Indeterminate,0,False,False,False,not_mentioned,no,no,no,not_mentioned,not_mentioned,not_mentioned,not_mentioned,not_mentioned,not_mentioned
Kali K NDE 9837,nderf,data\nderf\05336_kali-k-nde-9837.json,Indeterminate,0,False,False,False,not_mentioned,not_mentioned,not_mentioned,no,not_mentioned,not_mentioned,not_mentioned,not_mentioned,not_mentioned,not_mentioned
Linda M NDE 9838,nderf,data\nderf\05337_linda-m-nde-9838.json,Indeterminate,0,False,False,False,family_responsibility,no,no,not_mentioned,not_mentioned,not_mentioned,not_mentioned,no,not_mentioned,no
Mark S NDE 9843,nderf,data\nderf\05341_mark-s-nde-9843.json,Indeterminate,0,False,False,False,not_mentioned,no,not_mentioned,no,not_mentioned,not_mentioned,not_mentioned,no,not_mentioned,no
Jono H Probable NDE 9846,nderf,data\nderf\05342_jono-h-probable-nde-9846.json,Indeterminate,0,False,False,False,not_your_time,no,not_mentioned,no,not_mentioned,not_mentioned,not_mentioned,not_mentioned,not_mentioned,no
Robert RB NDE 9848,nderf,data\nderf\05343_robert-rb-nde-9848.json,Indeterminate,0,False,False,False,not_your_time,no,no,not_mentioned,not_mentioned,not_mentioned,not_mentioned,no,none,no
Jose VS NDE 9851,nderf,data\nderf\05344_jose-vs-nde-9851.json,Indeterminate,0,False,False,False,not_mentioned,no,no,no,not_mentioned,not_mentioned,not_mentioned,no,not_mentioned,no
Valerie S NDE 9852,nderf,data\nderf\05346_valerie-s-nde-9852.json,Indeterminate,0,False,False,False,not_mentioned,not_mentioned,not_mentioned,not_mentioned,not_mentioned,not_mentioned,not_mentioned,explicit,not_mentioned,no
Marcy B NDE 9857 & 9860,nderf,data\nderf\05349_marcy-b-nde-9857-9860.json,Indeterminate,0,False,False,False,not_your_time,no,no,no,not_mentioned,not_mentioned,not_mentioned,not_mentioned,none,no
Vicki G NDE 9862,nderf,data\nderf\05354_vicki-g-nde-9862.json,Indeterminate,0,False,False,False,not_mentioned,no,not_mentioned,no,not_mentioned,not_mentioned,not_mentioned,not_mentioned,not_mentioned,not_mentioned
Bevery L NDE 9865,nderf,data\nderf\05355_bevery-l-nde-9865.json,Indeterminate,0,False,False,False,family_responsibility,not_mentioned,not_mentioned,no,not_mentioned,not_mentioned,not_mentioned,not_mentioned,not_mentioned,not_mentioned
Samantha S NDE 9869,nderf,data\nderf\05357_samantha-s-nde-9869.json,Indeterminate,0,False,False,False,not_mentioned,no,not_mentioned,no,not_mentioned,not_mentioned,not_mentioned,implied,not_mentioned,no
Margie C Probable NDE 9878,nderf,data\nderf\05362_margie-c-probable-nde-9878.json,Indeterminate,0,False,False,False,not_mentioned,no,not_mentioned,no,not_mentioned,not_mentioned,not_mentioned,not_mentioned,not_mentioned,no
Alexander H NDE 9881,nderf,data\nderf\05365_alexander-h-nde-9881.json,Indeterminate,0,False,False,False,not_your_time,no,no,no,not_mentioned,not_mentioned,not_mentioned,not_mentioned,not_mentioned,not_mentioned
Flora K STE 9882 NDE 9882,nderf,data\nderf\05366_flora-k-ste-9882-nde-9882.json,Indeterminate,0,False,False,False,not_mentioned,no,no,no,not_mentioned,not_mentioned,not_mentioned,not_mentioned,none,no
Nikita P NDE 9899,nderf,data\nderf\05367_nikita-p-nde-9899.json,Indeterminate,0,False,False,False,other,no,no,no,not_mentioned,not_mentioned,not_mentioned,not_mentioned,none,no
Wendy Z SDE 9907 NDE 9907,nderf,data\nderf\05376_wendy-z-sde-9907-nde-9907.json,Indeterminate,0,False,False,False,no_reason_given,not_mentioned,not_mentioned,no,not_mentioned,not_mentioned,not_mentioned,not_mentioned,not_mentioned,not_mentioned
Carolyn Probable NDE 9921,nderf,data\nderf\05383_carolyn-probable-nde-9921.json,Indeterminate,0,False,False,False,not_mentioned,implied,no,no,not_mentioned,not_mentioned,not_mentioned,not_mentioned,not_mentioned,not_mentioned
Mohammad R NDE 9924,nderf,data\nderf\05386_mohammad-r-nde-9924.json,Indeterminate,0,False,False,False,family_responsibility,no,not_mentioned,no,not_mentioned,not_mentioned,not_mentioned,not_mentioned,not_mentioned,not_mentioned
Ricardo C Probable NDE 9929,nderf,data\nderf\05387_ricardo-c-probable-nde-9929.json,Indeterminate,0,False,False,False,not_your_time,not_mentioned,not_mentioned,no,not_mentioned,not_mentioned,not_mentioned,not_mentioned,not_mentioned,not_mentioned
Grant M Probable NDE 9931,nderf,data\nderf\05388_grant-m-probable-nde-9931.json,Indeterminate,0,False,False,False,other,no,not_mentioned,no,not_mentioned,not_mentioned,not_mentioned,not_mentioned,none,no
Jeff C NDE 9932,nderf,data\nderf\05389_jeff-c-nde-9932.json,Indeterminate,0,False,False,False,not_mentioned,not_mentioned,not_mentioned,not_mentioned,not_mentioned,not_mentioned,not_mentioned,not_mentioned,none,no
Darry H NDE 9933,nderf,data\nderf\05390_darry-h-nde-9933.json,Indeterminate,0,False,False,False,not_mentioned,no,no,no,not_mentioned,not_mentioned,not_mentioned,not_mentioned,not_mentioned,no
Jeff G Probable NDE 9938,nderf,data\nderf\05393_jeff-g-probable-nde-9938.json,Indeterminate,0,False,False,False,not_mentioned,implied,no,not_mentioned,not_mentioned,not_mentioned,not_mentioned,not_mentioned,not_mentioned,no
Daniel G NDE 9941,nderf,data\nderf\05395_daniel-g-nde-9941.json,Indeterminate,0,False,False,False,no_reason_given,no,no,no,not_mentioned,not_mentioned,not_mentioned,not_mentioned,not_mentioned,not_mentioned
Damon H NDE 9943,nderf,data\nderf\05397_damon-h-nde-9943.json,Indeterminate,0,False,False,False,no_reason_given,not_mentioned,no,no,not_mentioned,not_mentioned,not_mentioned,not_mentioned,not_mentioned,no
Faith I Possible NDE 9945,nderf,data\nderf\05399_faith-i-possible-nde-9945.json,Indeterminate,0,False,False,False,other,no,no,no,not_mentioned,not_mentioned,not_mentioned,no,none,no
Jeff G FDE 9947 NDE 9947,nderf,data\nderf\05401_jeff-g-fde-9947-nde-9947.json,Indeterminate,0,False,False,False,other,implied,no,no,not_mentioned,not_mentioned,not_mentioned,not_mentioned,not_mentioned,no
Kenneth M FDE 9949 NDE 9949,nderf,data\nderf\05402_kenneth-m-fde-9949-nde-9949.json,Indeterminate,0,False,False,False,not_mentioned,no,not_mentioned,no,not_mentioned,not_mentioned,not_mentioned,not_mentioned,not_mentioned,not_mentioned
Wilma NDE 9952,nderf,data\nderf\05404_wilma-nde-9952.json,Indeterminate,0,False,False,False,other,no,no,no,not_mentioned,not_mentioned,not_mentioned,no,not_mentioned,no
Claudio D NDE 9954,nderf,data\nderf\05405_claudio-d-nde-9954.json,Indeterminate,0,False,False,False,not_mentioned,no,not_mentioned,no,not_mentioned,not_mentioned,not_mentioned,not_mentioned,not_mentioned,not_mentioned
Joseph Y NDE 9962,nderf,data\nderf\05409_joseph-y-nde-9962.json,Indeterminate,0,False,False,False,not_mentioned,no,not_mentioned,no,not_mentioned,not_mentioned,not_mentioned,not_mentioned,not_mentioned,not_mentioned
Anthony V NDE 9963,nderf,data\nderf\05410_anthony-v-nde-9963.json,Indeterminate,0,False,False,False,not_mentioned,no,no,no,not_mentioned,not_mentioned,not_mentioned,not_mentioned,not_mentioned,no
David H NDE 9964,nderf,data\nderf\05411_david-h-nde-9964.json,Indeterminate,0,False,False,False,not_your_time,no,no,no,not_mentioned,not_mentioned,not_mentioned,not_mentioned,not_mentioned,no
Deborah K Probable NDE 9968,nderf,data\nderf\05413_deborah-k-probable-nde-9968.json,Indeterminate,0,False,False,False,not_your_time,no,no,no,not_mentioned,not_mentioned,not_mentioned,no,not_mentioned,not_mentioned
Blaire W NDE 9970,nderf,data\nderf\05415_blaire-w-nde-9970.json,Indeterminate,0,False,False,False,other,implied,no,no,not_mentioned,not_mentioned,not_mentioned,not_mentioned,not_mentioned,not_mentioned
Lisa NU NDE 9973,nderf,data\nderf\05418_lisa-nu-nde-9973.json,Indeterminate,0,False,False,False,family_responsibility,no,not_mentioned,no,not_mentioned,not_mentioned,not_mentioned,not_mentioned,not_mentioned,not_mentioned
Danielle C Probable NDE 9979,nderf,data\nderf\05421_danielle-c-probable-nde-9979.json,Indeterminate,0,False,False,False,not_mentioned,no,not_mentioned,no,not_mentioned,not_mentioned,not_mentioned,not_mentioned,not_mentioned,no
Brent H NDE 9981,nderf,data\nderf\05423_brent-h-nde-9981.json,Indeterminate,0,False,False,False,not_your_time,implied,no,not_mentioned,not_mentioned,not_mentioned,not_mentioned,not_mentioned,not_mentioned,not_mentioned
Claire W NDE 9984,nderf,data\nderf\05426_claire-w-nde-9984.json,Indeterminate,0,False,False,False,no_reason_given,no,no,no,not_mentioned,not_mentioned,not_mentioned,not_mentioned,none,no
Earl S Anesthesia 9990 NDE 9990,nderf,data\nderf\05430_earl-s-anesthesia-9990-nde-9990.json,Indeterminate,0,False,False,False,not_mentioned,no,not_mentioned,no,not_mentioned,not_mentioned,not_mentioned,implied,not_mentioned,not_mentioned
Hank M's Wife's STE 9994 NDE 9994,nderf,data\nderf\05433_hank-m-s-wife-s-ste-9994-nde-9994.json,Indeterminate,0,False,False,False,not_mentioned,not_mentioned,not_mentioned,no,not_mentioned,not_mentioned,not_mentioned,not_mentioned,not_mentioned,not_mentioned
Patricia SR NDE 9995,nderf,data\nderf\05434_patricia-sr-nde-9995.json,Indeterminate,0,False,False,False,no_reason_given,not_mentioned,not_mentioned,not_mentioned,not_mentioned,not_mentioned,not_mentioned,no,not_mentioned,not_mentioned
Greyson PC Probable NDE 13007,nderf,data\nderf\05443_greyson-pc-probable-nde-13007.json,Indeterminate,0,False,False,False,not_mentioned,no,not_mentioned,no,not_mentioned,not_mentioned,not_mentioned,not_mentioned,not_mentioned,no
Sal S Probable NDE 13014,nderf,data\nderf\05447_sal-s-probable-nde-13014.json,Indeterminate,0,False,False,False,not_mentioned,no,no,no,not_mentioned,not_mentioned,not_mentioned,not_mentioned,not_mentioned,no
Jeff F NDE 13016,nderf,data\nderf\05449_jeff-f-nde-13016.json,Indeterminate,0,False,False,False,no_reason_given,no,not_mentioned,no,not_mentioned,not_mentioned,not_mentioned,not_mentioned,not_mentioned,not_mentioned
Karen O NDE 13017,nderf,data\nderf\05450_karen-o-nde-13017.json,Indeterminate,0,False,False,False,not_mentioned,not_mentioned,not_mentioned,no,not_mentioned,not_mentioned,not_mentioned,not_mentioned,not_mentioned,not_mentioned
Brandy P Probable NDE 13020,nderf,data\nderf\05452_brandy-p-probable-nde-13020.json,Indeterminate,0,False,False,False,no_reason_given,no,no,no,not_mentioned,not_mentioned,not_mentioned,implied,not_mentioned,no
Rebecca H Probable NDE 13025,nderf,data\nderf\05455_rebecca-h-probable-nde-13025.json,Indeterminate,0,False,False,False,not_mentioned,no,no,no,not_mentioned,not_mentioned,not_mentioned,no,not_mentioned,no
Lazarus NDE 13027,nderf,data\nderf\05456_lazarus-nde-13027.json,Indeterminate,0,False,False,False,other,yes_explicit,no,no,not_mentioned,not_mentioned,not_mentioned,not_mentioned,not_mentioned,not_mentioned
Darren R NDE 13035,nderf,data\nderf\05461_darren-r-nde-13035.json,Indeterminate,0,False,False,False,not_mentioned,not_mentioned,not_mentioned,no,not_mentioned,not_mentioned,not_mentioned,not_mentioned,not_mentioned,not_mentioned
Susan T NDE 13048,nderf,data\nderf\05467_susan-t-nde-13048.json,Indeterminate,0,False,False,False,not_mentioned,no,not_mentioned,no,not_mentioned,not_mentioned,not_mentioned,not_mentioned,not_mentioned,no
James C NDE 13050,nderf,data\nderf\05469_james-c-nde-13050.json,Indeterminate,0,False,False,False,not_mentioned,no,not_mentioned,no,not_mentioned,not_mentioned,not_mentioned,not_mentioned,not_mentioned,not_mentioned
Gary G NDE 13054,nderf,data\nderf\05470_gary-g-nde-13054.json,Indeterminate,0,False,False,False,not_your_time,not_mentioned,not_mentioned,no,not_mentioned,not_mentioned,not_mentioned,not_mentioned,not_mentioned,not_mentioned
Thangam K NDE 13058,nderf,data\nderf\05471_thangam-k-nde-13058.json,Indeterminate,0,False,False,False,not_your_time,not_mentioned,no,not_mentioned,not_mentioned,not_mentioned,not_mentioned,implied,not_mentioned,not_mentioned
Penny D NDE 13062,nderf,data\nderf\05473_penny-d-nde-13062.json,Indeterminate,0,False,False,False,not_mentioned,no,no,no,not_mentioned,not_mentioned,not_mentioned,no,not_mentioned,no
Lina R Probable NDE 13065,nderf,data\nderf\05476_lina-r-probable-nde-13065.json,Indeterminate,0,False,False,False,not_your_time,no,no,no,not_mentioned,not_mentioned,not_mentioned,not_mentioned,not_mentioned,not_mentioned
Georgiana C NDE 13070,nderf,data\nderf\05480_georgiana-c-nde-13070.json,Indeterminate,0,False,False,False,other,not_mentioned,no,no,not_mentioned,not_mentioned,not_mentioned,not_mentioned,not_mentioned,not_mentioned
Debra B Probable NDE 32757,nderf,data\nderf\05481_debra-b-probable-nde-32757.json,Indeterminate,0,False,False,False,other,no,no,not_mentioned,not_mentioned,not_mentioned,not_mentioned,not_mentioned,not_mentioned,not_mentioned
Tony F FDE 13073 NDE 13073,nderf,data\nderf\05483_tony-f-fde-13073-nde-13073.json,Indeterminate,0,False,False,False,not_mentioned,no,no,not_mentioned,not_mentioned,not_mentioned,not_mentioned,not_mentioned,not_mentioned,no
Thomas T Probable NDE 13078,nderf,data\nderf\05486_thomas-t-probable-nde-13078.json,Indeterminate,0,False,False,False,not_mentioned,no,no,not_mentioned,not_mentioned,not_mentioned,not_mentioned,not_mentioned,none,no
Orlando M NDE 13079,nderf,data\nderf\05487_orlando-m-nde-13079.json,Indeterminate,0,False,False,False,not_mentioned,no,not_mentioned,no,not_mentioned,not_mentioned,not_mentioned,not_mentioned,not_mentioned,no
Fia Probable NDE 13083,nderf,data\nderf\05490_fia-probable-nde-13083.json,Indeterminate,0,False,False,False,not_your_time,no,no,no,not_mentioned,not_mentioned,not_mentioned,no,none,no
Seán O NDE 13085,nderf,data\nderf\05492_se-n-o-nde-13085.json,Indeterminate,0,False,False,False,family_responsibility,implied,no,no,not_mentioned,not_mentioned,not_mentioned,no,none,no
Sim M FDE 13090 NDE 13090,nderf,data\nderf\05495_sim-m-fde-13090-nde-13090.json,Indeterminate,0,False,False,False,no_reason_given,no,no,no,not_mentioned,not_mentioned,not_mentioned,no,not_mentioned,no
Sam B NDE 13094,nderf,data\nderf\05496_sam-b-nde-13094.json,Indeterminate,0,False,False,False,not_mentioned,no,no,not_mentioned,not_mentioned,not_mentioned,not_mentioned,not_mentioned,not_mentioned,not_mentioned
William H NDE 13096,nderf,data\nderf\05497_william-h-nde-13096.json,Indeterminate,0,False,False,False,not_your_time,not_mentioned,not_mentioned,no,not_mentioned,not_mentioned,not_mentioned,implied,not_mentioned,not_mentioned
A S NDE 13103,nderf,data\nderf\05501_a-s-nde-13103.json,Indeterminate,0,False,False,False,not_mentioned,no,not_mentioned,no,not_mentioned,not_mentioned,not_mentioned,not_mentioned,not_mentioned,no
Charles K NDE 13106,nderf,data\nderf\05503_charles-k-nde-13106.json,Indeterminate,0,False,False,False,other,not_mentioned,not_mentioned,no,not_mentioned,not_mentioned,not_mentioned,not_mentioned,not_mentioned,not_mentioned
Mónica FD NDE 13108,nderf,data\nderf\05505_m-nica-fd-nde-13108.json,Indeterminate,0,False,False,False,family_responsibility,yes_explicit,no,no,not_mentioned,not_mentioned,not_mentioned,not_mentioned,none,no
Kerry A NDE 13112,nderf,data\nderf\05507_kerry-a-nde-13112.json,Indeterminate,0,False,False,False,no_reason_given,no,not_mentioned,not_mentioned,not_mentioned,not_mentioned,not_mentioned,not_mentioned,not_mentioned,not_mentioned
Tanya J Probable NDE 13116,nderf,data\nderf\05509_tanya-j-probable-nde-13116.json,Indeterminate,0,False,False,False,not_mentioned,not_mentioned,not_mentioned,not_mentioned,not_mentioned,not_mentioned,not_mentioned,no,not_mentioned,not_mentioned
Matthew L FDE 13119 NDE 13119,nderf,data\nderf\05510_matthew-l-fde-13119-nde-13119.json,Indeterminate,0,False,False,False,not_mentioned,not_mentioned,not_mentioned,not_mentioned,not_mentioned,not_mentioned,not_mentioned,not_mentioned,not_mentioned,not_mentioned
Richie F NDE 13127,nderf,data\nderf\05516_richie-f-nde-13127.json,Indeterminate,0,False,False,False,not_mentioned,implied,not_mentioned,no,not_mentioned,not_mentioned,not_mentioned,not_mentioned,not_mentioned,not_mentioned
Harshit P Probable NDE 13128,nderf,data\nderf\05517_harshit-p-probable-nde-13128.json,Indeterminate,0,False,False,False,family_responsibility,no,no,no,not_mentioned,not_mentioned,not_mentioned,not_mentioned,not_mentioned,not_mentioned
Rachel R STE 13137 NDE 13137,nderf,data\nderf\05521_rachel-r-ste-13137-nde-13137.json,Indeterminate,0,False,False,False,not_your_time,implied,no,no,not_mentioned,not_mentioned,not_mentioned,not_mentioned,none,no
Ainsley S NDE 13138,nderf,data\nderf\05522_ainsley-s-nde-13138.json,Indeterminate,0,False,False,False,not_mentioned,no,no,no,not_mentioned,not_mentioned,not_mentioned,not_mentioned,not_mentioned,no
Maria NDE 13141,nderf,data\nderf\05524_maria-nde-13141.json,Indeterminate,0,False,False,False,not_mentioned,no,no,no,not_mentioned,not_mentioned,not_mentioned,not_mentioned,not_mentioned,not_mentioned
Ronnie G NDE 13151,nderf,data\nderf\05530_ronnie-g-nde-13151.json,Indeterminate,0,False,False,False,not_mentioned,not_mentioned,not_mentioned,no,not_mentioned,not_mentioned,not_mentioned,not_mentioned,not_mentioned,no
Andrea K Probable NDE 13156,nderf,data\nderf\05531_andrea-k-probable-nde-13156.json,Indeterminate,0,False,False,False,not_mentioned,no,no,no,not_mentioned,not_mentioned,not_mentioned,not_mentioned,not_mentioned,no
Todd H NDE 13162,nderf,data\nderf\05533_todd-h-nde-13162.json,Indeterminate,0,False,False,False,not_mentioned,no,no,no,not_mentioned,not_mentioned,not_mentioned,no,none,no
Souma S Possible NDE 13164,nderf,data\nderf\05535_souma-s-possible-nde-13164.json,Indeterminate,0,False,False,False,not_mentioned,no,not_mentioned,no,not_mentioned,not_mentioned,not_mentioned,not_mentioned,not_mentioned,no
Michael C FDE 13166 NDE 13166,nderf,data\nderf\05536_michael-c-fde-13166-nde-13166.json,Indeterminate,0,False,False,False,not_mentioned,no,not_mentioned,no,not_mentioned,not_mentioned,not_mentioned,not_mentioned,not_mentioned,not_mentioned
Wanda V STE 13172 NDE 13172,nderf,data\nderf\05539_wanda-v-ste-13172-nde-13172.json,Indeterminate,0,False,False,False,not_mentioned,no,no,no,not_mentioned,not_mentioned,not_mentioned,not_mentioned,not_mentioned,not_mentioned
Robby W Probable NDE 16137,nderf,data\nderf\05545_robby-w-probable-nde-16137.json,Indeterminate,0,False,False,False,no_reason_given,no,no,no,not_mentioned,not_mentioned,not_mentioned,not_mentioned,none,no
John-Clement G NDE 13186,nderf,data\nderf\05549_john-clement-g-nde-13186.json,Indeterminate,0,False,False,False,not_mentioned,not_mentioned,not_mentioned,no,not_mentioned,not_mentioned,not_mentioned,not_mentioned,not_mentioned,no
Steve M NDE 13188,nderf,data\nderf\05550_steve-m-nde-13188.json,Indeterminate,0,False,False,False,no_reason_given,no,no,no,not_mentioned,not_mentioned,not_mentioned,no,none,no
Mr. C NDE 13191,nderf,data\nderf\05552_mr-c-nde-13191.json,Indeterminate,0,False,False,False,other,implied,not_mentioned,no,not_mentioned,not_mentioned,not_mentioned,not_mentioned,not_mentioned,not_mentioned
Charles D Possible NDE 13194,nderf,data\nderf\05554_charles-d-possible-nde-13194.json,Indeterminate,0,False,False,False,not_mentioned,no,no,no,not_mentioned,not_mentioned,not_mentioned,not_mentioned,not_mentioned,no
Florence C NDE 13196,nderf,data\nderf\05555_florence-c-nde-13196.json,Indeterminate,0,False,False,False,no_reason_given,no,no,no,not_mentioned,not_mentioned,not_mentioned,not_mentioned,not_mentioned,no
Penny W NDE 13197,nderf,data\nderf\05556_penny-w-nde-13197.json,Indeterminate,0,False,False,False,not_mentioned,yes_explicit,no,no,not_mentioned,not_mentioned,not_mentioned,not_mentioned,not_mentioned,not_mentioned
John K NDE 16138,nderf,data\nderf\05557_john-k-nde-16138.json,Indeterminate,0,False,False,False,not_mentioned,not_mentioned,not_mentioned,not_mentioned,not_mentioned,not_mentioned,not_mentioned,not_mentioned,not_mentioned,not_mentioned
Freddy B NDE 13201,nderf,data\nderf\05560_freddy-b-nde-13201.json,Indeterminate,0,False,False,False,not_mentioned,no,not_mentioned,no,not_mentioned,not_mentioned,not_mentioned,explicit,not_mentioned,no
Lalita B NDE 13203,nderf,data\nderf\05562_lalita-b-nde-13203.json,Indeterminate,0,False,False,False,family_responsibility,not_mentioned,not_mentioned,no,not_mentioned,not_mentioned,not_mentioned,not_mentioned,not_mentioned,not_mentioned
Georgina R NDE 13204,nderf,data\nderf\05563_georgina-r-nde-13204.json,Indeterminate,0,False,False,False,not_your_time,not_mentioned,no,no,not_mentioned,not_mentioned,not_mentioned,not_mentioned,not_mentioned,not_mentioned
Brent D NDE 13210,nderf,data\nderf\05568_brent-d-nde-13210.json,Indeterminate,0,False,False,False,not_mentioned,no,no,no,not_mentioned,not_mentioned,not_mentioned,no,not_mentioned,no
Nicky NDE vs Drug Experience 13211 NDE 13211,nderf,data\nderf\05569_nicky-nde-vs-drug-experience-13211-nde-13211.json,Indeterminate,0,False,False,False,other,no,no,no,not_mentioned,not_mentioned,not_mentioned,no,not_mentioned,no
Edward B Possible NDE 13212,nderf,data\nderf\05570_edward-b-possible-nde-13212.json,Indeterminate,0,False,False,False,not_mentioned,no,not_mentioned,no,not_mentioned,not_mentioned,not_mentioned,not_mentioned,not_mentioned,not_mentioned
Bonnie K NDE 13217,nderf,data\nderf\05575_bonnie-k-nde-13217.json,Indeterminate,0,False,False,False,other,implied,no,no,not_mentioned,not_mentioned,not_mentioned,not_mentioned,not_mentioned,no
Louis T Mother's NDE 13223,nderf,data\nderf\05578_louis-t-mother-s-nde-13223.json,Indeterminate,0,False,False,False,not_your_time,no,no,no,not_mentioned,not_mentioned,not_mentioned,not_mentioned,not_mentioned,no
James W NDE 13221,nderf,data\nderf\05579_james-w-nde-13221.json,Indeterminate,0,False,False,False,not_your_time,implied,no,no,not_mentioned,not_mentioned,not_mentioned,no,not_mentioned,not_mentioned
Steven C Possible NDE 13222,nderf,data\nderf\05580_steven-c-possible-nde-13222.json,Indeterminate,0,False,False,False,not_mentioned,not_mentioned,not_mentioned,no,not_mentioned,not_mentioned,not_mentioned,not_mentioned,not_mentioned,no
Greg W NDE 13225,nderf,data\nderf\05582_greg-w-nde-13225.json,Indeterminate,0,False,False,False,not_your_time,no,no,no,not_mentioned,not_mentioned,not_mentioned,not_mentioned,not_mentioned,not_mentioned
Gayle D NDE 13242,nderf,data\nderf\05592_gayle-d-nde-13242.json,Indeterminate,0,False,False,False,no_reason_given,no,not_mentioned,no,not_mentioned,not_mentioned,not_mentioned,not_mentioned,not_mentioned,no
Robert C NDE 150,nderf,data\nderf\06650_robert-c-nde.json,Indeterminate,0,False,False,False,not_mentioned,not_mentioned,not_mentioned,not_mentioned,not_mentioned,not_mentioned,not_mentioned,not_mentioned,not_mentioned,not_mentioned
Fiona M Probable NDE 8296,nderf,data\nderf\08296_fiona-m-probable-nde-8296.json,Indeterminate,0,False,False,False,family_responsibility,no,no,no,not_mentioned,not_mentioned,not_mentioned,not_mentioned,not_mentioned,not_mentioned
Bill S Possible NDE 8542,nderf,data\nderf\08542_bill-s-possible-nde-8542.json,Indeterminate,0,False,False,False,not_mentioned,not_mentioned,not_mentioned,not_mentioned,not_mentioned,not_mentioned,not_mentioned,not_mentioned,not_mentioned,not_mentioned
Az NDE 58,nderf,data\nderf\10009_az-nde-58.json,Indeterminate,0,False,False,False,not_your_time,not_mentioned,not_mentioned,no,not_mentioned,not_mentioned,not_mentioned,not_mentioned,not_mentioned,no
Jennifer NDE 55,nderf,data\nderf\10011_jennifer-nde-55.json,Indeterminate,0,False,False,False,other,not_mentioned,not_mentioned,not_mentioned,not_mentioned,not_mentioned,not_mentioned,implied,not_mentioned,not_mentioned
Delona NDE 48,nderf,data\nderf\10015_delona-nde-48.json,Indeterminate,0,False,False,False,family_responsibility,no,no,no,not_mentioned,not_mentioned,not_mentioned,not_mentioned,not_mentioned,no
Patti NDE 33,nderf,data\nderf\10017_patti-nde-33.json,Indeterminate,0,False,False,False,family_responsibility,implied,no,no,not_mentioned,not_mentioned,not_mentioned,not_mentioned,not_mentioned,no
Déjà Vu Experience 31 NDE 31,nderf,data\nderf\10018_d-j-vu-experience-31-nde-31.json,Indeterminate,0,False,False,False,not_mentioned,not_mentioned,not_mentioned,not_mentioned,not_mentioned,not_mentioned,not_mentioned,not_mentioned,not_mentioned,not_mentioned
Minister NDE 29,nderf,data\nderf\10020_minister-nde-29.json,Indeterminate,0,False,False,False,not_your_time,no,no,no,not_mentioned,not_mentioned,not_mentioned,not_mentioned,none,no
Cynthia NDE 28,nderf,data\nderf\10021_cynthia-nde-28.json,Indeterminate,0,False,False,False,not_mentioned,not_mentioned,not_mentioned,not_mentioned,not_mentioned,not_mentioned,not_mentioned,not_mentioned,not_mentioned,not_mentioned
Brad K NDE 27,nderf,data\nderf\10022_brad-k-nde-27.json,Indeterminate,0,False,False,False,other,implied,no,not_mentioned,not_mentioned,not_mentioned,not_mentioned,not_mentioned,not_mentioned,not_mentioned
Donna NDE 25,nderf,data\nderf\10024_donna-nde-25.json,Indeterminate,0,False,False,False,other,yes_explicit,no,no,not_mentioned,not_mentioned,not_mentioned,not_mentioned,not_mentioned,no
David NDE 24,nderf,data\nderf\10025_david-nde-24.json,Indeterminate,0,False,False,False,not_mentioned,not_mentioned,not_mentioned,no,not_mentioned,not_mentioned,not_mentioned,not_mentioned,not_mentioned,no
Joe NDE 19,nderf,data\nderf\10029_joe-nde-19.json,Indeterminate,0,False,False,False,not_your_time,no,not_mentioned,not_mentioned,not_mentioned,not_mentioned,not_mentioned,not_mentioned,not_mentioned,not_mentioned
Mary NDE 13,nderf,data\nderf\10034_mary-nde-13.json,Indeterminate,0,False,False,False,family_responsibility,no,no,no,not_mentioned,not_mentioned,not_mentioned,not_mentioned,not_mentioned,no
Paul NDE 12,nderf,data\nderf\10035_paul-nde-12.json,Indeterminate,0,False,False,False,not_your_time,no,no,not_mentioned,not_mentioned,not_mentioned,not_mentioned,not_mentioned,not_mentioned,no
Prisoner NDE 11,nderf,data\nderf\10036_prisoner-nde-11.json,Indeterminate,0,False,False,False,not_mentioned,no,no,no,not_mentioned,not_mentioned,not_mentioned,not_mentioned,not_mentioned,no
In the Divine Light 6 NDE 6,nderf,data\nderf\10040_in-the-divine-light-6-nde-6.json,Indeterminate,0,False,False,False,family_responsibility,yes_explicit,no,no,not_mentioned,not_mentioned,not_mentioned,not_mentioned,not_mentioned,no
My Vision of Life Has Changed Forever 2 NDE 2,nderf,data\nderf\10045_my-vision-of-life-has-changed-forever-2-nde-2.json,Indeterminate,0,False,False,False,family_responsibility,no,no,no,not_mentioned,not_mentioned,not_mentioned,not_mentioned,not_mentioned,no
Larry NDE 93,nderf,data\nderf\10047_larry-nde-93.json,Indeterminate,0,False,False,False,not_your_time,implied,no,no,not_mentioned,not_mentioned,not_mentioned,no,not_mentioned,no
Alan NDE 82,nderf,data\nderf\10049_alan-nde-82.json,Indeterminate,0,False,False,False,other,no,no,no,not_mentioned,not_mentioned,not_mentioned,not_mentioned,not_mentioned,no
Joanna NDE 75,nderf,data\nderf\10051_joanna-nde-75.json,Indeterminate,0,False,False,False,not_mentioned,no,not_mentioned,not_mentioned,not_mentioned,not_mentioned,not_mentioned,explicit,not_mentioned,not_mentioned
Linda B NDE 73,nderf,data\nderf\10053_linda-b-nde-73.json,Indeterminate,0,False,False,False,no_reason_given,no,no,no,not_mentioned,not_mentioned,not_mentioned,no,not_mentioned,no
Tee NDE 72,nderf,data\nderf\10054_tee-nde-72.json,Indeterminate,0,False,False,False,not_mentioned,no,no,no,not_mentioned,not_mentioned,not_mentioned,not_mentioned,not_mentioned,no
Joy C NDE 99,nderf,data\nderf\10055_joy-c-nde-99.json,Indeterminate,0,False,False,False,not_mentioned,not_mentioned,not_mentioned,not_mentioned,not_mentioned,not_mentioned,not_mentioned,not_mentioned,not_mentioned,not_mentioned
Three Sisters 7 NDE 7,nderf,data\nderf\10056_three-sisters-7-nde-7.json,Indeterminate,0,False,False,False,not_mentioned,not_mentioned,not_mentioned,not_mentioned,not_mentioned,not_mentioned,not_mentioned,not_mentioned,not_mentioned,not_mentioned
Rena NDE 34,nderf,data\nderf\10060_rena-nde-34.json,Indeterminate,0,False,False,False,not_mentioned,no,no,no,not_mentioned,not_mentioned,not_mentioned,not_mentioned,not_mentioned,no
TS Angel Visitations 74 NDE 74,nderf,data\nderf\10063_ts-angel-visitations-74-nde-74.json,Indeterminate,0,False,False,False,not_mentioned,not_mentioned,not_mentioned,no,not_mentioned,not_mentioned,not_mentioned,not_mentioned,not_mentioned,no
Ricardo Grandfather NDE 88,nderf,data\nderf\10064_ricardo-grandfather-nde-88.json,Indeterminate,0,False,False,False,not_your_time,not_mentioned,not_mentioned,not_mentioned,not_mentioned,not_mentioned,not_mentioned,not_mentioned,not_mentioned,not_mentioned
Prana SOBE 115 NDE 115,nderf,data\nderf\10065_prana-sobe-115-nde.json,Indeterminate,0,False,False,False,no_reason_given,not_mentioned,not_mentioned,not_mentioned,not_mentioned,not_mentioned,not_mentioned,not_mentioned,not_mentioned,not_mentioned
Shibani NDE 110,nderf,data\nderf\10066_shibani-nde.json,Indeterminate,0,False,False,False,not_mentioned,not_mentioned,not_mentioned,no,not_mentioned,not_mentioned,not_mentioned,not_mentioned,not_mentioned,no
Victor Z SOBEs 116 NDE 116,nderf,data\nderf\10068_victor-z-sobes-116-nde.json,Indeterminate,0,False,False,False,no_reason_given,not_mentioned,not_mentioned,no,not_mentioned,not_mentioned,not_mentioned,implied,not_mentioned,no
Gungil Possible NDEs 166 NDE 166,nderf,data\nderf\10071_gungil-possible-ndes-166-nde.json,Indeterminate,0,False,False,False,not_mentioned,not_mentioned,not_mentioned,no,not_mentioned,not_mentioned,not_mentioned,not_mentioned,not_mentioned,no
Jack M NDE 179,nderf,data\nderf\10075_jack-m-nde.json,Indeterminate,0,False,False,False,other,not_mentioned,not_mentioned,not_mentioned,not_mentioned,not_mentioned,not_mentioned,not_mentioned,not_mentioned,not_mentioned
Emma Louise S NDE 117,nderf,data\nderf\10090_emma-louise-s-nde.json,Indeterminate,0,False,False,False,family_responsibility,not_mentioned,not_mentioned,not_mentioned,not_mentioned,not_mentioned,not_mentioned,not_mentioned,not_mentioned,not_mentioned
John & Mary Alice SMR 10092 NDE 132,nderf,data\nderf\10092_john-mary-alice-smr-10092-nde.json,Indeterminate,0,False,False,False,not_mentioned,not_mentioned,not_mentioned,not_mentioned,not_mentioned,not_mentioned,not_mentioned,not_mentioned,not_mentioned,not_mentioned
Michelle Other 192/10093 NDE 192,nderf,data\nderf\10093_michelle-other-192-10093-nde.json,Indeterminate,0,False,False,False,not_mentioned,no,not_mentioned,no,not_mentioned,not_mentioned,not_mentioned,not_mentioned,not_mentioned,not_mentioned
Neil H NDE 182,nderf,data\nderf\12009_neil-h-nde.json,Indeterminate,0,False,False,False,no_reason_given,no,no,no,not_mentioned,not_mentioned,not_mentioned,not_mentioned,not_mentioned,no
Ann NDE 111,nderf,data\nderf\12011_ann-nde.json,Indeterminate,0,False,False,False,not_mentioned,yes_explicit,no,no,not_mentioned,not_mentioned,not_mentioned,not_mentioned,not_mentioned,no
Steve T Possible NDE 12012/10094 NDE 196,nderf,data\nderf\12012_steve-t-possible-nde-12012-10094-nde.json,Indeterminate,0,False,False,False,not_your_time,no,not_mentioned,not_mentioned,not_mentioned,not_mentioned,not_mentioned,implied,not_mentioned,not_mentioned
Andrea K Probable NDE,nderf,data\nderf\13156_andrea-k-probable-nde.json,Indeterminate,0,False,False,False,not_mentioned,not_mentioned,no,not_mentioned,not_mentioned,not_mentioned,not_mentioned,not_mentioned,not_mentioned,not_mentioned
Souma S Possible NDE,nderf,data\nderf\13164_souma-s-possible-nde.json,Indeterminate,0,False,False,False,family_responsibility,no,no,no,not_mentioned,not_mentioned,not_mentioned,not_mentioned,not_mentioned,no
Michael C FDE,nderf,data\nderf\13166_michael-c-fde.json,Indeterminate,0,False,False,False,not_mentioned,not_mentioned,not_mentioned,not_mentioned,not_mentioned,not_mentioned,not_mentioned,not_mentioned,not_mentioned,not_mentioned
Yi-Ping T NDEs,nderf,data\nderf\13168_yi-ping-t-ndes.json,Indeterminate,0,False,False,False,not_mentioned,not_mentioned,not_mentioned,not_mentioned,not_mentioned,not_mentioned,not_mentioned,not_mentioned,not_mentioned,not_mentioned
Wanda V STE,nderf,data\nderf\13172_wanda-v-ste.json,Indeterminate,0,False,False,False,no_reason_given,not_mentioned,not_mentioned,no,not_mentioned,not_mentioned,not_mentioned,not_mentioned,not_mentioned,no
Elsa C Probable NDE,nderf,data\nderf\13174_elsa-c-probable-nde.json,Indeterminate,0,False,False,False,no_reason_given,no,not_mentioned,not_mentioned,not_mentioned,not_mentioned,not_mentioned,not_mentioned,not_mentioned,not_mentioned
Jason D NDE,nderf,data\nderf\13181_jason-d-nde.json,Indeterminate,0,False,False,False,no_reason_given,no,no,no,not_mentioned,not_mentioned,not_mentioned,no,none,no
André R NDE,nderf,data\nderf\13183_andr-r-nde.json,Indeterminate,0,False,False,False,family_responsibility,implied,no,no,not_mentioned,not_mentioned,not_mentioned,not_mentioned,not_mentioned,no
Steve M NDE,nderf,data\nderf\13188_steve-m-nde.json,Indeterminate,0,False,False,False,no_reason_given,no,no,no,not_mentioned,not_mentioned,not_mentioned,no,none,no
Mr. C NDE,nderf,data\nderf\13191_mr-c-nde.json,Indeterminate,0,False,False,False,other,implied,no,no,not_mentioned,not_mentioned,not_mentioned,not_mentioned,not_mentioned,no
Charles D Possible NDE,nderf,data\nderf\13194_charles-d-possible-nde.json,Indeterminate,0,False,False,False,not_mentioned,not_mentioned,not_mentioned,not_mentioned,not_mentioned,not_mentioned,not_mentioned,not_mentioned,not_mentioned,not_mentioned
Florence C NDE,nderf,data\nderf\13196_florence-c-nde.json,Indeterminate,0,False,False,False,no_reason_given,not_mentioned,not_mentioned,not_mentioned,not_mentioned,not_mentioned,not_mentioned,not_mentioned,not_mentioned,not_mentioned
Penny W ADC,nderf,data\nderf\13197_penny-w-adc.json,Indeterminate,0,False,False,False,not_mentioned,no,no,no,not_mentioned,not_mentioned,not_mentioned,not_mentioned,not_mentioned,no
Freddy B NDE,nderf,data\nderf\13201_freddy-b-nde.json,Indeterminate,0,False,False,False,no_reason_given,not_mentioned,not_mentioned,not_mentioned,not_mentioned,not_mentioned,not_mentioned,explicit,not_mentioned,not_mentioned
Dina A NDE,nderf,data\nderf\13202_dina-a-nde.json,Indeterminate,0,False,False,False,not_mentioned,not_mentioned,not_mentioned,no,not_mentioned,not_mentioned,not_mentioned,not_mentioned,not_mentioned,no
Lalita B NDE,nderf,data\nderf\13203_lalita-b-nde.json,Indeterminate,0,False,False,False,not_mentioned,not_mentioned,not_mentioned,not_mentioned,not_mentioned,not_mentioned,not_mentioned,not_mentioned,not_mentioned,not_mentioned
Georgina R NDE,nderf,data\nderf\13204_georgina-r-nde.json,Indeterminate,0,False,False,False,not_your_time,not_mentioned,no,not_mentioned,not_mentioned,not_mentioned,not_mentioned,not_mentioned,not_mentioned,not_mentioned
Kelly F NDE,nderf,data\nderf\13205_kelly-f-nde.json,Indeterminate,0,False,False,False,no_reason_given,not_mentioned,not_mentioned,not_mentioned,not_mentioned,not_mentioned,not_mentioned,not_mentioned,not_mentioned,not_mentioned
Caitlin O NDE,nderf,data\nderf\13206_caitlin-o-nde.json,Indeterminate,0,False,False,False,not_mentioned,not_mentioned,not_mentioned,not_mentioned,not_mentioned,not_mentioned,not_mentioned,not_mentioned,not_mentioned,not_mentioned
David C NDE,nderf,data\nderf\13209_david-c-nde.json,Indeterminate,0,False,False,False,not_mentioned,no,no,no,not_mentioned,not_mentioned,not_mentioned,not_mentioned,not_mentioned,no
Brent D NDE,nderf,data\nderf\13210_brent-d-nde.json,Indeterminate,0,False,False,False,no_reason_given,no,no,no,not_mentioned,not_mentioned,not_mentioned,no,not_mentioned,no
Nicky NDE vs Drug Experience,nderf,data\nderf\13211_nicky-nde-vs-drug-experience.json,Indeterminate,0,False,False,False,other,not_mentioned,not_mentioned,not_mentioned,not_mentioned,not_mentioned,not_mentioned,not_mentioned,not_mentioned,not_mentioned
Edward B Possible NDE,nderf,data\nderf\13212_edward-b-possible-nde.json,Indeterminate,0,False,False,False,not_mentioned,no,not_mentioned,not_mentioned,not_mentioned,not_mentioned,not_mentioned,not_mentioned,not_mentioned,not_mentioned
Eric R NDE,nderf,data\nderf\13213_eric-r-nde.json,Indeterminate,0,False,False,False,no_reason_given,implied,no,not_mentioned,not_mentioned,not_mentioned,not_mentioned,not_mentioned,not_mentioned,not_mentioned
Christina G NDE,nderf,data\nderf\13215_christina-g-nde.json,Indeterminate,0,False,False,False,family_responsibility,not_mentioned,no,no,not_mentioned,not_mentioned,not_mentioned,not_mentioned,not_mentioned,no
Ms. Johnnie N,nderf,data\nderf\13216_ms-johnnie-n.json,Indeterminate,0,False,False,False,no_reason_given,implied,no,not_mentioned,not_mentioned,not_mentioned,not_mentioned,not_mentioned,not_mentioned,not_mentioned
Bonnie K ADC,nderf,data\nderf\13217_bonnie-k-adc.json,Indeterminate,0,False,False,False,not_mentioned,implied,no,no,not_mentioned,not_mentioned,not_mentioned,implied,not_mentioned,no
Melody M SOBE,nderf,data\nderf\13219_melody-m-sobe.json,Indeterminate,0,False,False,False,not_mentioned,not_mentioned,not_mentioned,not_mentioned,not_mentioned,not_mentioned,not_mentioned,not_mentioned,not_mentioned,not_mentioned
Steven C Possible NDE,nderf,data\nderf\13222_steven-c-possible-nde.json,Indeterminate,0,False,False,False,not_mentioned,not_mentioned,not_mentioned,not_mentioned,not_mentioned,not_mentioned,not_mentioned,not_mentioned,not_mentioned,not_mentioned
Louis T Mother's NDE,nderf,data\nderf\13223_louis-t-mother-s-nde.json,Indeterminate,0,False,False,False,not_your_time,no,not_mentioned,not_mentioned,not_mentioned,not_mentioned,not_mentioned,not_mentioned,not_mentioned,not_mentioned
Greg W NDE,nderf,data\nderf\13225_greg-w-nde.json,Indeterminate,0,False,False,False,not_your_time,no,no,not_mentioned,not_mentioned,not_mentioned,not_mentioned,not_mentioned,not_mentioned,not_mentioned
John K NDE,nderf,data\nderf\16138_john-k-nde.json,Indeterminate,0,False,False,False,not_mentioned,not_mentioned,not_mentioned,not_mentioned,not_mentioned,not_mentioned,not_mentioned,not_mentioned,not_mentioned,not_mentioned
Mollie E NDE 200,nderf,data\nderf\20117_mollie-e-nde.json,Indeterminate,0,False,False,False,family_responsibility,no,not_mentioned,not_mentioned,not_mentioned,not_mentioned,not_mentioned,not_mentioned,not_mentioned,not_mentioned
William H Possible NDE 23177,nderf,data\nderf\23177_william-h-possible-nde-23177.json,Indeterminate,0,False,False,False,not_mentioned,not_mentioned,not_mentioned,not_mentioned,not_mentioned,not_mentioned,not_mentioned,not_mentioned,not_mentioned,not_mentioned
Sheila B NDE 165,nderf,data\nderf\30001_sheila-b-nde.json,Indeterminate,0,False,False,False,not_your_time,no,no,no,not_mentioned,not_mentioned,not_mentioned,not_mentioned,not_mentioned,no
Sherry H SMR/ADC 98 NDE 98,nderf,data\nderf\30206_sherry-h-smr-adc-98-nde-98.json,Indeterminate,0,False,False,False,not_mentioned,not_mentioned,not_mentioned,not_mentioned,not_mentioned,not_mentioned,not_mentioned,not_mentioned,not_mentioned,not_mentioned
Bradley S,nderf,data\nderf\33001_bradley-s.json,Indeterminate,0,False,False,False,not_your_time,not_mentioned,not_mentioned,not_mentioned,not_mentioned,not_mentioned,not_mentioned,no,not_mentioned,not_mentioned
Stacey N,nderf,data\nderf\33002_stacey-n.json,Indeterminate,0,False,False,False,no_reason_given,not_mentioned,not_mentioned,not_mentioned,not_mentioned,not_mentioned,not_mentioned,not_mentioned,not_mentioned,not_mentioned
Maria B,nderf,data\nderf\33003_maria-b.json,Indeterminate,0,False,False,False,not_mentioned,not_mentioned,not_mentioned,not_mentioned,not_mentioned,not_mentioned,not_mentioned,not_mentioned,not_mentioned,not_mentioned
Jacob S,nderf,data\nderf\33005_jacob-s.json,Indeterminate,0,False,False,False,not_mentioned,not_mentioned,not_mentioned,not_mentioned,not_mentioned,not_mentioned,not_mentioned,not_mentioned,not_mentioned,not_mentioned
Gerard B,nderf,data\nderf\33013_gerard-b.json,Indeterminate,0,False,False,False,not_your_time,no,no,no,not_mentioned,not_mentioned,not_mentioned,not_mentioned,not_mentioned,not_mentioned
Mike Z,nderf,data\nderf\33014_mike-z.json,Indeterminate,0,False,False,False,no_reason_given,no,no,no,not_mentioned,not_mentioned,not_mentioned,not_mentioned,not_mentioned,no
Gayle D,nderf,data\nderf\33016_gayle-d.json,Indeterminate,0,False,False,False,not_your_time,no,no,no,not_mentioned,not_mentioned,not_mentioned,not_mentioned,none,no
Gulia M,nderf,data\nderf\33020_gulia-m.json,Indeterminate,0,False,False,False,no_reason_given,no,no,no,not_mentioned,not_mentioned,not_mentioned,implied,not_mentioned,no
Sergei S,nderf,data\nderf\33023_sergei-s.json,Indeterminate,0,False,False,False,not_mentioned,not_mentioned,no,no,not_mentioned,not_mentioned,not_mentioned,not_mentioned,not_mentioned,no
Jade,nderf,data\nderf\33027_jade.json,Indeterminate,0,False,False,False,no_reason_given,no,no,not_mentioned,not_mentioned,not_mentioned,not_mentioned,not_mentioned,not_mentioned,not_mentioned
Elenilda S,nderf,data\nderf\33028_elenilda-s.json,Indeterminate,0,False,False,False,not_mentioned,not_mentioned,not_mentioned,not_mentioned,not_mentioned,not_mentioned,not_mentioned,not_mentioned,not_mentioned,not_mentioned
Pablo S,nderf,data\nderf\33030_pablo-s.json,Indeterminate,0,False,False,False,not_mentioned,no,no,no,not_mentioned,not_mentioned,not_mentioned,not_mentioned,none,no
Justin M,nderf,data\nderf\33032_justin-m.json,Indeterminate,0,False,False,False,not_mentioned,not_mentioned,no,no,not_mentioned,not_mentioned,not_mentioned,not_mentioned,not_mentioned,no
Wayne H,nderf,data\nderf\33033_wayne-h.json,Indeterminate,0,False,False,False,not_your_time,no,no,no,not_mentioned,not_mentioned,not_mentioned,not_mentioned,none,no
Luis D,nderf,data\nderf\33035_luis-d.json,Indeterminate,0,False,False,False,other,no,no,no,not_mentioned,not_mentioned,not_mentioned,not_mentioned,not_mentioned,no
Julia DV,nderf,data\nderf\33036_julia-dv.json,Indeterminate,0,False,False,False,not_mentioned,no,no,no,not_mentioned,not_mentioned,not_mentioned,no,none,no
Bonnie C,nderf,data\nderf\33037_bonnie-c.json,Indeterminate,0,False,False,False,not_mentioned,not_mentioned,not_mentioned,not_mentioned,not_mentioned,not_mentioned,not_mentioned,not_mentioned,not_mentioned,not_mentioned
Glenn T,nderf,data\nderf\33038_glenn-t.json,Indeterminate,0,False,False,False,no_reason_given,no,no,no,not_mentioned,not_mentioned,not_mentioned,not_mentioned,not_mentioned,no
Klaus G,nderf,data\nderf\33039_klaus-g.json,Indeterminate,0,False,False,False,no_reason_given,not_mentioned,not_mentioned,not_mentioned,not_mentioned,not_mentioned,not_mentioned,not_mentioned,not_mentioned,not_mentioned
Izzy,nderf,data\nderf\33040_izzy.json,Indeterminate,0,False,False,False,not_mentioned,not_mentioned,not_mentioned,not_mentioned,not_mentioned,not_mentioned,not_mentioned,not_mentioned,not_mentioned,not_mentioned
Valentina,nderf,data\nderf\33041_valentina.json,Indeterminate,0,False,False,False,no_reason_given,not_mentioned,not_mentioned,not_mentioned,not_mentioned,not_mentioned,not_mentioned,not_mentioned,not_mentioned,not_mentioned
Wes C,nderf,data\nderf\33050_wes-c.json,Indeterminate,0,False,False,False,no_reason_given,no,no,no,not_mentioned,not_mentioned,not_mentioned,not_mentioned,none,no
Douglas S,nderf,data\nderf\33054_douglas-s.json,Indeterminate,0,False,False,False,no_reason_given,not_mentioned,not_mentioned,not_mentioned,not_mentioned,not_mentioned,not_mentioned,not_mentioned,not_mentioned,not_mentioned
Angie D,nderf,data\nderf\33059_angie-d.json,Indeterminate,0,False,False,False,family_responsibility,no,no,no,not_mentioned,not_mentioned,not_mentioned,not_mentioned,not_mentioned,no
Bradley C,nderf,data\nderf\33060_bradley-c.json,Indeterminate,0,False,False,False,not_mentioned,no,no,no,not_mentioned,not_mentioned,not_mentioned,not_mentioned,not_mentioned,no
Ronald C,nderf,data\nderf\33061_ronald-c.json,Indeterminate,0,False,False,False,not_mentioned,not_mentioned,not_mentioned,not_mentioned,not_mentioned,not_mentioned,not_mentioned,not_mentioned,not_mentioned,not_mentioned
Richard S,nderf,data\nderf\33064_richard-s.json,Indeterminate,0,False,False,False,family_responsibility,no,not_mentioned,not_mentioned,not_mentioned,not_mentioned,not_mentioned,not_mentioned,not_mentioned,not_mentioned
Ryan R,nderf,data\nderf\33065_ryan-r.json,Indeterminate,0,False,False,False,not_mentioned,not_mentioned,not_mentioned,no,not_mentioned,not_mentioned,not_mentioned,not_mentioned,not_mentioned,no
Penelope T,nderf,data\nderf\33067_penelope-t.json,Indeterminate,0,False,False,False,no_reason_given,no,no,no,not_mentioned,not_mentioned,not_mentioned,not_mentioned,none,no
Rachel D,nderf,data\nderf\33072_rachel-d.json,Indeterminate,0,False,False,False,not_your_time,not_mentioned,not_mentioned,not_mentioned,not_mentioned,not_mentioned,not_mentioned,not_mentioned,not_mentioned,not_mentioned
Ursula K,nderf,data\nderf\33075_ursula-k.json,Indeterminate,0,False,False,False,family_responsibility,implied,no,no,not_mentioned,not_mentioned,not_mentioned,not_mentioned,not_mentioned,no
Penny J,nderf,data\nderf\33078_penny-j.json,Indeterminate,0,False,False,False,not_your_time,no,no,no,not_mentioned,not_mentioned,not_mentioned,not_mentioned,not_mentioned,no
Michael G,nderf,data\nderf\33086_michael-g.json,Indeterminate,0,False,False,False,not_your_time,no,not_mentioned,not_mentioned,not_mentioned,not_mentioned,not_mentioned,not_mentioned,not_mentioned,not_mentioned
Polly F,nderf,data\nderf\33087_polly-f.json,Indeterminate,0,False,False,False,not_mentioned,not_mentioned,not_mentioned,no,not_mentioned,not_mentioned,not_mentioned,not_mentioned,not_mentioned,no
Jeff D,nderf,data\nderf\33088_jeff-d.json,Indeterminate,0,False,False,False,not_mentioned,not_mentioned,not_mentioned,not_mentioned,not_mentioned,not_mentioned,not_mentioned,not_mentioned,not_mentioned,not_mentioned
Abir M,nderf,data\nderf\33089_abir-m.json,Indeterminate,0,False,False,False,not_mentioned,no,no,no,not_mentioned,not_mentioned,not_mentioned,not_mentioned,not_mentioned,no
Chassie N,nderf,data\nderf\33091_chassie-n.json,Indeterminate,0,False,False,False,not_mentioned,not_mentioned,not_mentioned,not_mentioned,not_mentioned,not_mentioned,not_mentioned,not_mentioned,not_mentioned,not_mentioned
Mary J,nderf,data\nderf\33092_mary-j.json,Indeterminate,0,False,False,False,not_mentioned,no,not_mentioned,not_mentioned,not_mentioned,not_mentioned,not_mentioned,not_mentioned,not_mentioned,no
Carol A,nderf,data\nderf\33093_carol-a.json,Indeterminate,0,False,False,False,not_mentioned,not_mentioned,not_mentioned,no,not_mentioned,not_mentioned,not_mentioned,not_mentioned,not_mentioned,no
Christopher J,nderf,data\nderf\33094_christopher-j.json,Indeterminate,0,False,False,False,not_mentioned,not_mentioned,not_mentioned,no,not_mentioned,not_mentioned,not_mentioned,not_mentioned,not_mentioned,no
Jaclyn B,nderf,data\nderf\33095_jaclyn-b.json,Indeterminate,0,False,False,False,not_your_time,not_mentioned,not_mentioned,not_mentioned,not_mentioned,not_mentioned,not_mentioned,not_mentioned,not_mentioned,not_mentioned
Mary L,nderf,data\nderf\33096_mary-l.json,Indeterminate,0,False,False,False,not_mentioned,not_mentioned,not_mentioned,not_mentioned,not_mentioned,not_mentioned,not_mentioned,not_mentioned,not_mentioned,not_mentioned
Loren C,nderf,data\nderf\33097_loren-c.json,Indeterminate,0,False,False,False,not_mentioned,not_mentioned,not_mentioned,not_mentioned,not_mentioned,not_mentioned,not_mentioned,not_mentioned,not_mentioned,not_mentioned
Jeffrey D,nderf,data\nderf\33098_jeffrey-d.json,Indeterminate,0,False,False,False,not_mentioned,no,no,no,not_mentioned,not_mentioned,not_mentioned,not_mentioned,not_mentioned,no
Keely S,nderf,data\nderf\33103_keely-s.json,Indeterminate,0,False,False,False,not_mentioned,not_mentioned,not_mentioned,not_mentioned,not_mentioned,not_mentioned,not_mentioned,not_mentioned,not_mentioned,not_mentioned
Lori P,nderf,data\nderf\33104_lori-p.json,Indeterminate,0,False,False,False,not_mentioned,no,no,no,not_mentioned,not_mentioned,not_mentioned,not_mentioned,not_mentioned,no
Daniel G,nderf,data\nderf\33107_daniel-g.json,Indeterminate,0,False,False,False,not_mentioned,not_mentioned,not_mentioned,not_mentioned,not_mentioned,not_mentioned,not_mentioned,not_mentioned,not_mentioned,not_mentioned
Laurie B,nderf,data\nderf\33108_laurie-b.json,Indeterminate,0,False,False,False,not_mentioned,not_mentioned,not_mentioned,not_mentioned,not_mentioned,not_mentioned,not_mentioned,not_mentioned,not_mentioned,not_mentioned
Mike Smith (Mike S),nderf,data\nderf\33109_mike-smith-mike-s.json,Indeterminate,0,False,False,False,not_mentioned,no,no,no,not_mentioned,not_mentioned,not_mentioned,implied,not_mentioned,no
Becki R,nderf,data\nderf\33116_becki-r.json,Indeterminate,0,False,False,False,not_mentioned,not_mentioned,not_mentioned,not_mentioned,not_mentioned,not_mentioned,not_mentioned,not_mentioned,not_mentioned,not_mentioned
LeAnne RB,nderf,data\nderf\33118_leanne-rb.json,Indeterminate,0,False,False,False,other,not_mentioned,not_mentioned,not_mentioned,not_mentioned,not_mentioned,not_mentioned,implied,not_mentioned,not_mentioned
Bess A,nderf,data\nderf\33119_bess-a.json,Indeterminate,0,False,False,False,family_responsibility,not_mentioned,not_mentioned,not_mentioned,not_mentioned,not_mentioned,not_mentioned,not_mentioned,not_mentioned,not_mentioned
Ragan R,nderf,data\nderf\33123_ragan-r.json,Indeterminate,0,False,False,False,family_responsibility,not_mentioned,not_mentioned,not_mentioned,not_mentioned,not_mentioned,not_mentioned,no,not_mentioned,not_mentioned
Arabella KY,nderf,data\nderf\33126_arabella-ky.json,Indeterminate,0,False,False,False,not_mentioned,implied,no,no,not_mentioned,not_mentioned,not_mentioned,not_mentioned,none,no
Jemma J,nderf,data\nderf\33128_jemma-j.json,Indeterminate,0,False,False,False,family_responsibility,implied,not_mentioned,not_mentioned,not_mentioned,not_mentioned,not_mentioned,not_mentioned,not_mentioned,not_mentioned
Judy M,nderf,data\nderf\33130_judy-m.json,Indeterminate,0,False,False,False,no_reason_given,not_mentioned,not_mentioned,not_mentioned,not_mentioned,not_mentioned,not_mentioned,not_mentioned,not_mentioned,not_mentioned
Nohemi O,nderf,data\nderf\33131_nohemi-o.json,Indeterminate,0,False,False,False,no_reason_given,no,no,no,not_mentioned,not_mentioned,not_mentioned,not_mentioned,not_mentioned,no
Blaženko K,nderf,data\nderf\33132_bla-enko-k.json,Indeterminate,0,False,False,False,not_mentioned,no,no,not_mentioned,not_mentioned,not_mentioned,not_mentioned,not_mentioned,not_mentioned,no
Lori R,nderf,data\nderf\33133_lori-r.json,Indeterminate,0,False,False,False,not_mentioned,not_mentioned,not_mentioned,not_mentioned,not_mentioned,not_mentioned,not_mentioned,not_mentioned,not_mentioned,not_mentioned
Karin L,nderf,data\nderf\33134_karin-l.json,Indeterminate,0,False,False,False,not_mentioned,not_mentioned,not_mentioned,not_mentioned,not_mentioned,not_mentioned,not_mentioned,not_mentioned,not_mentioned,not_mentioned
Cate P,nderf,data\nderf\33137_cate-p.json,Indeterminate,0,False,False,False,not_your_time,not_mentioned,not_mentioned,no,not_mentioned,not_mentioned,not_mentioned,not_mentioned,not_mentioned,no
West S,nderf,data\nderf\33139_west-s.json,Indeterminate,0,False,False,False,not_mentioned,no,not_mentioned,no,not_mentioned,not_mentioned,not_mentioned,not_mentioned,not_mentioned,no
Christopher D,nderf,data\nderf\33142_christopher-d.json,Indeterminate,0,False,False,False,not_mentioned,implied,not_mentioned,no,not_mentioned,not_mentioned,not_mentioned,not_mentioned,not_mentioned,no
Collin S,nderf,data\nderf\33146_collin-s.json,Indeterminate,0,False,False,False,not_your_time,not_mentioned,not_mentioned,no,not_mentioned,not_mentioned,not_mentioned,not_mentioned,not_mentioned,no
Seyyed,nderf,data\nderf\33147_seyyed.json,Indeterminate,0,False,False,False,not_your_time,no,not_mentioned,not_mentioned,not_mentioned,not_mentioned,not_mentioned,not_mentioned,not_mentioned,not_mentioned
Elaine P,nderf,data\nderf\33148_elaine-p.json,Indeterminate,0,False,False,False,not_your_time,no,not_mentioned,not_mentioned,not_mentioned,not_mentioned,not_mentioned,not_mentioned,not_mentioned,not_mentioned
Lena S,nderf,data\nderf\33150_lena-s.json,Indeterminate,0,False,False,False,not_mentioned,not_mentioned,not_mentioned,not_mentioned,not_mentioned,not_mentioned,not_mentioned,not_mentioned,not_mentioned,not_mentioned
Peter F,nderf,data\nderf\33152_peter-f.json,Indeterminate,0,False,False,False,not_mentioned,not_mentioned,not_mentioned,no,not_mentioned,not_mentioned,not_mentioned,not_mentioned,not_mentioned,no
Victoria W,nderf,data\nderf\33157_victoria-w.json,Indeterminate,0,False,False,False,not_mentioned,not_mentioned,not_mentioned,not_mentioned,not_mentioned,not_mentioned,not_mentioned,not_mentioned,not_mentioned,not_mentioned
Dave P,nderf,data\nderf\33158_dave-p.json,Indeterminate,0,False,False,False,no_reason_given,no,no,no,not_mentioned,not_mentioned,not_mentioned,not_mentioned,not_mentioned,no
Sammy E,nderf,data\nderf\33159_sammy-e.json,Indeterminate,0,False,False,False,family_responsibility,not_mentioned,not_mentioned,not_mentioned,not_mentioned,not_mentioned,not_mentioned,not_mentioned,not_mentioned,not_mentioned
Ernestino A,nderf,data\nderf\33161_ernestino-a.json,Indeterminate,0,False,False,False,no_reason_given,not_mentioned,not_mentioned,not_mentioned,not_mentioned,not_mentioned,not_mentioned,not_mentioned,not_mentioned,not_mentioned
Deb B,nderf,data\nderf\33162_deb-b.json,Indeterminate,0,False,False,False,not_mentioned,not_mentioned,not_mentioned,not_mentioned,not_mentioned,both,not_mentioned,not_mentioned,not_mentioned,not_mentioned
Develous B,nderf,data\nderf\33163_develous-b.json,Indeterminate,0,False,False,False,not_mentioned,yes_explicit,no,no,not_mentioned,not_mentioned,not_mentioned,not_mentioned,not_mentioned,no
María D,nderf,data\nderf\33164_mar-a-d.json,Indeterminate,0,False,False,False,not_mentioned,not_mentioned,not_mentioned,not_mentioned,not_mentioned,not_mentioned,not_mentioned,no,not_mentioned,not_mentioned
Jene B,nderf,data\nderf\33166_jene-b.json,Indeterminate,0,False,False,False,family_responsibility,no,no,not_mentioned,not_mentioned,not_mentioned,not_mentioned,not_mentioned,not_mentioned,not_mentioned
