dream_id,title,map_coherence,recurrence,time_flow,dreamer_identity,initial_emotion,final_emotion,extraction_confidence,has_spatial_data,location_count,connection_count,interaction_count
https://www.reddit.com/r/TheMallWorld/comments/101cg9g/have_yall_ever_noticed_the_elevators_in_mall/,have y'all ever noticed the elevators in mall world are super sketch?,partially_coherent,recurring,not_mentioned,current_self,,scared,medium,True,2,0,1
https://www.reddit.com/r/TheMallWorld/comments/101ywx9/mall_world_lucid_dreaming/,Mall world /lucid dreaming,mostly_coherent,long_term_recurring,not_mentioned,not_mentioned,,,medium,True,1,0,1
https://www.reddit.com/r/TheMallWorld/comments/102nlwv/beware_the_mallworld_target/,Beware the Mallworld Target,partially_coherent,recurring,not_mentioned,current_self,dread,,medium,True,2,1,2
https://www.reddit.com/r/TheMallWorld/comments/1039xqo/waking_up_in_a_secondary_body/,waking up in a secondary body,partially_coherent,recurring,normal,multiple,,immediately ejected from the dream,medium,True,2,1,6
https://www.reddit.com/r/TheMallWorld/comments/10440y3/character_progression/,Character progression,not_enough_info,long_term_recurring,not_mentioned,current_self,,,medium,True,1,0,3
https://www.reddit.com/r/TheMallWorld/comments/105jslg/my_mall_dreams/,My Mall Dreams,mostly_coherent,recurring,not_mentioned,current_self,excitement / on edge as approaching mall,not_mentioned,high,True,6,5,5
https://www.reddit.com/r/TheMallWorld/comments/106pe55/concertsshows/,concerts/shows,partially_coherent,recurring,not_mentioned,not_mentioned,,,medium,True,2,1,1
https://www.reddit.com/r/TheMallWorld/comments/107m22i/time_is_linear_in_mallworld/,Time is linear in Mallworld,partially_coherent,recurring,normal,current_self,,unsettled,medium,True,5,4,6
https://www.reddit.com/r/TheMallWorld/comments/1081nc5/backstage_of_haunted_mansion/,"""backstage"" of haunted mansion",mostly_coherent,recurring,not_mentioned,current_self,,,high,True,4,3,4
https://www.reddit.com/r/TheMallWorld/comments/10bf0y4/visited_a_new_mall/,Visited a new mall,single_location,first_visit,not_mentioned,current_self,,,medium,True,1,0,1
https://www.reddit.com/r/TheMallWorld/comments/10c9z0i/i_go_to_a_place_every_night_that_ive_never_been/,I go to a place every night that I’ve never been,not_enough_info,long_term_recurring,not_mentioned,current_self,,,medium,True,2,0,1
https://www.reddit.com/r/TheMallWorld/comments/10cs6e7/my_worlds/,my worlds,mostly_coherent,long_term_recurring,not_mentioned,current_self,,,high,True,9,1,4
https://www.reddit.com/r/TheMallWorld/comments/10indb8/large_escalators_and_staircases/,Large escalators and staircases,partially_coherent,recurring,not_mentioned,not_mentioned,,,medium,True,3,2,1
https://www.reddit.com/r/TheMallWorld/comments/10iqo9a/found_a_way_to_escape_mallworld_security/,Found a way to escape Mallworld security,partially_coherent,recurring,compressed,current_self,feeling like I was crashing a wedding reception,I immediately woke up in my bed,high,True,5,4,5
https://www.reddit.com/r/TheMallWorld/comments/10jwrjy/i_tried_to_take_pics_again_but_this_time_i_was/,"I tried to take pics again, but this time I was was caught",partially_coherent,recurring,inconsistent,current_self,“oh fuck I’m back here.”; wants to cry,scared; stressed (after waking),high,True,4,3,3
https://www.reddit.com/r/TheMallWorld/comments/10kly7e/me_and_a_team_of_ppl_had_to_escape_the_city_with/,Me and a team of ppl had to escape the city with information a wizard gave us,partially_coherent,variation,not_mentioned,current_self,happy/proud (especially when with the wizard),not_mentioned,medium,True,6,3,5
https://www.reddit.com/r/TheMallWorld/comments/10m6rq1/ive_been_told_to_check_this_subreddit_out_after_i/,Ive been told to check this subreddit out after I posted this to a dream subreddit.,mostly_coherent,long_term_recurring,inconsistent,current_self,,,medium,True,6,1,1
https://www.reddit.com/r/TheMallWorld/comments/10pjgqv/staircase_jumping/,Staircase jumping,single_location,recurring,not_mentioned,current_self,,,high,True,1,1,2
https://www.reddit.com/r/TheMallWorld/comments/10wkn8d/probably_one_of_the_weirdest_dreams_that_ive_had/,"Probably one of the weirdest dreams, that I’ve had.",partially_coherent,not_mentioned,inconsistent,current_self,,,medium,True,5,5,5
https://www.reddit.com/r/TheMallWorld/comments/10xl7fh/i_visited_a_mall_that_wasnt_mine_for_the_very/,I visited a mall that wasn’t “mine” for the very first time.,partially_coherent,variation,not_mentioned,current_self,excited to be in the mall,fearful/unsafe in a dark dangerous parking lot; felt like people were coming for me,medium,True,4,3,3
https://www.reddit.com/r/TheMallWorld/comments/116xbxx/was_led_to_the_carnival_area/,Was Led to the Carnival area,partially_coherent,recurring,inconsistent,current_self,curious / distrustful of the person but went anyway,not_mentioned,medium,True,5,3,6
https://www.reddit.com/r/TheMallWorld/comments/118s0yq/an_odd_dream_from_childhood_a_field_with_a_cedar/,an odd dream from childhood; a field with a cedar tree?,mostly_coherent,not_mentioned,not_mentioned,child_self,,,high,True,5,3,10
https://www.reddit.com/r/TheMallWorld/comments/11ap4hf/dream_i_had_about_people_in_bubbles/,dream I had about people in bubbles,mostly_coherent,not_mentioned,not_mentioned,current_self,,,high,True,3,1,6
https://www.reddit.com/r/TheMallWorld/comments/11c5h9g/literal_mall_dream/,Literal mall dream,mostly_coherent,recurring,not_mentioned,current_self,,,medium,True,3,1,1
https://www.reddit.com/r/TheMallWorld/comments/11ds6no/mall_world_dreams_two_nights_in_a_row/,Mall world dreams two nights in a row,mostly_coherent,recurring,not_mentioned,current_self,,disappointed (woke up when gift card seemed too good to be true); uneasy in mall dream,high,True,9,4,5
https://www.reddit.com/r/TheMallWorld/comments/11ewti7/found_the_zombie_level_apparently/,Found the Zombie level apparently,partially_coherent,recurring,inconsistent,current_self,,,medium,True,3,3,5
https://www.reddit.com/r/TheMallWorld/comments/11hp5is/i_have_dreams_of_a_recurring_location_but_the/,"I have dreams of a recurring location, but the dream itself is always different.",partially_coherent,recurring,not_mentioned,not_mentioned,,,medium,True,4,1,3
https://www.reddit.com/r/TheMallWorld/comments/11izdbi/unfamiliar_city_wellits_familiar_now/,"Unfamiliar city, well…it’s familiar now",mostly_coherent,recurring,not_mentioned,current_self,,I still cry for him as I speak.,medium,True,9,4,5
https://www.reddit.com/r/TheMallWorld/comments/11l2l83/has_anyone_been_to_this_big_blue_mansion/,Has anyone been to this big blue mansion?,mostly_coherent,long_term_recurring,not_mentioned,observer_only,,,high,True,8,6,4
https://www.reddit.com/r/TheMallWorld/comments/11lfzsy/becoming_lucid_in_mall_world/,Becoming lucid in Mall World?,mostly_coherent,recurring,normal,current_self,not_mentioned,not_mentioned,medium,True,4,2,3
https://www.reddit.com/r/TheMallWorld/comments/11pyvl3/random_school_and_bus_question/,Random school and bus question,mostly_coherent,long_term_recurring,normal,current_self,,tired of having another life in my dreams,medium,True,10,6,5
https://www.reddit.com/r/TheMallWorld/comments/11r2f5e/stuck_or_trapped/,stuck or trapped,partially_coherent,long_term_recurring,not_mentioned,current_self,not_mentioned,woke up crying (after second dream),medium,True,4,3,4
https://www.reddit.com/r/TheMallWorld/comments/11rb6qc/a_water_park_built_into_the_side_of_a_basement/,A water park built into the side of a basement,single_location,not_mentioned,not_mentioned,not_mentioned,,,medium,True,3,0,0
https://www.reddit.com/r/TheMallWorld/comments/11zpijd/mallworld_alien_apocalypse/,Mallworld Alien Apocalypse,partially_coherent,not_mentioned,not_mentioned,current_self,,,medium,True,3,0,3
https://www.reddit.com/r/TheMallWorld/comments/120nerx/went_back_to_art_school_the_building_would_be/,"Went back to art school, the building would be unmistakable if you’ve been there.",partially_coherent,not_mentioned,not_mentioned,current_self,,,medium,True,4,3,3
https://www.reddit.com/r/TheMallWorld/comments/123prfo/been_traveling_in_the_same_dream_environment/,"Been traveling in the same dream environment (hotels, hallways, skyscrapers) for 3+ years",mostly_coherent,long_term_recurring,inconsistent,current_self,,wake up with my heart beating so fast and very scared,medium,True,7,1,3
https://www.reddit.com/r/TheMallWorld/comments/127b0rm/i_work_at_mall_world/,I work at mall world.,not_enough_info,long_term_recurring,not_mentioned,current_self,,,medium,True,1,0,6
https://www.reddit.com/r/TheMallWorld/comments/1283e4t/the_balcony_cathedral/,The Balcony Cathedral,mostly_coherent,recurring,not_mentioned,current_self,groggy,,high,True,1,1,3
https://www.reddit.com/r/TheMallWorld/comments/12a5fdh/art_school_continued/,Art school continued,partially_coherent,recurring,not_mentioned,current_self,not_mentioned,,medium,True,3,0,3
https://www.reddit.com/r/TheMallWorld/comments/12cz0ss/crosspost_part_of_one_of_the_beaches_i_was_at/,Crosspost: Part of one of the beaches I was at last night,single_location,not_mentioned,not_mentioned,not_mentioned,,,medium,True,1,0,0
https://www.reddit.com/r/TheMallWorld/comments/12hjlii/the_never_ending_book_store/,The never ending book store,mostly_coherent,recurring,not_mentioned,current_self,,pretty miffed,high,True,8,5,6
https://www.reddit.com/r/TheMallWorld/comments/12orgdd/fake_towncitysuburbs_called_oklahoma/,Fake town/city/suburbs called “oklahoma”,partially_coherent,recurring,normal,current_self,,,medium,True,4,3,7
https://www.reddit.com/r/TheMallWorld/comments/12yy66d/the_worlds_tallest_building/,The World's Tallest Building,highly_coherent,first_visit,inconsistent,current_self,terrifying dream,woke up; remembered it,high,True,5,5,7
https://www.reddit.com/r/TheMallWorld/comments/1376wu5/restaurants_in_mallworld/,Restaurants in Mallworld,mostly_coherent,recurring,compressed,current_self,just woke up from a mallworld dream; pretty involved one,woke up when I find it though,high,True,11,4,6
https://www.reddit.com/r/TheMallWorld/comments/1379dor/bus_trip_to_the_outskirts_of_mallworld/,Bus Trip to the Outskirts of Mallworld,mostly_coherent,recurring,not_mentioned,current_self,,,medium,True,4,4,4
https://www.reddit.com/r/TheMallWorld/comments/137ymj9/mall_world/,Mall World?,mostly_coherent,long_term_recurring,inconsistent,not_mentioned,,,high,True,8,6,5
https://www.reddit.com/r/TheMallWorld/comments/1387ncz/this_must_be_more_than_just_dreams/,This must be more than just dreams,highly_coherent,long_term_recurring,not_mentioned,current_self,minorly obsessed with the perplexity / surreal and uncanny (re: discovering sub),,high,True,34,15,8
https://www.reddit.com/r/TheMallWorld/comments/13c87jk/my_mallworld_experience/,My MallWorld Experience,mostly_coherent,recurring,not_mentioned,current_self,,panic,high,True,6,4,7
https://www.reddit.com/r/TheMallWorld/comments/13dcz2y/i_burned_down_one_of_the_malls/,I burned down one of the malls.,mostly_coherent,not_mentioned,inconsistent,current_self,,annoyed,high,True,7,8,14
https://www.reddit.com/r/TheMallWorld/comments/13k7zds/mall_world_last_night/,Mall World last night,mostly_coherent,recurring,not_mentioned,not_mentioned,,,medium,True,3,1,1
https://www.reddit.com/r/TheMallWorld/comments/13p34jj/reoccurring_place_in_my_dreams/,Reoccurring place in my dreams,mostly_coherent,long_term_recurring,not_mentioned,not_mentioned,not mentioned (overall described as disturbing/upsetting),unsettled upon waking,high,True,4,3,5
https://www.reddit.com/r/TheMallWorld/comments/13ra0du/a_huge_clock_tower/,A huge clock tower?,mostly_coherent,recurring,not_mentioned,not_mentioned,,,high,True,6,4,1
https://www.reddit.com/r/TheMallWorld/comments/13vc09u/elevatortube_travel_outside_of_mallworld/,Elevator/Tube travel outside of mallworld??,mostly_coherent,recurring,not_mentioned,current_self,,wakes up after completing the tube/elevator fall,medium,True,7,4,2
https://www.reddit.com/r/TheMallWorld/comments/13w5gd7/anyone_ever_had_this_dream_of_a_long_dark_hallway/,Anyone ever had this dream of a long dark hallway with red carpet?,partially_coherent,not_mentioned,not_mentioned,child_self,,wakes up after being electrocuted by shadow figure,high,True,3,2,2
https://www.reddit.com/r/TheMallWorld/comments/13yml25/dreams_last_night/,dreams last night,mostly_coherent,recurring,normal,current_self,,frustrated,high,True,9,8,4
https://www.reddit.com/r/TheMallWorld/comments/1400job/i_hate_this_place/,I hate this place,partially_coherent,recurring,not_mentioned,current_self,,tired; wants out; hatred/disgust,medium,True,6,2,2
https://www.reddit.com/r/TheMallWorld/comments/1437ffu/the_depths_or_your_basement/,"The ""depths"" or your ""basement?""",mostly_coherent,recurring,not_mentioned,current_self,,,medium,True,7,5,5
https://www.reddit.com/r/TheMallWorld/comments/144g4sf/my_experience_of_futuristic_travelairpods_in/,My experience of futuristic travel/airpods in dreams,mostly_coherent,long_term_recurring,not_mentioned,current_self,,wake up feeling like I've come out of a part of another life,high,True,14,9,3
https://www.reddit.com/r/TheMallWorld/comments/144jlnk/the_water_park/,The Water Park,mostly_coherent,recurring,not_mentioned,current_self,,,medium,True,8,7,3
https://www.reddit.com/r/TheMallWorld/comments/145bmqr/inaccessible_ledges_in_shopping_malls/,Inaccessible Ledges in shopping malls,single_location,recurring,not_mentioned,current_self,,,medium,True,1,0,1
https://www.reddit.com/r/TheMallWorld/comments/145v6kc/the_prophets_of_mall_world_pt1/,The Prophets of Mall World Pt.1,mostly_coherent,recurring,normal,current_self,,wakes up in reality after escaping/out in the open,medium,True,5,4,6
https://www.reddit.com/r/TheMallWorld/comments/1466o9l/reoccurring_school_in_a_mall/,Reoccurring School in a Mall,partially_coherent,long_term_recurring,not_mentioned,not_mentioned,,,medium,True,3,1,1
https://www.reddit.com/r/TheMallWorld/comments/149as1b/same_dream_since_i_was_little_a_scary_hotel/,"Same dream since I was little, a scary hotel",mostly_coherent,long_term_recurring,not_mentioned,child_self,not_mentioned,,high,True,9,4,3
https://www.reddit.com/r/TheMallWorld/comments/149vdcz/recurring_library_dreams/,Recurring Library dreams,partially_coherent,recurring,not_mentioned,not_mentioned,,,medium,True,1,0,0
https://www.reddit.com/r/TheMallWorld/comments/14bsqot/west_ed_bubba_baloos/,West Ed + Bubba Baloos,partially_coherent,not_mentioned,not_mentioned,multiple,,,medium,True,4,1,3
https://www.reddit.com/r/TheMallWorld/comments/14chmeb/recurring_dreams_about_my_backyard_that_doesnt/,Recurring dreams about my backyard that doesn't exist,partially_coherent,recurring,not_mentioned,current_self,,,medium,True,3,2,1
https://www.reddit.com/r/TheMallWorld/comments/14cs91k/anyone_else_just_stop_having_mall_world_dreams/,Anyone else just stop having mall world dreams?,mostly_coherent,long_term_recurring,not_mentioned,not_mentioned,,,high,True,5,5,2
https://www.reddit.com/r/TheMallWorld/comments/14gndn1/mall_world_with_my_older_bro/,Mall World with my older bro,mostly_coherent,not_mentioned,normal,current_self,Neutral/companionship while shopping; then becomes creepy after getting lost (raw: 'Then it got creepy'),Existential uncertainty/fear (raw: 'wondering if this really was the end of it all'),high,True,6,5,6
https://www.reddit.com/r/TheMallWorld/comments/14i3evt/i_do_have_some_reoccurring_locations_but_i_also/,I do have some reoccurring locations but I also have a reoccurring person.,not_enough_info,long_term_recurring,compressed,not_mentioned,,,medium,False,2,0,2
https://www.reddit.com/r/TheMallWorld/comments/14ix03k/the_auditoriumstage/,The Auditorium/Stage,single_location,recurring,normal,current_self,,embarrassed; pissed,medium,False,1,0,4
https://www.reddit.com/r/TheMallWorld/comments/14mjwxj/room_with_golden_walls/,Room with Golden Walls,partially_coherent,not_mentioned,not_mentioned,current_self,,suffocation/panic implied; woke up after believing they perished,high,True,2,1,3
https://www.reddit.com/r/TheMallWorld/comments/14th85g/had_this_dream_that_might_fit_here/,Had this dream that might fit here.,mostly_coherent,recurring,normal,current_self,not terrible at first; unsettling and creepy; didn't know where I was/how I got there/how to get out,scared (woke up immediately after entering black room),high,True,6,3,6
https://www.reddit.com/r/TheMallWorld/comments/14vbakc/not_sure_if_ive_been_there_i_dream_a_lot_can/,Not sure if I've been there. I dream a lot. Can someone verify?,partially_coherent,variation,not_mentioned,not_mentioned,uncomfortable,,medium,True,4,3,4
https://www.reddit.com/r/TheMallWorld/comments/14y8g79/the_movie_theater_fire/,The movie theater fire,mostly_coherent,recurring,looping,current_self,,wanted to get out of there; faded out and woke up,high,True,7,9,11
https://www.reddit.com/r/TheMallWorld/comments/14yrvxr/postapocalyptic_mall_dream/,Post-Apocalyptic Mall dream,mostly_coherent,variation,not_mentioned,current_self,,unclear (woke during pursuit/situation unresolved),high,True,3,2,4
https://www.reddit.com/r/TheMallWorld/comments/14z8zwo/dreamwalker/,Dreamwalker?,partially_coherent,recurring,not_mentioned,not_mentioned,,,medium,True,3,1,6
https://www.reddit.com/r/TheMallWorld/comments/14zctz2/some_locations_chosen_for_maximum_mall_worldliness/,"Some locations, chosen for maximum Mall Worldliness",mostly_coherent,recurring,not_mentioned,not_mentioned,,,high,True,8,8,5
https://www.reddit.com/r/TheMallWorld/comments/150e0br/dreaming_for_years_about_this_mall/,Dreaming for years about this mall,partially_coherent,long_term_recurring,not_mentioned,current_self,,,medium,True,6,2,0
https://www.reddit.com/r/TheMallWorld/comments/1585zzj/another_theme_park/,Another theme park,mostly_coherent,recurring,compressed,current_self,curious/neutral; 'getting lots of theme park dreams lately',anxious/fleeing; dream ended while running into deep forest,high,True,15,12,12
https://www.reddit.com/r/TheMallWorld/comments/159x47m/a_shiny_building_with_golden_lion_face_on_it_with/,"A shiny building with Golden Lion face on it, with Wheat growing in plant area, yellow lights.",single_location,long_term_recurring,not_mentioned,child_self,very very bizarre feelings,very very bizarre feelings,low,False,1,0,1
https://www.reddit.com/r/TheMallWorld/comments/15dhafb/an_actual_mall_this_time/,An actual mall this time,partially_coherent,not_mentioned,inconsistent,current_self,,,medium,True,6,5,9
https://www.reddit.com/r/TheMallWorld/comments/15ikkea/dream_this_week_we_were_singing/,Dream this week - we were singing?,partially_coherent,variation,not_mentioned,current_self,,,medium,True,3,2,2
https://www.reddit.com/r/TheMallWorld/comments/15jih7n/wanted_to_share_a_couple_i_have/,Wanted to Share a Couple I Have.,partially_coherent,recurring,not_mentioned,current_self,Varies; fear/chills/panic mentioned in several scenes,not_mentioned,high,True,13,8,6
https://www.reddit.com/r/TheMallWorld/comments/15n0zg3/starship_and_futuristic_planet_locations/,Starship and futuristic planet locations,mostly_coherent,long_term_recurring,not_mentioned,current_self,excitement and trepidation,odd sense of longing after waking up,medium,True,3,2,2
https://www.reddit.com/r/TheMallWorld/comments/15r9jfw/mall_travel_hubhotel/,Mall travel hub/hotel?,mostly_coherent,recurring,not_mentioned,current_self,,not_mentioned,medium,True,3,4,2
https://www.reddit.com/r/TheMallWorld/comments/15u74do/the_trails_outdoors/,The Trails/ Outdoors,partially_coherent,recurring,not_mentioned,not_mentioned,,,medium,True,4,3,2
https://www.reddit.com/r/TheMallWorld/comments/15yl9rp/bungalows_or_mobile_homes/,Bungalows or mobile homes,mostly_coherent,recurring,not_mentioned,not_mentioned,,,medium,True,4,3,2
https://www.reddit.com/r/TheMallWorld/comments/163n217/i_got_lucid_in_a_mall_world_dream_and_tried_to/,I got lucid in a mall world dream and tried to kidnap a dream character,single_location,variation,not_mentioned,current_self,,freaked me out,high,True,1,0,5
https://www.reddit.com/r/TheMallWorld/comments/167wrxn/the_care_facility_world/,The care facility world,mostly_coherent,variation,not_mentioned,current_self,,,high,True,8,8,5
https://www.reddit.com/r/TheMallWorld/comments/16982wt/slides/,Slides,partially_coherent,recurring,not_mentioned,not_mentioned,,,medium,True,2,1,1
https://www.reddit.com/r/TheMallWorld/comments/169gtcg/money_and_transportation_fees/,Money and transportation fees,partially_coherent,variation,not_mentioned,current_self,,,medium,True,3,1,3
https://www.reddit.com/r/TheMallWorld/comments/16cw933/ive_had_the_mall_world_dream_and_i_am_shocked/,I’ve had the mall world dream and i am shocked others have had it too,single_location,recurring,not_mentioned,not_mentioned,not_mentioned,not_mentioned,medium,True,1,0,1
https://www.reddit.com/r/TheMallWorld/comments/16d12x2/me_and_my_sister_have_had_mallworld_dreams_for/,Me and my sister have had mallworld dreams for years,mostly_coherent,long_term_recurring,not_mentioned,current_self,not_mentioned,not_mentioned,medium,True,9,4,3
https://www.reddit.com/r/TheMallWorld/comments/16dr3mk/mall_world_dream_repeated/,Mall world dream repeated,mostly_coherent,long_term_recurring,compressed,current_self,,,medium,True,17,5,3
https://www.reddit.com/r/TheMallWorld/comments/16esd4p/mall_school_recurring_dream/,Mall / School / recurring dream,mostly_coherent,recurring,not_mentioned,current_self,,"gratitude / wanting to revisit (verbatim: ""keep wanting to revisit it"")",high,True,8,7,4
https://www.reddit.com/r/TheMallWorld/comments/16f0t1o/aliens_took_over_last_night/,Aliens took over last night,partially_coherent,long_term_recurring,inconsistent,current_self,anxiety/dread/fear/panic described as typical baseline for these dreams,"hate/dread; ""I hate these mall world dreams""",high,True,2,0,4
https://www.reddit.com/r/TheMallWorld/comments/16f4npy/beachocean_in_my_dreams/,beach/ocean in my dreams,partially_coherent,recurring,not_mentioned,current_self,,,medium,True,6,2,3
https://www.reddit.com/r/TheMallWorld/comments/16fgu17/new_zealandantarcticaaustralia/,New Zealand/Antarctica/Australia,partially_coherent,recurring,not_mentioned,current_self,,,medium,True,2,1,3
https://www.reddit.com/r/TheMallWorld/comments/16fmwq3/does_anyone_else_go_to_halloween_town/,Does anyone else go to Halloween Town?,mostly_coherent,long_term_recurring,not_mentioned,current_self,,,medium,True,3,2,3
https://www.reddit.com/r/TheMallWorld/comments/16hd9im/i_had_this_dream_two_weeks_ago_across_multiple/,"I had this dream two weeks ago, across multiple nights.",partially_coherent,variation,compressed,current_self,,,medium,True,3,2,4
https://www.reddit.com/r/TheMallWorld/comments/16hhdxq/checkerboard_floor/,Checkerboard floor,single_location,long_term_recurring,not_mentioned,child_self,,,high,True,1,0,1
https://www.reddit.com/r/TheMallWorld/comments/16hjuye/my_dreams/,My dreams,mostly_coherent,long_term_recurring,not_mentioned,current_self,not_mentioned,not_mentioned,medium,True,17,6,7
https://www.reddit.com/r/TheMallWorld/comments/16i3oq3/an_old_theater/,An old theater,single_location,long_term_recurring,not_mentioned,current_self,,,high,True,3,1,4
https://www.reddit.com/r/TheMallWorld/comments/16j5gm9/the_safari_fields/,The Safari Fields,mostly_coherent,recurring,not_mentioned,not_mentioned,,,high,True,9,4,4
https://www.reddit.com/r/TheMallWorld/comments/16j5iwb/winding_hilly_row_of_restaurants_at_night/,Winding hilly row of restaurants at night.,mostly_coherent,recurring,not_mentioned,current_self,lost; looking for help/reorient,,medium,True,2,1,4
https://www.reddit.com/r/TheMallWorld/comments/16jkyuk/this_subreddit_is_messing_with_my_sense_of_reality/,This subreddit is messing with my sense of reality,mostly_coherent,long_term_recurring,not_mentioned,not_mentioned,This is insane,It's just crazy that other people go.,medium,True,2,1,1
https://www.reddit.com/r/TheMallWorld/comments/16jlyk1/sick_but_went_to_mallworld/,Sick but went to mallworld,single_location,variation,not_mentioned,current_self,I’m sick and just woke up from a nap.,,medium,True,1,0,2
https://www.reddit.com/r/TheMallWorld/comments/16jmk3l/winding_river_dreams/,Winding river dreams,mostly_coherent,recurring,not_mentioned,current_self,overall nice day,,medium,True,3,2,2
https://www.reddit.com/r/TheMallWorld/comments/16jsxpc/large_bridges_impossible_waterways_beaches_and/,"Large bridges, impossible waterways, beaches and the perfect house.",partially_coherent,long_term_recurring,not_mentioned,current_self,,,medium,True,3,0,4
https://www.reddit.com/r/TheMallWorld/comments/16jv7ct/my_mall_world_dreams_and_what_is_at_the_end/,My mall world dreams and what is at the end.,mostly_coherent,recurring,not_mentioned,not_mentioned,,,medium,True,7,2,3
https://www.reddit.com/r/TheMallWorld/comments/16mdsrg/mall_dream_as_child/,Mall Dream as Child,not_enough_info,long_term_recurring,not_mentioned,child_self,intrigued (about subreddit); childhood dreams described as intense/realistic,,medium,False,3,0,2
https://www.reddit.com/r/TheMallWorld/comments/16me6yl/who_do_you_feel_you_are_when_you_are_in/,Who do you feel “you are” when you are in TheMallWorld?,not_enough_info,recurring,not_mentioned,current_self,,,medium,False,1,0,3
https://www.reddit.com/r/TheMallWorld/comments/16mzezz/if_you_see_a_flatbed_tow_truck_in_the_mall_it_was/,"If you see a flatbed tow truck in the mall, it was me",mostly_coherent,not_mentioned,normal,current_self,,,medium,True,6,4,4
https://www.reddit.com/r/TheMallWorld/comments/16nbf7f/another_hotel/,Another hotel,highly_coherent,not_mentioned,not_mentioned,not_mentioned,,,high,True,4,2,3
https://www.reddit.com/r/TheMallWorld/comments/16ng0xl/my_first_visit_and_a_method_to_return/,My first visit and a method to return.,mostly_coherent,variation,inconsistent,current_self,,woke up after noticing something inside the cow skin with a long thin black arm and sharp fingers,high,True,8,8,11
https://www.reddit.com/r/TheMallWorld/comments/16nsuyc/i_work_at_a_restaurant/,I work at a restaurant,mostly_coherent,long_term_recurring,not_mentioned,current_self,,peaceful,high,True,9,3,9
https://www.reddit.com/r/TheMallWorld/comments/16qfgm3/spa_part_of_mall_world/,Spa part of mall world,partially_coherent,not_mentioned,normal,current_self,,,high,True,1,0,2
https://www.reddit.com/r/TheMallWorld/comments/16qgyda/i_am_blown_away_that_this_is_a_thing/,I am blown away that this is a thing,partially_coherent,long_term_recurring,not_mentioned,current_self,,,medium,True,5,3,6
https://www.reddit.com/r/TheMallWorld/comments/16qkbgg/malls_of_various_use_units_instead_of_retail/,Malls of various use units instead of retail stores?,not_enough_info,recurring,not_mentioned,not_mentioned,,,medium,True,4,0,1
https://www.reddit.com/r/TheMallWorld/comments/16r3jru/im_in_shock_that_i_found_this_sub/,I'm in shock that I found this sub,mostly_coherent,recurring,not_mentioned,not_mentioned,"in shock / total disbelief (""I'm actually shaking typing this"")",not_mentioned,high,True,12,4,1
https://www.reddit.com/r/TheMallWorld/comments/16s80wo/this_sub_just_showed_up_on_my_feed_and_im_still/,This sub just showed up on my feed and I'm still floored by the idea of it.,mostly_coherent,recurring,not_mentioned,not_mentioned,floored by the idea of it,,medium,True,7,4,3
https://www.reddit.com/r/TheMallWorld/comments/16t0alc/going_to_a_wedding/,Going to a Wedding,mostly_coherent,recurring,not_mentioned,current_self,,,medium,True,5,4,4
https://www.reddit.com/r/TheMallWorld/comments/16teucq/stuck_in_the_elevator_lobby/,Stuck in the elevator lobby?,mostly_coherent,recurring,looping,current_self,feeling of needing to leave that area but no choice is ever the right choice,,medium,True,3,3,3
https://www.reddit.com/r/TheMallWorld/comments/16u72nf/this_is_so_weird/,This is so weird,not_enough_info,recurring,not_mentioned,not_mentioned,,,medium,False,1,0,2
https://www.reddit.com/r/TheMallWorld/comments/16u9cbq/version_of_new_york/,Version of New York?,mostly_coherent,recurring,not_mentioned,not_mentioned,not_mentioned,,high,True,5,4,4
https://www.reddit.com/r/TheMallWorld/comments/16ucrdu/breaking_in_movie_theater_lobby_realness/,Breaking in; movie theater lobby realness; conspiracy theories; the other side of reality,partially_coherent,recurring,not_mentioned,current_self,,,medium,True,10,5,2
https://www.reddit.com/r/TheMallWorld/comments/16umndk/concert_venue_andor_movie_theater_have_you_been/,concert venue and/or movie theater: have you been here?,mostly_coherent,recurring,compressed,multiple,,panic/anxiety; woke up,high,True,4,3,2
https://www.reddit.com/r/TheMallWorld/comments/16vn281/portal_elevator_like_vertical_blinds/,Portal elevator like vertical blinds?,mostly_coherent,long_term_recurring,not_mentioned,current_self,shocked and amazed it exists,stunned and amazed,high,True,4,1,1
https://www.reddit.com/r/TheMallWorld/comments/16w6xkp/city_on_ocean_with_roads_made_of_docks/,City on ocean with roads made of docks,highly_coherent,recurring,not_mentioned,not_mentioned,chill and peaceful,,high,True,5,2,2
https://www.reddit.com/r/TheMallWorld/comments/16wcmc3/the_void_bedroom/,The void bedroom,single_location,long_term_recurring,not_mentioned,multiple,not_mentioned,choking and screaming,high,True,1,0,3
https://www.reddit.com/r/TheMallWorld/comments/16wo6pf/my_mall_house/,My mall house,mostly_coherent,recurring,inconsistent,current_self,,,high,True,9,6,3
https://www.reddit.com/r/TheMallWorld/comments/16ws748/anyone_been_at_this_word_with_a_hostile_ecology/,Anyone been at this word with a hostile ecology,mostly_coherent,recurring,not_mentioned,not_mentioned,,,medium,True,5,2,1
https://www.reddit.com/r/TheMallWorld/comments/16wxofg/strange_locations/,Strange locations,mostly_coherent,long_term_recurring,not_mentioned,not_mentioned,,,high,True,5,4,1
https://www.reddit.com/r/TheMallWorld/comments/16x3uog/a_very_vivid_dream_i_had_recently_in_some_sort_of/,A very vivid dream I had recently in some sort of large resort/town,mostly_coherent,first_visit,normal,current_self,Overwhelmed with exhaustion; sense that I had to go back to bed right away.,Vivid/lingering; felt more real than a normal dream; urge to ask friends about it.,high,True,11,7,3
https://www.reddit.com/r/TheMallWorld/comments/16x4esu/odd_showers/,Odd showers.,not_enough_info,long_term_recurring,not_mentioned,not_mentioned,,,medium,True,5,1,2
https://www.reddit.com/r/TheMallWorld/comments/16x6i4n/regularly_dream_of_a_dorm_and_locker_room_type/,Regularly dream of a dorm and locker room type setting,mostly_coherent,recurring,not_mentioned,not_mentioned,,,medium,True,4,5,1
https://www.reddit.com/r/TheMallWorld/comments/16x97ot/stray_animals_and_babies/,Stray animals and Babies,partially_coherent,recurring,not_mentioned,current_self,,,medium,True,1,0,3
https://www.reddit.com/r/TheMallWorld/comments/16xf2vi/graffiti_tunnels/,Graffiti Tunnels,mostly_coherent,recurring,not_mentioned,current_self,,woke up after being told they'd see me tomorrow,high,True,3,2,7
https://www.reddit.com/r/TheMallWorld/comments/16xk1sd/fast_food_restaurant/,Fast food restaurant?,partially_coherent,recurring,not_mentioned,not_mentioned,,,medium,True,4,2,4
https://www.reddit.com/r/TheMallWorld/comments/16xtflx/i_found_a_cave/,I found a cave,partially_coherent,not_mentioned,compressed,current_self,,emotion was soo heavy; dream ended abruptly; woke up remembering it vividly,medium,True,1,1,3
https://www.reddit.com/r/TheMallWorld/comments/16xv0v2/mall_world_parking_lot/,Mall world parking lot,mostly_coherent,long_term_recurring,not_mentioned,not_mentioned,I have chill bumps on my whole body right now.,,high,True,7,4,3
https://www.reddit.com/r/TheMallWorld/comments/16xw8ln/big_tree/,Big tree,partially_coherent,recurring,not_mentioned,current_self,,,medium,True,1,1,2
https://www.reddit.com/r/TheMallWorld/comments/16ygzov/the_house/,The house,partially_coherent,long_term_recurring,not_mentioned,not_mentioned,,,medium,True,3,0,1
https://www.reddit.com/r/TheMallWorld/comments/16yknip/my_mall_world_experience/,My Mall World Experience,mostly_coherent,recurring,not_mentioned,current_self,,waking up; can feel body on bed until eyes open (often preceded by excitement/emotional arousal),medium,True,6,3,6
https://www.reddit.com/r/TheMallWorld/comments/16yx7h9/large_waterside_slide_outside_hotel/,Large waterside slide outside Hotel.,single_location,not_mentioned,not_mentioned,not_mentioned,,,high,True,2,2,1
https://www.reddit.com/r/TheMallWorld/comments/16zttum/my_experiences_in_mall_world/,My experiences in Mall World,partially_coherent,recurring,not_mentioned,current_self,,,medium,True,4,2,5
https://www.reddit.com/r/TheMallWorld/comments/1707lxk/has_anyone_been_to_this_city/,Has anyone been to this city?,mostly_coherent,long_term_recurring,not_mentioned,current_self,pleasant / nice day out (daytime visit); later visit: not friendly/warm,woke up after going through big round door,high,True,8,5,5
https://www.reddit.com/r/TheMallWorld/comments/170x3nf/department_store_vet/,Department store vet?,single_location,recurring,not_mentioned,not_mentioned,,,medium,True,2,0,1
https://www.reddit.com/r/TheMallWorld/comments/1712ncy/cannot_believe_this_sub_exists/,Cannot believe this sub exists…,mostly_coherent,long_term_recurring,not_mentioned,current_self,,,medium,True,6,4,4
https://www.reddit.com/r/TheMallWorld/comments/1713fwu/canadian_dream_mall/,Canadian Dream Mall,mostly_coherent,long_term_recurring,not_mentioned,current_self,,hopeful (does not want real-life dilapidated mall to replace dream mall),high,True,8,4,6
https://www.reddit.com/r/TheMallWorld/comments/1714vqf/abandoned_roads_crazybroken_bridges_touristy/,"Abandoned roads, crazy/broken bridges, touristy trails, and weird ways to travel?",mostly_coherent,recurring,not_mentioned,not_mentioned,,,medium,True,8,5,4
https://www.reddit.com/r/TheMallWorld/comments/1719lgm/another_one/,Another one…,mostly_coherent,not_mentioned,not_mentioned,current_self,,,medium,True,3,3,3
https://www.reddit.com/r/TheMallWorld/comments/171dpx3/museum_rooms_and_zoo_rooms/,Museum rooms and zoo rooms,partially_coherent,recurring,not_mentioned,not_mentioned,,,high,True,2,0,1
https://www.reddit.com/r/TheMallWorld/comments/171dz6s/people_with_striations/,People with striations,mostly_coherent,recurring,not_mentioned,current_self,,,medium,True,5,3,4
https://www.reddit.com/r/TheMallWorld/comments/171feu0/strip_mall_world/,Strip mall world?,highly_coherent,long_term_recurring,not_mentioned,current_self,,not_mentioned,high,True,12,5,4
https://www.reddit.com/r/TheMallWorld/comments/171lq78/dreams_about_schools/,Dreams about schools,not_enough_info,recurring,not_mentioned,multiple,,,medium,False,3,0,3
https://www.reddit.com/r/TheMallWorld/comments/171lw9l/vivid_dream_about_a_multistory_circular_mall_with/,Vivid dream about a multi-story circular mall with a giant pool/lagoon in the middle,mostly_coherent,not_mentioned,not_mentioned,not_mentioned,,,medium,True,2,1,1
https://www.reddit.com/r/TheMallWorld/comments/171q43c/oops_all_restaurants/,Oops! All Restaurants!,mostly_coherent,variation,not_mentioned,current_self,,,high,True,11,5,4
https://www.reddit.com/r/TheMallWorld/comments/171s44i/anyone_experience_strange_background_noisemusic/,Anyone experience strange background noise/music sometimes? Here's one strange one I actually remembered the lyrics to:,single_location,recurring,not_mentioned,not_mentioned,,,medium,True,1,0,2
https://www.reddit.com/r/TheMallWorld/comments/172x1t8/street_fairs_malls_and_marketplaces_oh_my/,"Street fairs, malls and marketplaces, oh my!",mostly_coherent,long_term_recurring,not_mentioned,current_self,,,medium,True,7,0,4
https://www.reddit.com/r/TheMallWorld/comments/1731wlb/ziggurat_with_bath_house/,Ziggurat with Bath House,single_location,long_term_recurring,not_mentioned,current_self,,relief,medium,True,2,1,3
https://www.reddit.com/r/TheMallWorld/comments/1734qps/my_journey_in_mallworld/,My journey in mallworld,highly_coherent,long_term_recurring,normal,current_self,,frustrated; wants it to stop or become useful,high,True,23,10,8
https://www.reddit.com/r/TheMallWorld/comments/173j2iu/i_often_dream_that_i_own_several_aquariums_with/,I often dream that I own several aquariums with far too many animals.,single_location,recurring,not_mentioned,not_mentioned,,,medium,False,1,0,1
https://www.reddit.com/r/TheMallWorld/comments/1743i9v/recurring_toyrecord_store_in_my_dreams/,Recurring toy/record store in my dreams,mostly_coherent,recurring,normal,not_mentioned,,comforted,high,True,3,2,2
https://www.reddit.com/r/TheMallWorld/comments/1743udr/had_a_dream_about_this_subreddit/,Had a dream about this sub-Reddit,single_location,not_mentioned,not_mentioned,current_self,,upset,high,False,1,0,2
https://www.reddit.com/r/TheMallWorld/comments/174czxf/surprised_i_found_this_sub/,Surprised I found this sub,mostly_coherent,recurring,not_mentioned,current_self,,,medium,True,5,3,5
https://www.reddit.com/r/TheMallWorld/comments/17546ad/weird_2nd_life_dream_curious_if_any_similarities/,Weird 2nd life dream curious if any similarities.,mostly_coherent,long_term_recurring,not_mentioned,current_self,,,medium,True,6,5,6
https://www.reddit.com/r/TheMallWorld/comments/1755686/undergroundcity/,Underground…city?,mostly_coherent,recurring,not_mentioned,current_self,,,high,True,8,4,2
https://www.reddit.com/r/TheMallWorld/comments/175rosp/my_mall_world_happened_to_have_a_hospital_and_it/,"My mall world happened to have a hospital, and it was creepy",mostly_coherent,recurring,not_mentioned,current_self,surprised I found this sub,creepy; got scared; went back; told how to get out,high,True,7,3,3
https://www.reddit.com/r/TheMallWorld/comments/175s3wt/ive_been_stuck_in_the_same_dreamspace_for_over_a/,I've been stuck in the same dreamspace for over a year.,highly_coherent,long_term_recurring,not_mentioned,current_self,,lonely and boring,high,True,14,7,1
https://www.reddit.com/r/TheMallWorld/comments/175vcth/dream_characters_as_guides/,Dream characters as Guides,single_location,recurring,not_mentioned,not_mentioned,,Then I wake up.,medium,True,4,2,3
https://www.reddit.com/r/TheMallWorld/comments/176fclw/mothers_nightmare_came_true/,Mother’s nightmare came true,single_location,long_term_recurring,not_mentioned,current_self,,"wakes up screaming, crying, hysterical",medium,True,3,0,3
https://www.reddit.com/r/TheMallWorld/comments/176jm4n/is_this_the_mall_world/,is this the mall world?,partially_coherent,not_mentioned,inconsistent,multiple,,,medium,True,3,2,3
https://www.reddit.com/r/TheMallWorld/comments/176vbs0/crane_games/,Crane games,partially_coherent,long_term_recurring,not_mentioned,not_mentioned,,,medium,True,3,2,3
https://www.reddit.com/r/TheMallWorld/comments/1775yyp/earthquake_in_mall_world/,Earthquake in Mall World,partially_coherent,not_mentioned,looping,current_self,,woke up during/after second earthquake while escaping with father/son,high,True,4,4,5
https://www.reddit.com/r/TheMallWorld/comments/1777er8/mallworld_dreams/,Mallworld dreams,mostly_coherent,not_mentioned,not_mentioned,not_mentioned,,,medium,True,10,4,0
https://www.reddit.com/r/TheMallWorld/comments/177jxdc/30_years_of_mall_dreams_mapped/,"30 years of mall dreams, mapped",mostly_coherent,long_term_recurring,not_mentioned,not_mentioned,,,medium,True,24,18,0
https://www.reddit.com/r/TheMallWorld/comments/177w1ek/my_mallworld_dream_is_morphing/,My mallworld dream is morphing...,mostly_coherent,not_mentioned,compressed,current_self,heart racing with a sense of urgency; had to get to the mall,planning to continue my quest in the morning,high,True,8,7,5
https://www.reddit.com/r/TheMallWorld/comments/178hx7i/stumbled_upon_this_sub_and_it_describes_this/,Stumbled upon this sub and it describes this reoccurring dream life I’ve had a few times…,mostly_coherent,recurring,looping,current_self,frustrated trying to order,scared / threatened; trying to wake up,high,True,7,3,8
https://www.reddit.com/r/TheMallWorld/comments/178k5yy/lucidity_at_a_bus_stop/,Lucidity at a bus stop,single_location,not_mentioned,not_mentioned,current_self,,,high,False,1,0,2
https://www.reddit.com/r/TheMallWorld/comments/1799ynk/my_dream_worldcan_anyone_relate/,My Dream World-can anyone relate?,mostly_coherent,long_term_recurring,not_mentioned,current_self,,reluctant to leave / doesn't want to wake up (described as not wanting to leave that world),medium,True,2,0,2
https://www.reddit.com/r/TheMallWorld/comments/179cjmf/it_got_saucy/,It got saucy!,partially_coherent,recurring,not_mentioned,current_self,,,medium,True,5,1,2
https://www.reddit.com/r/TheMallWorld/comments/179tosi/first_dream_in_a_while_and_its_in_a_mall_partially/,"First dream in a while and it's in a mall, partially",partially_coherent,not_mentioned,inconsistent,current_self,,,medium,True,4,3,6
https://www.reddit.com/r/TheMallWorld/comments/17a0lox/new_location/,New location,mostly_coherent,recurring,not_mentioned,current_self,,,medium,True,3,2,2
https://www.reddit.com/r/TheMallWorld/comments/17a3dyn/elevator_with_fish_wallpaper/,elevator with fish wallpaper,partially_coherent,not_mentioned,compressed,current_self,pretty normal dream,nightmare; not too shook about it,medium,True,5,3,3
https://www.reddit.com/r/TheMallWorld/comments/17ab79w/inter_dimensional_hotel_of_sorts/,Inter dimensional hotel of sorts,mostly_coherent,first_visit,not_mentioned,current_self,,woke up right as about to merge rooms,medium,True,3,2,4
https://www.reddit.com/r/TheMallWorld/comments/17ahqbz/been_in_the_neighborhood_behind_mall_world_lately/,Been in the neighborhood behind Mall World lately,mostly_coherent,recurring,inconsistent,multiple,,,medium,True,4,3,4
https://www.reddit.com/r/TheMallWorld/comments/17ahqcr/been_in_the_neighborhood_behind_mall_world_lately/,Been in the neighborhood behind Mall World lately,partially_coherent,recurring,inconsistent,different_person,,,medium,True,4,4,4
https://www.reddit.com/r/TheMallWorld/comments/17ahqcv/been_in_the_neighborhood_behind_mall_world_lately/,Been in the neighborhood behind Mall World lately,partially_coherent,variation,inconsistent,different_person,,,medium,True,4,4,5
https://www.reddit.com/r/TheMallWorld/comments/17akxil/has_anyone_been_to_the_large_green_warehouse_that/,Has anyone been to the large green warehouse that I call purgatory?,partially_coherent,not_mentioned,not_mentioned,not_mentioned,,,medium,True,6,5,3
https://www.reddit.com/r/TheMallWorld/comments/17apy0a/outside_security_hq/,Outside Security HQ,partially_coherent,not_mentioned,compressed,current_self,,felt free; not threatened or scared,high,True,5,4,3
https://www.reddit.com/r/TheMallWorld/comments/17b2dle/the_hub/,“The Hub”,single_location,recurring,not_mentioned,current_self,,chills,high,True,2,1,2
https://www.reddit.com/r/TheMallWorld/comments/17b6hep/my_dream_location/,My dream location,single_location,long_term_recurring,not_mentioned,not_mentioned,,,medium,True,1,0,1
https://www.reddit.com/r/TheMallWorld/comments/17c1trq/the_rock_shop/,The Rock Shop,partially_coherent,long_term_recurring,not_mentioned,not_mentioned,,,medium,True,2,0,1
https://www.reddit.com/r/TheMallWorld/comments/17c1trr/the_rock_shop/,The Rock Shop,mostly_coherent,long_term_recurring,not_mentioned,not_mentioned,,,medium,True,2,0,1
https://www.reddit.com/r/TheMallWorld/comments/17c1ved/my_mall_world_changed_when_i_got_sober/,My mall world changed when I got sober.,partially_coherent,long_term_recurring,not_mentioned,current_self,Planning for the worst; searching for family (apocalypse dreams),Life is generally pretty amazing these days,medium,True,8,0,5
https://www.reddit.com/r/TheMallWorld/comments/17c54ut/the_rock_shop/,The Rock Shop,single_location,long_term_recurring,not_mentioned,not_mentioned,,,medium,True,2,0,2
https://www.reddit.com/r/TheMallWorld/comments/17co7bz/its_not_a_mall_its_some_kind_of_city_for_me/,"It’s not a mall, it’s some kind of city for me",highly_coherent,long_term_recurring,not_mentioned,not_mentioned,,,high,True,10,4,5
https://www.reddit.com/r/TheMallWorld/comments/17ctq1y/my_new_apartment_in_the_mall_world/,My new apartment in the mall world,mostly_coherent,variation,not_mentioned,not_mentioned,,,high,True,4,3,3
https://www.reddit.com/r/TheMallWorld/comments/17dvwiu/its_always_a_hotel_or_sprawling_mansion_for_me/,It's always a hotel or sprawling mansion for me,partially_coherent,long_term_recurring,not_mentioned,not_mentioned,,,medium,True,9,2,3
https://www.reddit.com/r/TheMallWorld/comments/17e6z3u/mall_world_in_bad_decline/,Mall World in Bad Decline,single_location,long_term_recurring,not_mentioned,not_mentioned,,,medium,False,3,0,2
https://www.reddit.com/r/TheMallWorld/comments/17e9u00/target_dream/,Target dream,partially_coherent,not_mentioned,inconsistent,current_self,,collapsed then woke up (in dream) in urgent care; later woke up from dream,high,True,4,3,5
https://www.reddit.com/r/TheMallWorld/comments/17ec8qa/does_anyone_visit_funeral_homes_and_cemeteries_in/,"Does anyone visit funeral homes and cemeteries in their Mall World? I'm always walking, never driving anywhere. I have one central cemetery, always visited at night, always walking never driving. I know where I'm going but never see the name on the stone.",mostly_coherent,long_term_recurring,not_mentioned,current_self,,,medium,True,3,1,2
https://www.reddit.com/r/TheMallWorld/comments/17et1cc/i_guess_im_married/,I guess I'm married,not_enough_info,long_term_recurring,not_mentioned,multiple,,,medium,False,1,0,4
https://www.reddit.com/r/TheMallWorld/comments/17eu4ir/i_finally_exited_to_the_correct_parking_lot/,I finally exited to the correct parking lot.,partially_coherent,not_mentioned,compressed,current_self,,,high,True,4,3,3
https://www.reddit.com/r/TheMallWorld/comments/17f29e6/maze_house/,Maze House,mostly_coherent,not_mentioned,not_mentioned,current_self,,,medium,True,2,2,1
https://www.reddit.com/r/TheMallWorld/comments/17fcmm8/my_recurring_dreamscape/,My recurring dreamscape,mostly_coherent,long_term_recurring,not_mentioned,current_self,not scared at all; feeling very safe and wanting to explore,nostalgia and sadness on waking; misses it,high,True,5,3,4
https://www.reddit.com/r/TheMallWorld/comments/17fu2it/sometimes_i_get_to_go_on_lakes_and_rivers/,Sometimes I get to go on lakes and rivers.,partially_coherent,recurring,not_mentioned,not_mentioned,,,medium,True,3,2,3
https://www.reddit.com/r/TheMallWorld/comments/17fv3qx/anyone_else_familiar_with_a_weird_desert/,"Anyone else familiar with a ""weird"" desert?",mostly_coherent,recurring,not_mentioned,current_self,,,medium,True,2,1,2
https://www.reddit.com/r/TheMallWorld/comments/17gk7vv/high_school_world/,High school world,mostly_coherent,recurring,not_mentioned,current_self,,woke up after not being able to stay in it,medium,True,3,2,2
https://www.reddit.com/r/TheMallWorld/comments/17i66kf/dream_codes/,Dream codes??,not_enough_info,long_term_recurring,not_mentioned,current_self,excited (about finding the sub) / not specified in-dream at start,confused and on edge (upon waking/after),medium,False,1,0,1
https://www.reddit.com/r/TheMallWorld/comments/17il89m/my_most_vivid_and_detailed_dream_of_mall_world/,My Most Vivid and Detailed Dream of Mall World (and sinking ship),mostly_coherent,variation,normal,current_self,"First dream: extremely pleasant, almost euphoric. Second dream: distressing nightmare.",Woke up distressed (second dream ends on dilemma).,high,True,7,6,10
https://www.reddit.com/r/TheMallWorld/comments/17ilmo2/some_dream_journal_entries_from_my_personal/,Some Dream Journal Entries from my personal MallWorld,not_enough_info,recurring,not_mentioned,not_mentioned,,,medium,True,4,3,0
https://www.reddit.com/r/TheMallWorld/comments/17ipsvi/last_nights_dream/,Last Nights Dream,partially_coherent,not_mentioned,normal,current_self,scary,confusion,medium,True,4,2,6
https://www.reddit.com/r/TheMallWorld/comments/17iwrsi/anyone_been_to_a_hotelmall/,Anyone been to a hotel/mall?,partially_coherent,first_visit,not_mentioned,current_self,,,medium,True,2,3,1
https://www.reddit.com/r/TheMallWorld/comments/17je3pd/some_things_have_changed/,Some things have changed,mostly_coherent,recurring,not_mentioned,current_self,,,medium,True,3,1,3
https://www.reddit.com/r/TheMallWorld/comments/17jf7qv/baseball_stadium/,Baseball Stadium,partially_coherent,recurring,compressed,current_self,"terrified (""this dream really got to me"")",still thinking about it days later,high,True,5,4,7
https://www.reddit.com/r/TheMallWorld/comments/17jkrb3/unnerving_mallworld_experience_lately/,Unnerving mallworld experience lately,mostly_coherent,recurring,looping,current_self,generally mundane,anxious,high,True,4,3,4
https://www.reddit.com/r/TheMallWorld/comments/17jpsp1/this_felt_so_real/,This felt so real,partially_coherent,not_mentioned,looping,current_self,,,medium,True,4,3,3
https://www.reddit.com/r/TheMallWorld/comments/17jx517/how_did_i_just_stumble_into_this_group/,How did I just stumble into this group?,highly_coherent,long_term_recurring,not_mentioned,current_self,got chills reading some of the other posts,,high,True,10,7,3
https://www.reddit.com/r/TheMallWorld/comments/17k7v3h/airport_dreams/,Airport dreams,mostly_coherent,recurring,not_mentioned,current_self,,,medium,True,3,3,4
https://www.reddit.com/r/TheMallWorld/comments/17kbw8m/college_campus_world/,College campus world,partially_coherent,long_term_recurring,not_mentioned,current_self,perpetual fear of failing out of college; always late,not_mentioned,high,True,1,0,2
https://www.reddit.com/r/TheMallWorld/comments/17kmcmd/the_dirt_road/,The Dirt Road,partially_coherent,long_term_recurring,not_mentioned,not_mentioned,,,medium,True,3,0,1
https://www.reddit.com/r/TheMallWorld/comments/17ksqqc/i_just_had_a_halloween_edition/,I just had a Halloween edition!,single_location,not_mentioned,not_mentioned,current_self,,,high,True,1,1,1
https://www.reddit.com/r/TheMallWorld/comments/17ktnzh/dream_from_last_night/,Dream from last night,mostly_coherent,recurring,not_mentioned,current_self,,,medium,True,4,3,3
https://www.reddit.com/r/TheMallWorld/comments/17m1d99/changing_rooms/,Changing Rooms,single_location,recurring,not_mentioned,current_self,,,high,True,2,0,1
https://www.reddit.com/r/TheMallWorld/comments/17mui9c/my_familys_mansion/,My Family's Mansion,mostly_coherent,long_term_recurring,not_mentioned,current_self,awe; awkwardness about living back at home,not_mentioned,high,True,5,4,5
https://www.reddit.com/r/TheMallWorld/comments/17nnf8w/dragonkin/,Dragonkin!,partially_coherent,variation,inconsistent,current_self,,,medium,True,7,3,8
https://www.reddit.com/r/TheMallWorld/comments/17o4xl0/flying_lucidly/,Flying lucidly,partially_coherent,recurring,not_mentioned,current_self,,,high,True,5,3,4
https://www.reddit.com/r/TheMallWorld/comments/17ofpnj/steam_tunnel_gates/,Steam tunnel gates,mostly_coherent,recurring,inconsistent,current_self,,feels like an asshole,high,True,2,1,5
https://www.reddit.com/r/TheMallWorld/comments/17ohphi/crazy_mall_world_dream_last_night/,Crazy mall world dream last night,mostly_coherent,recurring,not_mentioned,current_self,stress due to work; less sleep,,high,True,3,2,3
https://www.reddit.com/r/TheMallWorld/comments/17pc17u/my_first_mallworld_experience_today/,My first Mallworld experience today,mostly_coherent,recurring,inconsistent,current_self,intense lucid dream; did not want to wake up,"jarring; yelled ""noooo!"" when woken",high,True,4,3,4
https://www.reddit.com/r/TheMallWorld/comments/17pg9rb/to_me_my_dreams_arent_actually_about_a_mall_but/,"To me my dreams aren’t actually about a mall, but is mall like",not_enough_info,not_mentioned,not_mentioned,not_mentioned,,,medium,True,1,0,0
https://www.reddit.com/r/TheMallWorld/comments/17plila/desolate_planet_at_the_edge_of_the_universe/,Desolate planet at the edge of the Universe,mostly_coherent,recurring,normal,current_self,rather pleasant,very peaceful,high,True,4,1,1
https://www.reddit.com/r/TheMallWorld/comments/17qh9cc/my_mall_world_i_guess/,my mall world i guess,mostly_coherent,long_term_recurring,not_mentioned,not_mentioned,not_mentioned,not_mentioned,low,True,1,0,1
https://www.reddit.com/r/TheMallWorld/comments/17qqfdc/blob_in_the_theater/,Blob in the Theater,mostly_coherent,not_mentioned,not_mentioned,current_self,,,high,True,4,4,9
https://www.reddit.com/r/TheMallWorld/comments/17qy652/elevators_into_escalators/,Elevators Into Escalators,partially_coherent,variation,normal,current_self,,frantic/desperate (upon waking: realization of recurrence),high,True,6,5,4
https://www.reddit.com/r/TheMallWorld/comments/17sa9bs/went_lucid_in_mall_world/,Went lucid in mall world,single_location,not_mentioned,compressed,current_self,,confusion,high,True,1,0,4
https://www.reddit.com/r/TheMallWorld/comments/17sz0ey/mall_world_building/,Mall World Building,mostly_coherent,recurring,not_mentioned,not_mentioned,,"relief (""Phew"")",medium,True,4,3,3
https://www.reddit.com/r/TheMallWorld/comments/17t1ius/mall_world/,Mall world?,partially_coherent,recurring,not_mentioned,not_mentioned,absolutely shocked (on finding subreddit; not stated as in-dream emotion),,medium,True,4,1,0
https://www.reddit.com/r/TheMallWorld/comments/17tr5ys/just_woke_from_a_dream_at_a_mall_world_location/,Just woke from a dream at a mall world location but anyone ever had a feeling like this?,partially_coherent,recurring,slow,current_self,dark feeling / uneasy at party (not afraid at city destruction due to 'simulation' belief),can't shake dark feeling from party,medium,True,2,1,4
https://www.reddit.com/r/TheMallWorld/comments/17tz6pg/the_same_house/,The Same House…,highly_coherent,long_term_recurring,not_mentioned,not_mentioned,,,high,True,8,3,3
https://www.reddit.com/r/TheMallWorld/comments/17u2t1d/i_am_shook/,I am shook.,mostly_coherent,long_term_recurring,not_mentioned,current_self,not_mentioned,mind blown / shook (found group; reaction after reading stories),high,True,14,13,5
https://www.reddit.com/r/TheMallWorld/comments/17u3s5l/im_so_glad_im_not_the_only_one/,I’m so glad I’m not the only one,mostly_coherent,recurring,not_mentioned,not_mentioned,,,medium,True,8,1,6
https://www.reddit.com/r/TheMallWorld/comments/17ur8qd/the_lady_in_the_river_and_feast_of_fairies/,The Lady in the River and feast of Fairies,mostly_coherent,recurring,normal,current_self,,sadness as sun rises / dream ending,medium,True,6,5,4
https://www.reddit.com/r/TheMallWorld/comments/17v116y/the_water_parkfirst_visit_last_night/,The water park…first visit last night,partially_coherent,first_visit,inconsistent,current_self,curious,restless; awoke before ride started; 'Fun.',medium,True,5,1,2
https://www.reddit.com/r/TheMallWorld/comments/17v1ygl/haunted_mansion/,Haunted Mansion,mostly_coherent,long_term_recurring,inconsistent,multiple,,,high,True,7,2,3
https://www.reddit.com/r/TheMallWorld/comments/17vb5fn/this_is_a_weird_one_that_i_had_years_ago_way/,"This is a weird one that I had years ago, way before I found this sub, and always found fascinating",mostly_coherent,long_term_recurring,not_mentioned,current_self,carefree (roller blading around),coolest dreams I've ever had (positive/excited),high,True,3,0,2
https://www.reddit.com/r/TheMallWorld/comments/17wm2bz/fire_at_mallhome_depot_entrance_last_night/,Fire At Mall/Home Depot Entrance Last Night,partially_coherent,recurring,not_mentioned,current_self,,,medium,True,3,2,5
https://www.reddit.com/r/TheMallWorld/comments/17wzafx/i_had_a_weird_one_last_night_where_i_had_to_save/,I had a weird one last night where I had to save mall world,partially_coherent,variation,not_mentioned,current_self,wandering/curious; fascinated by stores (explicitly described as 'really interesting' and 'fascinating'),completely exhausted,medium,True,4,3,6
https://www.reddit.com/r/TheMallWorld/comments/17x0rnn/cathedral_city/,Cathedral City?,partially_coherent,long_term_recurring,not_mentioned,not_mentioned,,,medium,True,4,0,0
https://www.reddit.com/r/TheMallWorld/comments/17x2ljk/does_anyone_elses_mall_world_lead_to_a_luxury/,Does anyone else’s mall world lead to a luxury apartment?,partially_coherent,long_term_recurring,not_mentioned,current_self,jarring,,medium,True,3,1,1
https://www.reddit.com/r/TheMallWorld/comments/17x87sx/beach_side_apartmentsdormitories/,Beach side apartments/dormitories,partially_coherent,recurring,not_mentioned,current_self,,,medium,True,4,1,2
https://www.reddit.com/r/TheMallWorld/comments/17xm7rr/school_hallways_anyone_else/,"School hallways, anyone else?",mostly_coherent,recurring,not_mentioned,not_mentioned,,,medium,True,3,3,3
https://www.reddit.com/r/TheMallWorld/comments/17xqrx1/anyone_feel_nostalgic_when_you_wake_up/,Anyone feel nostalgic when you wake up?,mostly_coherent,recurring,not_mentioned,current_self,not_mentioned,yearning/nostalgic; wants to go back,medium,True,11,3,3
https://www.reddit.com/r/TheMallWorld/comments/17yjejy/wow_7000_subscribers_to_mall_world_i_wonder_if_we/,"Wow - 7,000 subscribers to Mall World! I wonder if we are all in there together sometimes. Meet you at the Orange Julius!",partially_coherent,long_term_recurring,not_mentioned,current_self,,,medium,True,5,0,5
https://www.reddit.com/r/TheMallWorld/comments/17yk6ze/wow_7000_subscribers_to_mall_world_i_wonder_if_we/,"Wow - 7,000 subscribers to Mall World! I wonder if we are all in there together sometimes. Meet you at the Orange Julius!",partially_coherent,long_term_recurring,not_mentioned,multiple,,,medium,True,6,0,6
https://www.reddit.com/r/TheMallWorld/comments/17yqxms/the_beginning/,The beginning,single_location,long_term_recurring,not_mentioned,child_self,,woke up,high,True,1,0,2
https://www.reddit.com/r/TheMallWorld/comments/17ys32n/mall_world_during_hypnosis/,Mall world during hypnosis,mostly_coherent,long_term_recurring,not_mentioned,current_self,curious/pleasant,,medium,True,6,1,2
https://www.reddit.com/r/TheMallWorld/comments/17z7hya/abandoned_spaces_youtube_videos/,Abandoned spaces YouTube videos,single_location,not_mentioned,not_mentioned,current_self,,,high,True,1,0,1
https://www.reddit.com/r/TheMallWorld/comments/17zci9w/mall_world_arcade/,Mall world Arcade,mostly_coherent,recurring,not_mentioned,not_mentioned,,,high,True,4,3,5
https://www.reddit.com/r/TheMallWorld/comments/17zcldy/common_themes/,Common themes,partially_coherent,long_term_recurring,not_mentioned,not_mentioned,,,medium,True,14,4,2
https://www.reddit.com/r/TheMallWorld/comments/17zi67u/mall_river/,Mall River,mostly_coherent,recurring,not_mentioned,current_self,,,high,True,6,5,3
https://www.reddit.com/r/TheMallWorld/comments/17zoind/the_realm_of_steel_catwalks/,The realm of steel catwalks,partially_coherent,not_mentioned,not_mentioned,current_self,,,medium,True,3,2,5
https://www.reddit.com/r/TheMallWorld/comments/181h983/strange_maze_mall_dream/,Strange Maze Mall dream,partially_coherent,recurring,not_mentioned,current_self,,,medium,True,2,1,2
https://www.reddit.com/r/TheMallWorld/comments/182spif/mall_evacuation/,Mall Evacuation,partially_coherent,not_mentioned,not_mentioned,current_self,Scary dream last night.,Not sure if we ever made it out of the mall!,medium,True,2,1,4
https://www.reddit.com/r/TheMallWorld/comments/182x4jx/getting_pretty_tired_of_these_restrooms/,Getting pretty tired of these restrooms...,mostly_coherent,not_mentioned,normal,current_self,,horrified (while realizing urinal became a theater seat); irritated (about bathrooms),high,True,4,3,3
https://www.reddit.com/r/TheMallWorld/comments/1837vbu/fist_owned_business_is_selling_fudge/,Fist Owned business is selling fudge,mostly_coherent,variation,not_mentioned,current_self,,,high,True,2,0,5
https://www.reddit.com/r/TheMallWorld/comments/1839gcb/submerged_boardwalk/,Submerged boardwalk,mostly_coherent,recurring,not_mentioned,current_self,,feels like I was really there (significant/important-feeling on waking),medium,True,4,2,3
https://www.reddit.com/r/TheMallWorld/comments/183pxwc/people_falling_off_the_cliff/,People falling off the cliff,mostly_coherent,variation,not_mentioned,current_self,,,medium,True,2,1,4
https://www.reddit.com/r/TheMallWorld/comments/184c6i3/too_many_bags_when_i_travel_also_helicopter/,"Too many bags when I travel! Also, helicopter?",mostly_coherent,not_mentioned,not_mentioned,current_self,,,high,True,3,1,5
https://www.reddit.com/r/TheMallWorld/comments/184chlo/another_endless_parking_lot_dream/,Another endless parking lot dream,partially_coherent,recurring,not_mentioned,current_self,frustrated,,high,True,3,1,3
https://www.reddit.com/r/TheMallWorld/comments/184jakt/anyone_else_have_weird_dreams_like_me_or_just/,"Anyone else have weird dreams like me or just constantly ""fever-dream"" without feeling warm?",not_enough_info,not_mentioned,not_mentioned,not_mentioned,,,low,True,1,0,1
https://www.reddit.com/r/TheMallWorld/comments/184nvxe/concert_venue/,Concert venue,partially_coherent,long_term_recurring,not_mentioned,current_self,,,medium,True,4,1,4
https://www.reddit.com/r/TheMallWorld/comments/184tulv/centrifuge_metro/,Centrifuge Metro,mostly_coherent,recurring,not_mentioned,current_self,stoked it exists; first time in the place it terrified me,Happy dreaming!,high,True,3,1,2
https://www.reddit.com/r/TheMallWorld/comments/184yx4u/whats_happening_to_mepart_1/,What's happening to me...(part 1),partially_coherent,recurring,not_mentioned,not_mentioned,Dreams often start well; author sometimes enjoys complex dreams,Escalates into fear/terror in nightmare scenarios (3 levels described),medium,True,5,2,5
https://www.reddit.com/r/TheMallWorld/comments/18558yl/what_is_happening_to_me_part_2/,what is happening to me... (part 2),partially_coherent,recurring,not_mentioned,current_self,,It took me a while to focus on my reality again.,medium,True,3,0,5
https://www.reddit.com/r/TheMallWorld/comments/185cl3g/is_anyone_else_frequently_walking_on_a_straight/,Is anyone else frequently walking on a straight clean rural road?,mostly_coherent,long_term_recurring,inconsistent,current_self,,wake up as the world turns white and fades away,medium,True,10,9,3
https://www.reddit.com/r/TheMallWorld/comments/185mh7g/multistorey_locker_rooms/,Multi-storey locker rooms,mostly_coherent,recurring,not_mentioned,younger_self,,,high,True,4,1,2
https://www.reddit.com/r/TheMallWorld/comments/186cbp8/malfunctions_at_the_movies/,Malfunctions at the movies,single_location,not_mentioned,not_mentioned,current_self,,alarm/fear; woke self up by yelling STOP (in real life),high,True,2,1,3
https://www.reddit.com/r/TheMallWorld/comments/186rkx1/floating_cheeseburger/,Floating cheeseburger,single_location,long_term_recurring,not_mentioned,child_self,scary; night terror; calming down after 'waking up',terrifying,high,True,1,0,2
https://www.reddit.com/r/TheMallWorld/comments/186yue0/dark_house_in_the_woods_bright_sunny_mountain/,"Dark house in the woods. Bright, sunny mountain. Swimming underwater (waves).",partially_coherent,long_term_recurring,not_mentioned,not_mentioned,not_mentioned,not_mentioned,medium,True,3,4,6
https://www.reddit.com/r/TheMallWorld/comments/186yya5/my_mallworld_has_disappeared/,My Mallworld has disappeared.,mostly_coherent,long_term_recurring,not_mentioned,current_self,exhausting (re: recurring mall dreams),perplexed; anxiety level way better (after dreams stopped),medium,True,3,1,1
https://www.reddit.com/r/TheMallWorld/comments/1873pic/my_mallworld/,My Mallworld,partially_coherent,long_term_recurring,inconsistent,current_self,nervous/anxious in some dreams; often dark/gloomy atmosphere,"depressed, detached; sometimes crying after dreams",medium,True,9,1,8
https://www.reddit.com/r/TheMallWorld/comments/1878i55/has_anyone_else_gotten_a_packet_with_their_grades/,Has anyone else gotten a packet with their grades,not_enough_info,recurring,not_mentioned,not_mentioned,,,medium,False,1,0,2
https://www.reddit.com/r/TheMallWorld/comments/187doz0/the_waterpark/,The Waterpark,partially_coherent,not_mentioned,inconsistent,current_self,,,high,True,7,6,5
https://www.reddit.com/r/TheMallWorld/comments/187sih8/not_sure/,Not sure,partially_coherent,long_term_recurring,not_mentioned,not_mentioned,,confused and feeling very very lost,medium,True,4,0,2
https://www.reddit.com/r/TheMallWorld/comments/18847ho/am_i_the_only_one_who_doesnt_feel_trapped_in_mall/,Am I the only one who doesn’t feel trapped in Mall World?,partially_coherent,long_term_recurring,not_mentioned,current_self,,,medium,True,5,0,7
https://www.reddit.com/r/TheMallWorld/comments/188ihwm/my_reoccuring_mallworld/,My reoccuring Mallworld,partially_coherent,long_term_recurring,not_mentioned,current_self,,,medium,True,2,1,7
https://www.reddit.com/r/TheMallWorld/comments/189bd7o/and_im_back/,And I’m back!,partially_coherent,recurring,normal,current_self,had not had a mall world dream in like 2 weeks,It feels kinda good to be back,medium,True,1,1,2
https://www.reddit.com/r/TheMallWorld/comments/189blwi/first_time_posting_some_recurring_imagery_and/,First time posting. Some recurring imagery and themes of my dreams…,mostly_coherent,recurring,not_mentioned,not_mentioned,,,medium,True,8,5,4
https://www.reddit.com/r/TheMallWorld/comments/189ncrr/my_dreamworld_is_getting_more_remote_but_fancier/,My dreamworld is getting more remote but fancier!,mostly_coherent,not_mentioned,not_mentioned,current_self,nervous,not_mentioned,high,True,8,2,3
https://www.reddit.com/r/TheMallWorld/comments/18a7jat/hotel/,Hotel,mostly_coherent,not_mentioned,normal,current_self,,so scared I woke myself up,high,True,6,5,7
https://www.reddit.com/r/TheMallWorld/comments/18aokar/i_was_in_a_mall_and_there_was_a_new_kind_of_food/,I was in a mall! And there was a new kind of food in it!,partially_coherent,variation,inconsistent,current_self,,,high,True,8,6,7
https://www.reddit.com/r/TheMallWorld/comments/18asjio/anyone_elses_dreamscapes_being_affected_by_seeing/,Anyone else’s dreamscapes being affected by seeing coverage of Palestine?,partially_coherent,recurring,normal,current_self,deep fear; apocalyptic feeling,,medium,True,2,0,3
https://www.reddit.com/r/TheMallWorld/comments/18axrb4/standing_in_line_with_hundreds_of_other_people_in/,Standing in line with hundreds of other people in a massive building,mostly_coherent,not_mentioned,not_mentioned,current_self,,,high,True,2,1,2
https://www.reddit.com/r/TheMallWorld/comments/18cm56n/about_dreamtown_and_finding_lost_childhood/,About dream-town and finding lost childhood treasures.,mostly_coherent,long_term_recurring,not_mentioned,current_self,,devastated (IRL) about the dream-town home being torn down/turned into a public park,high,True,5,4,6
https://www.reddit.com/r/TheMallWorld/comments/18e6cqs/mall_world_dream_two_new_spots/,Mall world dream: two new spots,single_location,not_mentioned,not_mentioned,not_mentioned,,,high,False,2,0,1
https://www.reddit.com/r/TheMallWorld/comments/18ey2bq/my_mallworld/,My Mallworld,not_enough_info,not_mentioned,not_mentioned,current_self,,exhausted on waking; uncle's presence lingered,high,False,1,0,1
https://www.reddit.com/r/TheMallWorld/comments/18eyxat/cornerstop_dollar_store/,Cornerstop Dollar Store,mostly_coherent,recurring,inconsistent,current_self,,dream faded,high,True,15,5,3
https://www.reddit.com/r/TheMallWorld/comments/18f0p3o/four_moons/,Four moons,single_location,not_mentioned,not_mentioned,current_self,startled to remember,startled,medium,True,1,0,2
https://www.reddit.com/r/TheMallWorld/comments/18f0pbz/tower_made_of_stone/,Tower made of stone,single_location,recurring,not_mentioned,not_mentioned,,sad,medium,True,1,0,2
https://www.reddit.com/r/TheMallWorld/comments/18f6u84/was_anyone_on_an_airplane_in_their_dreams_just/,Was anyone on an airplane in their dreams just before they woke up?,single_location,not_mentioned,not_mentioned,current_self,,stress (woke me up),high,True,1,0,3
https://www.reddit.com/r/TheMallWorld/comments/18gd24v/anyone_have_dreams_about_an_auditorium/,Anyone have dreams about an auditorium?,partially_coherent,recurring,inconsistent,current_self,,,medium,True,11,2,3
https://www.reddit.com/r/TheMallWorld/comments/18gib1q/my_nail_salon/,My Nail Salon,highly_coherent,long_term_recurring,not_mentioned,current_self,,perfectly ok with that,high,True,5,4,3
https://www.reddit.com/r/TheMallWorld/comments/18gn9t9/weird_town_dreams/,Weird Town Dreams,mostly_coherent,long_term_recurring,not_mentioned,current_self,"unsettled / uneasy (""oh great back in my town"")",exhausted / not rested,medium,True,16,6,3
https://www.reddit.com/r/TheMallWorld/comments/18i97fp/first_time_in_mallworld/,First time in mallworld,partially_coherent,first_visit,not_mentioned,current_self,,It was really weird.,medium,True,5,4,4
https://www.reddit.com/r/TheMallWorld/comments/18ixilu/stuck_and_then_rounded_up_in_huge_apartment/,Stuck and then rounded up in huge apartment complex/holding facility?,mostly_coherent,recurring,fast,current_self,very intense feeling of fast-paced adventure,,high,True,5,4,6
https://www.reddit.com/r/TheMallWorld/comments/18jfry9/went_to_new_mall_maybe/,Went to new mall maybe?,partially_coherent,variation,not_mentioned,current_self,,,medium,True,5,3,4
https://www.reddit.com/r/TheMallWorld/comments/18kvoi3/does_anyone_else_experience_an_old_crumbling/,Does anyone else experience an old crumbling mansion within a pristine mansion?,mostly_coherent,long_term_recurring,not_mentioned,not_mentioned,,,medium,True,3,1,2
https://www.reddit.com/r/TheMallWorld/comments/18lncd2/i_have_been_to_the_mall_wth_i_am_stumped/,I have been to... the mall? Wth I am stumped,single_location,not_mentioned,normal,current_self,Confused; feeling they had done something bad and were hiding,Confused; woke extremely dizzy/nauseous with blurry vision,high,True,1,0,3
https://www.reddit.com/r/TheMallWorld/comments/18lnu99/i_lost_my_catbut_then_i_found_her/,I lost my cat…but then I found her,partially_coherent,variation,not_mentioned,current_self,frantic/stressed (looking for cat),very stressful,medium,True,3,2,4
https://www.reddit.com/r/TheMallWorld/comments/18m8v11/ever_been_in_a_mall_that_was_on_an_airplane/,Ever been in a mall that was on an airplane?,single_location,not_mentioned,not_mentioned,current_self,Everything seemed normal at first,super pissed (woke up by alarm before finished exploring),high,True,5,4,3
https://www.reddit.com/r/TheMallWorld/comments/18npt87/lava_cavecanyon_world/,Lava Cave/Canyon? World,mostly_coherent,not_mentioned,not_mentioned,child_self,,deliberate decision to leave; then woke up,medium,True,4,4,6
https://www.reddit.com/r/TheMallWorld/comments/18p4f1g/the_plane_ride/,The Plane Ride,mostly_coherent,long_term_recurring,compressed,current_self,unprepared and anxious,relieved (before waking),high,True,7,4,6
https://www.reddit.com/r/TheMallWorld/comments/18p5wgr/shared_this_on_a_social_and_got_told_about_this/,Shared this on a social and got told about this forum. 😲,mostly_coherent,not_mentioned,inconsistent,current_self,EXTREMELY lucid dreams; choosing my own adventure,crying hard; sweet; love/miss grandma,high,True,7,4,5
https://www.reddit.com/r/TheMallWorld/comments/18pjo29/living_in_the_clouds/,Living in the clouds,partially_coherent,first_visit,not_mentioned,current_self,,,medium,True,2,3,3
https://www.reddit.com/r/TheMallWorld/comments/18rp243/a_whole_new_mall_world/,A whole new mall world!,partially_coherent,variation,not_mentioned,current_self,confusing to navigate,not_mentioned,medium,True,5,3,3
https://www.reddit.com/r/TheMallWorld/comments/18s2wsx/i_found_it/,I Found It.,partially_coherent,first_visit,not_mentioned,current_self,fascinated / unsure I like it,,medium,True,6,4,0
https://www.reddit.com/r/TheMallWorld/comments/18sacov/things_were_falling_apart_in_mall_world_last/,"Things were falling apart in Mall World last night, boulders raining from the skies",partially_coherent,variation,not_mentioned,not_mentioned,,,medium,True,2,0,1
https://www.reddit.com/r/TheMallWorld/comments/18sem1c/living_inside_an_old_mall_in_many_of_my_dreams/,Living inside an old mall in many of my dreams,mostly_coherent,recurring,not_mentioned,not_mentioned,excited (about finding the subreddit); in-dream emotion not specified,,medium,True,5,3,2
https://www.reddit.com/r/TheMallWorld/comments/18smf1o/underground_theatre/,Underground theatre,mostly_coherent,not_mentioned,not_mentioned,current_self,,,medium,True,5,3,3
https://www.reddit.com/r/TheMallWorld/comments/18tgvxv/this_place_where_im_working_the_night_reminds_me/,This place where I’m working the night reminds me of a dream I had a while back,partially_coherent,not_mentioned,not_mentioned,current_self,,,medium,True,1,1,2
https://www.reddit.com/r/TheMallWorld/comments/18vex5u/fuck_the_owl_god/,Fuck the owl god,partially_coherent,not_mentioned,not_mentioned,not_mentioned,,,medium,True,1,0,1
https://www.reddit.com/r/TheMallWorld/comments/18vzxiz/curious_if_anyone_experienced_this/,Curious If Anyone Experienced This,mostly_coherent,recurring,inconsistent,current_self,,fear after seeing the watchers' faces; woke up,medium,True,8,3,9
https://www.reddit.com/r/TheMallWorld/comments/18w0n42/hi_rthemallworld_i_think_i_found_my_peoplebeen/,Hi r/themallworld I think I found my people….been hunting for answers to my dreams for years,mostly_coherent,long_term_recurring,not_mentioned,current_self,,,medium,True,11,6,4
https://www.reddit.com/r/TheMallWorld/comments/18w443x/secret_room/,Secret Room???,mostly_coherent,recurring,not_mentioned,not_mentioned,,,medium,True,4,1,1
https://www.reddit.com/r/TheMallWorld/comments/18ws7un/a_muggy_downtown_area/,A muggy downtown area,mostly_coherent,recurring,not_mentioned,not_mentioned,weird sense of relief knowing there are other people who dream of similar regions,glad to have found some people with similar experiences,high,True,6,4,0
https://www.reddit.com/r/TheMallWorld/comments/18wv9d9/interesting_tomb_raider_esk_type_mall_dream/,Interesting Tomb raider esk type Mall dream,mostly_coherent,not_mentioned,not_mentioned,current_self,,,medium,True,4,3,2
https://www.reddit.com/r/TheMallWorld/comments/18wx362/going_to_space/,Going to space,partially_coherent,recurring,inconsistent,current_self,,,medium,True,6,5,6
https://www.reddit.com/r/TheMallWorld/comments/18xkrys/dream_places_ive_been_to/,Dream Places I've Been To,mostly_coherent,long_term_recurring,not_mentioned,current_self,not_mentioned,not_mentioned,high,True,20,7,12
https://www.reddit.com/r/TheMallWorld/comments/18xzf92/im_a_plumber_in_mall_world_and_i_dont_like_it/,I’m a plumber in mall world and I don’t like it,mostly_coherent,recurring,not_mentioned,current_self,,,high,True,1,0,1
https://www.reddit.com/r/TheMallWorld/comments/18y42eg/hole_in_cave_and_house/,Hole in cave and house,partially_coherent,recurring,not_mentioned,not_mentioned,,very scary,medium,True,3,2,3
https://www.reddit.com/r/TheMallWorld/comments/18za25t/has_anyone_been_able_to_purchase_or_remove_any/,Has anyone been able to purchase or remove any items from the bookstore?,partially_coherent,not_mentioned,not_mentioned,current_self,,fear/alarms; woke up when all the guns came out,medium,True,2,1,3
https://www.reddit.com/r/TheMallWorld/comments/190bcaz/mind_control_clinic/,Mind Control Clinic?,partially_coherent,not_mentioned,normal,current_self,,"""wtf"" (on waking)",high,True,3,2,5
https://www.reddit.com/r/TheMallWorld/comments/1915phb/reoccurring_mall_world_dream/,Reoccurring mall world dream,mostly_coherent,recurring,not_mentioned,not_mentioned,,,high,True,8,4,6
https://www.reddit.com/r/TheMallWorld/comments/191pwln/the_hospital/,THE HOSPITAL,partially_coherent,not_mentioned,not_mentioned,current_self,,,high,True,6,5,5
https://www.reddit.com/r/TheMallWorld/comments/191z28x/large_house_with_many_many_rooms/,"Large house with many, many rooms.",mostly_coherent,recurring,not_mentioned,not_mentioned,,,medium,True,3,2,1
https://www.reddit.com/r/TheMallWorld/comments/193ybbv/back_rooms_and_i_remembered_something_that_seems/,"Back Rooms, and I remembered Something that seems important",mostly_coherent,variation,compressed,current_self,annoyed,spooked,high,True,8,6,8
https://www.reddit.com/r/TheMallWorld/comments/194cfxz/mall_world_exploded/,Mall World exploded,single_location,recurring,normal,current_self,,shaken awake,high,True,1,1,2
https://www.reddit.com/r/TheMallWorld/comments/194fdb0/the_dormitories/,The Dormitories,partially_coherent,not_mentioned,inconsistent,current_self,,,medium,True,2,1,2
https://www.reddit.com/r/TheMallWorld/comments/194lnaj/orphanage_or_mental_asylum/,Orphanage or mental asylum?,mostly_coherent,not_mentioned,inconsistent,current_self,became conscious suddenly; uncertain,woke up after staring at man in suit by limo; alarmed/tense,high,True,6,3,8
https://www.reddit.com/r/TheMallWorld/comments/195svpe/first_post_hey/,First post hey,partially_coherent,variation,not_mentioned,current_self,,,medium,True,4,0,1
https://www.reddit.com/r/TheMallWorld/comments/1960peg/castles/,Castles,partially_coherent,variation,not_mentioned,current_self,,cannot stop thinking about them,medium,True,3,1,2
https://www.reddit.com/r/TheMallWorld/comments/196o2ad/hot_spring/,Hot spring,mostly_coherent,recurring,not_mentioned,not_mentioned,,,high,True,3,3,2
https://www.reddit.com/r/TheMallWorld/comments/197fdpl/so_the_past_two_nightsmornings_have_gotten_wierd/,So the past two nights/mornings have gotten wierd.,partially_coherent,recurring,inconsistent,current_self,thinking we were gonna drown,,medium,True,7,4,6
https://www.reddit.com/r/TheMallWorld/comments/197uunr/the_dark_corridor_you_feel_you_might_not_come/,"""The Dark Corridor you feel you might not come back from"" and ""The Uncanny, bright staircase."" I had them in the same dream an felt neither could be trusted.",partially_coherent,not_mentioned,not_mentioned,not_mentioned,,,medium,True,4,3,2
https://www.reddit.com/r/TheMallWorld/comments/199p074/well_i_guess_ive_been_having_these_dreams_for/,"Well, I guess I've been having these dreams for decades and didn't realize it.",partially_coherent,long_term_recurring,not_mentioned,current_self,,,medium,True,6,1,2
https://www.reddit.com/r/TheMallWorld/comments/199vxxx/new_here_wanted_to_share_some_vivid_andor/,"New here, wanted to share some vivid and/or recurring locations I’ve seen in dreams.",partially_coherent,recurring,not_mentioned,not_mentioned,,crying/bawling before waking (bridge scene),medium,True,5,1,5
https://www.reddit.com/r/TheMallWorld/comments/19a5uz2/reading_a_store_name/,Reading a store name,partially_coherent,recurring,not_mentioned,current_self,very excited (became aware I was in the mall),wanted to explore / wish I could spend more time in the mall,high,True,3,2,5
https://www.reddit.com/r/TheMallWorld/comments/19a8b3v/hey_all_new_to_this_sub/,Hey all! New to this sub,mostly_coherent,first_visit,compressed,current_self,kind of strange,flabbergasted,high,True,6,5,5
https://www.reddit.com/r/TheMallWorld/comments/19aber5/lifelong_reoccuring_dreams_taking_place_in/,Lifelong reoccuring dreams taking place in multiple different spaces - anything sound familiar to anyone?,mostly_coherent,long_term_recurring,inconsistent,multiple,nightmares/stressful dreams,,high,True,10,4,6
https://www.reddit.com/r/TheMallWorld/comments/19adzka/the_art_gallery/,The Art Gallery,mostly_coherent,recurring,not_mentioned,not_mentioned,,,high,True,4,3,1
https://www.reddit.com/r/TheMallWorld/comments/19as47o/i_caused_an_accident_under_the_bridge_in_my_dream/,I caused an accident under the bridge in my dream world and I woke up feeling guilty.,mostly_coherent,recurring,normal,current_self,,guilty (woke up feeling guilty),high,True,5,2,3
https://www.reddit.com/r/TheMallWorld/comments/19bgc4o/taking_photosvideos/,Taking photos/videos,single_location,not_mentioned,not_mentioned,current_self,,,medium,True,3,0,2
https://www.reddit.com/r/TheMallWorld/comments/19cepj2/my_dreams_have_been_intense_recentlyi_dreamt_of/,My dreams have been intense recently…I dreamt of my ex,single_location,recurring,not_mentioned,current_self,very vivid dreams; interesting,crying my eyes out; confusing; wanted to go back,medium,True,1,0,1
https://www.reddit.com/r/TheMallWorld/comments/19cer6m/cruise_ship_stairwell_elevators/,"Cruise ship, stairwell, elevators",partially_coherent,recurring,not_mentioned,current_self,more intense and eerie recently,terrifying (woke up before impact),medium,True,6,2,3
https://www.reddit.com/r/TheMallWorld/comments/19cjlam/job_dream_disguised_as_a_mall_dream/,Job dream disguised as a mall dream,partially_coherent,variation,inconsistent,current_self,,wondering/uncertain (deciding whether to retrace steps to car or leave via nearest exit) before waking,high,True,8,7,8
https://www.reddit.com/r/TheMallWorld/comments/19cursl/got_photo_taken_last_night_in_dreamworld/,Got Photo Taken Last Night in Dreamworld,single_location,not_mentioned,not_mentioned,current_self,kinda feeling myself bc nobody’s ever done that,became fully conscious of wtf just happened,medium,True,1,0,2
https://www.reddit.com/r/TheMallWorld/comments/19cvgbq/the_pudding_cake_shop_in_the_food_court/,The pudding cake shop in the food court,single_location,first_visit,not_mentioned,current_self,,,medium,True,2,1,4
https://www.reddit.com/r/TheMallWorld/comments/19cxehl/highway_that_goes_straight_up/,Highway that goes straight up.,partially_coherent,recurring,not_mentioned,current_self,,,high,True,1,0,1
https://www.reddit.com/r/TheMallWorld/comments/19duev6/reoccurring_dream/,Reoccurring Dream,single_location,long_term_recurring,not_mentioned,not_mentioned,,,high,True,2,1,2
https://www.reddit.com/r/TheMallWorld/comments/19ep3za/new_dimensions_and_the_5_to_2_club/,New dimensions and the 5 to 2 club,mostly_coherent,variation,normal,current_self,not_mentioned,tough to adjust to the waking world; needed a reality check for an hour,high,True,5,2,5
https://www.reddit.com/r/TheMallWorld/comments/1abj27q/pt_2/,Pt. 2,partially_coherent,not_mentioned,not_mentioned,not_mentioned,,,medium,True,3,1,1
https://www.reddit.com/r/TheMallWorld/comments/1ac9zjh/amadeus_type_gathering/,Amadeus type gathering?,single_location,not_mentioned,not_mentioned,current_self,,,medium,True,3,3,4
https://www.reddit.com/r/TheMallWorld/comments/1acthg1/recurring_dream_of_driving_and_visiting_stores/,Recurring dream of driving and visiting stores,partially_coherent,long_term_recurring,not_mentioned,current_self,,unsettled,medium,True,9,5,4
https://www.reddit.com/r/TheMallWorld/comments/1aczwud/glorious_tiered_city_project_a_mansion_and_a/,"Glorious tiered city project, a mansion, and a wildfire",mostly_coherent,not_mentioned,compressed,current_self,,,high,True,3,2,4
https://www.reddit.com/r/TheMallWorld/comments/1ad6298/mall_world_locations/,Mall World locations,highly_coherent,long_term_recurring,not_mentioned,not_mentioned,,,high,True,24,5,9
https://www.reddit.com/r/TheMallWorld/comments/1adpy6k/i_often_dream_of_mall_candy_stores/,I often dream of mall candy stores,partially_coherent,long_term_recurring,inconsistent,not_mentioned,excited to share; candy looks really good (anticipatory),"disappointed/frustrated (""It especially sucks"")",medium,True,2,1,4
https://www.reddit.com/r/TheMallWorld/comments/1aeb1fl/latest_of_recurring_abandoned_partially_abandoned/,Latest of Recurring Abandoned (Partially Abandoned) Mall Dreams,mostly_coherent,recurring,compressed,current_self,Just woke up; section of mall active with festivities,,high,True,9,5,7
https://www.reddit.com/r/TheMallWorld/comments/1aen6ze/dorms/,dorms,partially_coherent,long_term_recurring,not_mentioned,not_mentioned,,,medium,True,2,1,1
https://www.reddit.com/r/TheMallWorld/comments/1af2f0p/back_after_many_years/,Back after many years,mostly_coherent,recurring,normal,current_self,,panicked,high,True,4,3,5
https://www.reddit.com/r/TheMallWorld/comments/1af64oz/the_walkways_above_the_city/,The Walkways Above The City,mostly_coherent,not_mentioned,not_mentioned,not_mentioned,,,medium,True,6,4,0
https://www.reddit.com/r/TheMallWorld/comments/1afay01/i_made_a_diagram_of_the_mall_i_have_been_dreaming/,I made a diagram of the mall i have been dreaming of for over 3 years,mostly_coherent,long_term_recurring,not_mentioned,not_mentioned,,,medium,True,5,4,1
https://www.reddit.com/r/TheMallWorld/comments/1affwd5/i_missed_my_flight_last_night/,I missed my flight last night,partially_coherent,recurring,normal,current_self,,"confusion/frustration (""Wtf!?"")",medium,True,2,1,1
https://www.reddit.com/r/TheMallWorld/comments/1afjtup/i_painted_my_mall_area_that_leads_to_haunted/,I painted my mall area that leads to 'haunted house' attraction,mostly_coherent,recurring,not_mentioned,current_self,,,medium,True,10,3,2
https://www.reddit.com/r/TheMallWorld/comments/1afkzaw/nova_scotia_neighborhood/,Nova Scotia Neighborhood,partially_coherent,long_term_recurring,not_mentioned,current_self,,,medium,True,4,0,1
https://www.reddit.com/r/TheMallWorld/comments/1ag2lsr/new_dynamic/,New dynamic,mostly_coherent,long_term_recurring,compressed,current_self,,,medium,True,10,3,3
https://www.reddit.com/r/TheMallWorld/comments/1ag925w/apartmentsdorms_and_morphing_houses/,Apartments/Dorms and morphing houses…,mostly_coherent,not_mentioned,not_mentioned,current_self,,,medium,True,9,9,5
https://www.reddit.com/r/TheMallWorld/comments/1ah9osh/strange_game_in_mall_world/,Strange Game in Mall World,mostly_coherent,recurring,normal,current_self,,very unsettling; hope I don’t go to that part of the mall again,medium,True,4,3,4
https://www.reddit.com/r/TheMallWorld/comments/1ahlf3y/things_ive_noticed_quick_notes/,Things I’ve noticed (Quick Notes),mostly_coherent,long_term_recurring,not_mentioned,not_mentioned,,,medium,True,8,3,4
https://www.reddit.com/r/TheMallWorld/comments/1ahy4h0/remembering_my_first_dream_at_age_5/,Remembering my first dream at age 5,mostly_coherent,recurring,not_mentioned,child_self,,,high,True,3,2,2
https://www.reddit.com/r/TheMallWorld/comments/1aibtv1/fourth_dimensional_mall_sphere_has_anyone_else/,"Fourth dimensional mall sphere, has anyone else experienced anything like this?",partially_coherent,recurring,inconsistent,current_self,fun with friends; later intense panic during drowning; later paranoia/eeriness; later expansive comfort/bliss; later fear in hospital corridor; final forced waking,woke up for real after being 'swallowed by the blackness' of the elevator,high,True,7,6,8
https://www.reddit.com/r/TheMallWorld/comments/1ain3bf/anyone_ever_been_to_a_gamestop/,Anyone ever been to a gamestop?,single_location,not_mentioned,inconsistent,current_self,Entered a GameStop at nighttime with a friend; preparing to go snowboarding.,Anxiety building; ended with praying to God to get out.,medium,True,2,1,5
https://www.reddit.com/r/TheMallWorld/comments/1ajc81f/return_to_the_mall/,Return to the Mall!,partially_coherent,recurring,looping,current_self,wishing to return; anticipatory/satisfying,infuriated but glad to be back,medium,True,6,5,4
https://www.reddit.com/r/TheMallWorld/comments/1aknxzg/flooding_at_mallworld/,Flooding at Mallworld,partially_coherent,recurring,not_mentioned,not_mentioned,starting to freak me out,stressed to go to sleep cos it is INTENSE,medium,True,3,2,3
https://www.reddit.com/r/TheMallWorld/comments/1aldd4l/has_anyone_else_seen_a_guinness_branded_pub_in_a/,Has anyone else seen a Guinness branded pub in a mall dream?,not_enough_info,recurring,not_mentioned,not_mentioned,,,medium,True,2,1,1
https://www.reddit.com/r/TheMallWorld/comments/1alfp9g/favorite_mall_world_dream/,Favorite Mall World dream,not_enough_info,recurring,not_mentioned,current_self,,,medium,True,3,0,2
https://www.reddit.com/r/TheMallWorld/comments/1ammh33/just_remembered_some_locations_ive_seen/,Just remembered some locations I’ve seen,partially_coherent,variation,looping,current_self,scrambling to find where I was supposed to be,,medium,True,5,2,3
https://www.reddit.com/r/TheMallWorld/comments/1ansg35/my_rabbit_hole_has_led_me_here/,my rabbit hole has led me… here?,mostly_coherent,not_mentioned,not_mentioned,current_self,odd/ominous feeling; felt unlike normal dreams,woke up after being told there is no leaving,high,True,6,5,4
https://www.reddit.com/r/TheMallWorld/comments/1ao0w2s/not_sure_if_this_is_mall_world_but_heres_my/,Not sure if this is mall world but here's my experience,partially_coherent,recurring,not_mentioned,current_self,,,medium,True,3,3,3
https://www.reddit.com/r/TheMallWorld/comments/1aocbs6/mall_world_dream_last_night/,Mall world dream last night,mostly_coherent,not_mentioned,compressed,multiple,,,high,True,11,13,9
https://www.reddit.com/r/TheMallWorld/comments/1aoopvp/portals/,Portals?,partially_coherent,recurring,not_mentioned,not_mentioned,,excited I found this community,medium,True,3,2,4
https://www.reddit.com/r/TheMallWorld/comments/1ar99pv/public_swimming_pool/,Public swimming pool.,partially_coherent,recurring,not_mentioned,not_mentioned,,,medium,True,4,1,2
https://www.reddit.com/r/TheMallWorld/comments/1arbgmq/i_have_a_recurring_dream_world/,I have a recurring dream world.,highly_coherent,long_term_recurring,not_mentioned,current_self,,,medium,True,4,0,5
https://www.reddit.com/r/TheMallWorld/comments/1at6uvm/parking_garage_of_doomdeath_rebirth_parade_cult/,Parking garage of doom/death &amp; rebirth parade &amp; cult mystery,partially_coherent,not_mentioned,inconsistent,current_self,,suspected I was dreaming or acting in a movie; woke up,medium,True,9,4,13
https://www.reddit.com/r/TheMallWorld/comments/1audzdz/just_came_across_this_sub_and_wanted_to_share_one/,Just came across this sub and wanted to share one of my most common recurring dreams,mostly_coherent,long_term_recurring,not_mentioned,current_self,Context unclear; generally not scared at first,Impending doom/dread/horror near the hallway; inability to continue,medium,True,8,4,6
https://www.reddit.com/r/TheMallWorld/comments/1auij5o/bus_or_train/,Bus or train?,partially_coherent,not_mentioned,not_mentioned,not_mentioned,,,high,True,4,3,2
https://www.reddit.com/r/TheMallWorld/comments/1aukmxi/connection_test_a_response_and_my_own_experience/,Connection test?- A response and my own experience,partially_coherent,long_term_recurring,not_mentioned,current_self,blown away / excited to find others,not_mentioned,medium,True,15,7,3
https://www.reddit.com/r/TheMallWorld/comments/1aunnaw/frozen_yogurt_shared_dream_location/,Frozen Yogurt shared dream location,partially_coherent,first_visit,not_mentioned,current_self,"benign/normal at start (waiting in line, chatting)",freaked out after waking; immediately googled details,medium,True,3,2,4
https://www.reddit.com/r/TheMallWorld/comments/1aw5vui/the_powers_were_powering_tonight/,The powers were powering tonight,mostly_coherent,recurring,slow,current_self,,powerful,high,True,5,4,3
https://www.reddit.com/r/TheMallWorld/comments/1aweu8w/the_amusement_park/,The Amusement Park,single_location,not_mentioned,not_mentioned,current_self,,,medium,True,1,0,3
https://www.reddit.com/r/TheMallWorld/comments/1ax0swp/training/,Training,partially_coherent,recurring,compressed,current_self,terrified; did not want to do it; felt no choice,,medium,True,9,4,5
https://www.reddit.com/r/TheMallWorld/comments/1ayleua/can_you_float/,Can you float?,partially_coherent,long_term_recurring,not_mentioned,current_self,,,medium,True,8,2,4
https://www.reddit.com/r/TheMallWorld/comments/1azso2g/i_found_an_exit_in_the_evil_cave/,I found an exit in the evil cave,partially_coherent,recurring,not_mentioned,current_self,,,high,True,3,2,2
https://www.reddit.com/r/TheMallWorld/comments/1azuukn/dream_of_tasting_gasoline_during_class_at_mall/,Dream Of Tasting Gasoline During Class At Mall,mostly_coherent,recurring,not_mentioned,current_self,,,high,True,3,2,4
https://www.reddit.com/r/TheMallWorld/comments/1azvkzr/relationships/,Relationships,not_enough_info,recurring,not_mentioned,current_self,,,medium,True,1,0,3
https://www.reddit.com/r/TheMallWorld/comments/1b23iq4/secret_rooms_under_shops/,Secret rooms under shops,partially_coherent,recurring,not_mentioned,not_mentioned,,,high,True,3,1,3
https://www.reddit.com/r/TheMallWorld/comments/1b25z1k/handed_a_gold_sceptre_with_dna_carving_in_shop/,"Handed a gold sceptre with DNA carving in shop, what is it?",partially_coherent,not_mentioned,compressed,current_self,,"Woke abruptly after the sceptre activated (""Then I wake"")",high,True,2,1,2
https://www.reddit.com/r/TheMallWorld/comments/1b3cwf1/campgrounds/,Campgrounds,partially_coherent,recurring,not_mentioned,current_self,,,medium,True,3,1,1
https://www.reddit.com/r/TheMallWorld/comments/1b3ug30/my_dream_world/,My dream world,highly_coherent,long_term_recurring,not_mentioned,multiple,,,high,True,23,19,13
https://www.reddit.com/r/TheMallWorld/comments/1b4x08d/missionstests/,Missions/Tests,single_location,not_mentioned,not_mentioned,current_self,,,medium,True,2,1,2
https://www.reddit.com/r/TheMallWorld/comments/1b5z94q/i_had_another_mall_dream_last_night/,I had another mall dream last night.,partially_coherent,recurring,not_mentioned,unclear,"chipper, friendly, social and amiable; thrilled; happy; free",not_mentioned,medium,True,4,3,7
https://www.reddit.com/r/TheMallWorld/comments/1b9ys2u/weird_dream/,Weird dream,mostly_coherent,variation,not_mentioned,current_self,,woke up,medium,True,5,4,7
https://www.reddit.com/r/TheMallWorld/comments/1bab27q/i_got_beat_up_for_the_first_time_in_mallworld/,I got beat up for the first time in mallworld?,partially_coherent,recurring,normal,current_self,,worried about healing / needing a doctor,medium,True,2,0,4
https://www.reddit.com/r/TheMallWorld/comments/1babdwq/i_almost_fell_off_the_escalator/,I almost fell off the escalator,not_enough_info,not_mentioned,not_mentioned,not_mentioned,,,medium,True,1,1,2
https://www.reddit.com/r/TheMallWorld/comments/1bag22v/thousands_of_us/,Thousands of us…,partially_coherent,recurring,normal,current_self,,buzzing with excitement (that almost feels frightening),medium,True,3,0,5
https://www.reddit.com/r/TheMallWorld/comments/1bc1787/welcome_back/,Welcome back,single_location,recurring,not_mentioned,current_self,happy to have visited again,happy,high,True,1,0,1
https://www.reddit.com/r/TheMallWorld/comments/1bdgimj/does_anyone_have_a_wooden_apartment_building_in/,"Does anyone have a wooden apartment building in some strange desert-like area named ""Mexico"" in their dreamscape/Mallworld? (For context, I've never even been to Mexico or any similar places in real life)",single_location,variation,not_mentioned,current_self,not_mentioned,not_mentioned,medium,True,2,0,2
https://www.reddit.com/r/TheMallWorld/comments/1beca54/who_stole_my_shampoo/,Who stole my shampoo?,single_location,not_mentioned,normal,current_self,,,medium,True,1,0,3
https://www.reddit.com/r/TheMallWorld/comments/1bedd56/asking_for_the_time_in_mall_world/,Asking for the time in Mall World,single_location,recurring,not_mentioned,current_self,,,medium,False,1,0,1
https://www.reddit.com/r/TheMallWorld/comments/1beew7h/clubbing_in_mallworld/,Clubbing in Mallworld,not_enough_info,not_mentioned,not_mentioned,not_mentioned,,,medium,True,2,1,2
https://www.reddit.com/r/TheMallWorld/comments/1bf2865/finally_saw_a_phone/,Finally saw a phone,partially_coherent,long_term_recurring,not_mentioned,current_self,having a conversation,shook / creeped out (it's not just me),medium,True,2,0,5
https://www.reddit.com/r/TheMallWorld/comments/1bf56ef/maps_in_mall_world/,Maps in mall world,partially_coherent,long_term_recurring,not_mentioned,not_mentioned,,,medium,True,6,0,4
https://www.reddit.com/r/TheMallWorld/comments/1bfb7d6/mansion_with_endless_doors_that_lead_to_different/,Mansion with endless doors that lead to different places in mallworld,mostly_coherent,long_term_recurring,not_mentioned,not_mentioned,amazed,,medium,True,23,24,3
https://www.reddit.com/r/TheMallWorld/comments/1bfbku1/trying_to_buy_something/,Trying to buy something,mostly_coherent,long_term_recurring,not_mentioned,not_mentioned,,confused,medium,True,3,0,2
https://www.reddit.com/r/TheMallWorld/comments/1bho8pa/a_dream_about_a_mall_id_visited_before_in_a_dream/,A dream about a mall I'd visited before (in a dream),mostly_coherent,recurring,compressed,current_self,,,high,True,15,12,13
https://www.reddit.com/r/TheMallWorld/comments/1biwumv/i_drew_a_map_months_ago/,I drew a map months ago….,mostly_coherent,long_term_recurring,not_mentioned,current_self,not_mentioned,not_mentioned,medium,True,12,4,4
https://www.reddit.com/r/TheMallWorld/comments/1bjq3eb/starbucks_in_mall_world/,Starbucks in Mall World,single_location,recurring,not_mentioned,current_self,Was wondering if anyone else had a similar experience.,,medium,True,1,0,1
https://www.reddit.com/r/TheMallWorld/comments/1bldb2n/was_in_the_bathrooms_again_last_night/,Was in the bathrooms again last night,single_location,recurring,not_mentioned,not_mentioned,,,high,True,1,0,0
https://www.reddit.com/r/TheMallWorld/comments/1bltblw/university_mall_world/,University mall world,not_enough_info,not_mentioned,not_mentioned,not_mentioned,,,low,False,2,0,0
https://www.reddit.com/r/TheMallWorld/comments/1bmarhq/blue_house/,Blue House,mostly_coherent,long_term_recurring,not_mentioned,current_self,,,high,True,4,2,3
https://www.reddit.com/r/TheMallWorld/comments/1bmstb8/omg_i_just_stumbled_upon_this_sub/,Omg I just stumbled upon this sub,highly_coherent,long_term_recurring,compressed,not_mentioned,,,high,True,5,1,1
https://www.reddit.com/r/TheMallWorld/comments/1bmwakr/impossible_terrifying_cavernous_hall_inside_a/,"Impossible, terrifying cavernous hall inside a multi storey building??",mostly_coherent,first_visit,not_mentioned,current_self,,fear lingering after waking; haunted for weeks; still fearful 6 months later,high,True,3,2,3
https://www.reddit.com/r/TheMallWorld/comments/1bn91ko/witch_circles_in_the_forest/,Witch circles in the forest,mostly_coherent,recurring,not_mentioned,not_mentioned,haunts me,kind of scary before I wake up,medium,True,5,2,2
https://www.reddit.com/r/TheMallWorld/comments/1bne594/subterranean_living_quarters_dream_experience/,Subterranean Living Quarters (Dream Experience),mostly_coherent,not_mentioned,not_mentioned,current_self,nervous; waiting to be led,crying; resigned/desperate,high,True,5,5,4
https://www.reddit.com/r/TheMallWorld/comments/1bnf6dq/chased_by_black_gooportals/,chased by black goo+portals,partially_coherent,recurring,not_mentioned,current_self,,intense,medium,True,3,2,2
https://www.reddit.com/r/TheMallWorld/comments/1bnfmu2/eclipse/,Eclipse?,single_location,not_mentioned,normal,current_self,,,high,False,1,0,3
https://www.reddit.com/r/TheMallWorld/comments/1bogmsu/the_sky_ships/,The Sky Ships,mostly_coherent,long_term_recurring,not_mentioned,not_mentioned,,,medium,True,9,2,1
https://www.reddit.com/r/TheMallWorld/comments/1bqd853/here_is_a_childhood_nightmare_of_mine_where_i_was/,Here is a childhood nightmare of mine where I was introduced into the realm of the mall world. Do any of you guys have similar experiences?,mostly_coherent,long_term_recurring,not_mentioned,child_self,unease tinged with curiosity,primal terror; paralyzed with fear,high,True,3,2,4
https://www.reddit.com/r/TheMallWorld/comments/1bqdefk/dont_look_if_you_get_scared_easily_have_any_of/,Don't look if you get scared easily. Have any of you guys seen this entity in your dreams? I nicknamed it Paddle Head because of his appearance but it usually appears in the hotel Dont know what it is but it usually traps me and paralyzes me. First encountered it around 2003 to 2004 in the hotel.,single_location,long_term_recurring,not_mentioned,not_mentioned,,,medium,True,1,0,1
https://www.reddit.com/r/TheMallWorld/comments/1bqiubh/places_ive_visited/,Places I've visited,mostly_coherent,recurring,not_mentioned,not_mentioned,,,medium,True,8,5,5
https://www.reddit.com/r/TheMallWorld/comments/1bqkj4c/i_have_found_my_people/,I have found my people,highly_coherent,long_term_recurring,not_mentioned,current_self,,,high,True,14,6,8
https://www.reddit.com/r/TheMallWorld/comments/1br7u3s/mall_world_is_not_good_warning/,MALL WORLD IS NOT GOOD **WARNING**,partially_coherent,long_term_recurring,inconsistent,multiple,Felt 'very strange and scary energies' and was crying before sleep (summer 2023).,Terrified for weeks after first dream; later 'scared' by ritual/royal-feeling dream.,medium,True,21,7,8
https://www.reddit.com/r/TheMallWorld/comments/1bricvz/live_performances_in_mall_world/,Live performances in Mall World,partially_coherent,recurring,not_mentioned,not_mentioned,,,medium,True,3,1,2
https://www.reddit.com/r/TheMallWorld/comments/1brpxql/literally_stuck_in_a_long_line_in_mall_world/,Literally STUCK in a Long Line in Mall World.,partially_coherent,recurring,not_mentioned,current_self,,,high,True,1,0,4
https://www.reddit.com/r/TheMallWorld/comments/1bs8ovu/rocket_plane_travel_to_work/,Rocket plane travel to work,mostly_coherent,recurring,compressed,current_self,late; nervous and scared; almost woke up,,medium,True,2,2,4
https://www.reddit.com/r/TheMallWorld/comments/1bsb8ry/underground_tunnels/,Underground tunnels?,mostly_coherent,recurring,not_mentioned,not_mentioned,,not_mentioned,medium,True,6,5,2
https://www.reddit.com/r/TheMallWorld/comments/1buf1qk/trying_to_leave_but_i_cant/,Trying to leave but I can’t,partially_coherent,long_term_recurring,not_mentioned,current_self,instantly trying to leave; trapped,"confused; frustrated (""Ugh"")",medium,True,6,7,5
https://www.reddit.com/r/TheMallWorld/comments/1bufbmn/repairman_mallworld_dream/,Repairman Mallworld dream,mostly_coherent,recurring,not_mentioned,current_self,,,high,True,3,2,2
https://www.reddit.com/r/TheMallWorld/comments/1bug8ex/my_daughter_has_entered_the_mall_world/,My daughter has entered the mall world,mostly_coherent,recurring,not_mentioned,multiple,,,medium,True,3,2,2
https://www.reddit.com/r/TheMallWorld/comments/1bv3mm8/my_wall_world_changed_once_i_found_out_my_husband/,My wall world changed once I found out my husband wanted a divorce.,partially_coherent,long_term_recurring,not_mentioned,not_mentioned,,,medium,True,3,1,1
https://www.reddit.com/r/TheMallWorld/comments/1bvdj2m/strange_conversation/,Strange conversation,single_location,long_term_recurring,inconsistent,current_self,intrigued,stunned,medium,True,2,0,5
https://www.reddit.com/r/TheMallWorld/comments/1bw8929/dreaming_of_a_woman_marking_brick_walls_with_chalk/,Dreaming of a woman marking brick walls with chalk,partially_coherent,long_term_recurring,normal,current_self,"walking in my mall world, talking to one of my friends",bad feeling about her; then awake in bed,medium,True,2,1,3
https://www.reddit.com/r/TheMallWorld/comments/1bx51dm/weird_experience/,Weird experience,single_location,not_mentioned,normal,current_self,confident/feeling beautiful (insecurity gone),crying; distressed; woke up,medium,True,1,0,4
https://www.reddit.com/r/TheMallWorld/comments/1bz81pb/eclipse/,Eclipse,not_enough_info,not_mentioned,not_mentioned,not_mentioned,,weird,medium,False,1,0,2
https://www.reddit.com/r/TheMallWorld/comments/1bzmo3k/anyone_elses_mallwords_look_like_this/,"Anyone else's ""mallwords"" look like this?",mostly_coherent,recurring,not_mentioned,current_self,,,medium,True,7,2,3
https://www.reddit.com/r/TheMallWorld/comments/1bzpf2d/to_whoever_owns_the_garden_i_ran_into_with_my/,To whoever owns the garden I ran into with my truck last night…,not_enough_info,not_mentioned,not_mentioned,not_mentioned,scared,,low,True,1,0,2
https://www.reddit.com/r/TheMallWorld/comments/1bzuzoz/does_anyone_know_what_this_creature_might_be/,Does anyone know what this creature might be?,partially_coherent,variation,compressed,current_self,unsettled; nostalgic,shaken,medium,True,5,2,8
https://www.reddit.com/r/TheMallWorld/comments/1bzvbbx/i_talked_with_another_person_in_mw/,I Talked With Another Person In MW,single_location,recurring,normal,current_self,,,medium,True,2,0,2
https://www.reddit.com/r/TheMallWorld/comments/1c05ah3/mall_world_reoccurring_dream/,Mall World Reoccurring Dream,mostly_coherent,recurring,not_mentioned,current_self,,,medium,True,7,3,2
https://www.reddit.com/r/TheMallWorld/comments/1c0qpze/heres_the_weird_feeling/,Here’s the weird feeling,not_enough_info,not_mentioned,not_mentioned,not_mentioned,not_mentioned,,medium,False,1,0,0
https://www.reddit.com/r/TheMallWorld/comments/1c16nol/school_world/,School World,mostly_coherent,recurring,not_mentioned,current_self,stress dream / nightmare framing,,medium,True,2,2,1
https://www.reddit.com/r/TheMallWorld/comments/1c21ezf/car_dreams/,Car dreams,single_location,variation,not_mentioned,current_self,,,medium,True,1,0,1
https://www.reddit.com/r/TheMallWorld/comments/1c243zm/tattoos_and_such/,Tattoos and such,partially_coherent,recurring,not_mentioned,current_self,,,medium,True,5,3,4
https://www.reddit.com/r/TheMallWorld/comments/1c262r1/been_stuck_in_mall_world_for_a_week/,Been stuck in Mall World for a week,partially_coherent,recurring,not_mentioned,current_self,sick of it; upsetting; anxiety inducing,increasing exhaustion; not restorative sleep,medium,True,2,1,5
https://www.reddit.com/r/TheMallWorld/comments/1c51tdt/i_work_at_the_mall_world/,I Work At The Mall World,mostly_coherent,recurring,inconsistent,current_self,,Woke up without finding the party/job location.,high,True,8,5,8
https://www.reddit.com/r/TheMallWorld/comments/1c6ilc4/holy_shit_my_people/,Holy shit. My people.,mostly_coherent,long_term_recurring,inconsistent,current_self,,,medium,True,4,2,3
https://www.reddit.com/r/TheMallWorld/comments/1c6oqez/my_dad_just_told_me_he_used_to_have_mallworld/,My dad just told me he used to have mallworld dreams,single_location,recurring,not_mentioned,current_self,excited every night to fall asleep and go to a dreamland (describing dad's experience); for the described first dream: 'really cool',,medium,True,2,0,1
https://www.reddit.com/r/TheMallWorld/comments/1c6q111/stuck_in_the_strange_mall_and_cant_find_way_out/,Stuck in the strange mall and can’t find way out?,mostly_coherent,recurring,looping,not_mentioned,,,high,True,2,2,4
https://www.reddit.com/r/TheMallWorld/comments/1c8nsf7/the_laboratory/,The Laboratory,mostly_coherent,not_mentioned,compressed,current_self,vivid/curious approaching with SO; then horror/panic,fear/panic; ripped awake,high,True,2,2,5
https://www.reddit.com/r/TheMallWorld/comments/1c91hpu/anyone_elses_mall_world_almost_always_underground/,Anyone else's Mall World almost always underground? And expand into a city?,mostly_coherent,recurring,not_mentioned,current_self,,,medium,True,6,4,5
https://www.reddit.com/r/TheMallWorld/comments/1cas7xh/night_sweats_acrylic_painting_by_me/,"“Night Sweats”, acrylic painting by me.",single_location,not_mentioned,inconsistent,not_mentioned,,,medium,True,2,1,3
https://www.reddit.com/r/TheMallWorld/comments/1cb5e72/my_mall_world/,My Mall World,mostly_coherent,long_term_recurring,not_mentioned,current_self,,,medium,True,7,6,8
https://www.reddit.com/r/TheMallWorld/comments/1ccjb2f/the_fine_dining_restaurant_in_the_mall/,The fine dining restaurant in the mall.,single_location,recurring,not_mentioned,not_mentioned,,,medium,True,1,0,1
https://www.reddit.com/r/TheMallWorld/comments/1cclkqm/beach_world_upgraded/,Beach world - upgraded!?,mostly_coherent,recurring,normal,current_self,pleased; heightened sensory vividness,sad that fine details dissipated after waking,high,True,7,5,8
https://www.reddit.com/r/TheMallWorld/comments/1ccqkty/just_left_the_mall/,Just left the mall,partially_coherent,not_mentioned,inconsistent,current_self,,woke up shortly after that,medium,True,3,1,3
https://www.reddit.com/r/TheMallWorld/comments/1cedvor/always_the_amusement_park/,Always the Amusement Park,partially_coherent,recurring,not_mentioned,current_self,not_mentioned,not_mentioned,medium,True,3,2,2
https://www.reddit.com/r/TheMallWorld/comments/1cfd8u4/robotic_garage/,Robotic Garage,mostly_coherent,recurring,compressed,current_self,,left in the dark,high,True,6,5,7
https://www.reddit.com/r/TheMallWorld/comments/1cferht/had_a_vivid_dream/,Had a Vivid Dream,partially_coherent,not_mentioned,inconsistent,not_mentioned,,,medium,True,3,3,3
https://www.reddit.com/r/TheMallWorld/comments/1cfml48/pegs/,PEGS,not_enough_info,recurring,not_mentioned,not_mentioned,,"stuck out / memorable (raw: ""that specific dream really stuck out"")",low,False,1,0,2
https://www.reddit.com/r/TheMallWorld/comments/1cfrgrn/dream_about_a_mall/,Dream about a mall,partially_coherent,recurring,normal,current_self,,,medium,True,1,2,5
https://www.reddit.com/r/TheMallWorld/comments/1cgp2ri/quiet_campus_school_escape/,Quiet Campus school Escape,mostly_coherent,variation,not_mentioned,current_self,,,high,True,4,3,5
https://www.reddit.com/r/TheMallWorld/comments/1ch4qku/concrete_style_apartment/,concrete style apartment,partially_coherent,not_mentioned,not_mentioned,not_mentioned,,,medium,True,3,2,1
https://www.reddit.com/r/TheMallWorld/comments/1ch57tb/pachangaworld/,Pachangaworld.,mostly_coherent,not_mentioned,not_mentioned,multiple,,,high,True,10,7,2
https://www.reddit.com/r/TheMallWorld/comments/1ch6qa3/now_that_i_think_about_it_i_have_been_in_the/,"Now that I think about it, I have been in the ""hospital"" BUT for me it was a Chemistry LAB.",mostly_coherent,not_mentioned,not_mentioned,not_mentioned,,,medium,True,5,4,3
https://www.reddit.com/r/TheMallWorld/comments/1chd27x/welcome_to_mall_world/,Welcome to Mall World,single_location,recurring,not_mentioned,not_mentioned,,,medium,True,2,0,2
https://www.reddit.com/r/TheMallWorld/comments/1ci2twb/does_anyone_else_have_to_go_underwater_or_hold/,Does anyone else have to go underwater or hold your breath inside a dream to 'travel' to the mall world?,partially_coherent,long_term_recurring,not_mentioned,current_self,,,medium,True,2,1,3
https://www.reddit.com/r/TheMallWorld/comments/1cis41o/burnt_to_a_crisp/,Burnt To A Crisp,mostly_coherent,recurring,not_mentioned,current_self,not_mentioned,happy to be no longer burnt; uncomfortable feeling afterward (verbatim: 'very happy... now I’m just left with this uncomfortable feeling'),high,True,4,4,5
https://www.reddit.com/r/TheMallWorld/comments/1cjhbio/being_chased_melting_and_a_weird_house_in_the/,"Being chased, melting, and a weird house in the woods",partially_coherent,long_term_recurring,not_mentioned,child_self,scared; being pursued,fear; then waking,medium,True,7,5,5
https://www.reddit.com/r/TheMallWorld/comments/1ckdhva/my_mall_had_a_huge_sign_that_said_mall_world/,My mall had a huge sign that said “mall world” because I think of this sub so often,single_location,long_term_recurring,not_mentioned,current_self,,,high,True,1,0,1
https://www.reddit.com/r/TheMallWorld/comments/1ckojvx/weird_problems_that_solved_themselves_between/,"Weird ""problems"" that solved themselves between real life and mallworld?",partially_coherent,recurring,not_mentioned,current_self,,imma freak out!,medium,True,2,1,3
https://www.reddit.com/r/TheMallWorld/comments/1ckuubv/stairwells/,Stairwells?,partially_coherent,recurring,not_mentioned,current_self,,,medium,True,2,2,4
https://www.reddit.com/r/TheMallWorld/comments/1cnksz6/somewhat_similar_environments/,Somewhat similar environments,partially_coherent,not_mentioned,not_mentioned,not_mentioned,,,medium,True,5,0,0
https://www.reddit.com/r/TheMallWorld/comments/1coavrk/mallworld_with_beach/,Mallworld with beach,partially_coherent,recurring,not_mentioned,not_mentioned,,,medium,True,4,1,0
https://www.reddit.com/r/TheMallWorld/comments/1corgne/was_in_the_middle_of_a_festival_and_spilled_a_tea/,"Was in the middle of a festival and spilled a tea pot, and everyone got really mad.",partially_coherent,variation,inconsistent,current_self,lucid/curious; buying food/drink,fear; wakes self up to escape being caught,medium,True,3,2,8
https://www.reddit.com/r/TheMallWorld/comments/1cpb6c4/dormstheater/,Dorms/theater,mostly_coherent,recurring,not_mentioned,current_self,,,medium,True,6,3,5
https://www.reddit.com/r/TheMallWorld/comments/1cpj2tn/pulse/,Pulse,mostly_coherent,variation,not_mentioned,current_self,"afraid / stressed (""already afraid in the dream"")","panic; lingering fixation on 'PULSE' (""won’t get out of my head"")",medium,True,3,3,4
https://www.reddit.com/r/TheMallWorld/comments/1cq1dql/the_dream_is_killing_me/,The dream is killing me,single_location,long_term_recurring,not_mentioned,current_self,,waking up so happy; still get confused,medium,False,1,0,2
https://www.reddit.com/r/TheMallWorld/comments/1cqqpbt/building_something_in_dream/,building something in dream,not_enough_info,recurring,not_mentioned,current_self,,,medium,True,1,0,1
https://www.reddit.com/r/TheMallWorld/comments/1cr0c6f/i_just_heard_of_this_sub_and_im_a_little_freaked/,"I just heard of this sub, and I’m a little freaked out now",mostly_coherent,long_term_recurring,not_mentioned,current_self,a little freaked out,,high,True,7,6,2
https://www.reddit.com/r/TheMallWorld/comments/1crjuhx/my_mall_sweaters_and_vinyl_records/,My mall- sweaters and vinyl records,partially_coherent,recurring,not_mentioned,not_mentioned,,,medium,True,3,1,0
https://www.reddit.com/r/TheMallWorld/comments/1crr3sx/dream_about_some_mall/,Dream about some mall,partially_coherent,recurring,not_mentioned,not_mentioned,,,medium,True,12,1,1
https://www.reddit.com/r/TheMallWorld/comments/1csjxqs/mine_9yr_old_goes_to_mallworld/,Mine 9yr Old Goes To Mallworld,mostly_coherent,not_mentioned,not_mentioned,different_person,really cool dream,,medium,True,3,2,2
https://www.reddit.com/r/TheMallWorld/comments/1ctbals/ive_been_here_before/,I've been here before,mostly_coherent,long_term_recurring,not_mentioned,current_self,vague sense of dread; melancholy (bittersweet),,high,True,3,4,4
https://www.reddit.com/r/TheMallWorld/comments/1ctr6yk/yesterday_i_had_such_and_crazy_mall_world_dream/,Yesterday I had such and crazy mall world dream lol (TW:Car accident / sex),mostly_coherent,recurring,inconsistent,current_self,driving back to dorm hotel after drinking/doing drugs; conflict with a girl in car,lucid/indifferent; 'didn't even care any more' and wanted 'dream sex',high,True,6,5,11
https://www.reddit.com/r/TheMallWorld/comments/1cu9z23/water_slides/,Water slides,not_enough_info,recurring,not_mentioned,not_mentioned,,,medium,True,1,0,1
https://www.reddit.com/r/TheMallWorld/comments/1cuns92/the_waterslides/,The waterslides,partially_coherent,recurring,not_mentioned,not_mentioned,,,medium,True,8,4,0
https://www.reddit.com/r/TheMallWorld/comments/1cuuru2/in_my_dreams_i_still_live_at_my_parents_house_i/,in my dreams i still live at my parents' house. i thoght my brain just hadnt caught up. but i noticed another consistency.,partially_coherent,long_term_recurring,not_mentioned,current_self,,,medium,True,4,3,3
https://www.reddit.com/r/TheMallWorld/comments/1cux8iq/fights/,Fights,not_enough_info,recurring,not_mentioned,current_self,,,medium,False,1,0,1
https://www.reddit.com/r/TheMallWorld/comments/1cv0vep/the_weirdest_bathroom_ever/,The weirdest bathroom ever,partially_coherent,variation,normal,current_self,,That bathroom was so strange,high,True,6,5,3
https://www.reddit.com/r/TheMallWorld/comments/1cv1kbu/crazy_real_dream/,Crazy real dream,partially_coherent,not_mentioned,normal,current_self,crazy realistic; intention was not good,Just seemed so real and crazy,medium,True,4,2,4
https://www.reddit.com/r/TheMallWorld/comments/1cwrum4/bikini_bottom/,Bikini Bottom,partially_coherent,not_mentioned,not_mentioned,current_self,peace,happy,medium,True,3,2,2
https://www.reddit.com/r/TheMallWorld/comments/1cwshro/weird_mallworld_stairs/,Weird MallWorld Stairs?,mostly_coherent,long_term_recurring,not_mentioned,not_mentioned,,,medium,True,3,1,2
https://www.reddit.com/r/TheMallWorld/comments/1cxrhax/memory_mansions_that_are_portals/,Memory Mansions that are Portals,mostly_coherent,long_term_recurring,not_mentioned,child_self,,,high,True,7,6,7
https://www.reddit.com/r/TheMallWorld/comments/1cy0iyc/had_a_dream_about_a_girl_i_have_never_met_but/,"Had a Dream about a Girl I Have Never Met, but Felt a Fondness For When I Woke Up...",partially_coherent,first_visit,not_mentioned,current_self,not_mentioned,Somber/feeling of emotional severance upon waking; fondness for the girl,medium,True,1,0,4
https://www.reddit.com/r/TheMallWorld/comments/1cy1brl/robert_monroe/,Robert Monroe,partially_coherent,not_mentioned,inconsistent,current_self,,,medium,True,2,0,1
https://www.reddit.com/r/TheMallWorld/comments/1d0o3yg/hotel_apartment_combo/,Hotel apartment combo,mostly_coherent,not_mentioned,inconsistent,current_self,,,high,True,6,2,2
https://www.reddit.com/r/TheMallWorld/comments/1d16u5j/higher_level/,Higher level,mostly_coherent,recurring,not_mentioned,current_self,,panic stopped at level 4,medium,True,15,4,9
https://www.reddit.com/r/TheMallWorld/comments/1d1z787/huge_incoming_wave/,Huge incoming wave,partially_coherent,recurring,not_mentioned,current_self,,intense,high,True,4,4,4
https://www.reddit.com/r/TheMallWorld/comments/1d2e5h7/after_4_straight_nights_of_not_being_able_to/,"After 4 straight nights of not being able to remember dreams (or thinking that I haven't dreamt at all), I am finally back to Mall World.",partially_coherent,recurring,compressed,current_self,,abrupt waking upon entering unisex restroom (emotion not specified),high,True,4,3,3
https://www.reddit.com/r/TheMallWorld/comments/1d3pq03/is_your_mall_also_next_to_the_oceanbeach/,Is your mall also next to the ocean/beach?,partially_coherent,recurring,not_mentioned,not_mentioned,,,medium,True,3,2,4
https://www.reddit.com/r/TheMallWorld/comments/1d4m81c/mall_design/,Mall design,partially_coherent,long_term_recurring,not_mentioned,not_mentioned,,,medium,True,6,1,0
https://www.reddit.com/r/TheMallWorld/comments/1d4oabj/fashion_show/,Fashion Show,single_location,not_mentioned,not_mentioned,current_self,,,high,True,1,0,3
https://www.reddit.com/r/TheMallWorld/comments/1d548va/has_anyone_seen_this_library/,Has anyone seen this library?,mostly_coherent,first_visit,not_mentioned,not_mentioned,,,high,True,1,1,1
https://www.reddit.com/r/TheMallWorld/comments/1d57rxd/mall_world_poem/,Mall World Poem,partially_coherent,recurring,not_mentioned,current_self,"seeking solace, nowhere to hide",trapped; no exit found,medium,True,4,3,3
https://www.reddit.com/r/TheMallWorld/comments/1d5e50y/brick_buildings_part_of_school/,Brick buildings part of school,partially_coherent,long_term_recurring,not_mentioned,not_mentioned,,,medium,True,2,0,3
https://www.reddit.com/r/TheMallWorld/comments/1d67q76/being_chased_after_becoming_lucid/,Being chased after becoming lucid,partially_coherent,recurring,inconsistent,current_self,some sort of daze; snapped out of it,confused,medium,True,2,1,5
https://www.reddit.com/r/TheMallWorld/comments/1d6qcdj/what_kinds_of_food_have_you_had/,What kinds of food have you had?,single_location,not_mentioned,not_mentioned,not_mentioned,,,medium,True,2,1,1
https://www.reddit.com/r/TheMallWorld/comments/1d6vwgd/my_mallworld/,My Mallworld,mostly_coherent,recurring,not_mentioned,current_self,,,medium,True,9,5,4
https://www.reddit.com/r/TheMallWorld/comments/1d6x1bd/i_keep_going_to_an_enormous_elaborate_hotel_each/,I keep going to an enormous elaborate hotel each night,mostly_coherent,long_term_recurring,not_mentioned,not_mentioned,,,medium,True,2,0,1
https://www.reddit.com/r/TheMallWorld/comments/1d78tlx/mall_world_glitches/,Mall World Glitches,single_location,not_mentioned,not_mentioned,current_self,,abrupt end upon noticing anomaly,medium,True,2,1,2
https://www.reddit.com/r/TheMallWorld/comments/1d8hv1f/dark_forest/,Dark forest,partially_coherent,recurring,not_mentioned,not_mentioned,,,medium,True,5,2,2
https://www.reddit.com/r/TheMallWorld/comments/1da0m3m/television_broadcast/,Television Broadcast?,single_location,first_visit,not_mentioned,not_mentioned,,,medium,False,1,0,1
https://www.reddit.com/r/TheMallWorld/comments/1da5v89/the_endless_office_building/,The endless office building,partially_coherent,not_mentioned,inconsistent,current_self,not mentioned,,medium,True,4,3,4
https://www.reddit.com/r/TheMallWorld/comments/1dabt0r/always_a_mall_last_night_it_was_a_warehouse_and/,"Always a mall, last night it was a warehouse, and then it turned into an old house that became a museum?",partially_coherent,long_term_recurring,not_mentioned,current_self,,,medium,True,5,4,1
https://www.reddit.com/r/TheMallWorld/comments/1daj8xc/mall_world_dreams_for_4_years/,Mall World dreams for 4 years,mostly_coherent,long_term_recurring,not_mentioned,not_mentioned,glad I found this sub,,medium,True,5,0,3
https://www.reddit.com/r/TheMallWorld/comments/1dc6rvs/greengray_mist/,green/gray mist,partially_coherent,not_mentioned,compressed,not_mentioned,,woke up abruptly after seeing mist,high,True,2,1,3
https://www.reddit.com/r/TheMallWorld/comments/1dccfow/military_complex_cut_into_a_mountain_and_outside/,Military Complex (Cut into a mountain and outside),mostly_coherent,recurring,not_mentioned,current_self,,,medium,True,3,2,3
https://www.reddit.com/r/TheMallWorld/comments/1dd9dna/the_calm_aquarium_store/,The calm aquarium store,mostly_coherent,recurring,not_mentioned,not_mentioned,,,high,True,4,2,3
https://www.reddit.com/r/TheMallWorld/comments/1ddae7e/the_museum_expanded/,The museum expanded,mostly_coherent,long_term_recurring,not_mentioned,not_mentioned,absolutely blown away,,medium,True,10,1,3
https://www.reddit.com/r/TheMallWorld/comments/1de7hha/dreaming_of_these_after_turning_25/,Dreaming of these after turning 25.,partially_coherent,recurring,looping,current_self,,"unsettling, it feels real",medium,True,7,4,7
https://www.reddit.com/r/TheMallWorld/comments/1dfqquo/behind_the_scenes/,Behind the scenes,partially_coherent,variation,compressed,current_self,Neutral/concerned about grades; then dread while wandering after school (verbatim: 'began to feel dread deep within me'),Abrupt wake-up; waking affect described as fearlessness/liberation (verbatim: 'I don't feel fear anymore...It feels great'),medium,True,4,3,5
https://www.reddit.com/r/TheMallWorld/comments/1dfu36l/just_had_my_first_completely_lucid_dream_in_a/,Just had my first completely lucid dream in a mall world. (Long post),mostly_coherent,variation,normal,current_self,nightmare/escape urgency (tied up; fleeing),fading out then waking; curious/weirded out about 'pensive',high,True,7,6,12
https://www.reddit.com/r/TheMallWorld/comments/1dggeoc/dilapidated_buildings/,Dilapidated buildings.,partially_coherent,recurring,not_mentioned,not_mentioned,,,medium,True,3,1,2
https://www.reddit.com/r/TheMallWorld/comments/1dhpzle/sketchy_areas/,Sketchy areas,mostly_coherent,recurring,not_mentioned,current_self,,,high,True,5,4,5
https://www.reddit.com/r/TheMallWorld/comments/1djhzsc/oceanbeach/,Ocean/beach,single_location,not_mentioned,compressed,current_self,,dreadful feeling of sadness and this empty feeling,medium,True,1,0,3
https://www.reddit.com/r/TheMallWorld/comments/1dlsbsf/reoccurring_food_courtbuffetlunch_room_area/,Reoccurring food court/buffet/lunch room area,partially_coherent,recurring,not_mentioned,not_mentioned,,,medium,True,3,0,2
https://www.reddit.com/r/TheMallWorld/comments/1dm6mkk/weird_woman_entity/,Weird Woman entity,not_enough_info,long_term_recurring,not_mentioned,current_self,,,medium,True,2,1,4
https://www.reddit.com/r/TheMallWorld/comments/1dn86o5/gum_gum_whip/,Gum Gum Whip,partially_coherent,not_mentioned,not_mentioned,current_self,"apocalyptic type dream; ""everyone was a zombie""; ""so nasty""",woke up immediately after fight/escape sequence; wrote it down,medium,True,2,1,4
https://www.reddit.com/r/TheMallWorld/comments/1do43ks/the_old_guy_in_the_cabin/,The Old guy in The Cabin,single_location,not_mentioned,not_mentioned,current_self,,,medium,False,1,0,3
https://www.reddit.com/r/TheMallWorld/comments/1donscf/ok_so_ive_been_having_weird_dreams_outside_of/,"Ok, so I've been having weird dreams outside of mallworld that are on the outskirts of Shantytown. There are skywars going on with different crafts that I can't describe.",partially_coherent,recurring,compressed,current_self,disturbing,disturbing,medium,True,5,3,3
https://www.reddit.com/r/TheMallWorld/comments/1doxiuz/wacky_out_of_control_dreams/,Wacky/ out of control dreams,partially_coherent,variation,not_mentioned,current_self,,wakes up laughing at how ridiculous / or wakes up with apathy,medium,True,4,2,5
https://www.reddit.com/r/TheMallWorld/comments/1dpi55o/have_real_memories_that_didnt_happen_after_dream/,"Have ""Real"" Memories That Didn't Happen After Dream",mostly_coherent,not_mentioned,not_mentioned,current_self,,,high,True,2,1,3
https://www.reddit.com/r/TheMallWorld/comments/1dq1fpi/moving_up_and_down_but_i_cannot_enter_the_mall/,"Moving up and down, but I cannot enter The Mall World",partially_coherent,recurring,not_mentioned,not_mentioned,,,medium,True,2,1,2
https://www.reddit.com/r/TheMallWorld/comments/1dqhcws/mall_world_as_premonition/,Mall World as premonition?,single_location,first_visit,normal,current_self,very scared,,medium,True,1,0,1
https://www.reddit.com/r/TheMallWorld/comments/1dqk7gl/an_excerpt/,An excerpt,mostly_coherent,not_mentioned,not_mentioned,current_self,wants to go home; unsure where they are; unease,bloodcurdling fear; forced wake-up,high,True,5,2,8
https://www.reddit.com/r/TheMallWorld/comments/1dtql1f/flying_cloud_entity/,Flying Cloud Entity?,single_location,recurring,not_mentioned,not_mentioned,,,medium,True,1,0,1
https://www.reddit.com/r/TheMallWorld/comments/1dvkl0n/can_somebody_help_me_pls/,Can somebody help me pls?,mostly_coherent,not_mentioned,looping,current_self,,Distressed/asking for help; notes it felt real ('It felt like I was there').,high,True,7,6,8
https://www.reddit.com/r/TheMallWorld/comments/1dw6mmy/the_university_or_school/,The university or school,partially_coherent,recurring,normal,current_self,,,medium,True,5,0,5
https://www.reddit.com/r/TheMallWorld/comments/1dy1ybm/a_giant_college_campus_in_mall_world/,A giant college campus in Mall World,mostly_coherent,long_term_recurring,not_mentioned,current_self,Stress/anxiety about school progress and missing classes/assignments,Stress carries into waking day,medium,True,5,4,4
https://www.reddit.com/r/TheMallWorld/comments/1dya4ai/festival_at_the_mall_and_the_hardware_store/,Festival At The Mall and The Hardware Store,not_enough_info,not_mentioned,not_mentioned,not_mentioned,,,medium,True,3,2,2
https://www.reddit.com/r/TheMallWorld/comments/1dymbji/what_about_giant_water_park_world/,What about giant water park world ?,partially_coherent,recurring,not_mentioned,current_self,,,medium,True,1,0,0
https://www.reddit.com/r/TheMallWorld/comments/1dywsz0/the_skyparks/,The Skyparks,partially_coherent,first_visit,not_mentioned,current_self,,,medium,True,4,1,2
https://www.reddit.com/r/TheMallWorld/comments/1e00a3a/waiting_by_the_water/,Waiting by the water,mostly_coherent,long_term_recurring,not_mentioned,current_self,,lucid recognition then waking up,high,True,3,1,3
https://www.reddit.com/r/TheMallWorld/comments/1e067gv/its_the_most_beautiful_place_ive_ever_been/,It's the most beautiful place I've ever been,mostly_coherent,long_term_recurring,not_mentioned,not_mentioned,not_mentioned,not_mentioned,medium,True,6,1,3
https://www.reddit.com/r/TheMallWorld/comments/1e06ks8/the_80s_mansion/,The 80s Mansion,mostly_coherent,long_term_recurring,not_mentioned,current_self,,freaked out (on waking),medium,True,6,3,3
https://www.reddit.com/r/TheMallWorld/comments/1e0f1cl/train_running_though_mall/,Train running though mall,mostly_coherent,recurring,not_mentioned,not_mentioned,,,medium,True,3,4,3
https://www.reddit.com/r/TheMallWorld/comments/1e0mx0u/violence_in_mallworld/,Violence in Mallworld,single_location,first_visit,normal,current_self,,,high,True,1,0,3
https://www.reddit.com/r/TheMallWorld/comments/1e0pvv5/giant_ice_arena/,Giant Ice Arena,partially_coherent,recurring,not_mentioned,current_self,,,high,True,2,1,2
https://www.reddit.com/r/TheMallWorld/comments/1e1lyd7/does_anyone_else_dream_of_being_stuck_in_a_giant/,Does anyone else dream of being stuck in a GIANT store?,single_location,not_mentioned,compressed,child_self,,screaming for my mom; then woke up,medium,True,2,1,2
https://www.reddit.com/r/TheMallWorld/comments/1e1tfiz/i_always_end_up_back_at_the_stilts_trailer_park/,"I always end up back at "" The Stilts"" trailer park",partially_coherent,recurring,not_mentioned,current_self,,,medium,True,1,1,2
https://www.reddit.com/r/TheMallWorld/comments/1e4hhcn/i_just_had_my_first_mall_dream/,I just had my ‘first’ mall dream,single_location,first_visit,not_mentioned,current_self,,disappointed/abruptly interrupted (woke up when dog woke them),medium,True,1,0,2
https://www.reddit.com/r/TheMallWorld/comments/1e4pgs4/water_park_dream/,Water park dream,mostly_coherent,recurring,normal,current_self,uncanny and lucid; looking for wife,frustrated; urgent desire to leave,high,True,10,7,5
https://www.reddit.com/r/TheMallWorld/comments/1e4rifx/i_dream_about_vegas_casino_malls_all_the_time/,I dream about Vegas casino malls all the time.,partially_coherent,long_term_recurring,not_mentioned,current_self,not_mentioned,nostalgic and heartbroken,medium,True,3,1,2
https://www.reddit.com/r/TheMallWorld/comments/1e4tpug/portal/,Portal,partially_coherent,recurring,not_mentioned,current_self,,,medium,True,2,1,3
https://www.reddit.com/r/TheMallWorld/comments/1e4xpk7/fascinating_i_have_dreams_of_alleyways_hallways/,"Fascinating! I have dreams of alleyways, hallways, mall-like places too!",partially_coherent,recurring,not_mentioned,current_self,,,medium,True,4,3,3
https://www.reddit.com/r/TheMallWorld/comments/1e4z6gq/mall_world_with_a_beautiful_water_park_and_ferris/,Mall World with a beautiful water park and Ferris wheel.,partially_coherent,recurring,not_mentioned,not_mentioned,,,medium,True,6,5,1
https://www.reddit.com/r/TheMallWorld/comments/1e53tjb/recurring_motifs_in_my_dreamworld_how_many_of/,Recurring motifs in my dreamworld - how many of them do you guys share?,highly_coherent,long_term_recurring,not_mentioned,not_mentioned,,confused,high,True,20,8,5
https://www.reddit.com/r/TheMallWorld/comments/1e5891w/not_sure_how_to_explain/,Not sure how to explain.,not_enough_info,long_term_recurring,not_mentioned,current_self,,things start getting fuzzy and I wake up soon after,medium,False,2,0,3
https://www.reddit.com/r/TheMallWorld/comments/1e6dlbq/my_favorite_place_in_mallworld/,My favorite place in Mallworld,partially_coherent,recurring,not_mentioned,not_mentioned,,,medium,True,4,1,1
https://www.reddit.com/r/TheMallWorld/comments/1e6ubwq/everything_outside_of_the_mall_is_scary/,Everything outside of the mall is scary,partially_coherent,long_term_recurring,not_mentioned,not_mentioned,,,medium,True,4,3,2
https://www.reddit.com/r/TheMallWorld/comments/1e6wl4a/gameshow_movie_theater/,"""Gameshow"" Movie Theater",partially_coherent,variation,not_mentioned,not_mentioned,,,medium,True,4,3,3
https://www.reddit.com/r/TheMallWorld/comments/1e7g87t/waterpark_amusement_park_compound_like/,"Waterpark, amusement park, compound like restaurant/bar, haunted house, ski resort, museum, malls, aquarium, thrift stores, hotel, exotic space resorts?",partially_coherent,long_term_recurring,not_mentioned,current_self,,,medium,True,23,9,6
https://www.reddit.com/r/TheMallWorld/comments/1e8f0w2/department_store/,Department store,partially_coherent,long_term_recurring,not_mentioned,not_mentioned,,,medium,True,2,1,3
https://www.reddit.com/r/TheMallWorld/comments/1e8id1q/hello_fellow_mega_mall_patrons/,Hello fellow mega mall patrons,mostly_coherent,long_term_recurring,not_mentioned,current_self,not_mentioned,overwhelmed; wanted to feel better; couldn't sleep,high,True,13,8,5
https://www.reddit.com/r/TheMallWorld/comments/1e9z0nh/i_literally_think_about_this_river_every_day/,I literally think about this river every day.,mostly_coherent,long_term_recurring,not_mentioned,not_mentioned,,,medium,True,7,4,0
https://www.reddit.com/r/TheMallWorld/comments/1eb2nng/im_sorry_its_me_again_but_is_this_your_house/,I'm sorry it's me again but is this your house.,single_location,recurring,not_mentioned,not_mentioned,,,medium,True,2,1,1
https://www.reddit.com/r/TheMallWorld/comments/1ec1fk2/skipped_the_mall_but_visited_the_reoccurring/,"Skipped the mall, but visited the reoccurring college campus center.",highly_coherent,long_term_recurring,normal,current_self,,,high,True,5,4,2
https://www.reddit.com/r/TheMallWorld/comments/1eceguc/the_basement_pool/,The Basement Pool,partially_coherent,first_visit,not_mentioned,not_mentioned,,woke up irl before I knew if I broke through the wall or not,high,True,6,1,2
https://www.reddit.com/r/TheMallWorld/comments/1efl2dl/the_auditorium/,The Auditorium,partially_coherent,recurring,not_mentioned,not_mentioned,sad; rushed,not_mentioned,medium,True,2,0,2
https://www.reddit.com/r/TheMallWorld/comments/1egie5a/mall_world_software_updates/,"Mall World ""software"" Updates",partially_coherent,recurring,not_mentioned,current_self,,suddenly the alarm wake me up,medium,True,6,3,4
https://www.reddit.com/r/TheMallWorld/comments/1eidu4v/mallworld_bathroom/,Mallworld bathroom,mostly_coherent,recurring,not_mentioned,current_self,happy to have found this sub (waking context); in-dream emotion not explicitly stated,often wakes when the machine follows/catches up; discomfort and inability to move when attacked,high,True,4,2,3
https://www.reddit.com/r/TheMallWorld/comments/1ej6tor/woah_my_mall_was_replaced_by_a_giant_water_world/,Woah! My mall was replaced by a giant water world labyrinth for the first time,partially_coherent,variation,not_mentioned,current_self,,,medium,True,2,1,4
https://www.reddit.com/r/TheMallWorld/comments/1ejb02j/one_of_the_things_i_love_about_my_mallworld_and/,One of the things I love about my MallWorld and some observations,not_enough_info,recurring,not_mentioned,not_mentioned,,,medium,True,2,0,1
https://www.reddit.com/r/TheMallWorld/comments/1ejl33n/sometimes_i_cant_escape_the_mall/,Sometimes I can’t escape the mall?,partially_coherent,recurring,not_mentioned,not_mentioned,not_mentioned,not_mentioned,medium,True,2,0,1
https://www.reddit.com/r/TheMallWorld/comments/1ekcri3/my_mallworld_experience/,My MallWorld experience,mostly_coherent,long_term_recurring,not_mentioned,current_self,extremely stressful; rushing around,not_mentioned,high,True,5,3,7
https://www.reddit.com/r/TheMallWorld/comments/1ekuber/house_in_the_woods/,House in the woods,partially_coherent,long_term_recurring,not_mentioned,not_mentioned,intrigued,intrigued,medium,True,4,2,2
https://www.reddit.com/r/TheMallWorld/comments/1el5mxn/i_found_this_sub_recently_mind_if_i_share/,"I found this sub recently, mind if I share?",mostly_coherent,recurring,not_mentioned,current_self,not_mentioned,not_mentioned,high,True,4,3,4
https://www.reddit.com/r/TheMallWorld/comments/1ems0al/weird_mall_world_like_this/,Weird mall world like this?,not_enough_info,recurring,not_mentioned,not_mentioned,,,medium,False,1,0,0
https://www.reddit.com/r/TheMallWorld/comments/1en0fkt/a_dream_world_i_visited_a_few_times/,A dream world I visited a few times,partially_coherent,recurring,not_mentioned,not_mentioned,,,medium,True,3,1,0
https://www.reddit.com/r/TheMallWorld/comments/1enl5i0/didnt_check_into_hotel_caused_chaos/,"Didn’t check into hotel, caused chaos",mostly_coherent,recurring,not_mentioned,current_self,,not_mentioned,medium,True,3,2,4
https://www.reddit.com/r/TheMallWorld/comments/1enlp3q/sorry_for_the_long_post_i_am_trying_to_learn_more/,"sorry for the long post, i am trying to learn more about this",mostly_coherent,long_term_recurring,not_mentioned,not_mentioned,,,medium,True,11,2,2
https://www.reddit.com/r/TheMallWorld/comments/1eom3n4/part_of_a_store_closing/,Part of a store closing,partially_coherent,not_mentioned,not_mentioned,not_mentioned,,,medium,True,5,4,3
https://www.reddit.com/r/TheMallWorld/comments/1ep0t2h/a_sky_underground/,A sky underground?,mostly_coherent,not_mentioned,not_mentioned,current_self,,,high,True,9,5,3
https://www.reddit.com/r/TheMallWorld/comments/1epis23/playful_mischief/,Playful mischief?,partially_coherent,long_term_recurring,not_mentioned,current_self,stoked / playful-mischievous (not serious),not_mentioned,medium,True,5,4,4
https://www.reddit.com/r/TheMallWorld/comments/1epqny2/alternate_versions_of_real_life_places/,Alternate versions of real life places,mostly_coherent,long_term_recurring,not_mentioned,not_mentioned,,,medium,True,21,9,3
https://www.reddit.com/r/TheMallWorld/comments/1epyiu2/the_undergroundtunnels/,The underground/tunnels,mostly_coherent,recurring,not_mentioned,current_self,,,medium,True,5,3,1
https://www.reddit.com/r/TheMallWorld/comments/1eqltil/war_chaos_m_and_lucid_dreaming/,"War, chaos m, and lucid dreaming",partially_coherent,recurring,inconsistent,current_self,,mind fuck,medium,True,2,1,3
https://www.reddit.com/r/TheMallWorld/comments/1eruay7/being_framed_for_stealing/,"Being framed for ""stealing""",mostly_coherent,recurring,normal,current_self,excited/anticipating Yugioh tournament (implied),"tired, struggling to breathe; woke up while trying to escape",high,True,7,7,8
https://www.reddit.com/r/TheMallWorld/comments/1esgt6b/tell_me_about_your_staircases/,Tell me about your staircases,partially_coherent,long_term_recurring,not_mentioned,not_mentioned,,,medium,True,7,5,1
https://www.reddit.com/r/TheMallWorld/comments/1etkepl/family_in_vehicle/,Family in Vehicle,partially_coherent,variation,not_mentioned,current_self,not_mentioned,,medium,True,3,2,3
https://www.reddit.com/r/TheMallWorld/comments/1etmd7t/the_forbidden_tower_library/,The forbidden tower library.,partially_coherent,recurring,not_mentioned,not_mentioned,,,medium,True,4,2,3
https://www.reddit.com/r/TheMallWorld/comments/1etrof3/chicago_world_fair/,Chicago world fair,partially_coherent,not_mentioned,not_mentioned,current_self,,,medium,True,2,1,1
https://www.reddit.com/r/TheMallWorld/comments/1ex1sn1/my_mall/,MY MALL,partially_coherent,long_term_recurring,not_mentioned,current_self,not_mentioned,,medium,True,21,3,4
https://www.reddit.com/r/TheMallWorld/comments/1ey48j2/a_door_ive_never_seen/,A door I've never seen,highly_coherent,long_term_recurring,not_mentioned,current_self,,not_mentioned,high,True,5,1,2
https://www.reddit.com/r/TheMallWorld/comments/1ezatkp/massive_area_of_device_storage/,Massive area of device storage?,partially_coherent,not_mentioned,not_mentioned,current_self,,,medium,True,2,1,3
https://www.reddit.com/r/TheMallWorld/comments/1f0g8k9/never_buying_anything/,Never buying anything,not_enough_info,recurring,not_mentioned,not_mentioned,,,medium,False,1,0,1
https://www.reddit.com/r/TheMallWorld/comments/1f1kiot/interacted_with_a_hotel_personnel_and_they_told/,"Interacted with a hotel personnel and they told me nothing there is real, but an AI program",mostly_coherent,recurring,not_mentioned,current_self,,,high,True,5,5,3
https://www.reddit.com/r/TheMallWorld/comments/1f2cwr8/the_future/,The future,partially_coherent,variation,compressed,different_person,curiosity,freaked out / fearful realization of being stuck,high,True,6,2,8
https://www.reddit.com/r/TheMallWorld/comments/1f5z72e/time_travel/,Time Travel?,mostly_coherent,long_term_recurring,looping,current_self,,disoriented,high,True,3,2,4
https://www.reddit.com/r/TheMallWorld/comments/1f6ckqc/themachineshop/,TheMachineShop,mostly_coherent,recurring,normal,not_mentioned,,,high,True,4,1,3
https://www.reddit.com/r/TheMallWorld/comments/1f6i49t/new_here_first_post_explaining_one_of_my/,"New here! First post, explaining one of my experiences. (NSFW for violence/nightmare)",single_location,recurring,looping,current_self,horrifying,woke up shaking; sad; sort of accepting,high,True,1,0,5
https://www.reddit.com/r/TheMallWorld/comments/1f7pp6u/the_outside_of_my_mallworld/,The outside of my mallworld,single_location,recurring,not_mentioned,not_mentioned,,,medium,True,3,1,0
https://www.reddit.com/r/TheMallWorld/comments/1f7si3j/pool_off_the_lower_level/,Pool off the lower level,mostly_coherent,not_mentioned,not_mentioned,current_self,,,high,True,4,3,2
https://www.reddit.com/r/TheMallWorld/comments/1f7twyh/similar_dreams/,Similar dreams,mostly_coherent,recurring,not_mentioned,current_self,not happy; at least a little on edge,,medium,True,10,3,1
https://www.reddit.com/r/TheMallWorld/comments/1f8m0gj/somehow_i_can_just_feel_the_engines_roar/,Somehow I can just feel the engines roar,partially_coherent,recurring,not_mentioned,current_self,,,medium,True,2,1,3
https://www.reddit.com/r/TheMallWorld/comments/1f8no1j/have_you_experienced_the_slipperyslidey_floors_in/,Have you experienced the slippery/slidey floors in your mall?,not_enough_info,recurring,not_mentioned,not_mentioned,,,high,False,2,1,2
https://www.reddit.com/r/TheMallWorld/comments/1fa80dg/dying_in_the_mall_and_my_fun_room_recurring_dream/,"Dying in 'the mall', and my ""fun room"" recurring dream",mostly_coherent,long_term_recurring,not_mentioned,current_self,not_mentioned,not_mentioned,high,True,6,2,4
https://www.reddit.com/r/TheMallWorld/comments/1favuma/does_anyone_else_visit_the_same_world_every_night/,Does anyone else visit the same world every night?,mostly_coherent,long_term_recurring,not_mentioned,current_self,,,medium,True,10,3,8
https://www.reddit.com/r/TheMallWorld/comments/1fbkfx1/variously_recurring_dreamscapes_similar_to_mall/,Variously recurring dreamscapes similar to Mall World,mostly_coherent,long_term_recurring,not_mentioned,multiple,,,medium,True,13,6,12
https://www.reddit.com/r/TheMallWorld/comments/1fct6b4/end_of_the_world_dream/,End of the world dream,single_location,long_term_recurring,not_mentioned,not_mentioned,,,high,True,1,0,4
https://www.reddit.com/r/TheMallWorld/comments/1fcxz53/continuation_of_dream_but_something_else_please/,"Continuation of dream, but something else , please read and if you experienced it let me know",partially_coherent,variation,not_mentioned,current_self,,,medium,True,6,4,5
https://www.reddit.com/r/TheMallWorld/comments/1fenahq/vivid_dream_location_i_remember_from_a_few_years/,Vivid dream location I remember from a few years ago.,single_location,not_mentioned,not_mentioned,child_self,,,medium,True,2,0,2
https://www.reddit.com/r/TheMallWorld/comments/1feu581/i_died_in_my_dream_have_you/,"I died in my dream, have you?",single_location,not_mentioned,compressed,current_self,,scared; woke up drenched in sweat,high,True,1,0,3
https://www.reddit.com/r/TheMallWorld/comments/1ffakco/has_anyone_been_to_the_dollhouse/,"Has anyone been to ""the dollhouse""?",mostly_coherent,not_mentioned,not_mentioned,not_mentioned,,,medium,True,5,2,2
https://www.reddit.com/r/TheMallWorld/comments/1ffcyqg/recurring_retro_mall_dream/,Recurring Retro mall dream,mostly_coherent,recurring,normal,current_self,good and almost nostalgic,confusion,high,True,6,6,6
https://www.reddit.com/r/TheMallWorld/comments/1ffnwh6/jail_world/,Jail world??,partially_coherent,variation,normal,current_self,,,medium,True,3,2,3
https://www.reddit.com/r/TheMallWorld/comments/1fgtq4z/i_couldnt_remember_my_dream_but_then/,"I couldn't remember my dream, but then",partially_coherent,recurring,not_mentioned,current_self,frustrated about not remembering dream,not_mentioned,medium,True,1,1,1
https://www.reddit.com/r/TheMallWorld/comments/1fiakag/trying_to_get_to_the_video_store/,Trying to get to the video store...,partially_coherent,long_term_recurring,inconsistent,current_self,excited / nostalgic at the thought it isn't a dream and a video store still exists,wakes up; sometimes after everything fades around them,high,True,4,3,5
https://www.reddit.com/r/TheMallWorld/comments/1figmzo/large_skyscraper_flying_machines/,Large skyscraper / flying machines,partially_coherent,recurring,not_mentioned,current_self,,,medium,True,4,3,2
https://www.reddit.com/r/TheMallWorld/comments/1fj7nj5/my_dreams/,My dreams,partially_coherent,not_mentioned,not_mentioned,not_mentioned,,,medium,True,6,6,3
https://www.reddit.com/r/TheMallWorld/comments/1fjaxtu/update_on_a_post_i_made_idk_how_to_update_the/,"Update on a post I made, idk how to update the original, about a door appearing in my mall world.",partially_coherent,recurring,not_mentioned,current_self,,freak out then wake up,high,True,2,0,5
https://www.reddit.com/r/TheMallWorld/comments/1fjcyrm/mall_dream_last_night/,Mall dream last night,single_location,not_mentioned,not_mentioned,current_self,,,medium,False,1,0,3
https://www.reddit.com/r/TheMallWorld/comments/1fjdm27/snowedin_hotel_surroundings/,Snowed-in Hotel Surroundings,mostly_coherent,recurring,normal,current_self,,,high,True,6,4,4
https://www.reddit.com/r/TheMallWorld/comments/1fjnmg0/dream_i_had_yesterday/,Dream I had yesterday,mostly_coherent,recurring,compressed,current_self,,caught and ran; woke up,high,True,8,6,10
https://www.reddit.com/r/TheMallWorld/comments/1flj61e/went_to_the_dream_noodle_place_last_night_have/,"Went to the dream noodle place last night, have you been to PHO PA",single_location,first_visit,not_mentioned,not_mentioned,,,medium,False,1,0,1
https://www.reddit.com/r/TheMallWorld/comments/1flz6jc/same_location/,Same location,not_enough_info,long_term_recurring,not_mentioned,current_self,,,minimal,False,1,0,1
https://www.reddit.com/r/TheMallWorld/comments/1fm0qur/i_visit_the_mall_2020/,I visit The Mall 2020,mostly_coherent,first_visit,not_mentioned,current_self,happy (excited to show wife new office),not_mentioned,high,True,2,2,4
https://www.reddit.com/r/TheMallWorld/comments/1fno16j/dreams_of_a_church_inside_the_mall/,Dreams of a church inside the mall,mostly_coherent,recurring,normal,current_self,urge/feeling drawn to go to the temple area; felt like looking for something,scared; woke up,high,True,3,2,4
https://www.reddit.com/r/TheMallWorld/comments/1fo1wgn/steep_hilly_forest_and_a_bridge_across_a_mountain/,Steep hilly forest and a bridge across a mountain lake.,mostly_coherent,recurring,not_mentioned,not_mentioned,,,high,True,5,4,3
https://www.reddit.com/r/TheMallWorld/comments/1fo20vs/any_mall_world_road_trippers/,Any mall world road trippers?,mostly_coherent,long_term_recurring,not_mentioned,current_self,,embarrassment (at gas station stop; 'not proud' / 'couldn’t continue the journey'),high,True,3,2,6
https://www.reddit.com/r/TheMallWorld/comments/1fs7t2w/same_old_same_old/,Same old same old,partially_coherent,recurring,normal,current_self,,woke up after saying they were leaving; frustration/ridiculousness implied,medium,True,1,0,4
https://www.reddit.com/r/TheMallWorld/comments/1fskjjy/extremely_steep_highway_and_the_new_world_trade/,Extremely steep highway and the new world trade center,mostly_coherent,variation,normal,current_self,annoyed about dreaming of work,,high,True,4,3,2
https://www.reddit.com/r/TheMallWorld/comments/1fss6av/again_with_the_mall/,Again with the mall,partially_coherent,recurring,not_mentioned,current_self,tired; stressed (waking exhausted and stressed about it),exhausted; stressed,medium,True,5,4,5
https://www.reddit.com/r/TheMallWorld/comments/1fstqdj/trapped_in_the_department_store/,trapped in the department store,mostly_coherent,recurring,not_mentioned,current_self,,,high,True,1,1,3
https://www.reddit.com/r/TheMallWorld/comments/1fstyfh/i_consistently_have_dreams_that_start_and_end_at/,"I consistently have dreams that start and end at the same airport. The plane seems to be taking me to the same dream “world” with locations like a strip mall, hotel, futuristic school and crashed alien ship/relic",mostly_coherent,long_term_recurring,compressed,current_self,,,high,True,11,8,7
https://www.reddit.com/r/TheMallWorld/comments/1fsxe0a/mall_dream/,Mall dream,highly_coherent,long_term_recurring,inconsistent,current_self,,eerie / low key scare me,medium,True,11,4,4
https://www.reddit.com/r/TheMallWorld/comments/1fsz0c3/is_this_in_mall_world/,Is this in mall world?,mostly_coherent,recurring,not_mentioned,current_self,,,medium,True,4,0,3
https://www.reddit.com/r/TheMallWorld/comments/1fszenx/same_old_mall_but_this_time_i_opened_a_hidden_door/,Same old mall but this time I opened a hidden door,partially_coherent,recurring,inconsistent,not_mentioned,,woke up (after glitching/lagging),medium,True,2,1,1
https://www.reddit.com/r/TheMallWorld/comments/1ftoia2/roads/,Roads?,single_location,recurring,not_mentioned,current_self,,,medium,True,1,0,3
https://www.reddit.com/r/TheMallWorld/comments/1fvstds/counterfeit_cash/,Counterfeit Cash,single_location,not_mentioned,not_mentioned,current_self,,embarrassed; tricked (on waking realization),medium,True,1,0,1
https://www.reddit.com/r/TheMallWorld/comments/1fvyu8f/i_posted_this_the_other_day_in_dream_sub_i_think/,"I posted this the other day in dream sub, I think it will get more reception here though?",single_location,not_mentioned,not_mentioned,current_self,,,medium,False,1,0,3
https://www.reddit.com/r/TheMallWorld/comments/1fwnvr0/run_in_with_black_suits/,Run in with black suits,single_location,not_mentioned,not_mentioned,current_self,,"worry (""I started to get worried"") then abrupt wake-up",medium,False,1,0,5
https://www.reddit.com/r/TheMallWorld/comments/1fwrgwo/warehousetheme_park/,WAREHOUSE/THEME PARK,partially_coherent,recurring,inconsistent,not_mentioned,,,medium,True,8,5,4
https://www.reddit.com/r/TheMallWorld/comments/1fyd2as/strangest_and_most_detailed_dream/,Strangest and most detailed dream,partially_coherent,recurring,inconsistent,current_self,strangest and most detailed dream; felt I should go up in the sky into space,not_mentioned,medium,True,11,9,12
https://www.reddit.com/r/TheMallWorld/comments/1fyv7fu/dreams_kicking_me_out/,Dreams kicking me out,partially_coherent,recurring,not_mentioned,current_self,having fun / enjoyment (playing video games; eating in food places),not_mentioned,medium,True,3,0,4
https://www.reddit.com/r/TheMallWorld/comments/1fyxj9o/someone_took_me_here_last_night_what_a_wild/,"Someone took me here last night, what a wild experience",partially_coherent,first_visit,not_mentioned,current_self,,"wow, I will cherish this dream forever",medium,True,1,1,2
https://www.reddit.com/r/TheMallWorld/comments/1fzw80w/i_think_my_dreams_have_been_invaded/,I think my dreams have been invaded,partially_coherent,long_term_recurring,not_mentioned,current_self,weird; felt dreams had been hijacked,bizarre,medium,True,5,2,5
https://www.reddit.com/r/TheMallWorld/comments/1fzzz14/places_ive_been_recently/,Places Ive been recently,partially_coherent,recurring,not_mentioned,current_self,,,high,True,12,8,7
https://www.reddit.com/r/TheMallWorld/comments/1g035nd/mallworld_with_mansion_attached/,MallWorld with mansion attached,mostly_coherent,long_term_recurring,not_mentioned,not_mentioned,,,high,True,6,5,0
https://www.reddit.com/r/TheMallWorld/comments/1g0eh8u/i_go_to_almost_everywhere_everyone_talks_about_in/,I go to almost everywhere everyone talks about in these dreams EXCEPT the mall.,partially_coherent,recurring,looping,not_mentioned,,,medium,True,4,1,1
https://www.reddit.com/r/TheMallWorld/comments/1g17rno/my_dreams/,My dreams,mostly_coherent,long_term_recurring,not_mentioned,current_self,,,high,True,23,11,7
https://www.reddit.com/r/TheMallWorld/comments/1g1tmlq/the_beach_and_beach_house/,The beach and beach house,mostly_coherent,recurring,not_mentioned,current_self,,,high,True,4,4,5
https://www.reddit.com/r/TheMallWorld/comments/1g43i6i/dreams_about_childhood_neighborhood_places_ive/,Dreams about childhood neighborhood - places I’ve lived my entire life. But they all feel like the upside down in stranger things.,partially_coherent,long_term_recurring,not_mentioned,current_self,not_mentioned,not_mentioned,medium,True,9,0,5
https://www.reddit.com/r/TheMallWorld/comments/1g45xn1/off_ramp_circular_mall/,Off Ramp / Circular Mall,mostly_coherent,not_mentioned,normal,current_self,I haven’t been having many significant dreams lately.,,medium,True,4,3,3
https://www.reddit.com/r/TheMallWorld/comments/1g499r3/airport_again_vivid/,Airport again (VIVID),single_location,recurring,compressed,current_self,thrown into the airport; urgency to look and remember surroundings,not_mentioned,medium,True,2,1,2
https://www.reddit.com/r/TheMallWorld/comments/1g4a9u2/futuristic_fight_city/,Futuristic fight city,mostly_coherent,first_visit,inconsistent,current_self,not_mentioned,not_mentioned,medium,True,8,7,7
https://www.reddit.com/r/TheMallWorld/comments/1g51pmw/hotel_dreams_with_mallworld_feel/,Hotel Dreams With Mall-World Feel,partially_coherent,recurring,not_mentioned,current_self,,,medium,True,3,2,3
https://www.reddit.com/r/TheMallWorld/comments/1g55gcu/my_first_story_on_this_sub/,My first story on this sub,mostly_coherent,first_visit,not_mentioned,current_self,,pain/adrenaline; startled/forced out of state (sat up),high,True,4,2,3
https://www.reddit.com/r/TheMallWorld/comments/1g593id/my_mall_world_experience/,My Mall World Experience,highly_coherent,long_term_recurring,not_mentioned,current_self,,Feels better knowing not the only one.,medium,True,17,3,6
https://www.reddit.com/r/TheMallWorld/comments/1g6igin/huge_white_lobby_and_endless_hallways/,Huge white lobby and endless hallways,partially_coherent,not_mentioned,not_mentioned,current_self,,waking up to a loud barking dog,medium,True,3,1,4
https://www.reddit.com/r/TheMallWorld/comments/1g8ihtr/the_eternal_dream_college/,The Eternal Dream College,highly_coherent,long_term_recurring,not_mentioned,not_mentioned,not_mentioned,not_mentioned,high,True,13,8,1
https://www.reddit.com/r/TheMallWorld/comments/1g8vem7/past_lives_at_the_mall/,Past lives at the mall,mostly_coherent,not_mentioned,not_mentioned,current_self,pleasant,amazing,high,True,4,3,3
https://www.reddit.com/r/TheMallWorld/comments/1g9hzr5/violence/,Violence,single_location,recurring,not_mentioned,current_self,,,medium,True,1,0,2
https://www.reddit.com/r/TheMallWorld/comments/1g9iwma/stolen_luggage_a_visit_to_the_subbasements/,"Stolen Luggage, A Visit To The Sub-basements.",mostly_coherent,first_visit,normal,current_self,,,high,True,4,2,4
https://www.reddit.com/r/TheMallWorld/comments/1g9k6y0/going_out_in_mall_world/,Going out in Mall world,mostly_coherent,recurring,not_mentioned,not_mentioned,,,medium,True,5,0,5
https://www.reddit.com/r/TheMallWorld/comments/1g9pphc/the_shanty_town/,The shanty town,mostly_coherent,recurring,not_mentioned,current_self,,,medium,True,7,6,5
https://www.reddit.com/r/TheMallWorld/comments/1gb27ut/found_this_thread/,Found this thread!,mostly_coherent,long_term_recurring,not_mentioned,current_self,,,medium,True,8,4,3
https://www.reddit.com/r/TheMallWorld/comments/1gb51zh/looks_like_the_circus_is_in_town/,Looks like the circus is in town?,partially_coherent,long_term_recurring,not_mentioned,current_self,tired of dreaming about being at this damned mall,not_mentioned,medium,True,5,2,4
https://www.reddit.com/r/TheMallWorld/comments/1gbyqv9/somehow_went_from_the_mall_through_a_door_to_this/,"Somehow went from the mall, through a door to this exclusive suburb",mostly_coherent,not_mentioned,not_mentioned,current_self,,,medium,True,4,3,4
https://www.reddit.com/r/TheMallWorld/comments/1gbz2p4/things_can_change/,Things can change,not_enough_info,long_term_recurring,not_mentioned,not_mentioned,frustration (in prior recurring mall dreams),"hopeful (""Keeping my fingers crossed"")",medium,False,1,0,3
https://www.reddit.com/r/TheMallWorld/comments/1gce3oy/the_hotel_pool_patio_with_sharks/,The hotel pool patio with sharks,single_location,recurring,not_mentioned,not_mentioned,,,medium,True,2,1,3
https://www.reddit.com/r/TheMallWorld/comments/1gcnn6b/lake_resort_boat_docks/,Lake Resort/ Boat Docks,partially_coherent,not_mentioned,not_mentioned,current_self,,,medium,True,2,1,2
https://www.reddit.com/r/TheMallWorld/comments/1gcq1wa/cinema_with_a_quiz/,Cinema with a quiz,single_location,first_visit,not_mentioned,current_self,,woke up after the last question had been asked,high,True,1,0,2
https://www.reddit.com/r/TheMallWorld/comments/1gcw2ds/so_mines_a_little_different/,So Mine's a Little Different,partially_coherent,recurring,not_mentioned,current_self,,,medium,True,2,0,0
https://www.reddit.com/r/TheMallWorld/comments/1gdjejj/anyone_have_any_experience_with_this/,Anyone have any experience with this,partially_coherent,not_mentioned,not_mentioned,not_mentioned,,,medium,True,9,3,6
https://www.reddit.com/r/TheMallWorld/comments/1gdm6c3/i_need_to_tell_you_about_the_local_locations/,I need to tell you about the local locations.,partially_coherent,recurring,looping,not_mentioned,,,low,True,1,1,1
https://www.reddit.com/r/TheMallWorld/comments/1gegn2w/weird_ass_walmart_dreams/,Weird ass Walmart dreams,partially_coherent,recurring,not_mentioned,not_mentioned,,,medium,True,2,0,5
https://www.reddit.com/r/TheMallWorld/comments/1gemx76/alpine_mall/,Alpine mall,mostly_coherent,recurring,compressed,current_self,in a rush / short vacation,not_mentioned,medium,True,7,5,2
https://www.reddit.com/r/TheMallWorld/comments/1gf0o52/the_ultimate_tree_house_onto_a_mountain/,The ultimate tree house onto a mountain,mostly_coherent,first_visit,not_mentioned,current_self,coolest NEW dream,wish I never woke up from,high,True,5,2,0
https://www.reddit.com/r/TheMallWorld/comments/1gf4f7m/i_dream_almost_every_night_about_the_same_places/,I dream almost every night about the same places,partially_coherent,long_term_recurring,not_mentioned,current_self,,,high,True,15,5,2
https://www.reddit.com/r/TheMallWorld/comments/1gfbd46/mall_world_i_think/,Mall world (i think),mostly_coherent,long_term_recurring,not_mentioned,not_mentioned,,,medium,True,5,3,2
https://www.reddit.com/r/TheMallWorld/comments/1gff7o5/military_like_feild_i_see_with_black_shipping/,Military like Feild I see with black shipping containers.,single_location,recurring,not_mentioned,not_mentioned,,,medium,True,1,0,1
https://www.reddit.com/r/TheMallWorld/comments/1gfgcr1/has_anyone_seen_a_underground_spa_pool_room_in/,Has anyone seen a underground spa/ pool room in the mall world?,mostly_coherent,recurring,not_mentioned,not_mentioned,calm walking into the room,,high,True,2,2,2
https://www.reddit.com/r/TheMallWorld/comments/1gfkinu/i_went_to_the_hotel_i_work_at_and_finally_almost/,"I went to the hotel I work at, and finally almost got something!",single_location,recurring,not_mentioned,current_self,,,medium,True,1,0,2
https://www.reddit.com/r/TheMallWorld/comments/1gfm4os/the_mall_world_i_know_is_hectic_and_fast_paced/,The mall world I know is hectic and fast paced,partially_coherent,recurring,fast,not_mentioned,rushing; frantic,,medium,True,4,3,4
https://www.reddit.com/r/TheMallWorld/comments/1gg5ahi/i_no_clipped_into_the_garbage_area_of_mall_world/,I no clipped into the garbage area of mall world and I could literally smell it.,not_enough_info,recurring,not_mentioned,not_mentioned,,,medium,True,2,1,1
https://www.reddit.com/r/TheMallWorld/comments/1gggqhc/back_to_frustration_mall/,Back to Frustration Mall,partially_coherent,recurring,not_mentioned,current_self,,,medium,True,2,1,4
https://www.reddit.com/r/TheMallWorld/comments/1ggv78u/my_mall_world/,My mall world,single_location,not_mentioned,not_mentioned,not_mentioned,,,high,False,1,0,0
https://www.reddit.com/r/TheMallWorld/comments/1gh3dui/strange_hospital/,Strange Hospital,partially_coherent,not_mentioned,compressed,current_self,,startled/abrupt wake on yelling (implied),medium,True,3,2,4
https://www.reddit.com/r/TheMallWorld/comments/1gh8o3v/my_soulmate_is_in_the_mall/,My Soulmate Is In The Mall,partially_coherent,recurring,not_mentioned,current_self,urgent/fleeing; seeking safety,giddy/astonished; fascinated,medium,True,4,2,3
https://www.reddit.com/r/TheMallWorld/comments/1ghn6fj/mall_world_movie_theatre_and_the_quad_island/,Mall world movie theatre and the quad island cities,mostly_coherent,recurring,not_mentioned,current_self,,,high,True,13,11,3
https://www.reddit.com/r/TheMallWorld/comments/1ghsm1w/flying_in_the_mall_world/,Flying in the Mall World,mostly_coherent,recurring,not_mentioned,current_self,started in ginormous depressing dark building,unsettling; feels like I stand out; then I wake up,high,True,6,3,4
https://www.reddit.com/r/TheMallWorld/comments/1gihfe3/has_anyone_ever_wished_to_dream_of_someone_before/,Has anyone ever wished to dream of someone before falling asleep and then met them in your Mall World?,partially_coherent,not_mentioned,inconsistent,current_self,missing my ex,,medium,True,2,1,3
https://www.reddit.com/r/TheMallWorld/comments/1gii1bd/7eleven_convenience_store/,7-Eleven Convenience Store,single_location,first_visit,not_mentioned,current_self,,,high,True,2,1,2
https://www.reddit.com/r/TheMallWorld/comments/1gil2l6/the_loop_highway/,The loop highway,mostly_coherent,recurring,slow,not_mentioned,very uncomfortable like when you are on a rollercoaster,full of hope,medium,True,4,1,3
https://www.reddit.com/r/TheMallWorld/comments/1gispo7/hippy_commune_at_at_the_green_house_outer_skirts/,"Hippy commune at at the green house, outer skirts of town",mostly_coherent,recurring,not_mentioned,not_mentioned,,,medium,True,2,1,1
https://www.reddit.com/r/TheMallWorld/comments/1gj6bn6/this_building/,This building,not_enough_info,long_term_recurring,not_mentioned,not_mentioned,,,low,True,1,0,0
https://www.reddit.com/r/TheMallWorld/comments/1gj7uyf/food_music/,food &amp; music,partially_coherent,recurring,inconsistent,current_self,,woke up,medium,True,5,2,3
https://www.reddit.com/r/TheMallWorld/comments/1gjm04v/i_keep_dreaming_about_the_same_house/,I keep dreaming about the same house,partially_coherent,recurring,not_mentioned,not_mentioned,,,medium,True,5,5,2
https://www.reddit.com/r/TheMallWorld/comments/1gjv4c1/being_someone_else/,Being someone else?,partially_coherent,recurring,normal,multiple,running late,eerie,high,True,4,3,5
https://www.reddit.com/r/TheMallWorld/comments/1gjxtr8/i_ended_up_in_the_wrong_auditorium_and_someone/,I ended up in the wrong Auditorium and someone was very rude lol,single_location,not_mentioned,not_mentioned,current_self,all happy to join a little gathering,,medium,True,1,1,2
https://www.reddit.com/r/TheMallWorld/comments/1gkt130/the_chase_led_to_soulmate/,The Chase led to Soulmate,mostly_coherent,long_term_recurring,not_mentioned,current_self,,,medium,True,5,5,4
https://www.reddit.com/r/TheMallWorld/comments/1gljlum/cemeteries/,Cemeteries?,mostly_coherent,recurring,not_mentioned,not_mentioned,,,medium,True,2,1,1
https://www.reddit.com/r/TheMallWorld/comments/1gloam1/cruise_ship_outside_of_the_mall_this_is_new_for_me/,Cruise ship outside of the mall? This is new for me,mostly_coherent,variation,compressed,current_self,,stressed (woke before boarding),high,True,4,4,5
https://www.reddit.com/r/TheMallWorld/comments/1gltmrj/where_i_went_last_night/,Where I went last night.,single_location,not_mentioned,not_mentioned,not_mentioned,,,medium,True,1,0,0
https://www.reddit.com/r/TheMallWorld/comments/1gltv5u/a_new_area_for_the_first_time_in_years_the_rusty/,"A new area for the first time in years. The ""rusty shipyard""?",mostly_coherent,long_term_recurring,normal,current_self,,,high,True,2,1,4
https://www.reddit.com/r/TheMallWorld/comments/1glxmxt/all_of_the_houseshotels_have_white_decor_lately/,All of the houses/hotels have white decor lately.,single_location,recurring,not_mentioned,not_mentioned,,,medium,True,3,0,0
https://www.reddit.com/r/TheMallWorld/comments/1gly283/be_careful_down_by_the_beach_theyre_tagging_cars/,"Be careful down by the beach, theyre tagging cars in an insurance scam",single_location,not_mentioned,not_mentioned,current_self,,,medium,True,1,0,2
https://www.reddit.com/r/TheMallWorld/comments/1gmctj0/what_do_you_guys_do_in_mall_world/,What do you guys do in Mall World?,partially_coherent,recurring,not_mentioned,not_mentioned,,woke up after intense vibration,medium,True,6,4,6
https://www.reddit.com/r/TheMallWorld/comments/1gmlrky/meet_up_update_octopus/,Meet up update / octopus.,not_enough_info,recurring,not_mentioned,current_self,,pushed out of the dream; woke up around 4:00 am,medium,True,1,0,2
https://www.reddit.com/r/TheMallWorld/comments/1gmm01m/afircan_kings/,afircan kings,not_enough_info,not_mentioned,not_mentioned,current_self,,,low,False,1,0,1
https://www.reddit.com/r/TheMallWorld/comments/1gmxd1i/dream_water_hotel/,Dream water hotel,single_location,recurring,not_mentioned,not_mentioned,,,high,True,2,1,1
https://www.reddit.com/r/TheMallWorld/comments/1gnfv9u/i_feel_like_im_going_crazy/,I feel like I'm going crazy,mostly_coherent,long_term_recurring,not_mentioned,current_self,panic; terrified (during k-hole experience); later dreams described as rather dark,pissed off on waking (interrupted by loud booming/garbage truck),medium,True,5,4,7
https://www.reddit.com/r/TheMallWorld/comments/1go2uhw/cant_get_over_this_dream_and_its_been_years/,can't get over this dream and it's been years,partially_coherent,first_visit,not_mentioned,not_mentioned,,nostalgia and deja vu (upon recall),medium,True,4,0,4
https://www.reddit.com/r/TheMallWorld/comments/1gocgri/can_anyone_relate/,can anyone relate ??,mostly_coherent,long_term_recurring,not_mentioned,current_self,not mentioned (generally conscious/observing),woke up suddenly when seeing tall man's eyes,medium,True,11,8,6
https://www.reddit.com/r/TheMallWorld/comments/1gocvw3/finally_woke_up_in_the_middle_of_one/,Finally woke up in the middle of one,partially_coherent,recurring,not_mentioned,current_self,,,medium,True,4,4,3
https://www.reddit.com/r/TheMallWorld/comments/1goi4ru/dreams_about_the_streets_of_your_city_being/,Dreams about the streets of your city being crowded with people,partially_coherent,recurring,not_mentioned,current_self,,,medium,True,3,0,1
https://www.reddit.com/r/TheMallWorld/comments/1gopj7n/details_i_noticed/,Details I noticed,partially_coherent,recurring,looping,current_self,,,medium,True,3,2,4
https://www.reddit.com/r/TheMallWorld/comments/1goy2uj/underneath_the_mall_is_a_cave_with_a_metal_dragon/,Underneath the mall is a cave with a metal dragon,mostly_coherent,first_visit,not_mentioned,current_self,,frozen then woke up,medium,True,5,5,6
https://www.reddit.com/r/TheMallWorld/comments/1gpcq90/more_random_scenes/,More random scenes,partially_coherent,recurring,not_mentioned,current_self,,,medium,True,10,4,0
https://www.reddit.com/r/TheMallWorld/comments/1gqchpi/working_in_mall_world_annoyed/,Working in Mall World- annoyed,single_location,not_mentioned,not_mentioned,current_self,"annoyed / bored with mundane dreams (context), then working",really angry; woke up immediately after attempting to destroy the place,medium,True,1,1,3
https://www.reddit.com/r/TheMallWorld/comments/1gqnhs5/a_big_house_with_a_large_second_floor_white_walls/,"A big house with a large second floor, white walls in the interior, no lights &amp; a thing of haunting dread",partially_coherent,variation,not_mentioned,current_self,haunting dread; fear,,medium,True,2,0,3
https://www.reddit.com/r/TheMallWorld/comments/1gqxroj/bakery/,Bakery,single_location,recurring,not_mentioned,current_self,,,high,False,1,0,2
https://www.reddit.com/r/TheMallWorld/comments/1gqye8c/spider_burritos/,Spider burritos?,single_location,not_mentioned,not_mentioned,not_mentioned,really hungry,a little disappointed,high,True,2,1,4
https://www.reddit.com/r/TheMallWorld/comments/1gs44x6/anyone_else/,Anyone else??,mostly_coherent,recurring,not_mentioned,not_mentioned,,,medium,True,4,1,0
https://www.reddit.com/r/TheMallWorld/comments/1gsbcrx/the_convention_center/,The Convention Center,mostly_coherent,long_term_recurring,looping,current_self,,,high,True,16,16,9
https://www.reddit.com/r/TheMallWorld/comments/1gskhv3/all_day_and_all_night_and_93_seconds/,"""All Day and All Night and 93 seconds.""",not_enough_info,not_mentioned,not_mentioned,current_self,,found it strange enough to wake myself,minimal,False,1,0,1
https://www.reddit.com/r/TheMallWorld/comments/1gsl7m8/dream_about_emptying_mall/,Dream about emptying mall….,partially_coherent,recurring,not_mentioned,current_self,,,medium,True,3,1,3
https://www.reddit.com/r/TheMallWorld/comments/1gsmj8k/school/,School,partially_coherent,recurring,not_mentioned,current_self,,,medium,True,4,3,4
https://www.reddit.com/r/TheMallWorld/comments/1gtjmbf/thoughts_about_my_mallworld_dreams/,thoughts about my mallworld dreams,partially_coherent,recurring,not_mentioned,current_self,,,medium,True,2,2,4
https://www.reddit.com/r/TheMallWorld/comments/1gtmr54/because_semi_lucid_in_mall_world/,Because semi lucid in mall world,single_location,not_mentioned,compressed,current_self,,disappointed,medium,True,1,0,2
https://www.reddit.com/r/TheMallWorld/comments/1guan8v/mall_world_halloween_party/,Mall world Halloween party,not_enough_info,long_term_recurring,looping,not_mentioned,,,medium,False,3,0,3
https://www.reddit.com/r/TheMallWorld/comments/1gue15z/i_got_out_w_an_arm_full_of_maps/,I got “out” w/ an arm full of maps,mostly_coherent,long_term_recurring,not_mentioned,current_self,almost always trying to escape while everyone else is blissfully enjoying the space,,high,True,5,5,5
https://www.reddit.com/r/TheMallWorld/comments/1gue9j9/mall_world_map/,mall world map,mostly_coherent,long_term_recurring,not_mentioned,current_self,,,medium,True,17,10,6
https://www.reddit.com/r/TheMallWorld/comments/1gv074g/7_nights_ago/,7 nights ago,partially_coherent,first_visit,inconsistent,current_self,,"shaken, feeling traumatized",medium,True,3,1,2
https://www.reddit.com/r/TheMallWorld/comments/1gv0mpb/weird_mall_dream_last_night/,Weird mall dream last night,partially_coherent,not_mentioned,compressed,current_self,,"lonely, depressed after waking; longing to see girl again",high,True,5,5,5
https://www.reddit.com/r/TheMallWorld/comments/1gvi2v5/red_staircase/,Red staircase,mostly_coherent,recurring,not_mentioned,not_mentioned,,fear / wakes up before anything goes further (verbatim: 'I always seem to wake up before anything goes further'),medium,True,3,1,3
https://www.reddit.com/r/TheMallWorld/comments/1gvief9/lazy_river_separate_from_the_water_park_by_the/,Lazy River/ separate from the water park by the beach,mostly_coherent,recurring,not_mentioned,not_mentioned,,,medium,True,4,2,2
https://www.reddit.com/r/TheMallWorld/comments/1gviql9/gas_station_convenience_store_in_woods/,Gas station /convenience store in woods,mostly_coherent,long_term_recurring,not_mentioned,not_mentioned,panic / looking for something,,medium,True,5,4,3
https://www.reddit.com/r/TheMallWorld/comments/1gvkrpu/spotted_in_another_sub/,Spotted in another sub,partially_coherent,long_term_recurring,not_mentioned,not_mentioned,,,medium,True,4,3,2
https://www.reddit.com/r/TheMallWorld/comments/1gxh9pt/candles_witches_anyone_had_a_similar_mallworld/,"Candles, “witches,” anyone had a similar mallworld dream?",mostly_coherent,long_term_recurring,not_mentioned,younger_self,,,high,True,2,1,5
https://www.reddit.com/r/TheMallWorld/comments/1gyeyce/holeinthefloor_store_claustrophobic_elevator/,"Hole-in-the-floor store, claustrophobic elevator, Chinese buffet",mostly_coherent,first_visit,normal,current_self,,guilty (dream ended before I could pay),high,True,7,6,6
https://www.reddit.com/r/TheMallWorld/comments/1gyg0zi/high_rise_hotel_and_waterparks/,High Rise Hotel and Waterparks,partially_coherent,recurring,not_mentioned,current_self,at peace and happy,,high,True,6,2,5
https://www.reddit.com/r/TheMallWorld/comments/1gyhcqe/endless_empty_dark_streets/,Endless Empty Dark Streets,partially_coherent,long_term_recurring,not_mentioned,not_mentioned,,,medium,True,1,0,1
https://www.reddit.com/r/TheMallWorld/comments/1gysvpo/here_you_can_have_this_because_im_about_to_wake_up/,"here you can have this, because I'm about to wake up.",not_enough_info,not_mentioned,not_mentioned,not_mentioned,,about to wake up / being made to wake up,medium,True,3,1,1
https://www.reddit.com/r/TheMallWorld/comments/1gyszh4/here_you_can_have_this_because_im_about_to_wake_up/,"here, you can have this, because I'm about to wake up.",not_enough_info,not_mentioned,not_mentioned,current_self,,about to wake up / leaving to wake up,medium,True,3,2,2
https://www.reddit.com/r/TheMallWorld/comments/1gz9myk/dreaming_is_connecting_to_astral_realms_also_most/,"Dreaming is connecting to astral realms. Also, most of my dreams take place in shopping malls",partially_coherent,long_term_recurring,not_mentioned,multiple,,confusion about which dimension is real (after waking),medium,True,3,2,4
https://www.reddit.com/r/TheMallWorld/comments/1gz9v2v/big_mansion/,Big mansion?,single_location,recurring,not_mentioned,not_mentioned,,,medium,True,3,0,0
https://www.reddit.com/r/TheMallWorld/comments/1gzttsm/working_on_a_map/,Working on a map 👀,mostly_coherent,recurring,not_mentioned,not_mentioned,,,medium,True,17,11,1
https://www.reddit.com/r/TheMallWorld/comments/1h0qwxy/the_water_world/,The Water World,mostly_coherent,not_mentioned,not_mentioned,not_mentioned,,,medium,True,4,3,0
https://www.reddit.com/r/TheMallWorld/comments/1h28u4k/any_of_you_guys_ever_sitting_on_jumping_across/,Any of you guys ever sitting on / jumping across roofs ?,single_location,recurring,not_mentioned,current_self,,,medium,True,1,0,1
https://www.reddit.com/r/TheMallWorld/comments/1h2alwr/pandemonium_in_the_mall_world_last_night/,Pandemonium in the mall world last night,partially_coherent,not_mentioned,normal,current_self,super weird,,medium,True,2,1,2
https://www.reddit.com/r/TheMallWorld/comments/1h34nba/my_dream_world_described_in_detail/,my dream world (described in detail),highly_coherent,long_term_recurring,not_mentioned,current_self,,,medium,True,27,18,8
https://www.reddit.com/r/TheMallWorld/comments/1h4c05v/new_house_lucid_dream/,"""New House"" lucid dream",mostly_coherent,not_mentioned,normal,current_self,,"delighted / pleased (on waking, per narrative tone)",high,True,6,5,9
https://www.reddit.com/r/TheMallWorld/comments/1h4c3g1/library/,Library,mostly_coherent,recurring,not_mentioned,current_self,,,high,True,4,2,2
https://www.reddit.com/r/TheMallWorld/comments/1h4h805/mysterious_library_from_nightmares/,Mysterious library from nightmares,mostly_coherent,not_mentioned,not_mentioned,not_mentioned,,panic attack (woke up),medium,True,4,2,2
https://www.reddit.com/r/TheMallWorld/comments/1h5xwjh/little_shops_aircraft_hangar/,Little shops + aircraft hangar?,partially_coherent,recurring,not_mentioned,current_self,,,medium,True,3,1,4
https://www.reddit.com/r/TheMallWorld/comments/1h6f3vw/mallworld_more_tech/,Mallworld more tech,partially_coherent,recurring,normal,current_self,trying to escape; feeling controlled/imprisoned,,medium,True,3,1,4
https://www.reddit.com/r/TheMallWorld/comments/1h6f6h7/anyone_hear_my_speech/,Anyone hear my speech?,single_location,not_mentioned,normal,current_self,,nice and funny,medium,False,1,0,1
https://www.reddit.com/r/TheMallWorld/comments/1h6rf0x/waiting_in_line_world_ending_what_is_the_ride/,Waiting in line? World ending? What is the “ride” where are we going?,not_enough_info,recurring,not_mentioned,not_mentioned,,ominous feeling,medium,False,2,0,2
https://www.reddit.com/r/TheMallWorld/comments/1h6yvwc/i_experienced_the_war_breaking_out_in_the_astrals/,"I experienced the war breaking out in the astrals city. Last night, I was expecting war, but experienced quite a different atmosphere....",partially_coherent,not_mentioned,normal,current_self,Expecting to witness chaos/war,Surprised by celebratory atmosphere; woke up at 3:33 AM,medium,True,3,2,3
https://www.reddit.com/r/TheMallWorld/comments/1h78lxc/work_in_progress_in_my_mall_world/,work in progress in my mall world,mostly_coherent,variation,not_mentioned,current_self,,,medium,True,3,1,1
https://www.reddit.com/r/TheMallWorld/comments/1h7ayyj/cobblers/,COBBLERS,mostly_coherent,not_mentioned,not_mentioned,current_self,,,high,True,3,2,3
https://www.reddit.com/r/TheMallWorld/comments/1h7damh/we_only_remember_everything_about_mallworld/,WE ONLY REMEMBER EVERYTHING ABOUT MALLWORLD INSIDE MALLWORLD,single_location,recurring,not_mentioned,current_self,,,medium,False,1,0,2
https://www.reddit.com/r/TheMallWorld/comments/1h7eube/a_group_game_of_tag_through_many_floors_of/,"A group game of tag through many floors of hallways, stairs, and short but dark tunnels to crawl through",partially_coherent,recurring,not_mentioned,current_self,high stress in real life; in dream it feels scary sometimes,,medium,True,4,7,2
https://www.reddit.com/r/TheMallWorld/comments/1h7f687/an_interesting_lucidmeta_experience_last_night_in/,An interesting lucid/meta experience last night in my dream.,mostly_coherent,long_term_recurring,normal,current_self,,found it interesting,high,True,2,0,2
https://www.reddit.com/r/TheMallWorld/comments/1h7mqve/antique_type_arcade_but_with_futuristic_parking/,"Antique type arcade but with futuristic parking lot that is still indoors, impossible to leave?",mostly_coherent,recurring,not_mentioned,not_mentioned,joy (finding sub); vivid dreams periods; not remembering lately,,medium,True,2,1,2
https://www.reddit.com/r/TheMallWorld/comments/1h7skd7/found_a_photo_of_a_location/,Found a photo of a location,single_location,first_visit,not_mentioned,current_self,,,medium,True,1,0,1
https://www.reddit.com/r/TheMallWorld/comments/1h9hpm8/strange_experience_psychological_changes_a_dream/,Strange experience. Psychological changes. A dream with shapeshifting beings.,mostly_coherent,recurring,normal,current_self,Something felt off,strange feeling of being slightly hollowed out,high,True,7,6,6
https://www.reddit.com/r/TheMallWorld/comments/1ha0jz3/underwater_training/,Underwater training,mostly_coherent,recurring,normal,current_self,lucid awareness of being in Mall World; feeling forced to participate,woke up after exiting base back into Mall World,high,True,6,5,6
https://www.reddit.com/r/TheMallWorld/comments/1ha3csu/the_dream_that_brought_me_into_mallworld/,the dream that brought me into mallworld,partially_coherent,long_term_recurring,not_mentioned,current_self,,scared; woke up moments later,medium,True,4,1,3
https://www.reddit.com/r/TheMallWorld/comments/1hblyf2/mallworld_was_attacked_last_night/,MallWorld was attacked last night,single_location,recurring,normal,current_self,,fear/impending death,medium,True,2,0,3
https://www.reddit.com/r/TheMallWorld/comments/1hbr04g/the_energy_is_calm_before_a_storm/,The energy is calm before a storm,partially_coherent,recurring,not_mentioned,not_mentioned,calm before a storm (title),,medium,True,5,0,3
https://www.reddit.com/r/TheMallWorld/comments/1hcb9zk/welcomed_back_with_an_elevator_ride_to_vip_mashed/,Welcomed back with an elevator ride to VIP mashed potatoes,mostly_coherent,long_term_recurring,not_mentioned,current_self,,woke up after feeling uncomfortable/scrutinized in VIP bar,high,True,16,4,7
https://www.reddit.com/r/TheMallWorld/comments/1hd1fdp/laboratory_medical_center_dream/,Laboratory / medical center dream,single_location,not_mentioned,looping,current_self,very intense,nearly crying and extremely shaken up,high,False,2,1,4
https://www.reddit.com/r/TheMallWorld/comments/1hdfsov/lol_grannies_in_mall/,Lol grannies in mall,partially_coherent,recurring,fast,current_self,more centered,,medium,True,1,0,1
https://www.reddit.com/r/TheMallWorld/comments/1hexy4g/had_more_vivid_dreams_after_irl_food_poisoning/,Had more vivid dreams after IRL food poisoning..,partially_coherent,not_mentioned,not_mentioned,not_mentioned,,,medium,True,5,3,0
https://www.reddit.com/r/TheMallWorld/comments/1hfiihy/library/,Library,single_location,not_mentioned,compressed,current_self,,woke up immediately after walking outside the library,high,False,2,1,2
https://www.reddit.com/r/TheMallWorld/comments/1hg2qeg/sometime_they_are_back_in_our_dreams/,Sometime they are back in our dreams,single_location,not_mentioned,not_mentioned,current_self,,"happy, serene",medium,True,1,0,1
https://www.reddit.com/r/TheMallWorld/comments/1hg7g6k/second_earth_in_night_sky/,Second Earth in Night Sky,partially_coherent,recurring,not_mentioned,current_self,,,medium,True,3,2,3
https://www.reddit.com/r/TheMallWorld/comments/1hg9aa5/multiple_occupancy/,multiple occupancy,mostly_coherent,recurring,inconsistent,current_self,,woke up because I think MW couldn't be bothered carrying on the charade,medium,True,6,5,6
https://www.reddit.com/r/TheMallWorld/comments/1hgc6so/guy_ferrari/,Guy Ferrari,partially_coherent,recurring,normal,current_self,,,medium,True,2,1,3
https://www.reddit.com/r/TheMallWorld/comments/1hguoxx/migration_center_and_people_downstairs/,Migration Center and People Downstairs,mostly_coherent,not_mentioned,inconsistent,current_self,contained/guarded; pretending to be asleep; shocked by aunt on phone,waiting in very bright cloud-like place; woke up,medium,True,7,8,9
https://www.reddit.com/r/TheMallWorld/comments/1hh4s23/how_many_of_you_have_been_to_the_airport/,How many of you have been to the airport?,mostly_coherent,recurring,not_mentioned,not_mentioned,,,medium,True,3,2,1
https://www.reddit.com/r/TheMallWorld/comments/1hhl7fw/rocket_trips/,rocket trips 🚀,partially_coherent,recurring,compressed,current_self,,,medium,True,5,3,3
https://www.reddit.com/r/TheMallWorld/comments/1hhtwfa/mall_demolished/,Mall demolished?,partially_coherent,not_mentioned,not_mentioned,not_mentioned,,,medium,True,2,1,1
https://www.reddit.com/r/TheMallWorld/comments/1hicejq/intense_dream/,Intense dream,partially_coherent,first_visit,inconsistent,current_self,,,medium,True,6,4,5
https://www.reddit.com/r/TheMallWorld/comments/1hijsre/scary_vibes_and_war_like_vibes/,Scary vibes and war like vibes,partially_coherent,recurring,normal,current_self,scary vibes; dark and evil vibe,not_mentioned,medium,True,6,3,4
https://www.reddit.com/r/TheMallWorld/comments/1hijt3x/corporate_world/,Corporate World,single_location,not_mentioned,not_mentioned,not_mentioned,,,medium,True,2,1,0
https://www.reddit.com/r/TheMallWorld/comments/1hil43q/i_found_a_new_little_cove_and_someones_gorgeous/,I found a new little cove and someone's gorgeous house is here.,single_location,recurring,compressed,current_self,,"kicked/ejected abruptly (""kicked from the server"")",medium,True,2,0,1
https://www.reddit.com/r/TheMallWorld/comments/1hj07c4/really_steep_drop_off_road_on_the_side_of_a_cliff/,Really steep drop off road on the side of a cliff?,single_location,recurring,not_mentioned,not_mentioned,,,high,True,1,1,1
https://www.reddit.com/r/TheMallWorld/comments/1hj0rk8/anyone_else_its_always_night_time_i_never_see/,"Anyone else? It’s always night time, I never see anyone’s face, I never talk to anyone, and I always feel a sense of threat?",mostly_coherent,recurring,not_mentioned,current_self,slightly threatening feeling follows me everywhere (except fake disney world),frantically looking for an escape when it 'switches' and something is coming after me,medium,True,10,0,6
https://www.reddit.com/r/TheMallWorld/comments/1hj6cjn/tonight_i_found_your_subreddit_and_yes_ive_been/,Tonight I found your subreddit. And yes I’ve been there.,partially_coherent,variation,not_mentioned,current_self,,,medium,True,2,0,2
https://www.reddit.com/r/TheMallWorld/comments/1hj6xr8/not_sure_if_its_the_mallworld/,Not sure if it's the mallworld,partially_coherent,not_mentioned,inconsistent,current_self,,confusion/fear (lost sense of direction; felt like a glitch),medium,True,6,3,6
https://www.reddit.com/r/TheMallWorld/comments/1hj9lgf/have_we_seen_the_same_thing/,have we seen the same thing?,mostly_coherent,recurring,not_mentioned,not_mentioned,,,medium,True,9,4,5
https://www.reddit.com/r/TheMallWorld/comments/1hk6z9c/zombies_at_the_movies/,Zombies at the movies?,mostly_coherent,long_term_recurring,normal,current_self,,,high,True,5,4,4
https://www.reddit.com/r/TheMallWorld/comments/1hkkhmv/anyone_else_i_visit_the_same_place_every_night/,Anyone else? I visit the same place every night.,single_location,long_term_recurring,not_mentioned,not_mentioned,,,medium,True,1,0,2
https://www.reddit.com/r/TheMallWorld/comments/1hkn0p3/department_store/,Department store,single_location,recurring,not_mentioned,not_mentioned,,,medium,True,1,0,0
https://www.reddit.com/r/TheMallWorld/comments/1hkotjn/ive_found_my_people/,I've found my people,mostly_coherent,long_term_recurring,not_mentioned,not_mentioned,,,medium,True,5,0,1
https://www.reddit.com/r/TheMallWorld/comments/1hkzqnu/this_sub_is_weird/,This sub is weird….,single_location,not_mentioned,not_mentioned,not_mentioned,nervous,,medium,True,2,1,1
https://www.reddit.com/r/TheMallWorld/comments/1hlbsrx/so_glad_you_guys_are_there_too/,So glad you guys are there too,partially_coherent,long_term_recurring,not_mentioned,current_self,,,medium,True,3,0,3
https://www.reddit.com/r/TheMallWorld/comments/1hlqoj8/serial_killer/,Serial killer,partially_coherent,long_term_recurring,looping,current_self,,creepy; scariest in a long time,medium,True,4,3,5
https://www.reddit.com/r/TheMallWorld/comments/1hm9c1w/mall_upgrade_to_luxury_mall/,Mall Upgrade to Luxury Mall,partially_coherent,long_term_recurring,not_mentioned,current_self,,,medium,True,9,2,0
https://www.reddit.com/r/TheMallWorld/comments/1hma23e/had_a_dream_friend_give_me_a_tour_of_the_dream/,Had a dream friend give me a tour of the dream mall and now I can't remember it.,mostly_coherent,variation,not_mentioned,current_self,,regret at not mapping/remembering layout (implied),medium,True,2,1,2
https://www.reddit.com/r/TheMallWorld/comments/1hmim37/have_you_been_in_this_restaurant_before/,have you been in this restaurant before?,mostly_coherent,long_term_recurring,not_mentioned,not_mentioned,,,medium,True,5,4,1
https://www.reddit.com/r/TheMallWorld/comments/1hmkc86/record_shop_in_a_part_of_a_city_that_doesnt_exist/,Record shop in a part of a city that doesn't exist,mostly_coherent,recurring,compressed,current_self,,,high,True,5,4,3
https://www.reddit.com/r/TheMallWorld/comments/1hn5byu/a_discount_or_free_movie_theater/,A discount or free movie theater?,single_location,not_mentioned,not_mentioned,not_mentioned,,,high,True,1,0,1
https://www.reddit.com/r/TheMallWorld/comments/1hn8wm3/anyone_in_mallworld_last_night_get_trapped_in_an/,Anyone in mallworld last night get trapped in an school and have to escape??,single_location,not_mentioned,not_mentioned,current_self,,,medium,True,1,0,2
https://www.reddit.com/r/TheMallWorld/comments/1hn9g2y/my_mall_is_falling_apart/,My mall is falling apart,mostly_coherent,recurring,normal,current_self,,scared,high,True,3,1,5
https://www.reddit.com/r/TheMallWorld/comments/1hngkh3/pig_people_succubis/,Pig people succubis,single_location,not_mentioned,not_mentioned,current_self,terrifying dream,exhausted after waking,medium,False,1,0,2
https://www.reddit.com/r/TheMallWorld/comments/1hnmq59/mall_world_tech/,Mall world tech,partially_coherent,recurring,not_mentioned,current_self,,fun / lightened up (explicitly: 'It’s was fun'),medium,True,5,1,5
https://www.reddit.com/r/TheMallWorld/comments/1ho1ntz/dream_of_weird_food_concession_stand_school_dream/,Dream of weird food /concession stand/ school dream,partially_coherent,recurring,not_mentioned,not_mentioned,,,medium,True,4,1,5
https://www.reddit.com/r/TheMallWorld/comments/1hobdjk/indoor_waterparks/,Indoor Waterparks,mostly_coherent,long_term_recurring,compressed,current_self,,,high,True,8,1,5
https://www.reddit.com/r/TheMallWorld/comments/1hoi04i/stations_gardens_and_stars/,"Stations, gardens, and stars",single_location,recurring,normal,current_self,,,high,True,2,0,1
https://www.reddit.com/r/TheMallWorld/comments/1hop4mx/a_strange_night_with_the_1800_club/,A Strange Night With The 1-800 Club,partially_coherent,not_mentioned,not_mentioned,current_self,,,high,True,3,2,5
https://www.reddit.com/r/TheMallWorld/comments/1hor08e/outdoor_train_station_stop/,Outdoor train station stop,partially_coherent,recurring,not_mentioned,current_self,,,high,True,1,0,1
https://www.reddit.com/r/TheMallWorld/comments/1hp406k/quantum_jumping_and_mallworld/,quantum jumping and mallworld,partially_coherent,first_visit,normal,current_self,,freaked out after waking,medium,True,3,1,4
https://www.reddit.com/r/TheMallWorld/comments/1hpa3ko/behind_or_inside_the_walls_of_mall_world/,Behind or Inside the walls of Mall World.,mostly_coherent,recurring,not_mentioned,current_self,,,high,True,6,5,5
https://www.reddit.com/r/TheMallWorld/comments/1hqmbcz/crazy_dreams/,Crazy Dreams,partially_coherent,recurring,not_mentioned,current_self,,,medium,True,4,2,4
https://www.reddit.com/r/TheMallWorld/comments/1hqrn6k/infinite_buildings/,Infinite buildings?,partially_coherent,not_mentioned,not_mentioned,current_self,,,medium,True,4,2,1
https://www.reddit.com/r/TheMallWorld/comments/1hqwgay/sri_lanka_my_first_mall_world_vist_ever_scotland/,SRI LANKA | my first mall world vist EVER | SCOTLAND | does anyone recognise anything? | FIELD | REDHEAD,partially_coherent,first_visit,not_mentioned,current_self,not_mentioned,,medium,True,2,1,4
https://www.reddit.com/r/TheMallWorld/comments/1hrkc9w/last_night_was_crazy/,Last night was crazy,partially_coherent,not_mentioned,frozen,current_self,,,medium,True,4,3,3
https://www.reddit.com/r/TheMallWorld/comments/1hrq8pv/train_station/,Train Station,mostly_coherent,recurring,not_mentioned,current_self,"Just woke up from this, and wanna talk about it while it's still fresh in my mind.",,high,True,6,3,2
https://www.reddit.com/r/TheMallWorld/comments/1hrtvpx/animals_in_mallworld/,Animals in MallWorld,partially_coherent,recurring,not_mentioned,current_self,,,medium,True,3,2,4
https://www.reddit.com/r/TheMallWorld/comments/1hs7g94/blackouts_prepper_shopping/,Blackouts? Prepper shopping?,single_location,not_mentioned,not_mentioned,current_self,,,medium,True,1,0,3
https://www.reddit.com/r/TheMallWorld/comments/1ht4i8w/reoccurring_beach_hotel/,reoccurring beach hotel,mostly_coherent,long_term_recurring,not_mentioned,current_self,,,medium,True,7,8,3
https://www.reddit.com/r/TheMallWorld/comments/1htxrrb/new_to_this_sub_but_has_anyone_had_the_store_dream/,"New to this sub, but has anyone had the store dream?",single_location,recurring,not_mentioned,current_self,,,medium,True,2,1,3
https://www.reddit.com/r/TheMallWorld/comments/1htygho/moving/,Moving,partially_coherent,recurring,inconsistent,current_self,,,medium,True,2,2,3
https://www.reddit.com/r/TheMallWorld/comments/1hu8vcf/finally_back_to_mall_world_but_full_of_people/,finally back to mall world but full of people ???,mostly_coherent,long_term_recurring,not_mentioned,current_self,,unsettling,high,True,3,2,4
https://www.reddit.com/r/TheMallWorld/comments/1huypik/some_of_the_things_i_see_regularly/,Some of the things I see regularly,partially_coherent,long_term_recurring,not_mentioned,not_mentioned,,,medium,True,9,4,3
https://www.reddit.com/r/TheMallWorld/comments/1hvbbiq/dreamt_i_was_trapped_in_the_polishrussian/,"dreamt i was trapped in the polish/russian underground subway station labyrinth, found a store similar to walmart.",mostly_coherent,recurring,normal,current_self,kinda depressing,,high,True,5,4,4
https://www.reddit.com/r/TheMallWorld/comments/1hvbovf/cabin_in_the_forest_dream_continued/,cabin in the forest dream continued,single_location,variation,not_mentioned,current_self,very distraught; frantically crying; screaming,"overwhelming comfort, relief, joy; peace",high,True,2,1,5
https://www.reddit.com/r/TheMallWorld/comments/1hvh4a4/scary_mallworld/,Scary MallWorld?,mostly_coherent,long_term_recurring,not_mentioned,current_self,"tense, anxiety-ridden",,medium,True,12,7,7
https://www.reddit.com/r/TheMallWorld/comments/1hvo7tc/i_had_a_peculiar_mall_world_experience_last_night/,I had a peculiar mall world experience last night,mostly_coherent,long_term_recurring,not_mentioned,current_self,,,medium,True,10,0,2
https://www.reddit.com/r/TheMallWorld/comments/1hwfvs8/how_being_bullied_ended_up_in_me_being_persecuted/,How being bullied ended up in me being persecuted by the astral police.,mostly_coherent,variation,inconsistent,current_self,minding my own business,forced to fully wake up completely,high,True,5,4,6
https://www.reddit.com/r/TheMallWorld/comments/1hwseip/playing_dnd_in_the_game_shop/,Playing DnD in the game shop...,not_enough_info,long_term_recurring,not_mentioned,different_person,,"plagued / bugging me; sense others waiting (""still waiting on me"")",medium,False,2,0,4
https://www.reddit.com/r/TheMallWorld/comments/1hx0dag/my_mall_world_is_dangerous/,My mall world is dangerous,mostly_coherent,recurring,not_mentioned,not_mentioned,,,medium,True,3,4,3
https://www.reddit.com/r/TheMallWorld/comments/1hx9dlz/prompt_two_mallhotel_skyscrapers_in_city_encased/,Prompt: Two mall/hotel skyscrapers in city encased in a plastic like clear barrier,partially_coherent,recurring,not_mentioned,current_self,,,medium,True,3,2,2
https://www.reddit.com/r/TheMallWorld/comments/1hxb9hl/im_not_sure_if_this_was_a_normal_mall_world_dream/,I’m not sure if this was a normal mall world dream or something else .,mostly_coherent,not_mentioned,normal,current_self,,,medium,True,2,1,3
https://www.reddit.com/r/TheMallWorld/comments/1hxgoa9/dream_i_was_in_a_mansion_with_wallpaper_like_this/,Dream: I was in a mansion with wallpaper like this. Dark wood everywhere. A large central staircase. The basement was swimming with roaches (literally like a swimming pool but roaches not water) so I set the whole house on fire,partially_coherent,recurring,not_mentioned,not_mentioned,,,medium,True,2,1,2
https://www.reddit.com/r/TheMallWorld/comments/1hxkluf/melee_at_the_food_court/,Melee at the Food Court,partially_coherent,not_mentioned,normal,current_self,Dream recalled briefly after waking; scene remembered as confrontation/troublemaking.,Calm/settled while watching sunset at an empty table.,high,True,2,1,3
https://www.reddit.com/r/TheMallWorld/comments/1hxsipq/do_you_travel_in_your_dreams_to_the_mallworld/,Do you travel in your dreams to The Mallworld?,mostly_coherent,recurring,not_mentioned,current_self,,,medium,True,7,6,3
https://www.reddit.com/r/TheMallWorld/comments/1hywxpj/my_husband_and_i_started_this_thing_this_week/,My husband and I started this thing this week.,partially_coherent,recurring,not_mentioned,not_mentioned,draining (talking about it is definitely draining),,medium,True,2,1,3
https://www.reddit.com/r/TheMallWorld/comments/1hyxdy1/cruiseresorthotel_world/,Cruise/Resort/Hotel World?,not_enough_info,recurring,not_mentioned,not_mentioned,,,medium,True,3,2,0
https://www.reddit.com/r/TheMallWorld/comments/1i0h0a5/got_a_map_last_night_in_my_dream/,Got a map last night in my dream,not_enough_info,not_mentioned,not_mentioned,current_self,,,low,True,1,0,4
https://www.reddit.com/r/TheMallWorld/comments/1i16hiz/anyone_been_to_the_city/,Anyone been to the city?,partially_coherent,recurring,not_mentioned,not_mentioned,,,medium,True,5,1,3
https://www.reddit.com/r/TheMallWorld/comments/1i1huzm/i_had_another_weird_mallworld_dream_this_week/,I had another WEIRD mallworld dream this week that was a prophetic dream,single_location,recurring,normal,current_self,Not feeling well; dream described as very vivid.,Spooked after waking due to similarity with later conversation.,high,True,1,0,2
https://www.reddit.com/r/TheMallWorld/comments/1i1ohr8/theres_a_serial_killer_in_my_mall_world/,There's a serial killer in my Mall World,partially_coherent,recurring,not_mentioned,current_self,,,medium,True,6,3,4
https://www.reddit.com/r/TheMallWorld/comments/1i1pbdg/can_never_find_where_i_parked/,Can never find where I parked...,partially_coherent,recurring,not_mentioned,not_mentioned,,,medium,True,6,4,1
https://www.reddit.com/r/TheMallWorld/comments/1i1s7qk/underground_tunnelssubterranean_worlds/,Underground tunnels/Subterranean Worlds,mostly_coherent,recurring,not_mentioned,not_mentioned,,,medium,True,2,0,0
https://www.reddit.com/r/TheMallWorld/comments/1i1xlg9/mall_world_dream_i_had_last_night_where_i_was_in/,Mall World dream I had last night where I was in a committed relationship with literally Frankenstein's Monster,partially_coherent,long_term_recurring,inconsistent,current_self,,,medium,True,5,3,8
https://www.reddit.com/r/TheMallWorld/comments/1i26sun/didnt_know_this_was_a_thing_until_now_but_ive_had/,"Didn’t know this was a thing until now, but I’ve had tons of these.",single_location,recurring,not_mentioned,not_mentioned,,,minimal,True,1,0,0
https://www.reddit.com/r/TheMallWorld/comments/1i2hpoc/freeways_in_mallworld/,Freeways in mallworld,not_enough_info,recurring,not_mentioned,not_mentioned,,,medium,True,3,2,2
https://www.reddit.com/r/TheMallWorld/comments/1i2jizg/secret_room_in_house_with_slides/,Secret Room in house with slides,partially_coherent,recurring,not_mentioned,current_self,,Just woke up,medium,True,2,1,3
https://www.reddit.com/r/TheMallWorld/comments/1i2lycd/mallworld_incs_museums_theme_parks_division/,Mallworld Inc’s museums &amp; theme parks division?,single_location,variation,not_mentioned,current_self,,dissatisfied at being unable to finish my game,medium,True,4,3,3
https://www.reddit.com/r/TheMallWorld/comments/1i2obau/oddity_last_night/,Oddity last night,not_enough_info,long_term_recurring,inconsistent,current_self,"place lacked fear, dread or anxiety",concern it is coming back / needs to be addressed again,medium,False,2,0,4
https://www.reddit.com/r/TheMallWorld/comments/1i2u7vs/magic_mallmarketplacelibrary/,Magic Mall/Marketplace/Library,mostly_coherent,not_mentioned,not_mentioned,current_self,having vivid dreams lately,woke up,high,True,6,5,5
https://www.reddit.com/r/TheMallWorld/comments/1i3ppkv/idea_about_mw_consciousness/,Idea about MW consciousness,partially_coherent,not_mentioned,not_mentioned,current_self,amazed at some of the products,freaked out a little; feeling called/shown something (uncertain),medium,True,2,1,3
https://www.reddit.com/r/TheMallWorld/comments/1i3qpni/does_this_look_familiar/,Does this look familiar?,mostly_coherent,long_term_recurring,not_mentioned,current_self,,,medium,True,6,2,5
https://www.reddit.com/r/TheMallWorld/comments/1i42fvm/road_through_ocean/,Road through ocean,single_location,long_term_recurring,not_mentioned,current_self,,,high,True,2,2,3
https://www.reddit.com/r/TheMallWorld/comments/1i466k8/mallworld_dream_room_a_dingy_80s_arcade/,mallworld dream room - a dingy 80s arcade,not_enough_info,recurring,not_mentioned,not_mentioned,,,medium,True,1,1,2
https://www.reddit.com/r/TheMallWorld/comments/1i4nfxh/did_anyone_else_get_to_design_their_own_store_in/,Did anyone else get to design their own store in the mall?,partially_coherent,variation,not_mentioned,current_self,,proud; sense the memory was real after waking,medium,True,2,0,1
https://www.reddit.com/r/TheMallWorld/comments/1i53pxr/everyone_is_gone/,Everyone is gone,not_enough_info,not_mentioned,not_mentioned,not_mentioned,,,medium,False,1,0,1
https://www.reddit.com/r/TheMallWorld/comments/1i56pt6/paris/,Paris,single_location,not_mentioned,not_mentioned,child_self,,,medium,True,2,0,1
https://www.reddit.com/r/TheMallWorld/comments/1i5apyj/multiple_recurring_hill_dreams_ive_never_made_it/,"Multiple recurring hill dreams, I've never made it to the top though",mostly_coherent,long_term_recurring,not_mentioned,current_self,urgency to get to the top of the hill,not_mentioned,high,True,6,1,7
https://www.reddit.com/r/TheMallWorld/comments/1i5diye/recurring_dreams_of_forgetting_i_enrolled_in_a/,Recurring Dreams of forgetting I enrolled in a class for a whole year until finals week.,not_enough_info,recurring,compressed,current_self,,,medium,True,3,0,4
https://www.reddit.com/r/TheMallWorld/comments/1i5dxvz/my_mall_world_is_always_a_strip_mall_this_is_a/,My mall world is always a strip mall. This is a common one.,mostly_coherent,long_term_recurring,not_mentioned,not_mentioned,,,medium,True,2,1,0
https://www.reddit.com/r/TheMallWorld/comments/1i5glrw/cafeteria_meetings/,cafeteria meetings,not_enough_info,long_term_recurring,not_mentioned,not_mentioned,,,medium,True,1,0,2
https://www.reddit.com/r/TheMallWorld/comments/1i5hpx8/been_going_to_mallworld_every_night_for_years/,Been going to “Mallworld” every night for years,mostly_coherent,long_term_recurring,not_mentioned,current_self,,,medium,True,14,2,3
https://www.reddit.com/r/TheMallWorld/comments/1i5j3j1/disney_world_apartment_hunting_and_the_ice_wall/,"Disney world, apartment hunting, and the Ice Wall",mostly_coherent,long_term_recurring,not_mentioned,current_self,stress (apartment hunting dreams),,medium,True,7,4,2
https://www.reddit.com/r/TheMallWorld/comments/1i5jnsy/no_railing_or_walls_on_the_second_floor/,No railing or walls on the second floor,partially_coherent,long_term_recurring,not_mentioned,not_mentioned,,,medium,True,2,0,0
https://www.reddit.com/r/TheMallWorld/comments/1i5t8t4/a_dream_from_the_theatre/,A dream from The Theatre,partially_coherent,recurring,compressed,not_mentioned,,glad to wake; dislike of theatre,high,True,4,3,3
https://www.reddit.com/r/TheMallWorld/comments/1i639cm/urgent_tests_in_schoolworld/,"Urgent Tests in ""SchoolWorld""",single_location,not_mentioned,not_mentioned,current_self,not_mentioned,not_mentioned,medium,True,1,0,1
https://www.reddit.com/r/TheMallWorld/comments/1i6c43o/leaving_school/,Leaving school,partially_coherent,recurring,not_mentioned,current_self,,,medium,True,3,5,4
https://www.reddit.com/r/TheMallWorld/comments/1i6ljs4/different_mall/,Different mall?,partially_coherent,not_mentioned,not_mentioned,current_self,,,medium,True,5,5,3
https://www.reddit.com/r/TheMallWorld/comments/1i6y960/did_anyone_attend_a_meeting_in_the_dining_room_at/,Did anyone attend a meeting in the dining room at the hotel/mansion recently?,partially_coherent,variation,not_mentioned,current_self,concerned about where my kids were; not particularly interested in the meeting,annoyed; shocked; sleep paralysis,high,True,5,4,7
https://www.reddit.com/r/TheMallWorld/comments/1i77764/my_experience/,My experience,mostly_coherent,long_term_recurring,not_mentioned,current_self,,not a nightmare; does not wake up feeling like it was a nightmare,medium,True,6,2,8
https://www.reddit.com/r/TheMallWorld/comments/1i7a9fp/pools_closed/,Pool’s closed,partially_coherent,long_term_recurring,not_mentioned,current_self,,,medium,True,2,1,2
https://www.reddit.com/r/TheMallWorld/comments/1i7zdtf/a_running_theme_in_my_mallworld_dreams/,a running theme in my mallworld dreams,partially_coherent,long_term_recurring,not_mentioned,current_self,stress (after learning flight cancelled/missed); scary at first when arriving in mallworld,comforted (once recognizing it as familiar),high,True,3,1,2
https://www.reddit.com/r/TheMallWorld/comments/1i8ncik/subconscious_souls_hanging_out/,Subconscious souls hanging out,single_location,recurring,not_mentioned,current_self,,sadly (partner did not remember); cool experience,medium,True,1,0,1
https://www.reddit.com/r/TheMallWorld/comments/1i8qdfo/my_last_dream_in_mall_world/,My Last Dream In Mall World.,partially_coherent,recurring,inconsistent,not_mentioned,scared; constantly on the go; worried someone would 'call me out' for knowing it's a dream,not_mentioned,high,True,11,5,10
https://www.reddit.com/r/TheMallWorld/comments/1i8seow/dillards_meets_target_meets_dive_bar_sounds_fun/,"Dillards meets Target meets Dive Bar (sounds fun, right??)",partially_coherent,long_term_recurring,not_mentioned,current_self,,,medium,True,2,1,3
https://www.reddit.com/r/TheMallWorld/comments/1i999jd/a_new_ending_i_wrote_this_a_response_elsewhere/,A new ending. (I wrote this a response elsewhere but wanted to share),mostly_coherent,long_term_recurring,not_mentioned,current_self,some excitement,had to wake myself up,medium,True,7,4,4
https://www.reddit.com/r/TheMallWorld/comments/1i9jcvt/the_crash_site/,The crash site,partially_coherent,long_term_recurring,not_mentioned,multiple,skin crawled (on reading about shared universe),dumbfounded,medium,True,9,1,1
https://www.reddit.com/r/TheMallWorld/comments/1iaphal/the_brick_mall/,The brick mall,partially_coherent,recurring,compressed,not_mentioned,,,medium,True,10,3,2
https://www.reddit.com/r/TheMallWorld/comments/1iapr5d/help_please/,Help please,partially_coherent,long_term_recurring,not_mentioned,current_self,,,medium,True,5,3,3
https://www.reddit.com/r/TheMallWorld/comments/1iat0nv/this_place_feels_like_home/,This place feels like home,partially_coherent,long_term_recurring,not_mentioned,not_mentioned,,shaken upon waking,medium,True,9,0,2
https://www.reddit.com/r/TheMallWorld/comments/1iau3cn/didnt_know_this_was_a_concept_and_now_im_a_little/,didn't know this was a concept and now I'm a little wigged out,mostly_coherent,long_term_recurring,not_mentioned,current_self,"frightened, baffled; 'felt my entire body go cold'",excited to sleep tonight,medium,True,8,4,3
https://www.reddit.com/r/TheMallWorld/comments/1iax77t/bestbuy_type_store_next_to_a_movie_theater/,Bestbuy type store next to a movie theater,partially_coherent,variation,normal,current_self,,fainting/head rush then woke up,high,True,2,1,5
https://www.reddit.com/r/TheMallWorld/comments/1iay29p/the_two_whales_and_the_gateway_tapes/,The Two Whales and The Gateway Tapes,single_location,first_visit,not_mentioned,current_self,not_mentioned,,medium,True,1,0,1
https://www.reddit.com/r/TheMallWorld/comments/1ibai4h/same_powers_every_night/,Same powers every night?,not_enough_info,long_term_recurring,not_mentioned,current_self,,love it; trippy,medium,False,1,0,5
https://www.reddit.com/r/TheMallWorld/comments/1ibih3w/scary_mall_world/,Scary mall world,partially_coherent,long_term_recurring,not_mentioned,younger_self,not_mentioned,not_mentioned,medium,True,3,2,0
https://www.reddit.com/r/TheMallWorld/comments/1ibxgfg/has_anyone_else_been_to_this_mysterious_old/,"Has anyone else been to this mysterious, old mansion?",single_location,long_term_recurring,not_mentioned,not_mentioned,,,medium,True,2,0,1
https://www.reddit.com/r/TheMallWorld/comments/1ic3qpr/i_was_here_last_night_does_this_look_familiar/,I was here last night. Does this look familiar?,partially_coherent,recurring,not_mentioned,current_self,,,medium,True,2,1,1
https://www.reddit.com/r/TheMallWorld/comments/1ic42r1/just_past_the_freeway_world_is_an_empty_drained/,"Just past the Freeway world, is an empty drained lake/resevoir/canal",mostly_coherent,recurring,not_mentioned,not_mentioned,,,medium,True,2,4,2
https://www.reddit.com/r/TheMallWorld/comments/1ichxw5/the_campground/,The campground,mostly_coherent,recurring,not_mentioned,not_mentioned,,,high,True,9,8,3
https://www.reddit.com/r/TheMallWorld/comments/1icvp16/inanimate_objects/,Inanimate objects,single_location,recurring,not_mentioned,current_self,,,medium,True,2,0,2
https://www.reddit.com/r/TheMallWorld/comments/1id4zck/spencers/,Spencer’s,not_enough_info,recurring,not_mentioned,current_self,,,high,False,1,0,2
https://www.reddit.com/r/TheMallWorld/comments/1id929s/something_blew_up_at_the_airport_last_night/,Something blew up at the airport last night.,partially_coherent,recurring,normal,current_self,,,medium,True,4,3,3
https://www.reddit.com/r/TheMallWorld/comments/1idaugr/the_evil_hospital_is_real_and_ive_been_there_in/,The “evil hospital” is real and I’ve been there in real life,partially_coherent,recurring,not_mentioned,current_self,,sick to my stomach,medium,True,3,2,3
https://www.reddit.com/r/TheMallWorld/comments/1idfm3s/stray_dogs_and_cats_in_the_mall/,stray dogs and cats in the mall,partially_coherent,recurring,not_mentioned,current_self,,,medium,True,2,1,1
https://www.reddit.com/r/TheMallWorld/comments/1idswcq/airport_and_plane_rides/,"Airport and ""plane rides""",partially_coherent,recurring,compressed,not_mentioned,,,medium,True,2,1,2
https://www.reddit.com/r/TheMallWorld/comments/1iebdwu/dream_or_something_more/,Dream or something more?,single_location,variation,not_mentioned,current_self,curious / became aware of my dream,woke up right around that moment,medium,True,2,1,2
https://www.reddit.com/r/TheMallWorld/comments/1iefc6k/elements_of_my_mall_world_glass_office_tower_food/,"Elements of my mall world — glass office tower, food stall 'hallway' and the dead basement",mostly_coherent,recurring,not_mentioned,current_self,,,high,True,15,7,5
https://www.reddit.com/r/TheMallWorld/comments/1ieh6nk/haunted_elevator/,Haunted elevator !,partially_coherent,first_visit,not_mentioned,current_self,anticipatory worry about elevator being scary,frustrated; woke up mid-event,medium,True,3,1,4
https://www.reddit.com/r/TheMallWorld/comments/1ieuvap/i_cant_stop_having_nightmares_in_giant/,I can’t stop having nightmares in Giant Skyscrapers and grand luxurious Movie Theaters,mostly_coherent,long_term_recurring,not_mentioned,current_self,fear never leaves,unsettling,medium,True,4,2,3
https://www.reddit.com/r/TheMallWorld/comments/1iev6hl/went_back_found_a_hospital/,"Went Back, Found A Hospital!",mostly_coherent,recurring,normal,current_self,excited,,high,True,6,5,5
https://www.reddit.com/r/TheMallWorld/comments/1iffxwt/the_police/,The police,single_location,not_mentioned,not_mentioned,not_mentioned,,,medium,True,1,0,1
https://www.reddit.com/r/TheMallWorld/comments/1ign7nq/have_you_been_to_this_place/,Have you been to this place?,partially_coherent,recurring,not_mentioned,not_mentioned,,,medium,True,3,2,0
https://www.reddit.com/r/TheMallWorld/comments/1igsol4/was_in_a_strange_apartment_building_that_was/,Was in a strange apartment building that was partially in ruins…. Once lived in by monks,mostly_coherent,variation,not_mentioned,current_self,not_mentioned,"Weird, intense",high,True,4,4,4
https://www.reddit.com/r/TheMallWorld/comments/1ih6jki/hello_i_dream_of_the_mallworld_often_here_is_my/,"Hello, I dream of the mallworld often, here is my last dream",mostly_coherent,recurring,not_mentioned,current_self,,,medium,True,8,5,11
https://www.reddit.com/r/TheMallWorld/comments/1ihmp40/locker_room/,Locker Room,partially_coherent,recurring,not_mentioned,current_self,,,medium,True,2,1,2
https://www.reddit.com/r/TheMallWorld/comments/1ii4oid/a_semi_outdoor_amphitheater_similar_to_red_rocks/,A semi outdoor amphitheater similar to red rocks,partially_coherent,not_mentioned,not_mentioned,not_mentioned,,,medium,True,3,2,1
https://www.reddit.com/r/TheMallWorld/comments/1ii7u9o/knowing_others_experience_this_is_freaking_me_out/,knowing others experience this is freaking me out - my mall world tour,highly_coherent,long_term_recurring,not_mentioned,current_self,,Confused and paranoid; shaken.,high,True,24,18,9
https://www.reddit.com/r/TheMallWorld/comments/1ii9go3/my_dream_world_story/,My dream world story,highly_coherent,long_term_recurring,not_mentioned,current_self,not_mentioned,,medium,True,9,5,2
https://www.reddit.com/r/TheMallWorld/comments/1ijk4ks/expanded_earth/,Expanded Earth,partially_coherent,not_mentioned,not_mentioned,current_self,,It always feels important though.,medium,True,3,1,3
https://www.reddit.com/r/TheMallWorld/comments/1ijr2v0/my_mallworld_notes_from_2019/,my mallworld notes from 2019,highly_coherent,long_term_recurring,not_mentioned,current_self,not_mentioned,A physical feeling on waking; 'same indescribable feelings',high,True,21,11,4
https://www.reddit.com/r/TheMallWorld/comments/1ikvwrt/new_mall_world/,New “mall world”,single_location,variation,not_mentioned,not_mentioned,,,medium,True,1,0,1
https://www.reddit.com/r/TheMallWorld/comments/1il4s07/so_glad_i_found_this_sub_heres_my_mallworld/,"So glad I found this sub, here's my mallworld",mostly_coherent,long_term_recurring,inconsistent,current_self,felt a whole lot less insane,,high,True,9,1,2
https://www.reddit.com/r/TheMallWorld/comments/1ilf05d/raccoon_navigators_and_customization/,Raccoon Navigators and Customization,partially_coherent,variation,not_mentioned,current_self,,,medium,True,2,1,2
https://www.reddit.com/r/TheMallWorld/comments/1ili56t/busy_day_at_the_mall/,Busy day at the mall,partially_coherent,recurring,not_mentioned,current_self,,,high,True,2,2,4
https://www.reddit.com/r/TheMallWorld/comments/1im99eb/military_cruise_ship/,Military Cruise Ship,single_location,not_mentioned,not_mentioned,not_mentioned,,,high,True,1,0,1
https://www.reddit.com/r/TheMallWorld/comments/1imftuq/the_fish_store/,the fish store,mostly_coherent,long_term_recurring,not_mentioned,not_mentioned,,,medium,True,3,2,2
https://www.reddit.com/r/TheMallWorld/comments/1imgcgj/weird_toy_store_i_keep_returning_too/,Weird toy store I keep returning too.,mostly_coherent,long_term_recurring,not_mentioned,current_self,,,high,True,2,1,2
https://www.reddit.com/r/TheMallWorld/comments/1imh3rx/underground_mall_and_casino_under_main_street/,Underground Mall and Casino Under Main Street,mostly_coherent,not_mentioned,normal,current_self,,realized environment is mostly subterranean; curiosity about others,high,True,4,3,3
https://www.reddit.com/r/TheMallWorld/comments/1imjj0y/remembered_the_soaking_tubs_this_morning/,Remembered the soaking tubs this morning.,partially_coherent,recurring,not_mentioned,current_self,,,medium,True,3,2,1
https://www.reddit.com/r/TheMallWorld/comments/1inrkdk/resorttype_place_has_anyone_visited/,Resort-type place - has anyone visited?,single_location,recurring,not_mentioned,not_mentioned,,,medium,True,1,1,3
https://www.reddit.com/r/TheMallWorld/comments/1iobve0/mall_world_escalators_leading_to_different/,Mall world escalators leading to different experiences,mostly_coherent,recurring,not_mentioned,current_self,,not_mentioned,high,True,8,7,6
https://www.reddit.com/r/TheMallWorld/comments/1ioey7m/new_restaurant_in_mall_world_opened_called_brave/,New restaurant in Mall World opened called “Brave New World”.,partially_coherent,recurring,not_mentioned,current_self,,,medium,True,2,1,3
https://www.reddit.com/r/TheMallWorld/comments/1iqc9fd/was_naked_in_mall_world_yet_again/,Was naked in Mall World yet again,not_enough_info,recurring,not_mentioned,not_mentioned,,frustrated,high,False,1,0,2
https://www.reddit.com/r/TheMallWorld/comments/1iqermy/the_mall/,The Mall,partially_coherent,long_term_recurring,not_mentioned,current_self,"not mentioned (overall: lost/confusing, intense)",shock (after doing really bad things in some dreams); intense/real,medium,True,3,4,8
https://www.reddit.com/r/TheMallWorld/comments/1iqp2zr/the_atrium_and_basement/,The atrium and basement,mostly_coherent,long_term_recurring,not_mentioned,current_self,,,high,True,7,6,3
https://www.reddit.com/r/TheMallWorld/comments/1ir2062/frequent_parades/,Frequent parades,partially_coherent,recurring,not_mentioned,not_mentioned,,,medium,True,3,2,3
https://www.reddit.com/r/TheMallWorld/comments/1ir61ga/anyone_elses_mall_been_closed_down/,Anyone else’s mall been closed down?,highly_coherent,long_term_recurring,not_mentioned,current_self,,sadness / frustration about not being able to get back,high,True,16,8,8
https://www.reddit.com/r/TheMallWorld/comments/1irdumu/mall_dreams_lately/,Mall dreams lately,partially_coherent,variation,not_mentioned,current_self,,,medium,True,3,0,2
https://www.reddit.com/r/TheMallWorld/comments/1irejo6/been_here_only_one_time_anyone_else_people_lived/,Been here only one time. Anyone else? People lived normal(ish) lives here,partially_coherent,first_visit,not_mentioned,not_mentioned,,,medium,True,1,1,0
https://www.reddit.com/r/TheMallWorld/comments/1irs2ur/mall_world_dream_inspiration/,Mall World Dream Inspiration,single_location,not_mentioned,not_mentioned,not_mentioned,,,medium,False,1,0,0
https://www.reddit.com/r/TheMallWorld/comments/1irsl4e/has_anyone_ever_been_to_the_glass_dome_covered/,Has anyone ever been to the glass dome covered market outside of the mall?,mostly_coherent,long_term_recurring,not_mentioned,current_self,,,high,True,5,4,3
https://www.reddit.com/r/TheMallWorld/comments/1isim42/empress_walk_in_toronto/,Empress Walk in Toronto,mostly_coherent,recurring,not_mentioned,current_self,,,medium,True,2,2,1
https://www.reddit.com/r/TheMallWorld/comments/1it4ngj/had_an_airport_dream_this_night_that_i_managed_to/,Had an airport dream this night that I managed to remember and write down.,mostly_coherent,first_visit,normal,current_self,,,medium,True,2,2,4
https://www.reddit.com/r/TheMallWorld/comments/1itewk1/mall_world_restaurant_and_sweets/,Mall World Restaurant and Sweets,partially_coherent,variation,normal,current_self,,,high,True,3,2,2
https://www.reddit.com/r/TheMallWorld/comments/1itg1cc/having_a_dream_ive_had_since_a_kid/,Having a dream I’ve had since a kid.,partially_coherent,long_term_recurring,not_mentioned,current_self,,,medium,True,5,3,5
https://www.reddit.com/r/TheMallWorld/comments/1itjqrw/thought_id_share_some_experiences/,Thought I'd share some experiences,mostly_coherent,long_term_recurring,not_mentioned,not_mentioned,intrigued,,medium,True,4,0,0
https://www.reddit.com/r/TheMallWorld/comments/1itk17m/this_is_my_mallworld/,This is my mallworld.,partially_coherent,long_term_recurring,not_mentioned,not_mentioned,,,medium,True,3,1,2
https://www.reddit.com/r/TheMallWorld/comments/1itmocx/amusement_park/,Amusement park,partially_coherent,long_term_recurring,not_mentioned,not_mentioned,,,medium,True,2,0,2
https://www.reddit.com/r/TheMallWorld/comments/1itnpvc/the_hotel/,The Hotel,mostly_coherent,long_term_recurring,not_mentioned,current_self,,worried about travel/visa approval (in some dreams),high,True,4,2,4
https://www.reddit.com/r/TheMallWorld/comments/1iuciu1/i_love_my_mall/,I love my mall,not_enough_info,long_term_recurring,not_mentioned,not_mentioned,not_mentioned,not_mentioned,medium,False,1,0,2
https://www.reddit.com/r/TheMallWorld/comments/1iucw7g/coffee_shop_dreamin/,Coffee Shop dreamin',single_location,recurring,normal,not_mentioned,,nice; hopeful to return,high,True,2,1,4
https://www.reddit.com/r/TheMallWorld/comments/1iuhxp0/was_my_mallworld_an_abandoned_strip_mall_because/,Was my MallWorld an abandoned strip mall because I grew up poor?,partially_coherent,variation,not_mentioned,current_self,,immersed/affected; woke and stared into space thinking about it,medium,True,3,0,2
https://www.reddit.com/r/TheMallWorld/comments/1iv6xc9/machine_shop/,Machine shop,single_location,not_mentioned,not_mentioned,not_mentioned,,,high,True,1,0,0
https://www.reddit.com/r/TheMallWorld/comments/1iw3geo/always_night_beach/,Always night beach??,mostly_coherent,recurring,not_mentioned,not_mentioned,,,medium,True,6,1,2
https://www.reddit.com/r/TheMallWorld/comments/1iwe0a1/apartment_garden/,apartment garden?,partially_coherent,recurring,not_mentioned,not_mentioned,,,medium,True,3,2,1
https://www.reddit.com/r/TheMallWorld/comments/1iwfc00/childhood_recurring_dreams_in_the_mall_that_ended/,Childhood recurring dreams in the “mall” that ended suddenly at the “tower”.,mostly_coherent,long_term_recurring,not_mentioned,not_mentioned,,terrified; then peace during fall; then dread/doom before waking,medium,True,14,7,8
https://www.reddit.com/r/TheMallWorld/comments/1iwgjr6/was_anyone_else_in_a_very_old_inn_last_night/,Was Anyone Else In A VERY Old Inn Last Night?,single_location,not_mentioned,not_mentioned,not_mentioned,,,high,False,1,0,1
https://www.reddit.com/r/TheMallWorld/comments/1iwsm51/casino/,Casino,single_location,not_mentioned,not_mentioned,current_self,,,medium,True,1,0,2
https://www.reddit.com/r/TheMallWorld/comments/1ixac9e/tornado_dream/,Tornado Dream,single_location,recurring,not_mentioned,current_self,,,medium,True,1,0,1
https://www.reddit.com/r/TheMallWorld/comments/1ixgom4/at_the_universities_they_are_working_on_solutions/,At the Universities they are working on Solutions to Humanities problems,single_location,not_mentioned,compressed,current_self,intrigued,,high,True,1,0,6
https://www.reddit.com/r/TheMallWorld/comments/1ixmr70/grocery_store/,Grocery store.,partially_coherent,recurring,not_mentioned,current_self,,,medium,True,3,0,2
https://www.reddit.com/r/TheMallWorld/comments/1iyde4d/recently_been_dreaming_of_my_childhood_home/,Recently been dreaming of my childhood home,not_enough_info,recurring,not_mentioned,multiple,Not pleasant dreams; not nightmares either,,medium,False,1,0,4
https://www.reddit.com/r/TheMallWorld/comments/1iyhkhp/monopoly_man_told_me_i_was_pregnant/,“Monopoly man” told me I was pregnant,partially_coherent,long_term_recurring,not_mentioned,current_self,,creeped out; in tears (upon writing/recalling),medium,True,2,1,2
https://www.reddit.com/r/TheMallWorld/comments/1iyqez7/high_school_turned_neon_haze/,High School turned Neon Haze,mostly_coherent,recurring,normal,current_self,stress (possible); heading to homeroom,not_mentioned,high,True,5,5,6
https://www.reddit.com/r/TheMallWorld/comments/1j0eesv/i_finally_went_to_a_show_at_the_theater/,I finally went to a show at the theater!,partially_coherent,long_term_recurring,not_mentioned,current_self,blew my MIND! So many similarities !!,,medium,True,1,0,1
https://www.reddit.com/r/TheMallWorld/comments/1j0v07f/second_living_rooms/,Second Living Rooms,mostly_coherent,recurring,not_mentioned,not_mentioned,allure / refreshing escape; peaceful compared to my own,unnerving feeling,medium,True,2,1,2
https://www.reddit.com/r/TheMallWorld/comments/1j1cj6o/looking_for_seth/,Looking for Seth,partially_coherent,recurring,not_mentioned,current_self,not_mentioned,not_mentioned,medium,True,4,1,2
https://www.reddit.com/r/TheMallWorld/comments/1j1ejjy/was_there_last_night/,Was there last night,mostly_coherent,recurring,normal,current_self,,love it (about finding the group),medium,True,7,1,1
https://www.reddit.com/r/TheMallWorld/comments/1j1hqa1/my_sons_dream/,my son’s dream,single_location,not_mentioned,not_mentioned,different_person,,scary (ending only; reason not remembered),medium,True,2,0,0
https://www.reddit.com/r/TheMallWorld/comments/1j1qih8/has_anyone_ever_been_to_the_rock_store/,Has anyone ever been to the rock store?,single_location,long_term_recurring,not_mentioned,not_mentioned,,,high,True,2,1,1
https://www.reddit.com/r/TheMallWorld/comments/1j2do88/less_of_a_mall_more_of_a_walmart/,"Less of a mall, more of a walmart",mostly_coherent,recurring,compressed,not_mentioned,,,high,True,3,3,2
https://www.reddit.com/r/TheMallWorld/comments/1j2nvdn/learning_to_save_in_a_mall_world_discount_store/,learning to save in a mall world discount store.,single_location,not_mentioned,normal,current_self,,felt better in my lungs or heart; things got brighter as I woke up,high,True,1,0,1
https://www.reddit.com/r/TheMallWorld/comments/1j2umw9/for_the_past_two_weeks_every_single_night_i_live/,"For the past two weeks every single night I live another live in mall world, just found this sub because of it",not_enough_info,long_term_recurring,not_mentioned,current_self,,fascinated,medium,False,2,0,1
https://www.reddit.com/r/TheMallWorld/comments/1j37i8t/im_new_to_this_mall_world_thing/,im new to this mall world thing.,single_location,not_mentioned,not_mentioned,current_self,,,medium,True,1,0,1
https://www.reddit.com/r/TheMallWorld/comments/1j40oub/ever_been_to_the_lavander_mall/,Ever been to the lavander mall?,mostly_coherent,recurring,normal,current_self,,"euphoria/ease (""at ease as if all your worries went away"")",high,True,5,4,2
https://www.reddit.com/r/TheMallWorld/comments/1j44f4k/3_story_large_home/,3 story large home,partially_coherent,recurring,not_mentioned,not_mentioned,,,medium,True,3,2,0
https://www.reddit.com/r/TheMallWorld/comments/1j48poj/elevator_with_stairs_inside/,Elevator with stairs inside,not_enough_info,not_mentioned,not_mentioned,not_mentioned,,,high,True,2,0,1
https://www.reddit.com/r/TheMallWorld/comments/1j4je3g/32nd_floor/,32nd Floor?,single_location,not_mentioned,not_mentioned,current_self,child like giddyness,nervous tension,high,True,1,0,2
https://www.reddit.com/r/TheMallWorld/comments/1j4yk1j/i_know_its_a_stretch_but_did_we_trade_glasses/,I know it's a stretch but did we trade glasses?,single_location,not_mentioned,not_mentioned,current_self,,,medium,False,1,0,2
https://www.reddit.com/r/TheMallWorld/comments/1j56pf8/twolevel_mall_corridor_with_food_stands_selling/,Two-level mall corridor with food stands selling ridiculously expensive muffins,mostly_coherent,recurring,not_mentioned,current_self,,startled awake by the price,high,True,3,2,4
https://www.reddit.com/r/TheMallWorld/comments/1j57r6k/my_dream_locations_are_weird/,My dream locations are weird.,highly_coherent,long_term_recurring,not_mentioned,current_self,,,medium,True,7,6,3
https://www.reddit.com/r/TheMallWorld/comments/1j5aqry/this_is_wild/,This is wild,partially_coherent,recurring,not_mentioned,current_self,,creeped out,medium,True,6,6,2
https://www.reddit.com/r/TheMallWorld/comments/1j5duu3/mall_portal/,Mall portal,single_location,long_term_recurring,not_mentioned,child_self,,,medium,True,2,1,2
https://www.reddit.com/r/TheMallWorld/comments/1j5emkd/hotel_mall_casino_hybrid/,"Hotel, Mall, casino hybrid",mostly_coherent,recurring,not_mentioned,not_mentioned,not_mentioned,not_mentioned,medium,True,4,3,0
https://www.reddit.com/r/TheMallWorld/comments/1j5f8c4/has_anyone_had_this_one/,Has anyone had this one?,partially_coherent,not_mentioned,not_mentioned,not_mentioned,,,medium,True,1,1,1
https://www.reddit.com/r/TheMallWorld/comments/1j5fbmj/the_reappearing_graveyard/,The Reappearing Graveyard,mostly_coherent,recurring,not_mentioned,not_mentioned,,,medium,True,4,3,2
https://www.reddit.com/r/TheMallWorld/comments/1j5guck/just_found_this_sub/,Just found this sub,mostly_coherent,long_term_recurring,not_mentioned,not_mentioned,,,medium,True,9,7,3
https://www.reddit.com/r/TheMallWorld/comments/1j5kwz3/long_time_dreamer/,Long time dreamer,mostly_coherent,long_term_recurring,not_mentioned,not_mentioned,,,medium,True,10,6,0
https://www.reddit.com/r/TheMallWorld/comments/1j5saar/my_dream_world/,My Dream World,partially_coherent,recurring,not_mentioned,not_mentioned,,,medium,True,1,1,0
https://www.reddit.com/r/TheMallWorld/comments/1j5sdpl/mega_bathroom/,mega bathroom,single_location,long_term_recurring,not_mentioned,not_mentioned,anxious urgent feel,not_mentioned,high,True,1,0,1
https://www.reddit.com/r/TheMallWorld/comments/1j5vzcs/bunkerunderground_warehouse_area/,Bunker/Underground Warehouse area?,partially_coherent,recurring,not_mentioned,not_mentioned,,,medium,True,2,1,0
https://www.reddit.com/r/TheMallWorld/comments/1j621et/my_mall_world_has_gifts_i_cant_scale/,My Mall World Has Gifts I Can't Scale,single_location,recurring,not_mentioned,current_self,hopeless / petrified,terror; wakes up and cannot go back to sleep until calmed down,high,True,1,0,2
https://www.reddit.com/r/TheMallWorld/comments/1j63uzi/one_of_my_malls_is_inside_giant_trees/,One of my malls is inside giant trees,mostly_coherent,recurring,not_mentioned,not_mentioned,,,high,True,5,2,1
https://www.reddit.com/r/TheMallWorld/comments/1j66m3v/recurring_city_subway_and_mall_dreams/,"Recurring city, subway and mall dreams",mostly_coherent,long_term_recurring,not_mentioned,current_self,,"unsettling, uncomfortable, disturbing ('ew')",medium,True,12,3,4
https://www.reddit.com/r/TheMallWorld/comments/1j6j47p/last_night_the_mall_was_moving_to_an_underground/,"Last night the mall was moving to an underground complex. The mall was still there but dead, and all the stores were moving underground. It kind of looked like this pic but a lot more narrow and the walls were a blue brick.",partially_coherent,not_mentioned,not_mentioned,not_mentioned,,,medium,True,2,1,1
https://www.reddit.com/r/TheMallWorld/comments/1j6o5i9/anyone_else/,Anyone else,not_enough_info,recurring,not_mentioned,not_mentioned,,,low,False,1,0,1
https://www.reddit.com/r/TheMallWorld/comments/1j726ji/neon_arcade/,neon arcade?,partially_coherent,long_term_recurring,not_mentioned,not_mentioned,,,medium,True,4,2,2
https://www.reddit.com/r/TheMallWorld/comments/1j73gkw/real_life_location_i_have_totally_seen_in_my/,Real life location I have totally seen in my dreams,single_location,not_mentioned,not_mentioned,current_self,,,medium,True,3,2,3
https://www.reddit.com/r/TheMallWorld/comments/1j771rc/lucid_dreams/,Lucid dreams,single_location,not_mentioned,looping,current_self,pressure to pick one,exhausted,medium,True,1,0,1
https://www.reddit.com/r/TheMallWorld/comments/1j7apqh/anybody_been_here/,Anybody been here?,partially_coherent,first_visit,not_mentioned,not_mentioned,,,medium,True,3,0,1
https://www.reddit.com/r/TheMallWorld/comments/1j7bf0z/the_bar_at_my_mall_world/,The Bar at my Mall World,mostly_coherent,long_term_recurring,not_mentioned,current_self,,,high,True,11,9,3
https://www.reddit.com/r/TheMallWorld/comments/1j7cc26/the_bar_in_my_mall_world/,The Bar in my Mall World,mostly_coherent,long_term_recurring,not_mentioned,current_self,,,medium,True,13,10,3
https://www.reddit.com/r/TheMallWorld/comments/1j7jdng/pet_wash_in_the_park/,Pet Wash in the park,mostly_coherent,recurring,normal,current_self,,"I want to go back, again, soon!",high,True,7,3,4
https://www.reddit.com/r/TheMallWorld/comments/1j7sgt2/going_to_the_beach_except_its_never_really_a_beach/,Going to “the beach” except it’s never really a beach?,mostly_coherent,long_term_recurring,not_mentioned,current_self,,,high,True,4,1,5
https://www.reddit.com/r/TheMallWorld/comments/1j7ux5x/my_experience/,My experience,mostly_coherent,long_term_recurring,not_mentioned,current_self,,anxious feeling,high,True,25,8,7
https://www.reddit.com/r/TheMallWorld/comments/1j7wqjc/im_just_now_discovering_this_group_because_of_tik/,I’m just now discovering this group because of tik tok and my mind is blown…,not_enough_info,recurring,not_mentioned,not_mentioned,,,medium,True,4,0,0
https://www.reddit.com/r/TheMallWorld/comments/1j85xur/anyone_been_to_my_dreamworld/,Anyone been to my dreamworld?,mostly_coherent,recurring,normal,current_self,,,medium,True,8,1,3
https://www.reddit.com/r/TheMallWorld/comments/1j8739r/the_hotel/,the hotel,mostly_coherent,first_visit,not_mentioned,current_self,,,medium,True,4,3,1
https://www.reddit.com/r/TheMallWorld/comments/1j8a8y1/mall_world/,Mall world,partially_coherent,long_term_recurring,not_mentioned,current_self,curious and fascinated,,medium,True,6,5,1
https://www.reddit.com/r/TheMallWorld/comments/1j8dv55/i_finally_dreamed_after_2_days/,I finally dreamed after 2 days !,single_location,recurring,not_mentioned,current_self,happy/excited to be dreaming again,happy,medium,False,1,0,2
https://www.reddit.com/r/TheMallWorld/comments/1j8ful9/ever_been/,Ever been?,partially_coherent,recurring,not_mentioned,not_mentioned,,,medium,True,4,1,1
https://www.reddit.com/r/TheMallWorld/comments/1j8jqt9/my_dream_world/,My Dream World,mostly_coherent,recurring,not_mentioned,not_mentioned,baffled reading about everyone’s dream worlds,,high,True,12,6,4
https://www.reddit.com/r/TheMallWorld/comments/1j8kvnw/international_grocery_storemarket_in_mall_world/,international grocery store/market in mall world?,single_location,long_term_recurring,not_mentioned,not_mentioned,,,high,False,1,0,2
https://www.reddit.com/r/TheMallWorld/comments/1j8qous/amusement_park_world_with_activity_pods/,Amusement Park world with activity pods?,mostly_coherent,recurring,not_mentioned,not_mentioned,,,medium,True,5,2,2
https://www.reddit.com/r/TheMallWorld/comments/1j8v2vi/the_daycare/,The daycare,partially_coherent,recurring,not_mentioned,not_mentioned,,,medium,True,1,1,2
https://www.reddit.com/r/TheMallWorld/comments/1j8vazj/the_mountain/,The Mountain,single_location,recurring,not_mentioned,not_mentioned,,,medium,True,1,1,1
https://www.reddit.com/r/TheMallWorld/comments/1j8vpzn/i_have_a_recurring_dream_of_a_waterparkhigh_school/,I have a recurring dream of a waterpark/high school,single_location,recurring,not_mentioned,not_mentioned,,,medium,True,2,0,2
https://www.reddit.com/r/TheMallWorld/comments/1j8x61p/at_the_school/,At the school,single_location,recurring,not_mentioned,current_self,,,medium,False,1,0,3
https://www.reddit.com/r/TheMallWorld/comments/1j97dgo/anyone_ever_been_here/,Anyone ever been here?,mostly_coherent,long_term_recurring,not_mentioned,current_self,,,medium,True,7,1,2
https://www.reddit.com/r/TheMallWorld/comments/1j98vfx/venice_like_outdoor_shopping_restaurant_shop/,Venice like outdoor shopping &amp; restaurant shop,single_location,recurring,not_mentioned,not_mentioned,,,medium,True,1,0,1
https://www.reddit.com/r/TheMallWorld/comments/1j9aiql/clothes_warehouse/,Clothes warehouse,single_location,recurring,not_mentioned,not_mentioned,,,medium,True,1,0,2
https://www.reddit.com/r/TheMallWorld/comments/1j9ayht/this_is_so_weird/,This is so weird,mostly_coherent,long_term_recurring,not_mentioned,current_self,,,medium,True,12,3,1
https://www.reddit.com/r/TheMallWorld/comments/1j9b0zb/anyone_have_a_riverworld/,Anyone have a Riverworld?,mostly_coherent,recurring,not_mentioned,not_mentioned,,,medium,True,5,4,0
https://www.reddit.com/r/TheMallWorld/comments/1j9b7ch/mallworld_on_a_cruise_ship/,Mallworld on a Cruise Ship,mostly_coherent,long_term_recurring,not_mentioned,multiple,,,medium,True,8,3,3
https://www.reddit.com/r/TheMallWorld/comments/1j9exm6/beyond/,Beyond,partially_coherent,long_term_recurring,not_mentioned,current_self,,,medium,True,4,3,4
https://www.reddit.com/r/TheMallWorld/comments/1j9fhep/hey_mall_rats/,Hey Mall Rats,highly_coherent,long_term_recurring,inconsistent,current_self,,forced to wake up,medium,True,11,9,4
https://www.reddit.com/r/TheMallWorld/comments/1j9flqo/hey_mall_rats/,Hey Mall Rats 👋🏻,highly_coherent,long_term_recurring,inconsistent,current_self,,,high,True,10,7,5
https://www.reddit.com/r/TheMallWorld/comments/1j9lqd7/mall_world_branch_off/,Mall world branch off,mostly_coherent,long_term_recurring,not_mentioned,not_mentioned,,,medium,True,7,2,1
https://www.reddit.com/r/TheMallWorld/comments/1ja100c/i_didnt_know_anyone_had_this_happen/,I didn’t know anyone had this happen.,mostly_coherent,long_term_recurring,not_mentioned,current_self,,,medium,True,4,0,2
https://www.reddit.com/r/TheMallWorld/comments/1ja1n3x/to_the_person_who_cut_me_off_last_night/,To the person who cut me off last night,partially_coherent,not_mentioned,normal,current_self,Intentional/goal-directed (wanted to visit childhood home); otherwise not specified,"Startled/annoyed (""scared the shit out of me"", ""ahhh"")",medium,True,3,1,1
https://www.reddit.com/r/TheMallWorld/comments/1ja25dx/the_cave_springs/,The Cave Springs,mostly_coherent,recurring,not_mentioned,not_mentioned,,,medium,True,4,5,1
https://www.reddit.com/r/TheMallWorld/comments/1ja5oau/best_i_could_describe_it_please_read/,best I could describe it. please read.,mostly_coherent,long_term_recurring,not_mentioned,current_self,,,high,True,17,4,10
https://www.reddit.com/r/TheMallWorld/comments/1ja84c5/have_you_guys_been_to_the_log_cabin_hotel/,Have you guys been to the log cabin hotel?,highly_coherent,long_term_recurring,not_mentioned,not_mentioned,,,medium,True,5,3,0
https://www.reddit.com/r/TheMallWorld/comments/1jaecdz/anyone_else_have_a_hostage_situation_mall_dream/,Anyone else have a hostage situation mall dream on 3/11,single_location,first_visit,not_mentioned,current_self,,"confused, panicked; difficulty transitioning into waking reality; felt in limbo",high,True,2,0,5
https://www.reddit.com/r/TheMallWorld/comments/1jaftud/the_flea_market/,The Flea Market,mostly_coherent,recurring,not_mentioned,not_mentioned,,,medium,True,8,2,0
https://www.reddit.com/r/TheMallWorld/comments/1jah9pq/does_anyone_dream_of_the_labyrinth_house/,does anyone dream of the labyrinth house?,partially_coherent,long_term_recurring,not_mentioned,current_self,urgency to leave / panic builds,relief after escaping; wakes upon touching doorknob when returning,high,True,5,6,4
https://www.reddit.com/r/TheMallWorld/comments/1jav938/i_keep_getting_transported_to_a_resort_island/,I Keep Getting Transported to a Resort Island Where I'm Hunted – A Reoccurring Lucid Dream,mostly_coherent,long_term_recurring,not_mentioned,current_self,,,medium,True,13,9,11
https://www.reddit.com/r/TheMallWorld/comments/1jbdvap/anyone_else_have_a_reoccurring_house_thats/,Anyone else have a reoccurring house that’s familiar but never seen irl? Maybe Victorian looking?Lots of wood and an huge finished but empty endless attic? I always know the house and neighborhood in my dream. Also I keep finding a little random shop in this never ending attic.,mostly_coherent,recurring,not_mentioned,current_self,,,high,True,4,3,3
https://www.reddit.com/r/TheMallWorld/comments/1jbf10q/jurassic_park_ride/,Jurassic Park Ride,not_enough_info,long_term_recurring,not_mentioned,current_self,,,medium,True,3,1,1
https://www.reddit.com/r/TheMallWorld/comments/1jbhobo/desert_canyon_dream/,Desert Canyon Dream,single_location,not_mentioned,not_mentioned,current_self,,,high,True,1,0,1
https://www.reddit.com/r/TheMallWorld/comments/1jbj8jk/the_mall_with_giant_statues_and_the_strange_book/,The Mall with Giant Statues and the Strange Book Store,partially_coherent,variation,not_mentioned,current_self,,"sad (second dream: ""I feel like I can never go back to the mall again"")",medium,True,10,8,7
https://www.reddit.com/r/TheMallWorld/comments/1jbjg8h/some_common_themes_and_places_from_my_dream_world/,Some common themes and places from my dream world,partially_coherent,long_term_recurring,not_mentioned,current_self,,,medium,True,8,3,4
https://www.reddit.com/r/TheMallWorld/comments/1jbnyy9/thrift_stores/,Thrift Stores,mostly_coherent,long_term_recurring,not_mentioned,current_self,Realizes they are in the San Francisco dreamworld and immediately tries to figure out how to get to the thrift stores.,,medium,True,7,4,4
https://www.reddit.com/r/TheMallWorld/comments/1jbqywg/a_humongous_bridge_that_goes_across_an_entire/,A humongous bridge that goes across an entire ocean leading out of mallworld into another world / city / place.,mostly_coherent,long_term_recurring,not_mentioned,not_mentioned,,,medium,True,4,3,1
https://www.reddit.com/r/TheMallWorld/comments/1jbzysf/strip_of_bars/,Strip of bars?,mostly_coherent,recurring,not_mentioned,current_self,longing/constantly returning,,high,True,2,1,2
https://www.reddit.com/r/TheMallWorld/comments/1jc27fq/the_rundown_part_of_the_food_court/,The run-down part of the food court,not_enough_info,recurring,not_mentioned,not_mentioned,,,minimal,False,1,0,0
https://www.reddit.com/r/TheMallWorld/comments/1jc3w1w/skating_in_the_mall/,Skating In The Mall,partially_coherent,recurring,normal,current_self,surprised,,medium,True,2,0,2
https://www.reddit.com/r/TheMallWorld/comments/1jc4wol/mall_world/,Mall World,single_location,not_mentioned,not_mentioned,not_mentioned,,,medium,True,2,1,1
https://www.reddit.com/r/TheMallWorld/comments/1jcanyx/the_school_bathroom/,The School Bathroom,single_location,not_mentioned,not_mentioned,not_mentioned,,,high,True,1,0,0
https://www.reddit.com/r/TheMallWorld/comments/1jcozpq/i_keep_dreaming_of_a_mall_that_leads_to_an/,I Keep Dreaming of a Mall That Leads to an Abandoned Water Park… And I Think I’ve Been There Before,mostly_coherent,recurring,not_mentioned,current_self,,,medium,True,4,2,3
https://www.reddit.com/r/TheMallWorld/comments/1jcrpp8/the_basement_arcade/,The Basement Arcade,mostly_coherent,recurring,not_mentioned,not_mentioned,so curious,,medium,True,5,2,2
https://www.reddit.com/r/TheMallWorld/comments/1jd4wa3/weird_colosseum_school/,Weird Colosseum School,mostly_coherent,not_mentioned,not_mentioned,not_mentioned,,,medium,True,3,2,3
https://www.reddit.com/r/TheMallWorld/comments/1jd4xst/gnome_village_with_a_cafe/,Gnome village with a cafe,partially_coherent,not_mentioned,not_mentioned,not_mentioned,,,medium,True,2,1,1
https://www.reddit.com/r/TheMallWorld/comments/1jd8idq/mels_tiki_bar/,"""Mel's Tiki Bar""",partially_coherent,recurring,not_mentioned,current_self,,wakes up before eating / feels woken up,medium,True,2,0,3
https://www.reddit.com/r/TheMallWorld/comments/1jdejdj/the_exterior_of_my_mall/,The exterior of my mall,single_location,recurring,not_mentioned,not_mentioned,,,medium,True,3,2,0
https://www.reddit.com/r/TheMallWorld/comments/1jdrpcc/has_anyone_been_here/,Has anyone been here?,mostly_coherent,recurring,not_mentioned,not_mentioned,,,medium,True,3,2,2
https://www.reddit.com/r/TheMallWorld/comments/1jdtv0f/riverboat_mobile_homes_that_take_you_to_a/,Riverboat mobile homes that take you to a rodeo/festival. A Gypsy beach market that has a deck bar up top and a dark dive bar at the bottom.,partially_coherent,recurring,not_mentioned,current_self,,,medium,True,4,2,1
https://www.reddit.com/r/TheMallWorld/comments/1jdu3ua/forbidden_campground_with_a_portal_closet/,Forbidden campground with a portal closet,mostly_coherent,not_mentioned,not_mentioned,not_mentioned,,,medium,True,4,3,1
https://www.reddit.com/r/TheMallWorld/comments/1jduanh/dream_landscape/,Dream landscape,partially_coherent,long_term_recurring,not_mentioned,not_mentioned,,,medium,True,7,1,4
https://www.reddit.com/r/TheMallWorld/comments/1jdunp8/the_yacht_dreams_is_the_only_place_ive_seen_a_map/,The yacht dreams is the only place I’ve seen a map,not_enough_info,recurring,not_mentioned,not_mentioned,,,medium,True,4,3,0
https://www.reddit.com/r/TheMallWorld/comments/1jdx87s/oh_the_places_youll_go_well_i_go_i_guess/,"Oh, the places you’ll go! (well, I go I guess)",mostly_coherent,long_term_recurring,not_mentioned,not_mentioned,,,medium,True,8,4,6
https://www.reddit.com/r/TheMallWorld/comments/1jdxqhv/my_2_recurring_mall_worlds/,My 2 recurring “mall worlds”,partially_coherent,long_term_recurring,inconsistent,not_mentioned,,,medium,True,3,1,1
https://www.reddit.com/r/TheMallWorld/comments/1je2r8q/tall_hotel/,Tall hotel.,partially_coherent,recurring,not_mentioned,not_mentioned,,,medium,True,4,2,2
https://www.reddit.com/r/TheMallWorld/comments/1jecpss/am_i_the_only_one/,Am I the only one?,mostly_coherent,long_term_recurring,not_mentioned,current_self,,spooked; woke up after hearing bus driver chuckle,high,True,7,5,3
https://www.reddit.com/r/TheMallWorld/comments/1jecz6v/anyone_at_the_theater_last_night/,Anyone at the Theater last night?,single_location,recurring,compressed,current_self,vivid (last few minutes),curious,medium,True,1,0,2
https://www.reddit.com/r/TheMallWorld/comments/1jeekun/glass_staircase_in_the_center_of_the_mall/,Glass staircase in the center of the mall,single_location,recurring,not_mentioned,current_self,,,medium,True,3,1,1
https://www.reddit.com/r/TheMallWorld/comments/1jey7za/long_ago_experience/,Long Ago Experience,single_location,not_mentioned,not_mentioned,younger_self,,,high,True,2,2,5
https://www.reddit.com/r/TheMallWorld/comments/1jf3oxu/field_of_dead_grass/,Field of dead grass,mostly_coherent,long_term_recurring,not_mentioned,not_mentioned,,,high,True,3,1,3
https://www.reddit.com/r/TheMallWorld/comments/1jf5nr2/the_forest/,The Forest,mostly_coherent,not_mentioned,not_mentioned,current_self,,deep relief once back on the stone walkway / able to disappear back into the darkness,high,True,2,2,3
https://www.reddit.com/r/TheMallWorld/comments/1jf73nb/dreamed_about_my_mall_last_night/,Dreamed about my mall last night,partially_coherent,first_visit,inconsistent,current_self,,,medium,True,3,2,5
https://www.reddit.com/r/TheMallWorld/comments/1jffkl4/the_most_eerie_place_in_mall_world/,The most eerie place in mall world.,mostly_coherent,not_mentioned,not_mentioned,not_mentioned,,,medium,True,4,2,3
https://www.reddit.com/r/TheMallWorld/comments/1jflfso/mallworld_dream_in_a_dream/,mallworld dream in a dream,not_enough_info,not_mentioned,not_mentioned,current_self,,,low,False,1,0,1
https://www.reddit.com/r/TheMallWorld/comments/1jfnuvu/always_searching/,Always searching,partially_coherent,long_term_recurring,not_mentioned,current_self,,,medium,True,4,0,4
https://www.reddit.com/r/TheMallWorld/comments/1jft6ry/vivid_dream/,Vivid dream,single_location,recurring,not_mentioned,not_mentioned,,,medium,True,2,1,1
https://www.reddit.com/r/TheMallWorld/comments/1jftzec/a_store_i_was_in_last_night/,A store I was in last night,partially_coherent,recurring,not_mentioned,current_self,,,medium,True,2,1,0
https://www.reddit.com/r/TheMallWorld/comments/1jgkr6l/this_was_the_store_i_was_in_last_night/,This was the store I was in last night....,partially_coherent,not_mentioned,not_mentioned,not_mentioned,,,medium,True,2,0,1
https://www.reddit.com/r/TheMallWorld/comments/1jgtn4d/the_ninja_turtles_experience/,"The ""Ninja Turtles Experience""",mostly_coherent,not_mentioned,normal,current_self,,,high,True,8,3,3
https://www.reddit.com/r/TheMallWorld/comments/1jh5bj5/dream_world_house/,Dream World House,highly_coherent,long_term_recurring,not_mentioned,not_mentioned,,,medium,True,7,5,0
https://www.reddit.com/r/TheMallWorld/comments/1jh5vr9/last_night_i_dreamt_of_a_museum_that_had_stacks/,last night I dreamt of a museum that had stacks of taxidermy crabs everywhere. At the end of the museum there was a hall with toilets &amp; birthday cakes,partially_coherent,not_mentioned,normal,current_self,,,high,True,2,1,2
https://www.reddit.com/r/TheMallWorld/comments/1jhfj8o/hotel_resort_casino_dream/,Hotel Resort Casino Dream,single_location,not_mentioned,not_mentioned,current_self,,,medium,True,2,1,1
https://www.reddit.com/r/TheMallWorld/comments/1jhfl6u/multilevel_basement_funhouse_dream_world_with/,multilevel basement funhouse dream world with elevator,mostly_coherent,recurring,not_mentioned,not_mentioned,,,medium,True,6,5,1
https://www.reddit.com/r/TheMallWorld/comments/1ji0z4j/the_hotel_on_the_exotic_island/,the hotel on the exotic island,single_location,not_mentioned,not_mentioned,current_self,,,high,True,4,0,1
https://www.reddit.com/r/TheMallWorld/comments/1ji95sk/has_anyone_been_in_the_tunnels_of_mallworld/,Has anyone been in the tunnels of mallworld?,partially_coherent,not_mentioned,not_mentioned,not_mentioned,,,medium,True,2,1,1
https://www.reddit.com/r/TheMallWorld/comments/1ji9slb/freeway_world/,Freeway World,single_location,recurring,not_mentioned,current_self,boring,hate going there,high,True,2,0,1
https://www.reddit.com/r/TheMallWorld/comments/1jid4oz/the_feed_tack_storepet_shophorse_stable/,The Feed &amp; Tack Store/Pet shop/horse stable,single_location,recurring,not_mentioned,current_self,,,medium,True,2,1,2
https://www.reddit.com/r/TheMallWorld/comments/1jiix3s/i_feel_lost_here/,i feel lost here,not_enough_info,recurring,not_mentioned,not_mentioned,,,low,False,2,0,1
https://www.reddit.com/r/TheMallWorld/comments/1jij9ej/i_keep_going_to_secret_bars_at_the_landfill/,I keep going to secret bars at the landfill,partially_coherent,recurring,not_mentioned,not_mentioned,,,medium,True,2,1,1
https://www.reddit.com/r/TheMallWorld/comments/1jiqj0i/movie_theater/,Movie Theater,mostly_coherent,not_mentioned,not_mentioned,current_self,,suddenly woken up,medium,True,3,2,3
https://www.reddit.com/r/TheMallWorld/comments/1jitg8n/i_used_to_go_to_this_chinese_market_a_lot_in_my/,I used to go to this Chinese market a lot in my dreams and was able to hover/fly through the aisles,single_location,recurring,not_mentioned,not_mentioned,,,medium,True,1,0,1
https://www.reddit.com/r/TheMallWorld/comments/1jiyuvg/lavish_resort_in_paradise_with_three_large_pools/,"Lavish resort in ""Paradise"" with three large pools",mostly_coherent,recurring,not_mentioned,not_mentioned,,,medium,True,6,4,4
https://www.reddit.com/r/TheMallWorld/comments/1jji56a/creepy_theater_and_elevator/,Creepy theater and elevator,mostly_coherent,not_mentioned,normal,current_self,,freaked out; freakiest dreams in a while; awakened to power outage,high,True,4,5,5
https://www.reddit.com/r/TheMallWorld/comments/1jjipvr/apartment_garden/,apartment garden,partially_coherent,recurring,not_mentioned,not_mentioned,,,high,True,2,1,1
https://www.reddit.com/r/TheMallWorld/comments/1jjlha0/docks_in_the_middle_of_the_water_old_man/,Docks in the middle of the water . / old man / fisherman with boat .,single_location,recurring,not_mentioned,not_mentioned,,,high,True,2,1,3
https://www.reddit.com/r/TheMallWorld/comments/1jjn9cx/i_thought_i_found_a_real_life_bathroom_maze/,I thought I found a real life bathroom maze.,single_location,long_term_recurring,not_mentioned,current_self,,,high,True,1,0,2
https://www.reddit.com/r/TheMallWorld/comments/1jjnl10/reality_shifting_and_mw/,reality shifting and MW,mostly_coherent,recurring,normal,current_self,concerned/suspicious that something was off about the house,fear; then sleep paralysis on waking,high,True,6,5,12
https://www.reddit.com/r/TheMallWorld/comments/1jjq7ve/has_anyone_else_been_to_this_restaurant/,Has anyone else been to this restaurant?,mostly_coherent,not_mentioned,not_mentioned,current_self,,,medium,True,2,1,3
https://www.reddit.com/r/TheMallWorld/comments/1jk153g/i_end_up_here_a_lot/,I end up HERE A LOT,mostly_coherent,recurring,not_mentioned,not_mentioned,,terrified; wakes up with falling feeling (during elevator),medium,True,4,3,2
https://www.reddit.com/r/TheMallWorld/comments/1jk1oma/some_reoccurring_settings_in_my_dreams/,some reoccurring settings in my dreams,not_enough_info,long_term_recurring,not_mentioned,not_mentioned,,,medium,True,5,0,3
https://www.reddit.com/r/TheMallWorld/comments/1jk2xaf/night_club_in_a_basement_or_secret_room/,Night club in a basement or secret room?,partially_coherent,recurring,not_mentioned,not_mentioned,always expecting fun,,medium,True,2,2,1
https://www.reddit.com/r/TheMallWorld/comments/1jkcjjl/underground_train_station/,Underground Train Station,mostly_coherent,not_mentioned,not_mentioned,current_self,,,high,True,2,1,2
https://www.reddit.com/r/TheMallWorld/comments/1jkoeaw/dream_home_different_than_real_one/,dream home different than real one,not_enough_info,recurring,not_mentioned,current_self,,,medium,False,2,0,2
https://www.reddit.com/r/TheMallWorld/comments/1jl313u/my_dreaming_experience/,My dreaming experience,highly_coherent,long_term_recurring,not_mentioned,current_self,,,high,True,17,8,4
https://www.reddit.com/r/TheMallWorld/comments/1jlaw6b/moonscape/,moonscape,single_location,not_mentioned,not_mentioned,not_mentioned,,,medium,True,1,0,2
https://www.reddit.com/r/TheMallWorld/comments/1jlg7yq/the_angels_of_the_astral_city_revealed_their/,The Angels of the Astral City Revealed Their Healing Technology to Me. They Plan on Saving Us.,mostly_coherent,variation,not_mentioned,current_self,,tearful/crying upon confirmation; then woke up,medium,True,3,1,5
https://www.reddit.com/r/TheMallWorld/comments/1jlinuc/more_of_a_community_than_mall/,More of a community than mall?,partially_coherent,recurring,not_mentioned,current_self,happy to have found the sub; describes dreams as 'crazy',freaked out,medium,True,9,4,1
https://www.reddit.com/r/TheMallWorld/comments/1jljpdw/welcome_to_alt_vegas/,Welcome to Alt Vegas,mostly_coherent,not_mentioned,not_mentioned,not_mentioned,,,medium,True,2,1,1
https://www.reddit.com/r/TheMallWorld/comments/1jlki58/does_anyone_else_frequently_dream_about_alternate/,Does anyone else frequently dream about alternate versions of real places?,mostly_coherent,recurring,not_mentioned,not_mentioned,,,medium,True,4,0,0
https://www.reddit.com/r/TheMallWorld/comments/1jlq81r/does_anyone_see_this_behind_the_house_with_a_ton/,Does anyone see this behind the house with a ton of room in it?,partially_coherent,recurring,not_mentioned,not_mentioned,,,medium,True,3,2,0
https://www.reddit.com/r/TheMallWorld/comments/1jlvi7v/the_last_floor/,The last floor,partially_coherent,recurring,not_mentioned,current_self,,,medium,True,2,1,4
https://www.reddit.com/r/TheMallWorld/comments/1jlycf7/my_mall_world_is_always_in_the_middle_east/,My mall world is always in the middle east somewhere,mostly_coherent,long_term_recurring,not_mentioned,not_mentioned,,,high,True,5,3,1
https://www.reddit.com/r/TheMallWorld/comments/1jm92f1/anyone_been_to_any_restaurants_in_mallword/,Anyone been to any restaurants in Mallword?,not_enough_info,recurring,not_mentioned,not_mentioned,,,high,False,1,0,1
https://www.reddit.com/r/TheMallWorld/comments/1jme1mt/a_movie_trailer_in_a_dream/,A movie trailer in a dream,partially_coherent,not_mentioned,compressed,current_self,,sad i didn't get to finish it,medium,True,4,1,6
https://www.reddit.com/r/TheMallWorld/comments/1jmih1k/my_mallworld/,My MallWorld,mostly_coherent,recurring,not_mentioned,not_mentioned,,,medium,True,10,9,0
https://www.reddit.com/r/TheMallWorld/comments/1jn1nb0/something_i_remembered_recently/,Something I remembered recently…,not_enough_info,long_term_recurring,not_mentioned,not_mentioned,scared I would drown,,medium,True,2,1,2
https://www.reddit.com/r/TheMallWorld/comments/1jn8rwh/childhood_dream/,Childhood dream,mostly_coherent,long_term_recurring,not_mentioned,child_self,,,medium,True,2,0,2
https://www.reddit.com/r/TheMallWorld/comments/1jnelx8/some_childhood_dream_locations/,Some childhood dream locations,not_enough_info,not_mentioned,not_mentioned,not_mentioned,,,medium,False,6,1,3
https://www.reddit.com/r/TheMallWorld/comments/1jni7yq/mountain_top_mansion/,Mountain top mansion.,mostly_coherent,recurring,inconsistent,current_self,very interested / intrigued (on finding the sub); dream emotions not clearly specified at start,not_mentioned,medium,True,7,6,2
https://www.reddit.com/r/TheMallWorld/comments/1jnq12j/some_of_my_mall_any_mall_friends_out_there/,some of my ‘mall.’ any mall friends out there?,not_enough_info,long_term_recurring,not_mentioned,not_mentioned,,,medium,False,6,0,3
https://www.reddit.com/r/TheMallWorld/comments/1jnu6e5/driving_a_plane_down_a_road_into_mallworld/,Driving a plane down a road into MallWorld,mostly_coherent,recurring,not_mentioned,not_mentioned,always think the plane is crashing,,medium,True,3,2,1
https://www.reddit.com/r/TheMallWorld/comments/1joexzp/anyone_recognize_this/,Anyone recognize this?,single_location,first_visit,slow,current_self,,,medium,True,1,1,1
https://www.reddit.com/r/TheMallWorld/comments/1jogzm4/last_25_years_every_night/,Last 2.5 years… every night,mostly_coherent,long_term_recurring,not_mentioned,current_self,,,medium,True,3,0,2
https://www.reddit.com/r/TheMallWorld/comments/1joh704/not_sure_if_this_really_fits_here_so_apologies_if/,Not sure if this really fits here so apologies if I’m a lost redditor.,mostly_coherent,recurring,not_mentioned,multiple,,,medium,True,4,1,3
https://www.reddit.com/r/TheMallWorld/comments/1jomar8/my_mallworld/,My mallworld,mostly_coherent,long_term_recurring,not_mentioned,current_self,,panic,high,True,7,5,5
https://www.reddit.com/r/TheMallWorld/comments/1jonq8b/has_anyone_been_here_coastal_town/,Has Anyone Been Here [Coastal Town]?,mostly_coherent,recurring,not_mentioned,not_mentioned,,,high,True,10,4,4
https://www.reddit.com/r/TheMallWorld/comments/1jozcuo/sheesh_so_frustrating/,"Sheesh, so frustrating",not_enough_info,recurring,not_mentioned,current_self,frustration,frustration,medium,False,1,0,3
https://www.reddit.com/r/TheMallWorld/comments/1jp0dwg/so_excited_to_have_found_this_community_my_dreams/,So excited to have found this community. My dreams suddenly starting connecting a year ago after a mental break.,highly_coherent,long_term_recurring,not_mentioned,current_self,not_mentioned,not_mentioned,high,True,24,12,6
https://www.reddit.com/r/TheMallWorld/comments/1jpbj27/its_been_two_years_of_this_and_i_cant_believe_its/,It’s been two years of this and I can’t believe it’s happening to others.,partially_coherent,long_term_recurring,not_mentioned,not_mentioned,incredibly uncomfortable emotionally,,medium,True,2,1,1
https://www.reddit.com/r/TheMallWorld/comments/1jpqvdg/i_often_find_myself_here_flying_around_and_trying/,I often find myself here. Flying around and trying to achieve a mission that I don’t know how to complete.,single_location,recurring,not_mentioned,current_self,,,medium,True,1,1,1
https://www.reddit.com/r/TheMallWorld/comments/1jps10k/a_reoccurring_dream_of_a_city/,A reoccurring dream of a city.,highly_coherent,long_term_recurring,not_mentioned,current_self,,,medium,True,12,4,1
https://www.reddit.com/r/TheMallWorld/comments/1jptj68/does_anyones_mallworld_have_an_endless_jungle_gym/,Does anyone's Mallworld have an endless jungle gym in the center?,mostly_coherent,long_term_recurring,not_mentioned,not_mentioned,,,medium,True,3,0,1
https://www.reddit.com/r/TheMallWorld/comments/1jpxnmc/just_found_this/,Just found this,mostly_coherent,long_term_recurring,not_mentioned,current_self,,,high,True,9,7,8
https://www.reddit.com/r/TheMallWorld/comments/1jq0eyb/the_white_place/,The white place,not_enough_info,recurring,not_mentioned,not_mentioned,,,medium,False,1,0,1
https://www.reddit.com/r/TheMallWorld/comments/1jq1v09/parking_lots/,Parking Lots,partially_coherent,not_mentioned,not_mentioned,not_mentioned,dread,,medium,True,3,2,3
https://www.reddit.com/r/TheMallWorld/comments/1jq1wby/under_surveillance_and_being_arrested/,Under surveillance and being arrested,partially_coherent,long_term_recurring,not_mentioned,current_self,fascinated; observing/exploring,uneasy,medium,True,2,0,7
https://www.reddit.com/r/TheMallWorld/comments/1jq5813/creepy_grocery_store/,Creepy grocery store,single_location,recurring,not_mentioned,not_mentioned,,,medium,True,1,0,0
https://www.reddit.com/r/TheMallWorld/comments/1jqdvce/this_is_the_parking_lot_of_my_mallworld/,This is the parking lot of my Mallworld,single_location,recurring,not_mentioned,not_mentioned,,,medium,True,2,2,3
https://www.reddit.com/r/TheMallWorld/comments/1jql5w7/last_night_i_was_in_the_school_what_similar/,Last night i was in the school. What similar themes do you have in the school?,mostly_coherent,recurring,normal,current_self,restless / suspicious,felt bad,high,True,4,4,6
https://www.reddit.com/r/TheMallWorld/comments/1jqothn/just_played_miniature_golf_at_mall_world/,Just played miniature golf at Mall World.,single_location,not_mentioned,not_mentioned,not_mentioned,,,high,True,1,0,1
https://www.reddit.com/r/TheMallWorld/comments/1jrdgl5/the_store_for_me_almost_looks_like_a_prop/,"The ""store"" for me almost looks like a prop warehouse that we are buying things from.",single_location,recurring,not_mentioned,not_mentioned,,,medium,True,1,0,1
https://www.reddit.com/r/TheMallWorld/comments/1jrrmt6/long_red_hallway/,Long red hallway,single_location,recurring,not_mentioned,not_mentioned,,,medium,True,1,0,2
https://www.reddit.com/r/TheMallWorld/comments/1js0wnb/the_subway/,The subway,partially_coherent,recurring,not_mentioned,current_self,,,high,True,3,2,3
https://www.reddit.com/r/TheMallWorld/comments/1js1i47/yesterday_i_saw_one_of_the_insured_ive_seen_in_my/,Yesterday I saw one of the insured I’ve seen in my dreams many times in real life.,partially_coherent,long_term_recurring,not_mentioned,current_self,not_mentioned,"anxiety / disbelief (""shaking"", ""constant anxiety state"")",medium,True,3,2,1
https://www.reddit.com/r/TheMallWorld/comments/1js1k43/yesterday_i_saw_one_of_the_locations_i_have/,Yesterday I saw one of the locations I have visted many times in mall world.,partially_coherent,long_term_recurring,not_mentioned,current_self,,anxiety/shaking/disbelief after seeing similar place in waking life,medium,True,3,1,2
https://www.reddit.com/r/TheMallWorld/comments/1js5rno/why_malls_what_age/,Why Malls? What age?,partially_coherent,recurring,not_mentioned,current_self,,,medium,True,1,0,0
https://www.reddit.com/r/TheMallWorld/comments/1jss2ap/opulent_elevator/,Opulent Elevator,partially_coherent,recurring,not_mentioned,not_mentioned,,,medium,True,3,2,3
https://www.reddit.com/r/TheMallWorld/comments/1jt25j3/does_anyone_else_ever_wake_up_here/,Does anyone else ever wake up here?,partially_coherent,long_term_recurring,not_mentioned,not_mentioned,,,medium,True,3,2,2
https://www.reddit.com/r/TheMallWorld/comments/1jt5b0v/elevator_world/,Elevator World?,partially_coherent,recurring,not_mentioned,not_mentioned,,,medium,True,3,2,2
https://www.reddit.com/r/TheMallWorld/comments/1jt7kt0/futuristic_underground_mall/,Futuristic underground mall,mostly_coherent,not_mentioned,not_mentioned,current_self,,,high,True,3,2,3
https://www.reddit.com/r/TheMallWorld/comments/1jtbczj/office_world/,Office World,single_location,not_mentioned,not_mentioned,current_self,,,medium,True,1,0,1
https://www.reddit.com/r/TheMallWorld/comments/1jtbu45/lonely_neighborhood/,Lonely Neighborhood,single_location,long_term_recurring,not_mentioned,child_self,,,medium,True,3,2,2
https://www.reddit.com/r/TheMallWorld/comments/1jtdgu0/the_hotel/,The Hotel,partially_coherent,recurring,not_mentioned,not_mentioned,,,medium,True,4,3,2
https://www.reddit.com/r/TheMallWorld/comments/1jttycs/my_sketch_of_part_of_my_mall_world/,My sketch of part of my mall world,mostly_coherent,long_term_recurring,not_mentioned,not_mentioned,,,medium,True,17,5,0
https://www.reddit.com/r/TheMallWorld/comments/1jtxa3a/dreams_and_life_lol/,dreams and life lol,single_location,long_term_recurring,not_mentioned,child_self,,shocked,high,True,1,0,4
https://www.reddit.com/r/TheMallWorld/comments/1jtzvz4/i_came_to_post_this_hotel_and_i_guess_there_are_a/,I came to post this hotel and I guess there are a lot of hotel dreams?,single_location,recurring,not_mentioned,not_mentioned,,,medium,True,5,3,0
https://www.reddit.com/r/TheMallWorld/comments/1ju84f9/visited_my_mall_world_for_the_first_time_in_a/,Visited my mall world for the first time in a long time. The bookstore was gone.,single_location,long_term_recurring,not_mentioned,not_mentioned,,,medium,True,2,0,2
https://www.reddit.com/r/TheMallWorld/comments/1jubc1m/realized_i_was_in_mall_world_mid_dream/,Realized I was in mall world mid dream,partially_coherent,not_mentioned,not_mentioned,current_self,,just woke up,high,True,3,1,1
https://www.reddit.com/r/TheMallWorld/comments/1jukfcq/weird_hotel_ive_been_to_frequently_lately/,Weird hotel I’ve been to frequently lately,mostly_coherent,recurring,not_mentioned,current_self,,,medium,True,2,2,4
https://www.reddit.com/r/TheMallWorld/comments/1juziiy/mall_terrorism/,mall terrorism,partially_coherent,variation,not_mentioned,current_self,,creepy,high,True,2,1,3
https://www.reddit.com/r/TheMallWorld/comments/1jv16u3/shared_the_mall_dream_on_reddit_now_im_waking_up/,Shared the Mall Dream on Reddit… Now I’m Waking Up in a Mansion. By Water. With Eyes on Me.,mostly_coherent,long_term_recurring,not_mentioned,current_self,,,medium,True,4,2,3
https://www.reddit.com/r/TheMallWorld/comments/1jvh5ye/party_island_last_5_years/,Party Island last 5+ years,highly_coherent,long_term_recurring,not_mentioned,not_mentioned,excited,,medium,True,6,1,0
https://www.reddit.com/r/TheMallWorld/comments/1jvihwp/in_the_arcade/,In the arcade,single_location,recurring,not_mentioned,current_self,,,medium,True,1,0,4
https://www.reddit.com/r/TheMallWorld/comments/1jvn0pq/my_wifes_dream_has_anyone_else_been_to_the_golden/,My wife's dream. Has anyone else been to the golden mall with high ceilings?,single_location,not_mentioned,not_mentioned,not_mentioned,,,medium,True,1,0,0
https://www.reddit.com/r/TheMallWorld/comments/1jvocpf/riverside_rest_stop_from_a_mallworld_that_i_found/,"Riverside rest stop from a ""mallworld"" that I found in real life",single_location,long_term_recurring,not_mentioned,not_mentioned,,,medium,True,2,1,2
https://www.reddit.com/r/TheMallWorld/comments/1jvqjed/does_anyone_else_do_a_side_trip/,Does anyone else do a side trip?,partially_coherent,recurring,inconsistent,current_self,,Instantly and uncomfortably.,medium,True,3,1,3
https://www.reddit.com/r/TheMallWorld/comments/1jwd6mr/had_a_really_intense_visit_last_night/,Had a really intense visit last night,not_enough_info,long_term_recurring,not_mentioned,current_self,panic/bawling; on the run,tired,medium,False,1,0,3
https://www.reddit.com/r/TheMallWorld/comments/1jwgsiv/the_resort/,The Resort,mostly_coherent,long_term_recurring,not_mentioned,current_self,,,high,True,8,7,4
https://www.reddit.com/r/TheMallWorld/comments/1jwgxec/i_completed_a_task/,I completed a task!,single_location,not_mentioned,not_mentioned,not_mentioned,,,medium,True,1,1,1
https://www.reddit.com/r/TheMallWorld/comments/1jwv8qd/getting_more_vivid/,Getting more vivid,partially_coherent,not_mentioned,normal,current_self,,annoyed (can't remember signs),medium,True,5,3,2
https://www.reddit.com/r/TheMallWorld/comments/1jxa9po/its_larger_than_this_but_you_should_get_it/,It's larger than this but you should get it.,single_location,not_mentioned,not_mentioned,current_self,,,medium,True,2,0,2
https://www.reddit.com/r/TheMallWorld/comments/1jxaflc/sometimes_im_lucid_in_this_world/,Sometimes I'm lucid in this world.,not_enough_info,not_mentioned,not_mentioned,current_self,,,minimal,False,1,0,3
https://www.reddit.com/r/TheMallWorld/comments/1jxd9rv/my_nightmare/,My nightmare.,partially_coherent,long_term_recurring,not_mentioned,current_self,,woke up screaming,medium,True,3,2,2
https://www.reddit.com/r/TheMallWorld/comments/1jxeskf/last_night_was_odd_anyone_else/,Last night was odd. Anyone else?,not_enough_info,not_mentioned,not_mentioned,current_self,,overwhelmed; forced self awake; vivid/frightening after-effects,medium,False,1,0,3
https://www.reddit.com/r/TheMallWorld/comments/1jxgc1s/met_someone_last_night/,Met someone last night,single_location,recurring,not_mentioned,current_self,,,medium,True,4,1,2
https://www.reddit.com/r/TheMallWorld/comments/1jxj0eb/herding_cats/,Herding Cats,not_enough_info,long_term_recurring,not_mentioned,current_self,,scared,medium,False,2,0,2
https://www.reddit.com/r/TheMallWorld/comments/1jxj8s8/flea_market_mall_world/,Flea Market Mall World?,mostly_coherent,recurring,inconsistent,current_self,,,high,True,4,1,1
https://www.reddit.com/r/TheMallWorld/comments/1jxnxvx/thank_you_all/,Thank you all!,partially_coherent,long_term_recurring,not_mentioned,not_mentioned,,,medium,True,2,5,4
https://www.reddit.com/r/TheMallWorld/comments/1jxwgmb/festival_world/,Festival world?,single_location,long_term_recurring,not_mentioned,current_self,,,medium,True,1,0,3
https://www.reddit.com/r/TheMallWorld/comments/1jxx600/arcade_duplex/,arcade duplex,mostly_coherent,recurring,not_mentioned,not_mentioned,,,medium,True,3,2,2
https://www.reddit.com/r/TheMallWorld/comments/1jxx6c0/glass_elevator_building/,Glass Elevator building,partially_coherent,recurring,not_mentioned,not_mentioned,,,medium,True,3,2,3
https://www.reddit.com/r/TheMallWorld/comments/1jxzpqi/was_everyone_outside_last_night/,Was everyone outside last night,partially_coherent,not_mentioned,normal,current_self,,exhausted; unable to leave until morning,medium,True,3,2,5
https://www.reddit.com/r/TheMallWorld/comments/1jy33oo/bookstore_and_outdoor_mall/,Bookstore and outdoor mall,mostly_coherent,not_mentioned,not_mentioned,current_self,,,high,True,6,3,3
https://www.reddit.com/r/TheMallWorld/comments/1jy362i/dreams_store/,Dreams store,partially_coherent,not_mentioned,not_mentioned,current_self,,,high,True,3,3,1
https://www.reddit.com/r/TheMallWorld/comments/1jyb23p/anyone_else_been_here/,Anyone else been here?,mostly_coherent,recurring,not_mentioned,not_mentioned,,,medium,True,3,2,1
https://www.reddit.com/r/TheMallWorld/comments/1jyz37b/a_murder/,A murder,partially_coherent,recurring,normal,current_self,,,medium,True,3,2,4
https://www.reddit.com/r/TheMallWorld/comments/1jz4ts4/anyone_been_here/,Anyone been here?,single_location,recurring,not_mentioned,current_self,excited,,medium,True,1,1,2
https://www.reddit.com/r/TheMallWorld/comments/1jzd91y/dream_police/,Dream police??,partially_coherent,recurring,not_mentioned,current_self,"curious/on edge (""too real... left me on edge"")",unsettled/on edge,medium,True,4,2,5
https://www.reddit.com/r/TheMallWorld/comments/1jzexrv/the_night_shops/,The night shops,partially_coherent,recurring,not_mentioned,not_mentioned,,,medium,True,5,3,3
https://www.reddit.com/r/TheMallWorld/comments/1jzj693/the_tubes/,The tubes,mostly_coherent,long_term_recurring,not_mentioned,not_mentioned,sense of dread that was intense,,medium,True,3,2,2
https://www.reddit.com/r/TheMallWorld/comments/1jzjyfi/two_main_places_i_visit_frequently/,Two main places I visit frequently,partially_coherent,recurring,not_mentioned,not_mentioned,,,medium,True,6,0,0
https://www.reddit.com/r/TheMallWorld/comments/1jzo9dc/explosionfire/,Explosion/Fire,partially_coherent,not_mentioned,not_mentioned,current_self,,it just isn't sitting right with me,medium,True,1,1,4
https://www.reddit.com/r/TheMallWorld/comments/1jzztx0/dream_map/,Dream map,highly_coherent,long_term_recurring,not_mentioned,not_mentioned,,,high,True,13,7,3
https://www.reddit.com/r/TheMallWorld/comments/1k089p4/have_you_been_able_to_use_your_phone/,Have you been able to use your phone?,not_enough_info,not_mentioned,not_mentioned,current_self,,,medium,True,2,1,3
https://www.reddit.com/r/TheMallWorld/comments/1k0b0xi/i_saw_these_two_in_my_mall_world_last_night/,i saw these two in my mall world last night???,single_location,not_mentioned,not_mentioned,current_self,,weirded out,medium,False,1,0,2
https://www.reddit.com/r/TheMallWorld/comments/1k14ezb/have_you_seen_a_reception_hallballroomdining_ball/,Have you seen a reception hall/ballroom/dining ball?,single_location,not_mentioned,not_mentioned,not_mentioned,,,high,True,1,0,2
https://www.reddit.com/r/TheMallWorld/comments/1k17bp4/same_st_different_night/,"Same s#*t, different night",highly_coherent,long_term_recurring,not_mentioned,current_self,,,medium,True,8,7,2
https://www.reddit.com/r/TheMallWorld/comments/1k17les/interested_in_finding_out_if_anyone_else_has_had/,Interested in finding out if anyone else has had this reoccurring dream?,single_location,long_term_recurring,not_mentioned,not_mentioned,everything is going fine,,high,True,2,1,3
https://www.reddit.com/r/TheMallWorld/comments/1k1ev1z/anyone_else_spend_time_in_an_industrial_district/,Anyone else spend time in an industrial district?,partially_coherent,recurring,not_mentioned,current_self,,wondering if it's Mallworld related,medium,True,3,0,4
https://www.reddit.com/r/TheMallWorld/comments/1k1h5ef/who_am_i_with_in_mallworld/,Who am I with in mallworld?,mostly_coherent,long_term_recurring,not_mentioned,current_self,"Most the time I don't feel scared, maybe a little anxious or like I'm in a rush.",,medium,True,12,7,3
https://www.reddit.com/r/TheMallWorld/comments/1k1hz78/my_experience_in_mall_world_spencers_with_my/,My experience in mall world Spencer’s with my dream world friend,partially_coherent,recurring,normal,current_self,,,high,True,2,1,6
https://www.reddit.com/r/TheMallWorld/comments/1k1yyxo/i_entered_mallworld_from_outside_of_it_and_saw_it/,I entered mallworld from outside of it and saw it open,mostly_coherent,not_mentioned,inconsistent,current_self,,woke up (while trying to read sign),high,True,7,5,9
https://www.reddit.com/r/TheMallWorld/comments/1k22kin/have_you_found_a_car/,Have you found a car?,partially_coherent,not_mentioned,not_mentioned,current_self,,woke up while preparing for imprisonment,medium,True,5,3,2
https://www.reddit.com/r/TheMallWorld/comments/1k27xk3/the_white_mansion/,The White Mansion,partially_coherent,recurring,not_mentioned,younger_self,"fun, buzzy party vibe",really enjoyed the dream,high,True,4,4,11
https://www.reddit.com/r/TheMallWorld/comments/1k2atr6/mallworld_locations/,MallWorld locations,mostly_coherent,long_term_recurring,not_mentioned,not_mentioned,,,medium,True,7,3,5
https://www.reddit.com/r/TheMallWorld/comments/1k2g0g5/the_never_ending_basement/,The never ending basement.,mostly_coherent,recurring,not_mentioned,not_mentioned,,,high,True,5,4,4
https://www.reddit.com/r/TheMallWorld/comments/1k2j3do/pool_party/,Pool party,partially_coherent,not_mentioned,not_mentioned,current_self,,,medium,True,3,3,1
https://www.reddit.com/r/TheMallWorld/comments/1k2k9kz/infinite_dream_house_w_a_room_for_every_aspect_of/,Infinite Dream House w/ a room for every aspect of myself,not_enough_info,not_mentioned,not_mentioned,not_mentioned,,,low,True,1,1,0
https://www.reddit.com/r/TheMallWorld/comments/1k2ngd7/black_ship_in_a_thunderstorm/,Black ship in a thunderstorm,mostly_coherent,long_term_recurring,not_mentioned,current_self,,,high,True,3,2,5
https://www.reddit.com/r/TheMallWorld/comments/1k2tg5a/have_you_watched_a_movie/,Have you watched a movie?,partially_coherent,recurring,not_mentioned,not_mentioned,,,medium,True,4,2,3
https://www.reddit.com/r/TheMallWorld/comments/1k38s73/haunted_hotel/,Haunted hotel?,mostly_coherent,recurring,not_mentioned,current_self,,,medium,True,2,1,3
https://www.reddit.com/r/TheMallWorld/comments/1k38sdv/haunted_hotel/,Haunted hotel?,partially_coherent,recurring,not_mentioned,not_mentioned,,,medium,True,2,1,3
https://www.reddit.com/r/TheMallWorld/comments/1k3euiz/dream_house/,Dream house,partially_coherent,long_term_recurring,not_mentioned,not_mentioned,,,medium,True,3,1,2
https://www.reddit.com/r/TheMallWorld/comments/1k3gxpn/live_theater/,Live Theater,mostly_coherent,recurring,not_mentioned,current_self,,not_mentioned,high,True,8,6,3
https://www.reddit.com/r/TheMallWorld/comments/1k3id0y/dreams_in_a_mall_just_like_this_for_years/,Dreams in a mall just like this for years,not_enough_info,long_term_recurring,not_mentioned,not_mentioned,,,medium,False,3,0,2
https://www.reddit.com/r/TheMallWorld/comments/1k3kddr/warehouse_room/,Warehouse room,single_location,first_visit,not_mentioned,not_mentioned,,,medium,True,2,1,1
https://www.reddit.com/r/TheMallWorld/comments/1k3q77k/mall_college/,Mall College,mostly_coherent,recurring,not_mentioned,not_mentioned,,,medium,True,4,3,3
https://www.reddit.com/r/TheMallWorld/comments/1k3rm0t/escaping_the_hotel/,Escaping the hotel,partially_coherent,recurring,not_mentioned,not_mentioned,,,medium,True,3,2,4
https://www.reddit.com/r/TheMallWorld/comments/1k40j3b/the_airport_and_mall_within_my_mallworld/,The airport and mall within my MallWorld.,partially_coherent,recurring,not_mentioned,not_mentioned,,,medium,True,2,2,0
https://www.reddit.com/r/TheMallWorld/comments/1k41xxo/recurring_dreams_about_missiles_raining_down_from/,Recurring dreams about missiles raining down from the sky,single_location,recurring,not_mentioned,current_self,oddly calm acceptance that it's the end (not scared),,medium,True,1,0,1
https://www.reddit.com/r/TheMallWorld/comments/1k4l5la/my_dream_world_burned_down/,My dream world burned down,mostly_coherent,long_term_recurring,not_mentioned,younger_self,,panic; sadness; lack of closure (unable to get closure on the dream),medium,True,4,1,2
https://www.reddit.com/r/TheMallWorld/comments/1k4o7nb/my_mall_dream/,My Mall Dream,mostly_coherent,variation,not_mentioned,current_self,,felt horrible (when asked to leave class),medium,True,7,2,7
https://www.reddit.com/r/TheMallWorld/comments/1k4sa89/pod_world/,Pod world?,mostly_coherent,long_term_recurring,not_mentioned,current_self,,unsettled once I wake up,medium,True,3,2,3
https://www.reddit.com/r/TheMallWorld/comments/1k4sco0/sinister_lazy_river_dreamscape/,Sinister Lazy River Dreamscape,partially_coherent,recurring,not_mentioned,not_mentioned,,,medium,True,2,1,2
https://www.reddit.com/r/TheMallWorld/comments/1k4ydg7/the_sign_of_the_times/,The sign of the times,partially_coherent,recurring,inconsistent,current_self,,on edge / urgency to run (implied),medium,True,3,2,4
https://www.reddit.com/r/TheMallWorld/comments/1k4z5hu/lucid_dreams_victims/,Lucid Dreams - Victims,not_enough_info,variation,not_mentioned,multiple,uncomfortable,,low,False,1,0,2
https://www.reddit.com/r/TheMallWorld/comments/1k583t4/whale_dream/,Whale dream,single_location,long_term_recurring,not_mentioned,current_self,"""going crazy"" over the recurring dream (waking reaction)",,high,True,2,2,3
https://www.reddit.com/r/TheMallWorld/comments/1k5craz/finding_this_page_gave_me_chills/,Finding this page gave me chills..,mostly_coherent,long_term_recurring,not_mentioned,not_mentioned,mild depression (dreams feel more real than real life),chills,medium,True,2,0,2
https://www.reddit.com/r/TheMallWorld/comments/1k5d7f9/anyone_dream_here/,Anyone dream here?,partially_coherent,recurring,not_mentioned,not_mentioned,,,medium,True,1,1,2
https://www.reddit.com/r/TheMallWorld/comments/1k5eh9s/has_anyone_else_been_to_this_mall_world/,Has anyone else been to this mall world?,mostly_coherent,recurring,not_mentioned,not_mentioned,,,medium,True,7,4,2
https://www.reddit.com/r/TheMallWorld/comments/1k5jn92/has_anyone_else_been_here/,Has anyone else been here?,not_enough_info,not_mentioned,not_mentioned,not_mentioned,scary,,low,True,1,0,1
https://www.reddit.com/r/TheMallWorld/comments/1k5k2cx/recurring_town/,Recurring town,mostly_coherent,long_term_recurring,not_mentioned,current_self,,,medium,True,11,10,2
https://www.reddit.com/r/TheMallWorld/comments/1k5m0zd/adding_on_to_the_mall_thing_who_else_remembers/,"Adding on to the mall thing, who else remembers something similar?",partially_coherent,recurring,inconsistent,current_self,not_mentioned,not_mentioned,medium,True,6,0,4
https://www.reddit.com/r/TheMallWorld/comments/1k5n3z6/what_was_your_first_dream_in_mall_world/,What was your first dream in mall world?,single_location,long_term_recurring,not_mentioned,child_self,,"excited to dream, to explore",high,True,2,1,2
https://www.reddit.com/r/TheMallWorld/comments/1k5rtel/aquarium_dream/,aquarium dream,partially_coherent,not_mentioned,not_mentioned,not_mentioned,,,medium,True,2,1,2
https://www.reddit.com/r/TheMallWorld/comments/1k5s51p/been_over_here_a_lot_lately/,been over here a lot lately,mostly_coherent,long_term_recurring,not_mentioned,current_self,,,high,True,12,3,3
https://www.reddit.com/r/TheMallWorld/comments/1k5t6jd/underground_mall/,underground mall,mostly_coherent,first_visit,not_mentioned,not_mentioned,,,high,True,2,1,1
https://www.reddit.com/r/TheMallWorld/comments/1k5t7ji/keep_going_back_to_the_same_mall/,keep going back to the same mall,partially_coherent,recurring,not_mentioned,not_mentioned,,,medium,True,2,1,1
https://www.reddit.com/r/TheMallWorld/comments/1k64wzm/recurring_dream_of_a_road_in_the_desert/,Recurring dream of a Road in the desert,single_location,long_term_recurring,not_mentioned,child_self,,,medium,True,1,0,3
https://www.reddit.com/r/TheMallWorld/comments/1k65lih/i_think_its_my_old_house_but_theres_dead_trees_in/,I think it's my old house but there's dead trees in it,partially_coherent,recurring,not_mentioned,not_mentioned,,,medium,True,5,1,1
https://www.reddit.com/r/TheMallWorld/comments/1k66pv1/city_that_i_kept_visiting_in_my_dreams_for_a_year/,City that I kept visiting in my dreams for a year and then never again,partially_coherent,long_term_recurring,not_mentioned,not_mentioned,,,medium,True,5,4,1
https://www.reddit.com/r/TheMallWorld/comments/1k6cbzm/dreams_about_a_group_of_5_people/,Dreams about a group of 5 people,partially_coherent,long_term_recurring,not_mentioned,current_self,,,medium,True,4,2,3
https://www.reddit.com/r/TheMallWorld/comments/1k6kzg6/the_water_slide/,The water slide,mostly_coherent,recurring,not_mentioned,not_mentioned,,,medium,True,10,6,3
https://www.reddit.com/r/TheMallWorld/comments/1k6ob4q/my_mall_world/,My mall world,mostly_coherent,long_term_recurring,not_mentioned,current_self,no sleep / distracted / exploratory,,high,True,19,8,9
https://www.reddit.com/r/TheMallWorld/comments/1k734dv/anyone_else_running/,Anyone else running?,mostly_coherent,long_term_recurring,not_mentioned,not_mentioned,,,medium,True,6,5,2
https://www.reddit.com/r/TheMallWorld/comments/1k73rje/glad_to_find_this_sub_and_my_mallworld/,Glad to find this sub! And... My MallWorld:,partially_coherent,long_term_recurring,not_mentioned,not_mentioned,,,medium,True,2,3,1
https://www.reddit.com/r/TheMallWorld/comments/1k7qshx/interesting_mall_world_dream_last_night/,Interesting mall world dream last night,partially_coherent,not_mentioned,not_mentioned,current_self,,I’m still thinking about the mall though.,medium,True,6,3,3
https://www.reddit.com/r/TheMallWorld/comments/1k7x1lb/could_someone_help_me_understand_what_i_have_been/,Could someone help me understand what I have been experiencing in my dreams or any help?,highly_coherent,long_term_recurring,looping,current_self,,,medium,True,10,1,6
https://www.reddit.com/r/TheMallWorld/comments/1k7xn00/anyone_else_visit_this_massive_movie_theater/,Anyone else visit this massive movie theater?,single_location,recurring,not_mentioned,not_mentioned,,,medium,False,1,0,1
https://www.reddit.com/r/TheMallWorld/comments/1k825s9/training_facility/,Training facility?,not_enough_info,not_mentioned,not_mentioned,not_mentioned,not_mentioned,not_mentioned,medium,True,1,2,3
https://www.reddit.com/r/TheMallWorld/comments/1k82gdq/naked_yoga_class/,Naked yoga class,single_location,variation,not_mentioned,current_self,,,high,True,2,1,2
https://www.reddit.com/r/TheMallWorld/comments/1k83t9c/magenta_plane/,Magenta plane !,single_location,first_visit,not_mentioned,not_mentioned,,,medium,True,3,1,1
https://www.reddit.com/r/TheMallWorld/comments/1k8qrg5/psychedelics_and_repeated_spaceportairport_dreams/,Psychedelics and repeated spaceport/airport dreams?,mostly_coherent,long_term_recurring,not_mentioned,current_self,not_mentioned,not_mentioned,high,True,1,1,2
https://www.reddit.com/r/TheMallWorld/comments/1k8uakz/water_park_anyone/,Water park anyone?,partially_coherent,not_mentioned,inconsistent,current_self,invited; going to this place,never forgot that dream and that place; feeling it was important,medium,True,3,2,2
https://www.reddit.com/r/TheMallWorld/comments/1k8utk2/dream_self/,Dream self,single_location,first_visit,inconsistent,current_self,hazy whenever I am becoming more lucid,forced me to fully wake up from my dream,medium,True,1,0,2
https://www.reddit.com/r/TheMallWorld/comments/1k8v4lu/anyone_else_my_mall_is_closing_down/,Anyone else? My mall is closing down.,highly_coherent,recurring,not_mentioned,current_self,,"concerned/alarmed about deterioration (""My mall is deteriorating before my eyes!"")",high,True,13,11,3
https://www.reddit.com/r/TheMallWorld/comments/1k8x9jf/hotel_world/,Hotel world ?,not_enough_info,recurring,not_mentioned,current_self,,Very unpleasant.,medium,False,1,0,1
https://www.reddit.com/r/TheMallWorld/comments/1k8xhms/theatres/,Theatres,partially_coherent,long_term_recurring,not_mentioned,not_mentioned,,,medium,True,3,2,2
https://www.reddit.com/r/TheMallWorld/comments/1k9hbm8/anyone_been_to_this_place/,Anyone been to this place?,mostly_coherent,recurring,not_mentioned,not_mentioned,,,medium,True,3,2,3
https://www.reddit.com/r/TheMallWorld/comments/1k9lu83/service_tunnel_that_leads_to_an_outdoor_compound/,service tunnel that leads to an outdoor compound?,partially_coherent,variation,not_mentioned,current_self,,,high,True,3,2,4
https://www.reddit.com/r/TheMallWorld/comments/1k9lz3k/interdimensional_traffickingrecruiters_dream/,Inter-dimensional trafficking/recruiters dream,mostly_coherent,recurring,not_mentioned,current_self,worst sinking feeling,still hasn’t shaken the feeling,medium,True,5,2,4
https://www.reddit.com/r/TheMallWorld/comments/1k9w733/random_places_all_connected/,Random places all connected,mostly_coherent,recurring,not_mentioned,current_self,,frustrated / feeling lost (described as common),medium,True,8,7,3
https://www.reddit.com/r/TheMallWorld/comments/1k9w7a1/i_cant_believe_it/,I can't believe it!,mostly_coherent,long_term_recurring,not_mentioned,current_self,,can't believe it / astonished (finding others),high,True,17,1,2
https://www.reddit.com/r/TheMallWorld/comments/1k9xlz5/starting_to_feel_more_familiar/,Starting to feel more familiar,mostly_coherent,recurring,not_mentioned,not_mentioned,,,medium,True,5,1,1
https://www.reddit.com/r/TheMallWorld/comments/1ka5luc/written_warning_and_reprimand_in_mallworld/,Written Warning And Reprimand In Mallworld.,single_location,recurring,normal,current_self,,,high,False,2,0,2
https://www.reddit.com/r/TheMallWorld/comments/1ka5w9s/dream_about_lava/,Dream about lava,single_location,not_mentioned,not_mentioned,child_self,,,medium,True,2,0,1
https://www.reddit.com/r/TheMallWorld/comments/1ka8v4q/i_often_return_to_this_nonsensical_mixture_of/,I often return to this nonsensical mixture of Costco and Home Depot,single_location,recurring,not_mentioned,current_self,,,medium,True,1,0,2
https://www.reddit.com/r/TheMallWorld/comments/1ka9e71/had_a_stressful_travel_dream_in_one_of_my_usual/,"Had a stressful travel dream in one of my usual vehicles &amp; airports, but it was…my husband’s dream?",partially_coherent,recurring,not_mentioned,multiple,,panicking,medium,True,2,1,3
https://www.reddit.com/r/TheMallWorld/comments/1kabimg/the_elevator_almost_got_me_again/,The elevator almost got me again!,not_enough_info,recurring,compressed,not_mentioned,I hate the elevators in these dreams.,immediately wake up,high,True,2,1,2
https://www.reddit.com/r/TheMallWorld/comments/1kactk5/awake_in_mallworld_in_the_elevator/,Awake in Mallworld in the elevator.,partially_coherent,not_mentioned,not_mentioned,current_self,,,medium,True,5,4,5
https://www.reddit.com/r/TheMallWorld/comments/1kafpxk/i_have_dreams_of_my_grocery_store_but_its_not/,I have dreams of my grocery store but it’s not just a grocery store.. and a giant airport,mostly_coherent,long_term_recurring,not_mentioned,current_self,,,medium,True,11,9,2
https://www.reddit.com/r/TheMallWorld/comments/1kakp2g/giant_warehouse/,Giant Warehouse,mostly_coherent,long_term_recurring,not_mentioned,not_mentioned,,,medium,True,3,2,0
https://www.reddit.com/r/TheMallWorld/comments/1kal7zv/planes/,Planes,mostly_coherent,long_term_recurring,not_mentioned,current_self,,,medium,True,5,5,2
https://www.reddit.com/r/TheMallWorld/comments/1kalewa/reocurring_dream/,Reocurring dream,partially_coherent,recurring,not_mentioned,not_mentioned,,,medium,True,5,2,0
https://www.reddit.com/r/TheMallWorld/comments/1kasbb7/onion_factory/,Onion Factory,single_location,not_mentioned,not_mentioned,child_self,,,medium,True,2,0,2
https://www.reddit.com/r/TheMallWorld/comments/1kauket/had_this_dream_a_few_weeks_ago_i_wrote_it_down_so/,Had this dream a few weeks ago. I wrote it down so i couldn't forget it. I swear I feel different about how I manage stress after this,mostly_coherent,variation,frozen,different_person,"weary, stressed; seeking escape/quiet","lighter, rested, at ease; smiling",high,True,7,7,8
https://www.reddit.com/r/TheMallWorld/comments/1kb5jfd/giant_infinite_tree_of_golden_light_dream/,Giant infinite tree of golden light dream,single_location,not_mentioned,not_mentioned,current_self,,,medium,True,1,0,1
https://www.reddit.com/r/TheMallWorld/comments/1kb8vw9/havent_been_here_in_a_while/,Haven't been here in a while:,mostly_coherent,recurring,not_mentioned,current_self,,,medium,True,3,0,1
https://www.reddit.com/r/TheMallWorld/comments/1kbxj7b/last_night/,Last night,partially_coherent,not_mentioned,not_mentioned,current_self,not mentioned (driving; fear begins with first drop/rain-snow),fear/panic; screamed awake,medium,True,2,1,3
https://www.reddit.com/r/TheMallWorld/comments/1kc7vrz/the_red_hotel/,The red hotel,single_location,not_mentioned,not_mentioned,not_mentioned,,woke up after entity turned toward dreamer,high,True,2,1,2
https://www.reddit.com/r/TheMallWorld/comments/1kc8c3s/stepped_toilet/,Stepped Toilet,single_location,not_mentioned,not_mentioned,current_self,,,medium,True,3,1,2
https://www.reddit.com/r/TheMallWorld/comments/1kcji40/the_dream_that_started_it_all/,The Dream That Started it All,partially_coherent,long_term_recurring,not_mentioned,child_self,,woke up in a cold sweat,high,True,4,1,5
https://www.reddit.com/r/TheMallWorld/comments/1kckrrm/intruders_in_intergalactic_school_world/,Intruders in intergalactic school world,mostly_coherent,long_term_recurring,not_mentioned,current_self,Relaxed and happy on a regular school day (typical for this dream setting),Sleep paralysis after hearing intruder's last words; felt like waking too early/forced to wake,medium,True,5,0,5
https://www.reddit.com/r/TheMallWorld/comments/1kcq4th/inception_style_dreams_about_dreaming_and/,"Inception style dreams about dreaming, and explaining these dreamdreams to the other dream characters",partially_coherent,not_mentioned,not_mentioned,current_self,,,medium,True,3,2,4
https://www.reddit.com/r/TheMallWorld/comments/1kcunn5/did_anyone_had_this_dream_once_and_had_it_again/,did anyone had this dream once and had it again but in the future?,partially_coherent,long_term_recurring,not_mentioned,observer_only,,,medium,True,3,2,5
https://www.reddit.com/r/TheMallWorld/comments/1kcxjk4/ominous_church_in_the_clouds_up_in_the_sky/,Ominous church in the clouds up in the sky,single_location,not_mentioned,not_mentioned,child_self,,,medium,True,1,1,1
https://www.reddit.com/r/TheMallWorld/comments/1kd0km1/ozzy_osborne_signing_autographs_in_mall_world/,Ozzy Osborne signing autographs in mall world,partially_coherent,recurring,inconsistent,current_self,,,high,True,2,1,4
https://www.reddit.com/r/TheMallWorld/comments/1kd4s41/has_anyone_dreamed_this/,Has anyone dreamed this ?,mostly_coherent,not_mentioned,inconsistent,current_self,,,high,True,5,4,6
https://www.reddit.com/r/TheMallWorld/comments/1kdbnvo/turns_out_my_mall_world_is_based_off_a_mall_i/,Turns out my Mall World is based off a mall I used to go to as a child.,single_location,recurring,not_mentioned,not_mentioned,,,medium,False,1,0,1
https://www.reddit.com/r/TheMallWorld/comments/1kdbuxv/recurring_dream_in_a_flea_market_farmers_market/,Recurring dream in a flea market / farmers market setting,partially_coherent,recurring,not_mentioned,not_mentioned,,,medium,True,3,2,3
https://www.reddit.com/r/TheMallWorld/comments/1kdffmn/for_some_reason_everytime_in_my_dreams_if_i_go/,"For some reason everytime in my dreams if i go too far away from where the dream started i end up at a gas station that looks like this, Nothing else is nearby, just mountains nearby and nothing else,",not_enough_info,recurring,not_mentioned,not_mentioned,,,medium,True,2,1,0
https://www.reddit.com/r/TheMallWorld/comments/1kdwa64/i_finally_returned_to_mallworld_after_months_of/,I finally returned to MallWorld after months of being unable to,mostly_coherent,recurring,not_mentioned,current_self,KNEW I was back; stoic/observing,sadly it ends there; vivid return after months,high,True,6,6,7
https://www.reddit.com/r/TheMallWorld/comments/1ke676b/mall_dream/,Mall dream,partially_coherent,long_term_recurring,not_mentioned,current_self,,fear/near-death sensation then waking (described as 'felt so real'),medium,True,9,4,3
https://www.reddit.com/r/TheMallWorld/comments/1ke8b5b/the_skyscraper_with_outdoor_tiered_stages_on_the/,The skyscraper with outdoor tiered stages on the side of it,single_location,not_mentioned,not_mentioned,not_mentioned,,,medium,True,3,0,1
https://www.reddit.com/r/TheMallWorld/comments/1ke9foa/airportseaport_dreams_turned_megalophobic/,airport/seaport dreams turned megalophobic nightmare,mostly_coherent,recurring,not_mentioned,not_mentioned,,scared,medium,True,7,7,5
https://www.reddit.com/r/TheMallWorld/comments/1kevf0q/looks_familiar/,Looks familiar?,single_location,not_mentioned,not_mentioned,not_mentioned,,,medium,True,2,0,0
https://www.reddit.com/r/TheMallWorld/comments/1kewzdg/sleeping_in_the_ocean/,Sleeping in the Ocean,single_location,first_visit,not_mentioned,current_self,not_mentioned,not_mentioned,high,False,1,0,2
https://www.reddit.com/r/TheMallWorld/comments/1kfaqlv/weird_holy_hell_in_handbasket/,Weird holy hell in handbasket,partially_coherent,recurring,not_mentioned,current_self,,,medium,True,3,0,3
https://www.reddit.com/r/TheMallWorld/comments/1kffgg3/steep_beach/,Steep Beach,single_location,long_term_recurring,not_mentioned,current_self,,,high,True,1,0,3
https://www.reddit.com/r/TheMallWorld/comments/1kfgxzr/solarpunk_rebellion_plot_in_my_dreams/,Solarpunk rebellion plot in my dreams?,mostly_coherent,long_term_recurring,not_mentioned,not_mentioned,,,medium,True,2,1,2
https://www.reddit.com/r/TheMallWorld/comments/1kfvi5a/sleep_paralysis_within_a_dreams_dream/,Sleep paralysis within a dream’s dream?,not_enough_info,recurring,not_mentioned,not_mentioned,,,minimal,False,1,1,2
https://www.reddit.com/r/TheMallWorld/comments/1kg31pw/outdoor_mall_like_orange_county_mall/,"Outdoor Mall, like Orange County Mall",mostly_coherent,recurring,normal,current_self,,"Peaceful; 'nice to be ""home"" again'",high,True,7,4,3
https://www.reddit.com/r/TheMallWorld/comments/1kgirzo/trying_to_explain_mallworld_to_dream_people/,trying to explain mallworld to dream people,not_enough_info,long_term_recurring,not_mentioned,current_self,,,medium,False,1,0,3
https://www.reddit.com/r/TheMallWorld/comments/1kgk5zk/same_dream_for_a_month_resident_evil_ramp/,Same dream for a month; Resident Evil ramp,single_location,recurring,not_mentioned,current_self,,,medium,True,1,0,1
https://www.reddit.com/r/TheMallWorld/comments/1kgmqs4/my_latest_mall_world_dream/,My latest Mall world dream,mostly_coherent,recurring,normal,current_self,,woke up; awake around 4am; took awhile to fall back asleep; no more dreams,high,True,5,4,7
https://www.reddit.com/r/TheMallWorld/comments/1kgwpqm/has_anybody_been_to_farm_world/,"Has anybody been to "" farm world""?",mostly_coherent,recurring,normal,current_self,,feeling like I wasn't supposed to be there intensified,high,True,4,3,3
https://www.reddit.com/r/TheMallWorld/comments/1kgwskf/the_mall_world_basketball_stadium/,The Mall World Basketball 🏀 Stadium,mostly_coherent,variation,normal,current_self,sleepy,not_mentioned,high,True,4,3,4
https://www.reddit.com/r/TheMallWorld/comments/1kh942d/dreamt_i_was_in_a_clean_recently_abandoned_mall/,"Dreamt I was in a clean, recently abandoned mall",single_location,not_mentioned,not_mentioned,observer_only,,,medium,True,3,2,3
https://www.reddit.com/r/TheMallWorld/comments/1khmr48/the_night_markets/,The night markets,mostly_coherent,variation,looping,current_self,,,medium,True,1,1,2
https://www.reddit.com/r/TheMallWorld/comments/1khtthx/new_part_of_mall_unlocked/,New part of mall unlocked,single_location,recurring,not_mentioned,not_mentioned,,,medium,True,2,1,1
https://www.reddit.com/r/TheMallWorld/comments/1ki4eh5/anyone_in_a_shooting_last_night/,Anyone in a shooting last night?,partially_coherent,not_mentioned,not_mentioned,current_self,,One of the worst dreams I’ve ever had in my life; felt like actually died,medium,True,2,1,4
https://www.reddit.com/r/TheMallWorld/comments/1ki8yy9/apocalypse_dream/,Apocalypse dream,single_location,not_mentioned,compressed,current_self,,woke up after blast/aftermath,medium,True,2,0,2
https://www.reddit.com/r/TheMallWorld/comments/1kibdwo/sorry_for_stealing_your_car/,sorry for stealing your car :(,partially_coherent,recurring,not_mentioned,current_self,,sorry,medium,True,2,0,1
https://www.reddit.com/r/TheMallWorld/comments/1o5j1vz/the_mcdonalds_field/,The McDonald's Field,single_location,not_mentioned,not_mentioned,child_self,,goosebumps (upon recalling/comparing),medium,True,2,1,1
https://www.reddit.com/r/TheMallWorld/comments/1o5jddu/trapped_in_a_neighborhood_while_being_hunted_by/,Trapped in a neighborhood while being hunted by someone,partially_coherent,recurring,not_mentioned,current_self,awareness that someone is trying to kill me,,medium,True,2,1,1
https://www.reddit.com/r/TheMallWorld/comments/1o5jgee/my_mall_world_visited_twice_second_time_i_was_not/,"My Mall World - visited twice, second time I was not welcome",mostly_coherent,recurring,not_mentioned,current_self,,,medium,True,8,5,5
https://www.reddit.com/r/TheMallWorld/comments/1o5khgo/mallworld_hotel/,MallWorld Hotel,partially_coherent,recurring,normal,current_self,,,medium,True,3,0,3
https://www.reddit.com/r/TheMallWorld/comments/1o5pl9x/its_an_interesting_place_to_experience/,It's an interesting place to experience,single_location,first_visit,not_mentioned,current_self,,,medium,False,1,0,5
https://www.reddit.com/r/TheMallWorld/comments/1o5s25u/i_remembered_the_name_of_a_bar/,I remembered the name of a bar!,single_location,not_mentioned,not_mentioned,not_mentioned,,,medium,True,2,1,1
https://www.reddit.com/r/TheMallWorld/comments/1o5wvh9/anyone_else_like_me/,anyone else like me?,mostly_coherent,long_term_recurring,not_mentioned,current_self,,,medium,True,10,2,5
https://www.reddit.com/r/TheMallWorld/comments/1o61816/a_map_i_made_of_mallworld_in_2006/,A map I made of Mallworld in 2006,mostly_coherent,long_term_recurring,not_mentioned,not_mentioned,,,medium,True,19,4,0
https://www.reddit.com/r/TheMallWorld/comments/1o61m7t/doorways_crawlspaces_or_attics_that_lead_to/,"Doorways, Crawlspaces, or Attics That Lead to Terrifying Halls?",mostly_coherent,recurring,normal,current_self,,fear/dread; urgency to leave,high,True,6,4,5
https://www.reddit.com/r/TheMallWorld/comments/1o61wtc/luigis_mansion_esque_hotel/,Luigi’s mansion esque hotel,partially_coherent,recurring,not_mentioned,not_mentioned,,,medium,True,4,2,4
https://www.reddit.com/r/TheMallWorld/comments/1o62pd7/water_park/,Water park,partially_coherent,recurring,not_mentioned,not_mentioned,,,medium,True,8,6,0
https://www.reddit.com/r/TheMallWorld/comments/1o62zeg/i_thought_i_was_alone_for_decades/,I thought I was alone for decades.,mostly_coherent,long_term_recurring,not_mentioned,current_self,,,medium,True,6,2,5
https://www.reddit.com/r/TheMallWorld/comments/1o6767y/mall_world_train_station/,mall world train station,mostly_coherent,long_term_recurring,not_mentioned,current_self,,scared (wakes up after being shot),medium,True,7,6,3
https://www.reddit.com/r/TheMallWorld/comments/1o67h9t/uk_mall_world_realm/,Uk Mall World Realm,mostly_coherent,long_term_recurring,not_mentioned,not_mentioned,,,high,True,11,6,2
https://www.reddit.com/r/TheMallWorld/comments/1o67wqj/mallworld_a_soon_to_be_verified_natural_phenomena/,Mallworld: A soon to be verified natural phenomena.,mostly_coherent,long_term_recurring,not_mentioned,current_self,ambivalent/intrigued; a little scared/superstitious (re: Mallworld topic),not_mentioned,medium,True,18,6,14
https://www.reddit.com/r/TheMallWorld/comments/1o69wce/strange_clues_in_last_nights_dream/,Strange clues in last night's dream,partially_coherent,not_mentioned,compressed,current_self,,curious / questioning (woke and looked for answers),medium,True,6,4,7
https://www.reddit.com/r/TheMallWorld/comments/1o6esiv/the_lighthouse/,“The lighthouse”,partially_coherent,not_mentioned,not_mentioned,current_self,,,medium,True,3,2,2
https://www.reddit.com/r/TheMallWorld/comments/1o6fyc8/the_school/,The school,single_location,long_term_recurring,not_mentioned,not_mentioned,,,medium,True,2,1,4
https://www.reddit.com/r/TheMallWorld/comments/1o6h2z2/pink_drink_gate/,Pink drink GATE,single_location,not_mentioned,not_mentioned,not_mentioned,not_mentioned,not_mentioned,minimal,False,1,0,1
https://www.reddit.com/r/TheMallWorld/comments/1o6ngkm/i_went_to_a_mall_like_this_2_nights_ago_but_i/,"I went to a mall like this 2 nights ago, but I think it was in NYC. When I was in the mall I could barely move or walk or speak. I could barely get up . Has anyone been here?",single_location,not_mentioned,not_mentioned,current_self,,,medium,True,1,0,1
https://www.reddit.com/r/TheMallWorld/comments/1o6ooo5/a_new_home/,A New Home,mostly_coherent,recurring,not_mentioned,current_self,,,high,True,5,3,1
https://www.reddit.com/r/TheMallWorld/comments/1o6qnlw/schools_and_the_theater/,Schools and the theater,mostly_coherent,long_term_recurring,not_mentioned,current_self,,nostalgic (on later waking visit; dream emotion not explicitly stated),medium,True,7,3,4
https://www.reddit.com/r/TheMallWorld/comments/1o6t2ci/anyone_else_having_outdoor_arcade_dreams/,Anyone else having outdoor arcade dreams?,single_location,recurring,not_mentioned,not_mentioned,,,medium,True,1,0,1
https://www.reddit.com/r/TheMallWorld/comments/1o6tl9y/the_train_on_the_way_to_the_mall_with_a_small/,The train on the way to the Mall with a small tourist town on the way. Stopped their once...,not_enough_info,variation,not_mentioned,current_self,,,low,True,3,1,3
https://www.reddit.com/r/TheMallWorld/comments/1o6tuw6/new_location/,New Location,mostly_coherent,recurring,not_mentioned,not_mentioned,,,medium,True,7,0,1
https://www.reddit.com/r/TheMallWorld/comments/1o6v0px/met_up_with_my_ex_in_mall_world/,Met up with my ex in Mall World,mostly_coherent,long_term_recurring,not_mentioned,current_self,,,medium,True,8,4,3
https://www.reddit.com/r/TheMallWorld/comments/1o710kp/surreal_entertainment/,Surreal Entertainment,partially_coherent,not_mentioned,not_mentioned,current_self,,,medium,True,4,1,3
https://www.reddit.com/r/TheMallWorld/comments/1o719kd/wow_i_just_discovered_this_mall_world_phenomenon/,Wow I just discovered this mall world phenomenon. I had dreamed of this 4 times in the past 7 years.,mostly_coherent,recurring,not_mentioned,not_mentioned,,not_mentioned,medium,True,6,5,5
https://www.reddit.com/r/TheMallWorld/comments/1o71n53/the_siege_of_mallworld/,The Siege Of Mallworld,partially_coherent,long_term_recurring,compressed,multiple,exhilaration mixed with euphoria and liberation (first Mallworld escape); later panic in stadium event,fully alert and awake (after second wake); later panic/urgency to escape during stadium event,medium,True,10,6,9
https://www.reddit.com/r/TheMallWorld/comments/1o73qg3/my_drawings_of_what_ive_seen/,My drawings of what I’ve seen,mostly_coherent,not_mentioned,not_mentioned,not_mentioned,,,medium,True,3,2,1
https://www.reddit.com/r/TheMallWorld/comments/1o7obtj/anyone_else_noticed_an_uptick_in_space_nz1s_in/,Anyone else noticed an uptick in Space N@z1s in Mall World recently?,not_enough_info,recurring,not_mentioned,not_mentioned,not_mentioned,stress,medium,False,1,0,1
https://www.reddit.com/r/TheMallWorld/comments/1o7t3r0/thought_my_dog_was_still_alive/,Thought my dog was still alive,mostly_coherent,long_term_recurring,not_mentioned,current_self,,confused/so weird,medium,True,3,0,2
https://www.reddit.com/r/TheMallWorld/comments/1o7vmiy/the_room_and_the_man/,The room and the man,mostly_coherent,recurring,not_mentioned,current_self,,,medium,True,1,1,4
https://www.reddit.com/r/TheMallWorld/comments/1o7wtev/this_was_two_nights_ago/,This was two nights ago..,partially_coherent,recurring,normal,current_self,,freaked out; woke up,high,True,4,3,7
https://www.reddit.com/r/TheMallWorld/comments/1o83cyu/i_have_gone_to_mall_world_for_as_long_as_i_can/,I have gone to Mall World for as long as I can remember,highly_coherent,long_term_recurring,not_mentioned,current_self,,,medium,True,6,5,3
https://www.reddit.com/r/TheMallWorld/comments/1o86l2k/weird_aialien_guy_at_the_empty_hanger_in_mall/,Weird Ai/Alien guy at the empty Hanger in Mall World,single_location,not_mentioned,not_mentioned,current_self,,woke up after entity started glitching,medium,True,1,0,2
https://www.reddit.com/r/TheMallWorld/comments/1o8agm5/escape_mall_world_via_noclip_plus_picture/,escape mall world via noclip? plus picture depicting the wasteland outside of the casino that looked like an infinant mall.,partially_coherent,long_term_recurring,not_mentioned,current_self,,,medium,True,9,6,3
https://www.reddit.com/r/TheMallWorld/comments/1o8gyix/strip_mall/,Strip Mall,partially_coherent,recurring,not_mentioned,current_self,,,medium,True,5,2,2
https://www.reddit.com/r/TheMallWorld/comments/1o8juip/missed_my_flight/,Missed my flight,partially_coherent,recurring,not_mentioned,current_self,,,medium,True,4,1,2
https://www.reddit.com/r/TheMallWorld/comments/1o8o8c5/country_house/,Country house,mostly_coherent,not_mentioned,not_mentioned,not_mentioned,"being chased / fear (dark out, chased)",,medium,True,6,4,6
https://www.reddit.com/r/TheMallWorld/comments/1o8s3tg/every_time_i_dream_of_this_giant_mall_this_is_the/,"Every time I dream of this giant mall, this is the store I always visit first (described through meta Ai)",single_location,recurring,not_mentioned,not_mentioned,,,medium,False,1,0,2
https://www.reddit.com/r/TheMallWorld/comments/1o8soma/dream_locations/,Dream locations,partially_coherent,recurring,not_mentioned,current_self,,,medium,True,8,6,3
https://www.reddit.com/r/TheMallWorld/comments/1o8ssn8/ended_up_in_a_place_from_my_dreamworld_in_real/,Ended up in a place from my dreamworld in real life… decided to finally post about it.,mostly_coherent,recurring,not_mentioned,current_self,restless; hearing a woman's voice singing,shock; disbelief; uncanny nostalgia; chills,medium,True,8,7,9
https://www.reddit.com/r/TheMallWorld/comments/1o91wbl/the_siege_of_mallworld/,The Siege Of Mallworld,mostly_coherent,long_term_recurring,compressed,multiple,exhilaration/euphoria/liberation during first escape; later unnerved on reentry; panic in amphitheater incident,not_mentioned,medium,True,9,7,6
https://www.reddit.com/r/TheMallWorld/comments/1o94tz2/have_you_seen_this_dream_location/,Have you seen this dream location?,mostly_coherent,recurring,not_mentioned,current_self,,,medium,True,3,2,4
https://www.reddit.com/r/TheMallWorld/comments/1o98a59/graveyardcemetery/,Graveyard/cemetery,mostly_coherent,long_term_recurring,not_mentioned,current_self,,,high,True,6,5,5
https://www.reddit.com/r/TheMallWorld/comments/1o9ed3a/was_any_else_lost_in_mall_world/,Was any else Lost in mall world ?,mostly_coherent,variation,inconsistent,current_self,lost / trapped in mall after it closed,,high,True,6,6,8
https://www.reddit.com/r/TheMallWorld/comments/1o9y2xq/i_love_ma_world/,I love ma world,partially_coherent,recurring,not_mentioned,not_mentioned,peaceful / wish to live there,,medium,True,3,0,2
https://www.reddit.com/r/TheMallWorld/comments/1oa6sq3/water_water_everywhere/,"Water, water everywhere",partially_coherent,long_term_recurring,not_mentioned,current_self,,not_mentioned,high,True,7,3,9
https://www.reddit.com/r/TheMallWorld/comments/1oa77q9/the_underground_apartment_complex/,The underground apartment complex,mostly_coherent,recurring,not_mentioned,current_self,,woke up in a jolt,high,True,2,1,3
https://www.reddit.com/r/TheMallWorld/comments/1oa7rde/mallworld_entities/,Mallworld entities,partially_coherent,long_term_recurring,not_mentioned,child_self,,fear/freaked out; jolts awake,medium,True,3,2,3
https://www.reddit.com/r/TheMallWorld/comments/1oak8hc/years_old_question_answered_by_mall_person/,Years old question answered by mall person,single_location,not_mentioned,not_mentioned,current_self,,,medium,False,1,0,1
https://www.reddit.com/r/TheMallWorld/comments/1oanyyj/my_latest_malldreams/,My latest Mall-Dreams,single_location,not_mentioned,inconsistent,not_mentioned,,,medium,True,2,1,1
https://www.reddit.com/r/TheMallWorld/comments/1oas2dn/looking_for_feedback/,Looking for feedback,single_location,not_mentioned,compressed,current_self,,,medium,True,1,0,4
https://www.reddit.com/r/TheMallWorld/comments/1ob0lck/have_you_seen_this_woman/,have you seen this woman?!,partially_coherent,long_term_recurring,not_mentioned,not_mentioned,,,medium,True,2,0,4
https://www.reddit.com/r/TheMallWorld/comments/1ob0qih/more_dreams_less_details/,more dreams less details,not_enough_info,long_term_recurring,not_mentioned,not_mentioned,,,low,False,1,0,1
https://www.reddit.com/r/TheMallWorld/comments/1ob1doh/hotel_world_decorated_meeting_up_with_the_deceased/,Hotel world Decorated. Meeting up with the deceased?,mostly_coherent,recurring,not_mentioned,current_self,,confused,medium,True,4,3,4
https://www.reddit.com/r/TheMallWorld/comments/1ob2z9x/the_bunk_bed_room/,The bunk bed room,mostly_coherent,long_term_recurring,not_mentioned,not_mentioned,,,medium,True,3,2,2
https://www.reddit.com/r/TheMallWorld/comments/1ob3354/the_weather_outside_mall/,The weather outside mall,single_location,recurring,not_mentioned,not_mentioned,,,medium,True,1,1,1
https://www.reddit.com/r/TheMallWorld/comments/1ob405x/coffeeshop_cafe_boarded_up/,coffeeshop / cafe - boarded up,highly_coherent,long_term_recurring,not_mentioned,current_self,,,high,True,5,3,3
https://www.reddit.com/r/TheMallWorld/comments/1ob7qnm/new_bathroom_experience/,New bathroom experience?,single_location,recurring,not_mentioned,not_mentioned,,,medium,True,2,1,1
https://www.reddit.com/r/TheMallWorld/comments/1obay95/some_stuff_i_wrote_about_my_recurring_dream/,some stuff i wrote about my recurring dream locations,partially_coherent,recurring,not_mentioned,not_mentioned,,,medium,True,5,2,5
https://www.reddit.com/r/TheMallWorld/comments/1obfpfs/the_stadium/,The Stadium,mostly_coherent,recurring,not_mentioned,current_self,,eventually wake up,high,True,4,4,6
https://www.reddit.com/r/TheMallWorld/comments/1obhyl1/road_trips_and_family_reunions/,Road Trips and Family Reunions,partially_coherent,recurring,not_mentioned,current_self,,,medium,True,4,2,4
https://www.reddit.com/r/TheMallWorld/comments/1oc8pnw/the_backrooms_and_mallworld_dream_blocks_feeling/,The Backrooms and Mallworld / Dream Blocks / Feeling of Where I’m Meant to Be,partially_coherent,variation,not_mentioned,current_self,,,medium,True,5,2,2
https://www.reddit.com/r/TheMallWorld/comments/1ocfwa1/i_met_someone_in_the_mall/,I met someone in The Mall,single_location,recurring,not_mentioned,current_self,,,medium,True,1,0,1
https://www.reddit.com/r/TheMallWorld/comments/1ocvivn/girl_with_yellow_barrette/,Girl with Yellow Barrette,partially_coherent,long_term_recurring,not_mentioned,current_self,,starting to lose connection; waking up,high,True,3,2,5
https://www.reddit.com/r/TheMallWorld/comments/1od0yrh/bronze_mall/,Bronze Mall,mostly_coherent,recurring,not_mentioned,not_mentioned,,,medium,True,2,3,2
https://www.reddit.com/r/TheMallWorld/comments/1od5ddh/college_dorms/,College Dorms,partially_coherent,recurring,not_mentioned,current_self,,,medium,True,1,0,2
https://www.reddit.com/r/TheMallWorld/comments/1od7jp4/normal_house_that_gets_crazier_as_you_go_up_to/,Normal house that gets crazier as you go up to the higher floors,mostly_coherent,first_visit,normal,current_self,,,high,True,6,7,4
https://www.reddit.com/r/TheMallWorld/comments/1od8ixx/multiple_tornadoes/,Multiple tornadoes,single_location,not_mentioned,not_mentioned,not_mentioned,,,medium,True,3,2,2
https://www.reddit.com/r/TheMallWorld/comments/1oda8va/anyone_visit_the_island/,"Anyone visit the ""Island?""",mostly_coherent,recurring,not_mentioned,not_mentioned,,,medium,True,11,4,4
https://www.reddit.com/r/TheMallWorld/comments/1odcfp8/escalator_story_thread/,Escalator story thread,partially_coherent,long_term_recurring,not_mentioned,current_self,,,medium,True,5,3,3
https://www.reddit.com/r/TheMallWorld/comments/1odeqla/abandoned_house_tall_bridge_campground_park/,"Abandoned House, Tall Bridge, Campground, Park &amp; Beach/Tidal Wave",mostly_coherent,long_term_recurring,not_mentioned,multiple,,panic (often); sometimes wakes before impact; one recent dream ends with death after wave impact,high,True,6,2,9
https://www.reddit.com/r/TheMallWorld/comments/1odfp84/mallworld/,Mallworld,mostly_coherent,recurring,not_mentioned,current_self,panicked and crying,,medium,True,3,0,3
https://www.reddit.com/r/TheMallWorld/comments/1odkwoh/my_recurring_locations/,My Recurring Locations,mostly_coherent,long_term_recurring,not_mentioned,current_self,,,high,True,17,13,9
https://www.reddit.com/r/TheMallWorld/comments/1odlkpm/ever_go_into_the_woods_and_end_up_here/,Ever go into the woods and end up here?,mostly_coherent,recurring,not_mentioned,not_mentioned,,,medium,True,6,5,0
https://www.reddit.com/r/TheMallWorld/comments/1odna5q/anyone_been_here_its_the_top_floor_of_the_casino/,Anyone been here? It’s the top floor of the casino once you take the elevator all the way,mostly_coherent,not_mentioned,not_mentioned,not_mentioned,,,medium,True,2,1,2
https://www.reddit.com/r/TheMallWorld/comments/1odsr2q/mall_world_apartments_homes_dorms/,"Mall World apartments, homes, dorms",mostly_coherent,long_term_recurring,not_mentioned,current_self,,,high,True,13,7,3
https://www.reddit.com/r/TheMallWorld/comments/1oe8x48/chuck_e_cheese_in_your_mall_world/,Chuck e Cheese in your Mall World??,partially_coherent,not_mentioned,not_mentioned,not_mentioned,,woke up before going beyond the school,medium,True,3,2,4
https://www.reddit.com/r/TheMallWorld/comments/1ofmlwy/busting_through_a_closet_then_accessing_the_roof/,Busting through a closet then accessing the roof wooden cement realm feeling,partially_coherent,recurring,not_mentioned,current_self,,,medium,True,6,5,5
https://www.reddit.com/r/TheMallWorld/comments/1ofqwkv/located_a_real_person_outside_of_mall_world/,Located a real person outside of mall world,highly_coherent,long_term_recurring,inconsistent,current_self,,woke up suddenly,high,True,8,2,7
https://www.reddit.com/r/TheMallWorld/comments/1oft54e/the_moon_exploded/,The moon exploded,single_location,not_mentioned,normal,current_self,,frightened,high,True,2,0,1
https://www.reddit.com/r/TheMallWorld/comments/1oggkek/my_mallworld_experience/,My MallWorld experience,mostly_coherent,first_visit,inconsistent,current_self,not_mentioned,freaked out; woke with tears; jolted awake,high,True,8,4,10
https://www.reddit.com/r/TheMallWorld/comments/1ogxek8/new_irish_pub/,New Irish Pub?,mostly_coherent,recurring,not_mentioned,current_self,,,high,True,4,3,4
https://www.reddit.com/r/TheMallWorld/comments/1ogz1l2/well_that_wasnt_fun/,Well that wasn't fun,partially_coherent,not_mentioned,not_mentioned,current_self,,guilt and fear of being caught,high,True,3,2,6
https://www.reddit.com/r/TheMallWorld/comments/1oh2g0x/places_ive_visited_in_my_dreams_the_last_week/,Places I’ve visited in my dreams the last week,partially_coherent,variation,not_mentioned,not_mentioned,,,medium,True,9,4,5
https://www.reddit.com/r/TheMallWorld/comments/1oh7n3m/a_dream_where_i_acted_so_like_my_real_self/,A dream where I acted so like my real self,single_location,not_mentioned,normal,current_self,,ran out,high,True,1,0,4
https://www.reddit.com/r/TheMallWorld/comments/1oh9z16/hiding_in_the_changing_rooms_or_clothing_racks/,Hiding in the changing rooms or clothing racks,single_location,recurring,not_mentioned,current_self,being chased; hiding,,medium,True,2,1,2
https://www.reddit.com/r/TheMallWorld/comments/1ohc6sn/did_mall_world_get_clean_bathrooms_or_am_i/,Did Mall world get clean bathrooms or am I tripping?,mostly_coherent,recurring,inconsistent,current_self,confused/stressed about finding classes,freaked out,high,True,8,5,9
https://www.reddit.com/r/TheMallWorld/comments/1ohedqt/the_elevators_i_had_a_breakthrough_last_night/,The elevators! I had a breakthrough last night.,mostly_coherent,recurring,not_mentioned,current_self,overwhelming feeling the elevator would go crazy and scare me; dread,excited; felt like a breakthrough,high,True,3,3,5
https://www.reddit.com/r/TheMallWorld/comments/1ohk0iq/assassins_in_the_department_store/,Assassins in the department store.,partially_coherent,long_term_recurring,not_mentioned,current_self,not_mentioned,Determined/convicted; woke up with a clear mission to return,medium,True,2,1,4
https://www.reddit.com/r/TheMallWorld/comments/1oi98lg/casino/,Casino,mostly_coherent,long_term_recurring,not_mentioned,not_mentioned,,,high,True,3,2,2
https://www.reddit.com/r/TheMallWorld/comments/1oilhbr/the_locations_within_my_dream_world/,The locations within my dream world,mostly_coherent,long_term_recurring,not_mentioned,current_self,,,medium,True,12,2,4
https://www.reddit.com/r/TheMallWorld/comments/1oitjmn/long_lines_for_transportation_thing_at_mallworld/,Long lines for transportation thing at mallworld ?,single_location,not_mentioned,not_mentioned,current_self,,woke up when got in the tube,high,True,2,1,3
https://www.reddit.com/r/TheMallWorld/comments/1oivzi3/a_room_with_bouncing_lines_on_screens/,A room with bouncing lines on screens.,mostly_coherent,recurring,not_mentioned,current_self,,,medium,True,2,1,3
https://www.reddit.com/r/TheMallWorld/comments/1oj6412/my_partner_says_i_start_fighting_him_when_i_have/,"My partner says I start fighting him when I have the ""running"" mallworld dreams.",not_enough_info,recurring,not_mentioned,current_self,,,medium,True,2,0,3
https://www.reddit.com/r/TheMallWorld/comments/1oj6xh0/industrial_theatre/,Industrial theatre,mostly_coherent,not_mentioned,not_mentioned,younger_self,,,medium,True,4,3,4
https://www.reddit.com/r/TheMallWorld/comments/1oj8ot6/a_person_in_mallworld_explained_why_we_cant/,A person in MallWorld explained why we cant contact each other. Is there a way around it?,partially_coherent,recurring,not_mentioned,current_self,semi-lucid; fear present,,medium,True,2,1,2
https://www.reddit.com/r/TheMallWorld/comments/1ojshze/what_the_hell_is_this_place/,What the hell is this place??,partially_coherent,variation,not_mentioned,current_self,good dream about old dog that passed away,frightened; forced self to wake up to avoid drowning,medium,True,2,1,3
https://www.reddit.com/r/TheMallWorld/comments/1ok8he3/mallworld_city_portals/,Mallworld: city portals*,partially_coherent,long_term_recurring,not_mentioned,current_self,bored and trapped in texas; want to be anywhere but here,wild and fun; pretty cool,medium,True,3,2,2
https://www.reddit.com/r/TheMallWorld/comments/1okmhl0/i_dont_know_if_this_makes_me_feel_better_or_worse/,I don’t know if this makes me feel better or worse.,partially_coherent,long_term_recurring,not_mentioned,current_self,weird,,medium,True,14,3,3
https://www.reddit.com/r/TheMallWorld/comments/1okvmnd/movie_theater_area/,Movie theater area.,mostly_coherent,not_mentioned,normal,current_self,"strange, familiar and distant at the same time",knew it was time to leave,high,True,5,2,5
https://www.reddit.com/r/TheMallWorld/comments/1ol2962/is_anyone_elses_mall_in_mall_world_90s_themed/,Is anyone else’s Mall in Mall World 90’s themed?,partially_coherent,recurring,not_mentioned,current_self,sick; looking for mother,not_mentioned,medium,True,6,5,3
https://www.reddit.com/r/TheMallWorld/comments/1olt8n7/found_a_nightclub_in_mallworld/,Found a nightclub in Mallworld,partially_coherent,not_mentioned,not_mentioned,not_mentioned,,,medium,True,2,2,2
https://www.reddit.com/r/TheMallWorld/comments/1olxql0/the_mallworld_bathrooms_finally_got_cleaned/,The mallworld bathrooms finally got cleaned,not_enough_info,variation,not_mentioned,not_mentioned,,,medium,True,2,0,0
https://www.reddit.com/r/TheMallWorld/comments/1om2jlx/the_slide/,The Slide.,single_location,long_term_recurring,not_mentioned,not_mentioned,,,medium,True,1,0,0
https://www.reddit.com/r/TheMallWorld/comments/1om5q9l/car_issues/,Car issues,partially_coherent,recurring,not_mentioned,not_mentioned,,,medium,True,2,1,5
https://www.reddit.com/r/TheMallWorld/comments/1omc8b6/the_islands/,The Islands,partially_coherent,recurring,not_mentioned,not_mentioned,,,medium,True,3,2,1
https://www.reddit.com/r/TheMallWorld/comments/1omq0t0/plane_crashes/,Plane crashes,partially_coherent,recurring,not_mentioned,current_self,,,medium,True,3,1,3
https://www.reddit.com/r/TheMallWorld/comments/1omsycw/hideout_parking_lot/,Hideout parking lot,mostly_coherent,recurring,not_mentioned,current_self,,,medium,True,5,2,1
https://www.reddit.com/r/TheMallWorld/comments/1omt5n6/hill_neighborhood/,Hill Neighborhood,mostly_coherent,recurring,not_mentioned,current_self,,,high,True,6,3,1
https://www.reddit.com/r/TheMallWorld/comments/1omu0zp/does_anyone_else_have_trouble_dialing_phone/,Does anyone else have trouble dialing phone numbers?,not_enough_info,long_term_recurring,not_mentioned,current_self,,,medium,False,1,0,3
https://www.reddit.com/r/TheMallWorld/comments/1omykxc/endless_suburbia/,Endless suburbia,mostly_coherent,long_term_recurring,compressed,current_self,feeling of unease while walking at night,wakes up terrified (terror subsided with age/repetition),high,True,2,1,5
https://www.reddit.com/r/TheMallWorld/comments/1on4wz7/rough_map/,Rough map,partially_coherent,recurring,not_mentioned,not_mentioned,,,medium,True,6,2,0
https://www.reddit.com/r/TheMallWorld/comments/1on4x44/rough_map/,Rough map,partially_coherent,recurring,not_mentioned,not_mentioned,,,medium,True,5,1,0
https://www.reddit.com/r/TheMallWorld/comments/1on954p/my_experience/,My experience,mostly_coherent,long_term_recurring,not_mentioned,current_self,glad/excited to share; generally comfortable in the mall except certain areas,not_mentioned,high,True,15,8,6
https://www.reddit.com/r/TheMallWorld/comments/1ontwta/i_think_i_might_be_trapped_in_an_area_of_mall/,I think I might be trapped in an area of Mall World,mostly_coherent,long_term_recurring,not_mentioned,not_mentioned,,,medium,True,3,2,1
https://www.reddit.com/r/TheMallWorld/comments/1onyzeo/the_top_floor_is_a_hospital/,the top floor is a hospital,mostly_coherent,not_mentioned,not_mentioned,current_self,,refreshed,medium,True,3,2,0
https://www.reddit.com/r/TheMallWorld/comments/1oo3z4w/mall_world_or_just_a_mall/,Mall world or just a mall?,partially_coherent,first_visit,inconsistent,current_self,anxiety mentioned in waking life; in-dream starts walking in mall,woke up after teleporting to a man's house (different dream),medium,True,6,5,5
https://www.reddit.com/r/TheMallWorld/comments/1oo5ubh/places_in_my_mallworld/,Places in my mallworld,mostly_coherent,long_term_recurring,not_mentioned,not_mentioned,,,medium,True,10,4,3
https://www.reddit.com/r/TheMallWorld/comments/1ooe29r/cant_get_in_the_mall_and_car_trapped_in_garage/,Can’t get in the Mall and car trapped in garage,partially_coherent,long_term_recurring,not_mentioned,not_mentioned,,very strange and very frustrating,medium,True,3,1,3
https://www.reddit.com/r/TheMallWorld/comments/1ooewka/holy_smokes_theres_vampires_in_mallworld/,Holy Smokes There's Vampires In MallWorld? 🤯🧛,partially_coherent,not_mentioned,not_mentioned,not_mentioned,,,high,True,3,2,3
https://www.reddit.com/r/TheMallWorld/comments/1oomibt/my_house_in_mallworld/,My house in MallWorld,not_enough_info,recurring,not_mentioned,not_mentioned,,,high,False,1,0,0
https://www.reddit.com/r/TheMallWorld/comments/1opi6h1/wood_house/,Wood house,partially_coherent,recurring,not_mentioned,current_self,,,medium,True,6,3,2
https://www.reddit.com/r/TheMallWorld/comments/1opnvcw/locker_room/,Locker Room,mostly_coherent,not_mentioned,not_mentioned,not_mentioned,,,medium,True,1,0,3
https://www.reddit.com/r/TheMallWorld/comments/1ops3aq/talking_about_mallworld_in_another_dream/,Talking about MallWorld in another dream,single_location,not_mentioned,compressed,current_self,,felt like i shouldn't have spoken about it,high,False,1,0,1
https://www.reddit.com/r/TheMallWorld/comments/1oqdbn9/new_area_has_anyone_been_here/,New area? Has anyone been here?,mostly_coherent,recurring,not_mentioned,current_self,,woke up when flamethrower went out (fear/urgency implied but not stated),high,True,5,4,6
https://www.reddit.com/r/TheMallWorld/comments/1oqhwsw/hotel_pool_always_closed_for_stupid_reason/,hotel pool always closed for stupid reason,partially_coherent,recurring,inconsistent,not_mentioned,,,medium,True,2,1,3
https://www.reddit.com/r/TheMallWorld/comments/1oqknx0/i_was_todayyearsold_when_i_found_out_about/,I was today-years-old when I found out about Mallworld,partially_coherent,recurring,not_mentioned,not_mentioned,,,medium,True,2,0,2
https://www.reddit.com/r/TheMallWorld/comments/1oqo5fr/does_anyone_else_have_a_post_apocalyptic_mall/,does anyone else have a post apocalyptic mall world?,partially_coherent,recurring,not_mentioned,current_self,,,medium,True,18,2,3
https://www.reddit.com/r/TheMallWorld/comments/1oqvuqw/my_little_sisters_dream_from_last_night_out_of/,"my little sisters dream from last night, out of all 4 of me n my siblings 3 of us go to mall world",partially_coherent,recurring,not_mentioned,not_mentioned,,,medium,True,3,1,3
https://www.reddit.com/r/TheMallWorld/comments/1orc6yr/music_event_last_night/,Music event last night,partially_coherent,not_mentioned,not_mentioned,not_mentioned,,,medium,True,3,3,4
https://www.reddit.com/r/TheMallWorld/comments/1orcsk9/splash_pad_in_the_mall/,Splash Pad In The Mall?,single_location,not_mentioned,not_mentioned,not_mentioned,,,medium,True,2,1,1
https://www.reddit.com/r/TheMallWorld/comments/1orgsg8/aquarium/,Aquarium,mostly_coherent,long_term_recurring,not_mentioned,current_self,,,high,True,11,6,4
https://www.reddit.com/r/TheMallWorld/comments/1orgw00/helicopter_crashhospitalhighway_crashtrain_tracks/,Helicopter Crash-Hospital-Highway Crash-Train Tracks.,partially_coherent,variation,inconsistent,current_self,sinking feeling that it would crash,uneasy; stumped,medium,True,10,8,6
https://www.reddit.com/r/TheMallWorld/comments/1os0wd7/interesting/,Interesting,not_enough_info,not_mentioned,not_mentioned,not_mentioned,,,low,True,2,1,0
https://www.reddit.com/r/TheMallWorld/comments/1os2j38/dream_makers_gonna_make_you_mad/,“Dream Makers” gonna make you mad,single_location,first_visit,not_mentioned,child_self,,,high,True,1,0,5
https://www.reddit.com/r/TheMallWorld/comments/1osmtnv/no_electricity_sundays/,No electricity sundays ??,mostly_coherent,not_mentioned,normal,current_self,,,medium,True,4,2,3
https://www.reddit.com/r/TheMallWorld/comments/1otihdh/futuristic_mall_in_my_neighbourhood/,Futuristic mall in my neighbourhood🤔,partially_coherent,not_mentioned,not_mentioned,current_self,,,medium,True,4,3,0
https://www.reddit.com/r/TheMallWorld/comments/1otjj9b/not_real_jail/,not real jail,partially_coherent,variation,not_mentioned,current_self,,frustrated/rebellious; then waking with last phrase looping,medium,True,2,0,3
https://www.reddit.com/r/TheMallWorld/comments/1ott8rv/ah_the_all_you_can_eat_buffet_place/,"Ah, the ""all you can eat buffet"" place.",mostly_coherent,not_mentioned,not_mentioned,current_self,,felt bad,high,True,7,9,7
https://www.reddit.com/r/TheMallWorld/comments/1otwtza/weird_mall_world_dream/,Weird mall world dream,partially_coherent,recurring,not_mentioned,not_mentioned,,,medium,True,2,1,1
https://www.reddit.com/r/TheMallWorld/comments/1otz6g9/has_anyone_else_drempt_the_skylights_and/,Has anyone else drempt the skylights and waterfalls?,single_location,not_mentioned,not_mentioned,not_mentioned,,,medium,True,2,1,1
https://www.reddit.com/r/TheMallWorld/comments/1ou0jcg/pink_town/,Pink town,single_location,long_term_recurring,not_mentioned,not_mentioned,,pleasant feeling,high,True,1,0,1
https://www.reddit.com/r/TheMallWorld/comments/1ou2gpm/does_anyone_else_have_this_version_of_the_mall/,Does anyone else have this version of the mall,mostly_coherent,not_mentioned,not_mentioned,not_mentioned,,,medium,True,3,2,2
https://www.reddit.com/r/TheMallWorld/comments/1ou2lgb/abandoned_factory_zombie_field_tibetan_mountaintop/,Abandoned Factory // Zombie Field // Tibetan MountainTop,mostly_coherent,recurring,inconsistent,current_self,,"sad, lonely, at peace (after mountaintop vista)",high,True,9,5,8
https://www.reddit.com/r/TheMallWorld/comments/1ou3km7/ethnicity_themed_restaurants/,Ethnicity Themed Restaurants?,single_location,not_mentioned,not_mentioned,not_mentioned,,,high,True,6,0,1
https://www.reddit.com/r/TheMallWorld/comments/1ou4x2q/my_mall_planet/,My Mall Planet,mostly_coherent,long_term_recurring,not_mentioned,not_mentioned,,,medium,True,25,5,6
https://www.reddit.com/r/TheMallWorld/comments/1ou69if/cruise_ship_mall_world/,Cruise Ship Mall World,partially_coherent,recurring,not_mentioned,current_self,,,medium,True,4,1,1
https://www.reddit.com/r/TheMallWorld/comments/1ouae1f/bumper_cars/,Bumper Cars,single_location,not_mentioned,not_mentioned,not_mentioned,,,medium,True,2,0,2
https://www.reddit.com/r/TheMallWorld/comments/1oues6e/mall_world_dreams/,Mall World Dreams?,partially_coherent,long_term_recurring,not_mentioned,current_self,,,medium,True,9,4,7
https://www.reddit.com/r/TheMallWorld/comments/1oug01g/aquarium/,Aquarium,single_location,recurring,not_mentioned,not_mentioned,completely calm,creepy when I wake up and think about it,high,True,1,0,1
https://www.reddit.com/r/TheMallWorld/comments/1ouk172/everything_is_free_mall_store/,Everything is free mall store,single_location,recurring,not_mentioned,not_mentioned,,,medium,False,1,0,2
https://www.reddit.com/r/TheMallWorld/comments/1ouk19n/everything_is_free_mall_store/,Everything is free mall store,single_location,recurring,not_mentioned,current_self,,wakes up after reaching the last item,medium,True,1,0,2
https://www.reddit.com/r/TheMallWorld/comments/1oukk5k/not_sure_if_this_is_related_to_mall_world_or_not/,Not sure if this is related to mall world or not ..,mostly_coherent,recurring,not_mentioned,not_mentioned,,,medium,True,4,3,0
https://www.reddit.com/r/TheMallWorld/comments/1oumneq/airplanes_landing_on_roads/,Airplanes landing on roads,partially_coherent,long_term_recurring,normal,current_self,mildly upset and confused,resign myself to the situation,high,True,3,2,2
https://www.reddit.com/r/TheMallWorld/comments/1ounfto/anyone_been_here_ai_gen_pic/,Anyone been here ? Ai gen pic,single_location,long_term_recurring,not_mentioned,not_mentioned,,,medium,True,1,1,2
https://www.reddit.com/r/TheMallWorld/comments/1ounqn8/another_dream_of_mine_ai_gen_pic/,Another dream of mine ai gen pic,mostly_coherent,recurring,not_mentioned,current_self,,,high,True,2,1,3
https://www.reddit.com/r/TheMallWorld/comments/1out25x/one_of_the_main_locations_in_my_dreams_is_the/,One of the main locations in my dreams is the Akron Zoo.,mostly_coherent,long_term_recurring,not_mentioned,current_self,,,medium,True,7,6,2
https://www.reddit.com/r/TheMallWorld/comments/1ouwjkw/most_mallworld_dream_ever/,Most Mallworld Dream Ever,mostly_coherent,variation,inconsistent,current_self,missed having Mallworld dreams; positive anticipation,,medium,True,6,5,6
https://www.reddit.com/r/TheMallWorld/comments/1ouzxws/the_cylinder/,The cylinder,mostly_coherent,recurring,not_mentioned,not_mentioned,,,high,True,7,7,3
https://www.reddit.com/r/TheMallWorld/comments/1ov01by/did_anyone_just_dream_they_were_on_a_cruise/,Did anyone just dream they were on a cruise?,single_location,not_mentioned,not_mentioned,current_self,,,medium,True,3,2,0
https://www.reddit.com/r/TheMallWorld/comments/1ov2e0k/no_rp_or_anything/,No rp or anything,mostly_coherent,not_mentioned,normal,current_self,terrifying and concerning (about others having similar dreams); in-dream starts exploring,woke up with a jolt; falling sensation,high,True,8,6,7
https://www.reddit.com/r/TheMallWorld/comments/1ov3iw2/aliens_ai_gen_pic/,Aliens??? Ai gen pic,single_location,recurring,not_mentioned,current_self,,woke up at 3 AM,medium,True,2,0,2
https://www.reddit.com/r/TheMallWorld/comments/1ov7q9y/another_mallworld_dream_this_time_more_vivid_and/,"Another Mallworld dream, this time more vivid and we were interacting",mostly_coherent,recurring,not_mentioned,current_self,,miss it dearly when Im awake,medium,True,4,3,3
https://www.reddit.com/r/TheMallWorld/comments/1ovr7bl/sooo/,Sooo,partially_coherent,recurring,not_mentioned,not_mentioned,,shooked,medium,True,1,2,1
https://www.reddit.com/r/TheMallWorld/comments/1ovudll/mall_world_entrance_subway_station/,Mall world entrance subway station,single_location,not_mentioned,not_mentioned,current_self,,came out of the dream right there (woke up/exit at stairs),high,True,1,1,1
https://www.reddit.com/r/TheMallWorld/comments/1ovvr1m/the_bathroom_i_went_into_in_my_mall_world/,The bathroom I went into in my mall world,single_location,variation,not_mentioned,current_self,not_mentioned,not_mentioned,high,True,2,0,4
https://www.reddit.com/r/TheMallWorld/comments/1ovyi2l/mapping_mall_world/,Mapping Mall World,mostly_coherent,recurring,not_mentioned,not_mentioned,,,medium,True,22,5,0
https://www.reddit.com/r/TheMallWorld/comments/1ow3mn4/cult_world/,Cult world?,not_enough_info,recurring,not_mentioned,current_self,,,medium,True,1,0,1
https://www.reddit.com/r/TheMallWorld/comments/1ow6xd3/the_warehouse/,The warehouse,partially_coherent,recurring,not_mentioned,not_mentioned,,woke up when opening door / seeing sunlight (implied abrupt wake),medium,True,3,4,3
https://www.reddit.com/r/TheMallWorld/comments/1ow78h4/questions_please_help_dream_police_aliens/,Questions. Please help... Dream Police? Aliens?,partially_coherent,long_term_recurring,inconsistent,current_self,confused; urgently trying to understand where/when she was,returned to bed after passing out in vehicle,medium,True,4,3,4
https://www.reddit.com/r/TheMallWorld/comments/1owb6ja/very_new_here_kinda_breaking_my_brain/,very new here. kinda breaking my brain,mostly_coherent,recurring,not_mentioned,current_self,,,high,True,13,7,3
https://www.reddit.com/r/TheMallWorld/comments/1ownuh6/this_is_exactly_what_the_buildings_in_my/,This is exactly what the buildings in my reoccurring dreams look like,partially_coherent,recurring,not_mentioned,current_self,,,medium,True,2,0,2
https://www.reddit.com/r/TheMallWorld/comments/1ox11gl/one_of_my_main_dreams_is_a_library/,One of my Main Dreams is a Library,single_location,long_term_recurring,not_mentioned,current_self,,woken up after being told they are not supposed to be there,high,True,1,0,2
https://www.reddit.com/r/TheMallWorld/comments/1oxdjyd/my_safe_place_the_hole/,My Safe Place — the Hole,partially_coherent,long_term_recurring,not_mentioned,not_mentioned,afraid / running away (typical context),,medium,True,2,1,3
https://www.reddit.com/r/TheMallWorld/comments/1oxlxe5/basement_underneath_the_school/,basement underneath the school,partially_coherent,recurring,not_mentioned,not_mentioned,,"scared (""the scariest thing ive come to witness"")",medium,True,3,1,3
https://www.reddit.com/r/TheMallWorld/comments/1oxosa3/the_mall/,The Mall,mostly_coherent,recurring,not_mentioned,not_mentioned,,,medium,True,2,2,0
https://www.reddit.com/r/TheMallWorld/comments/1oxvuxh/the_school/,The School,mostly_coherent,long_term_recurring,not_mentioned,current_self,,woke up after being told they weren't supposed to be in the attic,high,True,16,11,11
https://www.reddit.com/r/TheMallWorld/comments/1oy81u8/tsunamis_airport_hotel_school_theatre_mansions/,"Tsunamis, Airport, Hotel, School, Theatre, mansions, and steep road",mostly_coherent,recurring,not_mentioned,current_self,not_mentioned,not_mentioned,medium,True,8,3,6
https://www.reddit.com/r/TheMallWorld/comments/1oyaiyn/has_anyone_dreamed_about_a_daycare_center/,Has anyone dreamed about a daycare center?,single_location,recurring,looping,different_person,in danger / trying to leave,,medium,True,1,0,2
https://www.reddit.com/r/TheMallWorld/comments/1oycejm/my_mallworld_experience/,My mall-world experience,partially_coherent,recurring,not_mentioned,not_mentioned,,,medium,True,18,1,1
https://www.reddit.com/r/TheMallWorld/comments/1oyeljd/the_grand_piano/,The Grand Piano,partially_coherent,recurring,not_mentioned,current_self,enjoying/enchanting,frantic/urgent (plane to catch),medium,True,2,1,1
https://www.reddit.com/r/TheMallWorld/comments/1oyh4f6/i_think_this_was_significant_i_taught_someone/,I think this was significant. I taught someone about the mall world in my mall world dream and came up with a theory of it,mostly_coherent,recurring,not_mentioned,current_self,,not_mentioned,medium,True,12,7,2
https://www.reddit.com/r/TheMallWorld/comments/1oylwq6/my_first_mall_world_dream_in_a_long_time/,My first Mall World Dream in a long time,partially_coherent,variation,not_mentioned,current_self,,,medium,True,3,2,3
https://www.reddit.com/r/TheMallWorld/comments/1oym4cv/anyone_else_marble_museum/,Anyone else? Marble museum,partially_coherent,recurring,not_mentioned,current_self,,,high,True,2,1,3
https://www.reddit.com/r/TheMallWorld/comments/1oyrq31/has_anyone_else_had_a_mallworld_origin_dream/,Has anyone else had a mallworld origin dream?,not_enough_info,variation,not_mentioned,current_self,,,medium,True,2,0,1
https://www.reddit.com/r/TheMallWorld/comments/1oyvp73/has_anyone_else_explored_the_rundown_mansion/,Has anyone else explored the run-down mansion?,single_location,recurring,not_mentioned,not_mentioned,,overwhelming sense that I wasn't wanted there,medium,False,1,0,2
https://www.reddit.com/r/TheMallWorld/comments/1oyxxuk/interaction_i_had_with_a_university_nurse_in_mall/,Interaction I had with a university nurse (in Mall World),mostly_coherent,not_mentioned,inconsistent,current_self,,,medium,True,4,4,4
https://www.reddit.com/r/TheMallWorld/comments/1oz0kv5/most_seriene_place_flying/,Most seriene place+ flying,partially_coherent,recurring,not_mentioned,current_self,,,high,True,4,2,5
https://www.reddit.com/r/TheMallWorld/comments/1oz4zz9/mall_world_warehouse/,Mall World Warehouse,mostly_coherent,recurring,not_mentioned,current_self,Worried about sharks coming from the pool (pool party dream).,,high,True,9,5,5
https://www.reddit.com/r/TheMallWorld/comments/1ozb03p/a_tour_of_the_mallworld_ive_dreamt_of_since_the/,A tour of the mallworld I've dreamt of since the early 2000s (+ some of the apocalypses it has endured),mostly_coherent,long_term_recurring,not_mentioned,not_mentioned,,,medium,True,6,3,0
https://www.reddit.com/r/TheMallWorld/comments/1ozcwau/the_demonic_theater_and_submerged_tunnel/,The demonic theater and submerged tunnel,mostly_coherent,not_mentioned,normal,current_self,,woke up before reaching the ocean; still in transit,high,True,10,9,9
https://www.reddit.com/r/TheMallWorld/comments/1ozd53f/my_mall_world_that_is_more_of_a_transilvanean/,My ‘mall world’ that is more of a transilvanean town; clock tower; bricks; archways; hills,partially_coherent,recurring,not_mentioned,not_mentioned,,,medium,True,5,0,0
https://www.reddit.com/r/TheMallWorld/comments/1ozdmq2/my_bathroom_world/,My bathroom world,partially_coherent,recurring,not_mentioned,not_mentioned,,,medium,True,1,0,0
https://www.reddit.com/r/TheMallWorld/comments/1ozer9z/malls_for_me_are_not_abandoned/,Malls for me are not abandoned,partially_coherent,recurring,not_mentioned,current_self,,,medium,True,1,0,1
https://www.reddit.com/r/TheMallWorld/comments/1ozp4j2/huge_dark_room_with_weird_grey_creature/,Huge dark room with weird grey creature,mostly_coherent,long_term_recurring,not_mentioned,child_self,,terrifying,medium,True,4,3,2
https://www.reddit.com/r/TheMallWorld/comments/1ozskkf/last_night_i_had_to_go_to_court/,Last Night I had to go to court,partially_coherent,recurring,not_mentioned,not_mentioned,,,medium,True,3,1,3
https://www.reddit.com/r/TheMallWorld/comments/1p02rj8/did_anyone_else_ever_have_a_dream_so_strong_that/,Did anyone else ever have a dream so strong that it affects you in the real world,single_location,not_mentioned,not_mentioned,current_self,,,medium,False,1,0,5
https://www.reddit.com/r/TheMallWorld/comments/1p047tz/is_this_the_theatre_is_everyone_dreaming_about_it/,Is this the theatre? &amp; is everyone dreaming about it right now?,mostly_coherent,variation,not_mentioned,current_self,,woke up after being stared at by men at the doors,medium,True,4,3,3
https://www.reddit.com/r/TheMallWorld/comments/1p075om/the_blonde_man_the_campus_and_the_cult/,"The Blonde Man, the campus, and the cult",mostly_coherent,long_term_recurring,inconsistent,current_self,,lost; night time; stranded (woke up),high,True,11,10,16
https://www.reddit.com/r/TheMallWorld/comments/1p097js/church/,Church,single_location,not_mentioned,not_mentioned,not_mentioned,,,high,False,1,0,1
https://www.reddit.com/r/TheMallWorld/comments/1p0vqhe/loops_cardboard_walls_anime_store_and_chicken/,"Loops, cardboard walls, anime store, and chicken restaurant, the number 8",mostly_coherent,recurring,normal,current_self,,woke up abruptly after being threatened with being kicked out / 'Go away or they will make you go away',high,True,4,3,7
https://www.reddit.com/r/TheMallWorld/comments/1p0xyhx/have_yall_been_to_the_aquarium_in_the_mall_what/,Have y'all been to the aquarium in the mall? What about the glo lights or the dress store?,partially_coherent,recurring,not_mentioned,not_mentioned,,,medium,True,4,2,1
https://www.reddit.com/r/TheMallWorld/comments/1p1dh7t/sky_games/,Sky games?,partially_coherent,recurring,normal,current_self,,,medium,True,6,4,5
https://www.reddit.com/r/TheMallWorld/comments/1p1qgni/mall_world_gym/,Mall world gym,not_enough_info,not_mentioned,not_mentioned,not_mentioned,,,minimal,True,2,1,0
https://www.reddit.com/r/TheMallWorld/comments/1p1tx2e/school_mall_airport_hybrid_by_the_ocean/,School mall airport hybrid by the ocean,single_location,recurring,not_mentioned,not_mentioned,,,medium,True,3,0,1
https://www.reddit.com/r/TheMallWorld/comments/1p1vs2w/quests_in_the_woods/,Quests in the woods,partially_coherent,long_term_recurring,not_mentioned,not_mentioned,,,medium,True,2,1,3
https://www.reddit.com/r/TheMallWorld/comments/1p1zv8o/my_recurrent_dream_space_a_creepy_shop_with_dead/,My recurrent dream space: a creepy shop with dead stock,single_location,recurring,not_mentioned,not_mentioned,,,medium,True,1,0,2
https://www.reddit.com/r/TheMallWorld/comments/1p21yj1/roller_coaster_road/,Roller coaster Road 🚷,single_location,recurring,not_mentioned,not_mentioned,,,medium,True,1,0,1
https://www.reddit.com/r/TheMallWorld/comments/1p2f70t/anyone_else/,Anyone else,mostly_coherent,not_mentioned,normal,current_self,,,high,True,4,3,2
https://www.reddit.com/r/TheMallWorld/comments/1p2o7bk/anyone_else/,Anyone else?,partially_coherent,recurring,not_mentioned,current_self,not mentioned (describes anxiety/panic before sleep rather than at dream start),fear/anxiety; 'so exhausting' and panic before sleep,medium,True,2,1,2
https://www.reddit.com/r/TheMallWorld/comments/1p2tj8o/specific_restaurant_where_i_noticed_a_random/,Specific restaurant where I noticed a random friend from my past,single_location,not_mentioned,not_mentioned,current_self,,,high,False,1,0,1
https://www.reddit.com/r/TheMallWorld/comments/1p2vxrz/apartment_in_mall_world/,Apartment in Mall World,mostly_coherent,recurring,not_mentioned,not_mentioned,blowing my mind,,high,True,8,5,2
https://www.reddit.com/r/TheMallWorld/comments/1p301rn/cosplay_competition_at_the_stage/,Cosplay Competition At the Stage,single_location,variation,normal,multiple,,,high,True,2,1,2
https://www.reddit.com/r/TheMallWorld/comments/1p3hmgr/amusement_park_variation_do_these_dreams_happen/,amusement park variation? do these dreams happen around certain life events?,partially_coherent,recurring,not_mentioned,current_self,fascinated (reading the sub all day); dream emotion not explicitly stated,,medium,True,3,2,2
https://www.reddit.com/r/TheMallWorld/comments/1p3i191/snow_at_the_airport_winter_season/,Snow at the Airport - Winter season,mostly_coherent,recurring,not_mentioned,current_self,,,high,True,4,1,5
https://www.reddit.com/r/TheMallWorld/comments/1p3jpca/anything_look_familiar/,Anything look familiar?,mostly_coherent,long_term_recurring,not_mentioned,not_mentioned,Slightly traumatized (upon discovering the rabbit hole),Love it but beginning to think I shouldn't,medium,True,10,7,3
https://www.reddit.com/r/TheMallWorld/comments/1p3n0dt/house_of_bees/,House of bees,mostly_coherent,first_visit,not_mentioned,current_self,,,high,True,5,6,4
https://www.reddit.com/r/TheMallWorld/comments/1p3ncdi/anyone_else_attend_harry_potter_night_at_the/,"Anyone else attend ""Harry Potter Night"" at the movie theater?",single_location,not_mentioned,normal,not_mentioned,,,high,True,1,0,1
https://www.reddit.com/r/TheMallWorld/comments/1p4f4qu/my_casino_mall_dream_turned_into_an_identity/,"🌟 My Casino Mall Dream Turned Into an Identity Shift (All names fake, extremely vivid dream) AI image based off my dream.",mostly_coherent,not_mentioned,compressed,current_self,,shock/confusion on waking; instant wake-up trigger at mirror moment,high,True,8,7,16
https://www.reddit.com/r/TheMallWorld/comments/1p4fibs/mall_world_experience/,Mall World Experience,mostly_coherent,long_term_recurring,not_mentioned,current_self,,,medium,True,6,4,1
https://www.reddit.com/r/TheMallWorld/comments/1p4klct/curious_if_either_of_these_places_look_familiar/,"Curious if either of these places look familiar (one entrance of the mall, beach area)",mostly_coherent,long_term_recurring,not_mentioned,not_mentioned,,,high,True,26,19,3
https://www.reddit.com/r/TheMallWorld/comments/1p4pihe/look_familiar_i_ended_up_here_last_night_the/,Look familiar? I ended up here last night. The landfill was bigger than this with things covering the bicycle trail and it was hard to walk through.,single_location,first_visit,not_mentioned,not_mentioned,,,medium,True,2,1,1
https://www.reddit.com/r/TheMallWorld/comments/1p58och/house_in_the_jungle_heavily_protected_by_armed_men/,House in the jungle heavily protected by armed men.,mostly_coherent,recurring,not_mentioned,current_self,,,medium,True,5,4,6
https://www.reddit.com/r/TheMallWorld/comments/1p59y95/party_in_mall_world/,Party in Mall World,single_location,recurring,not_mentioned,not_mentioned,,,medium,True,1,0,1
https://www.reddit.com/r/TheMallWorld/comments/1p5jyni/the_realest_dream_i_have_ever_felt/,The realest dream i have ever felt,partially_coherent,not_mentioned,inconsistent,current_self,Belief/hope it was real; 'pls dont be a dream',Woke up after being punched (fear/shock implied),high,True,3,2,4
https://www.reddit.com/r/TheMallWorld/comments/1p5t71q/i_had_a_dream_during_a_long_nap_today_that_i_was/,"I had a dream during a long nap today that I was in a ""library mall.""",partially_coherent,not_mentioned,not_mentioned,not_mentioned,,,medium,True,2,1,1
https://www.reddit.com/r/TheMallWorld/comments/1p5ytnc/the_ancient_ruins_part_2/,The Ancient Ruins Part 2,single_location,not_mentioned,not_mentioned,not_mentioned,,suddenly i'm awake,medium,True,2,2,3
https://www.reddit.com/r/TheMallWorld/comments/1p65z2e/just_found_this_and_help_me_understand_if_im_in/,"Just found this, and help me understand if I'm in the same place",partially_coherent,long_term_recurring,not_mentioned,not_mentioned,,,medium,True,5,1,1
https://www.reddit.com/r/TheMallWorld/comments/1p69oi7/closet/,Closet,partially_coherent,long_term_recurring,not_mentioned,current_self,,,medium,True,2,2,3
https://www.reddit.com/r/TheMallWorld/comments/1p6b1fz/celebrity_assistant/,celebrity assistant,partially_coherent,recurring,normal,current_self,not_mentioned,pissed off,medium,True,7,6,8
https://www.reddit.com/r/TheMallWorld/comments/1p6csua/mallworld_train_station_uncanny_workers/,Mall-World Train Station Uncanny Workers,mostly_coherent,long_term_recurring,not_mentioned,current_self,,not_mentioned,medium,True,2,1,3
https://www.reddit.com/r/TheMallWorld/comments/1p722ua/a_dream_about_a_black_cube_a_glowing_symbol_and_a/,"A dream about a black cube, a glowing symbol, and a name whispered before I woke up",single_location,not_mentioned,not_mentioned,current_self,not mentioned (described as unusually vivid and symbolic),woke up immediately after phrase was spoken,high,True,2,0,2
https://www.reddit.com/r/TheMallWorld/comments/1p7o7dh/unlocking_memories/,Unlocking Memories,partially_coherent,long_term_recurring,not_mentioned,current_self,"nagging feeling; memory 'just out of reach' (while awake, recalling)",,medium,True,13,3,2
https://www.reddit.com/r/TheMallWorld/comments/1p7rkv0/last_night_something_happened_at_the_cruiseship/,Last night something happened at the cruiseship,partially_coherent,not_mentioned,not_mentioned,current_self,,not_mentioned,medium,True,5,3,5
https://www.reddit.com/r/TheMallWorld/comments/1p8170p/anyone_else_have_space_as_a_location/,Anyone else have space as a location?,partially_coherent,recurring,not_mentioned,not_mentioned,,,medium,True,2,1,1
https://www.reddit.com/r/TheMallWorld/comments/1p8f0cp/similar_but_not_exactly/,similar but not exactly,partially_coherent,not_mentioned,not_mentioned,multiple,,,medium,True,3,3,4
https://www.reddit.com/r/TheMallWorld/comments/1p8k4mf/anyone_been_here_a_dirty_grimey_mall/,"Anyone been here? A dirty, grimey mall",highly_coherent,recurring,not_mentioned,not_mentioned,,wake_up (after being caught by monster) / dread (on returning outside),high,True,14,6,5
https://www.reddit.com/r/TheMallWorld/comments/1p8l4ng/pharmacy/,Pharmacy?,single_location,not_mentioned,not_mentioned,current_self,,,medium,True,1,0,2
https://www.reddit.com/r/TheMallWorld/comments/1p8m4wz/a_mall_world_dream_that_just_feltwrong/,A mall world dream that just felt...wrong,single_location,not_mentioned,not_mentioned,not_mentioned,,,medium,True,1,0,3
https://www.reddit.com/r/TheMallWorld/comments/1p8nfd1/the_hospital/,The Hospital,partially_coherent,recurring,not_mentioned,current_self,not_mentioned,Just woke up,medium,True,4,3,2
https://www.reddit.com/r/TheMallWorld/comments/1p8p56m/underground_tunnels_with_giant_frozen_wave/,Underground Tunnels with Giant Frozen Wave,mostly_coherent,long_term_recurring,not_mentioned,child_self,,,medium,True,1,2,3
https://www.reddit.com/r/TheMallWorld/comments/1p8v22k/my_collective_mall_world_variations_iv_dreamed_of/,My collective Mall World variations iv dreamed of and somehow still remember,partially_coherent,long_term_recurring,not_mentioned,not_mentioned,,,medium,True,30,3,1
https://www.reddit.com/r/TheMallWorld/comments/1p8xjro/anybody_keep_seeing_an_almost_infinite_version_of/,Anybody keep seeing an almost infinite version of the mall world? I do.,mostly_coherent,recurring,inconsistent,current_self,,,medium,True,10,4,6
https://www.reddit.com/r/TheMallWorld/comments/1p9dzpb/mall_world/,mall world,partially_coherent,not_mentioned,not_mentioned,not_mentioned,,,medium,True,8,8,7
https://www.reddit.com/r/TheMallWorld/comments/1p9foul/lower_level_golf_games/,Lower level golf games.,single_location,not_mentioned,not_mentioned,not_mentioned,,,high,True,1,1,2
https://www.reddit.com/r/TheMallWorld/comments/1p9j85n/last_one_my_view_from_my_apartment_window/,"Last one, my view from my apartment window.",mostly_coherent,not_mentioned,compressed,not_mentioned,,,medium,True,6,1,2
https://www.reddit.com/r/TheMallWorld/comments/1p9ttly/do_you_guys_have_dreams_about_an_aquarium/,Do you guys have dreams about an aquarium?,single_location,not_mentioned,not_mentioned,current_self,,,medium,True,1,0,1
https://www.reddit.com/r/TheMallWorld/comments/1p9ze0z/had_a_dream_last_night_about_an_announcement/,Had a dream last night about an announcement about a religious getaway being hosted at the Mall World,single_location,recurring,not_mentioned,current_self,,woke up before I could make sense of what I was reading,medium,False,1,0,2
https://www.reddit.com/r/TheMallWorld/comments/1p9ze38/had_a_dream_last_night_about_an_announcement/,Had a dream last night about an announcement about a religious getaway being hosted at the Mall World,single_location,recurring,not_mentioned,current_self,,woke up before making sense of what I was reading,medium,False,1,0,3
https://www.reddit.com/r/TheMallWorld/comments/1pa7zf0/i_think_i_might_have_been_to_the_hotel_once_is/,I think I might have been to the hotel once. Is this accurate to anyone else's account of the hotel?,mostly_coherent,not_mentioned,not_mentioned,current_self,,unnerved; feeling they did something wrong and needed to leave immediately,high,True,4,4,4
https://www.reddit.com/r/TheMallWorld/comments/1pb1u0n/mall_world_experiences/,Mall World Experiences,mostly_coherent,recurring,not_mentioned,current_self,nostalgic; looks forward to going,confused and scared (during scariest experience); overall nostalgic,high,True,21,7,8
https://www.reddit.com/r/TheMallWorld/comments/1pbcfqc/white_tigers_in_mall_world/,White tigers in Mall World?,partially_coherent,long_term_recurring,not_mentioned,current_self,lost/confused; stressed/anxious; feeling chased,,medium,True,2,0,3
https://www.reddit.com/r/TheMallWorld/comments/1pbcm52/the_giant_bathroom/,The giant bathroom?,single_location,recurring,not_mentioned,not_mentioned,,,medium,True,2,0,2
https://www.reddit.com/r/TheMallWorld/comments/1pbmnvb/are_you_at_the_mallworld_school_and_missing/,Are you at the Mallworld school and missing something?,mostly_coherent,not_mentioned,not_mentioned,current_self,,,high,True,6,3,2
https://www.reddit.com/r/TheMallWorld/comments/1pbnsvb/not_sure_if_this_is_considered_mall_world/,Not sure if this is considered Mall World,partially_coherent,not_mentioned,not_mentioned,current_self,knew I was in a dream and had to leave,,medium,True,2,1,3
https://www.reddit.com/r/TheMallWorld/comments/1pbv6tf/monkey_man/,Monkey Man,partially_coherent,recurring,not_mentioned,current_self,,,medium,True,2,1,1
https://www.reddit.com/r/TheMallWorld/comments/1pc1dlr/tower_living_quarters/,Tower living quarters,mostly_coherent,not_mentioned,not_mentioned,not_mentioned,,,medium,True,3,2,1
https://www.reddit.com/r/TheMallWorld/comments/1pd2zp8/finally_had_the_bathroom_dream/,Finally had the bathroom dream,single_location,first_visit,not_mentioned,not_mentioned,,,high,True,2,0,1
https://www.reddit.com/r/TheMallWorld/comments/1pd5ql1/the_food_court_situation_elder_care_and_the_pool/,"The food court situation, elder care, and the pool",mostly_coherent,recurring,not_mentioned,current_self,,,high,True,7,4,3
https://www.reddit.com/r/TheMallWorld/comments/1pe3mlb/amusement_park_beach/,Amusement park beach,partially_coherent,long_term_recurring,not_mentioned,multiple,,,medium,True,6,2,5
https://www.reddit.com/r/TheMallWorld/comments/1pehxja/the_arcade_pt_2/,The Arcade pt. 2,single_location,recurring,not_mentioned,current_self,,,medium,False,1,0,1
https://www.reddit.com/r/TheMallWorld/comments/1pejn2c/michelangelo_radino/,Michelangelo Radino,single_location,not_mentioned,compressed,current_self,chaotic dream; only remembers last few minutes,,medium,True,1,0,2
https://www.reddit.com/r/TheMallWorld/comments/1pes3zd/toilet/,Toilet,not_enough_info,long_term_recurring,not_mentioned,current_self,,,medium,True,1,0,2
https://www.reddit.com/r/TheMallWorld/comments/1petmtq/strip_club/,Strip club,partially_coherent,recurring,not_mentioned,current_self,,,medium,True,3,0,0
https://www.reddit.com/r/TheMallWorld/comments/1pf5duo/was_anyone_at_a_house_party_lastnight/,Was anyone at a house party lastnight?,single_location,not_mentioned,not_mentioned,current_self,,,medium,True,2,1,3
https://www.reddit.com/r/TheMallWorld/comments/1pfcpl2/consistent_dreams_about_mall_world/,Consistent dreams about ‘Mall world’,partially_coherent,long_term_recurring,not_mentioned,child_self,in disbelief that I was not alone,spun me out,medium,True,6,5,4
https://www.reddit.com/r/TheMallWorld/comments/1pfiizw/not_exactly_mall_world_but_rooted_in_similar/,"Not exactly ""mall world"" but rooted in similar concepts",partially_coherent,long_term_recurring,compressed,multiple,deeply disturbing,weirdest ish every time,high,True,4,5,4
https://www.reddit.com/r/TheMallWorld/comments/1pfohxq/does_this_count_as_mall_world/,Does this count as mall world?,mostly_coherent,long_term_recurring,not_mentioned,current_self,,feel good when waking up,medium,True,3,2,2
https://www.reddit.com/r/TheMallWorld/comments/1pfqq3s/abandoned_fair/,Abandoned Fair,single_location,not_mentioned,normal,current_self,,,medium,False,1,0,3
https://www.reddit.com/r/TheMallWorld/comments/1pfwg32/mall_dream_with_bonus_weird_toilets_too/,Mall dream with bonus weird toilets too!,mostly_coherent,recurring,inconsistent,current_self,,,high,True,8,8,9
https://www.reddit.com/r/TheMallWorld/comments/1pg3kid/may_have_destroyed_the_airport_sectionoops/,May have destroyed the airport section...Oops,mostly_coherent,long_term_recurring,not_mentioned,not_mentioned,,not_mentioned,medium,True,8,2,4
https://www.reddit.com/r/TheMallWorld/comments/1pg90yt/my_experiences_in_mallworld_like_dreams/,My experiences in Mallworld like dreams.,mostly_coherent,recurring,compressed,current_self,,ejection/forced waking; alarm sometimes,high,True,8,5,8
https://www.reddit.com/r/TheMallWorld/comments/1pgi6cz/anyone_been_forced_to_take_strange_tests_within/,Anyone been forced to take strange tests within Mallworld?,mostly_coherent,not_mentioned,compressed,current_self,,uncertainty/lost; woke up while heading toward mall entrance,high,True,10,11,15
https://www.reddit.com/r/TheMallWorld/comments/1pgph55/didnt_realise_this_was_a_shared_experience/,didn’t realise this was a shared experience,partially_coherent,long_term_recurring,not_mentioned,current_self,,terrified,medium,True,4,2,2
https://www.reddit.com/r/TheMallWorld/comments/1pgry6x/window_washers/,Window Washers,single_location,not_mentioned,not_mentioned,not_mentioned,,realized how crazy that was (upon waking),medium,True,1,0,1
https://www.reddit.com/r/TheMallWorld/comments/1pgs3i3/catastophic/,catastophic,partially_coherent,recurring,normal,current_self,,,high,True,2,1,2
https://www.reddit.com/r/TheMallWorld/comments/1pgwcpx/i_could_not_escape_that_building_last_night_it/,I could NOT escape that building last night. It was never ending!,mostly_coherent,variation,normal,current_self,Needed to get out; sense of being missing/trapped,Relief on exiting + fear of ending up back inside,high,True,4,1,3
https://www.reddit.com/r/TheMallWorld/comments/1ph3mf9/cruise_ship_last_night/,Cruise Ship last night,not_enough_info,recurring,not_mentioned,current_self,,frustrated,high,False,2,0,2
https://www.reddit.com/r/TheMallWorld/comments/1ph3vo1/recreating_the_school_part_of_mall_world/,Recreating the School part of Mall World,mostly_coherent,recurring,not_mentioned,not_mentioned,,,medium,True,4,3,4
https://www.reddit.com/r/TheMallWorld/comments/1ph5ldq/the_hellish_bathrooms/,The hellish bathrooms,partially_coherent,recurring,not_mentioned,not_mentioned,,,medium,True,4,3,1
https://www.reddit.com/r/TheMallWorld/comments/1ph78zq/food_court/,Food court,mostly_coherent,long_term_recurring,not_mentioned,current_self,,,high,True,2,1,3
https://www.reddit.com/r/TheMallWorld/comments/1phg6t0/this_is_wild_to_me/,this is wild to me,mostly_coherent,long_term_recurring,inconsistent,current_self,cool/interesting; good energy (general),"exhausted, like returning from a long trip",high,True,6,5,1
https://www.reddit.com/r/TheMallWorld/comments/1phghh1/sandbox_dreams/,Sandbox dreams,mostly_coherent,long_term_recurring,looping,current_self,,annoying,medium,True,2,2,3
https://www.reddit.com/r/TheMallWorld/comments/1phmxpy/hotel_world/,Hotel world,mostly_coherent,long_term_recurring,not_mentioned,current_self,,,high,True,5,5,4
https://www.reddit.com/r/TheMallWorld/comments/1phurp5/the_school_hallway/,The school hallway,single_location,not_mentioned,not_mentioned,not_mentioned,not mentioned (but expressed worry/urgency about class/failing),,medium,True,1,0,2
https://www.reddit.com/r/TheMallWorld/comments/1phxewy/mall_world_the_book_store_the_arcade/,"Mall world, the book store, the arcade",not_enough_info,long_term_recurring,not_mentioned,current_self,,,medium,False,3,0,5
https://www.reddit.com/r/TheMallWorld/comments/1picu0d/disasters/,Disasters,partially_coherent,recurring,normal,current_self,,dread still hovering after waking,high,True,7,1,5
https://www.reddit.com/r/TheMallWorld/comments/1pimcac/stuck_in_haunted_house_ride/,Stuck in haunted house ride,not_enough_info,recurring,not_mentioned,not_mentioned,stressful,,medium,True,1,0,1
https://www.reddit.com/r/TheMallWorld/comments/1piutx5/i_keep_dreaming_about_this_huge_weird_bathroom/,"I keep dreaming about this huge, weird bathroom — what could it mean?",single_location,recurring,not_mentioned,not_mentioned,panicking,,high,True,1,0,1
https://www.reddit.com/r/TheMallWorld/comments/1pj2ael/the_military_raid/,The military raid,not_enough_info,long_term_recurring,not_mentioned,current_self,,,medium,True,1,0,3
https://www.reddit.com/r/TheMallWorld/comments/1pj5435/mall_world_being_a_cruise_ship/,Mall world being a cruise ship,partially_coherent,recurring,not_mentioned,not_mentioned,,,medium,True,5,4,2
https://www.reddit.com/r/TheMallWorld/comments/1pjhrdz/animals/,Animals,mostly_coherent,long_term_recurring,not_mentioned,not_mentioned,,,medium,True,5,3,6
https://www.reddit.com/r/TheMallWorld/comments/1pjkmkb/weird_elevators_or_escalators/,Weird elevators or escalators,partially_coherent,recurring,not_mentioned,current_self,,,high,True,2,2,4
https://www.reddit.com/r/TheMallWorld/comments/1pjrvjo/anyone_else_been_to_this_housecabin/,Anyone else been to this house/cabin?,mostly_coherent,recurring,not_mentioned,not_mentioned,,,medium,True,8,4,0
https://www.reddit.com/r/TheMallWorld/comments/1pk0ngm/lodge_world/,Lodge world?,partially_coherent,long_term_recurring,not_mentioned,current_self,,,medium,True,2,2,3
https://www.reddit.com/r/TheMallWorld/comments/1pk5se1/mall_world_food_court/,Mall world food court,single_location,recurring,not_mentioned,not_mentioned,,,medium,True,1,1,0
https://www.reddit.com/r/TheMallWorld/comments/1pk8vbc/tsunamis/,Tsunamis,partially_coherent,first_visit,not_mentioned,not_mentioned,,It was so weird,medium,True,2,1,2
https://www.reddit.com/r/TheMallWorld/comments/1pkab70/i_might_have_had_a_mall_world_dream_recently/,I might have had a Mall World dream recently,single_location,not_mentioned,not_mentioned,current_self,Oh shit I’m dreaming moment (realizing lucid),,medium,True,2,1,2
https://www.reddit.com/r/TheMallWorld/comments/1pkh9up/has_anyone_else_seen_this_in_their_mall_world/,Has anyone else seen this in their mall world?,partially_coherent,recurring,not_mentioned,current_self,,Whew…,medium,True,2,2,5
https://www.reddit.com/r/TheMallWorld/comments/1pknnxe/cave_system/,Cave system?,mostly_coherent,long_term_recurring,not_mentioned,current_self,,,medium,True,1,0,2
https://www.reddit.com/r/TheMallWorld/comments/1pkv4qp/last_night/,Last night,single_location,not_mentioned,not_mentioned,current_self,,bizarre,medium,False,1,0,3
https://www.reddit.com/r/TheMallWorld/comments/1pl06v0/my_reoccurring_dream_about_a_artificial_world/,My reoccurring dream about a “artificial world”…,partially_coherent,recurring,not_mentioned,current_self,excited to go shopping (before realizing items are fake),,medium,True,3,1,3
https://www.reddit.com/r/TheMallWorld/comments/1pl2lax/anyone_ever_seen_this/,Anyone ever seen this?,mostly_coherent,long_term_recurring,not_mentioned,not_mentioned,,,medium,True,1,0,2
https://www.reddit.com/r/TheMallWorld/comments/1plbdb8/the_lost_and_found/,The Lost and Found,partially_coherent,not_mentioned,not_mentioned,not_mentioned,,,medium,True,2,1,1
https://www.reddit.com/r/TheMallWorld/comments/1plgb4p/bathousebathroom_dream/,Bathouse/Bathroom dream?,partially_coherent,recurring,not_mentioned,current_self,,,medium,True,3,2,1
https://www.reddit.com/r/TheMallWorld/comments/1ploogr/large_dinning_hall_in_mansion_and_the_trail_in/,Large dinning hall in mansion and the trail in the woods outside the house,mostly_coherent,not_mentioned,not_mentioned,current_self,enjoying the peaceful night,scared; shot; woke up,medium,True,4,4,7
https://www.reddit.com/r/TheMallWorld/comments/1ploznp/skyscraper_balcony/,Skyscraper balcony,mostly_coherent,not_mentioned,not_mentioned,not_mentioned,,,high,True,3,2,3
https://www.reddit.com/r/TheMallWorld/comments/1plth8a/a_plaza/,A plaza,partially_coherent,recurring,not_mentioned,not_mentioned,,,medium,True,3,0,1
https://www.reddit.com/r/TheMallWorld/comments/1pm8i9g/do_you_see_something_similar_in_mw/,Do you see something similar in MW?,mostly_coherent,long_term_recurring,not_mentioned,current_self,,,medium,True,12,8,3
https://www.reddit.com/r/TheMallWorld/comments/1pm9c8q/schoolworld/,Schoolworld,partially_coherent,long_term_recurring,compressed,current_self,,,medium,True,4,0,0
https://www.reddit.com/r/TheMallWorld/comments/1pmd9fe/my_first_experience_in_mall_world_knowing_what_it/,My first experience in mall world knowing what it is.,partially_coherent,first_visit,not_mentioned,current_self,,,high,True,2,1,0
https://www.reddit.com/r/TheMallWorld/comments/1pmgb41/recurring_dreams_and_daydreams_of_five_empty/,Recurring dreams and daydreams of five empty worlds (and one non-empty),mostly_coherent,long_term_recurring,frozen,current_self,,,high,True,12,5,8
https://www.reddit.com/r/TheMallWorld/comments/1pmoe4d/boom/,Boom!,mostly_coherent,first_visit,normal,current_self,,never able to get away from the mall,high,True,8,6,9
https://www.reddit.com/r/TheMallWorld/comments/1pn32r7/the_cabin_and_the_serpant/,The cabin and the serpant.,mostly_coherent,recurring,not_mentioned,current_self,,"shaken/otherworldly (""shook me to my core"")",high,True,4,3,3
https://www.reddit.com/r/TheMallWorld/comments/1pneiph/hypnogogic_experiences/,Hypnogogic experiences,not_enough_info,not_mentioned,not_mentioned,current_self,interesting experience,interesting experience,medium,False,4,3,2
https://www.reddit.com/r/TheMallWorld/comments/1pntpee/airportschoolmallworld/,Airport/school/mallworld,mostly_coherent,recurring,not_mentioned,current_self,Rushing/trying to get to class.,Overwhelmed; can't put it into words.,medium,True,3,3,4
https://www.reddit.com/r/TheMallWorld/comments/1pntxvu/pet_store/,Pet store,single_location,recurring,not_mentioned,not_mentioned,,,medium,True,2,1,2
https://www.reddit.com/r/TheMallWorld/comments/1pnu38b/high_school_in_hell_city/,High School In Hell City,mostly_coherent,not_mentioned,normal,multiple,,pissed (woke up at 5 AM),high,True,12,12,7
https://www.reddit.com/r/TheMallWorld/comments/1pnwn85/school/,school,mostly_coherent,recurring,looping,not_mentioned,,,medium,True,1,0,2
https://www.reddit.com/r/TheMallWorld/comments/1pnxnq7/the_slide/,The Slide,mostly_coherent,not_mentioned,slow,current_self,,scared/uncomfortable near end (by mall entrance),medium,True,5,3,3
https://www.reddit.com/r/TheMallWorld/comments/1poak03/mall_world_toilets/,Mall World Toilets,single_location,recurring,not_mentioned,current_self,,,high,True,1,0,2
https://www.reddit.com/r/TheMallWorld/comments/1pom8cx/seeing_a_past_parent_at_mall_word/,Seeing a past parent at mall word,partially_coherent,recurring,not_mentioned,current_self,,,medium,True,2,1,2
https://www.reddit.com/r/TheMallWorld/comments/1por0si/this_mall_dream_never_faded_curious_if_others/,This mall dream never faded — curious if others have similar ones,single_location,variation,not_mentioned,not_mentioned,,,medium,True,5,3,2
https://www.reddit.com/r/TheMallWorld/comments/1ppb10f/the_waterpark/,The waterpark,mostly_coherent,recurring,not_mentioned,not_mentioned,,,medium,True,5,4,0
https://www.reddit.com/r/TheMallWorld/comments/1pq1i9i/out_of_bounds/,Out of bounds?,mostly_coherent,not_mentioned,not_mentioned,current_self,not_mentioned,fear/danger; can't stop thinking about it,high,True,3,3,3
https://www.reddit.com/r/TheMallWorld/comments/1pqaa6i/i_visited_someone_elses_mall/,I visited someone else's mall?,mostly_coherent,variation,not_mentioned,current_self,Something interesting happened last night.,,medium,True,7,5,3
https://www.reddit.com/r/TheMallWorld/comments/1pqay9h/mall_world_interactions_more_vivid_since_coming/,Mall world interactions more vivid since coming to this subreddit,partially_coherent,recurring,not_mentioned,current_self,,,medium,True,4,3,8
https://www.reddit.com/r/TheMallWorld/comments/1pqdc0m/at_the_movies_and_at_a_ballroom_event/,At the movies and at a ballroom event.....,mostly_coherent,recurring,inconsistent,current_self,annoyed/irritated at deceased friend complaining,uneasy/fleeing,high,True,6,7,8
https://www.reddit.com/r/TheMallWorld/comments/1pqfd6f/is_my_dream_mallworld/,Is my dream MallWorld?,mostly_coherent,long_term_recurring,inconsistent,multiple,anxious/aware,relief; also scared after seeing a reel about it,medium,True,5,4,4
https://www.reddit.com/r/TheMallWorld/comments/1pqjd24/30_years_of_mall_world_visits/,30+ years of mall world visits,mostly_coherent,long_term_recurring,inconsistent,current_self,,,medium,True,10,9,3
https://www.reddit.com/r/TheMallWorld/comments/1pqmsc4/super_fancy_hotel/,Super fancy hotel,mostly_coherent,not_mentioned,not_mentioned,current_self,,,high,True,3,0,4
https://www.reddit.com/r/TheMallWorld/comments/1pqn9n3/i_finally_made_it_to_mall_world/,I finally made it to mall world…,partially_coherent,first_visit,inconsistent,current_self,excited/amped ('Holy crap... it was insane'),alert/urgent to record details ('writing this all down before I forget'),high,True,13,7,9
https://www.reddit.com/r/TheMallWorld/comments/1pqt5z2/travel/,Travel?,mostly_coherent,first_visit,normal,current_self,,confusion,medium,True,7,3,4
https://www.reddit.com/r/TheMallWorld/comments/1pqx4oh/mightve_found_a_new_building_type_or_i_mightve/,Mightve found a new building type or I mightve found out mall world is part of a bigger structure?,partially_coherent,recurring,inconsistent,current_self,,,medium,True,15,5,5
https://www.reddit.com/r/TheMallWorld/comments/1pr9cs2/saw_it_in_a_dream_first/,Saw it in a dream first,not_enough_info,recurring,not_mentioned,current_self,surreal,,medium,True,2,0,1
https://www.reddit.com/r/TheMallWorld/comments/1pra6mk/found_note_on_mall_world_from_2016/,Found note on Mall World from 2016,partially_coherent,long_term_recurring,not_mentioned,not_mentioned,,,medium,True,11,6,3
https://www.reddit.com/r/TheMallWorld/comments/1prere7/new_dream/,New Dream,single_location,not_mentioned,not_mentioned,current_self,,bummed/disappointed to wake up; wanted to keep sleeping,medium,True,3,2,3
https://www.reddit.com/r/TheMallWorld/comments/1ps0adj/does_anyone_go_to_the_underground_ice_cream_shop/,Does anyone go to the underground ice cream shop,partially_coherent,recurring,not_mentioned,not_mentioned,,,medium,True,1,0,1
https://www.reddit.com/r/TheMallWorld/comments/1psklav/expanding_mall_1985/,"Expanding Mall, 1985",highly_coherent,long_term_recurring,compressed,multiple,Loved the trip / best dreams I had as a kid/teen,I really miss it,high,True,19,7,8
https://www.reddit.com/r/TheMallWorld/comments/1pt2dyn/dreamland/,DreamLand,mostly_coherent,variation,not_mentioned,current_self,,goosebumps,high,True,6,5,7
https://www.reddit.com/r/TheMallWorld/comments/1pt6a5n/this_is_similar_to_the_beach_i_see/,This is similar to the beach I see,mostly_coherent,long_term_recurring,not_mentioned,not_mentioned,,,medium,True,4,3,0
https://www.reddit.com/r/TheMallWorld/comments/1ptilhj/dreaming_in_different_visual_mediums/,Dreaming in different visual mediums,single_location,recurring,not_mentioned,current_self,,,medium,True,4,0,3
https://www.reddit.com/r/TheMallWorld/comments/1ptjgdt/the_neighborhood_i_spawned_in/,The neighborhood I spawned in,single_location,not_mentioned,not_mentioned,not_mentioned,,,medium,True,3,2,1
https://www.reddit.com/r/TheMallWorld/comments/1ptkrxq/attack_on_mallworld_anyone_experience_something/,Attack on Mallworld? Anyone experience something similar to this?,mostly_coherent,variation,not_mentioned,current_self,bad feeling; like something is wrong; something was off,,high,True,9,5,7
https://www.reddit.com/r/TheMallWorld/comments/1ptp97r/recurring_dreams_in_china/,recurring dreams in china,partially_coherent,recurring,not_mentioned,not_mentioned,,,medium,True,2,0,0
https://www.reddit.com/r/TheMallWorld/comments/1ptq1nk/vampire_store/,Vampire store,mostly_coherent,long_term_recurring,not_mentioned,child_self,,at ease (before waking),high,True,6,5,4
https://www.reddit.com/r/TheMallWorld/comments/1ptzucy/my_mallworld_has_become_very_consistent_and/,My MallWorld has become very consistent and layered recently.,highly_coherent,long_term_recurring,not_mentioned,current_self,,,high,True,10,8,7
https://www.reddit.com/r/TheMallWorld/comments/1pu53xp/experiences_with_similar_dreams/,Experiences with similar dreams,mostly_coherent,long_term_recurring,not_mentioned,child_self,,freaked out,medium,True,2,1,3
https://www.reddit.com/r/TheMallWorld/comments/1pueree/dream_world_pt_1/,Dream world PT 1,mostly_coherent,long_term_recurring,not_mentioned,current_self,not mentioned (comes to lost in hallway),,high,True,5,3,6
https://www.reddit.com/r/TheMallWorld/comments/1puf9oe/escaping_my_dream_world_pt_1/,Escaping my dream world PT 1,mostly_coherent,recurring,compressed,current_self,,nausea/urge to vomit; distress,high,True,3,1,7
https://www.reddit.com/r/TheMallWorld/comments/1pufn8c/escaping_my_dream_world_pt_2/,Escaping my dream world PT 2,mostly_coherent,long_term_recurring,not_mentioned,not_mentioned,,hate sleeping; somniphobia (from these dreams),medium,True,3,2,5
https://www.reddit.com/r/TheMallWorld/comments/1puphto/my_mall_world_is_actually_3_worlds_at_once/,"My mall world is actually 3 ""worlds"" at once",partially_coherent,long_term_recurring,not_mentioned,current_self,,,medium,True,3,5,0
https://www.reddit.com/r/TheMallWorld/comments/1puu8aw/mansions/,Mansions,partially_coherent,recurring,not_mentioned,not_mentioned,,,medium,True,4,2,3
https://www.reddit.com/r/TheMallWorld/comments/1pv8f55/van_sex/,Van sex,single_location,not_mentioned,compressed,current_self,,horny and annoyed,high,True,2,1,3
https://www.reddit.com/r/TheMallWorld/comments/1pv8kb7/wake_up_with_a_cock/,Wake up with a cock,single_location,not_mentioned,not_mentioned,not_mentioned,,traumatized,high,True,1,0,3
https://www.reddit.com/r/TheMallWorld/comments/1pv9lti/hospital_hell_pt_1/,Hospital hell PT 1,mostly_coherent,variation,normal,current_self,freaking out after seeing surgical scars/organ harvesting,fear/urgency; wakes while covering scarred body,high,True,4,2,6
https://www.reddit.com/r/TheMallWorld/comments/1pvcmx2/when_god_answered_what_you_truly_wanted_unselfish/,When god answered what you truly wanted (unselfish),single_location,not_mentioned,not_mentioned,current_self,"grieving, tears, sorrow","gratitude/relief implied (""thank you god"")",medium,False,2,0,2
https://www.reddit.com/r/TheMallWorld/comments/1pvmwkr/hospital_hell_pt_2/,Hospital hell PT 2,partially_coherent,not_mentioned,not_mentioned,current_self,trapped; frantic to escape,crying; wanting to wake up,high,True,5,3,5
https://www.reddit.com/r/TheMallWorld/comments/1pvoq9r/the_disgusting_closed_off_or_hidden_bathroom/,The disgusting “closed off” or hidden bathroom.,mostly_coherent,long_term_recurring,not_mentioned,current_self,,,high,True,3,1,4
https://www.reddit.com/r/TheMallWorld/comments/1pvul0u/an_interesting_thing_about_the_bathrooms/,An interesting thing about The Bathrooms,partially_coherent,recurring,not_mentioned,current_self,,,medium,True,2,1,3
https://www.reddit.com/r/TheMallWorld/comments/1pvvthq/nature/,Nature,mostly_coherent,recurring,not_mentioned,not_mentioned,,,medium,True,3,3,3
https://www.reddit.com/r/TheMallWorld/comments/1pw24f9/has_anyone_else_been_to_these_places/,Has anyone else been to these places?,mostly_coherent,long_term_recurring,not_mentioned,not_mentioned,,,medium,True,3,2,0
https://www.reddit.com/r/TheMallWorld/comments/1pw9lt4/beige_hotel/,Beige hotel,single_location,recurring,not_mentioned,not_mentioned,,,high,True,1,0,1
https://www.reddit.com/r/TheMallWorld/comments/1pwan4x/school_that_turns_into_a_mall/,School that turns into a mall?,mostly_coherent,recurring,normal,current_self,not sure where I'm going; legs on autopilot; kinda felt in a rush,woke up after landing on top of a roof,high,True,11,9,7
https://www.reddit.com/r/TheMallWorld/comments/1pwcdeg/like_many_i_have_been_having_these_dreams_for_the/,"Like many, I have been having these dreams for the past 3 years and I didn't know it was a thing til recently...",mostly_coherent,long_term_recurring,not_mentioned,current_self,,,medium,True,12,5,6
https://www.reddit.com/r/TheMallWorld/comments/1pwd9yi/wake_up/,Wake up,partially_coherent,variation,inconsistent,current_self,confused / blurry recall; then trapped/uneasy,confused,medium,True,6,4,7
https://www.reddit.com/r/TheMallWorld/comments/1pwm7yq/drowning/,Drowning,partially_coherent,not_mentioned,normal,child_self,,crying/upset upon waking,high,True,2,1,4
https://www.reddit.com/r/TheMallWorld/comments/1pwo827/orphanage_in_mall_world/,Orphanage In Mall World?,mostly_coherent,not_mentioned,not_mentioned,current_self,,,medium,True,5,4,4
https://www.reddit.com/r/TheMallWorld/comments/1pws4z7/two_pools/,two pools,single_location,recurring,not_mentioned,current_self,,JUST waking up,medium,True,2,0,2
https://www.reddit.com/r/TheMallWorld/comments/1pwu5fz/attack_monitoring/,Attack monitoring,partially_coherent,recurring,not_mentioned,current_self,not_mentioned,reeling; woke up as if not supposed to,medium,True,3,0,4
https://www.reddit.com/r/TheMallWorld/comments/1px6o5o/mw_missions/,MW Missions,partially_coherent,long_term_recurring,not_mentioned,current_self,,"really beautiful and ethereal (after mission completion, on two occasions)",medium,True,6,2,4
https://www.reddit.com/r/TheMallWorld/comments/1px7s7p/has_anyone_been_here/,Has anyone been here?,single_location,not_mentioned,not_mentioned,child_self,,,medium,True,1,1,1
https://www.reddit.com/r/TheMallWorld/comments/1pxfxne/theyre_back/,They’re back,mostly_coherent,long_term_recurring,not_mentioned,current_self,,cold sweat,medium,True,5,1,3
https://www.reddit.com/r/TheMallWorld/comments/1pxg4tr/chased_away_again_in_the_mall/,Chased away again in the mall,partially_coherent,not_mentioned,normal,current_self,happy to be there,"relieved, then woke up",high,True,5,1,5
https://www.reddit.com/r/TheMallWorld/comments/1pxjnig/island_of_the_lotus_eaters_hotel/,Island of the lotus eaters hotel,single_location,first_visit,not_mentioned,not_mentioned,,,medium,True,3,1,1
https://www.reddit.com/r/TheMallWorld/comments/1pxlct3/have_you_been_to_the_arrival_station_in_front_of/,Have you been to the arrival station in front of mall world?,partially_coherent,not_mentioned,not_mentioned,not_mentioned,,,medium,True,4,3,2
https://www.reddit.com/r/TheMallWorld/comments/1pxn14f/at_the_mountainsthis_place_freaks_me_out/,At the mountains....this place freaks me out.,mostly_coherent,recurring,not_mentioned,not_mentioned,,,high,True,8,7,7
https://www.reddit.com/r/TheMallWorld/comments/1pxo69m/ive_been_having_this_dream_every_single_night_for/,I've been having this dream every single night for the past several weeks.,partially_coherent,recurring,not_mentioned,current_self,overall sense of freedom,,medium,True,3,2,2
https://www.reddit.com/r/TheMallWorld/comments/1pxosw6/entering_mallworld_for_the_first_time_maybe/,Entering MallWorld for the first time maybe?,partially_coherent,first_visit,not_mentioned,current_self,,,low,True,2,1,0
https://www.reddit.com/r/TheMallWorld/comments/1pxsvvh/hospital_babies/,"hospital, babies",single_location,not_mentioned,compressed,current_self,,sad but understanding,medium,True,2,0,6
https://www.reddit.com/r/TheMallWorld/comments/1pxvfdt/new_colour/,New colour,single_location,not_mentioned,not_mentioned,current_self,,in awe; can't shake the feeling,high,True,1,0,1
https://www.reddit.com/r/TheMallWorld/comments/1pxwzid/dream/,Dream,partially_coherent,recurring,not_mentioned,current_self,,This place was beyond magnificent.,medium,True,12,10,7
https://www.reddit.com/r/TheMallWorld/comments/1pxyfhi/has_anyone_dreamt_of_a_weird_apartment_building/,Has anyone dreamt of a weird apartment building?,partially_coherent,variation,not_mentioned,current_self,,,medium,True,5,2,4
https://www.reddit.com/r/TheMallWorld/comments/1py0cxb/not_sure_if_this_was_mall_world_but_i_was_a_kid/,"Not sure if this was Mall World, but I was a kid....",mostly_coherent,long_term_recurring,not_mentioned,child_self,,,medium,True,5,4,3
https://www.reddit.com/r/TheMallWorld/comments/1py394e/the_underground_arcade/,The Underground Arcade,mostly_coherent,recurring,not_mentioned,not_mentioned,,,medium,True,3,2,3
https://www.reddit.com/r/TheMallWorld/comments/1py3a66/campus_hunting/,Campus hunting,mostly_coherent,first_visit,not_mentioned,current_self,not mentioned (but described as nightmare world),woke up to escape,medium,True,3,2,4
https://www.reddit.com/r/TheMallWorld/comments/1py5jsh/mallworld_house_with_secret_passages/,MallWorld house with secret passages,mostly_coherent,long_term_recurring,not_mentioned,current_self,,,high,True,8,7,6
https://www.reddit.com/r/TheMallWorld/comments/1py5m3t/convenience_store_diner/,Convenience store/ diner,single_location,variation,not_mentioned,current_self,,,high,True,1,0,3
https://www.reddit.com/r/TheMallWorld/comments/1py5zg5/urban_decay_drug_zone/,Urban decay / drug zone,mostly_coherent,recurring,not_mentioned,current_self,,,medium,True,5,3,4
https://www.reddit.com/r/TheMallWorld/comments/1pybcfu/was_anyone_else_obsessed_with_these_aquarium_lamps/,Was anyone else obsessed with these aquarium lamps?,not_enough_info,long_term_recurring,not_mentioned,child_self,,,medium,True,4,0,2
https://www.reddit.com/r/TheMallWorld/comments/1pyfgnt/bridges/,bridges,mostly_coherent,recurring,normal,not_mentioned,,woke up right after entering regularly visited mall world (last thing remembered),high,True,6,5,3
https://www.reddit.com/r/TheMallWorld/comments/1pyg19t/mall_convenience_store/,Mall convenience store?,partially_coherent,long_term_recurring,not_mentioned,not_mentioned,,,high,True,1,0,2
https://www.reddit.com/r/TheMallWorld/comments/1pyq46h/my_experience/,My experience,partially_coherent,not_mentioned,not_mentioned,current_self,"scared / panic (implied by rushing out; explicit later: scared, panic, distraught)","scared, panic, distraught",medium,True,4,2,3
https://www.reddit.com/r/TheMallWorld/comments/1pz6ddp/school_dreams/,School dreams,single_location,long_term_recurring,not_mentioned,current_self,,comforting,high,True,1,0,1
https://www.reddit.com/r/TheMallWorld/comments/1pz88wc/snowy_area_anyone/,Snowy area anyone?,mostly_coherent,first_visit,not_mentioned,not_mentioned,,,medium,True,3,1,2
https://www.reddit.com/r/TheMallWorld/comments/1pz9jf5/i_found_military_vehicles_like_the_one_pictured/,I found military vehicles (like the one pictured) in underground garages.,mostly_coherent,variation,not_mentioned,current_self,,,high,True,8,5,7
https://www.reddit.com/r/TheMallWorld/comments/1pzbc3b/plaid_dollhouse/,Plaid dollhouse,single_location,not_mentioned,not_mentioned,current_self,,,medium,True,1,0,2
https://www.reddit.com/r/TheMallWorld/comments/1pzbwx4/i_see_someone_who_died/,I see someone who died,partially_coherent,long_term_recurring,normal,current_self,,peace,medium,True,1,0,2
https://www.reddit.com/r/TheMallWorld/comments/1pzdlp2/have_any_of_you_seen_the_red_rabbit/,Have any of you seen the red rabbit???,mostly_coherent,variation,not_mentioned,current_self,,,high,True,4,3,3
https://www.reddit.com/r/TheMallWorld/comments/1pzl0ld/i_thought_i_was_crazy_no/,I Thought I Was Crazy no,mostly_coherent,long_term_recurring,not_mentioned,current_self,,,medium,True,7,5,3
https://www.reddit.com/r/TheMallWorld/comments/1pzuyej/spaceship_with_dinosaurs/,Spaceship with dinosaurs,partially_coherent,recurring,not_mentioned,not_mentioned,,,medium,True,4,2,5
https://www.reddit.com/r/TheMallWorld/comments/1pzy6eu/rescued_a_cat_in_mallworld_last_night_but_she/,"Rescued a cat in MallWorld last night, but she escaped",single_location,not_mentioned,normal,multiple,,woke up after cat escaped again,medium,False,1,0,3
https://www.reddit.com/r/TheMallWorld/comments/1q031t2/omg_the_swings/,"OMG, the swings!",single_location,not_mentioned,not_mentioned,not_mentioned,,,high,True,1,0,1
https://www.reddit.com/r/TheMallWorld/comments/1q040cj/i_visited_mall_world_last_night/,i visited mall world last night,partially_coherent,variation,not_mentioned,current_self,,,medium,True,2,0,0
https://www.reddit.com/r/TheMallWorld/comments/1q0esvd/i_think_i_was_in_the_mall_world_bathrooms_the/,I think I was in the mall world bathrooms the last two nights?,mostly_coherent,variation,not_mentioned,current_self,,This felt more odd,high,True,6,1,2
https://www.reddit.com/r/TheMallWorld/comments/1q0katv/hey_everyone/,Hey everyone.,partially_coherent,not_mentioned,not_mentioned,current_self,,,medium,True,11,4,1
https://www.reddit.com/r/TheMallWorld/comments/1q0yj6i/conference_room_in_rec_center/,Conference Room in Rec Center,single_location,not_mentioned,not_mentioned,not_mentioned,,abrupt_end,medium,True,1,0,2
https://www.reddit.com/r/TheMallWorld/comments/1q18cpe/weird_occurrence_at_the_school_last_night/,Weird occurrence at the school last night,partially_coherent,long_term_recurring,normal,current_self,out of place / searching for classes,woke up in a cold sweat,high,True,5,4,8
https://www.reddit.com/r/TheMallWorld/comments/1q1h8qi/i_keep_having_dreams_about_weird_daycaresstudy/,I keep having dreams about weird daycares/study rooms,partially_coherent,recurring,not_mentioned,current_self,,,medium,True,9,1,1
https://www.reddit.com/r/TheMallWorld/comments/1q1jodi/do_your_dream_malls_slowly_evolve_over_time_so/,"Do your dream malls slowly evolve over time, so when you go back they suddenly look different?",mostly_coherent,long_term_recurring,not_mentioned,current_self,,,medium,True,5,2,2
https://www.reddit.com/r/TheMallWorld/comments/1q1loa9/has_anyone_brought_or_had_person_they_know_come/,Has anyone brought or had person they know come with them to mall world?,single_location,recurring,not_mentioned,current_self,,,medium,True,1,0,1
https://www.reddit.com/r/TheMallWorld/comments/1q1p35l/crossing_the_border/,Crossing the Border,partially_coherent,variation,compressed,current_self,,abrupt ending upon landing in water / waking,medium,True,5,4,1
https://www.reddit.com/r/TheMallWorld/comments/1q1rvne/coffee_shop_in_the_themepark_anyone_been_there/,Coffee shop in the themepark. Anyone been there?,mostly_coherent,first_visit,not_mentioned,current_self,,bad vibes about being in the 3rd-floor office,high,True,7,6,12
https://www.reddit.com/r/TheMallWorld/comments/1q224qe/my_mall_world_predicted_my_future/,My mall world predicted my future,single_location,long_term_recurring,not_mentioned,current_self,hard on me; quite nervous (re: seeing old friends),happy; 'sooo good',medium,True,1,0,2
https://www.reddit.com/r/TheMallWorld/comments/1q2f5i4/more_war_and_chaos_in_mall_world/,More war and chaos in Mall World,partially_coherent,recurring,normal,current_self,enjoying Mall World in my sleep,,medium,True,4,0,2
https://www.reddit.com/r/TheMallWorld/comments/1q2lr3w/recurring_sludge_beast/,Recurring Sludge Beast?,not_enough_info,recurring,not_mentioned,not_mentioned,,,medium,False,1,0,1
https://www.reddit.com/r/TheMallWorld/comments/1q2w7in/last_night_i_dreamt_about_mall_world_food_court/,Last night I dreamt about mall world food court,partially_coherent,first_visit,normal,current_self,,,high,True,4,2,6
https://www.reddit.com/r/TheMallWorld/comments/1q2zmoi/competition_to_save_the_world/,Competition to save the world,mostly_coherent,long_term_recurring,inconsistent,current_self,intense urgency/fear of perishing once the games begin,relief/pleased after succeeding; sometimes wakes after dying,high,True,5,4,4
https://www.reddit.com/r/TheMallWorld/comments/1q30n9r/pink_toy_store/,pink toy store,single_location,recurring,not_mentioned,not_mentioned,,,medium,False,1,0,1
https://www.reddit.com/r/TheMallWorld/comments/1q4befl/tubeworld/,Tubeworld?,single_location,first_visit,not_mentioned,current_self,,,medium,True,1,1,1
https://www.reddit.com/r/TheMallWorld/comments/1q4ekpa/theme_park_world_cant_buckle_in_my_seat_belt_on/,Theme park world: can't buckle in my seat belt on roller coasters before they take off,partially_coherent,long_term_recurring,normal,current_self,,panicking / scared as hell,high,True,2,1,3
https://www.reddit.com/r/TheMallWorld/comments/1q4n0xt/flea_market/,Flea Market:,partially_coherent,not_mentioned,compressed,current_self,interesting / need to write it down before it fades,wakefulness hit me like a truck,high,True,1,0,5
https://www.reddit.com/r/TheMallWorld/comments/1q4ue5n/the_fair/,The fair,partially_coherent,recurring,inconsistent,not_mentioned,interesting,interesting,medium,True,3,1,3
https://www.reddit.com/r/TheMallWorld/comments/1q4vzf5/finally_made_a_purchase_in_mall_world_but/,"Finally made a purchase in Mall World, but.....",partially_coherent,recurring,inconsistent,current_self,,,high,True,5,4,6
https://www.reddit.com/r/TheMallWorld/comments/1q51t0b/back_again/,Back again,partially_coherent,recurring,inconsistent,current_self,,panic attack / thought I was dying in space (upon waking),medium,True,4,3,4
https://www.reddit.com/r/TheMallWorld/comments/1q556kv/perpetually_being_in_highschool/,Perpetually being in highschool,single_location,long_term_recurring,not_mentioned,current_self,,,high,False,1,0,1
https://www.reddit.com/r/TheMallWorld/comments/1q5cllp/new_version/,New version,partially_coherent,recurring,not_mentioned,current_self,,,medium,True,4,2,3
https://www.reddit.com/r/TheMallWorld/comments/1q5dnyh/theres_always_a_upper_level/,There's always a upper level,mostly_coherent,long_term_recurring,not_mentioned,current_self,,sad that I cant because the floors just arnt sturdy enough,medium,True,2,1,2
https://www.reddit.com/r/TheMallWorld/comments/1q5fhrd/is_something_from_mallworld_visiting_me_has/,Is something from Mallworld visiting me? Has anything like this happened to anyone else?,not_enough_info,recurring,not_mentioned,current_self,,creeping me out,medium,True,3,0,4
https://www.reddit.com/r/TheMallWorld/comments/1q5j7dt/mall_worlds_goal_cold_fusion/,Mall World’s goal = cold fusion,partially_coherent,not_mentioned,not_mentioned,current_self,,looking at the whole thing differently now,high,True,3,2,3
https://www.reddit.com/r/TheMallWorld/comments/1q5l98q/what_does_mallworld_smell_like/,What does mallworld smell like?,mostly_coherent,long_term_recurring,not_mentioned,not_mentioned,,,high,True,4,1,2
https://www.reddit.com/r/TheMallWorld/comments/1q5ly3u/deep_lucid_dream/,Deep lucid dream,partially_coherent,recurring,inconsistent,current_self,"lucid/controlled at first; then panic as dream shifts quickly (""I got a little panicked"")","uncanny/unnerved; lingering unease (""I havent been able to shake it"")",medium,True,3,2,5
https://www.reddit.com/r/TheMallWorld/comments/1q5qi9b/mall_world_zine/,Mall World Zine,partially_coherent,not_mentioned,not_mentioned,not_mentioned,,,medium,True,6,3,3
https://www.reddit.com/r/TheMallWorld/comments/1q5u627/a_store_that_had_a_tunnel_with_a_friendly_monster/,A store that had a tunnel with a friendly monster at the bottom,partially_coherent,long_term_recurring,not_mentioned,child_self,,,medium,True,4,5,10
https://www.reddit.com/r/TheMallWorld/comments/1q6j1nr/been_dreaming_of_a_highway_like_this_and_a_mall/,been dreaming of a highway like this and a mall with a bunch of tea places lately,single_location,recurring,not_mentioned,not_mentioned,,,medium,True,2,1,0
https://www.reddit.com/r/TheMallWorld/comments/1q6jfv6/red_and_beige_hotelhare_krishna/,red and beige hotel/hare krishna,mostly_coherent,first_visit,not_mentioned,current_self,,,high,True,6,6,4
https://www.reddit.com/r/TheMallWorld/comments/1q6qeu6/shopping_with_myself/,Shopping with myself?!,partially_coherent,not_mentioned,normal,multiple,,,medium,True,3,2,5
https://www.reddit.com/r/TheMallWorld/comments/1q6r1sm/creepy_canal_somtimes_combined_with_a_wild_water/,"Creepy canal, somtimes combined with a wild water ride",single_location,recurring,not_mentioned,not_mentioned,,,medium,True,1,0,0
https://www.reddit.com/r/TheMallWorld/comments/1q6tv2c/my_mall_world_jumped_the_shark/,My mall world jumped the shark,single_location,recurring,not_mentioned,current_self,trying to find my way out of mall world so I could get back home,,medium,True,1,0,2
https://www.reddit.com/r/TheMallWorld/comments/1q6upt9/found_myself_in_a_tunnel_between_roomsshops_in/,Found Myself In a Tunnel Between Rooms/Shops In Mallworld The Other Night,partially_coherent,not_mentioned,not_mentioned,not_mentioned,,,medium,True,1,1,1
https://www.reddit.com/r/TheMallWorld/comments/1q71au3/mall_dream_where_you_try_to_find_your_school_exit/,Mall dream where you try to find your school/ exit,partially_coherent,recurring,not_mentioned,current_self,,,medium,True,6,5,3
https://www.reddit.com/r/TheMallWorld/comments/1q7dgkj/a_dream_bardo_void_detachment_and_mallworld/,"A Dream: Bardo Void, Detachment, and MallWorld",partially_coherent,recurring,not_mentioned,current_self,"urgent fear/struggle to protect daughter (""big epic struggle to keep her safe"")","peace/surrender (""I actually was at peace"")",high,True,2,1,4
https://www.reddit.com/r/TheMallWorld/comments/1q7x51p/ive_had_dreams_of_visiting_both_places_that_are/,"I’ve had dreams of visiting both places that are very similar to these. First one is a half demolished house, and I get to each floor via ladder. And the second place is this dismantled/broken concert stage/scaffolding. Has anyone else been to these places?",single_location,recurring,not_mentioned,not_mentioned,,,medium,True,2,1,0
https://www.reddit.com/r/TheMallWorld/comments/1q85qu4/mall_city_connecter/,Mall city connecter,mostly_coherent,recurring,not_mentioned,not_mentioned,glad I found this sub,,medium,True,3,1,2
https://www.reddit.com/r/TheMallWorld/comments/1q8logv/i_think_nature_is_reclaiming_my_mallworld/,I think nature is reclaiming my mallworld…,mostly_coherent,long_term_recurring,not_mentioned,current_self,,,medium,True,9,2,0
https://www.reddit.com/r/TheMallWorld/comments/1q8xuju/food_court_connected_to_airport_via_tunnels/,Food court connected to airport via tunnels?,mostly_coherent,not_mentioned,normal,current_self,,,medium,True,3,1,3
https://www.reddit.com/r/TheMallWorld/comments/1q91azh/im_still_not_sure_if_ive_been_to_mall_world_has/,I'm still not sure if I've been to Mall World. Has anyone else had experiences like the following:,partially_coherent,long_term_recurring,not_mentioned,current_self,,,medium,True,10,2,3
https://www.reddit.com/r/TheMallWorld/comments/1q93k3h/i_met_an_entity_named_three/,I met an Entity named Three,partially_coherent,not_mentioned,not_mentioned,current_self,,,medium,True,3,1,7
https://www.reddit.com/r/TheMallWorld/comments/1q9eluw/went_streaking_through_mallworld_last_night/,Went Streaking Through MallWorld Last Night 🤣 Apologies If You Saw That,partially_coherent,not_mentioned,not_mentioned,current_self,,sweet freedom (positive relief),medium,True,2,1,4
https://www.reddit.com/r/TheMallWorld/comments/1q9mvi3/has_anyone_been_in_this_family_living_room/,Has anyone been in this family living room?,mostly_coherent,recurring,not_mentioned,current_self,,,medium,True,5,4,2
https://www.reddit.com/r/TheMallWorld/comments/1q9s22g/was_this_mall_world/,Was this mall world??,partially_coherent,not_mentioned,not_mentioned,current_self,,anxiety after waking; nervous to sleep / avoid revisiting,medium,True,3,2,6
https://www.reddit.com/r/TheMallWorld/comments/1q9ytli/my_mall_world_experience/,my mall world experience,single_location,first_visit,not_mentioned,younger_self,not_mentioned,psyched out; turns my stomach,medium,True,2,1,3
https://www.reddit.com/r/TheMallWorld/comments/1qa3iop/dentist_office_in_a_mall/,Dentist Office in a Mall:,mostly_coherent,not_mentioned,not_mentioned,current_self,groggy from waking up (describing recall); in-dream emotion not stated at start,,high,True,3,1,3
https://www.reddit.com/r/TheMallWorld/comments/1qamse3/pet_stores_with_weird_animals/,Pet stores with weird animals…,partially_coherent,recurring,not_mentioned,not_mentioned,,,medium,True,3,0,2
https://www.reddit.com/r/TheMallWorld/comments/1qao9jt/the_librariesanyone_been_in_these/,The Libraries.....anyone been in these?,mostly_coherent,recurring,not_mentioned,current_self,,,high,True,6,4,4
https://www.reddit.com/r/TheMallWorld/comments/1qauutt/family_gatherings/,Family Gatherings,not_enough_info,long_term_recurring,not_mentioned,not_mentioned,,"relief (""at least I am not having nightmares anymore"")",medium,False,1,0,3
https://www.reddit.com/r/TheMallWorld/comments/1qc9vzm/my_way_of_explaining_my_mall_world/,My way of explaining my Mall World.,partially_coherent,long_term_recurring,inconsistent,not_mentioned,,,medium,True,2,1,1
https://www.reddit.com/r/TheMallWorld/comments/1qcefyk/one_of_many_entrances_into_the_mall/,One of many entrances into the mall,single_location,not_mentioned,not_mentioned,not_mentioned,,,medium,True,3,1,1
https://www.reddit.com/r/TheMallWorld/comments/1qcodkj/first_time_mallworld_dreamer/,First Time Mallworld Dreamer.,mostly_coherent,first_visit,inconsistent,current_self,awe / looking around in awe (after morph into mall),sad they woke before getting the protogen; stoked when woke up,high,True,11,11,12
https://www.reddit.com/r/TheMallWorld/comments/1qcp2rd/running_hiding/,Running &amp; hiding.,partially_coherent,not_mentioned,not_mentioned,current_self,,exhausted,medium,True,6,5,5
https://www.reddit.com/r/TheMallWorld/comments/1qcx7jy/last_nights_dream_a_toxic_gassing/,Last Night’s Dream: a toxic gassing?,partially_coherent,first_visit,not_mentioned,current_self,,,medium,True,6,5,6
https://www.reddit.com/r/TheMallWorld/comments/1qcyf1g/finally_saw_the_water_park/,Finally saw the water park,single_location,not_mentioned,compressed,current_self,,woke up shortly after that,high,True,1,0,1
https://www.reddit.com/r/TheMallWorld/comments/1qd7kk3/i_keep_dreaming_about_mall_worldbut_it_feel/,I keep dreaming about mall world....but it feel strange,mostly_coherent,recurring,inconsistent,current_self,odd/strange,woke up very suddenly,medium,True,7,4,6
https://www.reddit.com/r/TheMallWorld/comments/1qdd183/the_parking_lot/,The Parking Lot...,mostly_coherent,recurring,normal,current_self,,woke up before getting home,high,True,10,10,11
https://www.reddit.com/r/TheMallWorld/comments/1qdrs1t/intense_and_lost_in_mall_world_but_not/,Intense and lost in mall world but not necessarily creepy or scary.,mostly_coherent,not_mentioned,not_mentioned,current_self,,woke up completely drenched,high,True,13,12,11
https://www.reddit.com/r/TheMallWorld/comments/1qe3wkg/do_these_elevators_look_familiar/,Do these Elevators look familiar?,partially_coherent,recurring,not_mentioned,not_mentioned,,,medium,True,4,2,0
https://www.reddit.com/r/TheMallWorld/comments/1qe7aj4/airport_with_all_black_glass_windows_boarding/,"Airport with all black glass windows, boarding spaceship",mostly_coherent,recurring,compressed,current_self,overwhelming panic,,high,True,2,1,3
https://www.reddit.com/r/TheMallWorld/comments/1qecvp0/was_anyone_on_this_ride_with_me/,Was anyone on this ride with me?,single_location,recurring,not_mentioned,not_mentioned,,,medium,True,3,2,1
https://www.reddit.com/r/TheMallWorld/comments/1qego11/i_think_i_may_have_gone_to_mall_world_last_night/,I think I may have gone to mall world last night,partially_coherent,first_visit,compressed,current_self,,,medium,True,3,2,4
https://www.reddit.com/r/TheMallWorld/comments/1qf0ejb/every_damn_night/,Every damn night,not_enough_info,long_term_recurring,not_mentioned,not_mentioned,,,minimal,False,1,0,1
https://www.reddit.com/r/TheMallWorld/comments/1qf8ezz/dreamt_of_a_mall_looking_place/,Dreamt of a Mall looking place.,partially_coherent,not_mentioned,not_mentioned,not_mentioned,,,low,True,2,1,1
https://www.reddit.com/r/TheMallWorld/comments/1qf9pxn/anyone_else_have_things_in_their_mall_world_that/,Anyone else have things in their mall world that is stranger than the constant dirty bathrooms?,partially_coherent,recurring,not_mentioned,not_mentioned,,,medium,True,2,0,3
https://www.reddit.com/r/TheMallWorld/comments/1qfujle/the_infinite_walmart/,The infinite Walmart,mostly_coherent,long_term_recurring,not_mentioned,current_self,,,medium,True,2,1,2
https://www.reddit.com/r/TheMallWorld/comments/1qga0mv/mall_world_as_a_transitional_place_in_dreams_and/,Mall World as a transitional place in dreams and reoccurring residents.,mostly_coherent,long_term_recurring,inconsistent,current_self,nightmares heating up; desperately searching for these escapes,,medium,True,5,4,6
https://www.reddit.com/r/TheMallWorld/comments/1qghrnx/dead_end_round_i_keep_hitting/,dead end round I keep hitting,single_location,recurring,not_mentioned,not_mentioned,,,medium,True,1,0,2
https://www.reddit.com/r/TheMallWorld/comments/1qglu9z/ive_been_having_mallworld_dreams_more_often_lately/,I’ve been having Mallworld dreams more often lately…,mostly_coherent,long_term_recurring,normal,multiple,couldn’t find my way out,about to drown and I wake up,high,True,9,8,10
https://www.reddit.com/r/TheMallWorld/comments/1qgq3an/curious/,Curious,not_enough_info,long_term_recurring,not_mentioned,not_mentioned,creepy and ominous feeling,feeling like I need to run for my life,medium,True,1,0,1
https://www.reddit.com/r/TheMallWorld/comments/pu2n7l/the_things_i_see/,The Things I See,highly_coherent,long_term_recurring,inconsistent,current_self,,,high,True,22,10,10
https://www.reddit.com/r/TheMallWorld/comments/pu4nkc/always_a_place_of_learningteaching_or_a_place_of/,Always a place of learning/teaching or a place of commerce/trade,mostly_coherent,long_term_recurring,not_mentioned,current_self,,woke up when tried to fly while lucid,medium,True,10,3,4
https://www.reddit.com/r/TheMallWorld/comments/pu8r8i/place_of_business_elevator_dreams/,Place of business / elevator dreams,mostly_coherent,long_term_recurring,not_mentioned,current_self,stressed; under pressure; late,,high,True,3,4,5
https://www.reddit.com/r/TheMallWorld/comments/pu8tqs/recurring_mall_dream/,Recurring mall dream,mostly_coherent,long_term_recurring,not_mentioned,current_self,,,high,True,4,6,3
https://www.reddit.com/r/TheMallWorld/comments/puavcj/recurring_mall_dream/,Recurring mall dream,mostly_coherent,recurring,not_mentioned,not_mentioned,,,medium,True,5,3,6
https://www.reddit.com/r/TheMallWorld/comments/pudf2f/dreamworlds_crosspost/,Dreamworlds (Cross-post),mostly_coherent,recurring,not_mentioned,current_self,Not sure if I'm in real life or in that alternate dream world,,medium,True,14,1,4
https://www.reddit.com/r/TheMallWorld/comments/pufjlv/no_mall_but_similar_hyperreal_recurring_dream/,"No mall, but similar “hyperreal” recurring dream tower and others",mostly_coherent,long_term_recurring,not_mentioned,current_self,,,medium,True,3,1,3
https://www.reddit.com/r/TheMallWorld/comments/puidkw/a_shopping_mallleisure_centre_complex_with_staff/,A shopping mall/leisure centre complex with staff hallways and a hidden abandoned room that leads to labyrinths and tunnels.,mostly_coherent,long_term_recurring,not_mentioned,current_self,rushed/busy; emergency-driven,,high,True,4,3,3
https://www.reddit.com/r/TheMallWorld/comments/pvcd0z/crossposted_from_high_strangeness/,Crossposted from High Strangeness,mostly_coherent,recurring,not_mentioned,current_self,trying to get back to the hotel; late; frustration/anxiety,panic; wakes self up to exit,high,True,13,11,12
https://www.reddit.com/r/TheMallWorld/comments/pvd85l/mahogany_and_marble/,Mahogany and Marble,mostly_coherent,long_term_recurring,not_mentioned,not_mentioned,,,high,True,6,0,0
https://www.reddit.com/r/TheMallWorld/comments/pvje1o/i_have_a_mall_dream/,I have a mall dream!,partially_coherent,not_mentioned,inconsistent,current_self,,"grateful/relieved (""grateful as I have ever been in my life"")",high,True,9,8,12
https://www.reddit.com/r/TheMallWorld/comments/pvt07d/soothing_to_the_subconscious/,Soothing to the subconscious,not_enough_info,recurring,not_mentioned,current_self,not_mentioned,frustrated when I wake up,medium,False,2,0,2
https://www.reddit.com/r/TheMallWorld/comments/pw5q01/mall_dreams/,Mall Dreams,mostly_coherent,recurring,not_mentioned,not_mentioned,,,high,True,15,5,4
https://www.reddit.com/r/TheMallWorld/comments/q13mnj/i_have_a_mallairportferry_port_in_my_dreams_i/,I have a mall/airport/ferry port in my dreams I call ‘Grand Dream Central’.,highly_coherent,long_term_recurring,not_mentioned,current_self,,,high,True,16,10,2
https://www.reddit.com/r/TheMallWorld/comments/q15sd1/rpg_style_map_overhead_view_anyone/,RPG style map overhead view anyone?,partially_coherent,long_term_recurring,not_mentioned,current_self,,,medium,True,3,2,3
https://www.reddit.com/r/TheMallWorld/comments/q6i3dk/my_memories_after_reading_these_posts_that_are/,My memories after reading these posts that are the same/ differ from mine...,mostly_coherent,long_term_recurring,not_mentioned,current_self,,,medium,True,21,10,3
https://www.reddit.com/r/TheMallWorld/comments/q8y7du/i_also_had_the_mall_world_dream_early_sept_and/,I also had the mall world dream early Sept and tried to explain it to my partner. Mall on arched bridge (left to right) with straight highway bridge out to it over crystal blue water. The mall was glass/clear plexiglass rooms/ sections/ spaces. Also a recurring dream of a hotel,mostly_coherent,recurring,not_mentioned,not_mentioned,,,medium,True,4,1,0
https://www.reddit.com/r/TheMallWorld/comments/qakecc/another_part_of_my_dreaming/,Another part of my 'Dreaming'...,mostly_coherent,recurring,normal,not_mentioned,,,high,True,2,1,1
https://www.reddit.com/r/TheMallWorld/comments/qaw4vo/so_apparently_ive_been_sharing_a_dream_space_with/,"So, apparently I've been sharing a dream space with you all for about 30 years...sup fam?",partially_coherent,long_term_recurring,not_mentioned,not_mentioned,,not_mentioned,medium,True,5,3,2
https://www.reddit.com/r/TheMallWorld/comments/qlruz0/small_hole_in_the_wall_mexican_restaurant_with_a/,Small hole in the wall Mexican restaurant with a weird bathroom.,mostly_coherent,first_visit,not_mentioned,current_self,,grossed out,high,True,3,1,1
https://www.reddit.com/r/TheMallWorld/comments/qvs0zu/just_found_this_group_this_a_post_i_made_in/,"Just found this group, this a post I made in dreams and I found this subreddit",mostly_coherent,long_term_recurring,not_mentioned,current_self,mind blown,,medium,True,15,5,5
https://www.reddit.com/r/TheMallWorld/comments/qw27oy/my_worlds/,My world's,partially_coherent,long_term_recurring,not_mentioned,current_self,,,medium,True,4,0,2
https://www.reddit.com/r/TheMallWorld/comments/qw9ldk/the_tunnelsbasement_mall/,The Tunnels/Basement Mall,partially_coherent,recurring,not_mentioned,not_mentioned,,,medium,True,3,2,0
https://www.reddit.com/r/TheMallWorld/comments/qzguxo/crater_lake_with_deep_ancient_large_sharks/,"Crater lake with deep, ancient, large sharks",partially_coherent,recurring,not_mentioned,not_mentioned,deep dread,,high,True,3,1,1
https://www.reddit.com/r/TheMallWorld/comments/r2kxdl/hotelschool_connected_to_mallcinemaairport_with/,hotel/school connected to mall/cinema/airport with killer,partially_coherent,variation,compressed,current_self,party/drinking vibe; invited with whole community (exact emotion not explicitly named),escape-focused; ended by escaping on the plane (fear implied),medium,True,9,6,8
https://www.reddit.com/r/TheMallWorld/comments/r3z6z9/dream_boy_at_mallworld/,dream boy at mallworld,partially_coherent,recurring,not_mentioned,current_self,,woke up after smoking a cigarette,medium,True,2,1,3
https://www.reddit.com/r/TheMallWorld/comments/re3efh/my_mallworld_the_soul_hospital/,My mallworld - the Soul Hospital,mostly_coherent,recurring,not_mentioned,current_self,,dread; woke up with migraine,high,True,12,8,2
https://www.reddit.com/r/TheMallWorld/comments/rxxd6n/toy_store_huge_slide/,Toy store huge slide,single_location,not_mentioned,inconsistent,not_mentioned,doesn't want to go down the slide,,medium,True,2,2,3
https://www.reddit.com/r/TheMallWorld/comments/rzlcx3/115_dream_areaszones/,115 Dream Areas/Zones,highly_coherent,long_term_recurring,not_mentioned,current_self,,,medium,True,34,14,8
https://www.reddit.com/r/TheMallWorld/comments/sq6fr0/i_think_i_have_been_going_to_this_world_for/,"I think I have been going to this world for months and found this sub today, here's my dream from last night",partially_coherent,recurring,not_mentioned,current_self,,blowing my mind,medium,True,2,1,3
https://www.reddit.com/r/TheMallWorld/comments/t9ud9m/last_night_i_dreamt_it_i_dreamt_of_what_everyone/,"Last night. I dreamt it. I dreamt of what everyone refers to as ""Mall World."" This is what I remember. (cross posting from r/highstrangeness)",mostly_coherent,first_visit,inconsistent,current_self,curious / trying to decipher dream (after waking); in-dream starts with going to meet family,bizarre/startled; wants to go back,high,True,13,11,10
https://www.reddit.com/r/TheMallWorld/comments/tbdq7l/my_version_of_mall_world/,My Version of Mall World,mostly_coherent,long_term_recurring,not_mentioned,current_self,not_mentioned,not_mentioned,high,True,7,5,6
https://www.reddit.com/r/TheMallWorld/comments/te4zay/i_wonder_if_there_is_a_reason/,I wonder if there is a reason,partially_coherent,recurring,inconsistent,current_self,speechless / mind blown (after reading posts); in-dream: trying to get somewhere but held back,wondering/curious,medium,True,8,6,5
https://www.reddit.com/r/TheMallWorld/comments/te7wpr/mallworld_with_faceless_people/,Mallworld with faceless people?,mostly_coherent,long_term_recurring,inconsistent,multiple,fear/disorientation in early bridge fall; later often neutral/perturbed,not_mentioned,high,True,19,3,16
https://www.reddit.com/r/TheMallWorld/comments/thijes/motorway_flyovers/,Motorway flyovers,not_enough_info,recurring,not_mentioned,not_mentioned,,,medium,True,1,0,1
https://www.reddit.com/r/TheMallWorld/comments/tjge2q/mall_world_repeat_dreams/,Mall World Repeat Dreams,mostly_coherent,recurring,not_mentioned,current_self,not_mentioned,not_mentioned,medium,True,6,1,2
https://www.reddit.com/r/TheMallWorld/comments/tpx4au/so_exited_to_find_this_subreddit_ive_never_seen/,"So exited to find this subreddit, I've never seen anyone else talk about this.",mostly_coherent,long_term_recurring,not_mentioned,current_self,very exited,,high,True,4,0,1
https://www.reddit.com/r/TheMallWorld/comments/u0ci42/school_world/,School World,mostly_coherent,recurring,inconsistent,current_self,on edge or panicky,,high,True,7,6,11
https://www.reddit.com/r/TheMallWorld/comments/ua1ov0/hotel_world/,Hotel world,mostly_coherent,long_term_recurring,not_mentioned,current_self,,,high,True,9,5,6
https://www.reddit.com/r/TheMallWorld/comments/uemg76/not_exactly_a_mall_world_but_near_death/,"Not exactly a mall world, but near death experience room.",single_location,not_mentioned,inconsistent,current_self,not feeling rested enough,freaked out / thought I might’ve died,high,True,3,2,4
https://www.reddit.com/r/TheMallWorld/comments/v97ht2/just_introduced_to_this_sub_and_my_mind_is_a/,Just introduced to this sub and my mind is a little blown.,mostly_coherent,long_term_recurring,not_mentioned,current_self,freaking out / anxious about schedule and being in trouble,sad / homesick,high,True,8,4,3
https://www.reddit.com/r/TheMallWorld/comments/vdfjkz/schoolmallports/,School-mallports,partially_coherent,variation,not_mentioned,current_self,,,medium,True,4,0,3
https://www.reddit.com/r/TheMallWorld/comments/vdksgg/was_there_again_last_night/,Was there again last night.,partially_coherent,recurring,not_mentioned,not_mentioned,,,medium,True,2,1,1
https://www.reddit.com/r/TheMallWorld/comments/vdpk4y/apocalypse_dreams/,Apocalypse dreams,partially_coherent,recurring,not_mentioned,not_mentioned,,,medium,True,4,3,2
https://www.reddit.com/r/TheMallWorld/comments/veg2wj/interested_that_other_people_are_having_this_type/,Interested that other people are having this type of dream.,partially_coherent,recurring,not_mentioned,not_mentioned,,,medium,True,3,0,2
https://www.reddit.com/r/TheMallWorld/comments/veg3dc/interested_that_other_people_are_having_this_type/,Interested that other people are having this type of dream.,partially_coherent,recurring,not_mentioned,not_mentioned,,,medium,True,3,0,1
https://www.reddit.com/r/TheMallWorld/comments/veg8uj/the_shops_are_vast_multi_storied_and_usually_part/,"The shops are vast, multi storied and usually part closed/fully closing.",partially_coherent,recurring,not_mentioned,not_mentioned,not_mentioned,not_mentioned,medium,True,3,0,1
https://www.reddit.com/r/TheMallWorld/comments/veqnhg/ive_had_multiple_dream_spaces_for_as_long_as_i/,I've had multiple dream spaces for as long as I can remember.,mostly_coherent,long_term_recurring,not_mentioned,current_self,,,high,True,7,3,3
https://www.reddit.com/r/TheMallWorld/comments/vgip9i/classroom_and_driving_in_a_group_down_a_highway/,Classroom and Driving in a group down a highway,partially_coherent,not_mentioned,looping,younger_self,,,high,True,3,2,2
https://www.reddit.com/r/TheMallWorld/comments/vizjpf/nsfw_leather_bdsm_clubs_in_dream_world/,NSFW: Leather/ BDSM Clubs in Dream World?,single_location,recurring,not_mentioned,current_self,,,high,False,1,0,1
https://www.reddit.com/r/TheMallWorld/comments/vocktm/the_food_court_ritual/,The food court ritual,single_location,not_mentioned,not_mentioned,current_self,,surprised,medium,True,1,0,2
https://www.reddit.com/r/TheMallWorld/comments/voojix/i_thought_i_was_crazy/,I thought I was crazy…,partially_coherent,not_mentioned,compressed,current_self,pure euphoria; calm,sense of relief (after finding subreddit/shared experience),medium,True,3,1,3
https://www.reddit.com/r/TheMallWorld/comments/vvjjyq/a_few_more_of_my_dreamworlds/,A few more of my dreamworlds,mostly_coherent,long_term_recurring,looping,current_self,dread & exhaustion most of the time (in Fairylands); cool but also scary/proud (highway to amusement park),,high,True,9,7,7
https://www.reddit.com/r/TheMallWorld/comments/vw99s4/the_mall_world_is_a_central_meeting_point_of/,The Mall World is a Central Meeting Point of Human Souls when Dreaming. Also ATM Machines are Portals.. Read my bizarre dream for more details,mostly_coherent,recurring,normal,current_self,,,high,True,4,4,6
https://www.reddit.com/r/TheMallWorld/comments/vwoae0/labyrinthine_dreams_being_the_entry_to_the/,"Labyrinthine dreams being the ""entry"" to the mallworld?",partially_coherent,recurring,not_mentioned,current_self,normal dream; then noticing others acting weird,woke up; couldn't fall back asleep,medium,True,2,2,3
https://www.reddit.com/r/TheMallWorld/comments/w35fze/the_tunnels_under_the_mall_feel_unsafe/,The tunnels under the mall feel... unsafe,partially_coherent,recurring,not_mentioned,current_self,not alone / unsafe feeling in tunnels (first visit),woke up (second visit); concern/unease implied,medium,True,2,2,5
https://www.reddit.com/r/TheMallWorld/comments/w3trox/my_one_mall_astral_experience_described_plus_is/,"My one ""mall"" astral experience described - Plus, is there a Donald Marshall REM/Clone connection here? Discussion.",mostly_coherent,recurring,not_mentioned,current_self,,,medium,True,3,2,1
https://www.reddit.com/r/TheMallWorld/comments/w3vjxj/astral_experiences_to_places_i_felt_were_real/,Astral experiences to places I felt were real - Have you seen these two places?,mostly_coherent,long_term_recurring,compressed,current_self,,urgency/distress; reports being unable to astral project anymore,high,True,10,8,9
https://www.reddit.com/r/TheMallWorld/comments/w6idlf/for_all_of_you_its_the_mall_for_me_its_the_subway/,"For All of you, it's the Mall - for me it's the Subway. Every. Single. Time.",mostly_coherent,long_term_recurring,not_mentioned,current_self,scared and excited,scared and excited,high,True,4,2,4
https://www.reddit.com/r/TheMallWorld/comments/wawe8m/i_popped_into_the_mall_before_it_was_ready_for_me/,I popped into the mall before it was “ready” for me,single_location,not_mentioned,compressed,different_person,horrible visceral nightmare,,medium,True,2,1,3
https://www.reddit.com/r/TheMallWorld/comments/wt5cgl/school_world_pt_2/,School World pt. 2,mostly_coherent,recurring,not_mentioned,current_self,panicking about where I’m going to park,,high,True,20,13,10
https://www.reddit.com/r/TheMallWorld/comments/wviyqv/aquarium_world/,Aquarium World,single_location,not_mentioned,not_mentioned,current_self,,,medium,True,3,2,3
https://www.reddit.com/r/TheMallWorld/comments/wzjyjq/drawing_of_random_world/,Drawing of random world,highly_coherent,long_term_recurring,not_mentioned,not_mentioned,,,medium,True,12,8,1
https://www.reddit.com/r/TheMallWorld/comments/wzkatt/mallworld_drawing/,Mallworld drawing,highly_coherent,long_term_recurring,not_mentioned,not_mentioned,,,medium,True,21,16,2
https://www.reddit.com/r/TheMallWorld/comments/x1ddii/attacked_in_the_mall_world/,Attacked in the mall world,partially_coherent,not_mentioned,not_mentioned,current_self,lucid/awake; motivated to find a specific man,unnerved; fear,high,True,2,1,6
https://www.reddit.com/r/TheMallWorld/comments/x6mc84/the_elevator_in_the_casino/,The Elevator in the Casino,partially_coherent,not_mentioned,inconsistent,current_self,jerked awake panicking; something felt really wrong,,medium,True,6,4,3
https://www.reddit.com/r/TheMallWorld/comments/xchpz4/fun_center_in_mall/,'Fun Center' in Mall,partially_coherent,recurring,not_mentioned,not_mentioned,,,high,True,2,0,2
https://www.reddit.com/r/TheMallWorld/comments/xltcgg/i_think_reading_this_sub_triggered_my_dream/,I think reading this sub triggered my dream,partially_coherent,first_visit,compressed,current_self,curious/vivid/positive (birthday celebration context),very weird and vivid,high,True,4,3,6
https://www.reddit.com/r/TheMallWorld/comments/xltge8/underground_tortureweapon_museum/,Underground torture/weapon museum,mostly_coherent,recurring,not_mentioned,current_self,,,high,True,2,1,2
https://www.reddit.com/r/TheMallWorld/comments/xmatb9/weird_synchronicity_running_into_this_sub/,Weird synchronicity running into this sub,mostly_coherent,long_term_recurring,not_mentioned,current_self,not_mentioned,not_mentioned,high,True,6,4,5
https://www.reddit.com/r/TheMallWorld/comments/xskij1/went_to_an_indooroutdoor_food_court_last_night/,Went to an indoor/outdoor food court last night.,mostly_coherent,not_mentioned,not_mentioned,current_self,,,high,True,5,4,5
https://www.reddit.com/r/TheMallWorld/comments/xsopgk/anyone_have_a_subway_in_their_mallworld/,Anyone have a subway in their mallworld?,mostly_coherent,recurring,not_mentioned,current_self,,,high,True,4,3,6
https://www.reddit.com/r/TheMallWorld/comments/y0wnqz/notable_dreams/,Notable dreams,incoherent,variation,inconsistent,current_self,,,medium,True,15,6,11
https://www.reddit.com/r/TheMallWorld/comments/y1uli7/every_time_i_end_up_in_the_school_i_see_little_me/,every time i end up in the school i see little me,mostly_coherent,recurring,not_mentioned,multiple,,distressing,high,True,4,2,5
https://www.reddit.com/r/TheMallWorld/comments/y2h2m3/finally_reached_the_hotel/,Finally reached the Hotel,not_enough_info,variation,not_mentioned,current_self,,,medium,False,3,0,1
https://www.reddit.com/r/TheMallWorld/comments/y4hgbj/i_keep_dreaming_the_us_gets_hit_by_a_nuke/,I keep dreaming the U.S. gets hit by a nuke...,single_location,recurring,not_mentioned,current_self,asleep in bed; wakes to blasts/siren,terrifying,high,False,1,0,1
https://www.reddit.com/r/TheMallWorld/comments/ynccs3/delivery_entrance/,Delivery entrance;,mostly_coherent,variation,not_mentioned,not_mentioned,,,high,True,4,3,2
https://www.reddit.com/r/TheMallWorld/comments/ynxohd/singular_house_in_a_black_void/,Singular House In A Black Void,mostly_coherent,not_mentioned,not_mentioned,current_self,,not_mentioned,high,True,8,6,10
https://www.reddit.com/r/TheMallWorld/comments/yp6nj7/my_mall_worlds/,My Mall World(s),mostly_coherent,recurring,not_mentioned,not_mentioned,,,medium,True,16,8,1
https://www.reddit.com/r/TheMallWorld/comments/yq5ude/bizarre_mall_experience/,Bizarre mall experience,single_location,not_mentioned,not_mentioned,current_self,,indescribable; 'More than a dream',medium,True,3,0,6
https://www.reddit.com/r/TheMallWorld/comments/yqaax5/resorttheme_park/,Resort/Theme Park,mostly_coherent,recurring,not_mentioned,current_self,,woke up as they were being taken back in a truck,high,True,8,7,6
https://www.reddit.com/r/TheMallWorld/comments/ysuwbm/spoke_to_men_in_the_warehouse/,Spoke to men in the Warehouse,mostly_coherent,first_visit,inconsistent,current_self,excited but a little spooked (about similarities in dreams),spooked; trying to retain what was said as waking up,high,True,6,5,4
https://www.reddit.com/r/TheMallWorld/comments/yu57mm/inflatable_airplanes/,Inflatable Airplanes,mostly_coherent,long_term_recurring,not_mentioned,current_self,,,medium,True,6,4,3
https://www.reddit.com/r/TheMallWorld/comments/yu6kt9/theater_and_smokestacks/,Theater and Smokestack(s),mostly_coherent,not_mentioned,inconsistent,current_self,Dream had an 'other' quality; took note of oddness,Woke up / doesn't remember anything else,high,True,6,3,1
https://www.reddit.com/r/TheMallWorld/comments/yu7vrb/almost_exactly_my_dream_looking_down_from_top/,"Almost exactly my dream, looking down from top balcony at this, think there are toy trains set up below. Go into “hotel” room after, fall asleep in dream, wake up in real life.",single_location,not_mentioned,not_mentioned,current_self,,wake up in real life (after falling asleep in dream),medium,True,2,1,2
https://www.reddit.com/r/TheMallWorld/comments/yu83e5/whats_a_food_that_you_had_at_the_food_court/,What's a food that you had at the Food Court?,single_location,not_mentioned,not_mentioned,current_self,,,high,False,1,0,3
https://www.reddit.com/r/TheMallWorld/comments/yxh28q/was_blown_away_by_this_sub_some_eerie_connections/,Was blown away by this sub… some eerie connections…,mostly_coherent,recurring,not_mentioned,current_self,,"dread / emotional (""I almost cried"")",medium,True,5,2,2
https://www.reddit.com/r/TheMallWorld/comments/yxvnfy/rustedabandoned_structures_anyone_else_been_to/,Rusted/abandoned structures- anyone else been to these? Usually right outside the city in a coastal town/city right off shore. They’re about 100ft from land. Had a “dream” the other night where me and some beings were doing flips off the ladder leading up to one- looked extremely similar to pic 3,single_location,not_mentioned,not_mentioned,not_mentioned,,,medium,True,1,0,1
https://www.reddit.com/r/TheMallWorld/comments/yy4qrx/recurring_dream_about_a_school/,Recurring dream about a school,highly_coherent,recurring,not_mentioned,younger_self,anxiety of realizing I’m not sure where I need to go,,high,True,10,7,3
https://www.reddit.com/r/TheMallWorld/comments/yyrvqy/is_this_an_example_of_a_mall_world/,Is this an example of a mall world?,partially_coherent,first_visit,inconsistent,younger_self,,woke up in a somewhat emotional state,medium,True,1,0,1
https://www.reddit.com/r/TheMallWorld/comments/yz5x84/super_fast_slides_and_moving_escalators/,Super Fast Slides and Moving Escalators,mostly_coherent,recurring,fast,current_self,,,medium,True,3,6,1
https://www.reddit.com/r/TheMallWorld/comments/z0hik6/mall_dreams/,Mall dreams,partially_coherent,recurring,not_mentioned,not_mentioned,,,medium,True,2,1,0
https://www.reddit.com/r/TheMallWorld/comments/z0myoa/new_area/,new area,mostly_coherent,recurring,compressed,current_self,,woke up soon after,medium,True,3,2,2
https://www.reddit.com/r/TheMallWorld/comments/z32twn/23_years/,2-3 years,not_enough_info,long_term_recurring,not_mentioned,current_self,,,medium,False,4,3,1
https://www.reddit.com/r/TheMallWorld/comments/z34pl5/has_anybody_been_to_the_turtle_restaurant/,Has anybody been to the turtle restaurant?,mostly_coherent,not_mentioned,not_mentioned,not_mentioned,,,high,True,3,1,1
https://www.reddit.com/r/TheMallWorld/comments/z37lhp/the_sun_in_dreams/,The Sun in dreams,partially_coherent,recurring,not_mentioned,current_self,,,medium,True,2,1,2
https://www.reddit.com/r/TheMallWorld/comments/z7w101/im_back_in_mall_world/,I’m back in mall world,single_location,recurring,not_mentioned,current_self,,,medium,True,1,0,1
https://www.reddit.com/r/TheMallWorld/comments/z8w4pr/inside_the_statue_of_libertys_torch/,inside the statue of liberty’s torch?,single_location,not_mentioned,not_mentioned,not_mentioned,,,medium,True,2,1,2
https://www.reddit.com/r/TheMallWorld/comments/z9006d/i_think_i_saw_myself_in_the_mall/,I (think) I saw myself in the mall.,single_location,not_mentioned,not_mentioned,current_self,,,medium,True,2,1,1
https://www.reddit.com/r/TheMallWorld/comments/z9gg6f/the_exhausting_hike/,The exhausting hike,partially_coherent,recurring,not_mentioned,current_self,,exhausted; frustrated,medium,True,5,4,3
https://www.reddit.com/r/TheMallWorld/comments/zb0ipd/anyone_else_made_it_to_a_middle_level_train/,Anyone else made it to a middle level train station of the Mallword?,mostly_coherent,recurring,inconsistent,current_self,,dream faded before I could think of walking to the train,high,True,5,3,2
https://www.reddit.com/r/TheMallWorld/comments/zbhdf5/the_mallworld_has_terrible_health_and_safety/,The MallWorld has terrible Health and Safety,partially_coherent,recurring,not_mentioned,current_self,,wakes up just before I have to make the jump,high,True,1,1,2
https://www.reddit.com/r/TheMallWorld/comments/zfe2nt/lucid_moment_followed_by_an_angry_mob/,"Lucid moment followed by an ""angry mob""",not_enough_info,not_mentioned,not_mentioned,current_self,kindof excited,,medium,False,1,0,3
https://www.reddit.com/r/TheMallWorld/comments/zizbft/i_tried_to_come_to_this_thread_in_my_dream/,I tried to come to this thread in my dream,mostly_coherent,not_mentioned,not_mentioned,current_self,,,medium,True,4,5,3
https://www.reddit.com/r/TheMallWorld/comments/zj6lrx/reoccurring_dream_in_layered_cabin_type_structure/,Reoccurring dream in layered cabin type structure on a lake,mostly_coherent,recurring,not_mentioned,not_mentioned,fascinated,,medium,True,3,3,3
https://www.reddit.com/r/TheMallWorld/comments/zjei3i/city_scape_dream_feeling_of_being_chased/,City Scape Dream - Feeling of being chased,partially_coherent,long_term_recurring,not_mentioned,current_self,,scared,medium,True,1,0,2
https://www.reddit.com/r/TheMallWorld/comments/zjnn10/recurring_mall_dreams_i_had_in_the_late_80s_to/,Recurring mall dreams I had in the late 80’s to early 90’s,mostly_coherent,long_term_recurring,not_mentioned,current_self,strong feeling of nostalgia,,medium,True,2,1,2
https://www.reddit.com/r/TheMallWorld/comments/zjqsx7/my_mall_world_dreams/,My Mall World Dreams,mostly_coherent,recurring,not_mentioned,current_self,,,high,True,9,1,3
https://www.reddit.com/r/TheMallWorld/comments/zk4ted/found_the_security_code_for_mall_world/,Found the security code for Mall World,single_location,recurring,not_mentioned,current_self,,,high,True,3,2,2
https://www.reddit.com/r/TheMallWorld/comments/zkj877/clipping_through_mall_world/,Clipping through Mall World?,mostly_coherent,not_mentioned,normal,current_self,,terrified (woke up right after),high,True,4,1,5
https://www.reddit.com/r/TheMallWorld/comments/zl3b5u/the_diner/,The Diner,mostly_coherent,recurring,not_mentioned,current_self,curious if anyone's ever been to my special MallWorld place,moment of clarity; everything is going to make sense now; the struggle is over,high,True,5,4,3
https://www.reddit.com/r/TheMallWorld/comments/zmxtuz/anyone_been_to_a_flooded_hotel/,Anyone been to a flooded hotel?,mostly_coherent,not_mentioned,not_mentioned,current_self,,,high,True,7,4,2
https://www.reddit.com/r/TheMallWorld/comments/zn8v2j/mall_world_road_trips/,Mall World Road Trips,partially_coherent,long_term_recurring,not_mentioned,current_self,stress/disoriented (stress related dreams; disoriented on road trip),wakes before crash; fear/anxiety,high,True,16,10,10
https://www.reddit.com/r/TheMallWorld/comments/znbtaa/a_different_suburbneighborhood/,a different suburb/neighborhood,mostly_coherent,recurring,compressed,current_self,a little lost,frustrated,high,True,2,0,1
https://www.reddit.com/r/TheMallWorld/comments/zpzjq2/update_girl_ive_gone_on_a_few_dates_with/,UPDATE: Girl I've gone on a few dates with mentioned persistent dream world she visits,mostly_coherent,long_term_recurring,not_mentioned,not_mentioned,,,high,True,4,0,3
https://www.reddit.com/r/TheMallWorld/comments/zq06s4/does_any_one_else_have_an_actual_job_in_the_mall/,Does any one else have an actual job in the Mall World?,mostly_coherent,long_term_recurring,not_mentioned,current_self,,,medium,True,2,1,6
