dream_id,location_id,entity_type,demeanor,role,authority_nature
https://www.reddit.com/r/TheMallWorld/comments/1039xqo/waking_up_in_a_secondary_body/,loc_1,shadow,confusing,other,not_mentioned
https://www.reddit.com/r/TheMallWorld/comments/1039xqo/waking_up_in_a_secondary_body/,loc_1,stranger,neutral,other,not_mentioned
https://www.reddit.com/r/TheMallWorld/comments/1039xqo/waking_up_in_a_secondary_body/,loc_1,stranger,unfriendly,other,not_mentioned
https://www.reddit.com/r/TheMallWorld/comments/1039xqo/waking_up_in_a_secondary_body/,loc_2,other,not_mentioned,other,not_mentioned
https://www.reddit.com/r/TheMallWorld/comments/10440y3/character_progression/,loc_1,stranger,friendly,other,not_mentioned
https://www.reddit.com/r/TheMallWorld/comments/10440y3/character_progression/,loc_1,authority,neutral,other,observing
https://www.reddit.com/r/TheMallWorld/comments/10440y3/character_progression/,loc_1,stranger,friendly,other,not_mentioned
https://www.reddit.com/r/TheMallWorld/comments/105jslg/my_mall_dreams/,loc_2,stranger,not_mentioned,other,not_mentioned
https://www.reddit.com/r/TheMallWorld/comments/107m22i/time_is_linear_in_mallworld/,loc_2,deceased,neutral,companion,not_mentioned
https://www.reddit.com/r/TheMallWorld/comments/107m22i/time_is_linear_in_mallworld/,loc_1,deceased,neutral,companion,not_mentioned
https://www.reddit.com/r/TheMallWorld/comments/107m22i/time_is_linear_in_mallworld/,loc_3,deceased,friendly,other,not_mentioned
https://www.reddit.com/r/TheMallWorld/comments/107m22i/time_is_linear_in_mallworld/,loc_3,deceased,friendly,other,not_mentioned
https://www.reddit.com/r/TheMallWorld/comments/107m22i/time_is_linear_in_mallworld/,loc_1,deceased,confusing,companion,not_mentioned
https://www.reddit.com/r/TheMallWorld/comments/107m22i/time_is_linear_in_mallworld/,loc_4,stranger,friendly,companion,not_mentioned
https://www.reddit.com/r/TheMallWorld/comments/107m22i/time_is_linear_in_mallworld/,loc_5,deceased,neutral,bystander,not_mentioned
https://www.reddit.com/r/TheMallWorld/comments/107m22i/time_is_linear_in_mallworld/,loc_5,deceased,neutral,bystander,not_mentioned
https://www.reddit.com/r/TheMallWorld/comments/1081nc5/backstage_of_haunted_mansion/,loc_3,other,neutral,bystander,not_mentioned
https://www.reddit.com/r/TheMallWorld/comments/10bf0y4/visited_a_new_mall/,loc_1,friend,not_mentioned,companion,not_mentioned
https://www.reddit.com/r/TheMallWorld/comments/10bf0y4/visited_a_new_mall/,loc_1,crowd,not_mentioned,bystander,not_mentioned
https://www.reddit.com/r/TheMallWorld/comments/10c9z0i/i_go_to_a_place_every_night_that_ive_never_been/,loc_1,deceased,not_mentioned,not_mentioned,not_mentioned
https://www.reddit.com/r/TheMallWorld/comments/10cs6e7/my_worlds/,loc_7,threat,hostile,chaser,not_mentioned
https://www.reddit.com/r/TheMallWorld/comments/10cs6e7/my_worlds/,loc_9,threat,threatening,chaser,not_mentioned
https://www.reddit.com/r/TheMallWorld/comments/10iqo9a/found_a_way_to_escape_mallworld_security/,loc_1,friend,not_mentioned,not_mentioned,not_mentioned
https://www.reddit.com/r/TheMallWorld/comments/10iqo9a/found_a_way_to_escape_mallworld_security/,loc_1,stranger,hostile,other,not_mentioned
https://www.reddit.com/r/TheMallWorld/comments/10iqo9a/found_a_way_to_escape_mallworld_security/,loc_1,crowd,unfriendly,bystander,not_mentioned
https://www.reddit.com/r/TheMallWorld/comments/10iqo9a/found_a_way_to_escape_mallworld_security/,loc_1,authority,threatening,security,pursuing
https://www.reddit.com/r/TheMallWorld/comments/10iqo9a/found_a_way_to_escape_mallworld_security/,loc_3,authority,threatening,chaser,pursuing
https://www.reddit.com/r/TheMallWorld/comments/10iqo9a/found_a_way_to_escape_mallworld_security/,loc_4,crowd,indifferent,bystander,not_mentioned
https://www.reddit.com/r/TheMallWorld/comments/10jwrjy/i_tried_to_take_pics_again_but_this_time_i_was/,loc_1,crowd,unfriendly,blocker,not_mentioned
https://www.reddit.com/r/TheMallWorld/comments/10jwrjy/i_tried_to_take_pics_again_but_this_time_i_was/,loc_1,crowd,unfriendly,blocker,not_mentioned
https://www.reddit.com/r/TheMallWorld/comments/10jwrjy/i_tried_to_take_pics_again_but_this_time_i_was/,loc_2,family_member,neutral,companion,not_mentioned
https://www.reddit.com/r/TheMallWorld/comments/10jwrjy/i_tried_to_take_pics_again_but_this_time_i_was/,loc_2,authority,hostile,authority,punitive
https://www.reddit.com/r/TheMallWorld/comments/10jwrjy/i_tried_to_take_pics_again_but_this_time_i_was/,loc_3,family_member,neutral,companion,not_mentioned
https://www.reddit.com/r/TheMallWorld/comments/10jwrjy/i_tried_to_take_pics_again_but_this_time_i_was/,loc_3,child,watching,security,observing
https://www.reddit.com/r/TheMallWorld/comments/10jwrjy/i_tried_to_take_pics_again_but_this_time_i_was/,loc_3,child,threatening,chaser,pursuing
https://www.reddit.com/r/TheMallWorld/comments/10kly7e/me_and_a_team_of_ppl_had_to_escape_the_city_with/,loc_3,guide,friendly,other,not_mentioned
https://www.reddit.com/r/TheMallWorld/comments/10kly7e/me_and_a_team_of_ppl_had_to_escape_the_city_with/,loc_1,crowd,friendly,bystander,not_mentioned
https://www.reddit.com/r/TheMallWorld/comments/10kly7e/me_and_a_team_of_ppl_had_to_escape_the_city_with/,loc_1,guide,friendly,companion,not_mentioned
https://www.reddit.com/r/TheMallWorld/comments/10kly7e/me_and_a_team_of_ppl_had_to_escape_the_city_with/,loc_2,crowd,friendly,other,not_mentioned
https://www.reddit.com/r/TheMallWorld/comments/10kly7e/me_and_a_team_of_ppl_had_to_escape_the_city_with/,loc_4,crowd,neutral,companion,not_mentioned
https://www.reddit.com/r/TheMallWorld/comments/10kly7e/me_and_a_team_of_ppl_had_to_escape_the_city_with/,loc_4,threat,threatening,other,not_mentioned
https://www.reddit.com/r/TheMallWorld/comments/10kly7e/me_and_a_team_of_ppl_had_to_escape_the_city_with/,loc_5,crowd,neutral,companion,not_mentioned
https://www.reddit.com/r/TheMallWorld/comments/10pjgqv/staircase_jumping/,loc_1,threat,threatening,chaser,not_mentioned
https://www.reddit.com/r/TheMallWorld/comments/10wkn8d/probably_one_of_the_weirdest_dreams_that_ive_had/,loc_1,stranger,hostile,other,not_mentioned
https://www.reddit.com/r/TheMallWorld/comments/10wkn8d/probably_one_of_the_weirdest_dreams_that_ive_had/,loc_1,known_person,not_mentioned,companion,not_mentioned
https://www.reddit.com/r/TheMallWorld/comments/10wkn8d/probably_one_of_the_weirdest_dreams_that_ive_had/,loc_2,known_person,unfriendly,companion,not_mentioned
https://www.reddit.com/r/TheMallWorld/comments/10wkn8d/probably_one_of_the_weirdest_dreams_that_ive_had/,loc_3,known_person,hostile,companion,not_mentioned
https://www.reddit.com/r/TheMallWorld/comments/10wkn8d/probably_one_of_the_weirdest_dreams_that_ive_had/,loc_3,stranger,not_mentioned,companion,not_mentioned
https://www.reddit.com/r/TheMallWorld/comments/10wkn8d/probably_one_of_the_weirdest_dreams_that_ive_had/,loc_4,stranger,neutral,bystander,not_mentioned
https://www.reddit.com/r/TheMallWorld/comments/10wkn8d/probably_one_of_the_weirdest_dreams_that_ive_had/,loc_5,stranger,confusing,companion,not_mentioned
https://www.reddit.com/r/TheMallWorld/comments/10xl7fh/i_visited_a_mall_that_wasnt_mine_for_the_very/,loc_3,stranger,unfriendly,staff,not_mentioned
https://www.reddit.com/r/TheMallWorld/comments/10xl7fh/i_visited_a_mall_that_wasnt_mine_for_the_very/,loc_4,threat,threatening,chaser,not_mentioned
https://www.reddit.com/r/TheMallWorld/comments/116xbxx/was_led_to_the_carnival_area/,loc_1,stranger,confusing,guide,not_mentioned
https://www.reddit.com/r/TheMallWorld/comments/116xbxx/was_led_to_the_carnival_area/,loc_1,creature,neutral,other,not_mentioned
https://www.reddit.com/r/TheMallWorld/comments/116xbxx/was_led_to_the_carnival_area/,loc_1,stranger,neutral,other,not_mentioned
https://www.reddit.com/r/TheMallWorld/comments/116xbxx/was_led_to_the_carnival_area/,loc_4,crowd,neutral,bystander,not_mentioned
https://www.reddit.com/r/TheMallWorld/comments/116xbxx/was_led_to_the_carnival_area/,loc_1,stranger,hostile,chaser,not_mentioned
https://www.reddit.com/r/TheMallWorld/comments/116xbxx/was_led_to_the_carnival_area/,loc_1,stranger,hostile,chaser,not_mentioned
https://www.reddit.com/r/TheMallWorld/comments/118s0yq/an_odd_dream_from_childhood_a_field_with_a_cedar/,loc_1,family_member,neutral,companion,not_mentioned
https://www.reddit.com/r/TheMallWorld/comments/118s0yq/an_odd_dream_from_childhood_a_field_with_a_cedar/,loc_1,creature,watching,other,not_mentioned
https://www.reddit.com/r/TheMallWorld/comments/118s0yq/an_odd_dream_from_childhood_a_field_with_a_cedar/,loc_1,family_member,indifferent,companion,not_mentioned
https://www.reddit.com/r/TheMallWorld/comments/118s0yq/an_odd_dream_from_childhood_a_field_with_a_cedar/,loc_1,family_member,confusing,bystander,not_mentioned
https://www.reddit.com/r/TheMallWorld/comments/118s0yq/an_odd_dream_from_childhood_a_field_with_a_cedar/,loc_1,family_member,confusing,bystander,not_mentioned
https://www.reddit.com/r/TheMallWorld/comments/118s0yq/an_odd_dream_from_childhood_a_field_with_a_cedar/,loc_2,family_member,watching,bystander,not_mentioned
https://www.reddit.com/r/TheMallWorld/comments/118s0yq/an_odd_dream_from_childhood_a_field_with_a_cedar/,loc_2,creature,hostile,other,not_mentioned
https://www.reddit.com/r/TheMallWorld/comments/118s0yq/an_odd_dream_from_childhood_a_field_with_a_cedar/,loc_1,family_member,unfriendly,companion,not_mentioned
https://www.reddit.com/r/TheMallWorld/comments/118s0yq/an_odd_dream_from_childhood_a_field_with_a_cedar/,loc_1,threat,threatening,other,not_mentioned
https://www.reddit.com/r/TheMallWorld/comments/118s0yq/an_odd_dream_from_childhood_a_field_with_a_cedar/,loc_1,family_member,confusing,companion,not_mentioned
https://www.reddit.com/r/TheMallWorld/comments/118s0yq/an_odd_dream_from_childhood_a_field_with_a_cedar/,loc_1,family_member,neutral,other,not_mentioned
https://www.reddit.com/r/TheMallWorld/comments/118s0yq/an_odd_dream_from_childhood_a_field_with_a_cedar/,loc_1,family_member,neutral,companion,not_mentioned
https://www.reddit.com/r/TheMallWorld/comments/11ap4hf/dream_i_had_about_people_in_bubbles/,loc_1,guide,unfriendly,guide,blocking
https://www.reddit.com/r/TheMallWorld/comments/11ap4hf/dream_i_had_about_people_in_bubbles/,loc_1,crowd,not_mentioned,bystander,not_mentioned
https://www.reddit.com/r/TheMallWorld/comments/11ap4hf/dream_i_had_about_people_in_bubbles/,loc_1,crowd,not_mentioned,bystander,not_mentioned
https://www.reddit.com/r/TheMallWorld/comments/11ap4hf/dream_i_had_about_people_in_bubbles/,loc_1,crowd,not_mentioned,bystander,not_mentioned
https://www.reddit.com/r/TheMallWorld/comments/11ap4hf/dream_i_had_about_people_in_bubbles/,loc_1,guide,unfriendly,blocker,blocking
https://www.reddit.com/r/TheMallWorld/comments/11ap4hf/dream_i_had_about_people_in_bubbles/,loc_1,guide,friendly,guide,guiding
https://www.reddit.com/r/TheMallWorld/comments/11ap4hf/dream_i_had_about_people_in_bubbles/,loc_3,guide,neutral,companion,not_mentioned
https://www.reddit.com/r/TheMallWorld/comments/11c5h9g/literal_mall_dream/,loc_2,stranger,friendly,staff,not_mentioned
https://www.reddit.com/r/TheMallWorld/comments/11ds6no/mall_world_dreams_two_nights_in_a_row/,loc_3,stranger,friendly,staff,not_mentioned
https://www.reddit.com/r/TheMallWorld/comments/11ds6no/mall_world_dreams_two_nights_in_a_row/,loc_7,crowd,neutral,staff,not_mentioned
https://www.reddit.com/r/TheMallWorld/comments/11ewti7/found_the_zombie_level_apparently/,loc_2,crowd,hostile,chaser,not_mentioned
https://www.reddit.com/r/TheMallWorld/comments/11ewti7/found_the_zombie_level_apparently/,loc_2,creature,hostile,other,not_mentioned
https://www.reddit.com/r/TheMallWorld/comments/11hp5is/i_have_dreams_of_a_recurring_location_but_the/,loc_3,crowd,not_mentioned,not_mentioned,not_mentioned
https://www.reddit.com/r/TheMallWorld/comments/11izdbi/unfamiliar_city_wellits_familiar_now/,loc_9,stranger,not_mentioned,other,not_mentioned
https://www.reddit.com/r/TheMallWorld/comments/11izdbi/unfamiliar_city_wellits_familiar_now/,loc_9,crowd,not_mentioned,bystander,not_mentioned
https://www.reddit.com/r/TheMallWorld/comments/11izdbi/unfamiliar_city_wellits_familiar_now/,loc_4,friend,unfriendly,companion,not_mentioned
https://www.reddit.com/r/TheMallWorld/comments/11izdbi/unfamiliar_city_wellits_familiar_now/,loc_4,friend,friendly,companion,not_mentioned
https://www.reddit.com/r/TheMallWorld/comments/11izdbi/unfamiliar_city_wellits_familiar_now/,loc_9,friend,not_mentioned,companion,not_mentioned
https://www.reddit.com/r/TheMallWorld/comments/11izdbi/unfamiliar_city_wellits_familiar_now/,loc_9,friend,friendly,companion,not_mentioned
https://www.reddit.com/r/TheMallWorld/comments/11l2l83/has_anyone_been_to_this_big_blue_mansion/,loc_5,threat,threatening,chaser,not_mentioned
https://www.reddit.com/r/TheMallWorld/comments/11l2l83/has_anyone_been_to_this_big_blue_mansion/,loc_8,threat,threatening,chaser,not_mentioned
https://www.reddit.com/r/TheMallWorld/comments/11lfzsy/becoming_lucid_in_mall_world/,loc_3,crowd,not_mentioned,not_mentioned,not_mentioned
https://www.reddit.com/r/TheMallWorld/comments/11pyvl3/random_school_and_bus_question/,loc_7,stranger,neutral,bystander,not_mentioned
https://www.reddit.com/r/TheMallWorld/comments/11pyvl3/random_school_and_bus_question/,loc_10,crowd,neutral,other,not_mentioned
https://www.reddit.com/r/TheMallWorld/comments/11pyvl3/random_school_and_bus_question/,loc_1,stranger,neutral,other,not_mentioned
https://www.reddit.com/r/TheMallWorld/comments/11zpijd/mallworld_alien_apocalypse/,loc_2,threat,hostile,chaser,not_mentioned
https://www.reddit.com/r/TheMallWorld/comments/11zpijd/mallworld_alien_apocalypse/,loc_2,crowd,not_mentioned,bystander,not_mentioned
https://www.reddit.com/r/TheMallWorld/comments/11zpijd/mallworld_alien_apocalypse/,loc_1,threat,hostile,blocker,not_mentioned
https://www.reddit.com/r/TheMallWorld/comments/11zpijd/mallworld_alien_apocalypse/,loc_3,threat,hostile,chaser,not_mentioned
https://www.reddit.com/r/TheMallWorld/comments/120nerx/went_back_to_art_school_the_building_would_be/,loc_1,authority,helpful,teacher,guiding
https://www.reddit.com/r/TheMallWorld/comments/120nerx/went_back_to_art_school_the_building_would_be/,loc_4,stranger,not_mentioned,other,not_mentioned
https://www.reddit.com/r/TheMallWorld/comments/127b0rm/i_work_at_mall_world/,loc_1,stranger,neutral,customer,not_mentioned
https://www.reddit.com/r/TheMallWorld/comments/127b0rm/i_work_at_mall_world/,loc_1,stranger,neutral,customer,not_mentioned
https://www.reddit.com/r/TheMallWorld/comments/127b0rm/i_work_at_mall_world/,loc_1,stranger,not_mentioned,bystander,not_mentioned
https://www.reddit.com/r/TheMallWorld/comments/1283e4t/the_balcony_cathedral/,loc_1,stranger,not_mentioned,companion,not_mentioned
https://www.reddit.com/r/TheMallWorld/comments/1283e4t/the_balcony_cathedral/,loc_1,stranger,unfriendly,blocker,not_mentioned
https://www.reddit.com/r/TheMallWorld/comments/12a5fdh/art_school_continued/,loc_1,authority,not_mentioned,teacher,observing
https://www.reddit.com/r/TheMallWorld/comments/12hjlii/the_never_ending_book_store/,loc_2,authority,unfriendly,cashier,blocking
https://www.reddit.com/r/TheMallWorld/comments/12hjlii/the_never_ending_book_store/,loc_5,known_person,neutral,other,not_mentioned
https://www.reddit.com/r/TheMallWorld/comments/12hjlii/the_never_ending_book_store/,loc_6,authority,unfriendly,security,blocking
https://www.reddit.com/r/TheMallWorld/comments/12hjlii/the_never_ending_book_store/,loc_6,crowd,neutral,bystander,not_mentioned
https://www.reddit.com/r/TheMallWorld/comments/12orgdd/fake_towncitysuburbs_called_oklahoma/,loc_1,stranger,helpful,guide,not_mentioned
https://www.reddit.com/r/TheMallWorld/comments/12orgdd/fake_towncitysuburbs_called_oklahoma/,loc_1,authority,watching,authority,observing
https://www.reddit.com/r/TheMallWorld/comments/12orgdd/fake_towncitysuburbs_called_oklahoma/,loc_2,crowd,not_mentioned,other,not_mentioned
https://www.reddit.com/r/TheMallWorld/comments/12orgdd/fake_towncitysuburbs_called_oklahoma/,loc_3,stranger,helpful,companion,not_mentioned
https://www.reddit.com/r/TheMallWorld/comments/12orgdd/fake_towncitysuburbs_called_oklahoma/,loc_3,stranger,not_mentioned,other,not_mentioned
https://www.reddit.com/r/TheMallWorld/comments/12orgdd/fake_towncitysuburbs_called_oklahoma/,loc_4,authority,not_mentioned,authority,not_mentioned
https://www.reddit.com/r/TheMallWorld/comments/12orgdd/fake_towncitysuburbs_called_oklahoma/,loc_1,stranger,not_mentioned,other,not_mentioned
https://www.reddit.com/r/TheMallWorld/comments/12yy66d/the_worlds_tallest_building/,loc_5,stranger,neutral,staff,not_mentioned
https://www.reddit.com/r/TheMallWorld/comments/1376wu5/restaurants_in_mallworld/,loc_4,stranger,neutral,staff,not_mentioned
https://www.reddit.com/r/TheMallWorld/comments/1376wu5/restaurants_in_mallworld/,loc_2,threat,threatening,other,not_mentioned
https://www.reddit.com/r/TheMallWorld/comments/1376wu5/restaurants_in_mallworld/,loc_7,authority,neutral,authority,not_mentioned
https://www.reddit.com/r/TheMallWorld/comments/1376wu5/restaurants_in_mallworld/,loc_7,threat,threatening,other,not_mentioned
https://www.reddit.com/r/TheMallWorld/comments/1376wu5/restaurants_in_mallworld/,loc_9,stranger,confusing,other,not_mentioned
https://www.reddit.com/r/TheMallWorld/comments/1379dor/bus_trip_to_the_outskirts_of_mallworld/,loc_2,stranger,neutral,companion,not_mentioned
https://www.reddit.com/r/TheMallWorld/comments/137ymj9/mall_world/,loc_7,crowd,not_mentioned,bystander,not_mentioned
https://www.reddit.com/r/TheMallWorld/comments/137ymj9/mall_world/,loc_8,threat,threatening,chaser,not_mentioned
https://www.reddit.com/r/TheMallWorld/comments/1387ncz/this_must_be_more_than_just_dreams/,loc_7,authority,hostile,staff,pursuing
https://www.reddit.com/r/TheMallWorld/comments/1387ncz/this_must_be_more_than_just_dreams/,loc_7,authority,hostile,staff,punitive
https://www.reddit.com/r/TheMallWorld/comments/1387ncz/this_must_be_more_than_just_dreams/,loc_8,other,threatening,other,not_mentioned
https://www.reddit.com/r/TheMallWorld/comments/1387ncz/this_must_be_more_than_just_dreams/,loc_25,threat,hostile,chaser,not_mentioned
https://www.reddit.com/r/TheMallWorld/comments/1387ncz/this_must_be_more_than_just_dreams/,loc_33,threat,hostile,chaser,not_mentioned
https://www.reddit.com/r/TheMallWorld/comments/1387ncz/this_must_be_more_than_just_dreams/,loc_33,threat,hostile,chaser,not_mentioned
https://www.reddit.com/r/TheMallWorld/comments/13c87jk/my_mallworld_experience/,loc_2,authority,threatening,staff,punitive
https://www.reddit.com/r/TheMallWorld/comments/13c87jk/my_mallworld_experience/,loc_3,family_member,friendly,companion,not_mentioned
https://www.reddit.com/r/TheMallWorld/comments/13c87jk/my_mallworld_experience/,loc_3,friend,friendly,companion,not_mentioned
https://www.reddit.com/r/TheMallWorld/comments/13c87jk/my_mallworld_experience/,loc_3,family_member,neutral,companion,not_mentioned
https://www.reddit.com/r/TheMallWorld/comments/13c87jk/my_mallworld_experience/,loc_4,family_member,helpful,guide,guiding
https://www.reddit.com/r/TheMallWorld/comments/13c87jk/my_mallworld_experience/,loc_4,friend,helpful,guide,guiding
https://www.reddit.com/r/TheMallWorld/comments/13c87jk/my_mallworld_experience/,loc_6,crowd,neutral,bystander,not_mentioned
https://www.reddit.com/r/TheMallWorld/comments/13c87jk/my_mallworld_experience/,loc_6,stranger,threatening,bystander,not_mentioned
https://www.reddit.com/r/TheMallWorld/comments/13dcz2y/i_burned_down_one_of_the_malls/,loc_4,creature,friendly,companion,not_mentioned
https://www.reddit.com/r/TheMallWorld/comments/13dcz2y/i_burned_down_one_of_the_malls/,loc_4,creature,friendly,companion,not_mentioned
https://www.reddit.com/r/TheMallWorld/comments/13dcz2y/i_burned_down_one_of_the_malls/,loc_2,creature,friendly,companion,not_mentioned
https://www.reddit.com/r/TheMallWorld/comments/13dcz2y/i_burned_down_one_of_the_malls/,loc_6,crowd,neutral,bystander,not_mentioned
https://www.reddit.com/r/TheMallWorld/comments/13dcz2y/i_burned_down_one_of_the_malls/,loc_1,stranger,neutral,other,not_mentioned
https://www.reddit.com/r/TheMallWorld/comments/13dcz2y/i_burned_down_one_of_the_malls/,loc_1,crowd,neutral,bystander,not_mentioned
https://www.reddit.com/r/TheMallWorld/comments/13dcz2y/i_burned_down_one_of_the_malls/,loc_2,crowd,friendly,bystander,not_mentioned
https://www.reddit.com/r/TheMallWorld/comments/13dcz2y/i_burned_down_one_of_the_malls/,loc_6,authority,indifferent,authority,observing
https://www.reddit.com/r/TheMallWorld/comments/13dcz2y/i_burned_down_one_of_the_malls/,loc_6,authority,unfriendly,authority,blocking
https://www.reddit.com/r/TheMallWorld/comments/13k7zds/mall_world_last_night/,loc_1,stranger,neutral,staff,not_mentioned
https://www.reddit.com/r/TheMallWorld/comments/13p34jj/reoccurring_place_in_my_dreams/,loc_2,family_member,not_mentioned,customer,not_mentioned
https://www.reddit.com/r/TheMallWorld/comments/13p34jj/reoccurring_place_in_my_dreams/,loc_4,stranger,threatening,staff,not_mentioned
https://www.reddit.com/r/TheMallWorld/comments/13ra0du/a_huge_clock_tower/,loc_6,stranger,neutral,staff,not_mentioned
https://www.reddit.com/r/TheMallWorld/comments/13w5gd7/anyone_ever_had_this_dream_of_a_long_dark_hallway/,loc_3,shadow,threatening,chaser,not_mentioned
https://www.reddit.com/r/TheMallWorld/comments/13w5gd7/anyone_ever_had_this_dream_of_a_long_dark_hallway/,loc_3,shadow,hostile,other,not_mentioned
https://www.reddit.com/r/TheMallWorld/comments/13yml25/dreams_last_night/,loc_4,known_person,neutral,customer,not_mentioned
https://www.reddit.com/r/TheMallWorld/comments/13yml25/dreams_last_night/,loc_9,authority,unfriendly,cashier,blocking
https://www.reddit.com/r/TheMallWorld/comments/1400job/i_hate_this_place/,loc_6,crowd,threatening,bystander,not_mentioned
https://www.reddit.com/r/TheMallWorld/comments/1437ffu/the_depths_or_your_basement/,loc_5,crowd,not_mentioned,companion,not_mentioned
https://www.reddit.com/r/TheMallWorld/comments/1437ffu/the_depths_or_your_basement/,loc_6,creature,threatening,other,not_mentioned
https://www.reddit.com/r/TheMallWorld/comments/144jlnk/the_water_park/,loc_8,family_member,not_mentioned,companion,not_mentioned
https://www.reddit.com/r/TheMallWorld/comments/145v6kc/the_prophets_of_mall_world_pt1/,loc_2,crowd,neutral,bystander,not_mentioned
https://www.reddit.com/r/TheMallWorld/comments/145v6kc/the_prophets_of_mall_world_pt1/,loc_3,threat,threatening,chaser,pursuing
https://www.reddit.com/r/TheMallWorld/comments/145v6kc/the_prophets_of_mall_world_pt1/,loc_4,threat,threatening,chaser,pursuing
https://www.reddit.com/r/TheMallWorld/comments/1466o9l/reoccurring_school_in_a_mall/,loc_3,threat,not_mentioned,other,not_mentioned
https://www.reddit.com/r/TheMallWorld/comments/149as1b/same_dream_since_i_was_little_a_scary_hotel/,loc_5,family_member,not_mentioned,other,blocking
https://www.reddit.com/r/TheMallWorld/comments/149as1b/same_dream_since_i_was_little_a_scary_hotel/,loc_9,family_member,not_mentioned,other,not_mentioned
https://www.reddit.com/r/TheMallWorld/comments/14bsqot/west_ed_bubba_baloos/,loc_4,crowd,not_mentioned,other,not_mentioned
https://www.reddit.com/r/TheMallWorld/comments/14cs91k/anyone_else_just_stop_having_mall_world_dreams/,loc_4,stranger,friendly,other,not_mentioned
https://www.reddit.com/r/TheMallWorld/comments/14cs91k/anyone_else_just_stop_having_mall_world_dreams/,loc_5,stranger,not_mentioned,other,guiding
https://www.reddit.com/r/TheMallWorld/comments/14cs91k/anyone_else_just_stop_having_mall_world_dreams/,loc_5,threat,threatening,other,not_mentioned
https://www.reddit.com/r/TheMallWorld/comments/14gndn1/mall_world_with_my_older_bro/,loc_1,family_member,neutral,companion,not_mentioned
https://www.reddit.com/r/TheMallWorld/comments/14gndn1/mall_world_with_my_older_bro/,loc_2,family_member,neutral,companion,not_mentioned
https://www.reddit.com/r/TheMallWorld/comments/14gndn1/mall_world_with_my_older_bro/,loc_4,authority,neutral,authority,guiding
https://www.reddit.com/r/TheMallWorld/comments/14gndn1/mall_world_with_my_older_bro/,loc_5,authority,neutral,companion,guiding
https://www.reddit.com/r/TheMallWorld/comments/14gndn1/mall_world_with_my_older_bro/,loc_5,authority,neutral,companion,guiding
https://www.reddit.com/r/TheMallWorld/comments/14i3evt/i_do_have_some_reoccurring_locations_but_i_also/,loc_1,stranger,not_mentioned,companion,not_mentioned
https://www.reddit.com/r/TheMallWorld/comments/14i3evt/i_do_have_some_reoccurring_locations_but_i_also/,loc_1,threat,threatening,other,not_mentioned
https://www.reddit.com/r/TheMallWorld/comments/14i3evt/i_do_have_some_reoccurring_locations_but_i_also/,loc_2,stranger,not_mentioned,companion,not_mentioned
https://www.reddit.com/r/TheMallWorld/comments/14ix03k/the_auditoriumstage/,loc_1,stranger,neutral,other,not_mentioned
https://www.reddit.com/r/TheMallWorld/comments/14ix03k/the_auditoriumstage/,loc_1,stranger,neutral,companion,not_mentioned
https://www.reddit.com/r/TheMallWorld/comments/14ix03k/the_auditoriumstage/,loc_1,authority,neutral,authority,not_mentioned
https://www.reddit.com/r/TheMallWorld/comments/14ix03k/the_auditoriumstage/,loc_1,threat,hostile,other,not_mentioned
https://www.reddit.com/r/TheMallWorld/comments/14th85g/had_this_dream_that_might_fit_here/,loc_2,threat,hostile,chaser,not_mentioned
https://www.reddit.com/r/TheMallWorld/comments/14th85g/had_this_dream_that_might_fit_here/,loc_3,threat,threatening,chaser,not_mentioned
https://www.reddit.com/r/TheMallWorld/comments/14th85g/had_this_dream_that_might_fit_here/,loc_4,threat,threatening,chaser,not_mentioned
https://www.reddit.com/r/TheMallWorld/comments/14y8g79/the_movie_theater_fire/,loc_3,crowd,confusing,bystander,not_mentioned
https://www.reddit.com/r/TheMallWorld/comments/14y8g79/the_movie_theater_fire/,loc_4,authority,neutral,other,observing
https://www.reddit.com/r/TheMallWorld/comments/14y8g79/the_movie_theater_fire/,loc_4,stranger,confusing,bystander,not_mentioned
https://www.reddit.com/r/TheMallWorld/comments/14y8g79/the_movie_theater_fire/,loc_4,other,threatening,authority,punitive
https://www.reddit.com/r/TheMallWorld/comments/14y8g79/the_movie_theater_fire/,loc_3,stranger,hostile,other,not_mentioned
https://www.reddit.com/r/TheMallWorld/comments/14y8g79/the_movie_theater_fire/,loc_3,crowd,hostile,bystander,not_mentioned
https://www.reddit.com/r/TheMallWorld/comments/14y8g79/the_movie_theater_fire/,loc_3,other,threatening,authority,punitive
https://www.reddit.com/r/TheMallWorld/comments/14y8g79/the_movie_theater_fire/,loc_5,other,threatening,blocker,punitive
https://www.reddit.com/r/TheMallWorld/comments/14y8g79/the_movie_theater_fire/,loc_3,crowd,hostile,bystander,not_mentioned
https://www.reddit.com/r/TheMallWorld/comments/14yrvxr/postapocalyptic_mall_dream/,loc_1,authority,hostile,security,pursuing
https://www.reddit.com/r/TheMallWorld/comments/14yrvxr/postapocalyptic_mall_dream/,loc_3,authority,hostile,chaser,pursuing
https://www.reddit.com/r/TheMallWorld/comments/14yrvxr/postapocalyptic_mall_dream/,loc_2,crowd,not_mentioned,bystander,not_mentioned
https://www.reddit.com/r/TheMallWorld/comments/14yrvxr/postapocalyptic_mall_dream/,loc_2,authority,hostile,chaser,pursuing
https://www.reddit.com/r/TheMallWorld/comments/14z8zwo/dreamwalker/,loc_1,crowd,confusing,bystander,not_mentioned
https://www.reddit.com/r/TheMallWorld/comments/14z8zwo/dreamwalker/,loc_1,stranger,unfriendly,other,not_mentioned
https://www.reddit.com/r/TheMallWorld/comments/14z8zwo/dreamwalker/,loc_1,crowd,unfriendly,blocker,blocking
https://www.reddit.com/r/TheMallWorld/comments/14z8zwo/dreamwalker/,loc_1,stranger,unfriendly,blocker,blocking
https://www.reddit.com/r/TheMallWorld/comments/14z8zwo/dreamwalker/,loc_3,crowd,not_mentioned,bystander,not_mentioned
https://www.reddit.com/r/TheMallWorld/comments/14z8zwo/dreamwalker/,loc_3,stranger,watching,other,observing
https://www.reddit.com/r/TheMallWorld/comments/14z8zwo/dreamwalker/,loc_3,stranger,watching,authority,observing
https://www.reddit.com/r/TheMallWorld/comments/1585zzj/another_theme_park/,loc_5,crowd,neutral,bystander,not_mentioned
https://www.reddit.com/r/TheMallWorld/comments/1585zzj/another_theme_park/,loc_5,stranger,neutral,other,not_mentioned
https://www.reddit.com/r/TheMallWorld/comments/1585zzj/another_theme_park/,loc_9,shadow,threatening,other,not_mentioned
https://www.reddit.com/r/TheMallWorld/comments/1585zzj/another_theme_park/,loc_11,child,confusing,other,not_mentioned
https://www.reddit.com/r/TheMallWorld/comments/1585zzj/another_theme_park/,loc_11,child,confusing,other,not_mentioned
https://www.reddit.com/r/TheMallWorld/comments/1585zzj/another_theme_park/,loc_8,child,neutral,companion,not_mentioned
https://www.reddit.com/r/TheMallWorld/comments/1585zzj/another_theme_park/,loc_14,stranger,helpful,staff,guiding
https://www.reddit.com/r/TheMallWorld/comments/1585zzj/another_theme_park/,loc_14,child,neutral,other,not_mentioned
https://www.reddit.com/r/TheMallWorld/comments/1585zzj/another_theme_park/,loc_14,crowd,hostile,chaser,not_mentioned
https://www.reddit.com/r/TheMallWorld/comments/15dhafb/an_actual_mall_this_time/,loc_4,stranger,neutral,other,not_mentioned
https://www.reddit.com/r/TheMallWorld/comments/15dhafb/an_actual_mall_this_time/,loc_6,stranger,neutral,guide,not_mentioned
https://www.reddit.com/r/TheMallWorld/comments/15dhafb/an_actual_mall_this_time/,loc_5,stranger,neutral,companion,not_mentioned
https://www.reddit.com/r/TheMallWorld/comments/15dhafb/an_actual_mall_this_time/,loc_5,authority,not_mentioned,authority,not_mentioned
https://www.reddit.com/r/TheMallWorld/comments/15ikkea/dream_this_week_we_were_singing/,loc_2,stranger,friendly,other,not_mentioned
https://www.reddit.com/r/TheMallWorld/comments/15ikkea/dream_this_week_we_were_singing/,loc_2,crowd,friendly,bystander,not_mentioned
https://www.reddit.com/r/TheMallWorld/comments/15ikkea/dream_this_week_we_were_singing/,loc_2,crowd,friendly,bystander,not_mentioned
https://www.reddit.com/r/TheMallWorld/comments/15jih7n/wanted_to_share_a_couple_i_have/,loc_11,deceased,not_mentioned,companion,not_mentioned
https://www.reddit.com/r/TheMallWorld/comments/15jih7n/wanted_to_share_a_couple_i_have/,loc_11,authority,hostile,security,blocking
https://www.reddit.com/r/TheMallWorld/comments/15r9jfw/mall_travel_hubhotel/,loc_1,stranger,watching,bystander,not_mentioned
https://www.reddit.com/r/TheMallWorld/comments/15yl9rp/bungalows_or_mobile_homes/,loc_1,other,not_mentioned,not_mentioned,not_mentioned
https://www.reddit.com/r/TheMallWorld/comments/163n217/i_got_lucid_in_a_mall_world_dream_and_tried_to/,loc_1,crowd,neutral,bystander,not_mentioned
https://www.reddit.com/r/TheMallWorld/comments/163n217/i_got_lucid_in_a_mall_world_dream_and_tried_to/,loc_1,stranger,confusing,other,not_mentioned
https://www.reddit.com/r/TheMallWorld/comments/163n217/i_got_lucid_in_a_mall_world_dream_and_tried_to/,loc_1,crowd,unfriendly,bystander,not_mentioned
https://www.reddit.com/r/TheMallWorld/comments/163n217/i_got_lucid_in_a_mall_world_dream_and_tried_to/,loc_1,stranger,hostile,chaser,blocking
https://www.reddit.com/r/TheMallWorld/comments/16982wt/slides/,loc_1,stranger,not_mentioned,other,not_mentioned
https://www.reddit.com/r/TheMallWorld/comments/16esd4p/mall_school_recurring_dream/,loc_1,stranger,neutral,bystander,not_mentioned
https://www.reddit.com/r/TheMallWorld/comments/16esd4p/mall_school_recurring_dream/,loc_1,friend,neutral,companion,not_mentioned
https://www.reddit.com/r/TheMallWorld/comments/16esd4p/mall_school_recurring_dream/,loc_1,crowd,neutral,other,not_mentioned
https://www.reddit.com/r/TheMallWorld/comments/16esd4p/mall_school_recurring_dream/,loc_1,other,threatening,chaser,not_mentioned
https://www.reddit.com/r/TheMallWorld/comments/16f0t1o/aliens_took_over_last_night/,loc_1,other,neutral,authority,punitive
https://www.reddit.com/r/TheMallWorld/comments/16f0t1o/aliens_took_over_last_night/,loc_1,family_member,not_mentioned,bystander,not_mentioned
https://www.reddit.com/r/TheMallWorld/comments/16f0t1o/aliens_took_over_last_night/,loc_1,family_member,not_mentioned,bystander,not_mentioned
https://www.reddit.com/r/TheMallWorld/comments/16f4npy/beachocean_in_my_dreams/,loc_2,known_person,not_mentioned,bystander,not_mentioned
https://www.reddit.com/r/TheMallWorld/comments/16fmwq3/does_anyone_else_go_to_halloween_town/,loc_2,crowd,friendly,bystander,not_mentioned
https://www.reddit.com/r/TheMallWorld/comments/16hd9im/i_had_this_dream_two_weeks_ago_across_multiple/,loc_1,authority,hostile,security,pursuing
https://www.reddit.com/r/TheMallWorld/comments/16hd9im/i_had_this_dream_two_weeks_ago_across_multiple/,loc_2,authority,hostile,security,pursuing
https://www.reddit.com/r/TheMallWorld/comments/16hjuye/my_dreams/,loc_7,stranger,confusing,other,not_mentioned
https://www.reddit.com/r/TheMallWorld/comments/16hjuye/my_dreams/,loc_16,family_member,friendly,companion,not_mentioned
https://www.reddit.com/r/TheMallWorld/comments/16hjuye/my_dreams/,loc_1,authority,threatening,security,pursuing
https://www.reddit.com/r/TheMallWorld/comments/16hjuye/my_dreams/,loc_17,crowd,neutral,other,not_mentioned
https://www.reddit.com/r/TheMallWorld/comments/16i3oq3/an_old_theater/,loc_2,crowd,watching,bystander,not_mentioned
https://www.reddit.com/r/TheMallWorld/comments/16i3oq3/an_old_theater/,loc_1,stranger,neutral,other,not_mentioned
https://www.reddit.com/r/TheMallWorld/comments/16i3oq3/an_old_theater/,loc_1,crowd,not_mentioned,companion,not_mentioned
https://www.reddit.com/r/TheMallWorld/comments/16j5gm9/the_safari_fields/,loc_safari_walkways,creature,threatening,other,not_mentioned
https://www.reddit.com/r/TheMallWorld/comments/16j5gm9/the_safari_fields/,loc_safari_tram_route,creature,not_mentioned,other,not_mentioned
https://www.reddit.com/r/TheMallWorld/comments/16j5iwb/winding_hilly_row_of_restaurants_at_night/,loc_2,crowd,neutral,bystander,not_mentioned
https://www.reddit.com/r/TheMallWorld/comments/16jkyuk/this_subreddit_is_messing_with_my_sense_of_reality/,loc_1,crowd,not_mentioned,bystander,not_mentioned
https://www.reddit.com/r/TheMallWorld/comments/16jkyuk/this_subreddit_is_messing_with_my_sense_of_reality/,loc_1,known_person,not_mentioned,bystander,not_mentioned
https://www.reddit.com/r/TheMallWorld/comments/16jlyk1/sick_but_went_to_mallworld/,loc_1,stranger,not_mentioned,other,not_mentioned
https://www.reddit.com/r/TheMallWorld/comments/16jlyk1/sick_but_went_to_mallworld/,loc_1,other,not_mentioned,other,not_mentioned
https://www.reddit.com/r/TheMallWorld/comments/16jlyk1/sick_but_went_to_mallworld/,loc_1,stranger,not_mentioned,other,not_mentioned
https://www.reddit.com/r/TheMallWorld/comments/16jlyk1/sick_but_went_to_mallworld/,loc_1,stranger,not_mentioned,other,not_mentioned
https://www.reddit.com/r/TheMallWorld/comments/16jmk3l/winding_river_dreams/,loc_2,known_person,friendly,bystander,not_mentioned
https://www.reddit.com/r/TheMallWorld/comments/16mdsrg/mall_dream_as_child/,loc_1,family_member,neutral,other,not_mentioned
https://www.reddit.com/r/TheMallWorld/comments/16me6yl/who_do_you_feel_you_are_when_you_are_in/,loc_1,stranger,friendly,customer,not_mentioned
https://www.reddit.com/r/TheMallWorld/comments/16me6yl/who_do_you_feel_you_are_when_you_are_in/,loc_1,stranger,watching,bystander,not_mentioned
https://www.reddit.com/r/TheMallWorld/comments/16mzezz/if_you_see_a_flatbed_tow_truck_in_the_mall_it_was/,loc_3,crowd,indifferent,bystander,not_mentioned
https://www.reddit.com/r/TheMallWorld/comments/16mzezz/if_you_see_a_flatbed_tow_truck_in_the_mall_it_was/,loc_4,family_member,neutral,companion,not_mentioned
https://www.reddit.com/r/TheMallWorld/comments/16nbf7f/another_hotel/,loc_2,stranger,neutral,other,not_mentioned
https://www.reddit.com/r/TheMallWorld/comments/16nbf7f/another_hotel/,loc_2,stranger,not_mentioned,customer,not_mentioned
https://www.reddit.com/r/TheMallWorld/comments/16ng0xl/my_first_visit_and_a_method_to_return/,loc_1,crowd,neutral,customer,not_mentioned
https://www.reddit.com/r/TheMallWorld/comments/16ng0xl/my_first_visit_and_a_method_to_return/,loc_2,stranger,friendly,staff,not_mentioned
https://www.reddit.com/r/TheMallWorld/comments/16ng0xl/my_first_visit_and_a_method_to_return/,loc_2,crowd,friendly,staff,not_mentioned
https://www.reddit.com/r/TheMallWorld/comments/16ng0xl/my_first_visit_and_a_method_to_return/,loc_3,stranger,neutral,customer,not_mentioned
https://www.reddit.com/r/TheMallWorld/comments/16ng0xl/my_first_visit_and_a_method_to_return/,loc_5,creature,watching,other,not_mentioned
https://www.reddit.com/r/TheMallWorld/comments/16ng0xl/my_first_visit_and_a_method_to_return/,loc_6,crowd,indifferent,bystander,not_mentioned
https://www.reddit.com/r/TheMallWorld/comments/16ng0xl/my_first_visit_and_a_method_to_return/,loc_6,stranger,unfriendly,blocker,blocking
https://www.reddit.com/r/TheMallWorld/comments/16ng0xl/my_first_visit_and_a_method_to_return/,loc_7,crowd,neutral,staff,not_mentioned
https://www.reddit.com/r/TheMallWorld/comments/16ng0xl/my_first_visit_and_a_method_to_return/,loc_8,creature,threatening,other,not_mentioned
https://www.reddit.com/r/TheMallWorld/comments/16nsuyc/i_work_at_a_restaurant/,loc_restaurant,creature,neutral,other,not_mentioned
https://www.reddit.com/r/TheMallWorld/comments/16nsuyc/i_work_at_a_restaurant/,loc_restaurant,creature,neutral,other,not_mentioned
https://www.reddit.com/r/TheMallWorld/comments/16nsuyc/i_work_at_a_restaurant/,loc_restaurant_booths,stranger,friendly,customer,not_mentioned
https://www.reddit.com/r/TheMallWorld/comments/16nsuyc/i_work_at_a_restaurant/,loc_restaurant_booths,stranger,friendly,customer,not_mentioned
https://www.reddit.com/r/TheMallWorld/comments/16nsuyc/i_work_at_a_restaurant/,loc_restaurant,authority,unfriendly,authority,punitive
https://www.reddit.com/r/TheMallWorld/comments/16nsuyc/i_work_at_a_restaurant/,loc_hallway_not_bathrooms,crowd,neutral,security,not_mentioned
https://www.reddit.com/r/TheMallWorld/comments/16nsuyc/i_work_at_a_restaurant/,loc_boutique,crowd,friendly,other,not_mentioned
https://www.reddit.com/r/TheMallWorld/comments/16nsuyc/i_work_at_a_restaurant/,loc_restaurant,coworker,unfriendly,staff,not_mentioned
https://www.reddit.com/r/TheMallWorld/comments/16nsuyc/i_work_at_a_restaurant/,loc_restaurant,crowd,confusing,security,not_mentioned
https://www.reddit.com/r/TheMallWorld/comments/16nsuyc/i_work_at_a_restaurant/,loc_restaurant,stranger,not_mentioned,customer,not_mentioned
https://www.reddit.com/r/TheMallWorld/comments/16nsuyc/i_work_at_a_restaurant/,loc_restaurant,stranger,unfriendly,other,not_mentioned
https://www.reddit.com/r/TheMallWorld/comments/16qfgm3/spa_part_of_mall_world/,loc_1,family_member,neutral,other,not_mentioned
https://www.reddit.com/r/TheMallWorld/comments/16qfgm3/spa_part_of_mall_world/,loc_1,authority,unfriendly,staff,blocking
https://www.reddit.com/r/TheMallWorld/comments/16qfgm3/spa_part_of_mall_world/,loc_1,family_member,neutral,companion,not_mentioned
https://www.reddit.com/r/TheMallWorld/comments/16r3jru/im_in_shock_that_i_found_this_sub/,loc_9,creature,not_mentioned,other,not_mentioned
https://www.reddit.com/r/TheMallWorld/comments/16t0alc/going_to_a_wedding/,loc_2,crowd,neutral,other,not_mentioned
https://www.reddit.com/r/TheMallWorld/comments/16t0alc/going_to_a_wedding/,loc_3,crowd,neutral,customer,not_mentioned
https://www.reddit.com/r/TheMallWorld/comments/16t0alc/going_to_a_wedding/,loc_4,crowd,neutral,other,not_mentioned
https://www.reddit.com/r/TheMallWorld/comments/16teucq/stuck_in_the_elevator_lobby/,loc_1,threat,hostile,chaser,not_mentioned
https://www.reddit.com/r/TheMallWorld/comments/16u9cbq/version_of_new_york/,loc_1,authority,unfriendly,authority,blocking
https://www.reddit.com/r/TheMallWorld/comments/16umndk/concert_venue_andor_movie_theater_have_you_been/,loc_1,stranger,neutral,other,not_mentioned
https://www.reddit.com/r/TheMallWorld/comments/16umndk/concert_venue_andor_movie_theater_have_you_been/,loc_3,stranger,friendly,companion,not_mentioned
https://www.reddit.com/r/TheMallWorld/comments/16wcmc3/the_void_bedroom/,loc_1,other,neutral,other,not_mentioned
https://www.reddit.com/r/TheMallWorld/comments/16wcmc3/the_void_bedroom/,loc_1,other,hostile,other,not_mentioned
https://www.reddit.com/r/TheMallWorld/comments/16wo6pf/my_mall_house/,loc_9,deceased,friendly,companion,not_mentioned
https://www.reddit.com/r/TheMallWorld/comments/16wo6pf/my_mall_house/,loc_9,deceased,friendly,companion,not_mentioned
https://www.reddit.com/r/TheMallWorld/comments/16x3uog/a_very_vivid_dream_i_had_recently_in_some_sort_of/,loc_6,stranger,not_mentioned,other,not_mentioned
https://www.reddit.com/r/TheMallWorld/comments/16x3uog/a_very_vivid_dream_i_had_recently_in_some_sort_of/,loc_7,friend,friendly,companion,not_mentioned
https://www.reddit.com/r/TheMallWorld/comments/16x97ot/stray_animals_and_babies/,loc_1,creature,neutral,other,not_mentioned
https://www.reddit.com/r/TheMallWorld/comments/16x97ot/stray_animals_and_babies/,loc_1,creature,friendly,companion,not_mentioned
https://www.reddit.com/r/TheMallWorld/comments/16x97ot/stray_animals_and_babies/,loc_1,creature,indifferent,companion,not_mentioned
https://www.reddit.com/r/TheMallWorld/comments/16x97ot/stray_animals_and_babies/,loc_1,child,not_mentioned,other,not_mentioned
https://www.reddit.com/r/TheMallWorld/comments/16xf2vi/graffiti_tunnels/,loc_2,crowd,threatening,other,not_mentioned
https://www.reddit.com/r/TheMallWorld/comments/16xf2vi/graffiti_tunnels/,loc_2,creature,threatening,other,not_mentioned
https://www.reddit.com/r/TheMallWorld/comments/16xf2vi/graffiti_tunnels/,loc_2,threat,threatening,other,not_mentioned
https://www.reddit.com/r/TheMallWorld/comments/16xf2vi/graffiti_tunnels/,loc_3,threat,hostile,other,not_mentioned
https://www.reddit.com/r/TheMallWorld/comments/16xf2vi/graffiti_tunnels/,loc_3,other,neutral,other,not_mentioned
https://www.reddit.com/r/TheMallWorld/comments/16xtflx/i_found_a_cave/,loc_1,stranger,neutral,guide,guiding
https://www.reddit.com/r/TheMallWorld/comments/16xtflx/i_found_a_cave/,loc_1,stranger,neutral,guide,guiding
https://www.reddit.com/r/TheMallWorld/comments/16xv0v2/mall_world_parking_lot/,loc_2,stranger,not_mentioned,other,not_mentioned
https://www.reddit.com/r/TheMallWorld/comments/16yknip/my_mall_world_experience/,loc_5,stranger,friendly,companion,not_mentioned
https://www.reddit.com/r/TheMallWorld/comments/16yknip/my_mall_world_experience/,loc_5,crowd,friendly,bystander,not_mentioned
https://www.reddit.com/r/TheMallWorld/comments/16zttum/my_experiences_in_mall_world/,loc_1,crowd,neutral,bystander,not_mentioned
https://www.reddit.com/r/TheMallWorld/comments/16zttum/my_experiences_in_mall_world/,loc_1,other,neutral,companion,not_mentioned
https://www.reddit.com/r/TheMallWorld/comments/16zttum/my_experiences_in_mall_world/,loc_2,crowd,neutral,staff,not_mentioned
https://www.reddit.com/r/TheMallWorld/comments/16zttum/my_experiences_in_mall_world/,loc_2,threat,hostile,chaser,not_mentioned
https://www.reddit.com/r/TheMallWorld/comments/16zttum/my_experiences_in_mall_world/,loc_3,authority,not_mentioned,authority,blocking
https://www.reddit.com/r/TheMallWorld/comments/16zttum/my_experiences_in_mall_world/,loc_3,crowd,neutral,other,not_mentioned
https://www.reddit.com/r/TheMallWorld/comments/1707lxk/has_anyone_been_to_this_city/,loc_4,stranger,neutral,other,not_mentioned
https://www.reddit.com/r/TheMallWorld/comments/1707lxk/has_anyone_been_to_this_city/,loc_6,stranger,not_mentioned,other,not_mentioned
https://www.reddit.com/r/TheMallWorld/comments/1707lxk/has_anyone_been_to_this_city/,loc_6,creature,threatening,other,not_mentioned
https://www.reddit.com/r/TheMallWorld/comments/1707lxk/has_anyone_been_to_this_city/,loc_7,stranger,helpful,guide,guiding
https://www.reddit.com/r/TheMallWorld/comments/170x3nf/department_store_vet/,loc_1,stranger,not_mentioned,customer,not_mentioned
https://www.reddit.com/r/TheMallWorld/comments/170x3nf/department_store_vet/,loc_1,creature,not_mentioned,other,not_mentioned
https://www.reddit.com/r/TheMallWorld/comments/1713fwu/canadian_dream_mall/,loc_3,stranger,not_mentioned,customer,not_mentioned
https://www.reddit.com/r/TheMallWorld/comments/1713fwu/canadian_dream_mall/,loc_7,creature,not_mentioned,other,not_mentioned
https://www.reddit.com/r/TheMallWorld/comments/1714vqf/abandoned_roads_crazybroken_bridges_touristy/,loc_2,stranger,not_mentioned,companion,not_mentioned
https://www.reddit.com/r/TheMallWorld/comments/1719lgm/another_one/,loc_3,stranger,neutral,staff,not_mentioned
https://www.reddit.com/r/TheMallWorld/comments/1719lgm/another_one/,loc_3,crowd,indifferent,bystander,not_mentioned
https://www.reddit.com/r/TheMallWorld/comments/171dpx3/museum_rooms_and_zoo_rooms/,loc_1,authority,neutral,guide,observing
https://www.reddit.com/r/TheMallWorld/comments/171dz6s/people_with_striations/,loc_1,crowd,friendly,bystander,not_mentioned
https://www.reddit.com/r/TheMallWorld/comments/171dz6s/people_with_striations/,loc_1,stranger,not_mentioned,authority,guiding
https://www.reddit.com/r/TheMallWorld/comments/171dz6s/people_with_striations/,loc_1,authority,neutral,authority,observing
https://www.reddit.com/r/TheMallWorld/comments/171dz6s/people_with_striations/,loc_4,crowd,friendly,other,not_mentioned
https://www.reddit.com/r/TheMallWorld/comments/171feu0/strip_mall_world/,loc_5,threat,hostile,chaser,not_mentioned
https://www.reddit.com/r/TheMallWorld/comments/171feu0/strip_mall_world/,loc_11,family_member,not_mentioned,not_mentioned,not_mentioned
https://www.reddit.com/r/TheMallWorld/comments/171lw9l/vivid_dream_about_a_multistory_circular_mall_with/,loc_2,crowd,not_mentioned,bystander,not_mentioned
https://www.reddit.com/r/TheMallWorld/comments/171q43c/oops_all_restaurants/,loc_1,authority,not_mentioned,authority,guiding
https://www.reddit.com/r/TheMallWorld/comments/171q43c/oops_all_restaurants/,loc_2,stranger,friendly,staff,not_mentioned
https://www.reddit.com/r/TheMallWorld/comments/171q43c/oops_all_restaurants/,loc_3,stranger,unfriendly,staff,not_mentioned
https://www.reddit.com/r/TheMallWorld/comments/171q43c/oops_all_restaurants/,loc_7,crowd,unfriendly,staff,not_mentioned
https://www.reddit.com/r/TheMallWorld/comments/171s44i/anyone_experience_strange_background_noisemusic/,loc_1,crowd,threatening,other,not_mentioned
https://www.reddit.com/r/TheMallWorld/comments/172x1t8/street_fairs_malls_and_marketplaces_oh_my/,loc_2,stranger,friendly,cashier,not_mentioned
https://www.reddit.com/r/TheMallWorld/comments/172x1t8/street_fairs_malls_and_marketplaces_oh_my/,loc_1,stranger,neutral,other,not_mentioned
https://www.reddit.com/r/TheMallWorld/comments/1731wlb/ziggurat_with_bath_house/,loc_1,crowd,hostile,other,not_mentioned
https://www.reddit.com/r/TheMallWorld/comments/1734qps/my_journey_in_mallworld/,loc_1,crowd,neutral,companion,not_mentioned
https://www.reddit.com/r/TheMallWorld/comments/1734qps/my_journey_in_mallworld/,loc_23,stranger,helpful,teacher,guiding
https://www.reddit.com/r/TheMallWorld/comments/1734qps/my_journey_in_mallworld/,loc_5,crowd,unfriendly,other,not_mentioned
https://www.reddit.com/r/TheMallWorld/comments/1734qps/my_journey_in_mallworld/,loc_5,authority,indifferent,authority,observing
https://www.reddit.com/r/TheMallWorld/comments/1734qps/my_journey_in_mallworld/,loc_5,authority,neutral,authority,blocking
https://www.reddit.com/r/TheMallWorld/comments/1734qps/my_journey_in_mallworld/,loc_5,crowd,neutral,bystander,not_mentioned
https://www.reddit.com/r/TheMallWorld/comments/173j2iu/i_often_dream_that_i_own_several_aquariums_with/,loc_1,creature,not_mentioned,not_mentioned,not_mentioned
https://www.reddit.com/r/TheMallWorld/comments/174czxf/surprised_i_found_this_sub/,loc_1,stranger,hostile,other,not_mentioned
https://www.reddit.com/r/TheMallWorld/comments/174czxf/surprised_i_found_this_sub/,loc_1,stranger,not_mentioned,other,not_mentioned
https://www.reddit.com/r/TheMallWorld/comments/174czxf/surprised_i_found_this_sub/,loc_2,crowd,indifferent,bystander,not_mentioned
https://www.reddit.com/r/TheMallWorld/comments/1755686/undergroundcity/,loc_8,deceased,not_mentioned,other,not_mentioned
https://www.reddit.com/r/TheMallWorld/comments/1755686/undergroundcity/,loc_8,crowd,neutral,bystander,not_mentioned
https://www.reddit.com/r/TheMallWorld/comments/175rosp/my_mall_world_happened_to_have_a_hospital_and_it/,loc_5,crowd,neutral,other,not_mentioned
https://www.reddit.com/r/TheMallWorld/comments/175rosp/my_mall_world_happened_to_have_a_hospital_and_it/,loc_7,authority,helpful,staff,guiding
https://www.reddit.com/r/TheMallWorld/comments/175s3wt/ive_been_stuck_in_the_same_dreamspace_for_over_a/,loc_14,authority,hostile,authority,observing
https://www.reddit.com/r/TheMallWorld/comments/175vcth/dream_characters_as_guides/,loc_1,stranger,helpful,guide,guiding
https://www.reddit.com/r/TheMallWorld/comments/175vcth/dream_characters_as_guides/,loc_1,creature,friendly,other,not_mentioned
https://www.reddit.com/r/TheMallWorld/comments/175vcth/dream_characters_as_guides/,loc_2,stranger,helpful,guide,guiding
https://www.reddit.com/r/TheMallWorld/comments/175vcth/dream_characters_as_guides/,loc_2,creature,friendly,other,not_mentioned
https://www.reddit.com/r/TheMallWorld/comments/175vcth/dream_characters_as_guides/,loc_4,guide,helpful,guide,guiding
https://www.reddit.com/r/TheMallWorld/comments/176fclw/mothers_nightmare_came_true/,loc_road_1,other,threatening,other,not_mentioned
https://www.reddit.com/r/TheMallWorld/comments/176fclw/mothers_nightmare_came_true/,loc_carnival_1,creature,threatening,other,not_mentioned
https://www.reddit.com/r/TheMallWorld/comments/176fclw/mothers_nightmare_came_true/,loc_carnival_1,crowd,hostile,chaser,not_mentioned
https://www.reddit.com/r/TheMallWorld/comments/176jm4n/is_this_the_mall_world/,loc_1,family_member,friendly,companion,not_mentioned
https://www.reddit.com/r/TheMallWorld/comments/176jm4n/is_this_the_mall_world/,loc_3,crowd,hostile,other,not_mentioned
https://www.reddit.com/r/TheMallWorld/comments/1775yyp/earthquake_in_mall_world/,loc_1,stranger,confusing,other,not_mentioned
https://www.reddit.com/r/TheMallWorld/comments/1775yyp/earthquake_in_mall_world/,loc_1,stranger,neutral,other,not_mentioned
https://www.reddit.com/r/TheMallWorld/comments/1775yyp/earthquake_in_mall_world/,loc_1,stranger,neutral,companion,not_mentioned
https://www.reddit.com/r/TheMallWorld/comments/1775yyp/earthquake_in_mall_world/,loc_1,stranger,neutral,other,not_mentioned
https://www.reddit.com/r/TheMallWorld/comments/177w1ek/my_mallworld_dream_is_morphing/,loc_3,friend,neutral,companion,not_mentioned
https://www.reddit.com/r/TheMallWorld/comments/177w1ek/my_mallworld_dream_is_morphing/,loc_6,stranger,neutral,cashier,not_mentioned
https://www.reddit.com/r/TheMallWorld/comments/177w1ek/my_mallworld_dream_is_morphing/,loc_7,friend,friendly,companion,not_mentioned
https://www.reddit.com/r/TheMallWorld/comments/178hx7i/stumbled_upon_this_sub_and_it_describes_this/,loc_1,stranger,unfriendly,customer,not_mentioned
https://www.reddit.com/r/TheMallWorld/comments/178hx7i/stumbled_upon_this_sub_and_it_describes_this/,loc_4,known_person,friendly,companion,not_mentioned
https://www.reddit.com/r/TheMallWorld/comments/178hx7i/stumbled_upon_this_sub_and_it_describes_this/,loc_4,family_member,not_mentioned,other,not_mentioned
https://www.reddit.com/r/TheMallWorld/comments/178hx7i/stumbled_upon_this_sub_and_it_describes_this/,loc_4,threat,hostile,chaser,not_mentioned
https://www.reddit.com/r/TheMallWorld/comments/178hx7i/stumbled_upon_this_sub_and_it_describes_this/,loc_4,threat,hostile,blocker,not_mentioned
https://www.reddit.com/r/TheMallWorld/comments/178hx7i/stumbled_upon_this_sub_and_it_describes_this/,loc_6,threat,hostile,chaser,not_mentioned
https://www.reddit.com/r/TheMallWorld/comments/178k5yy/lucidity_at_a_bus_stop/,loc_1,stranger,confusing,bystander,not_mentioned
https://www.reddit.com/r/TheMallWorld/comments/1799ynk/my_dream_worldcan_anyone_relate/,loc_2,friend,neutral,companion,not_mentioned
https://www.reddit.com/r/TheMallWorld/comments/1799ynk/my_dream_worldcan_anyone_relate/,loc_2,friend,neutral,companion,not_mentioned
https://www.reddit.com/r/TheMallWorld/comments/1799ynk/my_dream_worldcan_anyone_relate/,loc_2,child,confusing,other,not_mentioned
https://www.reddit.com/r/TheMallWorld/comments/179cjmf/it_got_saucy/,loc_4,stranger,not_mentioned,chaser,not_mentioned
https://www.reddit.com/r/TheMallWorld/comments/179tosi/first_dream_in_a_while_and_its_in_a_mall_partially/,loc_1,authority,hostile,authority,pursuing
https://www.reddit.com/r/TheMallWorld/comments/179tosi/first_dream_in_a_while_and_its_in_a_mall_partially/,loc_4,authority,neutral,staff,guiding
https://www.reddit.com/r/TheMallWorld/comments/17a3dyn/elevator_with_fish_wallpaper/,loc_2,crowd,neutral,bystander,not_mentioned
https://www.reddit.com/r/TheMallWorld/comments/17a3dyn/elevator_with_fish_wallpaper/,loc_5,known_person,confusing,bystander,not_mentioned
https://www.reddit.com/r/TheMallWorld/comments/17ab79w/inter_dimensional_hotel_of_sorts/,loc_2,stranger,neutral,companion,not_mentioned
https://www.reddit.com/r/TheMallWorld/comments/17ab79w/inter_dimensional_hotel_of_sorts/,loc_3,stranger,not_mentioned,companion,not_mentioned
https://www.reddit.com/r/TheMallWorld/comments/17ab79w/inter_dimensional_hotel_of_sorts/,loc_3,stranger,helpful,companion,not_mentioned
https://www.reddit.com/r/TheMallWorld/comments/17ab79w/inter_dimensional_hotel_of_sorts/,loc_3,stranger,not_mentioned,companion,not_mentioned
https://www.reddit.com/r/TheMallWorld/comments/17ahqbz/been_in_the_neighborhood_behind_mall_world_lately/,loc_1,friend,friendly,companion,not_mentioned
https://www.reddit.com/r/TheMallWorld/comments/17ahqbz/been_in_the_neighborhood_behind_mall_world_lately/,loc_2,friend,neutral,companion,not_mentioned
https://www.reddit.com/r/TheMallWorld/comments/17ahqbz/been_in_the_neighborhood_behind_mall_world_lately/,loc_2,child,neutral,other,not_mentioned
https://www.reddit.com/r/TheMallWorld/comments/17ahqbz/been_in_the_neighborhood_behind_mall_world_lately/,loc_2,threat,threatening,blocker,not_mentioned
https://www.reddit.com/r/TheMallWorld/comments/17ahqcr/been_in_the_neighborhood_behind_mall_world_lately/,loc_2,friend,friendly,companion,not_mentioned
https://www.reddit.com/r/TheMallWorld/comments/17ahqcr/been_in_the_neighborhood_behind_mall_world_lately/,loc_2,threat,threatening,blocker,not_mentioned
https://www.reddit.com/r/TheMallWorld/comments/17ahqcv/been_in_the_neighborhood_behind_mall_world_lately/,loc_1,friend,friendly,companion,not_mentioned
https://www.reddit.com/r/TheMallWorld/comments/17ahqcv/been_in_the_neighborhood_behind_mall_world_lately/,loc_1,child,neutral,other,not_mentioned
https://www.reddit.com/r/TheMallWorld/comments/17ahqcv/been_in_the_neighborhood_behind_mall_world_lately/,loc_2,threat,threatening,chaser,not_mentioned
https://www.reddit.com/r/TheMallWorld/comments/17akxil/has_anyone_been_to_the_large_green_warehouse_that/,loc_2,crowd,not_mentioned,staff,not_mentioned
https://www.reddit.com/r/TheMallWorld/comments/17akxil/has_anyone_been_to_the_large_green_warehouse_that/,loc_3,crowd,not_mentioned,customer,not_mentioned
https://www.reddit.com/r/TheMallWorld/comments/17akxil/has_anyone_been_to_the_large_green_warehouse_that/,loc_4,crowd,not_mentioned,other,not_mentioned
https://www.reddit.com/r/TheMallWorld/comments/17apy0a/outside_security_hq/,loc_2,family_member,friendly,other,not_mentioned
https://www.reddit.com/r/TheMallWorld/comments/17apy0a/outside_security_hq/,loc_2,stranger,friendly,companion,not_mentioned
https://www.reddit.com/r/TheMallWorld/comments/17apy0a/outside_security_hq/,loc_4,crowd,neutral,bystander,not_mentioned
https://www.reddit.com/r/TheMallWorld/comments/17b2dle/the_hub/,loc_1,crowd,not_mentioned,bystander,not_mentioned
https://www.reddit.com/r/TheMallWorld/comments/17b2dle/the_hub/,loc_1,deceased,friendly,companion,not_mentioned
https://www.reddit.com/r/TheMallWorld/comments/17c1ved/my_mall_world_changed_when_i_got_sober/,loc_1,family_member,not_mentioned,companion,not_mentioned
https://www.reddit.com/r/TheMallWorld/comments/17c1ved/my_mall_world_changed_when_i_got_sober/,loc_1,other,not_mentioned,other,not_mentioned
https://www.reddit.com/r/TheMallWorld/comments/17c1ved/my_mall_world_changed_when_i_got_sober/,loc_1,other,not_mentioned,other,not_mentioned
https://www.reddit.com/r/TheMallWorld/comments/17c1ved/my_mall_world_changed_when_i_got_sober/,loc_5,stranger,neutral,other,not_mentioned
https://www.reddit.com/r/TheMallWorld/comments/17co7bz/its_not_a_mall_its_some_kind_of_city_for_me/,loc_8,crowd,not_mentioned,other,not_mentioned
https://www.reddit.com/r/TheMallWorld/comments/17e9u00/target_dream/,loc_2,stranger,unfriendly,bystander,not_mentioned
https://www.reddit.com/r/TheMallWorld/comments/17e9u00/target_dream/,loc_2,family_member,not_mentioned,not_mentioned,not_mentioned
https://www.reddit.com/r/TheMallWorld/comments/17e9u00/target_dream/,loc_2,family_member,not_mentioned,not_mentioned,not_mentioned
https://www.reddit.com/r/TheMallWorld/comments/17e9u00/target_dream/,loc_4,authority,neutral,other,guiding
https://www.reddit.com/r/TheMallWorld/comments/17e9u00/target_dream/,loc_4,family_member,not_mentioned,not_mentioned,not_mentioned
https://www.reddit.com/r/TheMallWorld/comments/17ec8qa/does_anyone_visit_funeral_homes_and_cemeteries_in/,loc_2,stranger,not_mentioned,guide,not_mentioned
https://www.reddit.com/r/TheMallWorld/comments/17et1cc/i_guess_im_married/,loc_1,stranger,not_mentioned,student,not_mentioned
https://www.reddit.com/r/TheMallWorld/comments/17et1cc/i_guess_im_married/,loc_1,crowd,unfriendly,student,not_mentioned
https://www.reddit.com/r/TheMallWorld/comments/17et1cc/i_guess_im_married/,loc_1,creature,hostile,other,not_mentioned
https://www.reddit.com/r/TheMallWorld/comments/17eu4ir/i_finally_exited_to_the_correct_parking_lot/,loc_1,crowd,hostile,other,not_mentioned
https://www.reddit.com/r/TheMallWorld/comments/17eu4ir/i_finally_exited_to_the_correct_parking_lot/,loc_3,authority,unfriendly,staff,blocking
https://www.reddit.com/r/TheMallWorld/comments/17eu4ir/i_finally_exited_to_the_correct_parking_lot/,loc_4,family_member,hostile,blocker,blocking
https://www.reddit.com/r/TheMallWorld/comments/17gk7vv/high_school_world/,loc_3,authority,unfriendly,staff,observing
https://www.reddit.com/r/TheMallWorld/comments/17i66kf/dream_codes/,loc_1,stranger,neutral,other,not_mentioned
https://www.reddit.com/r/TheMallWorld/comments/17il89m/my_most_vivid_and_detailed_dream_of_mall_world/,loc_2,known_person,neutral,companion,not_mentioned
https://www.reddit.com/r/TheMallWorld/comments/17il89m/my_most_vivid_and_detailed_dream_of_mall_world/,loc_3,child,friendly,customer,not_mentioned
https://www.reddit.com/r/TheMallWorld/comments/17il89m/my_most_vivid_and_detailed_dream_of_mall_world/,loc_3,stranger,neutral,staff,not_mentioned
https://www.reddit.com/r/TheMallWorld/comments/17il89m/my_most_vivid_and_detailed_dream_of_mall_world/,loc_1,other,friendly,other,not_mentioned
https://www.reddit.com/r/TheMallWorld/comments/17il89m/my_most_vivid_and_detailed_dream_of_mall_world/,loc_1,other,friendly,companion,not_mentioned
https://www.reddit.com/r/TheMallWorld/comments/17il89m/my_most_vivid_and_detailed_dream_of_mall_world/,loc_1,known_person,neutral,companion,not_mentioned
https://www.reddit.com/r/TheMallWorld/comments/17il89m/my_most_vivid_and_detailed_dream_of_mall_world/,loc_6,stranger,neutral,bystander,not_mentioned
https://www.reddit.com/r/TheMallWorld/comments/17il89m/my_most_vivid_and_detailed_dream_of_mall_world/,loc_6,stranger,neutral,bystander,not_mentioned
https://www.reddit.com/r/TheMallWorld/comments/17il89m/my_most_vivid_and_detailed_dream_of_mall_world/,loc_6,stranger,helpful,guide,not_mentioned
https://www.reddit.com/r/TheMallWorld/comments/17il89m/my_most_vivid_and_detailed_dream_of_mall_world/,loc_7,family_member,unfriendly,companion,not_mentioned
https://www.reddit.com/r/TheMallWorld/comments/17il89m/my_most_vivid_and_detailed_dream_of_mall_world/,loc_7,family_member,neutral,companion,not_mentioned
https://www.reddit.com/r/TheMallWorld/comments/17il89m/my_most_vivid_and_detailed_dream_of_mall_world/,loc_7,other,not_mentioned,other,not_mentioned
https://www.reddit.com/r/TheMallWorld/comments/17ipsvi/last_nights_dream/,loc_1,threat,hostile,chaser,not_mentioned
https://www.reddit.com/r/TheMallWorld/comments/17ipsvi/last_nights_dream/,loc_1,child,not_mentioned,other,not_mentioned
https://www.reddit.com/r/TheMallWorld/comments/17ipsvi/last_nights_dream/,loc_2,stranger,neutral,companion,not_mentioned
https://www.reddit.com/r/TheMallWorld/comments/17ipsvi/last_nights_dream/,loc_4,stranger,neutral,other,not_mentioned
https://www.reddit.com/r/TheMallWorld/comments/17ipsvi/last_nights_dream/,loc_2,other,not_mentioned,other,not_mentioned
https://www.reddit.com/r/TheMallWorld/comments/17ipsvi/last_nights_dream/,loc_2,known_person,friendly,companion,not_mentioned
https://www.reddit.com/r/TheMallWorld/comments/17ipsvi/last_nights_dream/,loc_3,child,friendly,other,not_mentioned
https://www.reddit.com/r/TheMallWorld/comments/17ipsvi/last_nights_dream/,loc_3,stranger,friendly,bystander,not_mentioned
https://www.reddit.com/r/TheMallWorld/comments/17je3pd/some_things_have_changed/,loc_1,stranger,friendly,companion,not_mentioned
https://www.reddit.com/r/TheMallWorld/comments/17jf7qv/baseball_stadium/,loc_1,other,not_mentioned,other,not_mentioned
https://www.reddit.com/r/TheMallWorld/comments/17jf7qv/baseball_stadium/,loc_1,stranger,neutral,bystander,not_mentioned
https://www.reddit.com/r/TheMallWorld/comments/17jf7qv/baseball_stadium/,loc_1,crowd,not_mentioned,bystander,not_mentioned
https://www.reddit.com/r/TheMallWorld/comments/17jf7qv/baseball_stadium/,loc_3,crowd,not_mentioned,bystander,not_mentioned
https://www.reddit.com/r/TheMallWorld/comments/17jf7qv/baseball_stadium/,loc_3,stranger,friendly,bystander,not_mentioned
https://www.reddit.com/r/TheMallWorld/comments/17jf7qv/baseball_stadium/,loc_5,stranger,friendly,bystander,not_mentioned
https://www.reddit.com/r/TheMallWorld/comments/17jf7qv/baseball_stadium/,loc_5,crowd,not_mentioned,other,not_mentioned
https://www.reddit.com/r/TheMallWorld/comments/17jkrb3/unnerving_mallworld_experience_lately/,loc_3,stranger,threatening,other,not_mentioned
https://www.reddit.com/r/TheMallWorld/comments/17jpsp1/this_felt_so_real/,loc_1,authority,not_mentioned,authority,not_mentioned
https://www.reddit.com/r/TheMallWorld/comments/17jpsp1/this_felt_so_real/,loc_1,stranger,not_mentioned,companion,not_mentioned
https://www.reddit.com/r/TheMallWorld/comments/17jx517/how_did_i_just_stumble_into_this_group/,loc_8,crowd,indifferent,customer,not_mentioned
https://www.reddit.com/r/TheMallWorld/comments/17kmcmd/the_dirt_road/,loc_1,crowd,not_mentioned,bystander,not_mentioned
https://www.reddit.com/r/TheMallWorld/comments/17ksqqc/i_just_had_a_halloween_edition/,loc_1,crowd,neutral,bystander,not_mentioned
https://www.reddit.com/r/TheMallWorld/comments/17ktnzh/dream_from_last_night/,loc_2,friend,not_mentioned,companion,not_mentioned
https://www.reddit.com/r/TheMallWorld/comments/17ktnzh/dream_from_last_night/,loc_2,friend,not_mentioned,companion,not_mentioned
https://www.reddit.com/r/TheMallWorld/comments/17mui9c/my_familys_mansion/,loc_2,family_member,neutral,other,not_mentioned
https://www.reddit.com/r/TheMallWorld/comments/17mui9c/my_familys_mansion/,loc_2,family_member,neutral,other,not_mentioned
https://www.reddit.com/r/TheMallWorld/comments/17mui9c/my_familys_mansion/,loc_2,family_member,neutral,other,not_mentioned
https://www.reddit.com/r/TheMallWorld/comments/17nnf8w/dragonkin/,loc_1,crowd,not_mentioned,other,not_mentioned
https://www.reddit.com/r/TheMallWorld/comments/17nnf8w/dragonkin/,loc_4,friend,friendly,companion,not_mentioned
https://www.reddit.com/r/TheMallWorld/comments/17nnf8w/dragonkin/,loc_3,other,not_mentioned,other,not_mentioned
https://www.reddit.com/r/TheMallWorld/comments/17nnf8w/dragonkin/,loc_3,authority,not_mentioned,authority,not_mentioned
https://www.reddit.com/r/TheMallWorld/comments/17nnf8w/dragonkin/,loc_3,other,neutral,other,not_mentioned
https://www.reddit.com/r/TheMallWorld/comments/17nnf8w/dragonkin/,loc_3,family_member,unfriendly,other,not_mentioned
https://www.reddit.com/r/TheMallWorld/comments/17nnf8w/dragonkin/,loc_5,family_member,not_mentioned,other,not_mentioned
https://www.reddit.com/r/TheMallWorld/comments/17nnf8w/dragonkin/,loc_5,creature,not_mentioned,other,not_mentioned
https://www.reddit.com/r/TheMallWorld/comments/17nnf8w/dragonkin/,loc_7,creature,not_mentioned,other,not_mentioned
https://www.reddit.com/r/TheMallWorld/comments/17nnf8w/dragonkin/,loc_3,other,neutral,authority,guiding
https://www.reddit.com/r/TheMallWorld/comments/17ohphi/crazy_mall_world_dream_last_night/,loc_1,known_person,neutral,companion,not_mentioned
https://www.reddit.com/r/TheMallWorld/comments/17ohphi/crazy_mall_world_dream_last_night/,loc_1,creature,neutral,other,not_mentioned
https://www.reddit.com/r/TheMallWorld/comments/17ohphi/crazy_mall_world_dream_last_night/,loc_2,child,not_mentioned,other,not_mentioned
https://www.reddit.com/r/TheMallWorld/comments/17ohphi/crazy_mall_world_dream_last_night/,loc_2,creature,neutral,other,not_mentioned
https://www.reddit.com/r/TheMallWorld/comments/17ohphi/crazy_mall_world_dream_last_night/,loc_3,authority,unfriendly,authority,blocking
https://www.reddit.com/r/TheMallWorld/comments/17pc17u/my_first_mallworld_experience_today/,loc_3,stranger,confusing,cashier,not_mentioned
https://www.reddit.com/r/TheMallWorld/comments/17pc17u/my_first_mallworld_experience_today/,loc_2,crowd,indifferent,bystander,not_mentioned
https://www.reddit.com/r/TheMallWorld/comments/17plila/desolate_planet_at_the_edge_of_the_universe/,loc_4,other,not_mentioned,not_mentioned,not_mentioned
https://www.reddit.com/r/TheMallWorld/comments/17qqfdc/blob_in_the_theater/,loc_1,threat,hostile,chaser,not_mentioned
https://www.reddit.com/r/TheMallWorld/comments/17qqfdc/blob_in_the_theater/,loc_1,crowd,not_mentioned,bystander,not_mentioned
https://www.reddit.com/r/TheMallWorld/comments/17qqfdc/blob_in_the_theater/,loc_1,other,not_mentioned,companion,not_mentioned
https://www.reddit.com/r/TheMallWorld/comments/17qqfdc/blob_in_the_theater/,loc_1,threat,hostile,chaser,not_mentioned
https://www.reddit.com/r/TheMallWorld/comments/17qqfdc/blob_in_the_theater/,loc_1,other,not_mentioned,companion,not_mentioned
https://www.reddit.com/r/TheMallWorld/comments/17qqfdc/blob_in_the_theater/,loc_2,threat,hostile,chaser,not_mentioned
https://www.reddit.com/r/TheMallWorld/comments/17qqfdc/blob_in_the_theater/,loc_2,other,not_mentioned,companion,not_mentioned
https://www.reddit.com/r/TheMallWorld/comments/17qqfdc/blob_in_the_theater/,loc_2,threat,hostile,chaser,not_mentioned
https://www.reddit.com/r/TheMallWorld/comments/17qqfdc/blob_in_the_theater/,loc_2,other,not_mentioned,companion,not_mentioned
https://www.reddit.com/r/TheMallWorld/comments/17qqfdc/blob_in_the_theater/,loc_3,threat,hostile,chaser,not_mentioned
https://www.reddit.com/r/TheMallWorld/comments/17qqfdc/blob_in_the_theater/,loc_3,crowd,not_mentioned,bystander,not_mentioned
https://www.reddit.com/r/TheMallWorld/comments/17qqfdc/blob_in_the_theater/,loc_3,threat,hostile,chaser,not_mentioned
https://www.reddit.com/r/TheMallWorld/comments/17qqfdc/blob_in_the_theater/,loc_4,crowd,not_mentioned,bystander,not_mentioned
https://www.reddit.com/r/TheMallWorld/comments/17qqfdc/blob_in_the_theater/,loc_3,crowd,not_mentioned,bystander,not_mentioned
https://www.reddit.com/r/TheMallWorld/comments/17qqfdc/blob_in_the_theater/,loc_3,threat,hostile,chaser,not_mentioned
https://www.reddit.com/r/TheMallWorld/comments/17qy652/elevators_into_escalators/,loc_1,family_member,neutral,companion,not_mentioned
https://www.reddit.com/r/TheMallWorld/comments/17qy652/elevators_into_escalators/,loc_4,family_member,neutral,companion,not_mentioned
https://www.reddit.com/r/TheMallWorld/comments/17qy652/elevators_into_escalators/,loc_5,crowd,indifferent,bystander,not_mentioned
https://www.reddit.com/r/TheMallWorld/comments/17qy652/elevators_into_escalators/,loc_6,family_member,neutral,companion,not_mentioned
https://www.reddit.com/r/TheMallWorld/comments/17sa9bs/went_lucid_in_mall_world/,loc_1,stranger,neutral,bystander,not_mentioned
https://www.reddit.com/r/TheMallWorld/comments/17sa9bs/went_lucid_in_mall_world/,loc_1,crowd,not_mentioned,bystander,not_mentioned
https://www.reddit.com/r/TheMallWorld/comments/17sz0ey/mall_world_building/,loc_4,creature,threatening,other,not_mentioned
https://www.reddit.com/r/TheMallWorld/comments/17sz0ey/mall_world_building/,loc_4,crowd,neutral,bystander,not_mentioned
https://www.reddit.com/r/TheMallWorld/comments/17sz0ey/mall_world_building/,loc_4,other,confusing,other,not_mentioned
https://www.reddit.com/r/TheMallWorld/comments/17tr5ys/just_woke_from_a_dream_at_a_mall_world_location/,loc_1,crowd,confusing,bystander,not_mentioned
https://www.reddit.com/r/TheMallWorld/comments/17tr5ys/just_woke_from_a_dream_at_a_mall_world_location/,loc_1,stranger,threatening,chaser,not_mentioned
https://www.reddit.com/r/TheMallWorld/comments/17tr5ys/just_woke_from_a_dream_at_a_mall_world_location/,loc_1,crowd,indifferent,bystander,not_mentioned
https://www.reddit.com/r/TheMallWorld/comments/17tz6pg/the_same_house/,loc_1,friend,not_mentioned,companion,not_mentioned
https://www.reddit.com/r/TheMallWorld/comments/17u3s5l/im_so_glad_im_not_the_only_one/,loc_4,known_person,not_mentioned,companion,not_mentioned
https://www.reddit.com/r/TheMallWorld/comments/17ur8qd/the_lady_in_the_river_and_feast_of_fairies/,loc_2,stranger,friendly,companion,not_mentioned
https://www.reddit.com/r/TheMallWorld/comments/17ur8qd/the_lady_in_the_river_and_feast_of_fairies/,loc_5,creature,friendly,other,not_mentioned
https://www.reddit.com/r/TheMallWorld/comments/17ur8qd/the_lady_in_the_river_and_feast_of_fairies/,loc_5,stranger,friendly,companion,not_mentioned
https://www.reddit.com/r/TheMallWorld/comments/17v1ygl/haunted_mansion/,loc_2,child,not_mentioned,companion,not_mentioned
https://www.reddit.com/r/TheMallWorld/comments/17vb5fn/this_is_a_weird_one_that_i_had_years_ago_way/,loc_junction_elevator_fountain,family_member,friendly,companion,not_mentioned
https://www.reddit.com/r/TheMallWorld/comments/17vb5fn/this_is_a_weird_one_that_i_had_years_ago_way/,loc_junction_elevator_fountain,family_member,friendly,companion,not_mentioned
https://www.reddit.com/r/TheMallWorld/comments/17wm2bz/fire_at_mallhome_depot_entrance_last_night/,loc_1,authority,neutral,staff,blocking
https://www.reddit.com/r/TheMallWorld/comments/17wm2bz/fire_at_mallhome_depot_entrance_last_night/,loc_2,other,not_mentioned,companion,not_mentioned
https://www.reddit.com/r/TheMallWorld/comments/17wm2bz/fire_at_mallhome_depot_entrance_last_night/,loc_3,other,not_mentioned,companion,not_mentioned
https://www.reddit.com/r/TheMallWorld/comments/17wm2bz/fire_at_mallhome_depot_entrance_last_night/,loc_3,other,not_mentioned,companion,not_mentioned
https://www.reddit.com/r/TheMallWorld/comments/17wzafx/i_had_a_weird_one_last_night_where_i_had_to_save/,loc_2,stranger,neutral,bystander,not_mentioned
https://www.reddit.com/r/TheMallWorld/comments/17wzafx/i_had_a_weird_one_last_night_where_i_had_to_save/,loc_2,crowd,hostile,chaser,not_mentioned
https://www.reddit.com/r/TheMallWorld/comments/17wzafx/i_had_a_weird_one_last_night_where_i_had_to_save/,loc_2,stranger,not_mentioned,other,not_mentioned
https://www.reddit.com/r/TheMallWorld/comments/17wzafx/i_had_a_weird_one_last_night_where_i_had_to_save/,loc_2,crowd,hostile,chaser,not_mentioned
https://www.reddit.com/r/TheMallWorld/comments/17wzafx/i_had_a_weird_one_last_night_where_i_had_to_save/,loc_3,crowd,hostile,chaser,not_mentioned
https://www.reddit.com/r/TheMallWorld/comments/17x87sx/beach_side_apartmentsdormitories/,loc_4,family_member,not_mentioned,companion,not_mentioned
https://www.reddit.com/r/TheMallWorld/comments/17xm7rr/school_hallways_anyone_else/,loc_1,stranger,unfriendly,other,not_mentioned
https://www.reddit.com/r/TheMallWorld/comments/17xqrx1/anyone_feel_nostalgic_when_you_wake_up/,loc_7,crowd,not_mentioned,customer,not_mentioned
https://www.reddit.com/r/TheMallWorld/comments/17xqrx1/anyone_feel_nostalgic_when_you_wake_up/,loc_10,crowd,not_mentioned,other,not_mentioned
https://www.reddit.com/r/TheMallWorld/comments/17yjejy/wow_7000_subscribers_to_mall_world_i_wonder_if_we/,loc_3,other,not_mentioned,not_mentioned,not_mentioned
https://www.reddit.com/r/TheMallWorld/comments/17yjejy/wow_7000_subscribers_to_mall_world_i_wonder_if_we/,loc_3,friend,neutral,companion,not_mentioned
https://www.reddit.com/r/TheMallWorld/comments/17yjejy/wow_7000_subscribers_to_mall_world_i_wonder_if_we/,loc_4,known_person,friendly,bystander,not_mentioned
https://www.reddit.com/r/TheMallWorld/comments/17yk6ze/wow_7000_subscribers_to_mall_world_i_wonder_if_we/,loc_3,creature,neutral,other,not_mentioned
https://www.reddit.com/r/TheMallWorld/comments/17yk6ze/wow_7000_subscribers_to_mall_world_i_wonder_if_we/,loc_3,creature,neutral,other,not_mentioned
https://www.reddit.com/r/TheMallWorld/comments/17yk6ze/wow_7000_subscribers_to_mall_world_i_wonder_if_we/,loc_3,friend,neutral,companion,not_mentioned
https://www.reddit.com/r/TheMallWorld/comments/17yk6ze/wow_7000_subscribers_to_mall_world_i_wonder_if_we/,loc_6,stranger,friendly,customer,not_mentioned
https://www.reddit.com/r/TheMallWorld/comments/17yk6ze/wow_7000_subscribers_to_mall_world_i_wonder_if_we/,loc_6,stranger,friendly,companion,not_mentioned
https://www.reddit.com/r/TheMallWorld/comments/17ys32n/mall_world_during_hypnosis/,loc_1,known_person,not_mentioned,companion,not_mentioned
https://www.reddit.com/r/TheMallWorld/comments/17ys32n/mall_world_during_hypnosis/,loc_1,known_person,neutral,other,not_mentioned
https://www.reddit.com/r/TheMallWorld/comments/17z7hya/abandoned_spaces_youtube_videos/,loc_1,known_person,neutral,other,not_mentioned
https://www.reddit.com/r/TheMallWorld/comments/17zcldy/common_themes/,loc_15,friend,not_mentioned,companion,not_mentioned
https://www.reddit.com/r/TheMallWorld/comments/17zcldy/common_themes/,loc_15,crowd,not_mentioned,bystander,not_mentioned
https://www.reddit.com/r/TheMallWorld/comments/17zi67u/mall_river/,loc_2,crowd,neutral,other,not_mentioned
https://www.reddit.com/r/TheMallWorld/comments/17zoind/the_realm_of_steel_catwalks/,loc_1,crowd,watching,bystander,not_mentioned
https://www.reddit.com/r/TheMallWorld/comments/17zoind/the_realm_of_steel_catwalks/,loc_1,stranger,neutral,staff,blocking
https://www.reddit.com/r/TheMallWorld/comments/17zoind/the_realm_of_steel_catwalks/,loc_1,stranger,unfriendly,staff,blocking
https://www.reddit.com/r/TheMallWorld/comments/181h983/strange_maze_mall_dream/,loc_2,authority,neutral,teacher,not_mentioned
https://www.reddit.com/r/TheMallWorld/comments/181h983/strange_maze_mall_dream/,loc_2,creature,neutral,other,not_mentioned
https://www.reddit.com/r/TheMallWorld/comments/182spif/mall_evacuation/,loc_1,creature,threatening,other,not_mentioned
https://www.reddit.com/r/TheMallWorld/comments/182spif/mall_evacuation/,loc_2,family_member,neutral,companion,not_mentioned
https://www.reddit.com/r/TheMallWorld/comments/182spif/mall_evacuation/,loc_2,authority,neutral,security,guiding
https://www.reddit.com/r/TheMallWorld/comments/182spif/mall_evacuation/,loc_2,family_member,neutral,other,not_mentioned
https://www.reddit.com/r/TheMallWorld/comments/182spif/mall_evacuation/,loc_2,family_member,neutral,companion,not_mentioned
https://www.reddit.com/r/TheMallWorld/comments/182x4jx/getting_pretty_tired_of_these_restrooms/,loc_4,authority,confusing,authority,not_mentioned
https://www.reddit.com/r/TheMallWorld/comments/182x4jx/getting_pretty_tired_of_these_restrooms/,loc_4,stranger,not_mentioned,bystander,not_mentioned
https://www.reddit.com/r/TheMallWorld/comments/1837vbu/fist_owned_business_is_selling_fudge/,loc_2,stranger,neutral,companion,not_mentioned
https://www.reddit.com/r/TheMallWorld/comments/1837vbu/fist_owned_business_is_selling_fudge/,loc_1,stranger,neutral,companion,not_mentioned
https://www.reddit.com/r/TheMallWorld/comments/1837vbu/fist_owned_business_is_selling_fudge/,loc_1,stranger,neutral,companion,not_mentioned
https://www.reddit.com/r/TheMallWorld/comments/1837vbu/fist_owned_business_is_selling_fudge/,loc_2,stranger,neutral,companion,not_mentioned
https://www.reddit.com/r/TheMallWorld/comments/1837vbu/fist_owned_business_is_selling_fudge/,loc_1,stranger,neutral,companion,not_mentioned
https://www.reddit.com/r/TheMallWorld/comments/183pxwc/people_falling_off_the_cliff/,loc_1,crowd,neutral,bystander,not_mentioned
https://www.reddit.com/r/TheMallWorld/comments/183pxwc/people_falling_off_the_cliff/,loc_1,crowd,neutral,bystander,not_mentioned
https://www.reddit.com/r/TheMallWorld/comments/183pxwc/people_falling_off_the_cliff/,loc_1,crowd,neutral,bystander,not_mentioned
https://www.reddit.com/r/TheMallWorld/comments/183pxwc/people_falling_off_the_cliff/,loc_1,family_member,neutral,companion,not_mentioned
https://www.reddit.com/r/TheMallWorld/comments/184c6i3/too_many_bags_when_i_travel_also_helicopter/,loc_1,crowd,neutral,other,not_mentioned
https://www.reddit.com/r/TheMallWorld/comments/184c6i3/too_many_bags_when_i_travel_also_helicopter/,loc_2,crowd,neutral,bystander,not_mentioned
https://www.reddit.com/r/TheMallWorld/comments/184c6i3/too_many_bags_when_i_travel_also_helicopter/,loc_1,stranger,neutral,other,not_mentioned
https://www.reddit.com/r/TheMallWorld/comments/184chlo/another_endless_parking_lot_dream/,loc_1,family_member,unfriendly,other,blocking
https://www.reddit.com/r/TheMallWorld/comments/184chlo/another_endless_parking_lot_dream/,loc_2,family_member,not_mentioned,not_mentioned,not_mentioned
https://www.reddit.com/r/TheMallWorld/comments/184jakt/anyone_else_have_weird_dreams_like_me_or_just/,loc_1,other,not_mentioned,not_mentioned,not_mentioned
https://www.reddit.com/r/TheMallWorld/comments/184jakt/anyone_else_have_weird_dreams_like_me_or_just/,loc_1,creature,not_mentioned,not_mentioned,not_mentioned
https://www.reddit.com/r/TheMallWorld/comments/184nvxe/concert_venue/,loc_3,crowd,indifferent,bystander,not_mentioned
https://www.reddit.com/r/TheMallWorld/comments/184nvxe/concert_venue/,loc_3,stranger,unfriendly,bystander,not_mentioned
https://www.reddit.com/r/TheMallWorld/comments/184yx4u/whats_happening_to_mepart_1/,loc_1,threat,threatening,chaser,not_mentioned
https://www.reddit.com/r/TheMallWorld/comments/184yx4u/whats_happening_to_mepart_1/,loc_5,stranger,threatening,other,not_mentioned
https://www.reddit.com/r/TheMallWorld/comments/18558yl/what_is_happening_to_me_part_2/,loc_1,known_person,neutral,other,not_mentioned
https://www.reddit.com/r/TheMallWorld/comments/18558yl/what_is_happening_to_me_part_2/,loc_1,known_person,neutral,bystander,not_mentioned
https://www.reddit.com/r/TheMallWorld/comments/18558yl/what_is_happening_to_me_part_2/,loc_2,stranger,helpful,bystander,not_mentioned
https://www.reddit.com/r/TheMallWorld/comments/185cl3g/is_anyone_else_frequently_walking_on_a_straight/,loc_8,stranger,not_mentioned,bystander,not_mentioned
https://www.reddit.com/r/TheMallWorld/comments/185mh7g/multistorey_locker_rooms/,loc_2,crowd,friendly,student,not_mentioned
https://www.reddit.com/r/TheMallWorld/comments/186cbp8/malfunctions_at_the_movies/,loc_1,stranger,neutral,guide,not_mentioned
https://www.reddit.com/r/TheMallWorld/comments/186cbp8/malfunctions_at_the_movies/,loc_1,crowd,indifferent,staff,observing
https://www.reddit.com/r/TheMallWorld/comments/186cbp8/malfunctions_at_the_movies/,loc_1,family_member,threatening,other,punitive
https://www.reddit.com/r/TheMallWorld/comments/186rkx1/floating_cheeseburger/,loc_1,other,not_mentioned,not_mentioned,not_mentioned
https://www.reddit.com/r/TheMallWorld/comments/186yue0/dark_house_in_the_woods_bright_sunny_mountain/,loc_1,other,threatening,other,not_mentioned
https://www.reddit.com/r/TheMallWorld/comments/186yue0/dark_house_in_the_woods_bright_sunny_mountain/,loc_3,crowd,friendly,companion,not_mentioned
https://www.reddit.com/r/TheMallWorld/comments/1873pic/my_mallworld/,loc_1,deceased,indifferent,other,not_mentioned
https://www.reddit.com/r/TheMallWorld/comments/1873pic/my_mallworld/,loc_3,deceased,friendly,bystander,not_mentioned
https://www.reddit.com/r/TheMallWorld/comments/1873pic/my_mallworld/,loc_4,threat,hostile,chaser,not_mentioned
https://www.reddit.com/r/TheMallWorld/comments/1878i55/has_anyone_else_gotten_a_packet_with_their_grades/,loc_1,stranger,neutral,other,not_mentioned
https://www.reddit.com/r/TheMallWorld/comments/187doz0/the_waterpark/,loc_4,crowd,neutral,other,not_mentioned
https://www.reddit.com/r/TheMallWorld/comments/18847ho/am_i_the_only_one_who_doesnt_feel_trapped_in_mall/,loc_fathers_house,deceased,not_mentioned,not_mentioned,not_mentioned
https://www.reddit.com/r/TheMallWorld/comments/188ihwm/my_reoccuring_mallworld/,loc_2,threat,threatening,chaser,not_mentioned
https://www.reddit.com/r/TheMallWorld/comments/188ihwm/my_reoccuring_mallworld/,loc_1,threat,threatening,chaser,not_mentioned
https://www.reddit.com/r/TheMallWorld/comments/189bd7o/and_im_back/,loc_1,friend,helpful,companion,not_mentioned
https://www.reddit.com/r/TheMallWorld/comments/189bd7o/and_im_back/,loc_1,crowd,confusing,bystander,not_mentioned
https://www.reddit.com/r/TheMallWorld/comments/189ncrr/my_dreamworld_is_getting_more_remote_but_fancier/,loc_2,crowd,not_mentioned,bystander,not_mentioned
https://www.reddit.com/r/TheMallWorld/comments/189ncrr/my_dreamworld_is_getting_more_remote_but_fancier/,loc_5,family_member,indifferent,other,not_mentioned
https://www.reddit.com/r/TheMallWorld/comments/189ncrr/my_dreamworld_is_getting_more_remote_but_fancier/,loc_1,crowd,neutral,bystander,not_mentioned
https://www.reddit.com/r/TheMallWorld/comments/18a7jat/hotel/,loc_6,coworker,neutral,other,not_mentioned
https://www.reddit.com/r/TheMallWorld/comments/18a7jat/hotel/,loc_6,other,not_mentioned,other,not_mentioned
https://www.reddit.com/r/TheMallWorld/comments/18aokar/i_was_in_a_mall_and_there_was_a_new_kind_of_food/,loc_1,authority,not_mentioned,authority,not_mentioned
https://www.reddit.com/r/TheMallWorld/comments/18aokar/i_was_in_a_mall_and_there_was_a_new_kind_of_food/,loc_1,threat,hostile,other,not_mentioned
https://www.reddit.com/r/TheMallWorld/comments/18aokar/i_was_in_a_mall_and_there_was_a_new_kind_of_food/,loc_5,authority,hostile,staff,punitive
https://www.reddit.com/r/TheMallWorld/comments/18aokar/i_was_in_a_mall_and_there_was_a_new_kind_of_food/,loc_5,authority,hostile,staff,punitive
https://www.reddit.com/r/TheMallWorld/comments/18aokar/i_was_in_a_mall_and_there_was_a_new_kind_of_food/,loc_8,crowd,hostile,customer,not_mentioned
https://www.reddit.com/r/TheMallWorld/comments/18asjio/anyone_elses_dreamscapes_being_affected_by_seeing/,loc_1,threat,hostile,chaser,not_mentioned
https://www.reddit.com/r/TheMallWorld/comments/18asjio/anyone_elses_dreamscapes_being_affected_by_seeing/,loc_1,stranger,friendly,companion,not_mentioned
https://www.reddit.com/r/TheMallWorld/comments/18axrb4/standing_in_line_with_hundreds_of_other_people_in/,loc_1,stranger,friendly,bystander,not_mentioned
https://www.reddit.com/r/TheMallWorld/comments/18axrb4/standing_in_line_with_hundreds_of_other_people_in/,loc_1,crowd,friendly,customer,not_mentioned
https://www.reddit.com/r/TheMallWorld/comments/18cm56n/about_dreamtown_and_finding_lost_childhood/,loc_4,crowd,neutral,bystander,not_mentioned
https://www.reddit.com/r/TheMallWorld/comments/18cm56n/about_dreamtown_and_finding_lost_childhood/,loc_3,deceased,confusing,other,not_mentioned
https://www.reddit.com/r/TheMallWorld/comments/18cm56n/about_dreamtown_and_finding_lost_childhood/,loc_3,crowd,neutral,bystander,not_mentioned
https://www.reddit.com/r/TheMallWorld/comments/18ey2bq/my_mallworld/,loc_1,deceased,neutral,other,not_mentioned
https://www.reddit.com/r/TheMallWorld/comments/18f0pbz/tower_made_of_stone/,loc_1,other,hostile,other,not_mentioned
https://www.reddit.com/r/TheMallWorld/comments/18f6u84/was_anyone_on_an_airplane_in_their_dreams_just/,loc_1,crowd,neutral,bystander,not_mentioned
https://www.reddit.com/r/TheMallWorld/comments/18gib1q/my_nail_salon/,loc_3,stranger,neutral,staff,not_mentioned
https://www.reddit.com/r/TheMallWorld/comments/18gib1q/my_nail_salon/,loc_3,stranger,neutral,customer,not_mentioned
https://www.reddit.com/r/TheMallWorld/comments/18gn9t9/weird_town_dreams/,loc_apartment_abandoned,stranger,not_mentioned,other,not_mentioned
https://www.reddit.com/r/TheMallWorld/comments/18i97fp/first_time_in_mallworld/,loc_4,shadow,threatening,other,not_mentioned
https://www.reddit.com/r/TheMallWorld/comments/18i97fp/first_time_in_mallworld/,loc_4,shadow,threatening,chaser,not_mentioned
https://www.reddit.com/r/TheMallWorld/comments/18ixilu/stuck_and_then_rounded_up_in_huge_apartment/,loc_1,authority,hostile,security,punitive
https://www.reddit.com/r/TheMallWorld/comments/18ixilu/stuck_and_then_rounded_up_in_huge_apartment/,loc_1,crowd,confusing,bystander,not_mentioned
https://www.reddit.com/r/TheMallWorld/comments/18ixilu/stuck_and_then_rounded_up_in_huge_apartment/,loc_3,authority,hostile,security,punitive
https://www.reddit.com/r/TheMallWorld/comments/18ixilu/stuck_and_then_rounded_up_in_huge_apartment/,loc_4,crowd,not_mentioned,bystander,not_mentioned
https://www.reddit.com/r/TheMallWorld/comments/18ixilu/stuck_and_then_rounded_up_in_huge_apartment/,loc_2,friend,helpful,companion,not_mentioned
https://www.reddit.com/r/TheMallWorld/comments/18jfry9/went_to_new_mall_maybe/,loc_3,stranger,unfriendly,customer,not_mentioned
https://www.reddit.com/r/TheMallWorld/comments/18jfry9/went_to_new_mall_maybe/,loc_3,stranger,unfriendly,customer,not_mentioned
https://www.reddit.com/r/TheMallWorld/comments/18jfry9/went_to_new_mall_maybe/,loc_3,stranger,unfriendly,customer,not_mentioned
https://www.reddit.com/r/TheMallWorld/comments/18kvoi3/does_anyone_else_experience_an_old_crumbling/,loc_1,crowd,not_mentioned,bystander,not_mentioned
https://www.reddit.com/r/TheMallWorld/comments/18lncd2/i_have_been_to_the_mall_wth_i_am_stumped/,loc_1,threat,hostile,chaser,not_mentioned
https://www.reddit.com/r/TheMallWorld/comments/18lncd2/i_have_been_to_the_mall_wth_i_am_stumped/,loc_1,threat,hostile,other,not_mentioned
https://www.reddit.com/r/TheMallWorld/comments/18lnu99/i_lost_my_catbut_then_i_found_her/,loc_2,creature,neutral,other,not_mentioned
https://www.reddit.com/r/TheMallWorld/comments/18lnu99/i_lost_my_catbut_then_i_found_her/,loc_3,creature,not_mentioned,other,not_mentioned
https://www.reddit.com/r/TheMallWorld/comments/18lnu99/i_lost_my_catbut_then_i_found_her/,loc_1,known_person,not_mentioned,bystander,not_mentioned
https://www.reddit.com/r/TheMallWorld/comments/18m8v11/ever_been_in_a_mall_that_was_on_an_airplane/,loc_1,stranger,indifferent,bystander,not_mentioned
https://www.reddit.com/r/TheMallWorld/comments/18m8v11/ever_been_in_a_mall_that_was_on_an_airplane/,loc_1,crowd,indifferent,bystander,not_mentioned
https://www.reddit.com/r/TheMallWorld/comments/18m8v11/ever_been_in_a_mall_that_was_on_an_airplane/,loc_4,crowd,indifferent,bystander,not_mentioned
https://www.reddit.com/r/TheMallWorld/comments/18npt87/lava_cavecanyon_world/,loc_2,known_person,not_mentioned,companion,not_mentioned
https://www.reddit.com/r/TheMallWorld/comments/18npt87/lava_cavecanyon_world/,loc_3,family_member,friendly,companion,not_mentioned
https://www.reddit.com/r/TheMallWorld/comments/18npt87/lava_cavecanyon_world/,loc_3,family_member,friendly,companion,not_mentioned
https://www.reddit.com/r/TheMallWorld/comments/18npt87/lava_cavecanyon_world/,loc_3,crowd,neutral,bystander,not_mentioned
https://www.reddit.com/r/TheMallWorld/comments/18p4f1g/the_plane_ride/,loc_1,authority,neutral,staff,guiding
https://www.reddit.com/r/TheMallWorld/comments/18p4f1g/the_plane_ride/,loc_1,known_person,helpful,companion,not_mentioned
https://www.reddit.com/r/TheMallWorld/comments/18p4f1g/the_plane_ride/,loc_4,authority,confusing,other,not_mentioned
https://www.reddit.com/r/TheMallWorld/comments/18p4f1g/the_plane_ride/,loc_4,authority,neutral,other,not_mentioned
https://www.reddit.com/r/TheMallWorld/comments/18p4f1g/the_plane_ride/,loc_4,authority,neutral,other,not_mentioned
https://www.reddit.com/r/TheMallWorld/comments/18p4f1g/the_plane_ride/,loc_6,known_person,friendly,companion,not_mentioned
https://www.reddit.com/r/TheMallWorld/comments/18p5wgr/shared_this_on_a_social_and_got_told_about_this/,loc_2,known_person,unfriendly,blocker,blocking
https://www.reddit.com/r/TheMallWorld/comments/18p5wgr/shared_this_on_a_social_and_got_told_about_this/,loc_5,crowd,friendly,bystander,not_mentioned
https://www.reddit.com/r/TheMallWorld/comments/18p5wgr/shared_this_on_a_social_and_got_told_about_this/,loc_6,stranger,friendly,staff,not_mentioned
https://www.reddit.com/r/TheMallWorld/comments/18p5wgr/shared_this_on_a_social_and_got_told_about_this/,loc_7,deceased,helpful,companion,not_mentioned
https://www.reddit.com/r/TheMallWorld/comments/18p5wgr/shared_this_on_a_social_and_got_told_about_this/,loc_7,stranger,neutral,bystander,not_mentioned
https://www.reddit.com/r/TheMallWorld/comments/18pjo29/living_in_the_clouds/,loc_1,creature,not_mentioned,companion,not_mentioned
https://www.reddit.com/r/TheMallWorld/comments/18rp243/a_whole_new_mall_world/,loc_1,known_person,friendly,companion,not_mentioned
https://www.reddit.com/r/TheMallWorld/comments/18rp243/a_whole_new_mall_world/,loc_5,threat,threatening,chaser,pursuing
https://www.reddit.com/r/TheMallWorld/comments/18sacov/things_were_falling_apart_in_mall_world_last/,loc_1,crowd,not_mentioned,bystander,not_mentioned
https://www.reddit.com/r/TheMallWorld/comments/18smf1o/underground_theatre/,loc_2,stranger,neutral,guide,not_mentioned
https://www.reddit.com/r/TheMallWorld/comments/18tgvxv/this_place_where_im_working_the_night_reminds_me/,loc_1,threat,hostile,chaser,not_mentioned
https://www.reddit.com/r/TheMallWorld/comments/18vex5u/fuck_the_owl_god/,loc_1,creature,hostile,other,not_mentioned
https://www.reddit.com/r/TheMallWorld/comments/18vex5u/fuck_the_owl_god/,loc_1,child,not_mentioned,other,not_mentioned
https://www.reddit.com/r/TheMallWorld/comments/18vzxiz/curious_if_anyone_experienced_this/,loc_2,authority,neutral,teacher,not_mentioned
https://www.reddit.com/r/TheMallWorld/comments/18vzxiz/curious_if_anyone_experienced_this/,loc_2,stranger,neutral,staff,not_mentioned
https://www.reddit.com/r/TheMallWorld/comments/18vzxiz/curious_if_anyone_experienced_this/,loc_2,stranger,friendly,guide,guiding
https://www.reddit.com/r/TheMallWorld/comments/18vzxiz/curious_if_anyone_experienced_this/,loc_3,crowd,indifferent,bystander,not_mentioned
https://www.reddit.com/r/TheMallWorld/comments/18vzxiz/curious_if_anyone_experienced_this/,loc_4,stranger,threatening,other,not_mentioned
https://www.reddit.com/r/TheMallWorld/comments/18vzxiz/curious_if_anyone_experienced_this/,loc_2,authority,watching,authority,observing
https://www.reddit.com/r/TheMallWorld/comments/18vzxiz/curious_if_anyone_experienced_this/,loc_2,authority,hostile,authority,punitive
https://www.reddit.com/r/TheMallWorld/comments/18vzxiz/curious_if_anyone_experienced_this/,loc_2,stranger,confusing,other,not_mentioned
https://www.reddit.com/r/TheMallWorld/comments/18w0n42/hi_rthemallworld_i_think_i_found_my_peoplebeen/,loc_7,crowd,neutral,bystander,not_mentioned
https://www.reddit.com/r/TheMallWorld/comments/18w0n42/hi_rthemallworld_i_think_i_found_my_peoplebeen/,loc_9,stranger,neutral,bystander,not_mentioned
https://www.reddit.com/r/TheMallWorld/comments/18w0n42/hi_rthemallworld_i_think_i_found_my_peoplebeen/,loc_1,creature,neutral,other,not_mentioned
https://www.reddit.com/r/TheMallWorld/comments/18xkrys/dream_places_ive_been_to/,loc_bathroom_locker,crowd,confusing,bystander,not_mentioned
https://www.reddit.com/r/TheMallWorld/comments/18xkrys/dream_places_ive_been_to/,loc_space_rocket,stranger,not_mentioned,companion,not_mentioned
https://www.reddit.com/r/TheMallWorld/comments/18xkrys/dream_places_ive_been_to/,loc_space_rocket,stranger,not_mentioned,bystander,not_mentioned
https://www.reddit.com/r/TheMallWorld/comments/18xkrys/dream_places_ive_been_to/,loc_mall_outside_doors,authority,watching,security,blocking
https://www.reddit.com/r/TheMallWorld/comments/18xkrys/dream_places_ive_been_to/,loc_lakeview_beach,known_person,friendly,companion,not_mentioned
https://www.reddit.com/r/TheMallWorld/comments/18xkrys/dream_places_ive_been_to/,loc_house_of_ashes,threat,threatening,other,not_mentioned
https://www.reddit.com/r/TheMallWorld/comments/18xkrys/dream_places_ive_been_to/,loc_house_of_ashes,known_person,not_mentioned,companion,not_mentioned
https://www.reddit.com/r/TheMallWorld/comments/18xzf92/im_a_plumber_in_mall_world_and_i_dont_like_it/,loc_1,authority,neutral,staff,not_mentioned
https://www.reddit.com/r/TheMallWorld/comments/18za25t/has_anyone_been_able_to_purchase_or_remove_any/,loc_2,authority,unfriendly,authority,observing
https://www.reddit.com/r/TheMallWorld/comments/18za25t/has_anyone_been_able_to_purchase_or_remove_any/,loc_2,crowd,confusing,bystander,not_mentioned
https://www.reddit.com/r/TheMallWorld/comments/18za25t/has_anyone_been_able_to_purchase_or_remove_any/,loc_2,crowd,threatening,authority,pursuing
https://www.reddit.com/r/TheMallWorld/comments/190bcaz/mind_control_clinic/,loc_1,known_person,indifferent,guide,not_mentioned
https://www.reddit.com/r/TheMallWorld/comments/190bcaz/mind_control_clinic/,loc_1,known_person,indifferent,guide,not_mentioned
https://www.reddit.com/r/TheMallWorld/comments/190bcaz/mind_control_clinic/,loc_2,authority,neutral,other,not_mentioned
https://www.reddit.com/r/TheMallWorld/comments/190bcaz/mind_control_clinic/,loc_2,known_person,unfriendly,blocker,blocking
https://www.reddit.com/r/TheMallWorld/comments/190bcaz/mind_control_clinic/,loc_2,authority,unfriendly,blocker,blocking
https://www.reddit.com/r/TheMallWorld/comments/190bcaz/mind_control_clinic/,loc_3,known_person,hostile,chaser,pursuing
https://www.reddit.com/r/TheMallWorld/comments/190bcaz/mind_control_clinic/,loc_3,authority,hostile,chaser,pursuing
https://www.reddit.com/r/TheMallWorld/comments/190bcaz/mind_control_clinic/,loc_3,known_person,hostile,authority,punitive
https://www.reddit.com/r/TheMallWorld/comments/190bcaz/mind_control_clinic/,loc_3,authority,hostile,authority,punitive
https://www.reddit.com/r/TheMallWorld/comments/191pwln/the_hospital/,loc_2,authority,threatening,other,punitive
https://www.reddit.com/r/TheMallWorld/comments/191pwln/the_hospital/,loc_2,other,hostile,staff,not_mentioned
https://www.reddit.com/r/TheMallWorld/comments/191pwln/the_hospital/,loc_3,other,hostile,staff,not_mentioned
https://www.reddit.com/r/TheMallWorld/comments/191pwln/the_hospital/,loc_4,authority,hostile,staff,punitive
https://www.reddit.com/r/TheMallWorld/comments/191pwln/the_hospital/,loc_4,authority,hostile,staff,punitive
https://www.reddit.com/r/TheMallWorld/comments/191pwln/the_hospital/,loc_4,friend,not_mentioned,other,not_mentioned
https://www.reddit.com/r/TheMallWorld/comments/191pwln/the_hospital/,loc_5,crowd,not_mentioned,other,not_mentioned
https://www.reddit.com/r/TheMallWorld/comments/193ybbv/back_rooms_and_i_remembered_something_that_seems/,loc_1,known_person,unfriendly,other,not_mentioned
https://www.reddit.com/r/TheMallWorld/comments/193ybbv/back_rooms_and_i_remembered_something_that_seems/,loc_1,known_person,unfriendly,other,not_mentioned
https://www.reddit.com/r/TheMallWorld/comments/193ybbv/back_rooms_and_i_remembered_something_that_seems/,loc_5,stranger,confusing,bystander,not_mentioned
https://www.reddit.com/r/TheMallWorld/comments/193ybbv/back_rooms_and_i_remembered_something_that_seems/,loc_7,authority,watching,security,pursuing
https://www.reddit.com/r/TheMallWorld/comments/193ybbv/back_rooms_and_i_remembered_something_that_seems/,loc_7,authority,hostile,chaser,pursuing
https://www.reddit.com/r/TheMallWorld/comments/193ybbv/back_rooms_and_i_remembered_something_that_seems/,loc_8,authority,threatening,chaser,pursuing
https://www.reddit.com/r/TheMallWorld/comments/194cfxz/mall_world_exploded/,loc_1,stranger,neutral,bystander,not_mentioned
https://www.reddit.com/r/TheMallWorld/comments/194fdb0/the_dormitories/,loc_1,crowd,not_mentioned,bystander,not_mentioned
https://www.reddit.com/r/TheMallWorld/comments/194lnaj/orphanage_or_mental_asylum/,loc_1,stranger,neutral,guide,not_mentioned
https://www.reddit.com/r/TheMallWorld/comments/194lnaj/orphanage_or_mental_asylum/,loc_1,threat,confusing,blocker,not_mentioned
https://www.reddit.com/r/TheMallWorld/comments/194lnaj/orphanage_or_mental_asylum/,loc_4,threat,threatening,chaser,pursuing
https://www.reddit.com/r/TheMallWorld/comments/194lnaj/orphanage_or_mental_asylum/,loc_5,stranger,confusing,bystander,not_mentioned
https://www.reddit.com/r/TheMallWorld/comments/194lnaj/orphanage_or_mental_asylum/,loc_5,stranger,not_mentioned,bystander,not_mentioned
https://www.reddit.com/r/TheMallWorld/comments/194lnaj/orphanage_or_mental_asylum/,loc_5,stranger,confusing,bystander,not_mentioned
https://www.reddit.com/r/TheMallWorld/comments/194lnaj/orphanage_or_mental_asylum/,loc_5,threat,threatening,authority,pursuing
https://www.reddit.com/r/TheMallWorld/comments/194lnaj/orphanage_or_mental_asylum/,loc_6,authority,watching,authority,observing
https://www.reddit.com/r/TheMallWorld/comments/1960peg/castles/,loc_1,crowd,neutral,bystander,not_mentioned
https://www.reddit.com/r/TheMallWorld/comments/1960peg/castles/,loc_3,family_member,not_mentioned,other,not_mentioned
https://www.reddit.com/r/TheMallWorld/comments/196o2ad/hot_spring/,loc_2,stranger,not_mentioned,bystander,not_mentioned
https://www.reddit.com/r/TheMallWorld/comments/197fdpl/so_the_past_two_nightsmornings_have_gotten_wierd/,loc_4,crowd,neutral,bystander,not_mentioned
https://www.reddit.com/r/TheMallWorld/comments/197fdpl/so_the_past_two_nightsmornings_have_gotten_wierd/,loc_4,stranger,helpful,other,not_mentioned
https://www.reddit.com/r/TheMallWorld/comments/197fdpl/so_the_past_two_nightsmornings_have_gotten_wierd/,loc_5,stranger,not_mentioned,other,not_mentioned
https://www.reddit.com/r/TheMallWorld/comments/197fdpl/so_the_past_two_nightsmornings_have_gotten_wierd/,loc_5,threat,hostile,chaser,pursuing
https://www.reddit.com/r/TheMallWorld/comments/197fdpl/so_the_past_two_nightsmornings_have_gotten_wierd/,loc_6,threat,hostile,chaser,pursuing
https://www.reddit.com/r/TheMallWorld/comments/197fdpl/so_the_past_two_nightsmornings_have_gotten_wierd/,loc_6,threat,hostile,chaser,pursuing
https://www.reddit.com/r/TheMallWorld/comments/199p074/well_i_guess_ive_been_having_these_dreams_for/,loc_6,crowd,indifferent,bystander,not_mentioned
https://www.reddit.com/r/TheMallWorld/comments/199p074/well_i_guess_ive_been_having_these_dreams_for/,loc_6,other,hostile,other,not_mentioned
https://www.reddit.com/r/TheMallWorld/comments/199p074/well_i_guess_ive_been_having_these_dreams_for/,loc_1,other,hostile,other,not_mentioned
https://www.reddit.com/r/TheMallWorld/comments/199vxxx/new_here_wanted_to_share_some_vivid_andor/,loc_3,stranger,indifferent,companion,not_mentioned
https://www.reddit.com/r/TheMallWorld/comments/199vxxx/new_here_wanted_to_share_some_vivid_andor/,loc_3,stranger,indifferent,companion,not_mentioned
https://www.reddit.com/r/TheMallWorld/comments/199vxxx/new_here_wanted_to_share_some_vivid_andor/,loc_4,stranger,confusing,bystander,not_mentioned
https://www.reddit.com/r/TheMallWorld/comments/199vxxx/new_here_wanted_to_share_some_vivid_andor/,loc_4,crowd,neutral,bystander,not_mentioned
https://www.reddit.com/r/TheMallWorld/comments/199vxxx/new_here_wanted_to_share_some_vivid_andor/,loc_5,family_member,not_mentioned,other,not_mentioned
https://www.reddit.com/r/TheMallWorld/comments/19a5uz2/reading_a_store_name/,loc_2,stranger,neutral,companion,not_mentioned
https://www.reddit.com/r/TheMallWorld/comments/19a5uz2/reading_a_store_name/,loc_3,stranger,neutral,companion,not_mentioned
https://www.reddit.com/r/TheMallWorld/comments/19a5uz2/reading_a_store_name/,loc_3,stranger,neutral,companion,not_mentioned
https://www.reddit.com/r/TheMallWorld/comments/19a8b3v/hey_all_new_to_this_sub/,loc_1,known_person,friendly,companion,not_mentioned
https://www.reddit.com/r/TheMallWorld/comments/19a8b3v/hey_all_new_to_this_sub/,loc_1,stranger,confusing,companion,not_mentioned
https://www.reddit.com/r/TheMallWorld/comments/19a8b3v/hey_all_new_to_this_sub/,loc_1,crowd,neutral,bystander,not_mentioned
https://www.reddit.com/r/TheMallWorld/comments/19a8b3v/hey_all_new_to_this_sub/,loc_3,stranger,confusing,guide,not_mentioned
https://www.reddit.com/r/TheMallWorld/comments/19a8b3v/hey_all_new_to_this_sub/,loc_5,stranger,confusing,other,not_mentioned
https://www.reddit.com/r/TheMallWorld/comments/19a8b3v/hey_all_new_to_this_sub/,loc_5,threat,threatening,chaser,not_mentioned
https://www.reddit.com/r/TheMallWorld/comments/19a8b3v/hey_all_new_to_this_sub/,loc_6,threat,threatening,chaser,not_mentioned
https://www.reddit.com/r/TheMallWorld/comments/19aber5/lifelong_reoccuring_dreams_taking_place_in/,loc_5,crowd,not_mentioned,bystander,not_mentioned
https://www.reddit.com/r/TheMallWorld/comments/19adzka/the_art_gallery/,loc_3,crowd,not_mentioned,student,not_mentioned
https://www.reddit.com/r/TheMallWorld/comments/19as47o/i_caused_an_accident_under_the_bridge_in_my_dream/,loc_1,crowd,hostile,customer,not_mentioned
https://www.reddit.com/r/TheMallWorld/comments/19as47o/i_caused_an_accident_under_the_bridge_in_my_dream/,loc_1,stranger,hostile,chaser,not_mentioned
https://www.reddit.com/r/TheMallWorld/comments/19bgc4o/taking_photosvideos/,loc_1,family_member,neutral,bystander,not_mentioned
https://www.reddit.com/r/TheMallWorld/comments/19bgc4o/taking_photosvideos/,loc_1,family_member,neutral,bystander,not_mentioned
https://www.reddit.com/r/TheMallWorld/comments/19cepj2/my_dreams_have_been_intense_recentlyi_dreamt_of/,loc_1,known_person,neutral,companion,not_mentioned
https://www.reddit.com/r/TheMallWorld/comments/19cepj2/my_dreams_have_been_intense_recentlyi_dreamt_of/,loc_1,known_person,neutral,companion,not_mentioned
https://www.reddit.com/r/TheMallWorld/comments/19cjlam/job_dream_disguised_as_a_mall_dream/,loc_1,known_person,friendly,companion,not_mentioned
https://www.reddit.com/r/TheMallWorld/comments/19cjlam/job_dream_disguised_as_a_mall_dream/,loc_6,known_person,neutral,authority,observing
https://www.reddit.com/r/TheMallWorld/comments/19cjlam/job_dream_disguised_as_a_mall_dream/,loc_6,stranger,not_mentioned,other,not_mentioned
https://www.reddit.com/r/TheMallWorld/comments/19cjlam/job_dream_disguised_as_a_mall_dream/,loc_7,known_person,unfriendly,authority,blocking
https://www.reddit.com/r/TheMallWorld/comments/19cjlam/job_dream_disguised_as_a_mall_dream/,loc_7,known_person,unfriendly,authority,not_mentioned
https://www.reddit.com/r/TheMallWorld/comments/19cjlam/job_dream_disguised_as_a_mall_dream/,loc_7,stranger,not_mentioned,other,not_mentioned
https://www.reddit.com/r/TheMallWorld/comments/19cjlam/job_dream_disguised_as_a_mall_dream/,loc_7,known_person,neutral,authority,guiding
https://www.reddit.com/r/TheMallWorld/comments/19cursl/got_photo_taken_last_night_in_dreamworld/,loc_1,stranger,watching,other,not_mentioned
https://www.reddit.com/r/TheMallWorld/comments/19cvgbq/the_pudding_cake_shop_in_the_food_court/,loc_2,stranger,helpful,staff,not_mentioned
https://www.reddit.com/r/TheMallWorld/comments/19cvgbq/the_pudding_cake_shop_in_the_food_court/,loc_1,family_member,not_mentioned,other,not_mentioned
https://www.reddit.com/r/TheMallWorld/comments/19cxehl/highway_that_goes_straight_up/,loc_1,crowd,neutral,other,not_mentioned
https://www.reddit.com/r/TheMallWorld/comments/19duev6/reoccurring_dream/,loc_2,stranger,friendly,companion,not_mentioned
https://www.reddit.com/r/TheMallWorld/comments/19duev6/reoccurring_dream/,loc_2,stranger,helpful,guide,guiding
https://www.reddit.com/r/TheMallWorld/comments/19ep3za/new_dimensions_and_the_5_to_2_club/,loc_2,authority,neutral,authority,guiding
https://www.reddit.com/r/TheMallWorld/comments/19ep3za/new_dimensions_and_the_5_to_2_club/,loc_3,stranger,friendly,companion,not_mentioned
https://www.reddit.com/r/TheMallWorld/comments/19ep3za/new_dimensions_and_the_5_to_2_club/,loc_5,crowd,friendly,customer,not_mentioned
https://www.reddit.com/r/TheMallWorld/comments/1abj27q/pt_2/,loc_3,other,not_mentioned,staff,not_mentioned
https://www.reddit.com/r/TheMallWorld/comments/1ac9zjh/amadeus_type_gathering/,loc_1,crowd,friendly,staff,not_mentioned
https://www.reddit.com/r/TheMallWorld/comments/1ac9zjh/amadeus_type_gathering/,loc_2,crowd,neutral,bystander,not_mentioned
https://www.reddit.com/r/TheMallWorld/comments/1acthg1/recurring_dream_of_driving_and_visiting_stores/,loc_stores_1,known_person,unfriendly,other,not_mentioned
https://www.reddit.com/r/TheMallWorld/comments/1acthg1/recurring_dream_of_driving_and_visiting_stores/,loc_lunch_line_1,crowd,neutral,other,not_mentioned
https://www.reddit.com/r/TheMallWorld/comments/1aczwud/glorious_tiered_city_project_a_mansion_and_a/,loc_1,stranger,hostile,other,not_mentioned
https://www.reddit.com/r/TheMallWorld/comments/1aczwud/glorious_tiered_city_project_a_mansion_and_a/,loc_1,crowd,hostile,bystander,not_mentioned
https://www.reddit.com/r/TheMallWorld/comments/1aczwud/glorious_tiered_city_project_a_mansion_and_a/,loc_2,authority,neutral,staff,guiding
https://www.reddit.com/r/TheMallWorld/comments/1aczwud/glorious_tiered_city_project_a_mansion_and_a/,loc_3,authority,neutral,authority,observing
https://www.reddit.com/r/TheMallWorld/comments/1aeb1fl/latest_of_recurring_abandoned_partially_abandoned/,loc_2,stranger,confusing,companion,not_mentioned
https://www.reddit.com/r/TheMallWorld/comments/1aeb1fl/latest_of_recurring_abandoned_partially_abandoned/,loc_5,stranger,unfriendly,bystander,not_mentioned
https://www.reddit.com/r/TheMallWorld/comments/1aeb1fl/latest_of_recurring_abandoned_partially_abandoned/,loc_5,stranger,unfriendly,bystander,not_mentioned
https://www.reddit.com/r/TheMallWorld/comments/1aeb1fl/latest_of_recurring_abandoned_partially_abandoned/,loc_6,mannequin,threatening,other,not_mentioned
https://www.reddit.com/r/TheMallWorld/comments/1aeb1fl/latest_of_recurring_abandoned_partially_abandoned/,loc_6,crowd,neutral,other,not_mentioned
https://www.reddit.com/r/TheMallWorld/comments/1aeb1fl/latest_of_recurring_abandoned_partially_abandoned/,loc_8,stranger,indifferent,other,not_mentioned
https://www.reddit.com/r/TheMallWorld/comments/1aeb1fl/latest_of_recurring_abandoned_partially_abandoned/,loc_8,crowd,neutral,other,not_mentioned
https://www.reddit.com/r/TheMallWorld/comments/1af2f0p/back_after_many_years/,loc_3,stranger,not_mentioned,bystander,not_mentioned
https://www.reddit.com/r/TheMallWorld/comments/1affwd5/i_missed_my_flight_last_night/,loc_1,crowd,neutral,bystander,not_mentioned
https://www.reddit.com/r/TheMallWorld/comments/1afjtup/i_painted_my_mall_area_that_leads_to_haunted/,loc_5,crowd,threatening,other,not_mentioned
https://www.reddit.com/r/TheMallWorld/comments/1afkzaw/nova_scotia_neighborhood/,loc_1,crowd,friendly,other,not_mentioned
https://www.reddit.com/r/TheMallWorld/comments/1afkzaw/nova_scotia_neighborhood/,loc_1,crowd,unfriendly,bystander,not_mentioned
https://www.reddit.com/r/TheMallWorld/comments/1ag2lsr/new_dynamic/,loc_8,other,not_mentioned,companion,not_mentioned
https://www.reddit.com/r/TheMallWorld/comments/1ag2lsr/new_dynamic/,loc_1,crowd,not_mentioned,not_mentioned,not_mentioned
https://www.reddit.com/r/TheMallWorld/comments/1ah9osh/strange_game_in_mall_world/,loc_2,family_member,not_mentioned,companion,not_mentioned
https://www.reddit.com/r/TheMallWorld/comments/1ah9osh/strange_game_in_mall_world/,loc_4,crowd,not_mentioned,other,not_mentioned
https://www.reddit.com/r/TheMallWorld/comments/1ah9osh/strange_game_in_mall_world/,loc_3,threat,threatening,chaser,not_mentioned
https://www.reddit.com/r/TheMallWorld/comments/1ahlf3y/things_ive_noticed_quick_notes/,loc_3,friend,not_mentioned,companion,not_mentioned
https://www.reddit.com/r/TheMallWorld/comments/1ahlf3y/things_ive_noticed_quick_notes/,loc_3,family_member,not_mentioned,companion,not_mentioned
https://www.reddit.com/r/TheMallWorld/comments/1ahlf3y/things_ive_noticed_quick_notes/,loc_1,crowd,neutral,bystander,not_mentioned
https://www.reddit.com/r/TheMallWorld/comments/1ahy4h0/remembering_my_first_dream_at_age_5/,loc_1,known_person,not_mentioned,companion,not_mentioned
https://www.reddit.com/r/TheMallWorld/comments/1ahy4h0/remembering_my_first_dream_at_age_5/,loc_1,shadow,friendly,other,not_mentioned
https://www.reddit.com/r/TheMallWorld/comments/1ahy4h0/remembering_my_first_dream_at_age_5/,loc_1,shadow,not_mentioned,other,not_mentioned
https://www.reddit.com/r/TheMallWorld/comments/1ahy4h0/remembering_my_first_dream_at_age_5/,loc_1,crowd,not_mentioned,other,not_mentioned
https://www.reddit.com/r/TheMallWorld/comments/1ahy4h0/remembering_my_first_dream_at_age_5/,loc_1,crowd,not_mentioned,other,not_mentioned
https://www.reddit.com/r/TheMallWorld/comments/1aibtv1/fourth_dimensional_mall_sphere_has_anyone_else/,loc_3,other,hostile,other,not_mentioned
https://www.reddit.com/r/TheMallWorld/comments/1aibtv1/fourth_dimensional_mall_sphere_has_anyone_else/,loc_3,other,not_mentioned,other,not_mentioned
https://www.reddit.com/r/TheMallWorld/comments/1aibtv1/fourth_dimensional_mall_sphere_has_anyone_else/,loc_3,other,confusing,companion,not_mentioned
https://www.reddit.com/r/TheMallWorld/comments/1aibtv1/fourth_dimensional_mall_sphere_has_anyone_else/,loc_6,authority,hostile,staff,punitive
https://www.reddit.com/r/TheMallWorld/comments/1aibtv1/fourth_dimensional_mall_sphere_has_anyone_else/,loc_6,child,not_mentioned,other,not_mentioned
https://www.reddit.com/r/TheMallWorld/comments/1aibtv1/fourth_dimensional_mall_sphere_has_anyone_else/,loc_6,authority,hostile,staff,punitive
https://www.reddit.com/r/TheMallWorld/comments/1ain3bf/anyone_ever_been_to_a_gamestop/,loc_1,other,threatening,other,not_mentioned
https://www.reddit.com/r/TheMallWorld/comments/1ansg35/my_rabbit_hole_has_led_me_here/,loc_1,crowd,neutral,companion,not_mentioned
https://www.reddit.com/r/TheMallWorld/comments/1ansg35/my_rabbit_hole_has_led_me_here/,loc_3,other,not_mentioned,staff,not_mentioned
https://www.reddit.com/r/TheMallWorld/comments/1ansg35/my_rabbit_hole_has_led_me_here/,loc_4,authority,neutral,staff,blocking
https://www.reddit.com/r/TheMallWorld/comments/1ansg35/my_rabbit_hole_has_led_me_here/,loc_3,authority,neutral,staff,blocking
https://www.reddit.com/r/TheMallWorld/comments/1aocbs6/mall_world_dream_last_night/,loc_6,stranger,not_mentioned,customer,not_mentioned
https://www.reddit.com/r/TheMallWorld/comments/1aocbs6/mall_world_dream_last_night/,loc_6,crowd,neutral,customer,not_mentioned
https://www.reddit.com/r/TheMallWorld/comments/1aocbs6/mall_world_dream_last_night/,loc_7,crowd,friendly,customer,not_mentioned
https://www.reddit.com/r/TheMallWorld/comments/1aocbs6/mall_world_dream_last_night/,loc_8,authority,friendly,security,guiding
https://www.reddit.com/r/TheMallWorld/comments/1aocbs6/mall_world_dream_last_night/,loc_8,authority,confusing,security,guiding
https://www.reddit.com/r/TheMallWorld/comments/1aocbs6/mall_world_dream_last_night/,loc_11,threat,threatening,other,not_mentioned
https://www.reddit.com/r/TheMallWorld/comments/1aocbs6/mall_world_dream_last_night/,loc_11,stranger,not_mentioned,other,not_mentioned
https://www.reddit.com/r/TheMallWorld/comments/1aoopvp/portals/,loc_2,stranger,not_mentioned,other,not_mentioned
https://www.reddit.com/r/TheMallWorld/comments/1arbgmq/i_have_a_recurring_dream_world/,loc_1,known_person,not_mentioned,not_mentioned,not_mentioned
https://www.reddit.com/r/TheMallWorld/comments/1arbgmq/i_have_a_recurring_dream_world/,loc_1,stranger,not_mentioned,not_mentioned,not_mentioned
https://www.reddit.com/r/TheMallWorld/comments/1arbgmq/i_have_a_recurring_dream_world/,loc_1,known_person,not_mentioned,not_mentioned,not_mentioned
https://www.reddit.com/r/TheMallWorld/comments/1arbgmq/i_have_a_recurring_dream_world/,loc_1,family_member,not_mentioned,not_mentioned,not_mentioned
https://www.reddit.com/r/TheMallWorld/comments/1at6uvm/parking_garage_of_doomdeath_rebirth_parade_cult/,loc_3,family_member,neutral,other,not_mentioned
https://www.reddit.com/r/TheMallWorld/comments/1at6uvm/parking_garage_of_doomdeath_rebirth_parade_cult/,loc_2,stranger,indifferent,bystander,not_mentioned
https://www.reddit.com/r/TheMallWorld/comments/1at6uvm/parking_garage_of_doomdeath_rebirth_parade_cult/,loc_2,known_person,not_mentioned,companion,not_mentioned
https://www.reddit.com/r/TheMallWorld/comments/1at6uvm/parking_garage_of_doomdeath_rebirth_parade_cult/,loc_2,known_person,not_mentioned,companion,not_mentioned
https://www.reddit.com/r/TheMallWorld/comments/1at6uvm/parking_garage_of_doomdeath_rebirth_parade_cult/,loc_2,known_person,not_mentioned,companion,not_mentioned
https://www.reddit.com/r/TheMallWorld/comments/1at6uvm/parking_garage_of_doomdeath_rebirth_parade_cult/,loc_2,other,not_mentioned,other,not_mentioned
https://www.reddit.com/r/TheMallWorld/comments/1at6uvm/parking_garage_of_doomdeath_rebirth_parade_cult/,loc_2,known_person,hostile,other,not_mentioned
https://www.reddit.com/r/TheMallWorld/comments/1at6uvm/parking_garage_of_doomdeath_rebirth_parade_cult/,loc_7,family_member,friendly,other,not_mentioned
https://www.reddit.com/r/TheMallWorld/comments/1at6uvm/parking_garage_of_doomdeath_rebirth_parade_cult/,loc_7,known_person,neutral,companion,not_mentioned
https://www.reddit.com/r/TheMallWorld/comments/1at6uvm/parking_garage_of_doomdeath_rebirth_parade_cult/,loc_5,crowd,friendly,other,not_mentioned
https://www.reddit.com/r/TheMallWorld/comments/1at6uvm/parking_garage_of_doomdeath_rebirth_parade_cult/,loc_6,known_person,unfriendly,other,not_mentioned
https://www.reddit.com/r/TheMallWorld/comments/1at6uvm/parking_garage_of_doomdeath_rebirth_parade_cult/,loc_6,family_member,neutral,other,not_mentioned
https://www.reddit.com/r/TheMallWorld/comments/1at6uvm/parking_garage_of_doomdeath_rebirth_parade_cult/,loc_6,known_person,not_mentioned,other,not_mentioned
https://www.reddit.com/r/TheMallWorld/comments/1at6uvm/parking_garage_of_doomdeath_rebirth_parade_cult/,loc_9,authority,confusing,authority,observing
https://www.reddit.com/r/TheMallWorld/comments/1at6uvm/parking_garage_of_doomdeath_rebirth_parade_cult/,loc_9,known_person,neutral,other,not_mentioned
https://www.reddit.com/r/TheMallWorld/comments/1at6uvm/parking_garage_of_doomdeath_rebirth_parade_cult/,loc_9,known_person,hostile,other,not_mentioned
https://www.reddit.com/r/TheMallWorld/comments/1at6uvm/parking_garage_of_doomdeath_rebirth_parade_cult/,loc_9,family_member,not_mentioned,other,not_mentioned
https://www.reddit.com/r/TheMallWorld/comments/1at6uvm/parking_garage_of_doomdeath_rebirth_parade_cult/,loc_9,known_person,not_mentioned,other,not_mentioned
https://www.reddit.com/r/TheMallWorld/comments/1audzdz/just_came_across_this_sub_and_wanted_to_share_one/,loc_3,deceased,not_mentioned,not_mentioned,not_mentioned
https://www.reddit.com/r/TheMallWorld/comments/1auij5o/bus_or_train/,loc_3,crowd,friendly,bystander,not_mentioned
https://www.reddit.com/r/TheMallWorld/comments/1aukmxi/connection_test_a_response_and_my_own_experience/,loc_11,stranger,unfriendly,blocker,blocking
https://www.reddit.com/r/TheMallWorld/comments/1aukmxi/connection_test_a_response_and_my_own_experience/,loc_11,stranger,hostile,authority,punitive
https://www.reddit.com/r/TheMallWorld/comments/1aunnaw/frozen_yogurt_shared_dream_location/,loc_1,crowd,confusing,customer,not_mentioned
https://www.reddit.com/r/TheMallWorld/comments/1aunnaw/frozen_yogurt_shared_dream_location/,loc_1,threat,hostile,chaser,not_mentioned
https://www.reddit.com/r/TheMallWorld/comments/1aw5vui/the_powers_were_powering_tonight/,loc_1,crowd,confusing,bystander,not_mentioned
https://www.reddit.com/r/TheMallWorld/comments/1aw5vui/the_powers_were_powering_tonight/,loc_1,authority,threatening,security,pursuing
https://www.reddit.com/r/TheMallWorld/comments/1aweu8w/the_amusement_park/,loc_1,stranger,not_mentioned,other,not_mentioned
https://www.reddit.com/r/TheMallWorld/comments/1aweu8w/the_amusement_park/,loc_1,stranger,unfriendly,staff,not_mentioned
https://www.reddit.com/r/TheMallWorld/comments/1ax0swp/training/,loc_2,stranger,helpful,companion,not_mentioned
https://www.reddit.com/r/TheMallWorld/comments/1ayleua/can_you_float/,loc_1,stranger,not_mentioned,other,not_mentioned
https://www.reddit.com/r/TheMallWorld/comments/1azuukn/dream_of_tasting_gasoline_during_class_at_mall/,loc_1,authority,not_mentioned,teacher,not_mentioned
https://www.reddit.com/r/TheMallWorld/comments/1azuukn/dream_of_tasting_gasoline_during_class_at_mall/,loc_1,crowd,neutral,student,not_mentioned
https://www.reddit.com/r/TheMallWorld/comments/1azuukn/dream_of_tasting_gasoline_during_class_at_mall/,loc_1,crowd,not_mentioned,bystander,not_mentioned
https://www.reddit.com/r/TheMallWorld/comments/1azuukn/dream_of_tasting_gasoline_during_class_at_mall/,loc_2,crowd,not_mentioned,bystander,not_mentioned
https://www.reddit.com/r/TheMallWorld/comments/1azuukn/dream_of_tasting_gasoline_during_class_at_mall/,loc_3,known_person,hostile,other,not_mentioned
https://www.reddit.com/r/TheMallWorld/comments/1azvkzr/relationships/,loc_1,known_person,not_mentioned,bystander,not_mentioned
https://www.reddit.com/r/TheMallWorld/comments/1azvkzr/relationships/,loc_1,known_person,not_mentioned,other,not_mentioned
https://www.reddit.com/r/TheMallWorld/comments/1azvkzr/relationships/,loc_1,known_person,not_mentioned,other,not_mentioned
https://www.reddit.com/r/TheMallWorld/comments/1azvkzr/relationships/,loc_1,other,not_mentioned,other,not_mentioned
https://www.reddit.com/r/TheMallWorld/comments/1azvkzr/relationships/,loc_1,family_member,not_mentioned,not_mentioned,not_mentioned
https://www.reddit.com/r/TheMallWorld/comments/1azvkzr/relationships/,loc_1,family_member,not_mentioned,not_mentioned,not_mentioned
https://www.reddit.com/r/TheMallWorld/comments/1azvkzr/relationships/,loc_1,family_member,not_mentioned,not_mentioned,not_mentioned
https://www.reddit.com/r/TheMallWorld/comments/1b23iq4/secret_rooms_under_shops/,loc_1,stranger,not_mentioned,staff,not_mentioned
https://www.reddit.com/r/TheMallWorld/comments/1b25z1k/handed_a_gold_sceptre_with_dna_carving_in_shop/,loc_2,stranger,friendly,cashier,not_mentioned
https://www.reddit.com/r/TheMallWorld/comments/1b25z1k/handed_a_gold_sceptre_with_dna_carving_in_shop/,loc_2,stranger,confusing,cashier,not_mentioned
https://www.reddit.com/r/TheMallWorld/comments/1b3ug30/my_dream_world/,loc_5,known_person,neutral,bystander,not_mentioned
https://www.reddit.com/r/TheMallWorld/comments/1b3ug30/my_dream_world/,loc_5,known_person,neutral,companion,not_mentioned
https://www.reddit.com/r/TheMallWorld/comments/1b3ug30/my_dream_world/,loc_7,threat,threatening,chaser,not_mentioned
https://www.reddit.com/r/TheMallWorld/comments/1b3ug30/my_dream_world/,loc_12,deceased,confusing,bystander,not_mentioned
https://www.reddit.com/r/TheMallWorld/comments/1b3ug30/my_dream_world/,loc_12,stranger,confusing,bystander,not_mentioned
https://www.reddit.com/r/TheMallWorld/comments/1b3ug30/my_dream_world/,loc_12,deceased,unfriendly,bystander,not_mentioned
https://www.reddit.com/r/TheMallWorld/comments/1b3ug30/my_dream_world/,loc_12,stranger,unfriendly,bystander,not_mentioned
https://www.reddit.com/r/TheMallWorld/comments/1b3ug30/my_dream_world/,loc_13,deceased,friendly,companion,guiding
https://www.reddit.com/r/TheMallWorld/comments/1b3ug30/my_dream_world/,loc_22,stranger,neutral,guide,guiding
https://www.reddit.com/r/TheMallWorld/comments/1b3ug30/my_dream_world/,loc_23,stranger,helpful,other,not_mentioned
https://www.reddit.com/r/TheMallWorld/comments/1b4x08d/missionstests/,loc_1,other,friendly,teacher,guiding
https://www.reddit.com/r/TheMallWorld/comments/1b4x08d/missionstests/,loc_2,other,friendly,teacher,guiding
https://www.reddit.com/r/TheMallWorld/comments/1b5z94q/i_had_another_mall_dream_last_night/,loc_2,stranger,helpful,other,not_mentioned
https://www.reddit.com/r/TheMallWorld/comments/1b5z94q/i_had_another_mall_dream_last_night/,loc_3,stranger,friendly,staff,not_mentioned
https://www.reddit.com/r/TheMallWorld/comments/1b5z94q/i_had_another_mall_dream_last_night/,loc_3,stranger,friendly,staff,not_mentioned
https://www.reddit.com/r/TheMallWorld/comments/1b5z94q/i_had_another_mall_dream_last_night/,loc_4,authority,neutral,staff,observing
https://www.reddit.com/r/TheMallWorld/comments/1b5z94q/i_had_another_mall_dream_last_night/,loc_4,creature,neutral,other,not_mentioned
https://www.reddit.com/r/TheMallWorld/comments/1b9ys2u/weird_dream/,loc_1,family_member,neutral,companion,not_mentioned
https://www.reddit.com/r/TheMallWorld/comments/1b9ys2u/weird_dream/,loc_2,stranger,not_mentioned,bystander,not_mentioned
https://www.reddit.com/r/TheMallWorld/comments/1b9ys2u/weird_dream/,loc_3,stranger,neutral,guide,guiding
https://www.reddit.com/r/TheMallWorld/comments/1b9ys2u/weird_dream/,loc_5,stranger,indifferent,staff,not_mentioned
https://www.reddit.com/r/TheMallWorld/comments/1bab27q/i_got_beat_up_for_the_first_time_in_mallworld/,loc_1,threat,hostile,chaser,not_mentioned
https://www.reddit.com/r/TheMallWorld/comments/1bab27q/i_got_beat_up_for_the_first_time_in_mallworld/,loc_1,threat,hostile,blocker,not_mentioned
https://www.reddit.com/r/TheMallWorld/comments/1babdwq/i_almost_fell_off_the_escalator/,loc_1,stranger,neutral,other,not_mentioned
https://www.reddit.com/r/TheMallWorld/comments/1bag22v/thousands_of_us/,loc_1,crowd,neutral,bystander,not_mentioned
https://www.reddit.com/r/TheMallWorld/comments/1bag22v/thousands_of_us/,loc_1,authority,indifferent,authority,observing
https://www.reddit.com/r/TheMallWorld/comments/1bag22v/thousands_of_us/,loc_2,family_member,not_mentioned,bystander,not_mentioned
https://www.reddit.com/r/TheMallWorld/comments/1bag22v/thousands_of_us/,loc_3,family_member,not_mentioned,not_mentioned,not_mentioned
https://www.reddit.com/r/TheMallWorld/comments/1bag22v/thousands_of_us/,loc_1,child,not_mentioned,companion,not_mentioned
https://www.reddit.com/r/TheMallWorld/comments/1bdgimj/does_anyone_have_a_wooden_apartment_building_in/,loc_1,stranger,friendly,companion,not_mentioned
https://www.reddit.com/r/TheMallWorld/comments/1beca54/who_stole_my_shampoo/,loc_1,stranger,neutral,staff,not_mentioned
https://www.reddit.com/r/TheMallWorld/comments/1bedd56/asking_for_the_time_in_mall_world/,loc_1,crowd,indifferent,bystander,not_mentioned
https://www.reddit.com/r/TheMallWorld/comments/1bedd56/asking_for_the_time_in_mall_world/,loc_1,stranger,indifferent,bystander,not_mentioned
https://www.reddit.com/r/TheMallWorld/comments/1bf2865/finally_saw_a_phone/,loc_1,stranger,neutral,companion,not_mentioned
https://www.reddit.com/r/TheMallWorld/comments/1bf2865/finally_saw_a_phone/,loc_2,friend,friendly,companion,not_mentioned
https://www.reddit.com/r/TheMallWorld/comments/1bf2865/finally_saw_a_phone/,loc_2,deceased,neutral,bystander,not_mentioned
https://www.reddit.com/r/TheMallWorld/comments/1bf56ef/maps_in_mall_world/,loc_1,stranger,not_mentioned,bystander,not_mentioned
https://www.reddit.com/r/TheMallWorld/comments/1bf56ef/maps_in_mall_world/,loc_1,child,not_mentioned,bystander,not_mentioned
https://www.reddit.com/r/TheMallWorld/comments/1bho8pa/a_dream_about_a_mall_id_visited_before_in_a_dream/,loc_3,creature,neutral,other,not_mentioned
https://www.reddit.com/r/TheMallWorld/comments/1bho8pa/a_dream_about_a_mall_id_visited_before_in_a_dream/,loc_3,known_person,friendly,companion,not_mentioned
https://www.reddit.com/r/TheMallWorld/comments/1bho8pa/a_dream_about_a_mall_id_visited_before_in_a_dream/,loc_4,authority,unfriendly,guide,blocking
https://www.reddit.com/r/TheMallWorld/comments/1bho8pa/a_dream_about_a_mall_id_visited_before_in_a_dream/,loc_3,authority,neutral,guide,guiding
https://www.reddit.com/r/TheMallWorld/comments/1bho8pa/a_dream_about_a_mall_id_visited_before_in_a_dream/,loc_3,crowd,neutral,bystander,not_mentioned
https://www.reddit.com/r/TheMallWorld/comments/1bho8pa/a_dream_about_a_mall_id_visited_before_in_a_dream/,loc_6,known_person,friendly,companion,not_mentioned
https://www.reddit.com/r/TheMallWorld/comments/1bho8pa/a_dream_about_a_mall_id_visited_before_in_a_dream/,loc_7,known_person,friendly,bystander,not_mentioned
https://www.reddit.com/r/TheMallWorld/comments/1bho8pa/a_dream_about_a_mall_id_visited_before_in_a_dream/,loc_7,known_person,friendly,authority,guiding
https://www.reddit.com/r/TheMallWorld/comments/1bho8pa/a_dream_about_a_mall_id_visited_before_in_a_dream/,loc_9,known_person,not_mentioned,other,not_mentioned
https://www.reddit.com/r/TheMallWorld/comments/1bho8pa/a_dream_about_a_mall_id_visited_before_in_a_dream/,loc_14,stranger,friendly,bystander,not_mentioned
https://www.reddit.com/r/TheMallWorld/comments/1bho8pa/a_dream_about_a_mall_id_visited_before_in_a_dream/,loc_14,child,neutral,other,not_mentioned
https://www.reddit.com/r/TheMallWorld/comments/1bn91ko/witch_circles_in_the_forest/,loc_2,crowd,friendly,other,not_mentioned
https://www.reddit.com/r/TheMallWorld/comments/1bn91ko/witch_circles_in_the_forest/,loc_3,crowd,neutral,other,not_mentioned
https://www.reddit.com/r/TheMallWorld/comments/1bne594/subterranean_living_quarters_dream_experience/,loc_1,guide,friendly,guide,guiding
https://www.reddit.com/r/TheMallWorld/comments/1bne594/subterranean_living_quarters_dream_experience/,loc_3,crowd,indifferent,bystander,not_mentioned
https://www.reddit.com/r/TheMallWorld/comments/1bne594/subterranean_living_quarters_dream_experience/,loc_3,guide,friendly,guide,guiding
https://www.reddit.com/r/TheMallWorld/comments/1bne594/subterranean_living_quarters_dream_experience/,loc_5,guide,friendly,guide,guiding
https://www.reddit.com/r/TheMallWorld/comments/1bne594/subterranean_living_quarters_dream_experience/,loc_5,stranger,neutral,bystander,not_mentioned
https://www.reddit.com/r/TheMallWorld/comments/1bnf6dq/chased_by_black_gooportals/,loc_2,threat,hostile,chaser,not_mentioned
https://www.reddit.com/r/TheMallWorld/comments/1bnfmu2/eclipse/,loc_1,crowd,neutral,other,not_mentioned
https://www.reddit.com/r/TheMallWorld/comments/1bnfmu2/eclipse/,loc_1,crowd,friendly,bystander,not_mentioned
https://www.reddit.com/r/TheMallWorld/comments/1bqd853/here_is_a_childhood_nightmare_of_mine_where_i_was/,loc_3,threat,hostile,chaser,not_mentioned
https://www.reddit.com/r/TheMallWorld/comments/1bqd853/here_is_a_childhood_nightmare_of_mine_where_i_was/,loc_3,threat,threatening,blocker,not_mentioned
https://www.reddit.com/r/TheMallWorld/comments/1bqdefk/dont_look_if_you_get_scared_easily_have_any_of/,loc_1,threat,hostile,chaser,not_mentioned
https://www.reddit.com/r/TheMallWorld/comments/1bqiubh/places_ive_visited/,loc_6,crowd,not_mentioned,bystander,not_mentioned
https://www.reddit.com/r/TheMallWorld/comments/1bqkj4c/i_have_found_my_people/,loc_7,crowd,not_mentioned,customer,not_mentioned
https://www.reddit.com/r/TheMallWorld/comments/1br7u3s/mall_world_is_not_good_warning/,loc_1,stranger,hostile,other,not_mentioned
https://www.reddit.com/r/TheMallWorld/comments/1br7u3s/mall_world_is_not_good_warning/,loc_1,stranger,hostile,other,not_mentioned
https://www.reddit.com/r/TheMallWorld/comments/1br7u3s/mall_world_is_not_good_warning/,loc_1,stranger,threatening,other,not_mentioned
https://www.reddit.com/r/TheMallWorld/comments/1br7u3s/mall_world_is_not_good_warning/,loc_2,crowd,neutral,bystander,not_mentioned
https://www.reddit.com/r/TheMallWorld/comments/1br7u3s/mall_world_is_not_good_warning/,loc_21,crowd,confusing,other,not_mentioned
https://www.reddit.com/r/TheMallWorld/comments/1br7u3s/mall_world_is_not_good_warning/,loc_21,authority,threatening,authority,punitive
https://www.reddit.com/r/TheMallWorld/comments/1brpxql/literally_stuck_in_a_long_line_in_mall_world/,loc_1,stranger,neutral,bystander,not_mentioned
https://www.reddit.com/r/TheMallWorld/comments/1brpxql/literally_stuck_in_a_long_line_in_mall_world/,loc_1,stranger,neutral,bystander,not_mentioned
https://www.reddit.com/r/TheMallWorld/comments/1bsb8ry/underground_tunnels/,loc_1,other,hostile,chaser,pursuing
https://www.reddit.com/r/TheMallWorld/comments/1bsb8ry/underground_tunnels/,loc_1,other,neutral,other,not_mentioned
https://www.reddit.com/r/TheMallWorld/comments/1bufbmn/repairman_mallworld_dream/,loc_1,stranger,not_mentioned,companion,not_mentioned
https://www.reddit.com/r/TheMallWorld/comments/1bug8ex/my_daughter_has_entered_the_mall_world/,loc_3,crowd,not_mentioned,customer,not_mentioned
https://www.reddit.com/r/TheMallWorld/comments/1bv3mm8/my_wall_world_changed_once_i_found_out_my_husband/,loc_2,crowd,indifferent,bystander,not_mentioned
https://www.reddit.com/r/TheMallWorld/comments/1bvdj2m/strange_conversation/,loc_1,family_member,friendly,companion,not_mentioned
https://www.reddit.com/r/TheMallWorld/comments/1bvdj2m/strange_conversation/,loc_1,stranger,friendly,other,not_mentioned
https://www.reddit.com/r/TheMallWorld/comments/1bvdj2m/strange_conversation/,loc_1,family_member,neutral,companion,not_mentioned
https://www.reddit.com/r/TheMallWorld/comments/1bw8929/dreaming_of_a_woman_marking_brick_walls_with_chalk/,loc_1,friend,not_mentioned,companion,not_mentioned
https://www.reddit.com/r/TheMallWorld/comments/1bw8929/dreaming_of_a_woman_marking_brick_walls_with_chalk/,loc_1,stranger,neutral,other,not_mentioned
https://www.reddit.com/r/TheMallWorld/comments/1bw8929/dreaming_of_a_woman_marking_brick_walls_with_chalk/,loc_1,stranger,neutral,other,not_mentioned
https://www.reddit.com/r/TheMallWorld/comments/1bw8929/dreaming_of_a_woman_marking_brick_walls_with_chalk/,loc_1,stranger,confusing,other,not_mentioned
https://www.reddit.com/r/TheMallWorld/comments/1bx51dm/weird_experience/,loc_1,known_person,friendly,companion,not_mentioned
https://www.reddit.com/r/TheMallWorld/comments/1bx51dm/weird_experience/,loc_1,creature,hostile,other,not_mentioned
https://www.reddit.com/r/TheMallWorld/comments/1bz81pb/eclipse/,loc_1,authority,hostile,authority,punitive
https://www.reddit.com/r/TheMallWorld/comments/1bz81pb/eclipse/,loc_1,crowd,not_mentioned,bystander,not_mentioned
https://www.reddit.com/r/TheMallWorld/comments/1bzpf2d/to_whoever_owns_the_garden_i_ran_into_with_my/,loc_1,authority,not_mentioned,security,not_mentioned
https://www.reddit.com/r/TheMallWorld/comments/1bzuzoz/does_anyone_know_what_this_creature_might_be/,loc_2,stranger,friendly,staff,not_mentioned
https://www.reddit.com/r/TheMallWorld/comments/1bzuzoz/does_anyone_know_what_this_creature_might_be/,loc_2,family_member,not_mentioned,companion,not_mentioned
https://www.reddit.com/r/TheMallWorld/comments/1bzuzoz/does_anyone_know_what_this_creature_might_be/,loc_2,family_member,indifferent,companion,not_mentioned
https://www.reddit.com/r/TheMallWorld/comments/1bzuzoz/does_anyone_know_what_this_creature_might_be/,loc_2,threat,hostile,chaser,punitive
https://www.reddit.com/r/TheMallWorld/comments/1bzuzoz/does_anyone_know_what_this_creature_might_be/,loc_2,family_member,confusing,other,not_mentioned
https://www.reddit.com/r/TheMallWorld/comments/1bzuzoz/does_anyone_know_what_this_creature_might_be/,loc_2,threat,threatening,chaser,punitive
https://www.reddit.com/r/TheMallWorld/comments/1bzuzoz/does_anyone_know_what_this_creature_might_be/,loc_2,family_member,not_mentioned,companion,not_mentioned
https://www.reddit.com/r/TheMallWorld/comments/1bzuzoz/does_anyone_know_what_this_creature_might_be/,loc_4,friend,neutral,companion,not_mentioned
https://www.reddit.com/r/TheMallWorld/comments/1bzuzoz/does_anyone_know_what_this_creature_might_be/,loc_4,authority,confusing,teacher,observing
https://www.reddit.com/r/TheMallWorld/comments/1bzuzoz/does_anyone_know_what_this_creature_might_be/,loc_4,authority,watching,teacher,observing
https://www.reddit.com/r/TheMallWorld/comments/1bzuzoz/does_anyone_know_what_this_creature_might_be/,loc_4,friend,neutral,companion,not_mentioned
https://www.reddit.com/r/TheMallWorld/comments/1bzuzoz/does_anyone_know_what_this_creature_might_be/,loc_5,friend,neutral,companion,not_mentioned
https://www.reddit.com/r/TheMallWorld/comments/1bzuzoz/does_anyone_know_what_this_creature_might_be/,loc_5,crowd,watching,bystander,not_mentioned
https://www.reddit.com/r/TheMallWorld/comments/1bzvbbx/i_talked_with_another_person_in_mw/,loc_2,stranger,neutral,bystander,not_mentioned
https://www.reddit.com/r/TheMallWorld/comments/1c243zm/tattoos_and_such/,loc_1,authority,not_mentioned,staff,not_mentioned
https://www.reddit.com/r/TheMallWorld/comments/1c243zm/tattoos_and_such/,loc_1,authority,not_mentioned,staff,not_mentioned
https://www.reddit.com/r/TheMallWorld/comments/1c262r1/been_stuck_in_mall_world_for_a_week/,loc_1,stranger,neutral,companion,not_mentioned
https://www.reddit.com/r/TheMallWorld/comments/1c51tdt/i_work_at_the_mall_world/,loc_1,authority,neutral,authority,guiding
https://www.reddit.com/r/TheMallWorld/comments/1c51tdt/i_work_at_the_mall_world/,loc_1,authority,unfriendly,security,blocking
https://www.reddit.com/r/TheMallWorld/comments/1c51tdt/i_work_at_the_mall_world/,loc_1,authority,unfriendly,security,blocking
https://www.reddit.com/r/TheMallWorld/comments/1c51tdt/i_work_at_the_mall_world/,loc_1,stranger,not_mentioned,customer,not_mentioned
https://www.reddit.com/r/TheMallWorld/comments/1c51tdt/i_work_at_the_mall_world/,loc_5,stranger,friendly,staff,not_mentioned
https://www.reddit.com/r/TheMallWorld/comments/1c51tdt/i_work_at_the_mall_world/,loc_8,authority,helpful,staff,guiding
https://www.reddit.com/r/TheMallWorld/comments/1c6oqez/my_dad_just_told_me_he_used_to_have_mallworld/,loc_2,family_member,not_mentioned,other,not_mentioned
https://www.reddit.com/r/TheMallWorld/comments/1c6q111/stuck_in_the_strange_mall_and_cant_find_way_out/,loc_1,crowd,indifferent,bystander,not_mentioned
https://www.reddit.com/r/TheMallWorld/comments/1c8nsf7/the_laboratory/,loc_2,crowd,not_mentioned,other,not_mentioned
https://www.reddit.com/r/TheMallWorld/comments/1c8nsf7/the_laboratory/,loc_2,authority,hostile,authority,punitive
https://www.reddit.com/r/TheMallWorld/comments/1c8nsf7/the_laboratory/,loc_2,authority,hostile,other,punitive
https://www.reddit.com/r/TheMallWorld/comments/1c8nsf7/the_laboratory/,loc_2,authority,unfriendly,authority,punitive
https://www.reddit.com/r/TheMallWorld/comments/1c8nsf7/the_laboratory/,loc_2,authority,hostile,other,punitive
https://www.reddit.com/r/TheMallWorld/comments/1c8nsf7/the_laboratory/,loc_2,authority,threatening,authority,punitive
https://www.reddit.com/r/TheMallWorld/comments/1c8nsf7/the_laboratory/,loc_2,other,not_mentioned,other,not_mentioned
https://www.reddit.com/r/TheMallWorld/comments/1c91hpu/anyone_elses_mall_world_almost_always_underground/,loc_5,creature,not_mentioned,other,not_mentioned
https://www.reddit.com/r/TheMallWorld/comments/1c91hpu/anyone_elses_mall_world_almost_always_underground/,loc_4,other,watching,bystander,not_mentioned
https://www.reddit.com/r/TheMallWorld/comments/1cb5e72/my_mall_world/,loc_high_end_stores_1,watcher,watching,bystander,not_mentioned
https://www.reddit.com/r/TheMallWorld/comments/1cb5e72/my_mall_world/,loc_mall_1,crowd,hostile,chaser,not_mentioned
https://www.reddit.com/r/TheMallWorld/comments/1cb5e72/my_mall_world/,loc_mall_1,authority,threatening,authority,pursuing
https://www.reddit.com/r/TheMallWorld/comments/1cb5e72/my_mall_world/,loc_high_end_stores_1,friend,unfriendly,chaser,not_mentioned
https://www.reddit.com/r/TheMallWorld/comments/1cb5e72/my_mall_world/,loc_mall_1,friend,not_mentioned,other,not_mentioned
https://www.reddit.com/r/TheMallWorld/comments/1cb5e72/my_mall_world/,loc_mall_1,authority,not_mentioned,security,not_mentioned
https://www.reddit.com/r/TheMallWorld/comments/1ccjb2f/the_fine_dining_restaurant_in_the_mall/,loc_1,stranger,not_mentioned,customer,not_mentioned
https://www.reddit.com/r/TheMallWorld/comments/1ccjb2f/the_fine_dining_restaurant_in_the_mall/,loc_1,stranger,not_mentioned,staff,not_mentioned
https://www.reddit.com/r/TheMallWorld/comments/1cclkqm/beach_world_upgraded/,loc_2,deceased,helpful,guide,guiding
https://www.reddit.com/r/TheMallWorld/comments/1cclkqm/beach_world_upgraded/,loc_2,family_member,friendly,companion,not_mentioned
https://www.reddit.com/r/TheMallWorld/comments/1cclkqm/beach_world_upgraded/,loc_4,crowd,neutral,bystander,not_mentioned
https://www.reddit.com/r/TheMallWorld/comments/1cclkqm/beach_world_upgraded/,loc_4,coworker,friendly,companion,not_mentioned
https://www.reddit.com/r/TheMallWorld/comments/1cclkqm/beach_world_upgraded/,loc_6,crowd,confusing,companion,not_mentioned
https://www.reddit.com/r/TheMallWorld/comments/1ccqkty/just_left_the_mall/,loc_2,stranger,neutral,staff,not_mentioned
https://www.reddit.com/r/TheMallWorld/comments/1ccqkty/just_left_the_mall/,loc_3,crowd,confusing,bystander,not_mentioned
https://www.reddit.com/r/TheMallWorld/comments/1cedvor/always_the_amusement_park/,loc_2,authority,not_mentioned,staff,not_mentioned
https://www.reddit.com/r/TheMallWorld/comments/1cfd8u4/robotic_garage/,loc_3,stranger,friendly,staff,not_mentioned
https://www.reddit.com/r/TheMallWorld/comments/1cfd8u4/robotic_garage/,loc_5,crowd,indifferent,staff,not_mentioned
https://www.reddit.com/r/TheMallWorld/comments/1cfd8u4/robotic_garage/,loc_6,stranger,confusing,staff,not_mentioned
https://www.reddit.com/r/TheMallWorld/comments/1cferht/had_a_vivid_dream/,loc_1,stranger,neutral,guide,not_mentioned
https://www.reddit.com/r/TheMallWorld/comments/1cfml48/pegs/,loc_1,friend,not_mentioned,companion,not_mentioned
https://www.reddit.com/r/TheMallWorld/comments/1cgp2ri/quiet_campus_school_escape/,loc_1,stranger,hostile,other,not_mentioned
https://www.reddit.com/r/TheMallWorld/comments/1cgp2ri/quiet_campus_school_escape/,loc_2,crowd,hostile,chaser,not_mentioned
https://www.reddit.com/r/TheMallWorld/comments/1cgp2ri/quiet_campus_school_escape/,loc_4,crowd,hostile,blocker,blocking
https://www.reddit.com/r/TheMallWorld/comments/1cgp2ri/quiet_campus_school_escape/,loc_4,other,hostile,authority,blocking
https://www.reddit.com/r/TheMallWorld/comments/1ch4qku/concrete_style_apartment/,loc_3,stranger,not_mentioned,other,not_mentioned
https://www.reddit.com/r/TheMallWorld/comments/1ch57tb/pachangaworld/,loc_1,family_member,not_mentioned,other,not_mentioned
https://www.reddit.com/r/TheMallWorld/comments/1ch6qa3/now_that_i_think_about_it_i_have_been_in_the/,loc_level4,authority,neutral,staff,observing
https://www.reddit.com/r/TheMallWorld/comments/1ci2twb/does_anyone_else_have_to_go_underwater_or_hold/,loc_1,guide,helpful,guide,guiding
https://www.reddit.com/r/TheMallWorld/comments/1ci2twb/does_anyone_else_have_to_go_underwater_or_hold/,loc_2,crowd,friendly,bystander,not_mentioned
https://www.reddit.com/r/TheMallWorld/comments/1cis41o/burnt_to_a_crisp/,loc_2,authority,helpful,staff,guiding
https://www.reddit.com/r/TheMallWorld/comments/1cis41o/burnt_to_a_crisp/,loc_3,authority,helpful,staff,guiding
https://www.reddit.com/r/TheMallWorld/comments/1cis41o/burnt_to_a_crisp/,loc_4,authority,helpful,staff,guiding
https://www.reddit.com/r/TheMallWorld/comments/1cis41o/burnt_to_a_crisp/,loc_4,crowd,watching,bystander,not_mentioned
https://www.reddit.com/r/TheMallWorld/comments/1cjhbio/being_chased_melting_and_a_weird_house_in_the/,loc_1,threat,threatening,chaser,not_mentioned
https://www.reddit.com/r/TheMallWorld/comments/1cjhbio/being_chased_melting_and_a_weird_house_in_the/,loc_2,threat,threatening,chaser,not_mentioned
https://www.reddit.com/r/TheMallWorld/comments/1cjhbio/being_chased_melting_and_a_weird_house_in_the/,loc_3,other,confusing,bystander,not_mentioned
https://www.reddit.com/r/TheMallWorld/comments/1cjhbio/being_chased_melting_and_a_weird_house_in_the/,loc_4,threat,hostile,other,not_mentioned
https://www.reddit.com/r/TheMallWorld/comments/1ckuubv/stairwells/,loc_1,stranger,not_mentioned,bystander,not_mentioned
https://www.reddit.com/r/TheMallWorld/comments/1ckuubv/stairwells/,loc_1,stranger,neutral,companion,not_mentioned
https://www.reddit.com/r/TheMallWorld/comments/1ckuubv/stairwells/,loc_1,stranger,neutral,companion,not_mentioned
https://www.reddit.com/r/TheMallWorld/comments/1ckuubv/stairwells/,loc_2,stranger,neutral,companion,not_mentioned
https://www.reddit.com/r/TheMallWorld/comments/1corgne/was_in_the_middle_of_a_festival_and_spilled_a_tea/,loc_1,stranger,hostile,other,not_mentioned
https://www.reddit.com/r/TheMallWorld/comments/1corgne/was_in_the_middle_of_a_festival_and_spilled_a_tea/,loc_1,crowd,hostile,other,not_mentioned
https://www.reddit.com/r/TheMallWorld/comments/1corgne/was_in_the_middle_of_a_festival_and_spilled_a_tea/,loc_1,friend,not_mentioned,companion,not_mentioned
https://www.reddit.com/r/TheMallWorld/comments/1corgne/was_in_the_middle_of_a_festival_and_spilled_a_tea/,loc_3,stranger,threatening,chaser,not_mentioned
https://www.reddit.com/r/TheMallWorld/comments/1corgne/was_in_the_middle_of_a_festival_and_spilled_a_tea/,loc_1,stranger,confusing,bystander,not_mentioned
https://www.reddit.com/r/TheMallWorld/comments/1cpj2tn/pulse/,loc_2,threat,threatening,other,punitive
https://www.reddit.com/r/TheMallWorld/comments/1cpj2tn/pulse/,loc_3,stranger,confusing,other,not_mentioned
https://www.reddit.com/r/TheMallWorld/comments/1cq1dql/the_dream_is_killing_me/,loc_1,stranger,friendly,companion,not_mentioned
https://www.reddit.com/r/TheMallWorld/comments/1cq1dql/the_dream_is_killing_me/,loc_1,child,not_mentioned,other,not_mentioned
https://www.reddit.com/r/TheMallWorld/comments/1cq1dql/the_dream_is_killing_me/,loc_1,stranger,friendly,companion,not_mentioned
https://www.reddit.com/r/TheMallWorld/comments/1cq1dql/the_dream_is_killing_me/,loc_1,child,not_mentioned,other,not_mentioned
https://www.reddit.com/r/TheMallWorld/comments/1cqqpbt/building_something_in_dream/,loc_1,crowd,neutral,other,not_mentioned
https://www.reddit.com/r/TheMallWorld/comments/1crr3sx/dream_about_some_mall/,loc_2,stranger,neutral,cashier,not_mentioned
https://www.reddit.com/r/TheMallWorld/comments/1crr3sx/dream_about_some_mall/,loc_2,stranger,threatening,authority,observing
https://www.reddit.com/r/TheMallWorld/comments/1csjxqs/mine_9yr_old_goes_to_mallworld/,loc_1,family_member,friendly,bystander,not_mentioned
https://www.reddit.com/r/TheMallWorld/comments/1csjxqs/mine_9yr_old_goes_to_mallworld/,loc_1,deceased,friendly,bystander,not_mentioned
https://www.reddit.com/r/TheMallWorld/comments/1ctbals/ive_been_here_before/,loc_1,crowd,neutral,bystander,not_mentioned
https://www.reddit.com/r/TheMallWorld/comments/1ctr6yk/yesterday_i_had_such_and_crazy_mall_world_dream/,loc_1,stranger,unfriendly,other,not_mentioned
https://www.reddit.com/r/TheMallWorld/comments/1ctr6yk/yesterday_i_had_such_and_crazy_mall_world_dream/,loc_1,stranger,neutral,other,not_mentioned
https://www.reddit.com/r/TheMallWorld/comments/1ctr6yk/yesterday_i_had_such_and_crazy_mall_world_dream/,loc_2,crowd,confusing,bystander,not_mentioned
https://www.reddit.com/r/TheMallWorld/comments/1ctr6yk/yesterday_i_had_such_and_crazy_mall_world_dream/,loc_2,authority,neutral,other,guiding
https://www.reddit.com/r/TheMallWorld/comments/1ctr6yk/yesterday_i_had_such_and_crazy_mall_world_dream/,loc_3,known_person,not_mentioned,other,not_mentioned
https://www.reddit.com/r/TheMallWorld/comments/1ctr6yk/yesterday_i_had_such_and_crazy_mall_world_dream/,loc_3,crowd,confusing,bystander,not_mentioned
https://www.reddit.com/r/TheMallWorld/comments/1ctr6yk/yesterday_i_had_such_and_crazy_mall_world_dream/,loc_3,authority,threatening,authority,punitive
https://www.reddit.com/r/TheMallWorld/comments/1ctr6yk/yesterday_i_had_such_and_crazy_mall_world_dream/,loc_5,stranger,confusing,blocker,not_mentioned
https://www.reddit.com/r/TheMallWorld/comments/1ctr6yk/yesterday_i_had_such_and_crazy_mall_world_dream/,loc_5,crowd,threatening,other,not_mentioned
https://www.reddit.com/r/TheMallWorld/comments/1ctr6yk/yesterday_i_had_such_and_crazy_mall_world_dream/,loc_4,authority,threatening,authority,punitive
https://www.reddit.com/r/TheMallWorld/comments/1ctr6yk/yesterday_i_had_such_and_crazy_mall_world_dream/,loc_6,known_person,hostile,other,not_mentioned
https://www.reddit.com/r/TheMallWorld/comments/1ctr6yk/yesterday_i_had_such_and_crazy_mall_world_dream/,loc_6,creature,threatening,other,not_mentioned
https://www.reddit.com/r/TheMallWorld/comments/1ctr6yk/yesterday_i_had_such_and_crazy_mall_world_dream/,loc_6,stranger,neutral,other,not_mentioned
https://www.reddit.com/r/TheMallWorld/comments/1ctr6yk/yesterday_i_had_such_and_crazy_mall_world_dream/,loc_6,creature,threatening,other,not_mentioned
https://www.reddit.com/r/TheMallWorld/comments/1cu9z23/water_slides/,loc_1,other,friendly,companion,not_mentioned
https://www.reddit.com/r/TheMallWorld/comments/1cuuru2/in_my_dreams_i_still_live_at_my_parents_house_i/,loc_1,known_person,not_mentioned,bystander,not_mentioned
https://www.reddit.com/r/TheMallWorld/comments/1cux8iq/fights/,loc_1,stranger,hostile,other,not_mentioned
https://www.reddit.com/r/TheMallWorld/comments/1cv0vep/the_weirdest_bathroom_ever/,loc_3,family_member,friendly,bystander,not_mentioned
https://www.reddit.com/r/TheMallWorld/comments/1cv0vep/the_weirdest_bathroom_ever/,loc_5,stranger,neutral,customer,not_mentioned
https://www.reddit.com/r/TheMallWorld/comments/1cv0vep/the_weirdest_bathroom_ever/,loc_6,other,confusing,other,not_mentioned
https://www.reddit.com/r/TheMallWorld/comments/1cv0vep/the_weirdest_bathroom_ever/,loc_6,stranger,neutral,bystander,not_mentioned
https://www.reddit.com/r/TheMallWorld/comments/1cv1kbu/crazy_real_dream/,loc_1,authority,threatening,authority,punitive
https://www.reddit.com/r/TheMallWorld/comments/1cv1kbu/crazy_real_dream/,loc_2,crowd,neutral,bystander,not_mentioned
https://www.reddit.com/r/TheMallWorld/comments/1cv1kbu/crazy_real_dream/,loc_2,family_member,not_mentioned,other,not_mentioned
https://www.reddit.com/r/TheMallWorld/comments/1cv1kbu/crazy_real_dream/,loc_2,family_member,not_mentioned,companion,not_mentioned
https://www.reddit.com/r/TheMallWorld/comments/1cv1kbu/crazy_real_dream/,loc_2,stranger,neutral,other,not_mentioned
https://www.reddit.com/r/TheMallWorld/comments/1cwrum4/bikini_bottom/,loc_2,other,not_mentioned,companion,not_mentioned
https://www.reddit.com/r/TheMallWorld/comments/1cxrhax/memory_mansions_that_are_portals/,loc_1,crowd,neutral,customer,not_mentioned
https://www.reddit.com/r/TheMallWorld/comments/1cxrhax/memory_mansions_that_are_portals/,loc_5,authority,indifferent,other,not_mentioned
https://www.reddit.com/r/TheMallWorld/comments/1cxrhax/memory_mansions_that_are_portals/,loc_5,child,confusing,bystander,not_mentioned
https://www.reddit.com/r/TheMallWorld/comments/1cxrhax/memory_mansions_that_are_portals/,loc_5,child,confusing,other,not_mentioned
https://www.reddit.com/r/TheMallWorld/comments/1cxrhax/memory_mansions_that_are_portals/,loc_6,child,neutral,other,not_mentioned
https://www.reddit.com/r/TheMallWorld/comments/1cy0iyc/had_a_dream_about_a_girl_i_have_never_met_but/,loc_1,stranger,friendly,companion,not_mentioned
https://www.reddit.com/r/TheMallWorld/comments/1cy0iyc/had_a_dream_about_a_girl_i_have_never_met_but/,loc_1,family_member,not_mentioned,bystander,not_mentioned
https://www.reddit.com/r/TheMallWorld/comments/1cy0iyc/had_a_dream_about_a_girl_i_have_never_met_but/,loc_1,stranger,friendly,companion,not_mentioned
https://www.reddit.com/r/TheMallWorld/comments/1cy0iyc/had_a_dream_about_a_girl_i_have_never_met_but/,loc_1,stranger,friendly,companion,not_mentioned
https://www.reddit.com/r/TheMallWorld/comments/1cy1brl/robert_monroe/,loc_1,known_person,not_mentioned,teacher,guiding
https://www.reddit.com/r/TheMallWorld/comments/1cy1brl/robert_monroe/,loc_1,crowd,neutral,bystander,not_mentioned
https://www.reddit.com/r/TheMallWorld/comments/1d16u5j/higher_level/,loc_school,stranger,not_mentioned,student,not_mentioned
https://www.reddit.com/r/TheMallWorld/comments/1d16u5j/higher_level/,loc_school,authority,threatening,security,pursuing
https://www.reddit.com/r/TheMallWorld/comments/1d16u5j/higher_level/,loc_hotel,family_member,not_mentioned,companion,not_mentioned
https://www.reddit.com/r/TheMallWorld/comments/1d16u5j/higher_level/,loc_richer_floors,crowd,neutral,staff,not_mentioned
https://www.reddit.com/r/TheMallWorld/comments/1d1z787/huge_incoming_wave/,loc_1,crowd,not_mentioned,bystander,not_mentioned
https://www.reddit.com/r/TheMallWorld/comments/1d1z787/huge_incoming_wave/,loc_4,crowd,neutral,companion,not_mentioned
https://www.reddit.com/r/TheMallWorld/comments/1d2e5h7/after_4_straight_nights_of_not_being_able_to/,loc_1,crowd,neutral,companion,not_mentioned
https://www.reddit.com/r/TheMallWorld/comments/1d2e5h7/after_4_straight_nights_of_not_being_able_to/,loc_1,crowd,neutral,companion,not_mentioned
https://www.reddit.com/r/TheMallWorld/comments/1d3pq03/is_your_mall_also_next_to_the_oceanbeach/,loc_2,other,not_mentioned,not_mentioned,not_mentioned
https://www.reddit.com/r/TheMallWorld/comments/1d3pq03/is_your_mall_also_next_to_the_oceanbeach/,loc_3,crowd,friendly,companion,not_mentioned
https://www.reddit.com/r/TheMallWorld/comments/1d3pq03/is_your_mall_also_next_to_the_oceanbeach/,loc_1,crowd,neutral,companion,not_mentioned
https://www.reddit.com/r/TheMallWorld/comments/1d4oabj/fashion_show/,loc_1,stranger,not_mentioned,other,not_mentioned
https://www.reddit.com/r/TheMallWorld/comments/1d4oabj/fashion_show/,loc_1,stranger,neutral,other,not_mentioned
https://www.reddit.com/r/TheMallWorld/comments/1d4oabj/fashion_show/,loc_1,crowd,neutral,other,not_mentioned
https://www.reddit.com/r/TheMallWorld/comments/1d5e50y/brick_buildings_part_of_school/,loc_2,stranger,helpful,guide,not_mentioned
https://www.reddit.com/r/TheMallWorld/comments/1d5e50y/brick_buildings_part_of_school/,loc_1,crowd,not_mentioned,other,not_mentioned
https://www.reddit.com/r/TheMallWorld/comments/1d5e50y/brick_buildings_part_of_school/,loc_1,creature,not_mentioned,other,not_mentioned
https://www.reddit.com/r/TheMallWorld/comments/1d67q76/being_chased_after_becoming_lucid/,loc_1,crowd,not_mentioned,bystander,not_mentioned
https://www.reddit.com/r/TheMallWorld/comments/1d67q76/being_chased_after_becoming_lucid/,loc_1,stranger,hostile,chaser,not_mentioned
https://www.reddit.com/r/TheMallWorld/comments/1d67q76/being_chased_after_becoming_lucid/,loc_2,stranger,neutral,other,not_mentioned
https://www.reddit.com/r/TheMallWorld/comments/1d67q76/being_chased_after_becoming_lucid/,loc_2,stranger,hostile,chaser,not_mentioned
https://www.reddit.com/r/TheMallWorld/comments/1d6vwgd/my_mallworld/,loc_8,stranger,not_mentioned,companion,not_mentioned
https://www.reddit.com/r/TheMallWorld/comments/1d6vwgd/my_mallworld/,loc_8,crowd,not_mentioned,bystander,not_mentioned
https://www.reddit.com/r/TheMallWorld/comments/1d78tlx/mall_world_glitches/,loc_1,family_member,neutral,companion,not_mentioned
https://www.reddit.com/r/TheMallWorld/comments/1d78tlx/mall_world_glitches/,loc_1,authority,not_mentioned,other,observing
https://www.reddit.com/r/TheMallWorld/comments/1da0m3m/television_broadcast/,loc_1,creature,not_mentioned,other,not_mentioned
https://www.reddit.com/r/TheMallWorld/comments/1da5v89/the_endless_office_building/,loc_1,other,hostile,chaser,not_mentioned
https://www.reddit.com/r/TheMallWorld/comments/1daj8xc/mall_world_dreams_for_4_years/,loc_1,stranger,not_mentioned,other,not_mentioned
https://www.reddit.com/r/TheMallWorld/comments/1daj8xc/mall_world_dreams_for_4_years/,loc_1,stranger,not_mentioned,staff,not_mentioned
https://www.reddit.com/r/TheMallWorld/comments/1dc6rvs/greengray_mist/,loc_1,creature,hostile,chaser,not_mentioned
https://www.reddit.com/r/TheMallWorld/comments/1dc6rvs/greengray_mist/,loc_1,authority,threatening,chaser,pursuing
https://www.reddit.com/r/TheMallWorld/comments/1ddae7e/the_museum_expanded/,loc_2,other,friendly,companion,not_mentioned
https://www.reddit.com/r/TheMallWorld/comments/1de7hha/dreaming_of_these_after_turning_25/,loc_1,threat,threatening,chaser,not_mentioned
https://www.reddit.com/r/TheMallWorld/comments/1de7hha/dreaming_of_these_after_turning_25/,loc_3,threat,hostile,blocker,blocking
https://www.reddit.com/r/TheMallWorld/comments/1de7hha/dreaming_of_these_after_turning_25/,loc_6,crowd,indifferent,bystander,not_mentioned
https://www.reddit.com/r/TheMallWorld/comments/1dfqquo/behind_the_scenes/,loc_2,threat,threatening,chaser,not_mentioned
https://www.reddit.com/r/TheMallWorld/comments/1dfqquo/behind_the_scenes/,loc_4,other,confusing,chaser,not_mentioned
https://www.reddit.com/r/TheMallWorld/comments/1dfqquo/behind_the_scenes/,loc_4,other,confusing,other,not_mentioned
https://www.reddit.com/r/TheMallWorld/comments/1dfu36l/just_had_my_first_completely_lucid_dream_in_a/,loc_1,crowd,hostile,other,not_mentioned
https://www.reddit.com/r/TheMallWorld/comments/1dfu36l/just_had_my_first_completely_lucid_dream_in_a/,loc_1,threat,threatening,chaser,not_mentioned
https://www.reddit.com/r/TheMallWorld/comments/1dfu36l/just_had_my_first_completely_lucid_dream_in_a/,loc_3,stranger,friendly,cashier,not_mentioned
https://www.reddit.com/r/TheMallWorld/comments/1dfu36l/just_had_my_first_completely_lucid_dream_in_a/,loc_5,faceless,neutral,bystander,not_mentioned
https://www.reddit.com/r/TheMallWorld/comments/1dfu36l/just_had_my_first_completely_lucid_dream_in_a/,loc_6,stranger,neutral,staff,not_mentioned
https://www.reddit.com/r/TheMallWorld/comments/1dfu36l/just_had_my_first_completely_lucid_dream_in_a/,loc_6,crowd,confusing,bystander,not_mentioned
https://www.reddit.com/r/TheMallWorld/comments/1dfu36l/just_had_my_first_completely_lucid_dream_in_a/,loc_6,stranger,neutral,bystander,not_mentioned
https://www.reddit.com/r/TheMallWorld/comments/1dfu36l/just_had_my_first_completely_lucid_dream_in_a/,loc_7,stranger,neutral,staff,not_mentioned
https://www.reddit.com/r/TheMallWorld/comments/1dfu36l/just_had_my_first_completely_lucid_dream_in_a/,loc_2,stranger,unfriendly,companion,not_mentioned
https://www.reddit.com/r/TheMallWorld/comments/1dfu36l/just_had_my_first_completely_lucid_dream_in_a/,loc_2,stranger,friendly,companion,not_mentioned
https://www.reddit.com/r/TheMallWorld/comments/1dfu36l/just_had_my_first_completely_lucid_dream_in_a/,loc_2,stranger,confusing,companion,not_mentioned
https://www.reddit.com/r/TheMallWorld/comments/1dggeoc/dilapidated_buildings/,loc_2,crowd,not_mentioned,bystander,not_mentioned
https://www.reddit.com/r/TheMallWorld/comments/1dhpzle/sketchy_areas/,loc_2,threat,threatening,chaser,not_mentioned
https://www.reddit.com/r/TheMallWorld/comments/1djhzsc/oceanbeach/,loc_1,stranger,friendly,companion,not_mentioned
https://www.reddit.com/r/TheMallWorld/comments/1djhzsc/oceanbeach/,loc_1,stranger,friendly,companion,not_mentioned
https://www.reddit.com/r/TheMallWorld/comments/1djhzsc/oceanbeach/,loc_1,stranger,friendly,companion,not_mentioned
https://www.reddit.com/r/TheMallWorld/comments/1dlsbsf/reoccurring_food_courtbuffetlunch_room_area/,loc_1,known_person,friendly,companion,not_mentioned
https://www.reddit.com/r/TheMallWorld/comments/1dm6mkk/weird_woman_entity/,loc_1,threat,threatening,chaser,not_mentioned
https://www.reddit.com/r/TheMallWorld/comments/1dm6mkk/weird_woman_entity/,loc_1,threat,hostile,chaser,not_mentioned
https://www.reddit.com/r/TheMallWorld/comments/1dm6mkk/weird_woman_entity/,loc_1,threat,hostile,chaser,not_mentioned
https://www.reddit.com/r/TheMallWorld/comments/1dm6mkk/weird_woman_entity/,loc_1,watcher,watching,bystander,not_mentioned
https://www.reddit.com/r/TheMallWorld/comments/1dn86o5/gum_gum_whip/,loc_1,stranger,unfriendly,blocker,not_mentioned
https://www.reddit.com/r/TheMallWorld/comments/1dn86o5/gum_gum_whip/,loc_1,other,neutral,companion,not_mentioned
https://www.reddit.com/r/TheMallWorld/comments/1dn86o5/gum_gum_whip/,loc_2,stranger,hostile,chaser,not_mentioned
https://www.reddit.com/r/TheMallWorld/comments/1dn86o5/gum_gum_whip/,loc_2,stranger,helpful,companion,not_mentioned
https://www.reddit.com/r/TheMallWorld/comments/1dn86o5/gum_gum_whip/,loc_2,stranger,hostile,chaser,not_mentioned
https://www.reddit.com/r/TheMallWorld/comments/1do43ks/the_old_guy_in_the_cabin/,loc_1,stranger,helpful,guide,guiding
https://www.reddit.com/r/TheMallWorld/comments/1do43ks/the_old_guy_in_the_cabin/,loc_1,threat,hostile,chaser,not_mentioned
https://www.reddit.com/r/TheMallWorld/comments/1donscf/ok_so_ive_been_having_weird_dreams_outside_of/,loc_2,threat,hostile,chaser,not_mentioned
https://www.reddit.com/r/TheMallWorld/comments/1donscf/ok_so_ive_been_having_weird_dreams_outside_of/,loc_2,crowd,not_mentioned,bystander,not_mentioned
https://www.reddit.com/r/TheMallWorld/comments/1donscf/ok_so_ive_been_having_weird_dreams_outside_of/,loc_4,crowd,not_mentioned,bystander,not_mentioned
https://www.reddit.com/r/TheMallWorld/comments/1donscf/ok_so_ive_been_having_weird_dreams_outside_of/,loc_5,threat,hostile,chaser,not_mentioned
https://www.reddit.com/r/TheMallWorld/comments/1doxiuz/wacky_out_of_control_dreams/,loc_1,authority,hostile,security,blocking
https://www.reddit.com/r/TheMallWorld/comments/1doxiuz/wacky_out_of_control_dreams/,loc_4,authority,threatening,security,observing
https://www.reddit.com/r/TheMallWorld/comments/1doxiuz/wacky_out_of_control_dreams/,loc_4,creature,threatening,other,not_mentioned
https://www.reddit.com/r/TheMallWorld/comments/1doxiuz/wacky_out_of_control_dreams/,loc_2,other,threatening,chaser,not_mentioned
https://www.reddit.com/r/TheMallWorld/comments/1doxiuz/wacky_out_of_control_dreams/,loc_2,other,threatening,chaser,not_mentioned
https://www.reddit.com/r/TheMallWorld/comments/1doxiuz/wacky_out_of_control_dreams/,loc_3,other,confusing,other,not_mentioned
https://www.reddit.com/r/TheMallWorld/comments/1dqhcws/mall_world_as_premonition/,loc_1,threat,hostile,chaser,not_mentioned
https://www.reddit.com/r/TheMallWorld/comments/1dqhcws/mall_world_as_premonition/,loc_1,crowd,not_mentioned,bystander,not_mentioned
https://www.reddit.com/r/TheMallWorld/comments/1dqk7gl/an_excerpt/,loc_4,authority,confusing,staff,blocking
https://www.reddit.com/r/TheMallWorld/comments/1dqk7gl/an_excerpt/,loc_4,threat,threatening,chaser,not_mentioned
https://www.reddit.com/r/TheMallWorld/comments/1dqk7gl/an_excerpt/,loc_5,threat,threatening,chaser,not_mentioned
https://www.reddit.com/r/TheMallWorld/comments/1dqk7gl/an_excerpt/,loc_5,other,not_mentioned,other,not_mentioned
https://www.reddit.com/r/TheMallWorld/comments/1dtql1f/flying_cloud_entity/,loc_1,threat,threatening,chaser,not_mentioned
https://www.reddit.com/r/TheMallWorld/comments/1dtql1f/flying_cloud_entity/,loc_1,crowd,not_mentioned,companion,not_mentioned
https://www.reddit.com/r/TheMallWorld/comments/1dvkl0n/can_somebody_help_me_pls/,loc_1,stranger,confusing,other,not_mentioned
https://www.reddit.com/r/TheMallWorld/comments/1dvkl0n/can_somebody_help_me_pls/,loc_2,stranger,not_mentioned,other,not_mentioned
https://www.reddit.com/r/TheMallWorld/comments/1dvkl0n/can_somebody_help_me_pls/,loc_3,stranger,not_mentioned,other,not_mentioned
https://www.reddit.com/r/TheMallWorld/comments/1dvkl0n/can_somebody_help_me_pls/,loc_4,stranger,not_mentioned,other,not_mentioned
https://www.reddit.com/r/TheMallWorld/comments/1dvkl0n/can_somebody_help_me_pls/,loc_6,threat,hostile,chaser,not_mentioned
https://www.reddit.com/r/TheMallWorld/comments/1dw6mmy/the_university_or_school/,loc_1,stranger,unfriendly,bystander,not_mentioned
https://www.reddit.com/r/TheMallWorld/comments/1dw6mmy/the_university_or_school/,loc_1,family_member,not_mentioned,companion,not_mentioned
https://www.reddit.com/r/TheMallWorld/comments/1dy1ybm/a_giant_college_campus_in_mall_world/,loc_5,crowd,neutral,bystander,not_mentioned
https://www.reddit.com/r/TheMallWorld/comments/1dy1ybm/a_giant_college_campus_in_mall_world/,loc_1,known_person,not_mentioned,bystander,not_mentioned
https://www.reddit.com/r/TheMallWorld/comments/1dy1ybm/a_giant_college_campus_in_mall_world/,loc_1,stranger,not_mentioned,bystander,not_mentioned
https://www.reddit.com/r/TheMallWorld/comments/1dya4ai/festival_at_the_mall_and_the_hardware_store/,loc_1,stranger,not_mentioned,companion,not_mentioned
https://www.reddit.com/r/TheMallWorld/comments/1dywsz0/the_skyparks/,loc_2,crowd,not_mentioned,other,not_mentioned
https://www.reddit.com/r/TheMallWorld/comments/1e067gv/its_the_most_beautiful_place_ive_ever_been/,loc_mountain_spot_1,authority,not_mentioned,authority,blocking
https://www.reddit.com/r/TheMallWorld/comments/1e0f1cl/train_running_though_mall/,loc_2,crowd,not_mentioned,customer,not_mentioned
https://www.reddit.com/r/TheMallWorld/comments/1e0mx0u/violence_in_mallworld/,loc_1,friend,neutral,companion,not_mentioned
https://www.reddit.com/r/TheMallWorld/comments/1e0mx0u/violence_in_mallworld/,loc_1,other,not_mentioned,other,not_mentioned
https://www.reddit.com/r/TheMallWorld/comments/1e0mx0u/violence_in_mallworld/,loc_1,stranger,confusing,bystander,not_mentioned
https://www.reddit.com/r/TheMallWorld/comments/1e0mx0u/violence_in_mallworld/,loc_1,friend,neutral,companion,not_mentioned
https://www.reddit.com/r/TheMallWorld/comments/1e0pvv5/giant_ice_arena/,loc_1,crowd,friendly,companion,not_mentioned
https://www.reddit.com/r/TheMallWorld/comments/1e0pvv5/giant_ice_arena/,loc_2,crowd,neutral,other,not_mentioned
https://www.reddit.com/r/TheMallWorld/comments/1e0pvv5/giant_ice_arena/,loc_2,crowd,neutral,other,not_mentioned
https://www.reddit.com/r/TheMallWorld/comments/1e1lyd7/does_anyone_else_dream_of_being_stuck_in_a_giant/,loc_2,family_member,not_mentioned,not_mentioned,not_mentioned
https://www.reddit.com/r/TheMallWorld/comments/1e1tfiz/i_always_end_up_back_at_the_stilts_trailer_park/,loc_1,stranger,not_mentioned,other,not_mentioned
https://www.reddit.com/r/TheMallWorld/comments/1e4hhcn/i_just_had_my_first_mall_dream/,loc_1,other,not_mentioned,other,not_mentioned
https://www.reddit.com/r/TheMallWorld/comments/1e4pgs4/water_park_dream/,loc_3,stranger,unfriendly,staff,not_mentioned
https://www.reddit.com/r/TheMallWorld/comments/1e4pgs4/water_park_dream/,loc_3,crowd,unfriendly,bystander,not_mentioned
https://www.reddit.com/r/TheMallWorld/comments/1e4pgs4/water_park_dream/,loc_10,stranger,neutral,bystander,not_mentioned
https://www.reddit.com/r/TheMallWorld/comments/1e4pgs4/water_park_dream/,loc_10,stranger,neutral,other,not_mentioned
https://www.reddit.com/r/TheMallWorld/comments/1e4rifx/i_dream_about_vegas_casino_malls_all_the_time/,loc_1,known_person,not_mentioned,not_mentioned,not_mentioned
https://www.reddit.com/r/TheMallWorld/comments/1e4rifx/i_dream_about_vegas_casino_malls_all_the_time/,loc_1,crowd,friendly,companion,not_mentioned
https://www.reddit.com/r/TheMallWorld/comments/1e4tpug/portal/,loc_2,other,confusing,other,not_mentioned
https://www.reddit.com/r/TheMallWorld/comments/1e4tpug/portal/,loc_2,other,confusing,other,not_mentioned
https://www.reddit.com/r/TheMallWorld/comments/1e4xpk7/fascinating_i_have_dreams_of_alleyways_hallways/,loc_4,stranger,confusing,other,not_mentioned
https://www.reddit.com/r/TheMallWorld/comments/1e53tjb/recurring_motifs_in_my_dreamworld_how_many_of/,loc_3,crowd,neutral,staff,not_mentioned
https://www.reddit.com/r/TheMallWorld/comments/1e6ubwq/everything_outside_of_the_mall_is_scary/,loc_3,threat,threatening,other,not_mentioned
https://www.reddit.com/r/TheMallWorld/comments/1e6wl4a/gameshow_movie_theater/,loc_1,stranger,friendly,companion,not_mentioned
https://www.reddit.com/r/TheMallWorld/comments/1e7g87t/waterpark_amusement_park_compound_like/,loc_water_park,crowd,not_mentioned,not_mentioned,not_mentioned
https://www.reddit.com/r/TheMallWorld/comments/1e7g87t/waterpark_amusement_park_compound_like/,loc_transit_sky_tunnels,authority,unfriendly,security,blocking
https://www.reddit.com/r/TheMallWorld/comments/1e7g87t/waterpark_amusement_park_compound_like/,loc_huge_hotel,crowd,not_mentioned,not_mentioned,not_mentioned
https://www.reddit.com/r/TheMallWorld/comments/1e7g87t/waterpark_amusement_park_compound_like/,loc_hotel_underground_tunnels,authority,neutral,authority,observing
https://www.reddit.com/r/TheMallWorld/comments/1e8id1q/hello_fellow_mega_mall_patrons/,loc_school_gym_raised_platform,threat,threatening,chaser,not_mentioned
https://www.reddit.com/r/TheMallWorld/comments/1e8id1q/hello_fellow_mega_mall_patrons/,loc_bathrooms_unisex_long,stranger,unfriendly,bystander,not_mentioned
https://www.reddit.com/r/TheMallWorld/comments/1e8id1q/hello_fellow_mega_mall_patrons/,loc_train_cargo,crowd,neutral,bystander,not_mentioned
https://www.reddit.com/r/TheMallWorld/comments/1eceguc/the_basement_pool/,loc_5,stranger,not_mentioned,other,not_mentioned
https://www.reddit.com/r/TheMallWorld/comments/1eceguc/the_basement_pool/,loc_6,stranger,not_mentioned,other,not_mentioned
https://www.reddit.com/r/TheMallWorld/comments/1egie5a/mall_world_software_updates/,loc_5,crowd,not_mentioned,customer,not_mentioned
https://www.reddit.com/r/TheMallWorld/comments/1egie5a/mall_world_software_updates/,loc_6,crowd,neutral,other,not_mentioned
https://www.reddit.com/r/TheMallWorld/comments/1eidu4v/mallworld_bathroom/,loc_3,threat,not_mentioned,not_mentioned,not_mentioned
https://www.reddit.com/r/TheMallWorld/comments/1eidu4v/mallworld_bathroom/,loc_3,authority,indifferent,staff,blocking
https://www.reddit.com/r/TheMallWorld/comments/1eidu4v/mallworld_bathroom/,loc_4,threat,threatening,chaser,not_mentioned
https://www.reddit.com/r/TheMallWorld/comments/1eidu4v/mallworld_bathroom/,loc_4,threat,hostile,chaser,not_mentioned
https://www.reddit.com/r/TheMallWorld/comments/1ej6tor/woah_my_mall_was_replaced_by_a_giant_water_world/,loc_2,threat,threatening,chaser,not_mentioned
https://www.reddit.com/r/TheMallWorld/comments/1ej6tor/woah_my_mall_was_replaced_by_a_giant_water_world/,loc_2,creature,neutral,other,not_mentioned
https://www.reddit.com/r/TheMallWorld/comments/1ej6tor/woah_my_mall_was_replaced_by_a_giant_water_world/,loc_2,crowd,neutral,bystander,not_mentioned
https://www.reddit.com/r/TheMallWorld/comments/1ej6tor/woah_my_mall_was_replaced_by_a_giant_water_world/,loc_2,stranger,neutral,student,not_mentioned
https://www.reddit.com/r/TheMallWorld/comments/1ekcri3/my_mallworld_experience/,loc_mall_1,known_person,not_mentioned,companion,not_mentioned
https://www.reddit.com/r/TheMallWorld/comments/1ekcri3/my_mallworld_experience/,loc_mall_1,known_person,not_mentioned,other,not_mentioned
https://www.reddit.com/r/TheMallWorld/comments/1ekcri3/my_mallworld_experience/,loc_mall_1,crowd,confusing,bystander,not_mentioned
https://www.reddit.com/r/TheMallWorld/comments/1ekcri3/my_mallworld_experience/,loc_mall_1,known_person,not_mentioned,other,not_mentioned
https://www.reddit.com/r/TheMallWorld/comments/1enl5i0/didnt_check_into_hotel_caused_chaos/,loc_2,authority,unfriendly,security,blocking
https://www.reddit.com/r/TheMallWorld/comments/1enl5i0/didnt_check_into_hotel_caused_chaos/,loc_3,crowd,watching,bystander,not_mentioned
https://www.reddit.com/r/TheMallWorld/comments/1enl5i0/didnt_check_into_hotel_caused_chaos/,loc_3,authority,hostile,security,punitive
https://www.reddit.com/r/TheMallWorld/comments/1enl5i0/didnt_check_into_hotel_caused_chaos/,loc_3,crowd,hostile,bystander,not_mentioned
https://www.reddit.com/r/TheMallWorld/comments/1eom3n4/part_of_a_store_closing/,loc_1,stranger,unfriendly,staff,not_mentioned
https://www.reddit.com/r/TheMallWorld/comments/1eom3n4/part_of_a_store_closing/,loc_5,crowd,neutral,other,not_mentioned
https://www.reddit.com/r/TheMallWorld/comments/1eom3n4/part_of_a_store_closing/,loc_3,crowd,neutral,other,not_mentioned
https://www.reddit.com/r/TheMallWorld/comments/1ep0t2h/a_sky_underground/,loc_2,stranger,not_mentioned,other,not_mentioned
https://www.reddit.com/r/TheMallWorld/comments/1epis23/playful_mischief/,loc_1,authority,unfriendly,security,pursuing
https://www.reddit.com/r/TheMallWorld/comments/1epis23/playful_mischief/,loc_4,authority,unfriendly,security,pursuing
https://www.reddit.com/r/TheMallWorld/comments/1epis23/playful_mischief/,loc_5,authority,neutral,security,guiding
https://www.reddit.com/r/TheMallWorld/comments/1eqltil/war_chaos_m_and_lucid_dreaming/,loc_1,family_member,not_mentioned,companion,not_mentioned
https://www.reddit.com/r/TheMallWorld/comments/1eruay7/being_framed_for_stealing/,loc_1,stranger,friendly,customer,not_mentioned
https://www.reddit.com/r/TheMallWorld/comments/1eruay7/being_framed_for_stealing/,loc_2,stranger,hostile,other,not_mentioned
https://www.reddit.com/r/TheMallWorld/comments/1eruay7/being_framed_for_stealing/,loc_2,stranger,hostile,chaser,pursuing
https://www.reddit.com/r/TheMallWorld/comments/1eruay7/being_framed_for_stealing/,loc_5,crowd,unfriendly,blocker,not_mentioned
https://www.reddit.com/r/TheMallWorld/comments/1esgt6b/tell_me_about_your_staircases/,loc_4,threat,threatening,chaser,not_mentioned
https://www.reddit.com/r/TheMallWorld/comments/1etkepl/family_in_vehicle/,loc_3,stranger,not_mentioned,bystander,not_mentioned
https://www.reddit.com/r/TheMallWorld/comments/1etkepl/family_in_vehicle/,loc_3,creature,watching,bystander,not_mentioned
https://www.reddit.com/r/TheMallWorld/comments/1ex1sn1/my_mall/,loc_17,authority,threatening,authority,pursuing
https://www.reddit.com/r/TheMallWorld/comments/1ex1sn1/my_mall/,loc_18,authority,threatening,authority,observing
https://www.reddit.com/r/TheMallWorld/comments/1ex1sn1/my_mall/,loc_1,authority,hostile,authority,punitive
https://www.reddit.com/r/TheMallWorld/comments/1ezatkp/massive_area_of_device_storage/,loc_2,stranger,not_mentioned,other,not_mentioned
https://www.reddit.com/r/TheMallWorld/comments/1f1kiot/interacted_with_a_hotel_personnel_and_they_told/,loc_2,stranger,neutral,staff,not_mentioned
https://www.reddit.com/r/TheMallWorld/comments/1f1kiot/interacted_with_a_hotel_personnel_and_they_told/,loc_5,crowd,neutral,bystander,not_mentioned
https://www.reddit.com/r/TheMallWorld/comments/1f1kiot/interacted_with_a_hotel_personnel_and_they_told/,loc_1,stranger,friendly,staff,not_mentioned
https://www.reddit.com/r/TheMallWorld/comments/1f2cwr8/the_future/,loc_1,family_member,neutral,companion,not_mentioned
https://www.reddit.com/r/TheMallWorld/comments/1f2cwr8/the_future/,loc_3,mannequin,hostile,blocker,blocking
https://www.reddit.com/r/TheMallWorld/comments/1f2cwr8/the_future/,loc_3,crowd,threatening,chaser,pursuing
https://www.reddit.com/r/TheMallWorld/comments/1f2cwr8/the_future/,loc_4,crowd,confusing,bystander,not_mentioned
https://www.reddit.com/r/TheMallWorld/comments/1f2cwr8/the_future/,loc_5,threat,threatening,chaser,pursuing
https://www.reddit.com/r/TheMallWorld/comments/1f5z72e/time_travel/,loc_3,family_member,neutral,companion,not_mentioned
https://www.reddit.com/r/TheMallWorld/comments/1f5z72e/time_travel/,loc_3,stranger,watching,staff,not_mentioned
https://www.reddit.com/r/TheMallWorld/comments/1f5z72e/time_travel/,loc_2,stranger,watching,staff,not_mentioned
https://www.reddit.com/r/TheMallWorld/comments/1f5z72e/time_travel/,loc_3,family_member,neutral,companion,not_mentioned
https://www.reddit.com/r/TheMallWorld/comments/1f5z72e/time_travel/,loc_3,stranger,watching,staff,not_mentioned
https://www.reddit.com/r/TheMallWorld/comments/1f5z72e/time_travel/,loc_2,family_member,neutral,companion,not_mentioned
https://www.reddit.com/r/TheMallWorld/comments/1f6ckqc/themachineshop/,loc_1,known_person,unfriendly,staff,not_mentioned
https://www.reddit.com/r/TheMallWorld/comments/1f6ckqc/themachineshop/,loc_3,crowd,neutral,staff,not_mentioned
https://www.reddit.com/r/TheMallWorld/comments/1f6i49t/new_here_first_post_explaining_one_of_my/,loc_1,family_member,not_mentioned,bystander,not_mentioned
https://www.reddit.com/r/TheMallWorld/comments/1f6i49t/new_here_first_post_explaining_one_of_my/,loc_1,friend,not_mentioned,bystander,not_mentioned
https://www.reddit.com/r/TheMallWorld/comments/1f6i49t/new_here_first_post_explaining_one_of_my/,loc_1,stranger,not_mentioned,bystander,not_mentioned
https://www.reddit.com/r/TheMallWorld/comments/1f6i49t/new_here_first_post_explaining_one_of_my/,loc_1,threat,hostile,chaser,not_mentioned
https://www.reddit.com/r/TheMallWorld/comments/1f6i49t/new_here_first_post_explaining_one_of_my/,loc_1,threat,hostile,chaser,not_mentioned
https://www.reddit.com/r/TheMallWorld/comments/1f6i49t/new_here_first_post_explaining_one_of_my/,loc_1,known_person,not_mentioned,bystander,not_mentioned
https://www.reddit.com/r/TheMallWorld/comments/1f6i49t/new_here_first_post_explaining_one_of_my/,loc_1,threat,hostile,chaser,not_mentioned
https://www.reddit.com/r/TheMallWorld/comments/1f6i49t/new_here_first_post_explaining_one_of_my/,loc_1,threat,hostile,chaser,not_mentioned
https://www.reddit.com/r/TheMallWorld/comments/1f6i49t/new_here_first_post_explaining_one_of_my/,loc_1,crowd,not_mentioned,bystander,not_mentioned
https://www.reddit.com/r/TheMallWorld/comments/1f7twyh/similar_dreams/,loc_5,creature,threatening,chaser,not_mentioned
https://www.reddit.com/r/TheMallWorld/comments/1f8m0gj/somehow_i_can_just_feel_the_engines_roar/,loc_2,stranger,not_mentioned,bystander,not_mentioned
https://www.reddit.com/r/TheMallWorld/comments/1f8m0gj/somehow_i_can_just_feel_the_engines_roar/,loc_1,known_person,not_mentioned,not_mentioned,not_mentioned
https://www.reddit.com/r/TheMallWorld/comments/1fa80dg/dying_in_the_mall_and_my_fun_room_recurring_dream/,loc_sub_below_mall,crowd,indifferent,bystander,not_mentioned
https://www.reddit.com/r/TheMallWorld/comments/1fa80dg/dying_in_the_mall_and_my_fun_room_recurring_dream/,loc_fun_room,family_member,not_mentioned,companion,not_mentioned
https://www.reddit.com/r/TheMallWorld/comments/1fa80dg/dying_in_the_mall_and_my_fun_room_recurring_dream/,loc_fun_room,friend,not_mentioned,companion,not_mentioned
https://www.reddit.com/r/TheMallWorld/comments/1fa80dg/dying_in_the_mall_and_my_fun_room_recurring_dream/,loc_fun_room,authority,not_mentioned,authority,guiding
https://www.reddit.com/r/TheMallWorld/comments/1favuma/does_anyone_else_visit_the_same_world_every_night/,loc_city_1,stranger,neutral,other,not_mentioned
https://www.reddit.com/r/TheMallWorld/comments/1favuma/does_anyone_else_visit_the_same_world_every_night/,loc_city_1,stranger,unfriendly,blocker,blocking
https://www.reddit.com/r/TheMallWorld/comments/1favuma/does_anyone_else_visit_the_same_world_every_night/,loc_city_1,child,confusing,other,not_mentioned
https://www.reddit.com/r/TheMallWorld/comments/1fbkfx1/variously_recurring_dreamscapes_similar_to_mall/,loc_1_mall,authority,not_mentioned,staff,observing
https://www.reddit.com/r/TheMallWorld/comments/1fbkfx1/variously_recurring_dreamscapes_similar_to_mall/,loc_3_war_tunnel,crowd,not_mentioned,other,not_mentioned
https://www.reddit.com/r/TheMallWorld/comments/1fbkfx1/variously_recurring_dreamscapes_similar_to_mall/,loc_3_war_tunnel,other,hostile,other,not_mentioned
https://www.reddit.com/r/TheMallWorld/comments/1fbkfx1/variously_recurring_dreamscapes_similar_to_mall/,loc_8_corner_commune,crowd,neutral,bystander,not_mentioned
https://www.reddit.com/r/TheMallWorld/comments/1fbkfx1/variously_recurring_dreamscapes_similar_to_mall/,loc_8_corner_commune,threat,threatening,other,not_mentioned
https://www.reddit.com/r/TheMallWorld/comments/1fbkfx1/variously_recurring_dreamscapes_similar_to_mall/,loc_11_strip_mall_central,crowd,neutral,customer,not_mentioned
https://www.reddit.com/r/TheMallWorld/comments/1fbkfx1/variously_recurring_dreamscapes_similar_to_mall/,loc_11_strip_mall_central,stranger,neutral,staff,not_mentioned
https://www.reddit.com/r/TheMallWorld/comments/1fcxz53/continuation_of_dream_but_something_else_please/,loc_3,authority,hostile,security,pursuing
https://www.reddit.com/r/TheMallWorld/comments/1fcxz53/continuation_of_dream_but_something_else_please/,loc_3,threat,threatening,other,not_mentioned
https://www.reddit.com/r/TheMallWorld/comments/1fcxz53/continuation_of_dream_but_something_else_please/,loc_3,authority,hostile,security,pursuing
https://www.reddit.com/r/TheMallWorld/comments/1fcxz53/continuation_of_dream_but_something_else_please/,loc_5,stranger,helpful,guide,not_mentioned
https://www.reddit.com/r/TheMallWorld/comments/1fcxz53/continuation_of_dream_but_something_else_please/,loc_5,stranger,not_mentioned,bystander,not_mentioned
https://www.reddit.com/r/TheMallWorld/comments/1fenahq/vivid_dream_location_i_remember_from_a_few_years/,loc_1,crowd,not_mentioned,bystander,not_mentioned
https://www.reddit.com/r/TheMallWorld/comments/1feu581/i_died_in_my_dream_have_you/,loc_1,threat,hostile,chaser,not_mentioned
https://www.reddit.com/r/TheMallWorld/comments/1feu581/i_died_in_my_dream_have_you/,loc_1,threat,hostile,chaser,not_mentioned
https://www.reddit.com/r/TheMallWorld/comments/1feu581/i_died_in_my_dream_have_you/,loc_1,threat,hostile,chaser,not_mentioned
https://www.reddit.com/r/TheMallWorld/comments/1feu581/i_died_in_my_dream_have_you/,loc_1,threat,hostile,chaser,not_mentioned
https://www.reddit.com/r/TheMallWorld/comments/1feu581/i_died_in_my_dream_have_you/,loc_1,family_member,not_mentioned,other,not_mentioned
https://www.reddit.com/r/TheMallWorld/comments/1feu581/i_died_in_my_dream_have_you/,loc_1,family_member,not_mentioned,other,not_mentioned
https://www.reddit.com/r/TheMallWorld/comments/1feu581/i_died_in_my_dream_have_you/,loc_1,threat,hostile,chaser,not_mentioned
https://www.reddit.com/r/TheMallWorld/comments/1ffakco/has_anyone_been_to_the_dollhouse/,loc_1,creature,confusing,chaser,not_mentioned
https://www.reddit.com/r/TheMallWorld/comments/1ffcyqg/recurring_retro_mall_dream/,loc_2,stranger,confusing,other,not_mentioned
https://www.reddit.com/r/TheMallWorld/comments/1ffcyqg/recurring_retro_mall_dream/,loc_2,stranger,neutral,companion,not_mentioned
https://www.reddit.com/r/TheMallWorld/comments/1ffcyqg/recurring_retro_mall_dream/,loc_2,known_person,neutral,bystander,not_mentioned
https://www.reddit.com/r/TheMallWorld/comments/1ffcyqg/recurring_retro_mall_dream/,loc_2,stranger,neutral,guide,not_mentioned
https://www.reddit.com/r/TheMallWorld/comments/1ffcyqg/recurring_retro_mall_dream/,loc_4,stranger,not_mentioned,other,not_mentioned
https://www.reddit.com/r/TheMallWorld/comments/1ffcyqg/recurring_retro_mall_dream/,loc_2,stranger,neutral,companion,not_mentioned
https://www.reddit.com/r/TheMallWorld/comments/1ffcyqg/recurring_retro_mall_dream/,loc_6,family_member,friendly,other,not_mentioned
https://www.reddit.com/r/TheMallWorld/comments/1ffnwh6/jail_world/,loc_3,known_person,not_mentioned,companion,not_mentioned
https://www.reddit.com/r/TheMallWorld/comments/1ffnwh6/jail_world/,loc_3,authority,unfriendly,security,punitive
https://www.reddit.com/r/TheMallWorld/comments/1ffnwh6/jail_world/,loc_3,known_person,not_mentioned,companion,not_mentioned
https://www.reddit.com/r/TheMallWorld/comments/1ffnwh6/jail_world/,loc_3,authority,unfriendly,security,punitive
https://www.reddit.com/r/TheMallWorld/comments/1fgtq4z/i_couldnt_remember_my_dream_but_then/,loc_1,crowd,friendly,other,not_mentioned
https://www.reddit.com/r/TheMallWorld/comments/1fgtq4z/i_couldnt_remember_my_dream_but_then/,loc_1,stranger,neutral,other,not_mentioned
https://www.reddit.com/r/TheMallWorld/comments/1figmzo/large_skyscraper_flying_machines/,loc_3,threat,threatening,authority,observing
https://www.reddit.com/r/TheMallWorld/comments/1figmzo/large_skyscraper_flying_machines/,loc_4,threat,watching,authority,observing
https://www.reddit.com/r/TheMallWorld/comments/1fj7nj5/my_dreams/,loc_5,authority,not_mentioned,security,observing
https://www.reddit.com/r/TheMallWorld/comments/1fjaxtu/update_on_a_post_i_made_idk_how_to_update_the/,loc_1,stranger,neutral,bystander,not_mentioned
https://www.reddit.com/r/TheMallWorld/comments/1fjaxtu/update_on_a_post_i_made_idk_how_to_update_the/,loc_1,other,confusing,other,not_mentioned
https://www.reddit.com/r/TheMallWorld/comments/1fjcyrm/mall_dream_last_night/,loc_1,stranger,not_mentioned,bystander,not_mentioned
https://www.reddit.com/r/TheMallWorld/comments/1fjdm27/snowedin_hotel_surroundings/,loc_6,crowd,not_mentioned,bystander,not_mentioned
https://www.reddit.com/r/TheMallWorld/comments/1fjnmg0/dream_i_had_yesterday/,loc_1,stranger,neutral,staff,not_mentioned
https://www.reddit.com/r/TheMallWorld/comments/1fjnmg0/dream_i_had_yesterday/,loc_1,crowd,neutral,other,not_mentioned
https://www.reddit.com/r/TheMallWorld/comments/1fjnmg0/dream_i_had_yesterday/,loc_2,stranger,friendly,companion,not_mentioned
https://www.reddit.com/r/TheMallWorld/comments/1fjnmg0/dream_i_had_yesterday/,loc_4,authority,neutral,authority,observing
https://www.reddit.com/r/TheMallWorld/comments/1fjnmg0/dream_i_had_yesterday/,loc_5,authority,unfriendly,blocker,blocking
https://www.reddit.com/r/TheMallWorld/comments/1fjnmg0/dream_i_had_yesterday/,loc_5,stranger,friendly,companion,not_mentioned
https://www.reddit.com/r/TheMallWorld/comments/1fjnmg0/dream_i_had_yesterday/,loc_5,stranger,not_mentioned,companion,not_mentioned
https://www.reddit.com/r/TheMallWorld/comments/1fjnmg0/dream_i_had_yesterday/,loc_6,crowd,confusing,bystander,not_mentioned
https://www.reddit.com/r/TheMallWorld/comments/1fjnmg0/dream_i_had_yesterday/,loc_6,crowd,confusing,other,not_mentioned
https://www.reddit.com/r/TheMallWorld/comments/1fjnmg0/dream_i_had_yesterday/,loc_7,deceased,not_mentioned,other,not_mentioned
https://www.reddit.com/r/TheMallWorld/comments/1flz6jc/same_location/,loc_1,known_person,not_mentioned,companion,not_mentioned
https://www.reddit.com/r/TheMallWorld/comments/1fm0qur/i_visit_the_mall_2020/,loc_1,known_person,friendly,companion,not_mentioned
https://www.reddit.com/r/TheMallWorld/comments/1fm0qur/i_visit_the_mall_2020/,loc_1,guide,neutral,guide,guiding
https://www.reddit.com/r/TheMallWorld/comments/1fm0qur/i_visit_the_mall_2020/,loc_1,guide,neutral,guide,guiding
https://www.reddit.com/r/TheMallWorld/comments/1fm0qur/i_visit_the_mall_2020/,loc_1,crowd,indifferent,bystander,not_mentioned
https://www.reddit.com/r/TheMallWorld/comments/1fm0qur/i_visit_the_mall_2020/,loc_2,known_person,friendly,companion,not_mentioned
https://www.reddit.com/r/TheMallWorld/comments/1fm0qur/i_visit_the_mall_2020/,loc_2,other,neutral,customer,not_mentioned
https://www.reddit.com/r/TheMallWorld/comments/1fm0qur/i_visit_the_mall_2020/,loc_2,known_person,not_mentioned,companion,not_mentioned
https://www.reddit.com/r/TheMallWorld/comments/1fno16j/dreams_of_a_church_inside_the_mall/,loc_2,deceased,not_mentioned,not_mentioned,not_mentioned
https://www.reddit.com/r/TheMallWorld/comments/1fno16j/dreams_of_a_church_inside_the_mall/,loc_3,deceased,helpful,companion,not_mentioned
https://www.reddit.com/r/TheMallWorld/comments/1fo1wgn/steep_hilly_forest_and_a_bridge_across_a_mountain/,loc_5,stranger,unfriendly,staff,not_mentioned
https://www.reddit.com/r/TheMallWorld/comments/1fo20vs/any_mall_world_road_trippers/,loc_2,crowd,friendly,bystander,not_mentioned
https://www.reddit.com/r/TheMallWorld/comments/1fo20vs/any_mall_world_road_trippers/,loc_2,family_member,friendly,companion,not_mentioned
https://www.reddit.com/r/TheMallWorld/comments/1fo20vs/any_mall_world_road_trippers/,loc_3,stranger,unfriendly,cashier,not_mentioned
https://www.reddit.com/r/TheMallWorld/comments/1fo20vs/any_mall_world_road_trippers/,loc_3,family_member,not_mentioned,companion,not_mentioned
https://www.reddit.com/r/TheMallWorld/comments/1fs7t2w/same_old_same_old/,loc_1,stranger,confusing,companion,not_mentioned
https://www.reddit.com/r/TheMallWorld/comments/1fs7t2w/same_old_same_old/,loc_1,known_person,neutral,companion,not_mentioned
https://www.reddit.com/r/TheMallWorld/comments/1fs7t2w/same_old_same_old/,loc_1,stranger,confusing,companion,not_mentioned
https://www.reddit.com/r/TheMallWorld/comments/1fs7t2w/same_old_same_old/,loc_1,known_person,neutral,companion,not_mentioned
https://www.reddit.com/r/TheMallWorld/comments/1fs7t2w/same_old_same_old/,loc_1,stranger,unfriendly,other,not_mentioned
https://www.reddit.com/r/TheMallWorld/comments/1fs7t2w/same_old_same_old/,loc_1,known_person,neutral,companion,not_mentioned
https://www.reddit.com/r/TheMallWorld/comments/1fs7t2w/same_old_same_old/,loc_1,stranger,unfriendly,other,not_mentioned
https://www.reddit.com/r/TheMallWorld/comments/1fskjjy/extremely_steep_highway_and_the_new_world_trade/,loc_4,stranger,unfriendly,bystander,not_mentioned
https://www.reddit.com/r/TheMallWorld/comments/1fss6av/again_with_the_mall/,loc_3,crowd,not_mentioned,bystander,not_mentioned
https://www.reddit.com/r/TheMallWorld/comments/1fstqdj/trapped_in_the_department_store/,loc_1,threat,hostile,other,not_mentioned
https://www.reddit.com/r/TheMallWorld/comments/1fstqdj/trapped_in_the_department_store/,loc_1,child,not_mentioned,other,not_mentioned
https://www.reddit.com/r/TheMallWorld/comments/1fstqdj/trapped_in_the_department_store/,loc_1,crowd,confusing,customer,not_mentioned
https://www.reddit.com/r/TheMallWorld/comments/1fstqdj/trapped_in_the_department_store/,loc_1,authority,indifferent,staff,observing
https://www.reddit.com/r/TheMallWorld/comments/1fstyfh/i_consistently_have_dreams_that_start_and_end_at/,loc_10,stranger,neutral,other,not_mentioned
https://www.reddit.com/r/TheMallWorld/comments/1fstyfh/i_consistently_have_dreams_that_start_and_end_at/,loc_5,crowd,watching,bystander,not_mentioned
https://www.reddit.com/r/TheMallWorld/comments/1fstyfh/i_consistently_have_dreams_that_start_and_end_at/,loc_11,known_person,neutral,other,not_mentioned
https://www.reddit.com/r/TheMallWorld/comments/1fsz0c3/is_this_in_mall_world/,loc_3,known_person,hostile,companion,not_mentioned
https://www.reddit.com/r/TheMallWorld/comments/1fsz0c3/is_this_in_mall_world/,loc_3,stranger,neutral,other,not_mentioned
https://www.reddit.com/r/TheMallWorld/comments/1fwnvr0/run_in_with_black_suits/,loc_1,authority,confusing,authority,guiding
https://www.reddit.com/r/TheMallWorld/comments/1fwnvr0/run_in_with_black_suits/,loc_1,authority,neutral,authority,guiding
https://www.reddit.com/r/TheMallWorld/comments/1fwnvr0/run_in_with_black_suits/,loc_1,authority,watching,authority,observing
https://www.reddit.com/r/TheMallWorld/comments/1fwnvr0/run_in_with_black_suits/,loc_1,authority,confusing,authority,guiding
https://www.reddit.com/r/TheMallWorld/comments/1fwnvr0/run_in_with_black_suits/,loc_1,authority,watching,authority,observing
https://www.reddit.com/r/TheMallWorld/comments/1fyd2as/strangest_and_most_detailed_dream/,loc_3_red_jelly_substance,other,confusing,other,not_mentioned
https://www.reddit.com/r/TheMallWorld/comments/1fyd2as/strangest_and_most_detailed_dream/,loc_4_lab_cage_area,creature,neutral,bystander,not_mentioned
https://www.reddit.com/r/TheMallWorld/comments/1fyd2as/strangest_and_most_detailed_dream/,loc_4_lab_cage_area,crowd,neutral,bystander,not_mentioned
https://www.reddit.com/r/TheMallWorld/comments/1fyd2as/strangest_and_most_detailed_dream/,loc_5_upstairs_unlimited_food_games,crowd,neutral,customer,not_mentioned
https://www.reddit.com/r/TheMallWorld/comments/1fyd2as/strangest_and_most_detailed_dream/,loc_6_restricted_hallway,authority,unfriendly,blocker,blocking
https://www.reddit.com/r/TheMallWorld/comments/1fyd2as/strangest_and_most_detailed_dream/,loc_10_elevator_interior,crowd,threatening,bystander,not_mentioned
https://www.reddit.com/r/TheMallWorld/comments/1fyd2as/strangest_and_most_detailed_dream/,loc_10_elevator_interior,other,confusing,guide,guiding
https://www.reddit.com/r/TheMallWorld/comments/1fyd2as/strangest_and_most_detailed_dream/,loc_11_level_14_fight_zone,friend,friendly,companion,not_mentioned
https://www.reddit.com/r/TheMallWorld/comments/1fyd2as/strangest_and_most_detailed_dream/,loc_11_level_14_fight_zone,stranger,hostile,chaser,not_mentioned
https://www.reddit.com/r/TheMallWorld/comments/1fyd2as/strangest_and_most_detailed_dream/,loc_11_level_14_fight_zone,stranger,friendly,other,not_mentioned
https://www.reddit.com/r/TheMallWorld/comments/1fyd2as/strangest_and_most_detailed_dream/,loc_11_level_14_fight_zone,stranger,hostile,chaser,not_mentioned
https://www.reddit.com/r/TheMallWorld/comments/1fyv7fu/dreams_kicking_me_out/,loc_3,threat,hostile,other,not_mentioned
https://www.reddit.com/r/TheMallWorld/comments/1fyv7fu/dreams_kicking_me_out/,loc_3,threat,threatening,other,not_mentioned
https://www.reddit.com/r/TheMallWorld/comments/1fyv7fu/dreams_kicking_me_out/,loc_3,threat,hostile,chaser,not_mentioned
https://www.reddit.com/r/TheMallWorld/comments/1fyxj9o/someone_took_me_here_last_night_what_a_wild/,loc_1,guide,friendly,guide,guiding
https://www.reddit.com/r/TheMallWorld/comments/1fyxj9o/someone_took_me_here_last_night_what_a_wild/,loc_1,guide,friendly,guide,guiding
https://www.reddit.com/r/TheMallWorld/comments/1fzw80w/i_think_my_dreams_have_been_invaded/,loc_2,guide,not_mentioned,guide,guiding
https://www.reddit.com/r/TheMallWorld/comments/1fzw80w/i_think_my_dreams_have_been_invaded/,loc_2,threat,watching,other,not_mentioned
https://www.reddit.com/r/TheMallWorld/comments/1fzw80w/i_think_my_dreams_have_been_invaded/,loc_4,threat,watching,other,not_mentioned
https://www.reddit.com/r/TheMallWorld/comments/1fzw80w/i_think_my_dreams_have_been_invaded/,loc_5,threat,not_mentioned,other,not_mentioned
https://www.reddit.com/r/TheMallWorld/comments/1fzw80w/i_think_my_dreams_have_been_invaded/,loc_2,threat,not_mentioned,other,not_mentioned
https://www.reddit.com/r/TheMallWorld/comments/1fzw80w/i_think_my_dreams_have_been_invaded/,loc_2,known_person,not_mentioned,companion,not_mentioned
https://www.reddit.com/r/TheMallWorld/comments/1fzzz14/places_ive_been_recently/,loc_6,threat,hostile,other,not_mentioned
https://www.reddit.com/r/TheMallWorld/comments/1fzzz14/places_ive_been_recently/,loc_6,other,neutral,companion,not_mentioned
https://www.reddit.com/r/TheMallWorld/comments/1fzzz14/places_ive_been_recently/,loc_7,other,neutral,companion,not_mentioned
https://www.reddit.com/r/TheMallWorld/comments/1fzzz14/places_ive_been_recently/,loc_11,stranger,neutral,staff,not_mentioned
https://www.reddit.com/r/TheMallWorld/comments/1g17rno/my_dreams/,loc_lake_middle,creature,threatening,other,not_mentioned
https://www.reddit.com/r/TheMallWorld/comments/1g17rno/my_dreams/,loc_neighbor_house,stranger,threatening,bystander,not_mentioned
https://www.reddit.com/r/TheMallWorld/comments/1g17rno/my_dreams/,loc_house_top_bedroom_unknown_man,stranger,neutral,bystander,not_mentioned
https://www.reddit.com/r/TheMallWorld/comments/1g1tmlq/the_beach_and_beach_house/,loc_4,stranger,unfriendly,other,not_mentioned
https://www.reddit.com/r/TheMallWorld/comments/1g1tmlq/the_beach_and_beach_house/,loc_4,stranger,unfriendly,other,not_mentioned
https://www.reddit.com/r/TheMallWorld/comments/1g43i6i/dreams_about_childhood_neighborhood_places_ive/,loc_4,known_person,not_mentioned,companion,not_mentioned
https://www.reddit.com/r/TheMallWorld/comments/1g43i6i/dreams_about_childhood_neighborhood_places_ive/,loc_10,other,hostile,other,not_mentioned
https://www.reddit.com/r/TheMallWorld/comments/1g45xn1/off_ramp_circular_mall/,loc_1,known_person,neutral,companion,not_mentioned
https://www.reddit.com/r/TheMallWorld/comments/1g45xn1/off_ramp_circular_mall/,loc_2,known_person,unfriendly,guide,guiding
https://www.reddit.com/r/TheMallWorld/comments/1g45xn1/off_ramp_circular_mall/,loc_2,known_person,neutral,guide,guiding
https://www.reddit.com/r/TheMallWorld/comments/1g499r3/airport_again_vivid/,loc_1,stranger,neutral,bystander,not_mentioned
https://www.reddit.com/r/TheMallWorld/comments/1g499r3/airport_again_vivid/,loc_1,stranger,neutral,bystander,not_mentioned
https://www.reddit.com/r/TheMallWorld/comments/1g499r3/airport_again_vivid/,loc_1,crowd,neutral,other,not_mentioned
https://www.reddit.com/r/TheMallWorld/comments/1g4a9u2/futuristic_fight_city/,loc_2,friend,not_mentioned,other,not_mentioned
https://www.reddit.com/r/TheMallWorld/comments/1g4a9u2/futuristic_fight_city/,loc_2,stranger,not_mentioned,other,not_mentioned
https://www.reddit.com/r/TheMallWorld/comments/1g4a9u2/futuristic_fight_city/,loc_2,stranger,hostile,other,not_mentioned
https://www.reddit.com/r/TheMallWorld/comments/1g4a9u2/futuristic_fight_city/,loc_2,stranger,not_mentioned,other,not_mentioned
https://www.reddit.com/r/TheMallWorld/comments/1g4a9u2/futuristic_fight_city/,loc_2,crowd,not_mentioned,other,not_mentioned
https://www.reddit.com/r/TheMallWorld/comments/1g4a9u2/futuristic_fight_city/,loc_5,crowd,not_mentioned,other,not_mentioned
https://www.reddit.com/r/TheMallWorld/comments/1g4a9u2/futuristic_fight_city/,loc_5,authority,not_mentioned,authority,observing
https://www.reddit.com/r/TheMallWorld/comments/1g4a9u2/futuristic_fight_city/,loc_6,crowd,hostile,other,not_mentioned
https://www.reddit.com/r/TheMallWorld/comments/1g4a9u2/futuristic_fight_city/,loc_6,authority,not_mentioned,authority,observing
https://www.reddit.com/r/TheMallWorld/comments/1g4a9u2/futuristic_fight_city/,loc_6,authority,hostile,authority,punitive
https://www.reddit.com/r/TheMallWorld/comments/1g4a9u2/futuristic_fight_city/,loc_6,crowd,hostile,other,not_mentioned
https://www.reddit.com/r/TheMallWorld/comments/1g4a9u2/futuristic_fight_city/,loc_6,stranger,hostile,other,not_mentioned
https://www.reddit.com/r/TheMallWorld/comments/1g4a9u2/futuristic_fight_city/,loc_7,crowd,not_mentioned,other,not_mentioned
https://www.reddit.com/r/TheMallWorld/comments/1g55gcu/my_first_story_on_this_sub/,loc_2,crowd,neutral,bystander,not_mentioned
https://www.reddit.com/r/TheMallWorld/comments/1g55gcu/my_first_story_on_this_sub/,loc_4,crowd,neutral,customer,not_mentioned
https://www.reddit.com/r/TheMallWorld/comments/1g55gcu/my_first_story_on_this_sub/,loc_4,authority,hostile,security,punitive
https://www.reddit.com/r/TheMallWorld/comments/1g593id/my_mall_world_experience/,loc_3,crowd,not_mentioned,staff,not_mentioned
https://www.reddit.com/r/TheMallWorld/comments/1g593id/my_mall_world_experience/,loc_1,stranger,friendly,other,not_mentioned
https://www.reddit.com/r/TheMallWorld/comments/1g593id/my_mall_world_experience/,loc_6,deceased,not_mentioned,other,not_mentioned
https://www.reddit.com/r/TheMallWorld/comments/1g6igin/huge_white_lobby_and_endless_hallways/,loc_1,crowd,watching,bystander,not_mentioned
https://www.reddit.com/r/TheMallWorld/comments/1g6igin/huge_white_lobby_and_endless_hallways/,loc_2,authority,neutral,staff,observing
https://www.reddit.com/r/TheMallWorld/comments/1g8vem7/past_lives_at_the_mall/,loc_4,stranger,friendly,other,not_mentioned
https://www.reddit.com/r/TheMallWorld/comments/1g9hzr5/violence/,loc_1,stranger,hostile,other,not_mentioned
https://www.reddit.com/r/TheMallWorld/comments/1g9hzr5/violence/,loc_1,stranger,not_mentioned,other,not_mentioned
https://www.reddit.com/r/TheMallWorld/comments/1g9hzr5/violence/,loc_1,stranger,not_mentioned,companion,not_mentioned
https://www.reddit.com/r/TheMallWorld/comments/1g9iwma/stolen_luggage_a_visit_to_the_subbasements/,loc_2,stranger,unfriendly,other,not_mentioned
https://www.reddit.com/r/TheMallWorld/comments/1g9iwma/stolen_luggage_a_visit_to_the_subbasements/,loc_2,stranger,unfriendly,other,not_mentioned
https://www.reddit.com/r/TheMallWorld/comments/1g9iwma/stolen_luggage_a_visit_to_the_subbasements/,loc_4,stranger,helpful,guide,guiding
https://www.reddit.com/r/TheMallWorld/comments/1g9iwma/stolen_luggage_a_visit_to_the_subbasements/,loc_3,stranger,unfriendly,cashier,not_mentioned
https://www.reddit.com/r/TheMallWorld/comments/1g9k6y0/going_out_in_mall_world/,loc_1,crowd,not_mentioned,other,not_mentioned
https://www.reddit.com/r/TheMallWorld/comments/1g9pphc/the_shanty_town/,loc_4,stranger,indifferent,bystander,not_mentioned
https://www.reddit.com/r/TheMallWorld/comments/1g9pphc/the_shanty_town/,loc_5,known_person,hostile,other,not_mentioned
https://www.reddit.com/r/TheMallWorld/comments/1g9pphc/the_shanty_town/,loc_5,known_person,hostile,other,not_mentioned
https://www.reddit.com/r/TheMallWorld/comments/1g9pphc/the_shanty_town/,loc_5,known_person,hostile,other,not_mentioned
https://www.reddit.com/r/TheMallWorld/comments/1g9pphc/the_shanty_town/,loc_5,known_person,not_mentioned,other,not_mentioned
https://www.reddit.com/r/TheMallWorld/comments/1gb51zh/looks_like_the_circus_is_in_town/,loc_4,crowd,neutral,customer,not_mentioned
https://www.reddit.com/r/TheMallWorld/comments/1gce3oy/the_hotel_pool_patio_with_sharks/,loc_1,crowd,neutral,bystander,not_mentioned
https://www.reddit.com/r/TheMallWorld/comments/1gce3oy/the_hotel_pool_patio_with_sharks/,loc_1,creature,threatening,other,not_mentioned
https://www.reddit.com/r/TheMallWorld/comments/1gce3oy/the_hotel_pool_patio_with_sharks/,loc_1,creature,threatening,other,not_mentioned
https://www.reddit.com/r/TheMallWorld/comments/1gce3oy/the_hotel_pool_patio_with_sharks/,loc_1,crowd,neutral,bystander,not_mentioned
https://www.reddit.com/r/TheMallWorld/comments/1gcnn6b/lake_resort_boat_docks/,loc_1,stranger,friendly,bystander,not_mentioned
https://www.reddit.com/r/TheMallWorld/comments/1gdjejj/anyone_have_any_experience_with_this/,loc_5,authority,unfriendly,blocker,blocking
https://www.reddit.com/r/TheMallWorld/comments/1gdjejj/anyone_have_any_experience_with_this/,loc_7,stranger,neutral,other,not_mentioned
https://www.reddit.com/r/TheMallWorld/comments/1gdjejj/anyone_have_any_experience_with_this/,loc_7,creature,indifferent,bystander,not_mentioned
https://www.reddit.com/r/TheMallWorld/comments/1gdjejj/anyone_have_any_experience_with_this/,loc_3,known_person,not_mentioned,other,not_mentioned
https://www.reddit.com/r/TheMallWorld/comments/1gdjejj/anyone_have_any_experience_with_this/,loc_7,guide,helpful,guide,guiding
https://www.reddit.com/r/TheMallWorld/comments/1gdjejj/anyone_have_any_experience_with_this/,loc_3,child,not_mentioned,other,not_mentioned
https://www.reddit.com/r/TheMallWorld/comments/1gegn2w/weird_ass_walmart_dreams/,loc_1,family_member,neutral,companion,not_mentioned
https://www.reddit.com/r/TheMallWorld/comments/1gegn2w/weird_ass_walmart_dreams/,loc_1,friend,not_mentioned,companion,not_mentioned
https://www.reddit.com/r/TheMallWorld/comments/1gegn2w/weird_ass_walmart_dreams/,loc_1,family_member,neutral,companion,not_mentioned
https://www.reddit.com/r/TheMallWorld/comments/1gf4f7m/i_dream_almost_every_night_about_the_same_places/,loc_office_building_maze,authority,hostile,security,pursuing
https://www.reddit.com/r/TheMallWorld/comments/1gfbd46/mall_world_i_think/,loc_4,friend,not_mentioned,companion,not_mentioned
https://www.reddit.com/r/TheMallWorld/comments/1gff7o5/military_like_feild_i_see_with_black_shipping/,loc_1,authority,threatening,security,pursuing
https://www.reddit.com/r/TheMallWorld/comments/1gfgcr1/has_anyone_seen_a_underground_spa_pool_room_in/,loc_2,stranger,confusing,bystander,not_mentioned
https://www.reddit.com/r/TheMallWorld/comments/1gfm4os/the_mall_world_i_know_is_hectic_and_fast_paced/,loc_1,crowd,neutral,bystander,not_mentioned
https://www.reddit.com/r/TheMallWorld/comments/1gfm4os/the_mall_world_i_know_is_hectic_and_fast_paced/,loc_1,crowd,neutral,bystander,not_mentioned
https://www.reddit.com/r/TheMallWorld/comments/1gfm4os/the_mall_world_i_know_is_hectic_and_fast_paced/,loc_1,threat,threatening,chaser,not_mentioned
https://www.reddit.com/r/TheMallWorld/comments/1gh3dui/strange_hospital/,loc_3,crowd,neutral,staff,not_mentioned
https://www.reddit.com/r/TheMallWorld/comments/1gh3dui/strange_hospital/,loc_3,creature,not_mentioned,other,not_mentioned
https://www.reddit.com/r/TheMallWorld/comments/1gh3dui/strange_hospital/,loc_3,creature,not_mentioned,other,not_mentioned
https://www.reddit.com/r/TheMallWorld/comments/1gh3dui/strange_hospital/,loc_3,authority,unfriendly,staff,not_mentioned
https://www.reddit.com/r/TheMallWorld/comments/1gh8o3v/my_soulmate_is_in_the_mall/,loc_1,crowd,threatening,chaser,pursuing
https://www.reddit.com/r/TheMallWorld/comments/1gh8o3v/my_soulmate_is_in_the_mall/,loc_1,threat,hostile,chaser,pursuing
https://www.reddit.com/r/TheMallWorld/comments/1gh8o3v/my_soulmate_is_in_the_mall/,loc_2,threat,not_mentioned,chaser,pursuing
https://www.reddit.com/r/TheMallWorld/comments/1gh8o3v/my_soulmate_is_in_the_mall/,loc_2,stranger,not_mentioned,bystander,not_mentioned
https://www.reddit.com/r/TheMallWorld/comments/1ghsm1w/flying_in_the_mall_world/,loc_1,crowd,neutral,other,not_mentioned
https://www.reddit.com/r/TheMallWorld/comments/1ghsm1w/flying_in_the_mall_world/,loc_3,crowd,confusing,customer,not_mentioned
https://www.reddit.com/r/TheMallWorld/comments/1ghsm1w/flying_in_the_mall_world/,loc_4,authority,hostile,security,pursuing
https://www.reddit.com/r/TheMallWorld/comments/1ghsm1w/flying_in_the_mall_world/,loc_4,crowd,hostile,other,not_mentioned
https://www.reddit.com/r/TheMallWorld/comments/1gihfe3/has_anyone_ever_wished_to_dream_of_someone_before/,loc_1,known_person,friendly,companion,not_mentioned
https://www.reddit.com/r/TheMallWorld/comments/1gihfe3/has_anyone_ever_wished_to_dream_of_someone_before/,loc_2,stranger,friendly,companion,not_mentioned
https://www.reddit.com/r/TheMallWorld/comments/1gil2l6/the_loop_highway/,loc_4,deceased,friendly,companion,not_mentioned
https://www.reddit.com/r/TheMallWorld/comments/1gil2l6/the_loop_highway/,loc_3,deceased,not_mentioned,bystander,not_mentioned
https://www.reddit.com/r/TheMallWorld/comments/1gil2l6/the_loop_highway/,loc_3,authority,not_mentioned,authority,observing
https://www.reddit.com/r/TheMallWorld/comments/1gispo7/hippy_commune_at_at_the_green_house_outer_skirts/,loc_1,crowd,neutral,other,not_mentioned
https://www.reddit.com/r/TheMallWorld/comments/1gj7uyf/food_music/,loc_3,known_person,friendly,companion,not_mentioned
https://www.reddit.com/r/TheMallWorld/comments/1gjm04v/i_keep_dreaming_about_the_same_house/,loc_4,threat,hostile,blocker,blocking
https://www.reddit.com/r/TheMallWorld/comments/1gjv4c1/being_someone_else/,loc_2,authority,neutral,teacher,observing
https://www.reddit.com/r/TheMallWorld/comments/1gjv4c1/being_someone_else/,loc_2,crowd,neutral,student,not_mentioned
https://www.reddit.com/r/TheMallWorld/comments/1gjxtr8/i_ended_up_in_the_wrong_auditorium_and_someone/,loc_1,crowd,neutral,bystander,not_mentioned
https://www.reddit.com/r/TheMallWorld/comments/1gjxtr8/i_ended_up_in_the_wrong_auditorium_and_someone/,loc_1,stranger,unfriendly,bystander,not_mentioned
https://www.reddit.com/r/TheMallWorld/comments/1gkt130/the_chase_led_to_soulmate/,loc_1,threat,hostile,chaser,pursuing
https://www.reddit.com/r/TheMallWorld/comments/1gkt130/the_chase_led_to_soulmate/,loc_2,threat,threatening,blocker,blocking
https://www.reddit.com/r/TheMallWorld/comments/1gkt130/the_chase_led_to_soulmate/,loc_4,stranger,watching,companion,not_mentioned
https://www.reddit.com/r/TheMallWorld/comments/1gkt130/the_chase_led_to_soulmate/,loc_5,family_member,neutral,bystander,not_mentioned
https://www.reddit.com/r/TheMallWorld/comments/1gkt130/the_chase_led_to_soulmate/,loc_5,stranger,neutral,other,not_mentioned
https://www.reddit.com/r/TheMallWorld/comments/1gljlum/cemeteries/,loc_2,crowd,neutral,customer,not_mentioned
https://www.reddit.com/r/TheMallWorld/comments/1gloam1/cruise_ship_outside_of_the_mall_this_is_new_for_me/,loc_1,stranger,helpful,companion,not_mentioned
https://www.reddit.com/r/TheMallWorld/comments/1gloam1/cruise_ship_outside_of_the_mall_this_is_new_for_me/,loc_2,stranger,unfriendly,cashier,not_mentioned
https://www.reddit.com/r/TheMallWorld/comments/1gltv5u/a_new_area_for_the_first_time_in_years_the_rusty/,loc_2,crowd,neutral,bystander,not_mentioned
https://www.reddit.com/r/TheMallWorld/comments/1gltv5u/a_new_area_for_the_first_time_in_years_the_rusty/,loc_2,crowd,confusing,bystander,not_mentioned
https://www.reddit.com/r/TheMallWorld/comments/1gly283/be_careful_down_by_the_beach_theyre_tagging_cars/,loc_1,threat,hostile,chaser,not_mentioned
https://www.reddit.com/r/TheMallWorld/comments/1gly283/be_careful_down_by_the_beach_theyre_tagging_cars/,loc_1,threat,hostile,chaser,not_mentioned
https://www.reddit.com/r/TheMallWorld/comments/1gly283/be_careful_down_by_the_beach_theyre_tagging_cars/,loc_1,threat,hostile,chaser,not_mentioned
https://www.reddit.com/r/TheMallWorld/comments/1gmctj0/what_do_you_guys_do_in_mall_world/,loc_3,stranger,confusing,other,not_mentioned
https://www.reddit.com/r/TheMallWorld/comments/1gmctj0/what_do_you_guys_do_in_mall_world/,loc_5,stranger,confusing,other,not_mentioned
https://www.reddit.com/r/TheMallWorld/comments/1gmctj0/what_do_you_guys_do_in_mall_world/,loc_2,stranger,unfriendly,other,not_mentioned
https://www.reddit.com/r/TheMallWorld/comments/1gmlrky/meet_up_update_octopus/,loc_1,stranger,confusing,other,not_mentioned
https://www.reddit.com/r/TheMallWorld/comments/1gmm01m/afircan_kings/,loc_1,stranger,friendly,companion,not_mentioned
https://www.reddit.com/r/TheMallWorld/comments/1gnfv9u/i_feel_like_im_going_crazy/,loc_2,authority,unfriendly,staff,observing
https://www.reddit.com/r/TheMallWorld/comments/1gnfv9u/i_feel_like_im_going_crazy/,loc_2,known_person,friendly,companion,not_mentioned
https://www.reddit.com/r/TheMallWorld/comments/1gnfv9u/i_feel_like_im_going_crazy/,loc_2,other,confusing,other,not_mentioned
https://www.reddit.com/r/TheMallWorld/comments/1gnfv9u/i_feel_like_im_going_crazy/,loc_3,known_person,neutral,guide,guiding
https://www.reddit.com/r/TheMallWorld/comments/1gnfv9u/i_feel_like_im_going_crazy/,loc_2,known_person,friendly,guide,guiding
https://www.reddit.com/r/TheMallWorld/comments/1gnfv9u/i_feel_like_im_going_crazy/,loc_2,known_person,friendly,companion,not_mentioned
https://www.reddit.com/r/TheMallWorld/comments/1gnfv9u/i_feel_like_im_going_crazy/,loc_1,creature,confusing,bystander,not_mentioned
https://www.reddit.com/r/TheMallWorld/comments/1gnfv9u/i_feel_like_im_going_crazy/,loc_3,crowd,neutral,bystander,not_mentioned
https://www.reddit.com/r/TheMallWorld/comments/1gnfv9u/i_feel_like_im_going_crazy/,loc_3,other,neutral,other,not_mentioned
https://www.reddit.com/r/TheMallWorld/comments/1go2uhw/cant_get_over_this_dream_and_its_been_years/,loc_1,other,not_mentioned,not_mentioned,not_mentioned
https://www.reddit.com/r/TheMallWorld/comments/1go2uhw/cant_get_over_this_dream_and_its_been_years/,loc_2,stranger,neutral,companion,not_mentioned
https://www.reddit.com/r/TheMallWorld/comments/1go2uhw/cant_get_over_this_dream_and_its_been_years/,loc_3,stranger,neutral,companion,not_mentioned
https://www.reddit.com/r/TheMallWorld/comments/1go2uhw/cant_get_over_this_dream_and_its_been_years/,loc_4,stranger,neutral,companion,not_mentioned
https://www.reddit.com/r/TheMallWorld/comments/1gocgri/can_anyone_relate/,loc_8,threat,threatening,chaser,not_mentioned
https://www.reddit.com/r/TheMallWorld/comments/1gocgri/can_anyone_relate/,loc_11,crowd,not_mentioned,bystander,not_mentioned
https://www.reddit.com/r/TheMallWorld/comments/1gocvw3/finally_woke_up_in_the_middle_of_one/,loc_2,authority,friendly,staff,guiding
https://www.reddit.com/r/TheMallWorld/comments/1gocvw3/finally_woke_up_in_the_middle_of_one/,loc_1,friend,friendly,companion,not_mentioned
https://www.reddit.com/r/TheMallWorld/comments/1gocvw3/finally_woke_up_in_the_middle_of_one/,loc_1,crowd,friendly,bystander,not_mentioned
https://www.reddit.com/r/TheMallWorld/comments/1goi4ru/dreams_about_the_streets_of_your_city_being/,loc_1,crowd,neutral,bystander,not_mentioned
https://www.reddit.com/r/TheMallWorld/comments/1gopj7n/details_i_noticed/,loc_2,stranger,threatening,bystander,not_mentioned
https://www.reddit.com/r/TheMallWorld/comments/1goy2uj/underneath_the_mall_is_a_cave_with_a_metal_dragon/,loc_2,crowd,threatening,chaser,not_mentioned
https://www.reddit.com/r/TheMallWorld/comments/1goy2uj/underneath_the_mall_is_a_cave_with_a_metal_dragon/,loc_4,known_person,neutral,companion,not_mentioned
https://www.reddit.com/r/TheMallWorld/comments/1goy2uj/underneath_the_mall_is_a_cave_with_a_metal_dragon/,loc_4,creature,threatening,other,not_mentioned
https://www.reddit.com/r/TheMallWorld/comments/1goy2uj/underneath_the_mall_is_a_cave_with_a_metal_dragon/,loc_4,creature,threatening,other,not_mentioned
https://www.reddit.com/r/TheMallWorld/comments/1goy2uj/underneath_the_mall_is_a_cave_with_a_metal_dragon/,loc_4,known_person,neutral,companion,not_mentioned
https://www.reddit.com/r/TheMallWorld/comments/1goy2uj/underneath_the_mall_is_a_cave_with_a_metal_dragon/,loc_5,crowd,indifferent,bystander,not_mentioned
https://www.reddit.com/r/TheMallWorld/comments/1goy2uj/underneath_the_mall_is_a_cave_with_a_metal_dragon/,loc_5,crowd,threatening,chaser,not_mentioned
https://www.reddit.com/r/TheMallWorld/comments/1goy2uj/underneath_the_mall_is_a_cave_with_a_metal_dragon/,loc_4,creature,hostile,other,punitive
https://www.reddit.com/r/TheMallWorld/comments/1gqchpi/working_in_mall_world_annoyed/,loc_1,stranger,unfriendly,other,not_mentioned
https://www.reddit.com/r/TheMallWorld/comments/1gqnhs5/a_big_house_with_a_large_second_floor_white_walls/,loc_1,deceased,threatening,other,not_mentioned
https://www.reddit.com/r/TheMallWorld/comments/1gqnhs5/a_big_house_with_a_large_second_floor_white_walls/,loc_1,deceased,threatening,chaser,not_mentioned
https://www.reddit.com/r/TheMallWorld/comments/1gqxroj/bakery/,loc_1,crowd,watching,customer,not_mentioned
https://www.reddit.com/r/TheMallWorld/comments/1gqye8c/spider_burritos/,loc_2,stranger,neutral,cashier,not_mentioned
https://www.reddit.com/r/TheMallWorld/comments/1gqye8c/spider_burritos/,loc_2,crowd,neutral,customer,not_mentioned
https://www.reddit.com/r/TheMallWorld/comments/1gqye8c/spider_burritos/,loc_2,creature,not_mentioned,other,not_mentioned
https://www.reddit.com/r/TheMallWorld/comments/1gqye8c/spider_burritos/,loc_2,crowd,friendly,customer,not_mentioned
https://www.reddit.com/r/TheMallWorld/comments/1gsbcrx/the_convention_center/,loc_14,crowd,neutral,bystander,not_mentioned
https://www.reddit.com/r/TheMallWorld/comments/1gsl7m8/dream_about_emptying_mall/,loc_1,crowd,indifferent,bystander,not_mentioned
https://www.reddit.com/r/TheMallWorld/comments/1gtjmbf/thoughts_about_my_mallworld_dreams/,loc_1,family_member,not_mentioned,companion,not_mentioned
https://www.reddit.com/r/TheMallWorld/comments/1gtjmbf/thoughts_about_my_mallworld_dreams/,loc_1,known_person,not_mentioned,bystander,not_mentioned
https://www.reddit.com/r/TheMallWorld/comments/1gtjmbf/thoughts_about_my_mallworld_dreams/,loc_1,friend,not_mentioned,bystander,not_mentioned
https://www.reddit.com/r/TheMallWorld/comments/1gtjmbf/thoughts_about_my_mallworld_dreams/,loc_1,stranger,not_mentioned,bystander,not_mentioned
https://www.reddit.com/r/TheMallWorld/comments/1gtjmbf/thoughts_about_my_mallworld_dreams/,loc_2,stranger,not_mentioned,staff,not_mentioned
https://www.reddit.com/r/TheMallWorld/comments/1gtmr54/because_semi_lucid_in_mall_world/,loc_1,stranger,confusing,companion,not_mentioned
https://www.reddit.com/r/TheMallWorld/comments/1gue15z/i_got_out_w_an_arm_full_of_maps/,loc_2,crowd,neutral,bystander,not_mentioned
https://www.reddit.com/r/TheMallWorld/comments/1gue15z/i_got_out_w_an_arm_full_of_maps/,loc_3,crowd,unfriendly,blocker,blocking
https://www.reddit.com/r/TheMallWorld/comments/1gue15z/i_got_out_w_an_arm_full_of_maps/,loc_1,authority,unfriendly,blocker,blocking
https://www.reddit.com/r/TheMallWorld/comments/1gue15z/i_got_out_w_an_arm_full_of_maps/,loc_1,crowd,neutral,customer,not_mentioned
https://www.reddit.com/r/TheMallWorld/comments/1gue9j9/mall_world_map/,loc_11,stranger,unfriendly,bystander,not_mentioned
https://www.reddit.com/r/TheMallWorld/comments/1gv074g/7_nights_ago/,loc_1,authority,not_mentioned,authority,blocking
https://www.reddit.com/r/TheMallWorld/comments/1gv074g/7_nights_ago/,loc_2,crowd,not_mentioned,other,not_mentioned
https://www.reddit.com/r/TheMallWorld/comments/1gv0mpb/weird_mall_dream_last_night/,loc_2,stranger,friendly,companion,not_mentioned
https://www.reddit.com/r/TheMallWorld/comments/1gv0mpb/weird_mall_dream_last_night/,loc_3,stranger,friendly,companion,not_mentioned
https://www.reddit.com/r/TheMallWorld/comments/1gv0mpb/weird_mall_dream_last_night/,loc_4,stranger,friendly,companion,not_mentioned
https://www.reddit.com/r/TheMallWorld/comments/1gv0mpb/weird_mall_dream_last_night/,loc_5,stranger,friendly,companion,not_mentioned
https://www.reddit.com/r/TheMallWorld/comments/1gvi2v5/red_staircase/,loc_1,threat,threatening,chaser,not_mentioned
https://www.reddit.com/r/TheMallWorld/comments/1gvi2v5/red_staircase/,loc_3,threat,not_mentioned,chaser,not_mentioned
https://www.reddit.com/r/TheMallWorld/comments/1gvief9/lazy_river_separate_from_the_water_park_by_the/,loc_2,crowd,not_mentioned,bystander,not_mentioned
https://www.reddit.com/r/TheMallWorld/comments/1gvief9/lazy_river_separate_from_the_water_park_by_the/,loc_2,authority,neutral,authority,guiding
https://www.reddit.com/r/TheMallWorld/comments/1gviql9/gas_station_convenience_store_in_woods/,loc_1,authority,neutral,staff,guiding
https://www.reddit.com/r/TheMallWorld/comments/1gviql9/gas_station_convenience_store_in_woods/,loc_1,authority,neutral,guide,guiding
https://www.reddit.com/r/TheMallWorld/comments/1gxh9pt/candles_witches_anyone_had_a_similar_mallworld/,loc_1,crowd,not_mentioned,bystander,not_mentioned
https://www.reddit.com/r/TheMallWorld/comments/1gxh9pt/candles_witches_anyone_had_a_similar_mallworld/,loc_1,crowd,neutral,companion,not_mentioned
https://www.reddit.com/r/TheMallWorld/comments/1gxh9pt/candles_witches_anyone_had_a_similar_mallworld/,loc_2,authority,threatening,authority,punitive
https://www.reddit.com/r/TheMallWorld/comments/1gxh9pt/candles_witches_anyone_had_a_similar_mallworld/,loc_2,authority,hostile,blocker,punitive
https://www.reddit.com/r/TheMallWorld/comments/1gyeyce/holeinthefloor_store_claustrophobic_elevator/,loc_3,authority,unfriendly,staff,pursuing
https://www.reddit.com/r/TheMallWorld/comments/1gyg0zi/high_rise_hotel_and_waterparks/,loc_3,family_member,friendly,companion,not_mentioned
https://www.reddit.com/r/TheMallWorld/comments/1gysvpo/here_you_can_have_this_because_im_about_to_wake_up/,loc_1,stranger,not_mentioned,other,not_mentioned
https://www.reddit.com/r/TheMallWorld/comments/1gyszh4/here_you_can_have_this_because_im_about_to_wake_up/,loc_1,stranger,not_mentioned,other,not_mentioned
https://www.reddit.com/r/TheMallWorld/comments/1gz9myk/dreaming_is_connecting_to_astral_realms_also_most/,loc_2,authority,threatening,authority,punitive
https://www.reddit.com/r/TheMallWorld/comments/1gzttsm/working_on_a_map/,loc_1,creature,hostile,chaser,not_mentioned
https://www.reddit.com/r/TheMallWorld/comments/1h28u4k/any_of_you_guys_ever_sitting_on_jumping_across/,loc_1,authority,threatening,chaser,pursuing
https://www.reddit.com/r/TheMallWorld/comments/1h2alwr/pandemonium_in_the_mall_world_last_night/,loc_1,authority,hostile,authority,punitive
https://www.reddit.com/r/TheMallWorld/comments/1h2alwr/pandemonium_in_the_mall_world_last_night/,loc_1,crowd,not_mentioned,bystander,not_mentioned
https://www.reddit.com/r/TheMallWorld/comments/1h2alwr/pandemonium_in_the_mall_world_last_night/,loc_2,authority,unfriendly,security,blocking
https://www.reddit.com/r/TheMallWorld/comments/1h2alwr/pandemonium_in_the_mall_world_last_night/,loc_2,stranger,not_mentioned,companion,not_mentioned
https://www.reddit.com/r/TheMallWorld/comments/1h34nba/my_dream_world_described_in_detail/,loc_1,crowd,not_mentioned,student,not_mentioned
https://www.reddit.com/r/TheMallWorld/comments/1h34nba/my_dream_world_described_in_detail/,loc_1,crowd,not_mentioned,student,not_mentioned
https://www.reddit.com/r/TheMallWorld/comments/1h34nba/my_dream_world_described_in_detail/,loc_9,crowd,not_mentioned,other,not_mentioned
https://www.reddit.com/r/TheMallWorld/comments/1h34nba/my_dream_world_described_in_detail/,loc_9,stranger,unfriendly,other,not_mentioned
https://www.reddit.com/r/TheMallWorld/comments/1h34nba/my_dream_world_described_in_detail/,loc_11a,crowd,not_mentioned,other,not_mentioned
https://www.reddit.com/r/TheMallWorld/comments/1h34nba/my_dream_world_described_in_detail/,loc_11a,crowd,not_mentioned,other,not_mentioned
https://www.reddit.com/r/TheMallWorld/comments/1h4c05v/new_house_lucid_dream/,loc_1,family_member,neutral,companion,not_mentioned
https://www.reddit.com/r/TheMallWorld/comments/1h4c05v/new_house_lucid_dream/,loc_2,crowd,neutral,bystander,not_mentioned
https://www.reddit.com/r/TheMallWorld/comments/1h4c05v/new_house_lucid_dream/,loc_4,family_member,not_mentioned,other,not_mentioned
https://www.reddit.com/r/TheMallWorld/comments/1h4c05v/new_house_lucid_dream/,loc_3,other,not_mentioned,other,not_mentioned
https://www.reddit.com/r/TheMallWorld/comments/1h4c05v/new_house_lucid_dream/,loc_5,other,unfriendly,other,not_mentioned
https://www.reddit.com/r/TheMallWorld/comments/1h4c3g1/library/,loc_1,crowd,indifferent,bystander,not_mentioned
https://www.reddit.com/r/TheMallWorld/comments/1h4h805/mysterious_library_from_nightmares/,loc_4,threat,hostile,chaser,not_mentioned
https://www.reddit.com/r/TheMallWorld/comments/1h5xwjh/little_shops_aircraft_hangar/,loc_1,authority,confusing,authority,observing
https://www.reddit.com/r/TheMallWorld/comments/1h6f3vw/mallworld_more_tech/,loc_2,stranger,neutral,other,not_mentioned
https://www.reddit.com/r/TheMallWorld/comments/1h6f3vw/mallworld_more_tech/,loc_2,crowd,indifferent,customer,not_mentioned
https://www.reddit.com/r/TheMallWorld/comments/1h6f6h7/anyone_hear_my_speech/,loc_1,crowd,friendly,bystander,not_mentioned
https://www.reddit.com/r/TheMallWorld/comments/1h6rf0x/waiting_in_line_world_ending_what_is_the_ride/,loc_1,family_member,not_mentioned,companion,not_mentioned
https://www.reddit.com/r/TheMallWorld/comments/1h6rf0x/waiting_in_line_world_ending_what_is_the_ride/,loc_2,crowd,not_mentioned,bystander,not_mentioned
https://www.reddit.com/r/TheMallWorld/comments/1h6yvwc/i_experienced_the_war_breaking_out_in_the_astrals/,loc_1,other,neutral,other,not_mentioned
https://www.reddit.com/r/TheMallWorld/comments/1h6yvwc/i_experienced_the_war_breaking_out_in_the_astrals/,loc_2,crowd,not_mentioned,customer,not_mentioned
https://www.reddit.com/r/TheMallWorld/comments/1h6yvwc/i_experienced_the_war_breaking_out_in_the_astrals/,loc_3,stranger,friendly,other,not_mentioned
https://www.reddit.com/r/TheMallWorld/comments/1h6yvwc/i_experienced_the_war_breaking_out_in_the_astrals/,loc_3,crowd,friendly,customer,not_mentioned
https://www.reddit.com/r/TheMallWorld/comments/1h78lxc/work_in_progress_in_my_mall_world/,loc_2,authority,neutral,blocker,blocking
https://www.reddit.com/r/TheMallWorld/comments/1h7ayyj/cobblers/,loc_1,crowd,neutral,customer,not_mentioned
https://www.reddit.com/r/TheMallWorld/comments/1h7damh/we_only_remember_everything_about_mallworld/,loc_1,stranger,not_mentioned,companion,not_mentioned
https://www.reddit.com/r/TheMallWorld/comments/1h7eube/a_group_game_of_tag_through_many_floors_of/,loc_1,threat,threatening,chaser,not_mentioned
https://www.reddit.com/r/TheMallWorld/comments/1h7eube/a_group_game_of_tag_through_many_floors_of/,loc_1,crowd,confusing,other,not_mentioned
https://www.reddit.com/r/TheMallWorld/comments/1h9hpm8/strange_experience_psychological_changes_a_dream/,loc_4,threat,unfriendly,blocker,blocking
https://www.reddit.com/r/TheMallWorld/comments/1h9hpm8/strange_experience_psychological_changes_a_dream/,loc_4,known_person,unfriendly,authority,blocking
https://www.reddit.com/r/TheMallWorld/comments/1h9hpm8/strange_experience_psychological_changes_a_dream/,loc_4,threat,unfriendly,other,not_mentioned
https://www.reddit.com/r/TheMallWorld/comments/1h9hpm8/strange_experience_psychological_changes_a_dream/,loc_4,known_person,unfriendly,authority,not_mentioned
https://www.reddit.com/r/TheMallWorld/comments/1h9hpm8/strange_experience_psychological_changes_a_dream/,loc_7,stranger,neutral,other,not_mentioned
https://www.reddit.com/r/TheMallWorld/comments/1h9hpm8/strange_experience_psychological_changes_a_dream/,loc_7,stranger,unfriendly,other,not_mentioned
https://www.reddit.com/r/TheMallWorld/comments/1ha0jz3/underwater_training/,loc_2,authority,hostile,authority,punitive
https://www.reddit.com/r/TheMallWorld/comments/1ha0jz3/underwater_training/,loc_3,authority,unfriendly,guide,blocking
https://www.reddit.com/r/TheMallWorld/comments/1ha0jz3/underwater_training/,loc_4,crowd,helpful,companion,not_mentioned
https://www.reddit.com/r/TheMallWorld/comments/1ha0jz3/underwater_training/,loc_4,stranger,neutral,companion,not_mentioned
https://www.reddit.com/r/TheMallWorld/comments/1ha0jz3/underwater_training/,loc_4,authority,unfriendly,teacher,blocking
https://www.reddit.com/r/TheMallWorld/comments/1ha0jz3/underwater_training/,loc_4,stranger,helpful,staff,guiding
https://www.reddit.com/r/TheMallWorld/comments/1ha0jz3/underwater_training/,loc_5,authority,neutral,authority,guiding
https://www.reddit.com/r/TheMallWorld/comments/1ha3csu/the_dream_that_brought_me_into_mallworld/,loc_1,stranger,confusing,other,not_mentioned
https://www.reddit.com/r/TheMallWorld/comments/1ha3csu/the_dream_that_brought_me_into_mallworld/,loc_2,stranger,unfriendly,other,not_mentioned
https://www.reddit.com/r/TheMallWorld/comments/1ha3csu/the_dream_that_brought_me_into_mallworld/,loc_2,crowd,watching,bystander,not_mentioned
https://www.reddit.com/r/TheMallWorld/comments/1hblyf2/mallworld_was_attacked_last_night/,loc_1,friend,helpful,companion,not_mentioned
https://www.reddit.com/r/TheMallWorld/comments/1hblyf2/mallworld_was_attacked_last_night/,loc_1,other,not_mentioned,other,not_mentioned
https://www.reddit.com/r/TheMallWorld/comments/1hcb9zk/welcomed_back_with_an_elevator_ride_to_vip_mashed/,loc_mall_world_general,authority,not_mentioned,blocker,blocking
https://www.reddit.com/r/TheMallWorld/comments/1hcb9zk/welcomed_back_with_an_elevator_ride_to_vip_mashed/,loc_wonka_elevator_private,guide,helpful,guide,guiding
https://www.reddit.com/r/TheMallWorld/comments/1hcb9zk/welcomed_back_with_an_elevator_ride_to_vip_mashed/,loc_vip_bar,stranger,neutral,staff,not_mentioned
https://www.reddit.com/r/TheMallWorld/comments/1hcb9zk/welcomed_back_with_an_elevator_ride_to_vip_mashed/,loc_vip_bar,authority,hostile,staff,punitive
https://www.reddit.com/r/TheMallWorld/comments/1hcb9zk/welcomed_back_with_an_elevator_ride_to_vip_mashed/,loc_vip_bar,crowd,unfriendly,bystander,not_mentioned
https://www.reddit.com/r/TheMallWorld/comments/1hd1fdp/laboratory_medical_center_dream/,loc_1,authority,hostile,staff,punitive
https://www.reddit.com/r/TheMallWorld/comments/1hd1fdp/laboratory_medical_center_dream/,loc_1,stranger,not_mentioned,other,not_mentioned
https://www.reddit.com/r/TheMallWorld/comments/1hd1fdp/laboratory_medical_center_dream/,loc_1,authority,confusing,staff,punitive
https://www.reddit.com/r/TheMallWorld/comments/1hd1fdp/laboratory_medical_center_dream/,loc_1,stranger,not_mentioned,other,not_mentioned
https://www.reddit.com/r/TheMallWorld/comments/1hdfsov/lol_grannies_in_mall/,loc_1,crowd,friendly,bystander,not_mentioned
https://www.reddit.com/r/TheMallWorld/comments/1hfiihy/library/,loc_1,authority,neutral,teacher,guiding
https://www.reddit.com/r/TheMallWorld/comments/1hfiihy/library/,loc_1,authority,neutral,teacher,guiding
https://www.reddit.com/r/TheMallWorld/comments/1hg2qeg/sometime_they_are_back_in_our_dreams/,loc_1,known_person,friendly,companion,not_mentioned
https://www.reddit.com/r/TheMallWorld/comments/1hg9aa5/multiple_occupancy/,loc_3,other,watching,other,not_mentioned
https://www.reddit.com/r/TheMallWorld/comments/1hg9aa5/multiple_occupancy/,loc_4,stranger,helpful,staff,not_mentioned
https://www.reddit.com/r/TheMallWorld/comments/1hg9aa5/multiple_occupancy/,loc_4,authority,threatening,authority,blocking
https://www.reddit.com/r/TheMallWorld/comments/1hg9aa5/multiple_occupancy/,loc_6,creature,hostile,other,not_mentioned
https://www.reddit.com/r/TheMallWorld/comments/1hgc6so/guy_ferrari/,loc_1,authority,unfriendly,staff,blocking
https://www.reddit.com/r/TheMallWorld/comments/1hgc6so/guy_ferrari/,loc_2,known_person,not_mentioned,other,not_mentioned
https://www.reddit.com/r/TheMallWorld/comments/1hgc6so/guy_ferrari/,loc_2,authority,friendly,security,guiding
https://www.reddit.com/r/TheMallWorld/comments/1hguoxx/migration_center_and_people_downstairs/,loc_1,known_person,confusing,other,not_mentioned
https://www.reddit.com/r/TheMallWorld/comments/1hguoxx/migration_center_and_people_downstairs/,loc_1,child,not_mentioned,other,not_mentioned
https://www.reddit.com/r/TheMallWorld/comments/1hguoxx/migration_center_and_people_downstairs/,loc_1,child,not_mentioned,other,not_mentioned
https://www.reddit.com/r/TheMallWorld/comments/1hguoxx/migration_center_and_people_downstairs/,loc_1,known_person,neutral,other,not_mentioned
https://www.reddit.com/r/TheMallWorld/comments/1hguoxx/migration_center_and_people_downstairs/,loc_3,threat,hostile,blocker,blocking
https://www.reddit.com/r/TheMallWorld/comments/1hguoxx/migration_center_and_people_downstairs/,loc_3,child,not_mentioned,other,not_mentioned
https://www.reddit.com/r/TheMallWorld/comments/1hguoxx/migration_center_and_people_downstairs/,loc_1,stranger,helpful,guide,guiding
https://www.reddit.com/r/TheMallWorld/comments/1hguoxx/migration_center_and_people_downstairs/,loc_1,stranger,neutral,bystander,not_mentioned
https://www.reddit.com/r/TheMallWorld/comments/1hguoxx/migration_center_and_people_downstairs/,loc_1,stranger,confusing,guide,guiding
https://www.reddit.com/r/TheMallWorld/comments/1hguoxx/migration_center_and_people_downstairs/,loc_1,stranger,helpful,guide,guiding
https://www.reddit.com/r/TheMallWorld/comments/1hguoxx/migration_center_and_people_downstairs/,loc_5,crowd,neutral,bystander,not_mentioned
https://www.reddit.com/r/TheMallWorld/comments/1hguoxx/migration_center_and_people_downstairs/,loc_5,stranger,neutral,other,not_mentioned
https://www.reddit.com/r/TheMallWorld/comments/1hh4s23/how_many_of_you_have_been_to_the_airport/,loc_1,known_person,neutral,bystander,not_mentioned
https://www.reddit.com/r/TheMallWorld/comments/1hhl7fw/rocket_trips/,loc_5,friend,friendly,companion,not_mentioned
https://www.reddit.com/r/TheMallWorld/comments/1hicejq/intense_dream/,loc_1,crowd,neutral,companion,not_mentioned
https://www.reddit.com/r/TheMallWorld/comments/1hicejq/intense_dream/,loc_4,stranger,threatening,other,not_mentioned
https://www.reddit.com/r/TheMallWorld/comments/1hicejq/intense_dream/,loc_5,threat,threatening,chaser,not_mentioned
https://www.reddit.com/r/TheMallWorld/comments/1hicejq/intense_dream/,loc_6,threat,hostile,chaser,not_mentioned
https://www.reddit.com/r/TheMallWorld/comments/1hijsre/scary_vibes_and_war_like_vibes/,loc_2,family_member,not_mentioned,companion,not_mentioned
https://www.reddit.com/r/TheMallWorld/comments/1hijsre/scary_vibes_and_war_like_vibes/,loc_1,crowd,threatening,bystander,not_mentioned
https://www.reddit.com/r/TheMallWorld/comments/1hijsre/scary_vibes_and_war_like_vibes/,loc_3,crowd,not_mentioned,other,not_mentioned
https://www.reddit.com/r/TheMallWorld/comments/1hj0rk8/anyone_else_its_always_night_time_i_never_see/,loc_10,crowd,neutral,bystander,not_mentioned
https://www.reddit.com/r/TheMallWorld/comments/1hj0rk8/anyone_else_its_always_night_time_i_never_see/,loc_1,stranger,neutral,companion,not_mentioned
https://www.reddit.com/r/TheMallWorld/comments/1hj6cjn/tonight_i_found_your_subreddit_and_yes_ive_been/,loc_1,crowd,friendly,other,not_mentioned
https://www.reddit.com/r/TheMallWorld/comments/1hj6xr8/not_sure_if_its_the_mallworld/,loc_1,stranger,unfriendly,other,not_mentioned
https://www.reddit.com/r/TheMallWorld/comments/1hj6xr8/not_sure_if_its_the_mallworld/,loc_1,stranger,hostile,other,not_mentioned
https://www.reddit.com/r/TheMallWorld/comments/1hj6xr8/not_sure_if_its_the_mallworld/,loc_1,authority,threatening,authority,not_mentioned
https://www.reddit.com/r/TheMallWorld/comments/1hj6xr8/not_sure_if_its_the_mallworld/,loc_6,other,neutral,other,not_mentioned
https://www.reddit.com/r/TheMallWorld/comments/1hj9lgf/have_we_seen_the_same_thing/,loc_school_1,crowd,not_mentioned,other,not_mentioned
https://www.reddit.com/r/TheMallWorld/comments/1hj9lgf/have_we_seen_the_same_thing/,loc_park_festival_1,creature,neutral,bystander,not_mentioned
https://www.reddit.com/r/TheMallWorld/comments/1hk6z9c/zombies_at_the_movies/,loc_4,crowd,indifferent,bystander,not_mentioned
https://www.reddit.com/r/TheMallWorld/comments/1hk6z9c/zombies_at_the_movies/,loc_4,threat,hostile,other,not_mentioned
https://www.reddit.com/r/TheMallWorld/comments/1hk6z9c/zombies_at_the_movies/,loc_5,authority,neutral,other,observing
https://www.reddit.com/r/TheMallWorld/comments/1hk6z9c/zombies_at_the_movies/,loc_5,authority,neutral,other,observing
https://www.reddit.com/r/TheMallWorld/comments/1hkkhmv/anyone_else_i_visit_the_same_place_every_night/,loc_1,known_person,not_mentioned,not_mentioned,not_mentioned
https://www.reddit.com/r/TheMallWorld/comments/1hkkhmv/anyone_else_i_visit_the_same_place_every_night/,loc_1,threat,threatening,other,not_mentioned
https://www.reddit.com/r/TheMallWorld/comments/1hkotjn/ive_found_my_people/,loc_1,authority,not_mentioned,security,observing
https://www.reddit.com/r/TheMallWorld/comments/1hkzqnu/this_sub_is_weird/,loc_1,crowd,friendly,companion,not_mentioned
https://www.reddit.com/r/TheMallWorld/comments/1hlbsrx/so_glad_you_guys_are_there_too/,loc_unspecified_mallworld_social,known_person,not_mentioned,not_mentioned,not_mentioned
https://www.reddit.com/r/TheMallWorld/comments/1hlbsrx/so_glad_you_guys_are_there_too/,loc_unspecified_mallworld_crowd,crowd,indifferent,bystander,not_mentioned
https://www.reddit.com/r/TheMallWorld/comments/1hlbsrx/so_glad_you_guys_are_there_too/,loc_unspecified_mallworld_roles,stranger,not_mentioned,staff,not_mentioned
https://www.reddit.com/r/TheMallWorld/comments/1hlbsrx/so_glad_you_guys_are_there_too/,loc_unspecified_mallworld_roles,authority,not_mentioned,security,not_mentioned
https://www.reddit.com/r/TheMallWorld/comments/1hlbsrx/so_glad_you_guys_are_there_too/,loc_unspecified_mallworld_roles,guide,not_mentioned,guide,guiding
https://www.reddit.com/r/TheMallWorld/comments/1hlbsrx/so_glad_you_guys_are_there_too/,loc_unspecified_mallworld_roles,other,not_mentioned,other,not_mentioned
https://www.reddit.com/r/TheMallWorld/comments/1hlqoj8/serial_killer/,loc_1,threat,threatening,chaser,not_mentioned
https://www.reddit.com/r/TheMallWorld/comments/1hlqoj8/serial_killer/,loc_1,stranger,helpful,guide,not_mentioned
https://www.reddit.com/r/TheMallWorld/comments/1hlqoj8/serial_killer/,loc_2,threat,threatening,chaser,not_mentioned
https://www.reddit.com/r/TheMallWorld/comments/1hlqoj8/serial_killer/,loc_2,stranger,helpful,guide,not_mentioned
https://www.reddit.com/r/TheMallWorld/comments/1hlqoj8/serial_killer/,loc_3,threat,threatening,chaser,not_mentioned
https://www.reddit.com/r/TheMallWorld/comments/1hlqoj8/serial_killer/,loc_3,stranger,helpful,guide,not_mentioned
https://www.reddit.com/r/TheMallWorld/comments/1hlqoj8/serial_killer/,loc_4,threat,threatening,chaser,not_mentioned
https://www.reddit.com/r/TheMallWorld/comments/1hlqoj8/serial_killer/,loc_4,stranger,helpful,guide,not_mentioned
https://www.reddit.com/r/TheMallWorld/comments/1hma23e/had_a_dream_friend_give_me_a_tour_of_the_dream/,loc_2,stranger,friendly,companion,not_mentioned
https://www.reddit.com/r/TheMallWorld/comments/1hn8wm3/anyone_in_mallworld_last_night_get_trapped_in_an/,loc_1,stranger,hostile,other,not_mentioned
https://www.reddit.com/r/TheMallWorld/comments/1hn8wm3/anyone_in_mallworld_last_night_get_trapped_in_an/,loc_1,crowd,confusing,other,not_mentioned
https://www.reddit.com/r/TheMallWorld/comments/1hn9g2y/my_mall_is_falling_apart/,loc_2,stranger,unfriendly,staff,not_mentioned
https://www.reddit.com/r/TheMallWorld/comments/1hn9g2y/my_mall_is_falling_apart/,loc_1,family_member,neutral,companion,not_mentioned
https://www.reddit.com/r/TheMallWorld/comments/1hn9g2y/my_mall_is_falling_apart/,loc_1,family_member,neutral,companion,not_mentioned
https://www.reddit.com/r/TheMallWorld/comments/1hn9g2y/my_mall_is_falling_apart/,loc_1,family_member,neutral,companion,not_mentioned
https://www.reddit.com/r/TheMallWorld/comments/1hn9g2y/my_mall_is_falling_apart/,loc_3,crowd,hostile,bystander,not_mentioned
https://www.reddit.com/r/TheMallWorld/comments/1hngkh3/pig_people_succubis/,loc_1,threat,threatening,other,not_mentioned
https://www.reddit.com/r/TheMallWorld/comments/1hnmq59/mall_world_tech/,loc_5,crowd,friendly,bystander,not_mentioned
https://www.reddit.com/r/TheMallWorld/comments/1hnmq59/mall_world_tech/,loc_5,stranger,friendly,other,not_mentioned
https://www.reddit.com/r/TheMallWorld/comments/1ho1ntz/dream_of_weird_food_concession_stand_school_dream/,loc_1,authority,hostile,security,pursuing
https://www.reddit.com/r/TheMallWorld/comments/1ho1ntz/dream_of_weird_food_concession_stand_school_dream/,loc_2,stranger,friendly,cashier,not_mentioned
https://www.reddit.com/r/TheMallWorld/comments/1ho1ntz/dream_of_weird_food_concession_stand_school_dream/,loc_2,authority,hostile,security,pursuing
https://www.reddit.com/r/TheMallWorld/comments/1ho1ntz/dream_of_weird_food_concession_stand_school_dream/,loc_1,crowd,not_mentioned,other,not_mentioned
https://www.reddit.com/r/TheMallWorld/comments/1hobdjk/indoor_waterparks/,loc_8,creature,hostile,other,not_mentioned
https://www.reddit.com/r/TheMallWorld/comments/1hobdjk/indoor_waterparks/,loc_8,creature,neutral,other,not_mentioned
https://www.reddit.com/r/TheMallWorld/comments/1hoi04i/stations_gardens_and_stars/,loc_1,watcher,neutral,bystander,not_mentioned
https://www.reddit.com/r/TheMallWorld/comments/1hop4mx/a_strange_night_with_the_1800_club/,loc_2,crowd,neutral,other,not_mentioned
https://www.reddit.com/r/TheMallWorld/comments/1hop4mx/a_strange_night_with_the_1800_club/,loc_2,other,confusing,other,not_mentioned
https://www.reddit.com/r/TheMallWorld/comments/1hop4mx/a_strange_night_with_the_1800_club/,loc_2,crowd,neutral,other,not_mentioned
https://www.reddit.com/r/TheMallWorld/comments/1hop4mx/a_strange_night_with_the_1800_club/,loc_2,crowd,neutral,other,not_mentioned
https://www.reddit.com/r/TheMallWorld/comments/1hop4mx/a_strange_night_with_the_1800_club/,loc_3,crowd,neutral,bystander,not_mentioned
https://www.reddit.com/r/TheMallWorld/comments/1hop4mx/a_strange_night_with_the_1800_club/,loc_3,other,confusing,other,not_mentioned
https://www.reddit.com/r/TheMallWorld/comments/1hqmbcz/crazy_dreams/,loc_3,other,helpful,other,not_mentioned
https://www.reddit.com/r/TheMallWorld/comments/1hqwgay/sri_lanka_my_first_mall_world_vist_ever_scotland/,loc_1,stranger,neutral,other,not_mentioned
https://www.reddit.com/r/TheMallWorld/comments/1hqwgay/sri_lanka_my_first_mall_world_vist_ever_scotland/,loc_1,stranger,confusing,bystander,not_mentioned
https://www.reddit.com/r/TheMallWorld/comments/1hqwgay/sri_lanka_my_first_mall_world_vist_ever_scotland/,loc_1,crowd,neutral,bystander,not_mentioned
https://www.reddit.com/r/TheMallWorld/comments/1hqwgay/sri_lanka_my_first_mall_world_vist_ever_scotland/,loc_1,stranger,unfriendly,other,not_mentioned
https://www.reddit.com/r/TheMallWorld/comments/1hqwgay/sri_lanka_my_first_mall_world_vist_ever_scotland/,loc_2,known_person,friendly,companion,not_mentioned
https://www.reddit.com/r/TheMallWorld/comments/1hrkc9w/last_night_was_crazy/,loc_1,crowd,not_mentioned,bystander,not_mentioned
https://www.reddit.com/r/TheMallWorld/comments/1hrq8pv/train_station/,loc_6,crowd,unfriendly,bystander,not_mentioned
https://www.reddit.com/r/TheMallWorld/comments/1hrtvpx/animals_in_mallworld/,loc_1_rising_river_area,other,not_mentioned,not_mentioned,not_mentioned
https://www.reddit.com/r/TheMallWorld/comments/1hrtvpx/animals_in_mallworld/,loc_1_rising_river_area,child,helpful,companion,not_mentioned
https://www.reddit.com/r/TheMallWorld/comments/1hrtvpx/animals_in_mallworld/,loc_2_the_resort_beach,authority,unfriendly,authority,blocking
https://www.reddit.com/r/TheMallWorld/comments/1hrtvpx/animals_in_mallworld/,loc_3_known_places_search_area,other,threatening,authority,pursuing
https://www.reddit.com/r/TheMallWorld/comments/1hs7g94/blackouts_prepper_shopping/,loc_1,authority,neutral,staff,guiding
https://www.reddit.com/r/TheMallWorld/comments/1hs7g94/blackouts_prepper_shopping/,loc_1,crowd,confusing,customer,not_mentioned
https://www.reddit.com/r/TheMallWorld/comments/1hs7g94/blackouts_prepper_shopping/,loc_1,crowd,hostile,customer,not_mentioned
https://www.reddit.com/r/TheMallWorld/comments/1ht4i8w/reoccurring_beach_hotel/,loc_7,creature,hostile,other,not_mentioned
https://www.reddit.com/r/TheMallWorld/comments/1htxrrb/new_to_this_sub_but_has_anyone_had_the_store_dream/,loc_1,creature,not_mentioned,other,not_mentioned
https://www.reddit.com/r/TheMallWorld/comments/1htxrrb/new_to_this_sub_but_has_anyone_had_the_store_dream/,loc_2,creature,not_mentioned,other,not_mentioned
https://www.reddit.com/r/TheMallWorld/comments/1htxrrb/new_to_this_sub_but_has_anyone_had_the_store_dream/,loc_2,other,not_mentioned,other,not_mentioned
https://www.reddit.com/r/TheMallWorld/comments/1htygho/moving/,loc_2,stranger,not_mentioned,companion,not_mentioned
https://www.reddit.com/r/TheMallWorld/comments/1hu8vcf/finally_back_to_mall_world_but_full_of_people/,loc_2,stranger,not_mentioned,other,not_mentioned
https://www.reddit.com/r/TheMallWorld/comments/1huypik/some_of_the_things_i_see_regularly/,loc_8,creature,not_mentioned,not_mentioned,not_mentioned
https://www.reddit.com/r/TheMallWorld/comments/1huypik/some_of_the_things_i_see_regularly/,loc_8,creature,not_mentioned,not_mentioned,not_mentioned
https://www.reddit.com/r/TheMallWorld/comments/1huypik/some_of_the_things_i_see_regularly/,loc_8,creature,not_mentioned,not_mentioned,not_mentioned
https://www.reddit.com/r/TheMallWorld/comments/1huypik/some_of_the_things_i_see_regularly/,loc_9,other,threatening,not_mentioned,not_mentioned
https://www.reddit.com/r/TheMallWorld/comments/1hvbbiq/dreamt_i_was_trapped_in_the_polishrussian/,loc_4,stranger,helpful,guide,not_mentioned
https://www.reddit.com/r/TheMallWorld/comments/1hvbbiq/dreamt_i_was_trapped_in_the_polishrussian/,loc_5,friend,neutral,other,not_mentioned
https://www.reddit.com/r/TheMallWorld/comments/1hvbbiq/dreamt_i_was_trapped_in_the_polishrussian/,loc_5,stranger,friendly,other,not_mentioned
https://www.reddit.com/r/TheMallWorld/comments/1hvbovf/cabin_in_the_forest_dream_continued/,loc_1,crowd,helpful,companion,not_mentioned
https://www.reddit.com/r/TheMallWorld/comments/1hvbovf/cabin_in_the_forest_dream_continued/,loc_1,crowd,helpful,companion,not_mentioned
https://www.reddit.com/r/TheMallWorld/comments/1hvbovf/cabin_in_the_forest_dream_continued/,loc_1,crowd,neutral,bystander,not_mentioned
https://www.reddit.com/r/TheMallWorld/comments/1hvbovf/cabin_in_the_forest_dream_continued/,loc_1,crowd,helpful,companion,not_mentioned
https://www.reddit.com/r/TheMallWorld/comments/1hvbovf/cabin_in_the_forest_dream_continued/,loc_2,crowd,neutral,companion,not_mentioned
https://www.reddit.com/r/TheMallWorld/comments/1hvh4a4/scary_mallworld/,loc_6,crowd,neutral,customer,not_mentioned
https://www.reddit.com/r/TheMallWorld/comments/1hvh4a4/scary_mallworld/,loc_1,threat,threatening,chaser,not_mentioned
https://www.reddit.com/r/TheMallWorld/comments/1hvh4a4/scary_mallworld/,loc_12,crowd,neutral,companion,not_mentioned
https://www.reddit.com/r/TheMallWorld/comments/1hvo7tc/i_had_a_peculiar_mall_world_experience_last_night/,loc_1,stranger,not_mentioned,companion,not_mentioned
https://www.reddit.com/r/TheMallWorld/comments/1hwfvs8/how_being_bullied_ended_up_in_me_being_persecuted/,loc_2,threat,hostile,other,not_mentioned
https://www.reddit.com/r/TheMallWorld/comments/1hwfvs8/how_being_bullied_ended_up_in_me_being_persecuted/,loc_3,authority,unfriendly,authority,punitive
https://www.reddit.com/r/TheMallWorld/comments/1hwfvs8/how_being_bullied_ended_up_in_me_being_persecuted/,loc_4,authority,confusing,security,pursuing
https://www.reddit.com/r/TheMallWorld/comments/1hwfvs8/how_being_bullied_ended_up_in_me_being_persecuted/,loc_4,stranger,not_mentioned,bystander,not_mentioned
https://www.reddit.com/r/TheMallWorld/comments/1hwfvs8/how_being_bullied_ended_up_in_me_being_persecuted/,loc_4,authority,threatening,security,pursuing
https://www.reddit.com/r/TheMallWorld/comments/1hwfvs8/how_being_bullied_ended_up_in_me_being_persecuted/,loc_5,authority,watching,security,observing
https://www.reddit.com/r/TheMallWorld/comments/1hwfvs8/how_being_bullied_ended_up_in_me_being_persecuted/,loc_5,crowd,indifferent,bystander,not_mentioned
https://www.reddit.com/r/TheMallWorld/comments/1hwseip/playing_dnd_in_the_game_shop/,loc_1,other,not_mentioned,other,not_mentioned
https://www.reddit.com/r/TheMallWorld/comments/1hwseip/playing_dnd_in_the_game_shop/,loc_1,other,not_mentioned,companion,not_mentioned
https://www.reddit.com/r/TheMallWorld/comments/1hwseip/playing_dnd_in_the_game_shop/,loc_1,other,not_mentioned,companion,not_mentioned
https://www.reddit.com/r/TheMallWorld/comments/1hwseip/playing_dnd_in_the_game_shop/,loc_1,other,not_mentioned,companion,not_mentioned
https://www.reddit.com/r/TheMallWorld/comments/1hwseip/playing_dnd_in_the_game_shop/,loc_1,other,not_mentioned,companion,not_mentioned
https://www.reddit.com/r/TheMallWorld/comments/1hwseip/playing_dnd_in_the_game_shop/,loc_1,threat,hostile,other,not_mentioned
https://www.reddit.com/r/TheMallWorld/comments/1hxkluf/melee_at_the_food_court/,loc_1,authority,hostile,staff,punitive
https://www.reddit.com/r/TheMallWorld/comments/1hxkluf/melee_at_the_food_court/,loc_1,crowd,neutral,bystander,not_mentioned
https://www.reddit.com/r/TheMallWorld/comments/1hxkluf/melee_at_the_food_court/,loc_1,authority,hostile,staff,punitive
https://www.reddit.com/r/TheMallWorld/comments/1hxkluf/melee_at_the_food_court/,loc_1,crowd,hostile,other,not_mentioned
https://www.reddit.com/r/TheMallWorld/comments/1hxsipq/do_you_travel_in_your_dreams_to_the_mallworld/,loc_6,crowd,not_mentioned,bystander,not_mentioned
https://www.reddit.com/r/TheMallWorld/comments/1hywxpj/my_husband_and_i_started_this_thing_this_week/,loc_2,known_person,neutral,companion,not_mentioned
https://www.reddit.com/r/TheMallWorld/comments/1hywxpj/my_husband_and_i_started_this_thing_this_week/,loc_2,known_person,unfriendly,blocker,blocking
https://www.reddit.com/r/TheMallWorld/comments/1hywxpj/my_husband_and_i_started_this_thing_this_week/,loc_1,known_person,neutral,companion,not_mentioned
https://www.reddit.com/r/TheMallWorld/comments/1i16hiz/anyone_been_to_the_city/,loc_1,other,hostile,other,not_mentioned
https://www.reddit.com/r/TheMallWorld/comments/1i1huzm/i_had_another_weird_mallworld_dream_this_week/,loc_1,authority,unfriendly,staff,blocking
https://www.reddit.com/r/TheMallWorld/comments/1i1ohr8/theres_a_serial_killer_in_my_mall_world/,loc_2,threat,hostile,chaser,not_mentioned
https://www.reddit.com/r/TheMallWorld/comments/1i1ohr8/theres_a_serial_killer_in_my_mall_world/,loc_2,threat,hostile,other,not_mentioned
https://www.reddit.com/r/TheMallWorld/comments/1i1ohr8/theres_a_serial_killer_in_my_mall_world/,loc_3,threat,hostile,other,not_mentioned
https://www.reddit.com/r/TheMallWorld/comments/1i1xlg9/mall_world_dream_i_had_last_night_where_i_was_in/,loc_1,threat,hostile,chaser,not_mentioned
https://www.reddit.com/r/TheMallWorld/comments/1i1xlg9/mall_world_dream_i_had_last_night_where_i_was_in/,loc_1,known_person,friendly,companion,not_mentioned
https://www.reddit.com/r/TheMallWorld/comments/1i1xlg9/mall_world_dream_i_had_last_night_where_i_was_in/,loc_1,threat,hostile,chaser,not_mentioned
https://www.reddit.com/r/TheMallWorld/comments/1i1xlg9/mall_world_dream_i_had_last_night_where_i_was_in/,loc_3,threat,hostile,chaser,not_mentioned
https://www.reddit.com/r/TheMallWorld/comments/1i1xlg9/mall_world_dream_i_had_last_night_where_i_was_in/,loc_2,stranger,hostile,other,not_mentioned
https://www.reddit.com/r/TheMallWorld/comments/1i1xlg9/mall_world_dream_i_had_last_night_where_i_was_in/,loc_2,stranger,hostile,other,not_mentioned
https://www.reddit.com/r/TheMallWorld/comments/1i1xlg9/mall_world_dream_i_had_last_night_where_i_was_in/,loc_5,known_person,friendly,companion,not_mentioned
https://www.reddit.com/r/TheMallWorld/comments/1i1xlg9/mall_world_dream_i_had_last_night_where_i_was_in/,loc_5,known_person,friendly,companion,not_mentioned
https://www.reddit.com/r/TheMallWorld/comments/1i2jizg/secret_room_in_house_with_slides/,loc_2,friend,not_mentioned,companion,not_mentioned
https://www.reddit.com/r/TheMallWorld/comments/1i2obau/oddity_last_night/,loc_2,known_person,neutral,bystander,not_mentioned
https://www.reddit.com/r/TheMallWorld/comments/1i2u7vs/magic_mallmarketplacelibrary/,loc_2,stranger,friendly,bystander,not_mentioned
https://www.reddit.com/r/TheMallWorld/comments/1i2u7vs/magic_mallmarketplacelibrary/,loc_5,stranger,hostile,staff,blocking
https://www.reddit.com/r/TheMallWorld/comments/1i3ppkv/idea_about_mw_consciousness/,loc_1,stranger,neutral,guide,guiding
https://www.reddit.com/r/TheMallWorld/comments/1i3qpni/does_this_look_familiar/,loc_3,crowd,neutral,other,not_mentioned
https://www.reddit.com/r/TheMallWorld/comments/1i3qpni/does_this_look_familiar/,loc_5,threat,threatening,other,not_mentioned
https://www.reddit.com/r/TheMallWorld/comments/1i42fvm/road_through_ocean/,loc_2,family_member,not_mentioned,companion,not_mentioned
https://www.reddit.com/r/TheMallWorld/comments/1i42fvm/road_through_ocean/,loc_2,family_member,not_mentioned,companion,not_mentioned
https://www.reddit.com/r/TheMallWorld/comments/1i466k8/mallworld_dream_room_a_dingy_80s_arcade/,loc_1,stranger,neutral,staff,not_mentioned
https://www.reddit.com/r/TheMallWorld/comments/1i466k8/mallworld_dream_room_a_dingy_80s_arcade/,loc_1,stranger,neutral,staff,not_mentioned
https://www.reddit.com/r/TheMallWorld/comments/1i53pxr/everyone_is_gone/,loc_1,crowd,not_mentioned,not_mentioned,not_mentioned
https://www.reddit.com/r/TheMallWorld/comments/1i5apyj/multiple_recurring_hill_dreams_ive_never_made_it/,loc_6,stranger,threatening,other,not_mentioned
https://www.reddit.com/r/TheMallWorld/comments/1i5apyj/multiple_recurring_hill_dreams_ive_never_made_it/,loc_6,stranger,confusing,companion,not_mentioned
https://www.reddit.com/r/TheMallWorld/comments/1i5glrw/cafeteria_meetings/,loc_1,family_member,not_mentioned,companion,not_mentioned
https://www.reddit.com/r/TheMallWorld/comments/1i5glrw/cafeteria_meetings/,loc_1,stranger,not_mentioned,companion,not_mentioned
https://www.reddit.com/r/TheMallWorld/comments/1i5glrw/cafeteria_meetings/,loc_1,known_person,not_mentioned,companion,not_mentioned
https://www.reddit.com/r/TheMallWorld/comments/1i5hpx8/been_going_to_mallworld_every_night_for_years/,loc_1,known_person,friendly,bystander,not_mentioned
https://www.reddit.com/r/TheMallWorld/comments/1i5hpx8/been_going_to_mallworld_every_night_for_years/,loc_1,stranger,neutral,bystander,not_mentioned
https://www.reddit.com/r/TheMallWorld/comments/1i5t8t4/a_dream_from_the_theatre/,loc_1,stranger,neutral,other,not_mentioned
https://www.reddit.com/r/TheMallWorld/comments/1i5t8t4/a_dream_from_the_theatre/,loc_1,crowd,neutral,bystander,not_mentioned
https://www.reddit.com/r/TheMallWorld/comments/1i5t8t4/a_dream_from_the_theatre/,loc_3,other,watching,other,not_mentioned
https://www.reddit.com/r/TheMallWorld/comments/1i5t8t4/a_dream_from_the_theatre/,loc_3,crowd,confusing,other,not_mentioned
https://www.reddit.com/r/TheMallWorld/comments/1i6ljs4/different_mall/,loc_2,family_member,not_mentioned,companion,not_mentioned
https://www.reddit.com/r/TheMallWorld/comments/1i6y960/did_anyone_attend_a_meeting_in_the_dining_room_at/,loc_1,known_person,not_mentioned,other,not_mentioned
https://www.reddit.com/r/TheMallWorld/comments/1i6y960/did_anyone_attend_a_meeting_in_the_dining_room_at/,loc_1,stranger,watching,other,not_mentioned
https://www.reddit.com/r/TheMallWorld/comments/1i6y960/did_anyone_attend_a_meeting_in_the_dining_room_at/,loc_1,stranger,confusing,other,not_mentioned
https://www.reddit.com/r/TheMallWorld/comments/1i6y960/did_anyone_attend_a_meeting_in_the_dining_room_at/,loc_2,stranger,confusing,companion,not_mentioned
https://www.reddit.com/r/TheMallWorld/comments/1i6y960/did_anyone_attend_a_meeting_in_the_dining_room_at/,loc_3,stranger,watching,bystander,observing
https://www.reddit.com/r/TheMallWorld/comments/1i6y960/did_anyone_attend_a_meeting_in_the_dining_room_at/,loc_3,crowd,not_mentioned,other,not_mentioned
https://www.reddit.com/r/TheMallWorld/comments/1i6y960/did_anyone_attend_a_meeting_in_the_dining_room_at/,loc_4,stranger,watching,other,observing
https://www.reddit.com/r/TheMallWorld/comments/1i6y960/did_anyone_attend_a_meeting_in_the_dining_room_at/,loc_4,stranger,threatening,other,not_mentioned
https://www.reddit.com/r/TheMallWorld/comments/1i77764/my_experience/,loc_1,stranger,neutral,companion,not_mentioned
https://www.reddit.com/r/TheMallWorld/comments/1i77764/my_experience/,loc_5,stranger,unfriendly,other,not_mentioned
https://www.reddit.com/r/TheMallWorld/comments/1i7a9fp/pools_closed/,loc_2,stranger,not_mentioned,other,not_mentioned
https://www.reddit.com/r/TheMallWorld/comments/1i7zdtf/a_running_theme_in_my_mallworld_dreams/,loc_2,other,not_mentioned,other,not_mentioned
https://www.reddit.com/r/TheMallWorld/comments/1i8ncik/subconscious_souls_hanging_out/,loc_1,known_person,neutral,companion,not_mentioned
https://www.reddit.com/r/TheMallWorld/comments/1i8qdfo/my_last_dream_in_mall_world/,loc_4,stranger,unfriendly,other,not_mentioned
https://www.reddit.com/r/TheMallWorld/comments/1i8qdfo/my_last_dream_in_mall_world/,loc_7,known_person,confusing,companion,not_mentioned
https://www.reddit.com/r/TheMallWorld/comments/1i8qdfo/my_last_dream_in_mall_world/,loc_7,crowd,threatening,chaser,not_mentioned
https://www.reddit.com/r/TheMallWorld/comments/1i8qdfo/my_last_dream_in_mall_world/,loc_7,known_person,threatening,chaser,not_mentioned
https://www.reddit.com/r/TheMallWorld/comments/1i8qdfo/my_last_dream_in_mall_world/,loc_8,stranger,helpful,staff,guiding
https://www.reddit.com/r/TheMallWorld/comments/1i8qdfo/my_last_dream_in_mall_world/,loc_8,authority,unfriendly,authority,blocking
https://www.reddit.com/r/TheMallWorld/comments/1i8seow/dillards_meets_target_meets_dive_bar_sounds_fun/,loc_1,stranger,neutral,customer,not_mentioned
https://www.reddit.com/r/TheMallWorld/comments/1i8seow/dillards_meets_target_meets_dive_bar_sounds_fun/,loc_1,stranger,helpful,companion,not_mentioned
https://www.reddit.com/r/TheMallWorld/comments/1i999jd/a_new_ending_i_wrote_this_a_response_elsewhere/,loc_7,crowd,neutral,bystander,not_mentioned
https://www.reddit.com/r/TheMallWorld/comments/1i999jd/a_new_ending_i_wrote_this_a_response_elsewhere/,loc_7,threat,threatening,other,observing
https://www.reddit.com/r/TheMallWorld/comments/1i999jd/a_new_ending_i_wrote_this_a_response_elsewhere/,loc_7,creature,threatening,other,not_mentioned
https://www.reddit.com/r/TheMallWorld/comments/1i999jd/a_new_ending_i_wrote_this_a_response_elsewhere/,loc_7,threat,threatening,authority,observing
https://www.reddit.com/r/TheMallWorld/comments/1iaphal/the_brick_mall/,loc_8,threat,threatening,chaser,not_mentioned
https://www.reddit.com/r/TheMallWorld/comments/1iapr5d/help_please/,loc_2,authority,hostile,teacher,punitive
https://www.reddit.com/r/TheMallWorld/comments/1iapr5d/help_please/,loc_1,friend,not_mentioned,companion,not_mentioned
https://www.reddit.com/r/TheMallWorld/comments/1iapr5d/help_please/,loc_1,family_member,not_mentioned,companion,not_mentioned
https://www.reddit.com/r/TheMallWorld/comments/1iapr5d/help_please/,loc_1,family_member,not_mentioned,companion,not_mentioned
https://www.reddit.com/r/TheMallWorld/comments/1iat0nv/this_place_feels_like_home/,loc_0_meta,other,not_mentioned,companion,not_mentioned
https://www.reddit.com/r/TheMallWorld/comments/1iat0nv/this_place_feels_like_home/,loc_0_meta,stranger,not_mentioned,bystander,not_mentioned
https://www.reddit.com/r/TheMallWorld/comments/1iau3cn/didnt_know_this_was_a_concept_and_now_im_a_little/,loc_hotel_1,creature,threatening,other,not_mentioned
https://www.reddit.com/r/TheMallWorld/comments/1iau3cn/didnt_know_this_was_a_concept_and_now_im_a_little/,loc_city_edge_track_1,crowd,not_mentioned,other,not_mentioned
https://www.reddit.com/r/TheMallWorld/comments/1iax77t/bestbuy_type_store_next_to_a_movie_theater/,loc_1,crowd,indifferent,staff,not_mentioned
https://www.reddit.com/r/TheMallWorld/comments/1iax77t/bestbuy_type_store_next_to_a_movie_theater/,loc_1,authority,confusing,staff,observing
https://www.reddit.com/r/TheMallWorld/comments/1iax77t/bestbuy_type_store_next_to_a_movie_theater/,loc_1,authority,confusing,staff,observing
https://www.reddit.com/r/TheMallWorld/comments/1iay29p/the_two_whales_and_the_gateway_tapes/,loc_1,creature,neutral,other,not_mentioned
https://www.reddit.com/r/TheMallWorld/comments/1ibai4h/same_powers_every_night/,loc_1,creature,hostile,other,not_mentioned
https://www.reddit.com/r/TheMallWorld/comments/1ibai4h/same_powers_every_night/,loc_1,creature,friendly,companion,not_mentioned
https://www.reddit.com/r/TheMallWorld/comments/1ibai4h/same_powers_every_night/,loc_1,creature,friendly,guide,guiding
https://www.reddit.com/r/TheMallWorld/comments/1ic42r1/just_past_the_freeway_world_is_an_empty_drained/,loc_2,crowd,indifferent,bystander,not_mentioned
https://www.reddit.com/r/TheMallWorld/comments/1ic42r1/just_past_the_freeway_world_is_an_empty_drained/,loc_2,crowd,neutral,companion,not_mentioned
https://www.reddit.com/r/TheMallWorld/comments/1ichxw5/the_campground/,loc_8,stranger,neutral,other,not_mentioned
https://www.reddit.com/r/TheMallWorld/comments/1icvp16/inanimate_objects/,loc_2,other,hostile,chaser,not_mentioned
https://www.reddit.com/r/TheMallWorld/comments/1id4zck/spencers/,loc_1,crowd,not_mentioned,other,not_mentioned
https://www.reddit.com/r/TheMallWorld/comments/1idaugr/the_evil_hospital_is_real_and_ive_been_there_in/,loc_2,family_member,neutral,companion,not_mentioned
https://www.reddit.com/r/TheMallWorld/comments/1idaugr/the_evil_hospital_is_real_and_ive_been_there_in/,loc_3,family_member,neutral,companion,not_mentioned
https://www.reddit.com/r/TheMallWorld/comments/1idfm3s/stray_dogs_and_cats_in_the_mall/,loc_1,creature,friendly,other,not_mentioned
https://www.reddit.com/r/TheMallWorld/comments/1idfm3s/stray_dogs_and_cats_in_the_mall/,loc_1,creature,friendly,other,not_mentioned
https://www.reddit.com/r/TheMallWorld/comments/1iebdwu/dream_or_something_more/,loc_2,crowd,confusing,bystander,not_mentioned
https://www.reddit.com/r/TheMallWorld/comments/1iebdwu/dream_or_something_more/,loc_2,stranger,unfriendly,blocker,blocking
https://www.reddit.com/r/TheMallWorld/comments/1ieh6nk/haunted_elevator/,loc_2,other,confusing,other,not_mentioned
https://www.reddit.com/r/TheMallWorld/comments/1ieuvap/i_cant_stop_having_nightmares_in_giant/,loc_4,crowd,not_mentioned,bystander,not_mentioned
https://www.reddit.com/r/TheMallWorld/comments/1iev6hl/went_back_found_a_hospital/,loc_3,authority,neutral,staff,guiding
https://www.reddit.com/r/TheMallWorld/comments/1iev6hl/went_back_found_a_hospital/,loc_4,stranger,neutral,staff,not_mentioned
https://www.reddit.com/r/TheMallWorld/comments/1iev6hl/went_back_found_a_hospital/,loc_4,stranger,neutral,other,not_mentioned
https://www.reddit.com/r/TheMallWorld/comments/1iev6hl/went_back_found_a_hospital/,loc_4,stranger,hostile,other,not_mentioned
https://www.reddit.com/r/TheMallWorld/comments/1iev6hl/went_back_found_a_hospital/,loc_5,authority,neutral,staff,blocking
https://www.reddit.com/r/TheMallWorld/comments/1iev6hl/went_back_found_a_hospital/,loc_5,stranger,confusing,other,not_mentioned
https://www.reddit.com/r/TheMallWorld/comments/1iev6hl/went_back_found_a_hospital/,loc_5,authority,neutral,staff,guiding
https://www.reddit.com/r/TheMallWorld/comments/1iev6hl/went_back_found_a_hospital/,loc_5,authority,neutral,staff,guiding
https://www.reddit.com/r/TheMallWorld/comments/1iev6hl/went_back_found_a_hospital/,loc_5,authority,unfriendly,security,blocking
https://www.reddit.com/r/TheMallWorld/comments/1iev6hl/went_back_found_a_hospital/,loc_6,stranger,unfriendly,customer,not_mentioned
https://www.reddit.com/r/TheMallWorld/comments/1iev6hl/went_back_found_a_hospital/,loc_6,authority,unfriendly,other,punitive
https://www.reddit.com/r/TheMallWorld/comments/1iev6hl/went_back_found_a_hospital/,loc_6,stranger,helpful,bystander,not_mentioned
https://www.reddit.com/r/TheMallWorld/comments/1iffxwt/the_police/,loc_1,stranger,neutral,other,not_mentioned
https://www.reddit.com/r/TheMallWorld/comments/1iffxwt/the_police/,loc_1,authority,indifferent,security,observing
https://www.reddit.com/r/TheMallWorld/comments/1igsol4/was_in_a_strange_apartment_building_that_was/,loc_1,crowd,neutral,bystander,not_mentioned
https://www.reddit.com/r/TheMallWorld/comments/1igsol4/was_in_a_strange_apartment_building_that_was/,loc_3,stranger,neutral,companion,not_mentioned
https://www.reddit.com/r/TheMallWorld/comments/1igsol4/was_in_a_strange_apartment_building_that_was/,loc_4,stranger,neutral,customer,not_mentioned
https://www.reddit.com/r/TheMallWorld/comments/1ih6jki/hello_i_dream_of_the_mallworld_often_here_is_my/,loc_2,threat,hostile,other,not_mentioned
https://www.reddit.com/r/TheMallWorld/comments/1ih6jki/hello_i_dream_of_the_mallworld_often_here_is_my/,loc_5,stranger,friendly,companion,not_mentioned
https://www.reddit.com/r/TheMallWorld/comments/1ih6jki/hello_i_dream_of_the_mallworld_often_here_is_my/,loc_6,stranger,friendly,companion,not_mentioned
https://www.reddit.com/r/TheMallWorld/comments/1ih6jki/hello_i_dream_of_the_mallworld_often_here_is_my/,loc_2,threat,hostile,chaser,not_mentioned
https://www.reddit.com/r/TheMallWorld/comments/1ih6jki/hello_i_dream_of_the_mallworld_often_here_is_my/,loc_8,authority,neutral,staff,observing
https://www.reddit.com/r/TheMallWorld/comments/1ihmp40/locker_room/,loc_2,coworker,neutral,bystander,not_mentioned
https://www.reddit.com/r/TheMallWorld/comments/1ii4oid/a_semi_outdoor_amphitheater_similar_to_red_rocks/,loc_2,crowd,not_mentioned,other,not_mentioned
https://www.reddit.com/r/TheMallWorld/comments/1ii4oid/a_semi_outdoor_amphitheater_similar_to_red_rocks/,loc_2,faceless,not_mentioned,other,not_mentioned
https://www.reddit.com/r/TheMallWorld/comments/1ii7u9o/knowing_others_experience_this_is_freaking_me_out/,loc_5,stranger,neutral,cashier,not_mentioned
https://www.reddit.com/r/TheMallWorld/comments/1ii7u9o/knowing_others_experience_this_is_freaking_me_out/,loc_7,stranger,friendly,staff,not_mentioned
https://www.reddit.com/r/TheMallWorld/comments/1ii7u9o/knowing_others_experience_this_is_freaking_me_out/,loc_13,stranger,friendly,cashier,not_mentioned
https://www.reddit.com/r/TheMallWorld/comments/1ijk4ks/expanded_earth/,loc_1,crowd,neutral,companion,not_mentioned
https://www.reddit.com/r/TheMallWorld/comments/1ijk4ks/expanded_earth/,loc_1,known_person,neutral,companion,not_mentioned
https://www.reddit.com/r/TheMallWorld/comments/1ijr2v0/my_mallworld_notes_from_2019/,loc_airport_repeating_missed_flight,known_person,not_mentioned,bystander,not_mentioned
https://www.reddit.com/r/TheMallWorld/comments/1ijr2v0/my_mallworld_notes_from_2019/,loc_airport_repeating_missed_flight,known_person,not_mentioned,bystander,not_mentioned
https://www.reddit.com/r/TheMallWorld/comments/1ijr2v0/my_mallworld_notes_from_2019/,loc_school_various,known_person,not_mentioned,bystander,not_mentioned
https://www.reddit.com/r/TheMallWorld/comments/1il4s07/so_glad_i_found_this_sub_heres_my_mallworld/,loc_loading_dock_1,stranger,friendly,companion,not_mentioned
https://www.reddit.com/r/TheMallWorld/comments/1ilf05d/raccoon_navigators_and_customization/,loc_1,creature,helpful,guide,not_mentioned
https://www.reddit.com/r/TheMallWorld/comments/1ili56t/busy_day_at_the_mall/,loc_1,crowd,neutral,bystander,not_mentioned
https://www.reddit.com/r/TheMallWorld/comments/1im99eb/military_cruise_ship/,loc_1,crowd,not_mentioned,other,not_mentioned
https://www.reddit.com/r/TheMallWorld/comments/1imgcgj/weird_toy_store_i_keep_returning_too/,loc_2,family_member,not_mentioned,companion,not_mentioned
https://www.reddit.com/r/TheMallWorld/comments/1imh3rx/underground_mall_and_casino_under_main_street/,loc_1,crowd,neutral,staff,not_mentioned
https://www.reddit.com/r/TheMallWorld/comments/1imh3rx/underground_mall_and_casino_under_main_street/,loc_4,authority,confusing,authority,observing
https://www.reddit.com/r/TheMallWorld/comments/1imh3rx/underground_mall_and_casino_under_main_street/,loc_4,known_person,neutral,companion,not_mentioned
https://www.reddit.com/r/TheMallWorld/comments/1iobve0/mall_world_escalators_leading_to_different/,loc_4,watcher,watching,other,observing
https://www.reddit.com/r/TheMallWorld/comments/1iobve0/mall_world_escalators_leading_to_different/,loc_6,crowd,not_mentioned,bystander,not_mentioned
https://www.reddit.com/r/TheMallWorld/comments/1iobve0/mall_world_escalators_leading_to_different/,loc_8,crowd,not_mentioned,other,not_mentioned
https://www.reddit.com/r/TheMallWorld/comments/1iqc9fd/was_naked_in_mall_world_yet_again/,loc_1,crowd,indifferent,bystander,not_mentioned
https://www.reddit.com/r/TheMallWorld/comments/1iqermy/the_mall/,loc_1,crowd,not_mentioned,other,not_mentioned
https://www.reddit.com/r/TheMallWorld/comments/1iqermy/the_mall/,loc_2,authority,threatening,security,pursuing
https://www.reddit.com/r/TheMallWorld/comments/1iqermy/the_mall/,loc_2,threat,hostile,chaser,not_mentioned
https://www.reddit.com/r/TheMallWorld/comments/1iqermy/the_mall/,loc_3,threat,hostile,chaser,not_mentioned
https://www.reddit.com/r/TheMallWorld/comments/1iqp2zr/the_atrium_and_basement/,loc_6,stranger,neutral,bystander,not_mentioned
https://www.reddit.com/r/TheMallWorld/comments/1iqp2zr/the_atrium_and_basement/,loc_6,stranger,neutral,companion,not_mentioned
https://www.reddit.com/r/TheMallWorld/comments/1irdumu/mall_dreams_lately/,loc_1,known_person,not_mentioned,bystander,not_mentioned
https://www.reddit.com/r/TheMallWorld/comments/1irdumu/mall_dreams_lately/,loc_1,known_person,not_mentioned,other,not_mentioned
https://www.reddit.com/r/TheMallWorld/comments/1irdumu/mall_dreams_lately/,loc_3,known_person,not_mentioned,other,not_mentioned
https://www.reddit.com/r/TheMallWorld/comments/1irdumu/mall_dreams_lately/,loc_3,known_person,not_mentioned,bystander,not_mentioned
https://www.reddit.com/r/TheMallWorld/comments/1irsl4e/has_anyone_ever_been_to_the_glass_dome_covered/,loc_3,stranger,neutral,bystander,not_mentioned
https://www.reddit.com/r/TheMallWorld/comments/1irsl4e/has_anyone_ever_been_to_the_glass_dome_covered/,loc_3,crowd,neutral,other,not_mentioned
https://www.reddit.com/r/TheMallWorld/comments/1isim42/empress_walk_in_toronto/,loc_1,threat,hostile,chaser,not_mentioned
https://www.reddit.com/r/TheMallWorld/comments/1it4ngj/had_an_airport_dream_this_night_that_i_managed_to/,loc_1,known_person,not_mentioned,bystander,not_mentioned
https://www.reddit.com/r/TheMallWorld/comments/1it4ngj/had_an_airport_dream_this_night_that_i_managed_to/,loc_2,stranger,neutral,other,not_mentioned
https://www.reddit.com/r/TheMallWorld/comments/1itewk1/mall_world_restaurant_and_sweets/,loc_1,known_person,neutral,companion,not_mentioned
https://www.reddit.com/r/TheMallWorld/comments/1itewk1/mall_world_restaurant_and_sweets/,loc_3,stranger,unfriendly,cashier,not_mentioned
https://www.reddit.com/r/TheMallWorld/comments/1itg1cc/having_a_dream_ive_had_since_a_kid/,loc_1,family_member,neutral,companion,not_mentioned
https://www.reddit.com/r/TheMallWorld/comments/1itg1cc/having_a_dream_ive_had_since_a_kid/,loc_1,family_member,neutral,companion,not_mentioned
https://www.reddit.com/r/TheMallWorld/comments/1itg1cc/having_a_dream_ive_had_since_a_kid/,loc_1,family_member,neutral,companion,not_mentioned
https://www.reddit.com/r/TheMallWorld/comments/1itg1cc/having_a_dream_ive_had_since_a_kid/,loc_2,stranger,neutral,staff,not_mentioned
https://www.reddit.com/r/TheMallWorld/comments/1itg1cc/having_a_dream_ive_had_since_a_kid/,loc_5,family_member,neutral,companion,not_mentioned
https://www.reddit.com/r/TheMallWorld/comments/1itg1cc/having_a_dream_ive_had_since_a_kid/,loc_5,family_member,neutral,companion,not_mentioned
https://www.reddit.com/r/TheMallWorld/comments/1itmocx/amusement_park/,loc_1,crowd,not_mentioned,bystander,not_mentioned
https://www.reddit.com/r/TheMallWorld/comments/1itnpvc/the_hotel/,loc_2,authority,not_mentioned,staff,not_mentioned
https://www.reddit.com/r/TheMallWorld/comments/1itnpvc/the_hotel/,loc_3,authority,not_mentioned,staff,not_mentioned
https://www.reddit.com/r/TheMallWorld/comments/1itnpvc/the_hotel/,loc_3,stranger,unfriendly,other,not_mentioned
https://www.reddit.com/r/TheMallWorld/comments/1iucw7g/coffee_shop_dreamin/,loc_1,stranger,friendly,staff,not_mentioned
https://www.reddit.com/r/TheMallWorld/comments/1iucw7g/coffee_shop_dreamin/,loc_1,stranger,friendly,customer,not_mentioned
https://www.reddit.com/r/TheMallWorld/comments/1iucw7g/coffee_shop_dreamin/,loc_1,stranger,hostile,customer,not_mentioned
https://www.reddit.com/r/TheMallWorld/comments/1iucw7g/coffee_shop_dreamin/,loc_1,stranger,friendly,customer,not_mentioned
https://www.reddit.com/r/TheMallWorld/comments/1iuhxp0/was_my_mallworld_an_abandoned_strip_mall_because/,loc_3,crowd,friendly,staff,not_mentioned
https://www.reddit.com/r/TheMallWorld/comments/1iw3geo/always_night_beach/,loc_night_beach,crowd,friendly,bystander,not_mentioned
https://www.reddit.com/r/TheMallWorld/comments/1iw3geo/always_night_beach/,loc_night_beach,crowd,neutral,companion,not_mentioned
https://www.reddit.com/r/TheMallWorld/comments/1iwe0a1/apartment_garden/,loc_3,stranger,neutral,bystander,not_mentioned
https://www.reddit.com/r/TheMallWorld/comments/1iwfc00/childhood_recurring_dreams_in_the_mall_that_ended/,loc_6,crowd,not_mentioned,bystander,not_mentioned
https://www.reddit.com/r/TheMallWorld/comments/1iwfc00/childhood_recurring_dreams_in_the_mall_that_ended/,loc_7,other,neutral,other,not_mentioned
https://www.reddit.com/r/TheMallWorld/comments/1iwfc00/childhood_recurring_dreams_in_the_mall_that_ended/,loc_7,other,indifferent,other,not_mentioned
https://www.reddit.com/r/TheMallWorld/comments/1iwfc00/childhood_recurring_dreams_in_the_mall_that_ended/,loc_9,threat,threatening,chaser,not_mentioned
https://www.reddit.com/r/TheMallWorld/comments/1iwfc00/childhood_recurring_dreams_in_the_mall_that_ended/,loc_10,creature,threatening,chaser,not_mentioned
https://www.reddit.com/r/TheMallWorld/comments/1iwfc00/childhood_recurring_dreams_in_the_mall_that_ended/,loc_12,creature,threatening,chaser,not_mentioned
https://www.reddit.com/r/TheMallWorld/comments/1iwfc00/childhood_recurring_dreams_in_the_mall_that_ended/,loc_13,creature,threatening,other,not_mentioned
https://www.reddit.com/r/TheMallWorld/comments/1iwfc00/childhood_recurring_dreams_in_the_mall_that_ended/,loc_13,creature,hostile,chaser,not_mentioned
https://www.reddit.com/r/TheMallWorld/comments/1iwgjr6/was_anyone_else_in_a_very_old_inn_last_night/,loc_1,crowd,friendly,bystander,not_mentioned
https://www.reddit.com/r/TheMallWorld/comments/1iwsm51/casino/,loc_1,stranger,not_mentioned,other,not_mentioned
https://www.reddit.com/r/TheMallWorld/comments/1iwsm51/casino/,loc_1,stranger,neutral,bystander,not_mentioned
https://www.reddit.com/r/TheMallWorld/comments/1ixac9e/tornado_dream/,loc_1,crowd,not_mentioned,bystander,not_mentioned
https://www.reddit.com/r/TheMallWorld/comments/1ixgom4/at_the_universities_they_are_working_on_solutions/,loc_1,stranger,neutral,companion,not_mentioned
https://www.reddit.com/r/TheMallWorld/comments/1ixgom4/at_the_universities_they_are_working_on_solutions/,loc_1,stranger,neutral,companion,not_mentioned
https://www.reddit.com/r/TheMallWorld/comments/1ixgom4/at_the_universities_they_are_working_on_solutions/,loc_1,stranger,not_mentioned,companion,not_mentioned
https://www.reddit.com/r/TheMallWorld/comments/1iyde4d/recently_been_dreaming_of_my_childhood_home/,loc_1,family_member,not_mentioned,other,not_mentioned
https://www.reddit.com/r/TheMallWorld/comments/1iyde4d/recently_been_dreaming_of_my_childhood_home/,loc_1,known_person,friendly,companion,not_mentioned
https://www.reddit.com/r/TheMallWorld/comments/1iyde4d/recently_been_dreaming_of_my_childhood_home/,loc_1,family_member,not_mentioned,other,not_mentioned
https://www.reddit.com/r/TheMallWorld/comments/1iyhkhp/monopoly_man_told_me_i_was_pregnant/,loc_1,crowd,friendly,bystander,not_mentioned
https://www.reddit.com/r/TheMallWorld/comments/1iyhkhp/monopoly_man_told_me_i_was_pregnant/,loc_1,stranger,friendly,other,not_mentioned
https://www.reddit.com/r/TheMallWorld/comments/1iyqez7/high_school_turned_neon_haze/,loc_2,known_person,neutral,teacher,not_mentioned
https://www.reddit.com/r/TheMallWorld/comments/1iyqez7/high_school_turned_neon_haze/,loc_4,known_person,neutral,authority,guiding
https://www.reddit.com/r/TheMallWorld/comments/1iyqez7/high_school_turned_neon_haze/,loc_3,crowd,confusing,student,not_mentioned
https://www.reddit.com/r/TheMallWorld/comments/1iyqez7/high_school_turned_neon_haze/,loc_3,authority,neutral,authority,guiding
https://www.reddit.com/r/TheMallWorld/comments/1j0eesv/i_finally_went_to_a_show_at_the_theater/,loc_1,stranger,neutral,bystander,not_mentioned
https://www.reddit.com/r/TheMallWorld/comments/1j1cj6o/looking_for_seth/,loc_2,stranger,neutral,bystander,not_mentioned
https://www.reddit.com/r/TheMallWorld/comments/1j1cj6o/looking_for_seth/,loc_2,child,neutral,bystander,not_mentioned
https://www.reddit.com/r/TheMallWorld/comments/1j1cj6o/looking_for_seth/,loc_2,crowd,neutral,bystander,not_mentioned
https://www.reddit.com/r/TheMallWorld/comments/1j1cj6o/looking_for_seth/,loc_3,stranger,neutral,staff,not_mentioned
https://www.reddit.com/r/TheMallWorld/comments/1j1cj6o/looking_for_seth/,loc_3,stranger,not_mentioned,other,not_mentioned
https://www.reddit.com/r/TheMallWorld/comments/1j1qih8/has_anyone_ever_been_to_the_rock_store/,loc_2,authority,neutral,staff,guiding
https://www.reddit.com/r/TheMallWorld/comments/1j2nvdn/learning_to_save_in_a_mall_world_discount_store/,loc_1,stranger,neutral,cashier,not_mentioned
https://www.reddit.com/r/TheMallWorld/comments/1j2nvdn/learning_to_save_in_a_mall_world_discount_store/,loc_1,crowd,indifferent,customer,not_mentioned
https://www.reddit.com/r/TheMallWorld/comments/1j37i8t/im_new_to_this_mall_world_thing/,loc_1,stranger,not_mentioned,companion,not_mentioned
https://www.reddit.com/r/TheMallWorld/comments/1j37i8t/im_new_to_this_mall_world_thing/,loc_1,crowd,neutral,bystander,not_mentioned
https://www.reddit.com/r/TheMallWorld/comments/1j40oub/ever_been_to_the_lavander_mall/,loc_4,known_person,neutral,companion,not_mentioned
https://www.reddit.com/r/TheMallWorld/comments/1j40oub/ever_been_to_the_lavander_mall/,loc_5,authority,neutral,teacher,guiding
https://www.reddit.com/r/TheMallWorld/comments/1j4yk1j/i_know_its_a_stretch_but_did_we_trade_glasses/,loc_1,stranger,neutral,companion,not_mentioned
https://www.reddit.com/r/TheMallWorld/comments/1j4yk1j/i_know_its_a_stretch_but_did_we_trade_glasses/,loc_1,stranger,neutral,companion,not_mentioned
https://www.reddit.com/r/TheMallWorld/comments/1j56pf8/twolevel_mall_corridor_with_food_stands_selling/,loc_3,authority,unfriendly,security,blocking
https://www.reddit.com/r/TheMallWorld/comments/1j57r6k/my_dream_locations_are_weird/,loc_1,friend,neutral,companion,not_mentioned
https://www.reddit.com/r/TheMallWorld/comments/1j57r6k/my_dream_locations_are_weird/,loc_7,friend,neutral,companion,not_mentioned
https://www.reddit.com/r/TheMallWorld/comments/1j5duu3/mall_portal/,loc_1,known_person,not_mentioned,other,not_mentioned
https://www.reddit.com/r/TheMallWorld/comments/1j5duu3/mall_portal/,loc_1,known_person,not_mentioned,other,not_mentioned
https://www.reddit.com/r/TheMallWorld/comments/1j5guck/just_found_this_sub/,loc_3,creature,not_mentioned,not_mentioned,not_mentioned
https://www.reddit.com/r/TheMallWorld/comments/1j66m3v/recurring_city_subway_and_mall_dreams/,loc_warehouse_abandoned_1,crowd,not_mentioned,bystander,not_mentioned
https://www.reddit.com/r/TheMallWorld/comments/1j73gkw/real_life_location_i_have_totally_seen_in_my/,loc_2,crowd,neutral,bystander,not_mentioned
https://www.reddit.com/r/TheMallWorld/comments/1j7apqh/anybody_been_here/,loc_1,stranger,neutral,companion,not_mentioned
https://www.reddit.com/r/TheMallWorld/comments/1j7jdng/pet_wash_in_the_park/,loc_3,authority,friendly,staff,guiding
https://www.reddit.com/r/TheMallWorld/comments/1j7jdng/pet_wash_in_the_park/,loc_4,authority,helpful,staff,guiding
https://www.reddit.com/r/TheMallWorld/comments/1j7jdng/pet_wash_in_the_park/,loc_4,other,friendly,other,not_mentioned
https://www.reddit.com/r/TheMallWorld/comments/1j7jdng/pet_wash_in_the_park/,loc_3,authority,helpful,staff,guiding
https://www.reddit.com/r/TheMallWorld/comments/1j7jdng/pet_wash_in_the_park/,loc_3,crowd,friendly,bystander,not_mentioned
https://www.reddit.com/r/TheMallWorld/comments/1j7jdng/pet_wash_in_the_park/,loc_3,other,friendly,companion,not_mentioned
https://www.reddit.com/r/TheMallWorld/comments/1j7jdng/pet_wash_in_the_park/,loc_3,other,friendly,companion,not_mentioned
https://www.reddit.com/r/TheMallWorld/comments/1j7sgt2/going_to_the_beach_except_its_never_really_a_beach/,loc_1,stranger,hostile,blocker,blocking
https://www.reddit.com/r/TheMallWorld/comments/1j7sgt2/going_to_the_beach_except_its_never_really_a_beach/,loc_1,stranger,hostile,other,not_mentioned
https://www.reddit.com/r/TheMallWorld/comments/1j7sgt2/going_to_the_beach_except_its_never_really_a_beach/,loc_3,crowd,neutral,customer,not_mentioned
https://www.reddit.com/r/TheMallWorld/comments/1j7sgt2/going_to_the_beach_except_its_never_really_a_beach/,loc_3,creature,neutral,other,not_mentioned
https://www.reddit.com/r/TheMallWorld/comments/1j7ux5x/my_experience/,loc_apartment,stranger,unfriendly,other,not_mentioned
https://www.reddit.com/r/TheMallWorld/comments/1j7ux5x/my_experience/,loc_apartment,authority,threatening,staff,not_mentioned
https://www.reddit.com/r/TheMallWorld/comments/1j7ux5x/my_experience/,loc_sky_slide,crowd,indifferent,other,not_mentioned
https://www.reddit.com/r/TheMallWorld/comments/1j85xur/anyone_been_to_my_dreamworld/,loc_8,known_person,not_mentioned,companion,not_mentioned
https://www.reddit.com/r/TheMallWorld/comments/1j85xur/anyone_been_to_my_dreamworld/,loc_6,stranger,not_mentioned,other,not_mentioned
https://www.reddit.com/r/TheMallWorld/comments/1j8dv55/i_finally_dreamed_after_2_days/,loc_1,stranger,not_mentioned,companion,not_mentioned
https://www.reddit.com/r/TheMallWorld/comments/1j8dv55/i_finally_dreamed_after_2_days/,loc_1,stranger,hostile,other,not_mentioned
https://www.reddit.com/r/TheMallWorld/comments/1j8ful9/ever_been/,loc_2,threat,hostile,chaser,not_mentioned
https://www.reddit.com/r/TheMallWorld/comments/1j8qous/amusement_park_world_with_activity_pods/,loc_3,authority,neutral,staff,guiding
https://www.reddit.com/r/TheMallWorld/comments/1j8v2vi/the_daycare/,loc_1,threat,threatening,chaser,not_mentioned
https://www.reddit.com/r/TheMallWorld/comments/1j8vpzn/i_have_a_recurring_dream_of_a_waterparkhigh_school/,loc_1,known_person,friendly,companion,not_mentioned
https://www.reddit.com/r/TheMallWorld/comments/1j8vpzn/i_have_a_recurring_dream_of_a_waterparkhigh_school/,loc_1,known_person,neutral,bystander,not_mentioned
https://www.reddit.com/r/TheMallWorld/comments/1j8vpzn/i_have_a_recurring_dream_of_a_waterparkhigh_school/,loc_1,known_person,friendly,companion,not_mentioned
https://www.reddit.com/r/TheMallWorld/comments/1j97dgo/anyone_ever_been_here/,loc_7,stranger,helpful,guide,not_mentioned
https://www.reddit.com/r/TheMallWorld/comments/1j9aiql/clothes_warehouse/,loc_1,threat,threatening,other,not_mentioned
https://www.reddit.com/r/TheMallWorld/comments/1j9b7ch/mallworld_on_a_cruise_ship/,loc_2,watcher,watching,other,not_mentioned
https://www.reddit.com/r/TheMallWorld/comments/1j9exm6/beyond/,loc_1,known_person,not_mentioned,other,not_mentioned
https://www.reddit.com/r/TheMallWorld/comments/1j9exm6/beyond/,loc_4,watcher,watching,other,observing
https://www.reddit.com/r/TheMallWorld/comments/1j9lqd7/mall_world_branch_off/,loc_gears_sky_1,stranger,helpful,guide,guiding
https://www.reddit.com/r/TheMallWorld/comments/1ja100c/i_didnt_know_anyone_had_this_happen/,loc_3,creature,not_mentioned,other,not_mentioned
https://www.reddit.com/r/TheMallWorld/comments/1ja1n3x/to_the_person_who_cut_me_off_last_night/,loc_1,stranger,hostile,other,not_mentioned
https://www.reddit.com/r/TheMallWorld/comments/1ja5oau/best_i_could_describe_it_please_read/,loc_11,crowd,confusing,bystander,not_mentioned
https://www.reddit.com/r/TheMallWorld/comments/1ja5oau/best_i_could_describe_it_please_read/,loc_13,family_member,not_mentioned,other,not_mentioned
https://www.reddit.com/r/TheMallWorld/comments/1ja5oau/best_i_could_describe_it_please_read/,loc_17,crowd,neutral,companion,not_mentioned
https://www.reddit.com/r/TheMallWorld/comments/1jaecdz/anyone_else_have_a_hostage_situation_mall_dream/,loc_1,threat,hostile,chaser,punitive
https://www.reddit.com/r/TheMallWorld/comments/1jaecdz/anyone_else_have_a_hostage_situation_mall_dream/,loc_1,stranger,threatening,other,not_mentioned
https://www.reddit.com/r/TheMallWorld/comments/1jaecdz/anyone_else_have_a_hostage_situation_mall_dream/,loc_1,child,confusing,bystander,not_mentioned
https://www.reddit.com/r/TheMallWorld/comments/1jaecdz/anyone_else_have_a_hostage_situation_mall_dream/,loc_1,crowd,threatening,bystander,not_mentioned
https://www.reddit.com/r/TheMallWorld/comments/1jaecdz/anyone_else_have_a_hostage_situation_mall_dream/,loc_1,threat,hostile,authority,punitive
https://www.reddit.com/r/TheMallWorld/comments/1jaecdz/anyone_else_have_a_hostage_situation_mall_dream/,loc_1,child,confusing,bystander,not_mentioned
https://www.reddit.com/r/TheMallWorld/comments/1jaecdz/anyone_else_have_a_hostage_situation_mall_dream/,loc_2,threat,hostile,chaser,punitive
https://www.reddit.com/r/TheMallWorld/comments/1jaecdz/anyone_else_have_a_hostage_situation_mall_dream/,loc_2,family_member,not_mentioned,not_mentioned,not_mentioned
https://www.reddit.com/r/TheMallWorld/comments/1jah9pq/does_anyone_dream_of_the_labyrinth_house/,loc_1,threat,threatening,chaser,not_mentioned
https://www.reddit.com/r/TheMallWorld/comments/1jah9pq/does_anyone_dream_of_the_labyrinth_house/,loc_3,other,not_mentioned,not_mentioned,not_mentioned
https://www.reddit.com/r/TheMallWorld/comments/1jav938/i_keep_getting_transported_to_a_resort_island/,loc_5,crowd,neutral,bystander,not_mentioned
https://www.reddit.com/r/TheMallWorld/comments/1jav938/i_keep_getting_transported_to_a_resort_island/,loc_5,stranger,confusing,guide,not_mentioned
https://www.reddit.com/r/TheMallWorld/comments/1jav938/i_keep_getting_transported_to_a_resort_island/,loc_4,watcher,watching,authority,observing
https://www.reddit.com/r/TheMallWorld/comments/1jav938/i_keep_getting_transported_to_a_resort_island/,loc_4,threat,threatening,chaser,pursuing
https://www.reddit.com/r/TheMallWorld/comments/1jav938/i_keep_getting_transported_to_a_resort_island/,loc_7,threat,threatening,chaser,pursuing
https://www.reddit.com/r/TheMallWorld/comments/1jav938/i_keep_getting_transported_to_a_resort_island/,loc_8,stranger,confusing,bystander,not_mentioned
https://www.reddit.com/r/TheMallWorld/comments/1jav938/i_keep_getting_transported_to_a_resort_island/,loc_13,threat,threatening,chaser,pursuing
https://www.reddit.com/r/TheMallWorld/comments/1jbdvap/anyone_else_have_a_reoccurring_house_thats/,loc_3,family_member,friendly,cashier,not_mentioned
https://www.reddit.com/r/TheMallWorld/comments/1jbf10q/jurassic_park_ride/,loc_1,crowd,not_mentioned,companion,not_mentioned
https://www.reddit.com/r/TheMallWorld/comments/1jbj8jk/the_mall_with_giant_statues_and_the_strange_book/,loc_1_food_court_grecian_mall,family_member,not_mentioned,not_mentioned,not_mentioned
https://www.reddit.com/r/TheMallWorld/comments/1jbj8jk/the_mall_with_giant_statues_and_the_strange_book/,loc_1_food_court_grecian_mall,friend,not_mentioned,not_mentioned,not_mentioned
https://www.reddit.com/r/TheMallWorld/comments/1jbj8jk/the_mall_with_giant_statues_and_the_strange_book/,loc_5_metaphysical_book_store,family_member,unfriendly,companion,not_mentioned
https://www.reddit.com/r/TheMallWorld/comments/1jbj8jk/the_mall_with_giant_statues_and_the_strange_book/,loc_4_two_story_mall_general,family_member,unfriendly,companion,blocking
https://www.reddit.com/r/TheMallWorld/comments/1jbj8jk/the_mall_with_giant_statues_and_the_strange_book/,loc_5_metaphysical_book_store,family_member,unfriendly,blocker,blocking
https://www.reddit.com/r/TheMallWorld/comments/1jbj8jk/the_mall_with_giant_statues_and_the_strange_book/,loc_4_two_story_mall_general,family_member,unfriendly,authority,blocking
https://www.reddit.com/r/TheMallWorld/comments/1jbj8jk/the_mall_with_giant_statues_and_the_strange_book/,loc_10_bookstore_closed_state,family_member,neutral,companion,not_mentioned
https://www.reddit.com/r/TheMallWorld/comments/1jbjg8h/some_common_themes_and_places_from_my_dream_world/,loc_8,threat,threatening,chaser,not_mentioned
https://www.reddit.com/r/TheMallWorld/comments/1jbjg8h/some_common_themes_and_places_from_my_dream_world/,loc_8,stranger,neutral,companion,not_mentioned
https://www.reddit.com/r/TheMallWorld/comments/1jbzysf/strip_of_bars/,loc_2,stranger,friendly,customer,not_mentioned
https://www.reddit.com/r/TheMallWorld/comments/1jbzysf/strip_of_bars/,loc_2,crowd,neutral,customer,not_mentioned
https://www.reddit.com/r/TheMallWorld/comments/1jc3w1w/skating_in_the_mall/,loc_2,known_person,not_mentioned,other,not_mentioned
https://www.reddit.com/r/TheMallWorld/comments/1jc3w1w/skating_in_the_mall/,loc_2,authority,neutral,security,observing
https://www.reddit.com/r/TheMallWorld/comments/1jcrpp8/the_basement_arcade/,loc_4,crowd,not_mentioned,student,not_mentioned
https://www.reddit.com/r/TheMallWorld/comments/1jd4xst/gnome_village_with_a_cafe/,loc_1,creature,hostile,blocker,blocking
https://www.reddit.com/r/TheMallWorld/comments/1jd8idq/mels_tiki_bar/,loc_1,authority,friendly,staff,not_mentioned
https://www.reddit.com/r/TheMallWorld/comments/1jd8idq/mels_tiki_bar/,loc_1,crowd,neutral,customer,not_mentioned
https://www.reddit.com/r/TheMallWorld/comments/1jd8idq/mels_tiki_bar/,loc_2,crowd,unfriendly,customer,not_mentioned
https://www.reddit.com/r/TheMallWorld/comments/1jdrpcc/has_anyone_been_here/,loc_3,creature,neutral,authority,blocking
https://www.reddit.com/r/TheMallWorld/comments/1jdtv0f/riverboat_mobile_homes_that_take_you_to_a/,loc_1,family_member,not_mentioned,other,not_mentioned
https://www.reddit.com/r/TheMallWorld/comments/1jdtv0f/riverboat_mobile_homes_that_take_you_to_a/,loc_1,creature,threatening,other,not_mentioned
https://www.reddit.com/r/TheMallWorld/comments/1jdu3ua/forbidden_campground_with_a_portal_closet/,loc_1,authority,not_mentioned,guide,observing
https://www.reddit.com/r/TheMallWorld/comments/1jdx87s/oh_the_places_youll_go_well_i_go_i_guess/,loc_7,crowd,neutral,bystander,not_mentioned
https://www.reddit.com/r/TheMallWorld/comments/1jecpss/am_i_the_only_one/,loc_6,threat,threatening,other,not_mentioned
https://www.reddit.com/r/TheMallWorld/comments/1jecpss/am_i_the_only_one/,loc_7,child,neutral,bystander,not_mentioned
https://www.reddit.com/r/TheMallWorld/comments/1jecpss/am_i_the_only_one/,loc_7,authority,confusing,other,observing
https://www.reddit.com/r/TheMallWorld/comments/1jecpss/am_i_the_only_one/,loc_7,crowd,neutral,bystander,not_mentioned
https://www.reddit.com/r/TheMallWorld/comments/1jecz6v/anyone_at_the_theater_last_night/,loc_1,crowd,friendly,other,not_mentioned
https://www.reddit.com/r/TheMallWorld/comments/1jecz6v/anyone_at_the_theater_last_night/,loc_1,stranger,neutral,bystander,not_mentioned
https://www.reddit.com/r/TheMallWorld/comments/1jey7za/long_ago_experience/,loc_1,friend,neutral,companion,not_mentioned
https://www.reddit.com/r/TheMallWorld/comments/1jey7za/long_ago_experience/,loc_2,crowd,hostile,bystander,not_mentioned
https://www.reddit.com/r/TheMallWorld/comments/1jey7za/long_ago_experience/,loc_2,stranger,neutral,other,not_mentioned
https://www.reddit.com/r/TheMallWorld/comments/1jey7za/long_ago_experience/,loc_1,crowd,not_mentioned,bystander,not_mentioned
https://www.reddit.com/r/TheMallWorld/comments/1jf3oxu/field_of_dead_grass/,loc_3,watcher,watching,other,not_mentioned
https://www.reddit.com/r/TheMallWorld/comments/1jf3oxu/field_of_dead_grass/,loc_3,watcher,watching,other,not_mentioned
https://www.reddit.com/r/TheMallWorld/comments/1jf5nr2/the_forest/,loc_2,stranger,not_mentioned,other,not_mentioned
https://www.reddit.com/r/TheMallWorld/comments/1jf5nr2/the_forest/,loc_2,stranger,not_mentioned,other,not_mentioned
https://www.reddit.com/r/TheMallWorld/comments/1jf73nb/dreamed_about_my_mall_last_night/,loc_2,stranger,neutral,companion,not_mentioned
https://www.reddit.com/r/TheMallWorld/comments/1jf73nb/dreamed_about_my_mall_last_night/,loc_2,stranger,helpful,companion,not_mentioned
https://www.reddit.com/r/TheMallWorld/comments/1jf73nb/dreamed_about_my_mall_last_night/,loc_2,stranger,neutral,other,not_mentioned
https://www.reddit.com/r/TheMallWorld/comments/1jf73nb/dreamed_about_my_mall_last_night/,loc_2,crowd,neutral,customer,not_mentioned
https://www.reddit.com/r/TheMallWorld/comments/1jf73nb/dreamed_about_my_mall_last_night/,loc_3,stranger,neutral,companion,not_mentioned
https://www.reddit.com/r/TheMallWorld/comments/1jffkl4/the_most_eerie_place_in_mall_world/,loc_3,threat,hostile,blocker,blocking
https://www.reddit.com/r/TheMallWorld/comments/1jffkl4/the_most_eerie_place_in_mall_world/,loc_4,creature,not_mentioned,not_mentioned,not_mentioned
https://www.reddit.com/r/TheMallWorld/comments/1jflfso/mallworld_dream_in_a_dream/,loc_1,known_person,not_mentioned,other,not_mentioned
https://www.reddit.com/r/TheMallWorld/comments/1jgtn4d/the_ninja_turtles_experience/,loc_3,stranger,neutral,staff,not_mentioned
https://www.reddit.com/r/TheMallWorld/comments/1jh5vr9/last_night_i_dreamt_of_a_museum_that_had_stacks/,loc_1,authority,friendly,staff,guiding
https://www.reddit.com/r/TheMallWorld/comments/1jh5vr9/last_night_i_dreamt_of_a_museum_that_had_stacks/,loc_1,creature,not_mentioned,other,not_mentioned
https://www.reddit.com/r/TheMallWorld/comments/1jhfj8o/hotel_resort_casino_dream/,loc_1,crowd,not_mentioned,bystander,not_mentioned
https://www.reddit.com/r/TheMallWorld/comments/1jid4oz/the_feed_tack_storepet_shophorse_stable/,loc_1,creature,neutral,other,not_mentioned
https://www.reddit.com/r/TheMallWorld/comments/1jid4oz/the_feed_tack_storepet_shophorse_stable/,loc_2,creature,neutral,other,not_mentioned
https://www.reddit.com/r/TheMallWorld/comments/1jiix3s/i_feel_lost_here/,loc_1,friend,not_mentioned,companion,not_mentioned
https://www.reddit.com/r/TheMallWorld/comments/1jiix3s/i_feel_lost_here/,loc_1,crowd,not_mentioned,bystander,not_mentioned
https://www.reddit.com/r/TheMallWorld/comments/1jij9ej/i_keep_going_to_secret_bars_at_the_landfill/,loc_1,crowd,threatening,bystander,not_mentioned
https://www.reddit.com/r/TheMallWorld/comments/1jiqj0i/movie_theater/,loc_3,threat,threatening,other,not_mentioned
https://www.reddit.com/r/TheMallWorld/comments/1jiqj0i/movie_theater/,loc_3,threat,threatening,other,not_mentioned
https://www.reddit.com/r/TheMallWorld/comments/1jiqj0i/movie_theater/,loc_3,other,threatening,other,not_mentioned
https://www.reddit.com/r/TheMallWorld/comments/1jiyuvg/lavish_resort_in_paradise_with_three_large_pools/,loc_2,crowd,not_mentioned,bystander,not_mentioned
https://www.reddit.com/r/TheMallWorld/comments/1jiyuvg/lavish_resort_in_paradise_with_three_large_pools/,loc_4,stranger,not_mentioned,other,not_mentioned
https://www.reddit.com/r/TheMallWorld/comments/1jiyuvg/lavish_resort_in_paradise_with_three_large_pools/,loc_4,stranger,not_mentioned,other,not_mentioned
https://www.reddit.com/r/TheMallWorld/comments/1jji56a/creepy_theater_and_elevator/,loc_1,authority,unfriendly,staff,blocking
https://www.reddit.com/r/TheMallWorld/comments/1jji56a/creepy_theater_and_elevator/,loc_1,threat,threatening,other,not_mentioned
https://www.reddit.com/r/TheMallWorld/comments/1jji56a/creepy_theater_and_elevator/,loc_3,stranger,neutral,bystander,not_mentioned
https://www.reddit.com/r/TheMallWorld/comments/1jji56a/creepy_theater_and_elevator/,loc_4,stranger,confusing,bystander,not_mentioned
https://www.reddit.com/r/TheMallWorld/comments/1jjipvr/apartment_garden/,loc_2,crowd,neutral,bystander,not_mentioned
https://www.reddit.com/r/TheMallWorld/comments/1jjlha0/docks_in_the_middle_of_the_water_old_man/,loc_1,stranger,neutral,guide,guiding
https://www.reddit.com/r/TheMallWorld/comments/1jjnl10/reality_shifting_and_mw/,loc_1,family_member,unfriendly,other,not_mentioned
https://www.reddit.com/r/TheMallWorld/comments/1jjnl10/reality_shifting_and_mw/,loc_6,creature,hostile,chaser,not_mentioned
https://www.reddit.com/r/TheMallWorld/comments/1jjq7ve/has_anyone_else_been_to_this_restaurant/,loc_1,friend,neutral,companion,not_mentioned
https://www.reddit.com/r/TheMallWorld/comments/1jjq7ve/has_anyone_else_been_to_this_restaurant/,loc_1,friend,neutral,guide,guiding
https://www.reddit.com/r/TheMallWorld/comments/1jk2xaf/night_club_in_a_basement_or_secret_room/,loc_1,authority,neutral,security,observing
https://www.reddit.com/r/TheMallWorld/comments/1jkoeaw/dream_home_different_than_real_one/,loc_1,known_person,not_mentioned,other,not_mentioned
https://www.reddit.com/r/TheMallWorld/comments/1jlg7yq/the_angels_of_the_astral_city_revealed_their/,loc_1,creature,friendly,other,not_mentioned
https://www.reddit.com/r/TheMallWorld/comments/1jlg7yq/the_angels_of_the_astral_city_revealed_their/,loc_1,crowd,neutral,other,not_mentioned
https://www.reddit.com/r/TheMallWorld/comments/1jlg7yq/the_angels_of_the_astral_city_revealed_their/,loc_2,stranger,neutral,bystander,not_mentioned
https://www.reddit.com/r/TheMallWorld/comments/1jlg7yq/the_angels_of_the_astral_city_revealed_their/,loc_2,stranger,friendly,other,not_mentioned
https://www.reddit.com/r/TheMallWorld/comments/1jlg7yq/the_angels_of_the_astral_city_revealed_their/,loc_2,stranger,neutral,bystander,not_mentioned
https://www.reddit.com/r/TheMallWorld/comments/1jlinuc/more_of_a_community_than_mall/,loc_0,crowd,friendly,companion,not_mentioned
https://www.reddit.com/r/TheMallWorld/comments/1jlinuc/more_of_a_community_than_mall/,loc_0,known_person,not_mentioned,companion,not_mentioned
https://www.reddit.com/r/TheMallWorld/comments/1jlinuc/more_of_a_community_than_mall/,loc_0,other,not_mentioned,companion,not_mentioned
https://www.reddit.com/r/TheMallWorld/comments/1jlvi7v/the_last_floor/,loc_2,stranger,unfriendly,blocker,blocking
https://www.reddit.com/r/TheMallWorld/comments/1jlvi7v/the_last_floor/,loc_2,stranger,confusing,other,not_mentioned
https://www.reddit.com/r/TheMallWorld/comments/1jlvi7v/the_last_floor/,loc_2,other,neutral,guide,guiding
https://www.reddit.com/r/TheMallWorld/comments/1jlvi7v/the_last_floor/,loc_2,threat,threatening,chaser,pursuing
https://www.reddit.com/r/TheMallWorld/comments/1jlvi7v/the_last_floor/,loc_2,threat,threatening,chaser,pursuing
https://www.reddit.com/r/TheMallWorld/comments/1jm92f1/anyone_been_to_any_restaurants_in_mallword/,loc_1,stranger,neutral,staff,not_mentioned
https://www.reddit.com/r/TheMallWorld/comments/1jme1mt/a_movie_trailer_in_a_dream/,loc_1,other,not_mentioned,not_mentioned,not_mentioned
https://www.reddit.com/r/TheMallWorld/comments/1jme1mt/a_movie_trailer_in_a_dream/,loc_2,stranger,neutral,other,not_mentioned
https://www.reddit.com/r/TheMallWorld/comments/1jme1mt/a_movie_trailer_in_a_dream/,loc_2,stranger,not_mentioned,other,not_mentioned
https://www.reddit.com/r/TheMallWorld/comments/1jme1mt/a_movie_trailer_in_a_dream/,loc_2,family_member,neutral,other,not_mentioned
https://www.reddit.com/r/TheMallWorld/comments/1jn1nb0/something_i_remembered_recently/,loc_1,other,not_mentioned,other,not_mentioned
https://www.reddit.com/r/TheMallWorld/comments/1jn8rwh/childhood_dream/,loc_1,family_member,not_mentioned,companion,not_mentioned
https://www.reddit.com/r/TheMallWorld/comments/1jn8rwh/childhood_dream/,loc_1,stranger,not_mentioned,other,not_mentioned
https://www.reddit.com/r/TheMallWorld/comments/1jn8rwh/childhood_dream/,loc_1,child,not_mentioned,other,not_mentioned
https://www.reddit.com/r/TheMallWorld/comments/1jn8rwh/childhood_dream/,loc_1,stranger,not_mentioned,other,not_mentioned
https://www.reddit.com/r/TheMallWorld/comments/1jn8rwh/childhood_dream/,loc_1,child,not_mentioned,other,not_mentioned
https://www.reddit.com/r/TheMallWorld/comments/1jnelx8/some_childhood_dream_locations/,loc_5,threat,threatening,chaser,not_mentioned
https://www.reddit.com/r/TheMallWorld/comments/1jnelx8/some_childhood_dream_locations/,loc_4,threat,hostile,authority,punitive
https://www.reddit.com/r/TheMallWorld/comments/1jni7yq/mountain_top_mansion/,loc_3,authority,not_mentioned,authority,not_mentioned
https://www.reddit.com/r/TheMallWorld/comments/1jogzm4/last_25_years_every_night/,loc_1,deceased,not_mentioned,not_mentioned,not_mentioned
https://www.reddit.com/r/TheMallWorld/comments/1jomar8/my_mallworld/,loc_1,family_member,not_mentioned,companion,not_mentioned
https://www.reddit.com/r/TheMallWorld/comments/1jomar8/my_mallworld/,loc_1,family_member,not_mentioned,companion,not_mentioned
https://www.reddit.com/r/TheMallWorld/comments/1jomar8/my_mallworld/,loc_1,family_member,not_mentioned,bystander,not_mentioned
https://www.reddit.com/r/TheMallWorld/comments/1jomar8/my_mallworld/,loc_3,threat,hostile,chaser,not_mentioned
https://www.reddit.com/r/TheMallWorld/comments/1jomar8/my_mallworld/,loc_3,known_person,not_mentioned,companion,not_mentioned
https://www.reddit.com/r/TheMallWorld/comments/1jomar8/my_mallworld/,loc_7,family_member,friendly,bystander,not_mentioned
https://www.reddit.com/r/TheMallWorld/comments/1jomar8/my_mallworld/,loc_7,family_member,friendly,bystander,not_mentioned
https://www.reddit.com/r/TheMallWorld/comments/1jomar8/my_mallworld/,loc_7,crowd,neutral,bystander,not_mentioned
https://www.reddit.com/r/TheMallWorld/comments/1jonq8b/has_anyone_been_here_coastal_town/,loc_4_3,stranger,neutral,customer,not_mentioned
https://www.reddit.com/r/TheMallWorld/comments/1jp0dwg/so_excited_to_have_found_this_community_my_dreams/,loc_2,crowd,neutral,companion,not_mentioned
https://www.reddit.com/r/TheMallWorld/comments/1jp0dwg/so_excited_to_have_found_this_community_my_dreams/,loc_16,authority,threatening,authority,pursuing
https://www.reddit.com/r/TheMallWorld/comments/1jp0dwg/so_excited_to_have_found_this_community_my_dreams/,loc_16,other,neutral,companion,not_mentioned
https://www.reddit.com/r/TheMallWorld/comments/1jp0dwg/so_excited_to_have_found_this_community_my_dreams/,loc_19,authority,threatening,security,blocking
https://www.reddit.com/r/TheMallWorld/comments/1jps10k/a_reoccurring_dream_of_a_city/,loc_13,crowd,not_mentioned,bystander,not_mentioned
https://www.reddit.com/r/TheMallWorld/comments/1jptj68/does_anyones_mallworld_have_an_endless_jungle_gym/,loc_1,crowd,neutral,bystander,not_mentioned
https://www.reddit.com/r/TheMallWorld/comments/1jpxnmc/just_found_this/,loc_8,stranger,helpful,companion,not_mentioned
https://www.reddit.com/r/TheMallWorld/comments/1jq0eyb/the_white_place/,loc_1,crowd,not_mentioned,bystander,not_mentioned
https://www.reddit.com/r/TheMallWorld/comments/1jq1v09/parking_lots/,loc_1,authority,indifferent,staff,observing
https://www.reddit.com/r/TheMallWorld/comments/1jq1wby/under_surveillance_and_being_arrested/,loc_1,crowd,neutral,bystander,not_mentioned
https://www.reddit.com/r/TheMallWorld/comments/1jq1wby/under_surveillance_and_being_arrested/,loc_1,authority,neutral,security,observing
https://www.reddit.com/r/TheMallWorld/comments/1jq1wby/under_surveillance_and_being_arrested/,loc_1,authority,neutral,security,blocking
https://www.reddit.com/r/TheMallWorld/comments/1jq1wby/under_surveillance_and_being_arrested/,loc_1,authority,neutral,security,blocking
https://www.reddit.com/r/TheMallWorld/comments/1jq1wby/under_surveillance_and_being_arrested/,loc_1,authority,helpful,security,guiding
https://www.reddit.com/r/TheMallWorld/comments/1jql5w7/last_night_i_was_in_the_school_what_similar/,loc_2,authority,indifferent,authority,blocking
https://www.reddit.com/r/TheMallWorld/comments/1jql5w7/last_night_i_was_in_the_school_what_similar/,loc_2,authority,indifferent,staff,not_mentioned
https://www.reddit.com/r/TheMallWorld/comments/1jql5w7/last_night_i_was_in_the_school_what_similar/,loc_3,authority,indifferent,other,blocking
https://www.reddit.com/r/TheMallWorld/comments/1jql5w7/last_night_i_was_in_the_school_what_similar/,loc_1,child,not_mentioned,other,not_mentioned
https://www.reddit.com/r/TheMallWorld/comments/1jql5w7/last_night_i_was_in_the_school_what_similar/,loc_3,authority,unfriendly,other,blocking
https://www.reddit.com/r/TheMallWorld/comments/1js0wnb/the_subway/,loc_3,stranger,neutral,bystander,not_mentioned
https://www.reddit.com/r/TheMallWorld/comments/1jss2ap/opulent_elevator/,loc_2,stranger,not_mentioned,other,not_mentioned
https://www.reddit.com/r/TheMallWorld/comments/1jt7kt0/futuristic_underground_mall/,loc_2,crowd,unfriendly,bystander,not_mentioned
https://www.reddit.com/r/TheMallWorld/comments/1jtdgu0/the_hotel/,loc_3,stranger,unfriendly,cashier,not_mentioned
https://www.reddit.com/r/TheMallWorld/comments/1jtxa3a/dreams_and_life_lol/,loc_1,authority,hostile,authority,punitive
https://www.reddit.com/r/TheMallWorld/comments/1jtxa3a/dreams_and_life_lol/,loc_1,family_member,indifferent,bystander,not_mentioned
https://www.reddit.com/r/TheMallWorld/comments/1jtxa3a/dreams_and_life_lol/,loc_1,family_member,indifferent,bystander,not_mentioned
https://www.reddit.com/r/TheMallWorld/comments/1jtxa3a/dreams_and_life_lol/,loc_1,authority,hostile,authority,punitive
https://www.reddit.com/r/TheMallWorld/comments/1juziiy/mall_terrorism/,loc_1,authority,threatening,security,punitive
https://www.reddit.com/r/TheMallWorld/comments/1juziiy/mall_terrorism/,loc_1,authority,threatening,security,punitive
https://www.reddit.com/r/TheMallWorld/comments/1juziiy/mall_terrorism/,loc_1,crowd,confusing,bystander,not_mentioned
https://www.reddit.com/r/TheMallWorld/comments/1juziiy/mall_terrorism/,loc_2,stranger,neutral,other,not_mentioned
https://www.reddit.com/r/TheMallWorld/comments/1jv16u3/shared_the_mall_dream_on_reddit_now_im_waking_up/,loc_4,crowd,watching,bystander,not_mentioned
https://www.reddit.com/r/TheMallWorld/comments/1jwd6mr/had_a_really_intense_visit_last_night/,loc_1,other,neutral,companion,not_mentioned
https://www.reddit.com/r/TheMallWorld/comments/1jwd6mr/had_a_really_intense_visit_last_night/,loc_1,authority,hostile,chaser,pursuing
https://www.reddit.com/r/TheMallWorld/comments/1jwd6mr/had_a_really_intense_visit_last_night/,loc_1,family_member,neutral,bystander,not_mentioned
https://www.reddit.com/r/TheMallWorld/comments/1jwd6mr/had_a_really_intense_visit_last_night/,loc_1,crowd,not_mentioned,bystander,not_mentioned
https://www.reddit.com/r/TheMallWorld/comments/1jxa9po/its_larger_than_this_but_you_should_get_it/,loc_1,crowd,neutral,bystander,not_mentioned
https://www.reddit.com/r/TheMallWorld/comments/1jxaflc/sometimes_im_lucid_in_this_world/,loc_1,stranger,not_mentioned,other,not_mentioned
https://www.reddit.com/r/TheMallWorld/comments/1jxaflc/sometimes_im_lucid_in_this_world/,loc_1,stranger,not_mentioned,other,not_mentioned
https://www.reddit.com/r/TheMallWorld/comments/1jxd9rv/my_nightmare/,loc_2,other,hostile,authority,punitive
https://www.reddit.com/r/TheMallWorld/comments/1jxeskf/last_night_was_odd_anyone_else/,loc_1,crowd,threatening,other,not_mentioned
https://www.reddit.com/r/TheMallWorld/comments/1jxeskf/last_night_was_odd_anyone_else/,loc_1,stranger,confusing,other,not_mentioned
https://www.reddit.com/r/TheMallWorld/comments/1jxeskf/last_night_was_odd_anyone_else/,loc_1,family_member,confusing,bystander,not_mentioned
https://www.reddit.com/r/TheMallWorld/comments/1jxeskf/last_night_was_odd_anyone_else/,loc_1,stranger,neutral,other,not_mentioned
https://www.reddit.com/r/TheMallWorld/comments/1jxeskf/last_night_was_odd_anyone_else/,loc_1,crowd,unfriendly,blocker,blocking
https://www.reddit.com/r/TheMallWorld/comments/1jxgc1s/met_someone_last_night/,loc_2,stranger,friendly,staff,not_mentioned
https://www.reddit.com/r/TheMallWorld/comments/1jxj0eb/herding_cats/,loc_1,creature,not_mentioned,other,not_mentioned
https://www.reddit.com/r/TheMallWorld/comments/1jxj0eb/herding_cats/,loc_2,crowd,unfriendly,bystander,not_mentioned
https://www.reddit.com/r/TheMallWorld/comments/1jxj0eb/herding_cats/,loc_2,creature,not_mentioned,other,not_mentioned
https://www.reddit.com/r/TheMallWorld/comments/1jxnxvx/thank_you_all/,loc_mall_1,other,not_mentioned,not_mentioned,not_mentioned
https://www.reddit.com/r/TheMallWorld/comments/1jxnxvx/thank_you_all/,loc_mall_1,other,not_mentioned,not_mentioned,not_mentioned
https://www.reddit.com/r/TheMallWorld/comments/1jxnxvx/thank_you_all/,loc_mall_1,known_person,not_mentioned,other,not_mentioned
https://www.reddit.com/r/TheMallWorld/comments/1jxwgmb/festival_world/,loc_1,deceased,not_mentioned,bystander,not_mentioned
https://www.reddit.com/r/TheMallWorld/comments/1jxx600/arcade_duplex/,loc_1,crowd,not_mentioned,staff,not_mentioned
https://www.reddit.com/r/TheMallWorld/comments/1jxx6c0/glass_elevator_building/,loc_2,crowd,neutral,bystander,not_mentioned
https://www.reddit.com/r/TheMallWorld/comments/1jxzpqi/was_everyone_outside_last_night/,loc_1,crowd,not_mentioned,other,not_mentioned
https://www.reddit.com/r/TheMallWorld/comments/1jxzpqi/was_everyone_outside_last_night/,loc_2,stranger,hostile,blocker,blocking
https://www.reddit.com/r/TheMallWorld/comments/1jxzpqi/was_everyone_outside_last_night/,loc_2,stranger,hostile,blocker,blocking
https://www.reddit.com/r/TheMallWorld/comments/1jxzpqi/was_everyone_outside_last_night/,loc_1,friend,not_mentioned,companion,not_mentioned
https://www.reddit.com/r/TheMallWorld/comments/1jxzpqi/was_everyone_outside_last_night/,loc_1,other,not_mentioned,other,not_mentioned
https://www.reddit.com/r/TheMallWorld/comments/1jxzpqi/was_everyone_outside_last_night/,loc_3,crowd,not_mentioned,other,not_mentioned
https://www.reddit.com/r/TheMallWorld/comments/1jy33oo/bookstore_and_outdoor_mall/,loc_2,crowd,neutral,bystander,not_mentioned
https://www.reddit.com/r/TheMallWorld/comments/1jy33oo/bookstore_and_outdoor_mall/,loc_3,stranger,friendly,staff,not_mentioned
https://www.reddit.com/r/TheMallWorld/comments/1jy33oo/bookstore_and_outdoor_mall/,loc_3,stranger,friendly,staff,not_mentioned
https://www.reddit.com/r/TheMallWorld/comments/1jy33oo/bookstore_and_outdoor_mall/,loc_5,crowd,friendly,customer,not_mentioned
https://www.reddit.com/r/TheMallWorld/comments/1jy362i/dreams_store/,loc_2,child,confusing,companion,not_mentioned
https://www.reddit.com/r/TheMallWorld/comments/1jy362i/dreams_store/,loc_2,child,neutral,companion,not_mentioned
https://www.reddit.com/r/TheMallWorld/comments/1jyb23p/anyone_else_been_here/,loc_1,crowd,helpful,guide,not_mentioned
https://www.reddit.com/r/TheMallWorld/comments/1jyz37b/a_murder/,loc_1,stranger,not_mentioned,not_mentioned,not_mentioned
https://www.reddit.com/r/TheMallWorld/comments/1jyz37b/a_murder/,loc_1,authority,threatening,security,pursuing
https://www.reddit.com/r/TheMallWorld/comments/1jyz37b/a_murder/,loc_3,crowd,confusing,bystander,not_mentioned
https://www.reddit.com/r/TheMallWorld/comments/1jyz37b/a_murder/,loc_3,other,not_mentioned,not_mentioned,not_mentioned
https://www.reddit.com/r/TheMallWorld/comments/1jzd91y/dream_police/,loc_3,crowd,watching,bystander,not_mentioned
https://www.reddit.com/r/TheMallWorld/comments/1jzd91y/dream_police/,loc_3,authority,hostile,authority,blocking
https://www.reddit.com/r/TheMallWorld/comments/1jzd91y/dream_police/,loc_3,stranger,helpful,guide,not_mentioned
https://www.reddit.com/r/TheMallWorld/comments/1jzd91y/dream_police/,loc_1,watcher,watching,bystander,observing
https://www.reddit.com/r/TheMallWorld/comments/1jzo9dc/explosionfire/,loc_1,crowd,not_mentioned,bystander,not_mentioned
https://www.reddit.com/r/TheMallWorld/comments/1jzo9dc/explosionfire/,loc_1,crowd,not_mentioned,bystander,not_mentioned
https://www.reddit.com/r/TheMallWorld/comments/1jzo9dc/explosionfire/,loc_1,stranger,confusing,other,not_mentioned
https://www.reddit.com/r/TheMallWorld/comments/1jzztx0/dream_map/,loc_bunker,crowd,not_mentioned,bystander,not_mentioned
https://www.reddit.com/r/TheMallWorld/comments/1jzztx0/dream_map/,loc_suburbs,threat,threatening,chaser,not_mentioned
https://www.reddit.com/r/TheMallWorld/comments/1k089p4/have_you_been_able_to_use_your_phone/,loc_1,known_person,not_mentioned,not_mentioned,not_mentioned
https://www.reddit.com/r/TheMallWorld/comments/1k089p4/have_you_been_able_to_use_your_phone/,loc_1,known_person,indifferent,companion,not_mentioned
https://www.reddit.com/r/TheMallWorld/comments/1k0b0xi/i_saw_these_two_in_my_mall_world_last_night/,loc_1,other,neutral,other,not_mentioned
https://www.reddit.com/r/TheMallWorld/comments/1k0b0xi/i_saw_these_two_in_my_mall_world_last_night/,loc_1,other,neutral,other,not_mentioned
https://www.reddit.com/r/TheMallWorld/comments/1k0b0xi/i_saw_these_two_in_my_mall_world_last_night/,loc_1,other,friendly,bystander,not_mentioned
https://www.reddit.com/r/TheMallWorld/comments/1k14ezb/have_you_seen_a_reception_hallballroomdining_ball/,loc_1,crowd,neutral,bystander,not_mentioned
https://www.reddit.com/r/TheMallWorld/comments/1k17les/interested_in_finding_out_if_anyone_else_has_had/,loc_1,crowd,threatening,other,not_mentioned
https://www.reddit.com/r/TheMallWorld/comments/1k17les/interested_in_finding_out_if_anyone_else_has_had/,loc_1,crowd,hostile,chaser,not_mentioned
https://www.reddit.com/r/TheMallWorld/comments/1k17les/interested_in_finding_out_if_anyone_else_has_had/,loc_2,crowd,hostile,chaser,not_mentioned
https://www.reddit.com/r/TheMallWorld/comments/1k1ev1z/anyone_else_spend_time_in_an_industrial_district/,loc_3,stranger,neutral,other,not_mentioned
https://www.reddit.com/r/TheMallWorld/comments/1k1ev1z/anyone_else_spend_time_in_an_industrial_district/,loc_3,other,not_mentioned,staff,not_mentioned
https://www.reddit.com/r/TheMallWorld/comments/1k1h5ef/who_am_i_with_in_mallworld/,loc_2,stranger,neutral,companion,not_mentioned
https://www.reddit.com/r/TheMallWorld/comments/1k1h5ef/who_am_i_with_in_mallworld/,loc_12,stranger,confusing,companion,not_mentioned
https://www.reddit.com/r/TheMallWorld/comments/1k1hz78/my_experience_in_mall_world_spencers_with_my/,loc_1,stranger,friendly,companion,not_mentioned
https://www.reddit.com/r/TheMallWorld/comments/1k1hz78/my_experience_in_mall_world_spencers_with_my/,loc_2,crowd,unfriendly,bystander,not_mentioned
https://www.reddit.com/r/TheMallWorld/comments/1k1hz78/my_experience_in_mall_world_spencers_with_my/,loc_2,stranger,friendly,companion,not_mentioned
https://www.reddit.com/r/TheMallWorld/comments/1k1yyxo/i_entered_mallworld_from_outside_of_it_and_saw_it/,loc_2,crowd,unfriendly,bystander,not_mentioned
https://www.reddit.com/r/TheMallWorld/comments/1k1yyxo/i_entered_mallworld_from_outside_of_it_and_saw_it/,loc_4,crowd,neutral,customer,not_mentioned
https://www.reddit.com/r/TheMallWorld/comments/1k1yyxo/i_entered_mallworld_from_outside_of_it_and_saw_it/,loc_7,stranger,confusing,staff,observing
https://www.reddit.com/r/TheMallWorld/comments/1k1yyxo/i_entered_mallworld_from_outside_of_it_and_saw_it/,loc_7,stranger,neutral,staff,not_mentioned
https://www.reddit.com/r/TheMallWorld/comments/1k22kin/have_you_found_a_car/,loc_4,authority,not_mentioned,authority,punitive
https://www.reddit.com/r/TheMallWorld/comments/1k27xk3/the_white_mansion/,loc_1,stranger,neutral,bystander,not_mentioned
https://www.reddit.com/r/TheMallWorld/comments/1k27xk3/the_white_mansion/,loc_1,crowd,unfriendly,other,not_mentioned
https://www.reddit.com/r/TheMallWorld/comments/1k27xk3/the_white_mansion/,loc_1,crowd,friendly,staff,not_mentioned
https://www.reddit.com/r/TheMallWorld/comments/1k27xk3/the_white_mansion/,loc_2,known_person,neutral,bystander,not_mentioned
https://www.reddit.com/r/TheMallWorld/comments/1k27xk3/the_white_mansion/,loc_1,crowd,confusing,other,not_mentioned
https://www.reddit.com/r/TheMallWorld/comments/1k27xk3/the_white_mansion/,loc_1,known_person,confusing,companion,not_mentioned
https://www.reddit.com/r/TheMallWorld/comments/1k27xk3/the_white_mansion/,loc_3,known_person,not_mentioned,companion,not_mentioned
https://www.reddit.com/r/TheMallWorld/comments/1k2atr6/mallworld_locations/,loc_1,crowd,confusing,customer,not_mentioned
https://www.reddit.com/r/TheMallWorld/comments/1k2atr6/mallworld_locations/,loc_6,crowd,friendly,bystander,not_mentioned
https://www.reddit.com/r/TheMallWorld/comments/1k2g0g5/the_never_ending_basement/,loc_3,threat,watching,other,not_mentioned
https://www.reddit.com/r/TheMallWorld/comments/1k2g0g5/the_never_ending_basement/,loc_5,crowd,not_mentioned,bystander,not_mentioned
https://www.reddit.com/r/TheMallWorld/comments/1k2j3do/pool_party/,loc_1,stranger,not_mentioned,companion,not_mentioned
https://www.reddit.com/r/TheMallWorld/comments/1k2ngd7/black_ship_in_a_thunderstorm/,loc_1,threat,hostile,chaser,not_mentioned
https://www.reddit.com/r/TheMallWorld/comments/1k2ngd7/black_ship_in_a_thunderstorm/,loc_3,threat,hostile,other,punitive
https://www.reddit.com/r/TheMallWorld/comments/1k38s73/haunted_hotel/,loc_1,threat,threatening,bystander,not_mentioned
https://www.reddit.com/r/TheMallWorld/comments/1k38s73/haunted_hotel/,loc_1,shadow,watching,bystander,not_mentioned
https://www.reddit.com/r/TheMallWorld/comments/1k38s73/haunted_hotel/,loc_1,stranger,not_mentioned,other,not_mentioned
https://www.reddit.com/r/TheMallWorld/comments/1k38sdv/haunted_hotel/,loc_1,threat,watching,bystander,not_mentioned
https://www.reddit.com/r/TheMallWorld/comments/1k38sdv/haunted_hotel/,loc_1,shadow,watching,bystander,not_mentioned
https://www.reddit.com/r/TheMallWorld/comments/1k38sdv/haunted_hotel/,loc_1,stranger,not_mentioned,other,not_mentioned
https://www.reddit.com/r/TheMallWorld/comments/1k3gxpn/live_theater/,loc_4,authority,unfriendly,staff,blocking
https://www.reddit.com/r/TheMallWorld/comments/1k3gxpn/live_theater/,loc_5,threat,threatening,other,not_mentioned
https://www.reddit.com/r/TheMallWorld/comments/1k3kddr/warehouse_room/,loc_1,other,not_mentioned,companion,not_mentioned
https://www.reddit.com/r/TheMallWorld/comments/1k3q77k/mall_college/,loc_4,crowd,neutral,student,not_mentioned
https://www.reddit.com/r/TheMallWorld/comments/1k3q77k/mall_college/,loc_4,crowd,neutral,customer,not_mentioned
https://www.reddit.com/r/TheMallWorld/comments/1k3rm0t/escaping_the_hotel/,loc_1,authority,not_mentioned,staff,not_mentioned
https://www.reddit.com/r/TheMallWorld/comments/1k3rm0t/escaping_the_hotel/,loc_2,authority,confusing,staff,not_mentioned
https://www.reddit.com/r/TheMallWorld/comments/1k41xxo/recurring_dreams_about_missiles_raining_down_from/,loc_1,family_member,neutral,companion,not_mentioned
https://www.reddit.com/r/TheMallWorld/comments/1k4l5la/my_dream_world_burned_down/,loc_4,family_member,neutral,companion,not_mentioned
https://www.reddit.com/r/TheMallWorld/comments/1k4l5la/my_dream_world_burned_down/,loc_4,known_person,not_mentioned,bystander,not_mentioned
https://www.reddit.com/r/TheMallWorld/comments/1k4l5la/my_dream_world_burned_down/,loc_4,stranger,not_mentioned,bystander,not_mentioned
https://www.reddit.com/r/TheMallWorld/comments/1k4o7nb/my_mall_dream/,loc_2,stranger,neutral,other,not_mentioned
https://www.reddit.com/r/TheMallWorld/comments/1k4o7nb/my_mall_dream/,loc_2,authority,neutral,authority,guiding
https://www.reddit.com/r/TheMallWorld/comments/1k4o7nb/my_mall_dream/,loc_2,authority,neutral,authority,not_mentioned
https://www.reddit.com/r/TheMallWorld/comments/1k4o7nb/my_mall_dream/,loc_3,crowd,unfriendly,student,not_mentioned
https://www.reddit.com/r/TheMallWorld/comments/1k4o7nb/my_mall_dream/,loc_7,authority,confusing,authority,not_mentioned
https://www.reddit.com/r/TheMallWorld/comments/1k4sco0/sinister_lazy_river_dreamscape/,loc_2,crowd,not_mentioned,other,not_mentioned
https://www.reddit.com/r/TheMallWorld/comments/1k4ydg7/the_sign_of_the_times/,loc_1,other,not_mentioned,companion,not_mentioned
https://www.reddit.com/r/TheMallWorld/comments/1k4ydg7/the_sign_of_the_times/,loc_1,crowd,not_mentioned,bystander,not_mentioned
https://www.reddit.com/r/TheMallWorld/comments/1k4ydg7/the_sign_of_the_times/,loc_2,other,not_mentioned,companion,not_mentioned
https://www.reddit.com/r/TheMallWorld/comments/1k4z5hu/lucid_dreams_victims/,loc_1,threat,hostile,other,not_mentioned
https://www.reddit.com/r/TheMallWorld/comments/1k583t4/whale_dream/,loc_1,crowd,neutral,bystander,not_mentioned
https://www.reddit.com/r/TheMallWorld/comments/1k583t4/whale_dream/,loc_2,creature,neutral,other,not_mentioned
https://www.reddit.com/r/TheMallWorld/comments/1k5craz/finding_this_page_gave_me_chills/,loc_1,threat,threatening,blocker,blocking
https://www.reddit.com/r/TheMallWorld/comments/1k5craz/finding_this_page_gave_me_chills/,loc_1,crowd,not_mentioned,bystander,not_mentioned
https://www.reddit.com/r/TheMallWorld/comments/1k5d7f9/anyone_dream_here/,loc_1,crowd,not_mentioned,bystander,not_mentioned
https://www.reddit.com/r/TheMallWorld/comments/1k5eh9s/has_anyone_else_been_to_this_mall_world/,loc_1,threat,threatening,chaser,not_mentioned
https://www.reddit.com/r/TheMallWorld/comments/1k5jn92/has_anyone_else_been_here/,loc_1,threat,hostile,other,not_mentioned
https://www.reddit.com/r/TheMallWorld/comments/1k5m0zd/adding_on_to_the_mall_thing_who_else_remembers/,loc_5,stranger,neutral,bystander,not_mentioned
https://www.reddit.com/r/TheMallWorld/comments/1k5m0zd/adding_on_to_the_mall_thing_who_else_remembers/,loc_5,crowd,neutral,bystander,not_mentioned
https://www.reddit.com/r/TheMallWorld/comments/1k5m0zd/adding_on_to_the_mall_thing_who_else_remembers/,loc_5,crowd,neutral,bystander,not_mentioned
https://www.reddit.com/r/TheMallWorld/comments/1k5m0zd/adding_on_to_the_mall_thing_who_else_remembers/,loc_6,other,not_mentioned,not_mentioned,not_mentioned
https://www.reddit.com/r/TheMallWorld/comments/1k64wzm/recurring_dream_of_a_road_in_the_desert/,loc_1,crowd,watching,bystander,not_mentioned
https://www.reddit.com/r/TheMallWorld/comments/1k64wzm/recurring_dream_of_a_road_in_the_desert/,loc_1,stranger,not_mentioned,other,not_mentioned
https://www.reddit.com/r/TheMallWorld/comments/1k6cbzm/dreams_about_a_group_of_5_people/,loc_3,crowd,neutral,bystander,not_mentioned
https://www.reddit.com/r/TheMallWorld/comments/1k6cbzm/dreams_about_a_group_of_5_people/,loc_3,stranger,not_mentioned,other,not_mentioned
https://www.reddit.com/r/TheMallWorld/comments/1k6cbzm/dreams_about_a_group_of_5_people/,loc_4,child,hostile,other,not_mentioned
https://www.reddit.com/r/TheMallWorld/comments/1k6cbzm/dreams_about_a_group_of_5_people/,loc_4,other,neutral,companion,not_mentioned
https://www.reddit.com/r/TheMallWorld/comments/1k6cbzm/dreams_about_a_group_of_5_people/,loc_4,stranger,friendly,other,not_mentioned
https://www.reddit.com/r/TheMallWorld/comments/1k6cbzm/dreams_about_a_group_of_5_people/,loc_4,crowd,neutral,bystander,not_mentioned
https://www.reddit.com/r/TheMallWorld/comments/1k6kzg6/the_water_slide/,loc_3,stranger,friendly,staff,not_mentioned
https://www.reddit.com/r/TheMallWorld/comments/1k6kzg6/the_water_slide/,loc_5,authority,unfriendly,security,guiding
https://www.reddit.com/r/TheMallWorld/comments/1k6ob4q/my_mall_world/,loc_mass_transit_pods,known_person,not_mentioned,companion,not_mentioned
https://www.reddit.com/r/TheMallWorld/comments/1k6ob4q/my_mall_world/,loc_mallworld_mall_core,family_member,confusing,bystander,not_mentioned
https://www.reddit.com/r/TheMallWorld/comments/1k7qshx/interesting_mall_world_dream_last_night/,loc_6,known_person,not_mentioned,companion,not_mentioned
https://www.reddit.com/r/TheMallWorld/comments/1k7xn00/anyone_else_visit_this_massive_movie_theater/,loc_1,crowd,confusing,other,not_mentioned
https://www.reddit.com/r/TheMallWorld/comments/1k825s9/training_facility/,loc_1,threat,threatening,chaser,not_mentioned
https://www.reddit.com/r/TheMallWorld/comments/1k82gdq/naked_yoga_class/,loc_1,authority,helpful,teacher,guiding
https://www.reddit.com/r/TheMallWorld/comments/1k82gdq/naked_yoga_class/,loc_1,crowd,neutral,student,not_mentioned
https://www.reddit.com/r/TheMallWorld/comments/1k83t9c/magenta_plane/,loc_1,crowd,indifferent,bystander,not_mentioned
https://www.reddit.com/r/TheMallWorld/comments/1k8qrg5/psychedelics_and_repeated_spaceportairport_dreams/,loc_1,known_person,not_mentioned,bystander,not_mentioned
https://www.reddit.com/r/TheMallWorld/comments/1k8uakz/water_park_anyone/,loc_2,crowd,friendly,bystander,not_mentioned
https://www.reddit.com/r/TheMallWorld/comments/1k8x9jf/hotel_world/,loc_1,authority,hostile,security,punitive
https://www.reddit.com/r/TheMallWorld/comments/1k9hbm8/anyone_been_to_this_place/,loc_2,threat,threatening,chaser,not_mentioned
https://www.reddit.com/r/TheMallWorld/comments/1k9lu83/service_tunnel_that_leads_to_an_outdoor_compound/,loc_1,authority,hostile,staff,punitive
https://www.reddit.com/r/TheMallWorld/comments/1k9lu83/service_tunnel_that_leads_to_an_outdoor_compound/,loc_2,threat,hostile,chaser,not_mentioned
https://www.reddit.com/r/TheMallWorld/comments/1k9lu83/service_tunnel_that_leads_to_an_outdoor_compound/,loc_3,crowd,confusing,other,not_mentioned
https://www.reddit.com/r/TheMallWorld/comments/1k9lz3k/interdimensional_traffickingrecruiters_dream/,loc_2,authority,friendly,other,blocking
https://www.reddit.com/r/TheMallWorld/comments/1k9lz3k/interdimensional_traffickingrecruiters_dream/,loc_2,other,not_mentioned,other,not_mentioned
https://www.reddit.com/r/TheMallWorld/comments/1k9lz3k/interdimensional_traffickingrecruiters_dream/,loc_1,authority,hostile,authority,punitive
https://www.reddit.com/r/TheMallWorld/comments/1k9lz3k/interdimensional_traffickingrecruiters_dream/,loc_1,family_member,not_mentioned,other,not_mentioned
https://www.reddit.com/r/TheMallWorld/comments/1k9lz3k/interdimensional_traffickingrecruiters_dream/,loc_1,authority,threatening,authority,punitive
https://www.reddit.com/r/TheMallWorld/comments/1k9w733/random_places_all_connected/,loc_3,family_member,not_mentioned,not_mentioned,not_mentioned
https://www.reddit.com/r/TheMallWorld/comments/1k9w733/random_places_all_connected/,loc_3,family_member,not_mentioned,companion,not_mentioned
https://www.reddit.com/r/TheMallWorld/comments/1k9w733/random_places_all_connected/,loc_2,crowd,neutral,bystander,not_mentioned
https://www.reddit.com/r/TheMallWorld/comments/1ka5luc/written_warning_and_reprimand_in_mallworld/,loc_1,authority,unfriendly,authority,punitive
https://www.reddit.com/r/TheMallWorld/comments/1ka5luc/written_warning_and_reprimand_in_mallworld/,loc_1,authority,unfriendly,authority,blocking
https://www.reddit.com/r/TheMallWorld/comments/1ka5w9s/dream_about_lava/,loc_2,crowd,not_mentioned,bystander,not_mentioned
https://www.reddit.com/r/TheMallWorld/comments/1ka8v4q/i_often_return_to_this_nonsensical_mixture_of/,loc_1,known_person,hostile,chaser,not_mentioned
https://www.reddit.com/r/TheMallWorld/comments/1kabimg/the_elevator_almost_got_me_again/,loc_2,stranger,neutral,bystander,not_mentioned
https://www.reddit.com/r/TheMallWorld/comments/1kabimg/the_elevator_almost_got_me_again/,loc_2,stranger,not_mentioned,bystander,not_mentioned
https://www.reddit.com/r/TheMallWorld/comments/1kactk5/awake_in_mallworld_in_the_elevator/,loc_3,stranger,not_mentioned,companion,not_mentioned
https://www.reddit.com/r/TheMallWorld/comments/1kasbb7/onion_factory/,loc_1,crowd,not_mentioned,companion,not_mentioned
https://www.reddit.com/r/TheMallWorld/comments/1kauket/had_this_dream_a_few_weeks_ago_i_wrote_it_down_so/,loc_1,stranger,indifferent,bystander,not_mentioned
https://www.reddit.com/r/TheMallWorld/comments/1kc7vrz/the_red_hotel/,loc_1,authority,neutral,staff,guiding
https://www.reddit.com/r/TheMallWorld/comments/1kc7vrz/the_red_hotel/,loc_2,creature,threatening,other,not_mentioned
https://www.reddit.com/r/TheMallWorld/comments/1kc8c3s/stepped_toilet/,loc_1,stranger,watching,bystander,not_mentioned
https://www.reddit.com/r/TheMallWorld/comments/1kcji40/the_dream_that_started_it_all/,loc_1,threat,hostile,chaser,not_mentioned
https://www.reddit.com/r/TheMallWorld/comments/1kcji40/the_dream_that_started_it_all/,loc_1,threat,hostile,chaser,not_mentioned
https://www.reddit.com/r/TheMallWorld/comments/1kcji40/the_dream_that_started_it_all/,loc_2,threat,threatening,chaser,not_mentioned
https://www.reddit.com/r/TheMallWorld/comments/1kcji40/the_dream_that_started_it_all/,loc_3,threat,hostile,chaser,not_mentioned
https://www.reddit.com/r/TheMallWorld/comments/1kcji40/the_dream_that_started_it_all/,loc_2,threat,threatening,chaser,not_mentioned
https://www.reddit.com/r/TheMallWorld/comments/1kckrrm/intruders_in_intergalactic_school_world/,loc_3,crowd,neutral,student,not_mentioned
https://www.reddit.com/r/TheMallWorld/comments/1kckrrm/intruders_in_intergalactic_school_world/,loc_5,threat,hostile,other,not_mentioned
https://www.reddit.com/r/TheMallWorld/comments/1kckrrm/intruders_in_intergalactic_school_world/,loc_5,authority,not_mentioned,security,blocking
https://www.reddit.com/r/TheMallWorld/comments/1kckrrm/intruders_in_intergalactic_school_world/,loc_5,stranger,threatening,other,not_mentioned
https://www.reddit.com/r/TheMallWorld/comments/1kckrrm/intruders_in_intergalactic_school_world/,loc_5,known_person,threatening,other,not_mentioned
https://www.reddit.com/r/TheMallWorld/comments/1kcq4th/inception_style_dreams_about_dreaming_and/,loc_1,stranger,unfriendly,bystander,not_mentioned
https://www.reddit.com/r/TheMallWorld/comments/1kcq4th/inception_style_dreams_about_dreaming_and/,loc_1,crowd,neutral,customer,not_mentioned
https://www.reddit.com/r/TheMallWorld/comments/1kcq4th/inception_style_dreams_about_dreaming_and/,loc_1,stranger,confusing,bystander,not_mentioned
https://www.reddit.com/r/TheMallWorld/comments/1kcq4th/inception_style_dreams_about_dreaming_and/,loc_2,family_member,not_mentioned,companion,not_mentioned
https://www.reddit.com/r/TheMallWorld/comments/1kcunn5/did_anyone_had_this_dream_once_and_had_it_again/,loc_1,other,not_mentioned,not_mentioned,not_mentioned
https://www.reddit.com/r/TheMallWorld/comments/1kcunn5/did_anyone_had_this_dream_once_and_had_it_again/,loc_2,other,not_mentioned,companion,not_mentioned
https://www.reddit.com/r/TheMallWorld/comments/1kcunn5/did_anyone_had_this_dream_once_and_had_it_again/,loc_3,other,not_mentioned,other,not_mentioned
https://www.reddit.com/r/TheMallWorld/comments/1kcunn5/did_anyone_had_this_dream_once_and_had_it_again/,loc_3,other,not_mentioned,other,not_mentioned
https://www.reddit.com/r/TheMallWorld/comments/1kcunn5/did_anyone_had_this_dream_once_and_had_it_again/,loc_3,creature,neutral,other,not_mentioned
https://www.reddit.com/r/TheMallWorld/comments/1kcunn5/did_anyone_had_this_dream_once_and_had_it_again/,loc_3,other,not_mentioned,other,not_mentioned
https://www.reddit.com/r/TheMallWorld/comments/1kd0km1/ozzy_osborne_signing_autographs_in_mall_world/,loc_2,crowd,neutral,customer,not_mentioned
https://www.reddit.com/r/TheMallWorld/comments/1kd0km1/ozzy_osborne_signing_autographs_in_mall_world/,loc_2,stranger,neutral,staff,not_mentioned
https://www.reddit.com/r/TheMallWorld/comments/1kd0km1/ozzy_osborne_signing_autographs_in_mall_world/,loc_2,known_person,confusing,other,not_mentioned
https://www.reddit.com/r/TheMallWorld/comments/1kd0km1/ozzy_osborne_signing_autographs_in_mall_world/,loc_2,stranger,unfriendly,staff,blocking
https://www.reddit.com/r/TheMallWorld/comments/1kd0km1/ozzy_osborne_signing_autographs_in_mall_world/,loc_2,stranger,hostile,bystander,not_mentioned
https://www.reddit.com/r/TheMallWorld/comments/1kd4s41/has_anyone_dreamed_this/,loc_1,stranger,neutral,companion,not_mentioned
https://www.reddit.com/r/TheMallWorld/comments/1kd4s41/has_anyone_dreamed_this/,loc_3,stranger,confusing,other,not_mentioned
https://www.reddit.com/r/TheMallWorld/comments/1kd4s41/has_anyone_dreamed_this/,loc_4,stranger,not_mentioned,companion,not_mentioned
https://www.reddit.com/r/TheMallWorld/comments/1kdwa64/i_finally_returned_to_mallworld_after_months_of/,loc_1,known_person,neutral,bystander,not_mentioned
https://www.reddit.com/r/TheMallWorld/comments/1kdwa64/i_finally_returned_to_mallworld_after_months_of/,loc_1,stranger,friendly,bystander,not_mentioned
https://www.reddit.com/r/TheMallWorld/comments/1kdwa64/i_finally_returned_to_mallworld_after_months_of/,loc_2,crowd,confusing,bystander,not_mentioned
https://www.reddit.com/r/TheMallWorld/comments/1kdwa64/i_finally_returned_to_mallworld_after_months_of/,loc_2,crowd,neutral,other,not_mentioned
https://www.reddit.com/r/TheMallWorld/comments/1kdwa64/i_finally_returned_to_mallworld_after_months_of/,loc_3,crowd,friendly,bystander,not_mentioned
https://www.reddit.com/r/TheMallWorld/comments/1kdwa64/i_finally_returned_to_mallworld_after_months_of/,loc_1,crowd,neutral,bystander,not_mentioned
https://www.reddit.com/r/TheMallWorld/comments/1kdwa64/i_finally_returned_to_mallworld_after_months_of/,loc_1,child,helpful,guide,guiding
https://www.reddit.com/r/TheMallWorld/comments/1kdwa64/i_finally_returned_to_mallworld_after_months_of/,loc_6,crowd,watching,other,not_mentioned
https://www.reddit.com/r/TheMallWorld/comments/1kdwa64/i_finally_returned_to_mallworld_after_months_of/,loc_6,child,neutral,authority,observing
https://www.reddit.com/r/TheMallWorld/comments/1ke676b/mall_dream/,loc_5,authority,watching,staff,observing
https://www.reddit.com/r/TheMallWorld/comments/1ke8b5b/the_skyscraper_with_outdoor_tiered_stages_on_the/,loc_3,crowd,neutral,bystander,not_mentioned
https://www.reddit.com/r/TheMallWorld/comments/1ke9foa/airportseaport_dreams_turned_megalophobic/,loc_6,creature,not_mentioned,not_mentioned,not_mentioned
https://www.reddit.com/r/TheMallWorld/comments/1kffgg3/steep_beach/,loc_1,crowd,indifferent,bystander,not_mentioned
https://www.reddit.com/r/TheMallWorld/comments/1kffgg3/steep_beach/,loc_1,stranger,not_mentioned,other,not_mentioned
https://www.reddit.com/r/TheMallWorld/comments/1kg31pw/outdoor_mall_like_orange_county_mall/,loc_2,child,unfriendly,other,not_mentioned
https://www.reddit.com/r/TheMallWorld/comments/1kg31pw/outdoor_mall_like_orange_county_mall/,loc_2,stranger,neutral,bystander,not_mentioned
https://www.reddit.com/r/TheMallWorld/comments/1kg31pw/outdoor_mall_like_orange_county_mall/,loc_2,child,neutral,bystander,not_mentioned
https://www.reddit.com/r/TheMallWorld/comments/1kg31pw/outdoor_mall_like_orange_county_mall/,loc_4,crowd,neutral,bystander,not_mentioned
https://www.reddit.com/r/TheMallWorld/comments/1kgirzo/trying_to_explain_mallworld_to_dream_people/,loc_1,crowd,hostile,other,not_mentioned
https://www.reddit.com/r/TheMallWorld/comments/1kgirzo/trying_to_explain_mallworld_to_dream_people/,loc_1,crowd,hostile,other,not_mentioned
https://www.reddit.com/r/TheMallWorld/comments/1kgirzo/trying_to_explain_mallworld_to_dream_people/,loc_1,stranger,not_mentioned,other,not_mentioned
https://www.reddit.com/r/TheMallWorld/comments/1kgmqs4/my_latest_mall_world_dream/,loc_1,stranger,friendly,companion,not_mentioned
https://www.reddit.com/r/TheMallWorld/comments/1kgmqs4/my_latest_mall_world_dream/,loc_3,stranger,friendly,companion,not_mentioned
https://www.reddit.com/r/TheMallWorld/comments/1kgmqs4/my_latest_mall_world_dream/,loc_3,stranger,friendly,companion,not_mentioned
https://www.reddit.com/r/TheMallWorld/comments/1kgmqs4/my_latest_mall_world_dream/,loc_4,stranger,helpful,staff,guiding
https://www.reddit.com/r/TheMallWorld/comments/1kgmqs4/my_latest_mall_world_dream/,loc_5,stranger,neutral,companion,not_mentioned
https://www.reddit.com/r/TheMallWorld/comments/1kgmqs4/my_latest_mall_world_dream/,loc_5,stranger,helpful,staff,guiding
https://www.reddit.com/r/TheMallWorld/comments/1kgwpqm/has_anybody_been_to_farm_world/,loc_4,crowd,neutral,bystander,not_mentioned
https://www.reddit.com/r/TheMallWorld/comments/1kgwpqm/has_anybody_been_to_farm_world/,loc_4,stranger,confusing,bystander,not_mentioned
https://www.reddit.com/r/TheMallWorld/comments/1kgwskf/the_mall_world_basketball_stadium/,loc_1,known_person,friendly,companion,not_mentioned
https://www.reddit.com/r/TheMallWorld/comments/1kgwskf/the_mall_world_basketball_stadium/,loc_3,crowd,neutral,bystander,not_mentioned
https://www.reddit.com/r/TheMallWorld/comments/1kgwskf/the_mall_world_basketball_stadium/,loc_3,authority,neutral,authority,observing
https://www.reddit.com/r/TheMallWorld/comments/1kgwskf/the_mall_world_basketball_stadium/,loc_2,known_person,neutral,companion,not_mentioned
https://www.reddit.com/r/TheMallWorld/comments/1kh942d/dreamt_i_was_in_a_clean_recently_abandoned_mall/,loc_3,creature,threatening,other,not_mentioned
https://www.reddit.com/r/TheMallWorld/comments/1kh942d/dreamt_i_was_in_a_clean_recently_abandoned_mall/,loc_3,creature,hostile,chaser,not_mentioned
https://www.reddit.com/r/TheMallWorld/comments/1khmr48/the_night_markets/,loc_1,stranger,hostile,staff,not_mentioned
https://www.reddit.com/r/TheMallWorld/comments/1khtthx/new_part_of_mall_unlocked/,loc_2,stranger,not_mentioned,staff,not_mentioned
https://www.reddit.com/r/TheMallWorld/comments/1khtthx/new_part_of_mall_unlocked/,loc_2,crowd,not_mentioned,bystander,not_mentioned
https://www.reddit.com/r/TheMallWorld/comments/1ki4eh5/anyone_in_a_shooting_last_night/,loc_1,crowd,not_mentioned,bystander,not_mentioned
https://www.reddit.com/r/TheMallWorld/comments/1ki4eh5/anyone_in_a_shooting_last_night/,loc_1,stranger,unfriendly,other,not_mentioned
https://www.reddit.com/r/TheMallWorld/comments/1ki4eh5/anyone_in_a_shooting_last_night/,loc_1,crowd,not_mentioned,bystander,not_mentioned
https://www.reddit.com/r/TheMallWorld/comments/1ki4eh5/anyone_in_a_shooting_last_night/,loc_1,authority,hostile,security,punitive
https://www.reddit.com/r/TheMallWorld/comments/1ki4eh5/anyone_in_a_shooting_last_night/,loc_1,crowd,threatening,bystander,not_mentioned
https://www.reddit.com/r/TheMallWorld/comments/1ki4eh5/anyone_in_a_shooting_last_night/,loc_1,stranger,helpful,bystander,not_mentioned
https://www.reddit.com/r/TheMallWorld/comments/1ki8yy9/apocalypse_dream/,loc_1,crowd,not_mentioned,not_mentioned,not_mentioned
https://www.reddit.com/r/TheMallWorld/comments/1ki8yy9/apocalypse_dream/,loc_2,crowd,not_mentioned,bystander,not_mentioned
https://www.reddit.com/r/TheMallWorld/comments/1kibdwo/sorry_for_stealing_your_car/,loc_1,stranger,not_mentioned,other,not_mentioned
https://www.reddit.com/r/TheMallWorld/comments/1o5jgee/my_mall_world_visited_twice_second_time_i_was_not/,loc_2,crowd,neutral,student,not_mentioned
https://www.reddit.com/r/TheMallWorld/comments/1o5jgee/my_mall_world_visited_twice_second_time_i_was_not/,loc_2,crowd,unfriendly,student,not_mentioned
https://www.reddit.com/r/TheMallWorld/comments/1o5jgee/my_mall_world_visited_twice_second_time_i_was_not/,loc_8,authority,confusing,authority,observing
https://www.reddit.com/r/TheMallWorld/comments/1o5jgee/my_mall_world_visited_twice_second_time_i_was_not/,loc_8,stranger,helpful,guide,not_mentioned
https://www.reddit.com/r/TheMallWorld/comments/1o5khgo/mallworld_hotel/,loc_2,known_person,unfriendly,companion,not_mentioned
https://www.reddit.com/r/TheMallWorld/comments/1o5khgo/mallworld_hotel/,loc_3,creature,friendly,bystander,not_mentioned
https://www.reddit.com/r/TheMallWorld/comments/1o5khgo/mallworld_hotel/,loc_3,crowd,neutral,bystander,not_mentioned
https://www.reddit.com/r/TheMallWorld/comments/1o5pl9x/its_an_interesting_place_to_experience/,loc_1,crowd,confusing,bystander,not_mentioned
https://www.reddit.com/r/TheMallWorld/comments/1o5pl9x/its_an_interesting_place_to_experience/,loc_1,stranger,confusing,bystander,not_mentioned
https://www.reddit.com/r/TheMallWorld/comments/1o5pl9x/its_an_interesting_place_to_experience/,loc_1,crowd,unfriendly,bystander,not_mentioned
https://www.reddit.com/r/TheMallWorld/comments/1o5pl9x/its_an_interesting_place_to_experience/,loc_1,authority,friendly,security,observing
https://www.reddit.com/r/TheMallWorld/comments/1o5pl9x/its_an_interesting_place_to_experience/,loc_1,crowd,unfriendly,blocker,blocking
https://www.reddit.com/r/TheMallWorld/comments/1o5s25u/i_remembered_the_name_of_a_bar/,loc_2,crowd,friendly,customer,not_mentioned
https://www.reddit.com/r/TheMallWorld/comments/1o5wvh9/anyone_else_like_me/,loc_10,other,hostile,bystander,not_mentioned
https://www.reddit.com/r/TheMallWorld/comments/1o5wvh9/anyone_else_like_me/,loc_10,crowd,not_mentioned,bystander,not_mentioned
https://www.reddit.com/r/TheMallWorld/comments/1o61m7t/doorways_crawlspaces_or_attics_that_lead_to/,loc_1,family_member,confusing,companion,not_mentioned
https://www.reddit.com/r/TheMallWorld/comments/1o61m7t/doorways_crawlspaces_or_attics_that_lead_to/,loc_1,family_member,helpful,guide,guiding
https://www.reddit.com/r/TheMallWorld/comments/1o61wtc/luigis_mansion_esque_hotel/,loc_4,child,not_mentioned,other,not_mentioned
https://www.reddit.com/r/TheMallWorld/comments/1o61wtc/luigis_mansion_esque_hotel/,loc_4,child,not_mentioned,other,not_mentioned
https://www.reddit.com/r/TheMallWorld/comments/1o62zeg/i_thought_i_was_alone_for_decades/,loc_5,crowd,unfriendly,bystander,not_mentioned
https://www.reddit.com/r/TheMallWorld/comments/1o6767y/mall_world_train_station/,loc_train_platform_station,threat,hostile,chaser,not_mentioned
https://www.reddit.com/r/TheMallWorld/comments/1o6767y/mall_world_train_station/,loc_train_platform_station,threat,hostile,chaser,not_mentioned
https://www.reddit.com/r/TheMallWorld/comments/1o67wqj/mallworld_a_soon_to_be_verified_natural_phenomena/,loc_2,authority,threatening,security,observing
https://www.reddit.com/r/TheMallWorld/comments/1o67wqj/mallworld_a_soon_to_be_verified_natural_phenomena/,loc_3,creature,hostile,chaser,not_mentioned
https://www.reddit.com/r/TheMallWorld/comments/1o67wqj/mallworld_a_soon_to_be_verified_natural_phenomena/,loc_3,creature,hostile,chaser,not_mentioned
https://www.reddit.com/r/TheMallWorld/comments/1o67wqj/mallworld_a_soon_to_be_verified_natural_phenomena/,loc_4,creature,threatening,bystander,not_mentioned
https://www.reddit.com/r/TheMallWorld/comments/1o67wqj/mallworld_a_soon_to_be_verified_natural_phenomena/,loc_13,stranger,confusing,companion,not_mentioned
https://www.reddit.com/r/TheMallWorld/comments/1o67wqj/mallworld_a_soon_to_be_verified_natural_phenomena/,loc_13,stranger,unfriendly,companion,not_mentioned
https://www.reddit.com/r/TheMallWorld/comments/1o67wqj/mallworld_a_soon_to_be_verified_natural_phenomena/,loc_14,stranger,neutral,guide,guiding
https://www.reddit.com/r/TheMallWorld/comments/1o67wqj/mallworld_a_soon_to_be_verified_natural_phenomena/,loc_18,stranger,confusing,other,not_mentioned
https://www.reddit.com/r/TheMallWorld/comments/1o67wqj/mallworld_a_soon_to_be_verified_natural_phenomena/,loc_18,creature,threatening,other,not_mentioned
https://www.reddit.com/r/TheMallWorld/comments/1o69wce/strange_clues_in_last_nights_dream/,loc_6,other,neutral,other,not_mentioned
https://www.reddit.com/r/TheMallWorld/comments/1o6esiv/the_lighthouse/,loc_3,known_person,not_mentioned,other,not_mentioned
https://www.reddit.com/r/TheMallWorld/comments/1o6esiv/the_lighthouse/,loc_3,other,not_mentioned,other,not_mentioned
https://www.reddit.com/r/TheMallWorld/comments/1o6h2z2/pink_drink_gate/,loc_1,other,unfriendly,other,not_mentioned
https://www.reddit.com/r/TheMallWorld/comments/1o6tl9y/the_train_on_the_way_to_the_mall_with_a_small/,loc_2,stranger,unfriendly,bystander,not_mentioned
https://www.reddit.com/r/TheMallWorld/comments/1o6tl9y/the_train_on_the_way_to_the_mall_with_a_small/,loc_3,stranger,not_mentioned,other,not_mentioned
https://www.reddit.com/r/TheMallWorld/comments/1o6v0px/met_up_with_my_ex_in_mall_world/,loc_3,known_person,neutral,companion,not_mentioned
https://www.reddit.com/r/TheMallWorld/comments/1o6v0px/met_up_with_my_ex_in_mall_world/,loc_8,authority,unfriendly,security,blocking
https://www.reddit.com/r/TheMallWorld/comments/1o710kp/surreal_entertainment/,loc_1,stranger,friendly,other,not_mentioned
https://www.reddit.com/r/TheMallWorld/comments/1o710kp/surreal_entertainment/,loc_3,stranger,friendly,other,not_mentioned
https://www.reddit.com/r/TheMallWorld/comments/1o719kd/wow_i_just_discovered_this_mall_world_phenomenon/,loc_2,crowd,indifferent,bystander,not_mentioned
https://www.reddit.com/r/TheMallWorld/comments/1o719kd/wow_i_just_discovered_this_mall_world_phenomenon/,loc_4,family_member,not_mentioned,other,not_mentioned
https://www.reddit.com/r/TheMallWorld/comments/1o719kd/wow_i_just_discovered_this_mall_world_phenomenon/,loc_6,friend,not_mentioned,companion,not_mentioned
https://www.reddit.com/r/TheMallWorld/comments/1o71n53/the_siege_of_mallworld/,loc_6,crowd,friendly,bystander,not_mentioned
https://www.reddit.com/r/TheMallWorld/comments/1o71n53/the_siege_of_mallworld/,loc_6,crowd,hostile,bystander,not_mentioned
https://www.reddit.com/r/TheMallWorld/comments/1o7obtj/anyone_else_noticed_an_uptick_in_space_nz1s_in/,loc_1,crowd,not_mentioned,other,not_mentioned
https://www.reddit.com/r/TheMallWorld/comments/1o7t3r0/thought_my_dog_was_still_alive/,loc_3,other,not_mentioned,companion,not_mentioned
https://www.reddit.com/r/TheMallWorld/comments/1o7t3r0/thought_my_dog_was_still_alive/,loc_1,deceased,not_mentioned,other,not_mentioned
https://www.reddit.com/r/TheMallWorld/comments/1o7vmiy/the_room_and_the_man/,loc_1,stranger,friendly,other,not_mentioned
https://www.reddit.com/r/TheMallWorld/comments/1o7vmiy/the_room_and_the_man/,loc_1,stranger,friendly,other,not_mentioned
https://www.reddit.com/r/TheMallWorld/comments/1o7vmiy/the_room_and_the_man/,loc_1,crowd,unfriendly,bystander,not_mentioned
https://www.reddit.com/r/TheMallWorld/comments/1o7vmiy/the_room_and_the_man/,loc_1,stranger,confusing,other,not_mentioned
https://www.reddit.com/r/TheMallWorld/comments/1o7wtev/this_was_two_nights_ago/,loc_2,stranger,neutral,companion,not_mentioned
https://www.reddit.com/r/TheMallWorld/comments/1o7wtev/this_was_two_nights_ago/,loc_2,stranger,unfriendly,companion,not_mentioned
https://www.reddit.com/r/TheMallWorld/comments/1o7wtev/this_was_two_nights_ago/,loc_2,stranger,neutral,companion,not_mentioned
https://www.reddit.com/r/TheMallWorld/comments/1o7wtev/this_was_two_nights_ago/,loc_2,stranger,hostile,other,not_mentioned
https://www.reddit.com/r/TheMallWorld/comments/1o7wtev/this_was_two_nights_ago/,loc_3,stranger,friendly,staff,not_mentioned
https://www.reddit.com/r/TheMallWorld/comments/1o7wtev/this_was_two_nights_ago/,loc_3,stranger,unfriendly,blocker,not_mentioned
https://www.reddit.com/r/TheMallWorld/comments/1o7wtev/this_was_two_nights_ago/,loc_3,authority,threatening,security,observing
https://www.reddit.com/r/TheMallWorld/comments/1o7wtev/this_was_two_nights_ago/,loc_4,authority,confusing,authority,observing
https://www.reddit.com/r/TheMallWorld/comments/1o86l2k/weird_aialien_guy_at_the_empty_hanger_in_mall/,loc_1,other,threatening,authority,punitive
https://www.reddit.com/r/TheMallWorld/comments/1o86l2k/weird_aialien_guy_at_the_empty_hanger_in_mall/,loc_1,other,confusing,other,not_mentioned
https://www.reddit.com/r/TheMallWorld/comments/1o8o8c5/country_house/,loc_1,threat,hostile,chaser,not_mentioned
https://www.reddit.com/r/TheMallWorld/comments/1o8o8c5/country_house/,loc_2,stranger,neutral,other,not_mentioned
https://www.reddit.com/r/TheMallWorld/comments/1o8o8c5/country_house/,loc_2,stranger,unfriendly,blocker,not_mentioned
https://www.reddit.com/r/TheMallWorld/comments/1o8o8c5/country_house/,loc_2,threat,hostile,chaser,not_mentioned
https://www.reddit.com/r/TheMallWorld/comments/1o8o8c5/country_house/,loc_4,mannequin,not_mentioned,other,not_mentioned
https://www.reddit.com/r/TheMallWorld/comments/1o8o8c5/country_house/,loc_4,creature,not_mentioned,other,not_mentioned
https://www.reddit.com/r/TheMallWorld/comments/1o8ssn8/ended_up_in_a_place_from_my_dreamworld_in_real/,loc_1_hotel_country_ireland,other,neutral,other,not_mentioned
https://www.reddit.com/r/TheMallWorld/comments/1o8ssn8/ended_up_in_a_place_from_my_dreamworld_in_real/,loc_1_hotel_country_ireland,stranger,helpful,staff,not_mentioned
https://www.reddit.com/r/TheMallWorld/comments/1o8ssn8/ended_up_in_a_place_from_my_dreamworld_in_real/,loc_2_taxi_ride_north,stranger,friendly,other,not_mentioned
https://www.reddit.com/r/TheMallWorld/comments/1o8ssn8/ended_up_in_a_place_from_my_dreamworld_in_real/,loc_2_taxi_ride_north,known_person,neutral,companion,not_mentioned
https://www.reddit.com/r/TheMallWorld/comments/1o8ssn8/ended_up_in_a_place_from_my_dreamworld_in_real/,loc_3_athy_main_street_dream_recurring,friend,neutral,other,not_mentioned
https://www.reddit.com/r/TheMallWorld/comments/1o8ssn8/ended_up_in_a_place_from_my_dreamworld_in_real/,loc_3_athy_main_street_dream_recurring,known_person,neutral,companion,not_mentioned
https://www.reddit.com/r/TheMallWorld/comments/1o8ssn8/ended_up_in_a_place_from_my_dreamworld_in_real/,loc_8_pub_the_duke_real,stranger,friendly,staff,not_mentioned
https://www.reddit.com/r/TheMallWorld/comments/1o8ssn8/ended_up_in_a_place_from_my_dreamworld_in_real/,loc_8_pub_the_duke_real,stranger,confusing,bystander,not_mentioned
https://www.reddit.com/r/TheMallWorld/comments/1o91wbl/the_siege_of_mallworld/,loc_6,crowd,confusing,bystander,not_mentioned
https://www.reddit.com/r/TheMallWorld/comments/1o94tz2/have_you_seen_this_dream_location/,loc_2,stranger,friendly,staff,not_mentioned
https://www.reddit.com/r/TheMallWorld/comments/1o94tz2/have_you_seen_this_dream_location/,loc_3,crowd,friendly,bystander,not_mentioned
https://www.reddit.com/r/TheMallWorld/comments/1o98a59/graveyardcemetery/,loc_2,other,neutral,bystander,not_mentioned
https://www.reddit.com/r/TheMallWorld/comments/1o98a59/graveyardcemetery/,loc_1,stranger,indifferent,bystander,not_mentioned
https://www.reddit.com/r/TheMallWorld/comments/1o98a59/graveyardcemetery/,loc_2,other,neutral,other,not_mentioned
https://www.reddit.com/r/TheMallWorld/comments/1o98a59/graveyardcemetery/,loc_5,stranger,neutral,cashier,not_mentioned
https://www.reddit.com/r/TheMallWorld/comments/1o98a59/graveyardcemetery/,loc_5,crowd,neutral,customer,not_mentioned
https://www.reddit.com/r/TheMallWorld/comments/1o9ed3a/was_any_else_lost_in_mall_world/,loc_2,stranger,indifferent,bystander,not_mentioned
https://www.reddit.com/r/TheMallWorld/comments/1o9ed3a/was_any_else_lost_in_mall_world/,loc_4,crowd,indifferent,bystander,not_mentioned
https://www.reddit.com/r/TheMallWorld/comments/1o9y2xq/i_love_ma_world/,loc_1,other,friendly,companion,not_mentioned
https://www.reddit.com/r/TheMallWorld/comments/1o9y2xq/i_love_ma_world/,loc_1,crowd,friendly,bystander,not_mentioned
https://www.reddit.com/r/TheMallWorld/comments/1o9y2xq/i_love_ma_world/,loc_1,friend,friendly,companion,not_mentioned
https://www.reddit.com/r/TheMallWorld/comments/1o9y2xq/i_love_ma_world/,loc_3,threat,threatening,other,not_mentioned
https://www.reddit.com/r/TheMallWorld/comments/1oa6sq3/water_water_everywhere/,loc_1,crowd,watching,bystander,not_mentioned
https://www.reddit.com/r/TheMallWorld/comments/1oa6sq3/water_water_everywhere/,loc_2,crowd,indifferent,customer,not_mentioned
https://www.reddit.com/r/TheMallWorld/comments/1oa6sq3/water_water_everywhere/,loc_6,crowd,neutral,bystander,not_mentioned
https://www.reddit.com/r/TheMallWorld/comments/1oa6sq3/water_water_everywhere/,loc_7,crowd,indifferent,bystander,not_mentioned
https://www.reddit.com/r/TheMallWorld/comments/1oa77q9/the_underground_apartment_complex/,loc_2,crowd,indifferent,bystander,not_mentioned
https://www.reddit.com/r/TheMallWorld/comments/1oa77q9/the_underground_apartment_complex/,loc_2,crowd,threatening,other,not_mentioned
https://www.reddit.com/r/TheMallWorld/comments/1oa77q9/the_underground_apartment_complex/,loc_2,crowd,threatening,bystander,not_mentioned
https://www.reddit.com/r/TheMallWorld/comments/1oa7rde/mallworld_entities/,loc_1,threat,hostile,chaser,not_mentioned
https://www.reddit.com/r/TheMallWorld/comments/1oa7rde/mallworld_entities/,loc_1,threat,hostile,chaser,not_mentioned
https://www.reddit.com/r/TheMallWorld/comments/1oa7rde/mallworld_entities/,loc_2,threat,hostile,chaser,not_mentioned
https://www.reddit.com/r/TheMallWorld/comments/1oa7rde/mallworld_entities/,loc_1,threat,threatening,other,not_mentioned
https://www.reddit.com/r/TheMallWorld/comments/1oak8hc/years_old_question_answered_by_mall_person/,loc_1,stranger,helpful,other,not_mentioned
https://www.reddit.com/r/TheMallWorld/comments/1oas2dn/looking_for_feedback/,loc_1,crowd,not_mentioned,bystander,not_mentioned
https://www.reddit.com/r/TheMallWorld/comments/1oas2dn/looking_for_feedback/,loc_1,known_person,not_mentioned,other,not_mentioned
https://www.reddit.com/r/TheMallWorld/comments/1ob0lck/have_you_seen_this_woman/,loc_2,threat,threatening,chaser,not_mentioned
https://www.reddit.com/r/TheMallWorld/comments/1ob0lck/have_you_seen_this_woman/,loc_2,threat,threatening,chaser,not_mentioned
https://www.reddit.com/r/TheMallWorld/comments/1ob0lck/have_you_seen_this_woman/,loc_2,crowd,indifferent,bystander,not_mentioned
https://www.reddit.com/r/TheMallWorld/comments/1ob0lck/have_you_seen_this_woman/,loc_1,threat,hostile,chaser,not_mentioned
https://www.reddit.com/r/TheMallWorld/comments/1ob0qih/more_dreams_less_details/,loc_1,authority,hostile,security,pursuing
https://www.reddit.com/r/TheMallWorld/comments/1ob1doh/hotel_world_decorated_meeting_up_with_the_deceased/,loc_3,known_person,not_mentioned,companion,not_mentioned
https://www.reddit.com/r/TheMallWorld/comments/1ob1doh/hotel_world_decorated_meeting_up_with_the_deceased/,loc_3,deceased,not_mentioned,other,not_mentioned
https://www.reddit.com/r/TheMallWorld/comments/1ob1doh/hotel_world_decorated_meeting_up_with_the_deceased/,loc_4,authority,neutral,staff,guiding
https://www.reddit.com/r/TheMallWorld/comments/1ob1doh/hotel_world_decorated_meeting_up_with_the_deceased/,loc_4,deceased,not_mentioned,other,not_mentioned
https://www.reddit.com/r/TheMallWorld/comments/1ob1doh/hotel_world_decorated_meeting_up_with_the_deceased/,loc_4,deceased,not_mentioned,other,not_mentioned
https://www.reddit.com/r/TheMallWorld/comments/1ob1doh/hotel_world_decorated_meeting_up_with_the_deceased/,loc_3,deceased,not_mentioned,other,not_mentioned
https://www.reddit.com/r/TheMallWorld/comments/1ob1doh/hotel_world_decorated_meeting_up_with_the_deceased/,loc_3,known_person,not_mentioned,companion,not_mentioned
https://www.reddit.com/r/TheMallWorld/comments/1ob1doh/hotel_world_decorated_meeting_up_with_the_deceased/,loc_3,deceased,not_mentioned,other,not_mentioned
https://www.reddit.com/r/TheMallWorld/comments/1ob3354/the_weather_outside_mall/,loc_1,crowd,indifferent,bystander,not_mentioned
https://www.reddit.com/r/TheMallWorld/comments/1ob3354/the_weather_outside_mall/,loc_1,family_member,indifferent,companion,not_mentioned
https://www.reddit.com/r/TheMallWorld/comments/1obay95/some_stuff_i_wrote_about_my_recurring_dream/,loc_3,other,friendly,companion,not_mentioned
https://www.reddit.com/r/TheMallWorld/comments/1obay95/some_stuff_i_wrote_about_my_recurring_dream/,loc_4,threat,hostile,other,not_mentioned
https://www.reddit.com/r/TheMallWorld/comments/1obay95/some_stuff_i_wrote_about_my_recurring_dream/,loc_4,crowd,threatening,other,not_mentioned
https://www.reddit.com/r/TheMallWorld/comments/1obay95/some_stuff_i_wrote_about_my_recurring_dream/,loc_4,other,helpful,companion,not_mentioned
https://www.reddit.com/r/TheMallWorld/comments/1obay95/some_stuff_i_wrote_about_my_recurring_dream/,loc_4,crowd,neutral,bystander,not_mentioned
https://www.reddit.com/r/TheMallWorld/comments/1obfpfs/the_stadium/,loc_1,other,not_mentioned,companion,not_mentioned
https://www.reddit.com/r/TheMallWorld/comments/1obfpfs/the_stadium/,loc_1,crowd,indifferent,bystander,not_mentioned
https://www.reddit.com/r/TheMallWorld/comments/1obhyl1/road_trips_and_family_reunions/,loc_1,family_member,not_mentioned,companion,not_mentioned
https://www.reddit.com/r/TheMallWorld/comments/1obhyl1/road_trips_and_family_reunions/,loc_2,family_member,not_mentioned,companion,not_mentioned
https://www.reddit.com/r/TheMallWorld/comments/1obhyl1/road_trips_and_family_reunions/,loc_2,crowd,not_mentioned,other,not_mentioned
https://www.reddit.com/r/TheMallWorld/comments/1oc8pnw/the_backrooms_and_mallworld_dream_blocks_feeling/,loc_2,stranger,indifferent,other,not_mentioned
https://www.reddit.com/r/TheMallWorld/comments/1ocfwa1/i_met_someone_in_the_mall/,loc_1,stranger,friendly,bystander,not_mentioned
https://www.reddit.com/r/TheMallWorld/comments/1ocvivn/girl_with_yellow_barrette/,loc_1,stranger,friendly,other,not_mentioned
https://www.reddit.com/r/TheMallWorld/comments/1ocvivn/girl_with_yellow_barrette/,loc_2,stranger,friendly,companion,not_mentioned
https://www.reddit.com/r/TheMallWorld/comments/1ocvivn/girl_with_yellow_barrette/,loc_3,stranger,friendly,companion,not_mentioned
https://www.reddit.com/r/TheMallWorld/comments/1ocvivn/girl_with_yellow_barrette/,loc_3,crowd,neutral,other,not_mentioned
https://www.reddit.com/r/TheMallWorld/comments/1ocvivn/girl_with_yellow_barrette/,loc_3,stranger,confusing,companion,not_mentioned
https://www.reddit.com/r/TheMallWorld/comments/1od5ddh/college_dorms/,loc_1,crowd,indifferent,bystander,not_mentioned
https://www.reddit.com/r/TheMallWorld/comments/1od7jp4/normal_house_that_gets_crazier_as_you_go_up_to/,loc_2,authority,neutral,staff,guiding
https://www.reddit.com/r/TheMallWorld/comments/1od7jp4/normal_house_that_gets_crazier_as_you_go_up_to/,loc_4,stranger,neutral,bystander,not_mentioned
https://www.reddit.com/r/TheMallWorld/comments/1oda8va/anyone_visit_the_island/,loc_5,crowd,not_mentioned,customer,not_mentioned
https://www.reddit.com/r/TheMallWorld/comments/1oda8va/anyone_visit_the_island/,loc_3,authority,friendly,staff,guiding
https://www.reddit.com/r/TheMallWorld/comments/1odcfp8/escalator_story_thread/,loc_2,stranger,unfriendly,blocker,blocking
https://www.reddit.com/r/TheMallWorld/comments/1odeqla/abandoned_house_tall_bridge_campground_park/,loc_2,other,neutral,other,not_mentioned
https://www.reddit.com/r/TheMallWorld/comments/1odeqla/abandoned_house_tall_bridge_campground_park/,loc_2,watcher,watching,bystander,observing
https://www.reddit.com/r/TheMallWorld/comments/1odeqla/abandoned_house_tall_bridge_campground_park/,loc_3,family_member,indifferent,companion,not_mentioned
https://www.reddit.com/r/TheMallWorld/comments/1odeqla/abandoned_house_tall_bridge_campground_park/,loc_4,crowd,indifferent,bystander,not_mentioned
https://www.reddit.com/r/TheMallWorld/comments/1odeqla/abandoned_house_tall_bridge_campground_park/,loc_5,crowd,friendly,bystander,not_mentioned
https://www.reddit.com/r/TheMallWorld/comments/1odeqla/abandoned_house_tall_bridge_campground_park/,loc_5,child,neutral,other,not_mentioned
https://www.reddit.com/r/TheMallWorld/comments/1odeqla/abandoned_house_tall_bridge_campground_park/,loc_6,crowd,neutral,bystander,not_mentioned
https://www.reddit.com/r/TheMallWorld/comments/1odeqla/abandoned_house_tall_bridge_campground_park/,loc_6,stranger,friendly,companion,not_mentioned
https://www.reddit.com/r/TheMallWorld/comments/1odfp84/mallworld/,loc_1,known_person,helpful,companion,not_mentioned
https://www.reddit.com/r/TheMallWorld/comments/1odfp84/mallworld/,loc_1,known_person,friendly,companion,not_mentioned
https://www.reddit.com/r/TheMallWorld/comments/1odkwoh/my_recurring_locations/,loc_hotel,authority,neutral,staff,observing
https://www.reddit.com/r/TheMallWorld/comments/1odkwoh/my_recurring_locations/,loc_hotel_auditorium,watcher,watching,other,not_mentioned
https://www.reddit.com/r/TheMallWorld/comments/1odkwoh/my_recurring_locations/,loc_neighborhood,family_member,indifferent,bystander,not_mentioned
https://www.reddit.com/r/TheMallWorld/comments/1odkwoh/my_recurring_locations/,loc_basement_world,guide,helpful,guide,guiding
https://www.reddit.com/r/TheMallWorld/comments/1odkwoh/my_recurring_locations/,loc_basement_world,stranger,neutral,companion,not_mentioned
https://www.reddit.com/r/TheMallWorld/comments/1ofmlwy/busting_through_a_closet_then_accessing_the_roof/,loc_1,threat,hostile,chaser,not_mentioned
https://www.reddit.com/r/TheMallWorld/comments/1ofmlwy/busting_through_a_closet_then_accessing_the_roof/,loc_6,threat,threatening,other,not_mentioned
https://www.reddit.com/r/TheMallWorld/comments/1ofqwkv/located_a_real_person_outside_of_mall_world/,loc_1,stranger,neutral,guide,not_mentioned
https://www.reddit.com/r/TheMallWorld/comments/1ofqwkv/located_a_real_person_outside_of_mall_world/,loc_2,other,threatening,blocker,blocking
https://www.reddit.com/r/TheMallWorld/comments/1ofqwkv/located_a_real_person_outside_of_mall_world/,loc_4,stranger,confusing,other,not_mentioned
https://www.reddit.com/r/TheMallWorld/comments/1ofqwkv/located_a_real_person_outside_of_mall_world/,loc_5,stranger,neutral,bystander,not_mentioned
https://www.reddit.com/r/TheMallWorld/comments/1ofqwkv/located_a_real_person_outside_of_mall_world/,loc_5,stranger,confusing,other,not_mentioned
https://www.reddit.com/r/TheMallWorld/comments/1oft54e/the_moon_exploded/,loc_1,crowd,not_mentioned,bystander,not_mentioned
https://www.reddit.com/r/TheMallWorld/comments/1oggkek/my_mallworld_experience/,loc_2,crowd,watching,bystander,not_mentioned
https://www.reddit.com/r/TheMallWorld/comments/1oggkek/my_mallworld_experience/,loc_4,stranger,unfriendly,blocker,blocking
https://www.reddit.com/r/TheMallWorld/comments/1oggkek/my_mallworld_experience/,loc_5,authority,hostile,security,pursuing
https://www.reddit.com/r/TheMallWorld/comments/1oggkek/my_mallworld_experience/,loc_6,authority,watching,security,observing
https://www.reddit.com/r/TheMallWorld/comments/1oggkek/my_mallworld_experience/,loc_8,crowd,neutral,other,not_mentioned
https://www.reddit.com/r/TheMallWorld/comments/1oggkek/my_mallworld_experience/,loc_8,crowd,confusing,bystander,not_mentioned
https://www.reddit.com/r/TheMallWorld/comments/1oggkek/my_mallworld_experience/,loc_8,stranger,threatening,other,not_mentioned
https://www.reddit.com/r/TheMallWorld/comments/1ogxek8/new_irish_pub/,loc_2,stranger,indifferent,staff,not_mentioned
https://www.reddit.com/r/TheMallWorld/comments/1ogxek8/new_irish_pub/,loc_2,stranger,unfriendly,blocker,not_mentioned
https://www.reddit.com/r/TheMallWorld/comments/1ogxek8/new_irish_pub/,loc_2,watcher,watching,other,not_mentioned
https://www.reddit.com/r/TheMallWorld/comments/1ogz1l2/well_that_wasnt_fun/,loc_1,stranger,not_mentioned,other,not_mentioned
https://www.reddit.com/r/TheMallWorld/comments/1ogz1l2/well_that_wasnt_fun/,loc_2,crowd,not_mentioned,customer,not_mentioned
https://www.reddit.com/r/TheMallWorld/comments/1ogz1l2/well_that_wasnt_fun/,loc_3,stranger,neutral,staff,not_mentioned
https://www.reddit.com/r/TheMallWorld/comments/1oh2g0x/places_ive_visited_in_my_dreams_the_last_week/,loc_1,authority,helpful,staff,guiding
https://www.reddit.com/r/TheMallWorld/comments/1oh2g0x/places_ive_visited_in_my_dreams_the_last_week/,loc_9,other,not_mentioned,other,not_mentioned
https://www.reddit.com/r/TheMallWorld/comments/1oh7n3m/a_dream_where_i_acted_so_like_my_real_self/,loc_1,authority,unfriendly,cashier,blocking
https://www.reddit.com/r/TheMallWorld/comments/1oh7n3m/a_dream_where_i_acted_so_like_my_real_self/,loc_1,authority,unfriendly,staff,blocking
https://www.reddit.com/r/TheMallWorld/comments/1oh7n3m/a_dream_where_i_acted_so_like_my_real_self/,loc_1,authority,unfriendly,cashier,observing
https://www.reddit.com/r/TheMallWorld/comments/1oh7n3m/a_dream_where_i_acted_so_like_my_real_self/,loc_1,stranger,neutral,customer,not_mentioned
https://www.reddit.com/r/TheMallWorld/comments/1oh7n3m/a_dream_where_i_acted_so_like_my_real_self/,loc_1,authority,confusing,cashier,blocking
https://www.reddit.com/r/TheMallWorld/comments/1oh9z16/hiding_in_the_changing_rooms_or_clothing_racks/,loc_1,threat,hostile,chaser,not_mentioned
https://www.reddit.com/r/TheMallWorld/comments/1oh9z16/hiding_in_the_changing_rooms_or_clothing_racks/,loc_2,threat,hostile,chaser,not_mentioned
https://www.reddit.com/r/TheMallWorld/comments/1ohc6sn/did_mall_world_get_clean_bathrooms_or_am_i/,loc_4,stranger,hostile,other,not_mentioned
https://www.reddit.com/r/TheMallWorld/comments/1ohc6sn/did_mall_world_get_clean_bathrooms_or_am_i/,loc_5,crowd,neutral,other,not_mentioned
https://www.reddit.com/r/TheMallWorld/comments/1ohc6sn/did_mall_world_get_clean_bathrooms_or_am_i/,loc_5,authority,unfriendly,teacher,observing
https://www.reddit.com/r/TheMallWorld/comments/1ohc6sn/did_mall_world_get_clean_bathrooms_or_am_i/,loc_5,authority,hostile,teacher,punitive
https://www.reddit.com/r/TheMallWorld/comments/1ohc6sn/did_mall_world_get_clean_bathrooms_or_am_i/,loc_6,other,neutral,bystander,not_mentioned
https://www.reddit.com/r/TheMallWorld/comments/1ohc6sn/did_mall_world_get_clean_bathrooms_or_am_i/,loc_6,authority,indifferent,security,punitive
https://www.reddit.com/r/TheMallWorld/comments/1ohk0iq/assassins_in_the_department_store/,loc_2,threat,hostile,chaser,not_mentioned
https://www.reddit.com/r/TheMallWorld/comments/1ohk0iq/assassins_in_the_department_store/,loc_2,threat,hostile,chaser,not_mentioned
https://www.reddit.com/r/TheMallWorld/comments/1ohk0iq/assassins_in_the_department_store/,loc_2,authority,confusing,authority,observing
https://www.reddit.com/r/TheMallWorld/comments/1oilhbr/the_locations_within_my_dream_world/,loc_12,family_member,not_mentioned,companion,not_mentioned
https://www.reddit.com/r/TheMallWorld/comments/1oilhbr/the_locations_within_my_dream_world/,loc_12,friend,not_mentioned,bystander,not_mentioned
https://www.reddit.com/r/TheMallWorld/comments/1oilhbr/the_locations_within_my_dream_world/,loc_7,threat,threatening,other,not_mentioned
https://www.reddit.com/r/TheMallWorld/comments/1oitjmn/long_lines_for_transportation_thing_at_mallworld/,loc_1,stranger,hostile,customer,not_mentioned
https://www.reddit.com/r/TheMallWorld/comments/1oitjmn/long_lines_for_transportation_thing_at_mallworld/,loc_1,crowd,unfriendly,customer,not_mentioned
https://www.reddit.com/r/TheMallWorld/comments/1oivzi3/a_room_with_bouncing_lines_on_screens/,loc_2,crowd,neutral,other,not_mentioned
https://www.reddit.com/r/TheMallWorld/comments/1oivzi3/a_room_with_bouncing_lines_on_screens/,loc_2,crowd,indifferent,other,not_mentioned
https://www.reddit.com/r/TheMallWorld/comments/1oj6xh0/industrial_theatre/,loc_2,child,neutral,other,not_mentioned
https://www.reddit.com/r/TheMallWorld/comments/1oj8ot6/a_person_in_mallworld_explained_why_we_cant/,loc_2,stranger,neutral,other,not_mentioned
https://www.reddit.com/r/TheMallWorld/comments/1oj8ot6/a_person_in_mallworld_explained_why_we_cant/,loc_2,stranger,not_mentioned,other,not_mentioned
https://www.reddit.com/r/TheMallWorld/comments/1oj8ot6/a_person_in_mallworld_explained_why_we_cant/,loc_2,stranger,not_mentioned,other,not_mentioned
https://www.reddit.com/r/TheMallWorld/comments/1oj8ot6/a_person_in_mallworld_explained_why_we_cant/,loc_1,crowd,not_mentioned,other,not_mentioned
https://www.reddit.com/r/TheMallWorld/comments/1oj8ot6/a_person_in_mallworld_explained_why_we_cant/,loc_1,threat,hostile,other,not_mentioned
https://www.reddit.com/r/TheMallWorld/comments/1ojshze/what_the_hell_is_this_place/,loc_1,crowd,watching,bystander,not_mentioned
https://www.reddit.com/r/TheMallWorld/comments/1ojshze/what_the_hell_is_this_place/,loc_2,stranger,neutral,other,not_mentioned
https://www.reddit.com/r/TheMallWorld/comments/1ojshze/what_the_hell_is_this_place/,loc_2,crowd,watching,bystander,not_mentioned
https://www.reddit.com/r/TheMallWorld/comments/1ok8he3/mallworld_city_portals/,loc_2,known_person,friendly,companion,not_mentioned
https://www.reddit.com/r/TheMallWorld/comments/1ok8he3/mallworld_city_portals/,loc_2,crowd,neutral,bystander,not_mentioned
https://www.reddit.com/r/TheMallWorld/comments/1okmhl0/i_dont_know_if_this_makes_me_feel_better_or_worse/,loc_12,authority,unfriendly,authority,punitive
https://www.reddit.com/r/TheMallWorld/comments/1okmhl0/i_dont_know_if_this_makes_me_feel_better_or_worse/,loc_14,stranger,not_mentioned,other,not_mentioned
https://www.reddit.com/r/TheMallWorld/comments/1okmhl0/i_dont_know_if_this_makes_me_feel_better_or_worse/,loc_14,creature,not_mentioned,other,not_mentioned
https://www.reddit.com/r/TheMallWorld/comments/1okvmnd/movie_theater_area/,loc_1,crowd,neutral,bystander,not_mentioned
https://www.reddit.com/r/TheMallWorld/comments/1okvmnd/movie_theater_area/,loc_1,child,friendly,other,not_mentioned
https://www.reddit.com/r/TheMallWorld/comments/1okvmnd/movie_theater_area/,loc_1,crowd,neutral,other,not_mentioned
https://www.reddit.com/r/TheMallWorld/comments/1okvmnd/movie_theater_area/,loc_5,crowd,neutral,other,not_mentioned
https://www.reddit.com/r/TheMallWorld/comments/1ol2962/is_anyone_elses_mall_in_mall_world_90s_themed/,loc_1,family_member,not_mentioned,other,not_mentioned
https://www.reddit.com/r/TheMallWorld/comments/1ol2962/is_anyone_elses_mall_in_mall_world_90s_themed/,loc_1,friend,not_mentioned,companion,not_mentioned
https://www.reddit.com/r/TheMallWorld/comments/1ol2962/is_anyone_elses_mall_in_mall_world_90s_themed/,loc_1,friend,confusing,companion,not_mentioned
https://www.reddit.com/r/TheMallWorld/comments/1ol2962/is_anyone_elses_mall_in_mall_world_90s_themed/,loc_1,none,not_mentioned,not_mentioned,not_mentioned
https://www.reddit.com/r/TheMallWorld/comments/1olt8n7/found_a_nightclub_in_mallworld/,loc_1,authority,unfriendly,security,blocking
https://www.reddit.com/r/TheMallWorld/comments/1omc8b6/the_islands/,loc_2,crowd,neutral,bystander,not_mentioned
https://www.reddit.com/r/TheMallWorld/comments/1omq0t0/plane_crashes/,loc_2,crowd,neutral,bystander,not_mentioned
https://www.reddit.com/r/TheMallWorld/comments/1omu0zp/does_anyone_else_have_trouble_dialing_phone/,loc_1,creature,friendly,other,not_mentioned
https://www.reddit.com/r/TheMallWorld/comments/1omu0zp/does_anyone_else_have_trouble_dialing_phone/,loc_1,family_member,not_mentioned,other,not_mentioned
https://www.reddit.com/r/TheMallWorld/comments/1omykxc/endless_suburbia/,loc_1,threat,threatening,chaser,not_mentioned
https://www.reddit.com/r/TheMallWorld/comments/1omykxc/endless_suburbia/,loc_2,threat,threatening,chaser,not_mentioned
https://www.reddit.com/r/TheMallWorld/comments/1omykxc/endless_suburbia/,loc_2,threat,threatening,chaser,not_mentioned
https://www.reddit.com/r/TheMallWorld/comments/1on954p/my_experience/,loc_mall_main,authority,unfriendly,security,blocking
https://www.reddit.com/r/TheMallWorld/comments/1on954p/my_experience/,loc_mall_main,authority,hostile,security,punitive
https://www.reddit.com/r/TheMallWorld/comments/1on954p/my_experience/,loc_mall_main,friend,neutral,companion,not_mentioned
https://www.reddit.com/r/TheMallWorld/comments/1on954p/my_experience/,loc_hospital_open_ward,authority,hostile,staff,punitive
https://www.reddit.com/r/TheMallWorld/comments/1oo3z4w/mall_world_or_just_a_mall/,loc_1,stranger,unfriendly,other,not_mentioned
https://www.reddit.com/r/TheMallWorld/comments/1oo3z4w/mall_world_or_just_a_mall/,loc_2,creature,neutral,other,not_mentioned
https://www.reddit.com/r/TheMallWorld/comments/1oo3z4w/mall_world_or_just_a_mall/,loc_4,crowd,watching,bystander,not_mentioned
https://www.reddit.com/r/TheMallWorld/comments/1oo3z4w/mall_world_or_just_a_mall/,loc_5,friend,friendly,companion,not_mentioned
https://www.reddit.com/r/TheMallWorld/comments/1ooewka/holy_smokes_theres_vampires_in_mallworld/,loc_1,crowd,confusing,bystander,not_mentioned
https://www.reddit.com/r/TheMallWorld/comments/1ooewka/holy_smokes_theres_vampires_in_mallworld/,loc_1,threat,threatening,other,not_mentioned
https://www.reddit.com/r/TheMallWorld/comments/1ooewka/holy_smokes_theres_vampires_in_mallworld/,loc_2,threat,threatening,chaser,not_mentioned
https://www.reddit.com/r/TheMallWorld/comments/1ooewka/holy_smokes_theres_vampires_in_mallworld/,loc_3,crowd,neutral,bystander,not_mentioned
https://www.reddit.com/r/TheMallWorld/comments/1ooewka/holy_smokes_theres_vampires_in_mallworld/,loc_3,threat,threatening,chaser,not_mentioned
https://www.reddit.com/r/TheMallWorld/comments/1ops3aq/talking_about_mallworld_in_another_dream/,loc_1,friend,friendly,companion,not_mentioned
https://www.reddit.com/r/TheMallWorld/comments/1oqdbn9/new_area_has_anyone_been_here/,loc_2,crowd,neutral,companion,not_mentioned
https://www.reddit.com/r/TheMallWorld/comments/1oqdbn9/new_area_has_anyone_been_here/,loc_2,stranger,helpful,guide,guiding
https://www.reddit.com/r/TheMallWorld/comments/1oqdbn9/new_area_has_anyone_been_here/,loc_5,crowd,neutral,companion,not_mentioned
https://www.reddit.com/r/TheMallWorld/comments/1oqdbn9/new_area_has_anyone_been_here/,loc_5,creature,hostile,other,not_mentioned
https://www.reddit.com/r/TheMallWorld/comments/1oqo5fr/does_anyone_else_have_a_post_apocalyptic_mall/,loc_suburbs,threat,threatening,chaser,not_mentioned
https://www.reddit.com/r/TheMallWorld/comments/1oqvuqw/my_little_sisters_dream_from_last_night_out_of/,loc_3,crowd,not_mentioned,bystander,not_mentioned
https://www.reddit.com/r/TheMallWorld/comments/1orc6yr/music_event_last_night/,loc_2,crowd,neutral,bystander,not_mentioned
https://www.reddit.com/r/TheMallWorld/comments/1orgsg8/aquarium/,loc_6,family_member,not_mentioned,companion,not_mentioned
https://www.reddit.com/r/TheMallWorld/comments/1orgw00/helicopter_crashhospitalhighway_crashtrain_tracks/,loc_1_house_window_view,other,not_mentioned,not_mentioned,not_mentioned
https://www.reddit.com/r/TheMallWorld/comments/1orgw00/helicopter_crashhospitalhighway_crashtrain_tracks/,loc_2_backyard_crash_site,family_member,not_mentioned,other,not_mentioned
https://www.reddit.com/r/TheMallWorld/comments/1orgw00/helicopter_crashhospitalhighway_crashtrain_tracks/,loc_4_highway_winding_bridge,known_person,neutral,companion,not_mentioned
https://www.reddit.com/r/TheMallWorld/comments/1orgw00/helicopter_crashhospitalhighway_crashtrain_tracks/,loc_5_fall_space_over_train_tracks,other,not_mentioned,not_mentioned,not_mentioned
https://www.reddit.com/r/TheMallWorld/comments/1orgw00/helicopter_crashhospitalhighway_crashtrain_tracks/,loc_6_dirty_alley_city_outskirts,creature,not_mentioned,other,not_mentioned
https://www.reddit.com/r/TheMallWorld/comments/1orgw00/helicopter_crashhospitalhighway_crashtrain_tracks/,loc_7_train_tracks_crash_scene,known_person,not_mentioned,companion,not_mentioned
https://www.reddit.com/r/TheMallWorld/comments/1orgw00/helicopter_crashhospitalhighway_crashtrain_tracks/,loc_7_train_tracks_crash_scene,authority,watching,security,observing
https://www.reddit.com/r/TheMallWorld/comments/1orgw00/helicopter_crashhospitalhighway_crashtrain_tracks/,loc_7_train_tracks_crash_scene,authority,watching,staff,observing
https://www.reddit.com/r/TheMallWorld/comments/1os2j38/dream_makers_gonna_make_you_mad/,loc_1,creature,threatening,authority,punitive
https://www.reddit.com/r/TheMallWorld/comments/1os2j38/dream_makers_gonna_make_you_mad/,loc_1,creature,neutral,bystander,not_mentioned
https://www.reddit.com/r/TheMallWorld/comments/1os2j38/dream_makers_gonna_make_you_mad/,loc_1,creature,threatening,blocker,blocking
https://www.reddit.com/r/TheMallWorld/comments/1os2j38/dream_makers_gonna_make_you_mad/,loc_1,creature,threatening,authority,punitive
https://www.reddit.com/r/TheMallWorld/comments/1os2j38/dream_makers_gonna_make_you_mad/,loc_1,creature,neutral,bystander,not_mentioned
https://www.reddit.com/r/TheMallWorld/comments/1os2j38/dream_makers_gonna_make_you_mad/,loc_1,creature,indifferent,authority,punitive
https://www.reddit.com/r/TheMallWorld/comments/1os2j38/dream_makers_gonna_make_you_mad/,loc_1,creature,indifferent,bystander,not_mentioned
https://www.reddit.com/r/TheMallWorld/comments/1osmtnv/no_electricity_sundays/,loc_2,authority,neutral,staff,blocking
https://www.reddit.com/r/TheMallWorld/comments/1osmtnv/no_electricity_sundays/,loc_2,authority,confusing,staff,blocking
https://www.reddit.com/r/TheMallWorld/comments/1osmtnv/no_electricity_sundays/,loc_2,crowd,unfriendly,bystander,not_mentioned
https://www.reddit.com/r/TheMallWorld/comments/1osmtnv/no_electricity_sundays/,loc_1,crowd,not_mentioned,bystander,not_mentioned
https://www.reddit.com/r/TheMallWorld/comments/1otjj9b/not_real_jail/,loc_2,authority,neutral,security,blocking
https://www.reddit.com/r/TheMallWorld/comments/1ott8rv/ah_the_all_you_can_eat_buffet_place/,loc_2,known_person,neutral,companion,not_mentioned
https://www.reddit.com/r/TheMallWorld/comments/1ott8rv/ah_the_all_you_can_eat_buffet_place/,loc_5,stranger,neutral,staff,not_mentioned
https://www.reddit.com/r/TheMallWorld/comments/1ott8rv/ah_the_all_you_can_eat_buffet_place/,loc_2,stranger,neutral,staff,not_mentioned
https://www.reddit.com/r/TheMallWorld/comments/1ott8rv/ah_the_all_you_can_eat_buffet_place/,loc_6,crowd,neutral,bystander,not_mentioned
https://www.reddit.com/r/TheMallWorld/comments/1ou2lgb/abandoned_factory_zombie_field_tibetan_mountaintop/,loc_1,crowd,confusing,bystander,not_mentioned
https://www.reddit.com/r/TheMallWorld/comments/1ou2lgb/abandoned_factory_zombie_field_tibetan_mountaintop/,loc_2,stranger,neutral,companion,not_mentioned
https://www.reddit.com/r/TheMallWorld/comments/1ou2lgb/abandoned_factory_zombie_field_tibetan_mountaintop/,loc_3,other,neutral,companion,not_mentioned
https://www.reddit.com/r/TheMallWorld/comments/1ou2lgb/abandoned_factory_zombie_field_tibetan_mountaintop/,loc_3,crowd,hostile,chaser,not_mentioned
https://www.reddit.com/r/TheMallWorld/comments/1ou2lgb/abandoned_factory_zombie_field_tibetan_mountaintop/,loc_4,crowd,hostile,chaser,not_mentioned
https://www.reddit.com/r/TheMallWorld/comments/1ou2lgb/abandoned_factory_zombie_field_tibetan_mountaintop/,loc_6,stranger,friendly,guide,guiding
https://www.reddit.com/r/TheMallWorld/comments/1ou2lgb/abandoned_factory_zombie_field_tibetan_mountaintop/,loc_7,crowd,friendly,bystander,not_mentioned
https://www.reddit.com/r/TheMallWorld/comments/1ou2lgb/abandoned_factory_zombie_field_tibetan_mountaintop/,loc_7,creature,neutral,other,not_mentioned
https://www.reddit.com/r/TheMallWorld/comments/1ouae1f/bumper_cars/,loc_1,crowd,neutral,customer,not_mentioned
https://www.reddit.com/r/TheMallWorld/comments/1ouae1f/bumper_cars/,loc_1,other,neutral,other,not_mentioned
https://www.reddit.com/r/TheMallWorld/comments/1oues6e/mall_world_dreams/,loc_1,crowd,neutral,bystander,not_mentioned
https://www.reddit.com/r/TheMallWorld/comments/1oues6e/mall_world_dreams/,loc_2,threat,threatening,chaser,not_mentioned
https://www.reddit.com/r/TheMallWorld/comments/1oues6e/mall_world_dreams/,loc_2,stranger,neutral,companion,not_mentioned
https://www.reddit.com/r/TheMallWorld/comments/1oues6e/mall_world_dreams/,loc_3,stranger,neutral,companion,not_mentioned
https://www.reddit.com/r/TheMallWorld/comments/1oues6e/mall_world_dreams/,loc_4,other,not_mentioned,other,not_mentioned
https://www.reddit.com/r/TheMallWorld/comments/1oues6e/mall_world_dreams/,loc_5,creature,not_mentioned,bystander,not_mentioned
https://www.reddit.com/r/TheMallWorld/comments/1oues6e/mall_world_dreams/,loc_7,none,not_mentioned,not_mentioned,not_mentioned
https://www.reddit.com/r/TheMallWorld/comments/1oues6e/mall_world_dreams/,loc_8,none,not_mentioned,not_mentioned,not_mentioned
https://www.reddit.com/r/TheMallWorld/comments/1oumneq/airplanes_landing_on_roads/,loc_3,authority,neutral,authority,guiding
https://www.reddit.com/r/TheMallWorld/comments/1ounfto/anyone_been_here_ai_gen_pic/,loc_1,crowd,neutral,bystander,not_mentioned
https://www.reddit.com/r/TheMallWorld/comments/1ounqn8/another_dream_of_mine_ai_gen_pic/,loc_1,stranger,watching,other,not_mentioned
https://www.reddit.com/r/TheMallWorld/comments/1ounqn8/another_dream_of_mine_ai_gen_pic/,loc_1,stranger,neutral,other,not_mentioned
https://www.reddit.com/r/TheMallWorld/comments/1ouwjkw/most_mallworld_dream_ever/,loc_1,family_member,not_mentioned,other,not_mentioned
https://www.reddit.com/r/TheMallWorld/comments/1ouwjkw/most_mallworld_dream_ever/,loc_1,friend,not_mentioned,other,not_mentioned
https://www.reddit.com/r/TheMallWorld/comments/1ouwjkw/most_mallworld_dream_ever/,loc_1,crowd,not_mentioned,bystander,not_mentioned
https://www.reddit.com/r/TheMallWorld/comments/1ouwjkw/most_mallworld_dream_ever/,loc_1,stranger,unfriendly,staff,not_mentioned
https://www.reddit.com/r/TheMallWorld/comments/1ov2e0k/no_rp_or_anything/,loc_7,stranger,confusing,bystander,not_mentioned
https://www.reddit.com/r/TheMallWorld/comments/1ov2e0k/no_rp_or_anything/,loc_7,stranger,watching,bystander,not_mentioned
https://www.reddit.com/r/TheMallWorld/comments/1ov3iw2/aliens_ai_gen_pic/,loc_1,stranger,not_mentioned,companion,not_mentioned
https://www.reddit.com/r/TheMallWorld/comments/1ov3iw2/aliens_ai_gen_pic/,loc_2,other,not_mentioned,not_mentioned,not_mentioned
https://www.reddit.com/r/TheMallWorld/comments/1ov7q9y/another_mallworld_dream_this_time_more_vivid_and/,loc_2,crowd,friendly,staff,not_mentioned
https://www.reddit.com/r/TheMallWorld/comments/1ov7q9y/another_mallworld_dream_this_time_more_vivid_and/,loc_2,crowd,friendly,staff,not_mentioned
https://www.reddit.com/r/TheMallWorld/comments/1ov7q9y/another_mallworld_dream_this_time_more_vivid_and/,loc_1,stranger,helpful,guide,guiding
https://www.reddit.com/r/TheMallWorld/comments/1ovvr1m/the_bathroom_i_went_into_in_my_mall_world/,loc_1,crowd,neutral,bystander,not_mentioned
https://www.reddit.com/r/TheMallWorld/comments/1ow3mn4/cult_world/,loc_1,stranger,friendly,companion,not_mentioned
https://www.reddit.com/r/TheMallWorld/comments/1ow6xd3/the_warehouse/,loc_1,threat,threatening,chaser,not_mentioned
https://www.reddit.com/r/TheMallWorld/comments/1ow6xd3/the_warehouse/,loc_1,threat,threatening,chaser,not_mentioned
https://www.reddit.com/r/TheMallWorld/comments/1ow78h4/questions_please_help_dream_police_aliens/,loc_1,crowd,unfriendly,bystander,not_mentioned
https://www.reddit.com/r/TheMallWorld/comments/1ow78h4/questions_please_help_dream_police_aliens/,loc_1,authority,neutral,security,observing
https://www.reddit.com/r/TheMallWorld/comments/1ow78h4/questions_please_help_dream_police_aliens/,loc_2,authority,watching,bystander,observing
https://www.reddit.com/r/TheMallWorld/comments/1ow78h4/questions_please_help_dream_police_aliens/,loc_4,authority,threatening,blocker,blocking
https://www.reddit.com/r/TheMallWorld/comments/1owb6ja/very_new_here_kinda_breaking_my_brain/,loc_13,stranger,friendly,companion,not_mentioned
https://www.reddit.com/r/TheMallWorld/comments/1ox11gl/one_of_my_main_dreams_is_a_library/,loc_1,authority,unfriendly,authority,blocking
https://www.reddit.com/r/TheMallWorld/comments/1oxdjyd/my_safe_place_the_hole/,loc_1,friend,not_mentioned,companion,not_mentioned
https://www.reddit.com/r/TheMallWorld/comments/1oxdjyd/my_safe_place_the_hole/,loc_2,friend,not_mentioned,other,not_mentioned
https://www.reddit.com/r/TheMallWorld/comments/1oxdjyd/my_safe_place_the_hole/,loc_2,threat,threatening,chaser,not_mentioned
https://www.reddit.com/r/TheMallWorld/comments/1oxlxe5/basement_underneath_the_school/,loc_3,other,hostile,other,not_mentioned
https://www.reddit.com/r/TheMallWorld/comments/1oxvuxh/the_school/,loc_school_bathroom_deeper,crowd,indifferent,other,not_mentioned
https://www.reddit.com/r/TheMallWorld/comments/1oxvuxh/the_school/,loc_school_bathroom_lockerroom,stranger,not_mentioned,bystander,not_mentioned
https://www.reddit.com/r/TheMallWorld/comments/1oxvuxh/the_school/,loc_school_campus,threat,threatening,chaser,not_mentioned
https://www.reddit.com/r/TheMallWorld/comments/1oxvuxh/the_school/,loc_school_attic,authority,unfriendly,authority,blocking
https://www.reddit.com/r/TheMallWorld/comments/1oy81u8/tsunamis_airport_hotel_school_theatre_mansions/,loc_2_airport_tower,crowd,not_mentioned,bystander,not_mentioned
https://www.reddit.com/r/TheMallWorld/comments/1oyaiyn/has_anyone_dreamed_about_a_daycare_center/,loc_1,threat,threatening,chaser,not_mentioned
https://www.reddit.com/r/TheMallWorld/comments/1oyh4f6/i_think_this_was_significant_i_taught_someone/,loc_10,stranger,friendly,companion,not_mentioned
https://www.reddit.com/r/TheMallWorld/comments/1oyh4f6/i_think_this_was_significant_i_taught_someone/,loc_1,stranger,friendly,companion,not_mentioned
https://www.reddit.com/r/TheMallWorld/comments/1oym4cv/anyone_else_marble_museum/,loc_2,crowd,neutral,student,not_mentioned
https://www.reddit.com/r/TheMallWorld/comments/1oym4cv/anyone_else_marble_museum/,loc_2,authority,neutral,teacher,guiding
https://www.reddit.com/r/TheMallWorld/comments/1oyrq31/has_anyone_else_had_a_mallworld_origin_dream/,loc_1,authority,not_mentioned,authority,observing
https://www.reddit.com/r/TheMallWorld/comments/1oyvp73/has_anyone_else_explored_the_rundown_mansion/,loc_1,creature,neutral,other,not_mentioned
https://www.reddit.com/r/TheMallWorld/comments/1oyxxuk/interaction_i_had_with_a_university_nurse_in_mall/,loc_1,authority,helpful,staff,guiding
https://www.reddit.com/r/TheMallWorld/comments/1oyxxuk/interaction_i_had_with_a_university_nurse_in_mall/,loc_2,authority,helpful,staff,guiding
https://www.reddit.com/r/TheMallWorld/comments/1oyxxuk/interaction_i_had_with_a_university_nurse_in_mall/,loc_2,authority,helpful,staff,guiding
https://www.reddit.com/r/TheMallWorld/comments/1oz0kv5/most_seriene_place_flying/,loc_1,authority,unfriendly,teacher,blocking
https://www.reddit.com/r/TheMallWorld/comments/1oz0kv5/most_seriene_place_flying/,loc_2,stranger,neutral,bystander,not_mentioned
https://www.reddit.com/r/TheMallWorld/comments/1oz4zz9/mall_world_warehouse/,loc_2,creature,hostile,chaser,not_mentioned
https://www.reddit.com/r/TheMallWorld/comments/1oz4zz9/mall_world_warehouse/,loc_2,crowd,confusing,bystander,not_mentioned
https://www.reddit.com/r/TheMallWorld/comments/1oz4zz9/mall_world_warehouse/,loc_3,threat,threatening,chaser,not_mentioned
https://www.reddit.com/r/TheMallWorld/comments/1oz4zz9/mall_world_warehouse/,loc_4,stranger,neutral,companion,not_mentioned
https://www.reddit.com/r/TheMallWorld/comments/1ozcwau/the_demonic_theater_and_submerged_tunnel/,loc_3,guide,helpful,guide,not_mentioned
https://www.reddit.com/r/TheMallWorld/comments/1ozcwau/the_demonic_theater_and_submerged_tunnel/,loc_3,authority,hostile,authority,punitive
https://www.reddit.com/r/TheMallWorld/comments/1ozcwau/the_demonic_theater_and_submerged_tunnel/,loc_4,crowd,not_mentioned,other,not_mentioned
https://www.reddit.com/r/TheMallWorld/comments/1ozcwau/the_demonic_theater_and_submerged_tunnel/,loc_4,authority,hostile,authority,punitive
https://www.reddit.com/r/TheMallWorld/comments/1ozcwau/the_demonic_theater_and_submerged_tunnel/,loc_4,creature,threatening,chaser,not_mentioned
https://www.reddit.com/r/TheMallWorld/comments/1ozcwau/the_demonic_theater_and_submerged_tunnel/,loc_4,guide,helpful,guide,not_mentioned
https://www.reddit.com/r/TheMallWorld/comments/1ozcwau/the_demonic_theater_and_submerged_tunnel/,loc_4,creature,threatening,chaser,not_mentioned
https://www.reddit.com/r/TheMallWorld/comments/1ozcwau/the_demonic_theater_and_submerged_tunnel/,loc_4,guide,helpful,guide,not_mentioned
https://www.reddit.com/r/TheMallWorld/comments/1ozcwau/the_demonic_theater_and_submerged_tunnel/,loc_7,guide,helpful,companion,not_mentioned
https://www.reddit.com/r/TheMallWorld/comments/1ozcwau/the_demonic_theater_and_submerged_tunnel/,loc_7,guide,helpful,companion,not_mentioned
https://www.reddit.com/r/TheMallWorld/comments/1ozp4j2/huge_dark_room_with_weird_grey_creature/,loc_4,creature,hostile,chaser,not_mentioned
https://www.reddit.com/r/TheMallWorld/comments/1ozskkf/last_night_i_had_to_go_to_court/,loc_1,authority,not_mentioned,staff,blocking
https://www.reddit.com/r/TheMallWorld/comments/1ozskkf/last_night_i_had_to_go_to_court/,loc_2,authority,not_mentioned,authority,not_mentioned
https://www.reddit.com/r/TheMallWorld/comments/1p02rj8/did_anyone_else_ever_have_a_dream_so_strong_that/,loc_1,other,threatening,other,not_mentioned
https://www.reddit.com/r/TheMallWorld/comments/1p02rj8/did_anyone_else_ever_have_a_dream_so_strong_that/,loc_1,threat,hostile,other,not_mentioned
https://www.reddit.com/r/TheMallWorld/comments/1p02rj8/did_anyone_else_ever_have_a_dream_so_strong_that/,loc_1,threat,hostile,other,not_mentioned
https://www.reddit.com/r/TheMallWorld/comments/1p047tz/is_this_the_theatre_is_everyone_dreaming_about_it/,loc_3,friend,neutral,companion,not_mentioned
https://www.reddit.com/r/TheMallWorld/comments/1p047tz/is_this_the_theatre_is_everyone_dreaming_about_it/,loc_4,authority,watching,blocker,blocking
https://www.reddit.com/r/TheMallWorld/comments/1p075om/the_blonde_man_the_campus_and_the_cult/,loc_2,crowd,unfriendly,other,blocking
https://www.reddit.com/r/TheMallWorld/comments/1p075om/the_blonde_man_the_campus_and_the_cult/,loc_1,other,neutral,other,not_mentioned
https://www.reddit.com/r/TheMallWorld/comments/1p075om/the_blonde_man_the_campus_and_the_cult/,loc_2,stranger,confusing,guide,guiding
https://www.reddit.com/r/TheMallWorld/comments/1p075om/the_blonde_man_the_campus_and_the_cult/,loc_2,crowd,friendly,companion,not_mentioned
https://www.reddit.com/r/TheMallWorld/comments/1p075om/the_blonde_man_the_campus_and_the_cult/,loc_6,stranger,neutral,authority,guiding
https://www.reddit.com/r/TheMallWorld/comments/1p075om/the_blonde_man_the_campus_and_the_cult/,loc_6,stranger,neutral,staff,not_mentioned
https://www.reddit.com/r/TheMallWorld/comments/1p075om/the_blonde_man_the_campus_and_the_cult/,loc_6,child,not_mentioned,other,not_mentioned
https://www.reddit.com/r/TheMallWorld/comments/1p075om/the_blonde_man_the_campus_and_the_cult/,loc_7,stranger,neutral,guide,guiding
https://www.reddit.com/r/TheMallWorld/comments/1p075om/the_blonde_man_the_campus_and_the_cult/,loc_10,authority,neutral,bystander,not_mentioned
https://www.reddit.com/r/TheMallWorld/comments/1p075om/the_blonde_man_the_campus_and_the_cult/,loc_10,authority,neutral,other,not_mentioned
https://www.reddit.com/r/TheMallWorld/comments/1p075om/the_blonde_man_the_campus_and_the_cult/,loc_11,authority,unfriendly,other,blocking
https://www.reddit.com/r/TheMallWorld/comments/1p075om/the_blonde_man_the_campus_and_the_cult/,loc_11,creature,hostile,other,not_mentioned
https://www.reddit.com/r/TheMallWorld/comments/1p075om/the_blonde_man_the_campus_and_the_cult/,loc_11,creature,threatening,other,not_mentioned
https://www.reddit.com/r/TheMallWorld/comments/1p075om/the_blonde_man_the_campus_and_the_cult/,loc_11,authority,unfriendly,other,punitive
https://www.reddit.com/r/TheMallWorld/comments/1p075om/the_blonde_man_the_campus_and_the_cult/,loc_11,authority,hostile,chaser,pursuing
https://www.reddit.com/r/TheMallWorld/comments/1p075om/the_blonde_man_the_campus_and_the_cult/,loc_11,crowd,friendly,companion,not_mentioned
https://www.reddit.com/r/TheMallWorld/comments/1p075om/the_blonde_man_the_campus_and_the_cult/,loc_7,stranger,neutral,companion,not_mentioned
https://www.reddit.com/r/TheMallWorld/comments/1p075om/the_blonde_man_the_campus_and_the_cult/,loc_7,crowd,neutral,other,not_mentioned
https://www.reddit.com/r/TheMallWorld/comments/1p075om/the_blonde_man_the_campus_and_the_cult/,loc_3,stranger,indifferent,other,not_mentioned
https://www.reddit.com/r/TheMallWorld/comments/1p097js/church/,loc_1,crowd,not_mentioned,bystander,not_mentioned
https://www.reddit.com/r/TheMallWorld/comments/1p0vqhe/loops_cardboard_walls_anime_store_and_chicken/,loc_3,friend,neutral,companion,not_mentioned
https://www.reddit.com/r/TheMallWorld/comments/1p0vqhe/loops_cardboard_walls_anime_store_and_chicken/,loc_3,friend,neutral,companion,not_mentioned
https://www.reddit.com/r/TheMallWorld/comments/1p0vqhe/loops_cardboard_walls_anime_store_and_chicken/,loc_3,authority,hostile,staff,punitive
https://www.reddit.com/r/TheMallWorld/comments/1p0vqhe/loops_cardboard_walls_anime_store_and_chicken/,loc_3,friend,confusing,companion,not_mentioned
https://www.reddit.com/r/TheMallWorld/comments/1p0vqhe/loops_cardboard_walls_anime_store_and_chicken/,loc_3,friend,neutral,companion,not_mentioned
https://www.reddit.com/r/TheMallWorld/comments/1p0vqhe/loops_cardboard_walls_anime_store_and_chicken/,loc_3,authority,hostile,staff,blocking
https://www.reddit.com/r/TheMallWorld/comments/1p0vqhe/loops_cardboard_walls_anime_store_and_chicken/,loc_3,friend,confusing,companion,not_mentioned
https://www.reddit.com/r/TheMallWorld/comments/1p0vqhe/loops_cardboard_walls_anime_store_and_chicken/,loc_3,friend,neutral,companion,not_mentioned
https://www.reddit.com/r/TheMallWorld/comments/1p0vqhe/loops_cardboard_walls_anime_store_and_chicken/,loc_3,friend,neutral,companion,not_mentioned
https://www.reddit.com/r/TheMallWorld/comments/1p0vqhe/loops_cardboard_walls_anime_store_and_chicken/,loc_3,authority,threatening,staff,punitive
https://www.reddit.com/r/TheMallWorld/comments/1p0vqhe/loops_cardboard_walls_anime_store_and_chicken/,loc_3,friend,neutral,companion,not_mentioned
https://www.reddit.com/r/TheMallWorld/comments/1p0xyhx/have_yall_been_to_the_aquarium_in_the_mall_what/,loc_2,creature,not_mentioned,not_mentioned,not_mentioned
https://www.reddit.com/r/TheMallWorld/comments/1p1dh7t/sky_games/,loc_1,crowd,neutral,other,not_mentioned
https://www.reddit.com/r/TheMallWorld/comments/1p1dh7t/sky_games/,loc_2,threat,hostile,chaser,pursuing
https://www.reddit.com/r/TheMallWorld/comments/1p1dh7t/sky_games/,loc_3,stranger,helpful,guide,guiding
https://www.reddit.com/r/TheMallWorld/comments/1p1dh7t/sky_games/,loc_2,crowd,confusing,bystander,not_mentioned
https://www.reddit.com/r/TheMallWorld/comments/1p1tx2e/school_mall_airport_hybrid_by_the_ocean/,loc_1,other,not_mentioned,other,not_mentioned
https://www.reddit.com/r/TheMallWorld/comments/1p1tx2e/school_mall_airport_hybrid_by_the_ocean/,loc_1,other,not_mentioned,other,not_mentioned
https://www.reddit.com/r/TheMallWorld/comments/1p1vs2w/quests_in_the_woods/,loc_1,family_member,not_mentioned,other,not_mentioned
https://www.reddit.com/r/TheMallWorld/comments/1p1vs2w/quests_in_the_woods/,loc_1,friend,not_mentioned,other,not_mentioned
https://www.reddit.com/r/TheMallWorld/comments/1p1vs2w/quests_in_the_woods/,loc_1,stranger,not_mentioned,other,not_mentioned
https://www.reddit.com/r/TheMallWorld/comments/1p1vs2w/quests_in_the_woods/,loc_1,other,not_mentioned,other,not_mentioned
https://www.reddit.com/r/TheMallWorld/comments/1p1zv8o/my_recurrent_dream_space_a_creepy_shop_with_dead/,loc_1,known_person,not_mentioned,not_mentioned,not_mentioned
https://www.reddit.com/r/TheMallWorld/comments/1p1zv8o/my_recurrent_dream_space_a_creepy_shop_with_dead/,loc_1,other,not_mentioned,not_mentioned,not_mentioned
https://www.reddit.com/r/TheMallWorld/comments/1p21yj1/roller_coaster_road/,loc_1,threat,threatening,chaser,not_mentioned
https://www.reddit.com/r/TheMallWorld/comments/1p21yj1/roller_coaster_road/,loc_1,authority,threatening,chaser,pursuing
https://www.reddit.com/r/TheMallWorld/comments/1p2tj8o/specific_restaurant_where_i_noticed_a_random/,loc_1,known_person,friendly,bystander,not_mentioned
https://www.reddit.com/r/TheMallWorld/comments/1p2tj8o/specific_restaurant_where_i_noticed_a_random/,loc_1,crowd,not_mentioned,bystander,not_mentioned
https://www.reddit.com/r/TheMallWorld/comments/1p301rn/cosplay_competition_at_the_stage/,loc_1,authority,hostile,authority,punitive
https://www.reddit.com/r/TheMallWorld/comments/1p301rn/cosplay_competition_at_the_stage/,loc_1,crowd,not_mentioned,bystander,not_mentioned
https://www.reddit.com/r/TheMallWorld/comments/1p301rn/cosplay_competition_at_the_stage/,loc_2,authority,not_mentioned,authority,punitive
https://www.reddit.com/r/TheMallWorld/comments/1p3hmgr/amusement_park_variation_do_these_dreams_happen/,loc_1,other,neutral,bystander,not_mentioned
https://www.reddit.com/r/TheMallWorld/comments/1p3hmgr/amusement_park_variation_do_these_dreams_happen/,loc_3,family_member,not_mentioned,companion,not_mentioned
https://www.reddit.com/r/TheMallWorld/comments/1p3i191/snow_at_the_airport_winter_season/,loc_2,friend,friendly,companion,not_mentioned
https://www.reddit.com/r/TheMallWorld/comments/1p3i191/snow_at_the_airport_winter_season/,loc_1,crowd,neutral,bystander,not_mentioned
https://www.reddit.com/r/TheMallWorld/comments/1p3i191/snow_at_the_airport_winter_season/,loc_1,stranger,neutral,bystander,not_mentioned
https://www.reddit.com/r/TheMallWorld/comments/1p3i191/snow_at_the_airport_winter_season/,loc_3,authority,hostile,security,punitive
https://www.reddit.com/r/TheMallWorld/comments/1p3n0dt/house_of_bees/,loc_2,creature,hostile,chaser,not_mentioned
https://www.reddit.com/r/TheMallWorld/comments/1p3n0dt/house_of_bees/,loc_3,creature,threatening,chaser,not_mentioned
https://www.reddit.com/r/TheMallWorld/comments/1p3ncdi/anyone_else_attend_harry_potter_night_at_the/,loc_1,crowd,not_mentioned,other,not_mentioned
https://www.reddit.com/r/TheMallWorld/comments/1p3ncdi/anyone_else_attend_harry_potter_night_at_the/,loc_1,known_person,not_mentioned,other,not_mentioned
https://www.reddit.com/r/TheMallWorld/comments/1p4f4qu/my_casino_mall_dream_turned_into_an_identity/,loc_1,known_person,unfriendly,other,not_mentioned
https://www.reddit.com/r/TheMallWorld/comments/1p4f4qu/my_casino_mall_dream_turned_into_an_identity/,loc_1,child,confusing,other,not_mentioned
https://www.reddit.com/r/TheMallWorld/comments/1p4f4qu/my_casino_mall_dream_turned_into_an_identity/,loc_6,child,confusing,other,not_mentioned
https://www.reddit.com/r/TheMallWorld/comments/1p4f4qu/my_casino_mall_dream_turned_into_an_identity/,loc_6,other,threatening,other,not_mentioned
https://www.reddit.com/r/TheMallWorld/comments/1p4f4qu/my_casino_mall_dream_turned_into_an_identity/,loc_6,other,threatening,other,not_mentioned
https://www.reddit.com/r/TheMallWorld/comments/1p4f4qu/my_casino_mall_dream_turned_into_an_identity/,loc_6,child,neutral,other,not_mentioned
https://www.reddit.com/r/TheMallWorld/comments/1p4f4qu/my_casino_mall_dream_turned_into_an_identity/,loc_6,known_person,friendly,companion,not_mentioned
https://www.reddit.com/r/TheMallWorld/comments/1p4f4qu/my_casino_mall_dream_turned_into_an_identity/,loc_7,known_person,neutral,companion,not_mentioned
https://www.reddit.com/r/TheMallWorld/comments/1p4f4qu/my_casino_mall_dream_turned_into_an_identity/,loc_5,authority,not_mentioned,security,not_mentioned
https://www.reddit.com/r/TheMallWorld/comments/1p4f4qu/my_casino_mall_dream_turned_into_an_identity/,loc_5,known_person,unfriendly,blocker,blocking
https://www.reddit.com/r/TheMallWorld/comments/1p4f4qu/my_casino_mall_dream_turned_into_an_identity/,loc_5,known_person,confusing,companion,not_mentioned
https://www.reddit.com/r/TheMallWorld/comments/1p4f4qu/my_casino_mall_dream_turned_into_an_identity/,loc_5,known_person,unfriendly,blocker,blocking
https://www.reddit.com/r/TheMallWorld/comments/1p4fibs/mall_world_experience/,loc_6,creature,not_mentioned,other,not_mentioned
https://www.reddit.com/r/TheMallWorld/comments/1p4klct/curious_if_either_of_these_places_look_familiar/,loc_5,creature,not_mentioned,other,not_mentioned
https://www.reddit.com/r/TheMallWorld/comments/1p58och/house_in_the_jungle_heavily_protected_by_armed_men/,loc_1,family_member,not_mentioned,companion,not_mentioned
https://www.reddit.com/r/TheMallWorld/comments/1p58och/house_in_the_jungle_heavily_protected_by_armed_men/,loc_1,threat,hostile,other,not_mentioned
https://www.reddit.com/r/TheMallWorld/comments/1p58och/house_in_the_jungle_heavily_protected_by_armed_men/,loc_2,crowd,not_mentioned,other,not_mentioned
https://www.reddit.com/r/TheMallWorld/comments/1p58och/house_in_the_jungle_heavily_protected_by_armed_men/,loc_2,threat,not_mentioned,other,not_mentioned
https://www.reddit.com/r/TheMallWorld/comments/1p58och/house_in_the_jungle_heavily_protected_by_armed_men/,loc_3,authority,threatening,security,observing
https://www.reddit.com/r/TheMallWorld/comments/1p58och/house_in_the_jungle_heavily_protected_by_armed_men/,loc_3,other,not_mentioned,other,not_mentioned
https://www.reddit.com/r/TheMallWorld/comments/1p58och/house_in_the_jungle_heavily_protected_by_armed_men/,loc_4,authority,threatening,security,observing
https://www.reddit.com/r/TheMallWorld/comments/1p58och/house_in_the_jungle_heavily_protected_by_armed_men/,loc_5,crowd,not_mentioned,other,not_mentioned
https://www.reddit.com/r/TheMallWorld/comments/1p58och/house_in_the_jungle_heavily_protected_by_armed_men/,loc_4,family_member,not_mentioned,other,not_mentioned
https://www.reddit.com/r/TheMallWorld/comments/1p59y95/party_in_mall_world/,loc_1,stranger,not_mentioned,other,not_mentioned
https://www.reddit.com/r/TheMallWorld/comments/1p59y95/party_in_mall_world/,loc_1,stranger,not_mentioned,other,not_mentioned
https://www.reddit.com/r/TheMallWorld/comments/1p59y95/party_in_mall_world/,loc_1,crowd,not_mentioned,bystander,not_mentioned
https://www.reddit.com/r/TheMallWorld/comments/1p5jyni/the_realest_dream_i_have_ever_felt/,loc_2,threat,hostile,chaser,not_mentioned
https://www.reddit.com/r/TheMallWorld/comments/1p5jyni/the_realest_dream_i_have_ever_felt/,loc_3,threat,hostile,chaser,not_mentioned
https://www.reddit.com/r/TheMallWorld/comments/1p5ytnc/the_ancient_ruins_part_2/,loc_1,threat,hostile,chaser,not_mentioned
https://www.reddit.com/r/TheMallWorld/comments/1p5ytnc/the_ancient_ruins_part_2/,loc_2,threat,hostile,chaser,not_mentioned
https://www.reddit.com/r/TheMallWorld/comments/1p69oi7/closet/,loc_2,stranger,not_mentioned,not_mentioned,not_mentioned
https://www.reddit.com/r/TheMallWorld/comments/1p69oi7/closet/,loc_1,stranger,not_mentioned,companion,not_mentioned
https://www.reddit.com/r/TheMallWorld/comments/1p69oi7/closet/,loc_1,stranger,not_mentioned,not_mentioned,not_mentioned
https://www.reddit.com/r/TheMallWorld/comments/1p69oi7/closet/,loc_1,crowd,not_mentioned,bystander,not_mentioned
https://www.reddit.com/r/TheMallWorld/comments/1p6b1fz/celebrity_assistant/,loc_1,authority,neutral,authority,guiding
https://www.reddit.com/r/TheMallWorld/comments/1p6b1fz/celebrity_assistant/,loc_2,crowd,indifferent,bystander,not_mentioned
https://www.reddit.com/r/TheMallWorld/comments/1p6b1fz/celebrity_assistant/,loc_6,stranger,confusing,other,not_mentioned
https://www.reddit.com/r/TheMallWorld/comments/1p6csua/mallworld_train_station_uncanny_workers/,loc_1,authority,neutral,staff,guiding
https://www.reddit.com/r/TheMallWorld/comments/1p6csua/mallworld_train_station_uncanny_workers/,loc_2,authority,confusing,staff,guiding
https://www.reddit.com/r/TheMallWorld/comments/1p6csua/mallworld_train_station_uncanny_workers/,loc_2,authority,unfriendly,staff,blocking
https://www.reddit.com/r/TheMallWorld/comments/1p722ua/a_dream_about_a_black_cube_a_glowing_symbol_and_a/,loc_2,stranger,neutral,companion,not_mentioned
https://www.reddit.com/r/TheMallWorld/comments/1p722ua/a_dream_about_a_black_cube_a_glowing_symbol_and_a/,loc_2,stranger,neutral,companion,not_mentioned
https://www.reddit.com/r/TheMallWorld/comments/1p7o7dh/unlocking_memories/,loc_4,authority,hostile,security,pursuing
https://www.reddit.com/r/TheMallWorld/comments/1p7o7dh/unlocking_memories/,loc_4,stranger,neutral,guide,not_mentioned
https://www.reddit.com/r/TheMallWorld/comments/1p7rkv0/last_night_something_happened_at_the_cruiseship/,loc_4,crowd,neutral,bystander,not_mentioned
https://www.reddit.com/r/TheMallWorld/comments/1p7rkv0/last_night_something_happened_at_the_cruiseship/,loc_3,authority,unfriendly,authority,blocking
https://www.reddit.com/r/TheMallWorld/comments/1p7rkv0/last_night_something_happened_at_the_cruiseship/,loc_4,known_person,neutral,blocker,not_mentioned
https://www.reddit.com/r/TheMallWorld/comments/1p7rkv0/last_night_something_happened_at_the_cruiseship/,loc_5,authority,hostile,security,punitive
https://www.reddit.com/r/TheMallWorld/comments/1p8f0cp/similar_but_not_exactly/,loc_2,family_member,not_mentioned,not_mentioned,not_mentioned
https://www.reddit.com/r/TheMallWorld/comments/1p8k4mf/anyone_been_here_a_dirty_grimey_mall/,loc_6,creature,hostile,chaser,not_mentioned
https://www.reddit.com/r/TheMallWorld/comments/1p8k4mf/anyone_been_here_a_dirty_grimey_mall/,loc_6,creature,hostile,chaser,not_mentioned
https://www.reddit.com/r/TheMallWorld/comments/1p8l4ng/pharmacy/,loc_1,stranger,neutral,companion,not_mentioned
https://www.reddit.com/r/TheMallWorld/comments/1p8l4ng/pharmacy/,loc_1,stranger,confusing,companion,not_mentioned
https://www.reddit.com/r/TheMallWorld/comments/1p8m4wz/a_mall_world_dream_that_just_feltwrong/,loc_1,other,not_mentioned,not_mentioned,not_mentioned
https://www.reddit.com/r/TheMallWorld/comments/1p8nfd1/the_hospital/,loc_2,authority,not_mentioned,staff,not_mentioned
https://www.reddit.com/r/TheMallWorld/comments/1p8p56m/underground_tunnels_with_giant_frozen_wave/,loc_1,threat,threatening,chaser,not_mentioned
https://www.reddit.com/r/TheMallWorld/comments/1p8p56m/underground_tunnels_with_giant_frozen_wave/,loc_1,threat,threatening,blocker,not_mentioned
https://www.reddit.com/r/TheMallWorld/comments/1p9dzpb/mall_world/,loc_2,friend,neutral,companion,not_mentioned
https://www.reddit.com/r/TheMallWorld/comments/1p9dzpb/mall_world/,loc_6,mannequin,threatening,other,not_mentioned
https://www.reddit.com/r/TheMallWorld/comments/1p9dzpb/mall_world/,loc_6,other,not_mentioned,other,not_mentioned
https://www.reddit.com/r/TheMallWorld/comments/1p9dzpb/mall_world/,loc_6,threat,hostile,chaser,pursuing
https://www.reddit.com/r/TheMallWorld/comments/1p9dzpb/mall_world/,loc_8,stranger,neutral,bystander,not_mentioned
https://www.reddit.com/r/TheMallWorld/comments/1p9foul/lower_level_golf_games/,loc_1,stranger,not_mentioned,staff,not_mentioned
https://www.reddit.com/r/TheMallWorld/comments/1p9ttly/do_you_guys_have_dreams_about_an_aquarium/,loc_1,crowd,neutral,bystander,not_mentioned
https://www.reddit.com/r/TheMallWorld/comments/1p9ttly/do_you_guys_have_dreams_about_an_aquarium/,loc_1,creature,not_mentioned,other,not_mentioned
https://www.reddit.com/r/TheMallWorld/comments/1pa7zf0/i_think_i_might_have_been_to_the_hotel_once_is/,loc_2,crowd,neutral,bystander,not_mentioned
https://www.reddit.com/r/TheMallWorld/comments/1pa7zf0/i_think_i_might_have_been_to_the_hotel_once_is/,loc_4,authority,watching,authority,blocking
https://www.reddit.com/r/TheMallWorld/comments/1pb1u0n/mall_world_experiences/,loc_1,crowd,neutral,student,not_mentioned
https://www.reddit.com/r/TheMallWorld/comments/1pb1u0n/mall_world_experiences/,loc_1,crowd,helpful,student,not_mentioned
https://www.reddit.com/r/TheMallWorld/comments/1pb1u0n/mall_world_experiences/,loc_8,crowd,neutral,other,not_mentioned
https://www.reddit.com/r/TheMallWorld/comments/1pb1u0n/mall_world_experiences/,loc_10,crowd,unfriendly,bystander,not_mentioned
https://www.reddit.com/r/TheMallWorld/comments/1pb1u0n/mall_world_experiences/,loc_17,known_person,friendly,companion,not_mentioned
https://www.reddit.com/r/TheMallWorld/comments/1pb1u0n/mall_world_experiences/,loc_17,crowd,neutral,bystander,not_mentioned
https://www.reddit.com/r/TheMallWorld/comments/1pb1u0n/mall_world_experiences/,loc_20,authority,threatening,security,blocking
https://www.reddit.com/r/TheMallWorld/comments/1pb1u0n/mall_world_experiences/,loc_20,crowd,indifferent,bystander,not_mentioned
https://www.reddit.com/r/TheMallWorld/comments/1pb1u0n/mall_world_experiences/,loc_20,crowd,confusing,bystander,not_mentioned
https://www.reddit.com/r/TheMallWorld/comments/1pbcfqc/white_tigers_in_mall_world/,loc_1,family_member,not_mentioned,companion,not_mentioned
https://www.reddit.com/r/TheMallWorld/comments/1pbcfqc/white_tigers_in_mall_world/,loc_1,creature,threatening,chaser,not_mentioned
https://www.reddit.com/r/TheMallWorld/comments/1pbcfqc/white_tigers_in_mall_world/,loc_1,creature,threatening,chaser,not_mentioned
https://www.reddit.com/r/TheMallWorld/comments/1pbcm52/the_giant_bathroom/,loc_1,crowd,not_mentioned,bystander,not_mentioned
https://www.reddit.com/r/TheMallWorld/comments/1pbnsvb/not_sure_if_this_is_considered_mall_world/,loc_1,authority,unfriendly,teacher,pursuing
https://www.reddit.com/r/TheMallWorld/comments/1pbnsvb/not_sure_if_this_is_considered_mall_world/,loc_1,authority,helpful,teacher,guiding
https://www.reddit.com/r/TheMallWorld/comments/1pbnsvb/not_sure_if_this_is_considered_mall_world/,loc_2,authority,helpful,teacher,guiding
https://www.reddit.com/r/TheMallWorld/comments/1pbv6tf/monkey_man/,loc_1,stranger,friendly,other,not_mentioned
https://www.reddit.com/r/TheMallWorld/comments/1pd5ql1/the_food_court_situation_elder_care_and_the_pool/,loc_2,threat,threatening,other,not_mentioned
https://www.reddit.com/r/TheMallWorld/comments/1pd5ql1/the_food_court_situation_elder_care_and_the_pool/,loc_1,threat,threatening,other,not_mentioned
https://www.reddit.com/r/TheMallWorld/comments/1pd5ql1/the_food_court_situation_elder_care_and_the_pool/,loc_7,authority,neutral,staff,guiding
https://www.reddit.com/r/TheMallWorld/comments/1pd5ql1/the_food_court_situation_elder_care_and_the_pool/,loc_7,crowd,neutral,other,not_mentioned
https://www.reddit.com/r/TheMallWorld/comments/1pe3mlb/amusement_park_beach/,loc_2,deceased,friendly,companion,not_mentioned
https://www.reddit.com/r/TheMallWorld/comments/1pe3mlb/amusement_park_beach/,loc_2,deceased,confusing,companion,not_mentioned
https://www.reddit.com/r/TheMallWorld/comments/1pe3mlb/amusement_park_beach/,loc_2,deceased,friendly,companion,not_mentioned
https://www.reddit.com/r/TheMallWorld/comments/1pe3mlb/amusement_park_beach/,loc_3,crowd,neutral,bystander,not_mentioned
https://www.reddit.com/r/TheMallWorld/comments/1pe3mlb/amusement_park_beach/,loc_4,other,not_mentioned,other,not_mentioned
https://www.reddit.com/r/TheMallWorld/comments/1pejn2c/michelangelo_radino/,loc_1,other,confusing,other,not_mentioned
https://www.reddit.com/r/TheMallWorld/comments/1pejn2c/michelangelo_radino/,loc_1,other,neutral,other,not_mentioned
https://www.reddit.com/r/TheMallWorld/comments/1pes3zd/toilet/,loc_1,known_person,not_mentioned,chaser,not_mentioned
https://www.reddit.com/r/TheMallWorld/comments/1pf5duo/was_anyone_at_a_house_party_lastnight/,loc_1,crowd,confusing,bystander,not_mentioned
https://www.reddit.com/r/TheMallWorld/comments/1pf5duo/was_anyone_at_a_house_party_lastnight/,loc_1,crowd,hostile,other,not_mentioned
https://www.reddit.com/r/TheMallWorld/comments/1pf5duo/was_anyone_at_a_house_party_lastnight/,loc_2,other,not_mentioned,other,not_mentioned
https://www.reddit.com/r/TheMallWorld/comments/1pfcpl2/consistent_dreams_about_mall_world/,loc_3,friend,friendly,companion,not_mentioned
https://www.reddit.com/r/TheMallWorld/comments/1pfcpl2/consistent_dreams_about_mall_world/,loc_3,stranger,neutral,bystander,not_mentioned
https://www.reddit.com/r/TheMallWorld/comments/1pfiizw/not_exactly_mall_world_but_rooted_in_similar/,loc_2,child,neutral,guide,guiding
https://www.reddit.com/r/TheMallWorld/comments/1pfiizw/not_exactly_mall_world_but_rooted_in_similar/,loc_3,child,neutral,guide,guiding
https://www.reddit.com/r/TheMallWorld/comments/1pfiizw/not_exactly_mall_world_but_rooted_in_similar/,loc_3,other,not_mentioned,other,not_mentioned
https://www.reddit.com/r/TheMallWorld/comments/1pfiizw/not_exactly_mall_world_but_rooted_in_similar/,loc_4,child,confusing,guide,guiding
https://www.reddit.com/r/TheMallWorld/comments/1pfqq3s/abandoned_fair/,loc_1,crowd,friendly,staff,not_mentioned
https://www.reddit.com/r/TheMallWorld/comments/1pfqq3s/abandoned_fair/,loc_1,other,neutral,guide,guiding
https://www.reddit.com/r/TheMallWorld/comments/1pfwg32/mall_dream_with_bonus_weird_toilets_too/,loc_2,authority,neutral,staff,not_mentioned
https://www.reddit.com/r/TheMallWorld/comments/1pfwg32/mall_dream_with_bonus_weird_toilets_too/,loc_4,stranger,neutral,bystander,not_mentioned
https://www.reddit.com/r/TheMallWorld/comments/1pfwg32/mall_dream_with_bonus_weird_toilets_too/,loc_4,child,neutral,bystander,not_mentioned
https://www.reddit.com/r/TheMallWorld/comments/1pfwg32/mall_dream_with_bonus_weird_toilets_too/,loc_6,stranger,unfriendly,bystander,not_mentioned
https://www.reddit.com/r/TheMallWorld/comments/1pfwg32/mall_dream_with_bonus_weird_toilets_too/,loc_6,stranger,neutral,bystander,not_mentioned
https://www.reddit.com/r/TheMallWorld/comments/1pfwg32/mall_dream_with_bonus_weird_toilets_too/,loc_6,family_member,neutral,bystander,not_mentioned
https://www.reddit.com/r/TheMallWorld/comments/1pg3kid/may_have_destroyed_the_airport_sectionoops/,loc_2,mannequin,not_mentioned,bystander,not_mentioned
https://www.reddit.com/r/TheMallWorld/comments/1pg3kid/may_have_destroyed_the_airport_sectionoops/,loc_2,authority,unfriendly,authority,blocking
https://www.reddit.com/r/TheMallWorld/comments/1pg90yt/my_experiences_in_mallworld_like_dreams/,loc_5,stranger,not_mentioned,companion,not_mentioned
https://www.reddit.com/r/TheMallWorld/comments/1pg90yt/my_experiences_in_mallworld_like_dreams/,loc_8,stranger,not_mentioned,other,not_mentioned
https://www.reddit.com/r/TheMallWorld/comments/1pgi6cz/anyone_been_forced_to_take_strange_tests_within/,loc_1,authority,neutral,authority,guiding
https://www.reddit.com/r/TheMallWorld/comments/1pgi6cz/anyone_been_forced_to_take_strange_tests_within/,loc_1,crowd,neutral,other,not_mentioned
https://www.reddit.com/r/TheMallWorld/comments/1pgi6cz/anyone_been_forced_to_take_strange_tests_within/,loc_2,authority,neutral,authority,guiding
https://www.reddit.com/r/TheMallWorld/comments/1pgi6cz/anyone_been_forced_to_take_strange_tests_within/,loc_5,authority,unfriendly,authority,blocking
https://www.reddit.com/r/TheMallWorld/comments/1pgi6cz/anyone_been_forced_to_take_strange_tests_within/,loc_5,authority,unfriendly,authority,blocking
https://www.reddit.com/r/TheMallWorld/comments/1pgi6cz/anyone_been_forced_to_take_strange_tests_within/,loc_5,other,threatening,authority,punitive
https://www.reddit.com/r/TheMallWorld/comments/1pgi6cz/anyone_been_forced_to_take_strange_tests_within/,loc_5,crowd,confusing,other,not_mentioned
https://www.reddit.com/r/TheMallWorld/comments/1pgi6cz/anyone_been_forced_to_take_strange_tests_within/,loc_5,stranger,not_mentioned,other,not_mentioned
https://www.reddit.com/r/TheMallWorld/comments/1pgi6cz/anyone_been_forced_to_take_strange_tests_within/,loc_8,stranger,friendly,companion,not_mentioned
https://www.reddit.com/r/TheMallWorld/comments/1pgi6cz/anyone_been_forced_to_take_strange_tests_within/,loc_5,authority,unfriendly,authority,punitive
https://www.reddit.com/r/TheMallWorld/comments/1pgi6cz/anyone_been_forced_to_take_strange_tests_within/,loc_7,stranger,friendly,companion,not_mentioned
https://www.reddit.com/r/TheMallWorld/comments/1pgi6cz/anyone_been_forced_to_take_strange_tests_within/,loc_7,crowd,hostile,other,not_mentioned
https://www.reddit.com/r/TheMallWorld/comments/1pgi6cz/anyone_been_forced_to_take_strange_tests_within/,loc_7,crowd,confusing,other,not_mentioned
https://www.reddit.com/r/TheMallWorld/comments/1pgi6cz/anyone_been_forced_to_take_strange_tests_within/,loc_5,authority,threatening,authority,punitive
https://www.reddit.com/r/TheMallWorld/comments/1pgi6cz/anyone_been_forced_to_take_strange_tests_within/,loc_9,stranger,not_mentioned,companion,not_mentioned
https://www.reddit.com/r/TheMallWorld/comments/1pgph55/didnt_realise_this_was_a_shared_experience/,loc_1,other,not_mentioned,companion,not_mentioned
https://www.reddit.com/r/TheMallWorld/comments/1pgry6x/window_washers/,loc_1,stranger,not_mentioned,other,not_mentioned
https://www.reddit.com/r/TheMallWorld/comments/1pgs3i3/catastophic/,loc_1,threat,hostile,other,not_mentioned
https://www.reddit.com/r/TheMallWorld/comments/1pgs3i3/catastophic/,loc_1,creature,threatening,other,not_mentioned
https://www.reddit.com/r/TheMallWorld/comments/1pgs3i3/catastophic/,loc_1,crowd,neutral,bystander,not_mentioned
https://www.reddit.com/r/TheMallWorld/comments/1pgs3i3/catastophic/,loc_2,crowd,neutral,companion,not_mentioned
https://www.reddit.com/r/TheMallWorld/comments/1ph3mf9/cruise_ship_last_night/,loc_1,other,indifferent,companion,not_mentioned
https://www.reddit.com/r/TheMallWorld/comments/1ph3mf9/cruise_ship_last_night/,loc_2,stranger,not_mentioned,other,not_mentioned
https://www.reddit.com/r/TheMallWorld/comments/1ph3vo1/recreating_the_school_part_of_mall_world/,loc_2,authority,not_mentioned,teacher,not_mentioned
https://www.reddit.com/r/TheMallWorld/comments/1ph3vo1/recreating_the_school_part_of_mall_world/,loc_2,crowd,unfriendly,bystander,not_mentioned
https://www.reddit.com/r/TheMallWorld/comments/1ph78zq/food_court/,loc_1,stranger,not_mentioned,bystander,not_mentioned
https://www.reddit.com/r/TheMallWorld/comments/1phmxpy/hotel_world/,loc_1,known_person,hostile,other,not_mentioned
https://www.reddit.com/r/TheMallWorld/comments/1phmxpy/hotel_world/,loc_1,faceless,not_mentioned,other,not_mentioned
https://www.reddit.com/r/TheMallWorld/comments/1picu0d/disasters/,loc_1,other,threatening,other,not_mentioned
https://www.reddit.com/r/TheMallWorld/comments/1picu0d/disasters/,loc_3,other,hostile,other,not_mentioned
https://www.reddit.com/r/TheMallWorld/comments/1pj2ael/the_military_raid/,loc_1,authority,threatening,authority,pursuing
https://www.reddit.com/r/TheMallWorld/comments/1pj2ael/the_military_raid/,loc_1,authority,threatening,authority,pursuing
https://www.reddit.com/r/TheMallWorld/comments/1pj2ael/the_military_raid/,loc_1,authority,threatening,authority,pursuing
https://www.reddit.com/r/TheMallWorld/comments/1pjhrdz/animals/,loc_2,creature,neutral,other,not_mentioned
https://www.reddit.com/r/TheMallWorld/comments/1pjhrdz/animals/,loc_1,creature,neutral,other,not_mentioned
https://www.reddit.com/r/TheMallWorld/comments/1pjhrdz/animals/,loc_3,creature,neutral,other,not_mentioned
https://www.reddit.com/r/TheMallWorld/comments/1pjhrdz/animals/,loc_4,creature,neutral,other,not_mentioned
https://www.reddit.com/r/TheMallWorld/comments/1pjhrdz/animals/,loc_5,creature,neutral,other,not_mentioned
https://www.reddit.com/r/TheMallWorld/comments/1pjhrdz/animals/,loc_1,creature,not_mentioned,other,not_mentioned
https://www.reddit.com/r/TheMallWorld/comments/1pjhrdz/animals/,loc_1,creature,not_mentioned,other,not_mentioned
https://www.reddit.com/r/TheMallWorld/comments/1pjkmkb/weird_elevators_or_escalators/,loc_1,authority,neutral,staff,guiding
https://www.reddit.com/r/TheMallWorld/comments/1pjkmkb/weird_elevators_or_escalators/,loc_2,authority,confusing,other,observing
https://www.reddit.com/r/TheMallWorld/comments/1pjkmkb/weird_elevators_or_escalators/,loc_2,stranger,not_mentioned,bystander,not_mentioned
https://www.reddit.com/r/TheMallWorld/comments/1pjkmkb/weird_elevators_or_escalators/,loc_2,family_member,not_mentioned,companion,not_mentioned
https://www.reddit.com/r/TheMallWorld/comments/1pjkmkb/weird_elevators_or_escalators/,loc_2,crowd,not_mentioned,bystander,not_mentioned
https://www.reddit.com/r/TheMallWorld/comments/1pkab70/i_might_have_had_a_mall_world_dream_recently/,loc_1,crowd,confusing,bystander,not_mentioned
https://www.reddit.com/r/TheMallWorld/comments/1pkh9up/has_anyone_else_seen_this_in_their_mall_world/,loc_1,other,not_mentioned,not_mentioned,not_mentioned
https://www.reddit.com/r/TheMallWorld/comments/1pkh9up/has_anyone_else_seen_this_in_their_mall_world/,loc_2,crowd,not_mentioned,other,not_mentioned
https://www.reddit.com/r/TheMallWorld/comments/1pkh9up/has_anyone_else_seen_this_in_their_mall_world/,loc_2,creature,hostile,other,not_mentioned
https://www.reddit.com/r/TheMallWorld/comments/1pkh9up/has_anyone_else_seen_this_in_their_mall_world/,loc_1,threat,hostile,chaser,not_mentioned
https://www.reddit.com/r/TheMallWorld/comments/1pkh9up/has_anyone_else_seen_this_in_their_mall_world/,loc_1,threat,hostile,chaser,punitive
https://www.reddit.com/r/TheMallWorld/comments/1pkv4qp/last_night/,loc_1,crowd,not_mentioned,other,not_mentioned
https://www.reddit.com/r/TheMallWorld/comments/1pkv4qp/last_night/,loc_1,stranger,hostile,other,not_mentioned
https://www.reddit.com/r/TheMallWorld/comments/1pkv4qp/last_night/,loc_1,known_person,watching,bystander,not_mentioned
https://www.reddit.com/r/TheMallWorld/comments/1pkv4qp/last_night/,loc_1,known_person,neutral,other,not_mentioned
https://www.reddit.com/r/TheMallWorld/comments/1pl06v0/my_reoccurring_dream_about_a_artificial_world/,loc_2,stranger,neutral,bystander,not_mentioned
https://www.reddit.com/r/TheMallWorld/comments/1pl06v0/my_reoccurring_dream_about_a_artificial_world/,loc_3,authority,threatening,security,blocking
https://www.reddit.com/r/TheMallWorld/comments/1ploogr/large_dinning_hall_in_mansion_and_the_trail_in/,loc_1,authority,hostile,authority,punitive
https://www.reddit.com/r/TheMallWorld/comments/1ploogr/large_dinning_hall_in_mansion_and_the_trail_in/,loc_1,authority,threatening,blocker,blocking
https://www.reddit.com/r/TheMallWorld/comments/1ploogr/large_dinning_hall_in_mansion_and_the_trail_in/,loc_1,authority,hostile,authority,punitive
https://www.reddit.com/r/TheMallWorld/comments/1ploogr/large_dinning_hall_in_mansion_and_the_trail_in/,loc_4,child,neutral,bystander,not_mentioned
https://www.reddit.com/r/TheMallWorld/comments/1ploznp/skyscraper_balcony/,loc_1,crowd,not_mentioned,bystander,not_mentioned
https://www.reddit.com/r/TheMallWorld/comments/1pmgb41/recurring_dreams_and_daydreams_of_five_empty/,loc_9,creature,neutral,other,not_mentioned
https://www.reddit.com/r/TheMallWorld/comments/1pmgb41/recurring_dreams_and_daydreams_of_five_empty/,loc_12,creature,threatening,chaser,not_mentioned
https://www.reddit.com/r/TheMallWorld/comments/1pmoe4d/boom/,loc_2,authority,unfriendly,authority,blocking
https://www.reddit.com/r/TheMallWorld/comments/1pmoe4d/boom/,loc_2,coworker,neutral,companion,not_mentioned
https://www.reddit.com/r/TheMallWorld/comments/1pmoe4d/boom/,loc_2,authority,hostile,chaser,pursuing
https://www.reddit.com/r/TheMallWorld/comments/1pmoe4d/boom/,loc_5,threat,confusing,other,not_mentioned
https://www.reddit.com/r/TheMallWorld/comments/1pmoe4d/boom/,loc_5,authority,neutral,security,punitive
https://www.reddit.com/r/TheMallWorld/comments/1pmoe4d/boom/,loc_5,stranger,neutral,other,not_mentioned
https://www.reddit.com/r/TheMallWorld/comments/1pmoe4d/boom/,loc_4,authority,watching,security,observing
https://www.reddit.com/r/TheMallWorld/comments/1pmoe4d/boom/,loc_6,authority,neutral,authority,guiding
https://www.reddit.com/r/TheMallWorld/comments/1pn32r7/the_cabin_and_the_serpant/,loc_3,creature,not_mentioned,other,not_mentioned
https://www.reddit.com/r/TheMallWorld/comments/1pn32r7/the_cabin_and_the_serpant/,loc_3,creature,not_mentioned,other,not_mentioned
https://www.reddit.com/r/TheMallWorld/comments/1pntxvu/pet_store/,loc_1,stranger,helpful,staff,not_mentioned
https://www.reddit.com/r/TheMallWorld/comments/1pnu38b/high_school_in_hell_city/,loc_5,crowd,unfriendly,student,not_mentioned
https://www.reddit.com/r/TheMallWorld/comments/1pnu38b/high_school_in_hell_city/,loc_6,crowd,hostile,student,not_mentioned
https://www.reddit.com/r/TheMallWorld/comments/1pnu38b/high_school_in_hell_city/,loc_3,crowd,hostile,student,not_mentioned
https://www.reddit.com/r/TheMallWorld/comments/1pnwn85/school/,loc_1,stranger,helpful,guide,not_mentioned
https://www.reddit.com/r/TheMallWorld/comments/1pnxnq7/the_slide/,loc_2,stranger,not_mentioned,bystander,not_mentioned
https://www.reddit.com/r/TheMallWorld/comments/1poak03/mall_world_toilets/,loc_1,friend,helpful,companion,not_mentioned
https://www.reddit.com/r/TheMallWorld/comments/1pom8cx/seeing_a_past_parent_at_mall_word/,loc_1,deceased,friendly,companion,not_mentioned
https://www.reddit.com/r/TheMallWorld/comments/1pom8cx/seeing_a_past_parent_at_mall_word/,loc_2,deceased,friendly,companion,not_mentioned
https://www.reddit.com/r/TheMallWorld/comments/1pqay9h/mall_world_interactions_more_vivid_since_coming/,loc_2,stranger,confusing,other,not_mentioned
https://www.reddit.com/r/TheMallWorld/comments/1pqay9h/mall_world_interactions_more_vivid_since_coming/,loc_2,stranger,confusing,other,not_mentioned
https://www.reddit.com/r/TheMallWorld/comments/1pqay9h/mall_world_interactions_more_vivid_since_coming/,loc_2,stranger,confusing,other,not_mentioned
https://www.reddit.com/r/TheMallWorld/comments/1pqay9h/mall_world_interactions_more_vivid_since_coming/,loc_1,stranger,neutral,companion,not_mentioned
https://www.reddit.com/r/TheMallWorld/comments/1pqay9h/mall_world_interactions_more_vivid_since_coming/,loc_1,stranger,neutral,companion,not_mentioned
https://www.reddit.com/r/TheMallWorld/comments/1pqay9h/mall_world_interactions_more_vivid_since_coming/,loc_3,guide,helpful,companion,guiding
https://www.reddit.com/r/TheMallWorld/comments/1pqay9h/mall_world_interactions_more_vivid_since_coming/,loc_4,crowd,neutral,other,not_mentioned
https://www.reddit.com/r/TheMallWorld/comments/1pqdc0m/at_the_movies_and_at_a_ballroom_event/,loc_1,deceased,unfriendly,companion,not_mentioned
https://www.reddit.com/r/TheMallWorld/comments/1pqdc0m/at_the_movies_and_at_a_ballroom_event/,loc_4,friend,friendly,companion,not_mentioned
https://www.reddit.com/r/TheMallWorld/comments/1pqdc0m/at_the_movies_and_at_a_ballroom_event/,loc_4,crowd,neutral,bystander,not_mentioned
https://www.reddit.com/r/TheMallWorld/comments/1pqdc0m/at_the_movies_and_at_a_ballroom_event/,loc_4,stranger,friendly,guide,not_mentioned
https://www.reddit.com/r/TheMallWorld/comments/1pqdc0m/at_the_movies_and_at_a_ballroom_event/,loc_2,deceased,neutral,companion,not_mentioned
https://www.reddit.com/r/TheMallWorld/comments/1pqdc0m/at_the_movies_and_at_a_ballroom_event/,loc_6,stranger,friendly,guide,not_mentioned
https://www.reddit.com/r/TheMallWorld/comments/1pqdc0m/at_the_movies_and_at_a_ballroom_event/,loc_6,known_person,neutral,bystander,not_mentioned
https://www.reddit.com/r/TheMallWorld/comments/1pqdc0m/at_the_movies_and_at_a_ballroom_event/,loc_6,crowd,hostile,bystander,not_mentioned
https://www.reddit.com/r/TheMallWorld/comments/1pqdc0m/at_the_movies_and_at_a_ballroom_event/,loc_6,crowd,hostile,blocker,blocking
https://www.reddit.com/r/TheMallWorld/comments/1pqdc0m/at_the_movies_and_at_a_ballroom_event/,loc_6,known_person,confusing,guide,not_mentioned
https://www.reddit.com/r/TheMallWorld/comments/1pqfd6f/is_my_dream_mallworld/,loc_5,shadow,watching,other,not_mentioned
https://www.reddit.com/r/TheMallWorld/comments/1pqfd6f/is_my_dream_mallworld/,loc_5,family_member,not_mentioned,companion,not_mentioned
https://www.reddit.com/r/TheMallWorld/comments/1pqmsc4/super_fancy_hotel/,loc_1,crowd,unfriendly,bystander,not_mentioned
https://www.reddit.com/r/TheMallWorld/comments/1pqmsc4/super_fancy_hotel/,loc_1,stranger,confusing,other,not_mentioned
https://www.reddit.com/r/TheMallWorld/comments/1pqmsc4/super_fancy_hotel/,loc_1,crowd,not_mentioned,bystander,not_mentioned
https://www.reddit.com/r/TheMallWorld/comments/1pqn9n3/i_finally_made_it_to_mall_world/,loc_2,crowd,friendly,bystander,not_mentioned
https://www.reddit.com/r/TheMallWorld/comments/1pqn9n3/i_finally_made_it_to_mall_world/,loc_3,stranger,neutral,bystander,not_mentioned
https://www.reddit.com/r/TheMallWorld/comments/1pqn9n3/i_finally_made_it_to_mall_world/,loc_2,family_member,confusing,other,not_mentioned
https://www.reddit.com/r/TheMallWorld/comments/1pqn9n3/i_finally_made_it_to_mall_world/,loc_5,family_member,neutral,other,not_mentioned
https://www.reddit.com/r/TheMallWorld/comments/1pqn9n3/i_finally_made_it_to_mall_world/,loc_5,creature,confusing,other,not_mentioned
https://www.reddit.com/r/TheMallWorld/comments/1pqn9n3/i_finally_made_it_to_mall_world/,loc_6,creature,hostile,other,not_mentioned
https://www.reddit.com/r/TheMallWorld/comments/1pqt5z2/travel/,loc_2,known_person,friendly,guide,not_mentioned
https://www.reddit.com/r/TheMallWorld/comments/1pqt5z2/travel/,loc_7,known_person,friendly,companion,not_mentioned
https://www.reddit.com/r/TheMallWorld/comments/1pqx4oh/mightve_found_a_new_building_type_or_i_mightve/,loc_2,other,neutral,other,not_mentioned
https://www.reddit.com/r/TheMallWorld/comments/1pqx4oh/mightve_found_a_new_building_type_or_i_mightve/,loc_3,authority,watching,blocker,blocking
https://www.reddit.com/r/TheMallWorld/comments/1pra6mk/found_note_on_mall_world_from_2016/,loc_9,stranger,not_mentioned,other,not_mentioned
https://www.reddit.com/r/TheMallWorld/comments/1prere7/new_dream/,loc_2,creature,threatening,other,not_mentioned
https://www.reddit.com/r/TheMallWorld/comments/1prere7/new_dream/,loc_1,known_person,helpful,companion,not_mentioned
https://www.reddit.com/r/TheMallWorld/comments/1prere7/new_dream/,loc_1,creature,threatening,other,not_mentioned
https://www.reddit.com/r/TheMallWorld/comments/1psklav/expanding_mall_1985/,loc_13,stranger,friendly,companion,not_mentioned
https://www.reddit.com/r/TheMallWorld/comments/1psklav/expanding_mall_1985/,loc_13,authority,hostile,security,punitive
https://www.reddit.com/r/TheMallWorld/comments/1psklav/expanding_mall_1985/,loc_13,stranger,helpful,guide,not_mentioned
https://www.reddit.com/r/TheMallWorld/comments/1psklav/expanding_mall_1985/,loc_15,authority,hostile,chaser,pursuing
https://www.reddit.com/r/TheMallWorld/comments/1psklav/expanding_mall_1985/,loc_16,authority,hostile,chaser,pursuing
https://www.reddit.com/r/TheMallWorld/comments/1psklav/expanding_mall_1985/,loc_17,stranger,helpful,guide,not_mentioned
https://www.reddit.com/r/TheMallWorld/comments/1psklav/expanding_mall_1985/,loc_18,stranger,friendly,guide,guiding
https://www.reddit.com/r/TheMallWorld/comments/1pt2dyn/dreamland/,loc_1,authority,hostile,security,pursuing
https://www.reddit.com/r/TheMallWorld/comments/1pt2dyn/dreamland/,loc_3,crowd,indifferent,other,not_mentioned
https://www.reddit.com/r/TheMallWorld/comments/1pt2dyn/dreamland/,loc_4,child,not_mentioned,other,not_mentioned
https://www.reddit.com/r/TheMallWorld/comments/1pt2dyn/dreamland/,loc_5,other,neutral,companion,not_mentioned
https://www.reddit.com/r/TheMallWorld/comments/1pt2dyn/dreamland/,loc_5,crowd,not_mentioned,other,not_mentioned
https://www.reddit.com/r/TheMallWorld/comments/1pt2dyn/dreamland/,loc_2,authority,hostile,security,pursuing
https://www.reddit.com/r/TheMallWorld/comments/1pt2dyn/dreamland/,loc_2,other,neutral,guide,not_mentioned
https://www.reddit.com/r/TheMallWorld/comments/1pt2dyn/dreamland/,loc_2,authority,hostile,security,pursuing
https://www.reddit.com/r/TheMallWorld/comments/1ptkrxq/attack_on_mallworld_anyone_experience_something/,loc_1,crowd,not_mentioned,bystander,not_mentioned
https://www.reddit.com/r/TheMallWorld/comments/1ptkrxq/attack_on_mallworld_anyone_experience_something/,loc_1,coworker,neutral,companion,not_mentioned
https://www.reddit.com/r/TheMallWorld/comments/1ptkrxq/attack_on_mallworld_anyone_experience_something/,loc_1,known_person,neutral,companion,not_mentioned
https://www.reddit.com/r/TheMallWorld/comments/1ptkrxq/attack_on_mallworld_anyone_experience_something/,loc_1,known_person,neutral,companion,not_mentioned
https://www.reddit.com/r/TheMallWorld/comments/1ptkrxq/attack_on_mallworld_anyone_experience_something/,loc_1,crowd,neutral,bystander,not_mentioned
https://www.reddit.com/r/TheMallWorld/comments/1ptkrxq/attack_on_mallworld_anyone_experience_something/,loc_6,child,hostile,other,not_mentioned
https://www.reddit.com/r/TheMallWorld/comments/1ptkrxq/attack_on_mallworld_anyone_experience_something/,loc_6,known_person,neutral,companion,not_mentioned
https://www.reddit.com/r/TheMallWorld/comments/1ptkrxq/attack_on_mallworld_anyone_experience_something/,loc_6,coworker,neutral,companion,not_mentioned
https://www.reddit.com/r/TheMallWorld/comments/1ptkrxq/attack_on_mallworld_anyone_experience_something/,loc_7,crowd,not_mentioned,bystander,not_mentioned
https://www.reddit.com/r/TheMallWorld/comments/1ptkrxq/attack_on_mallworld_anyone_experience_something/,loc_8,coworker,not_mentioned,companion,not_mentioned
https://www.reddit.com/r/TheMallWorld/comments/1ptkrxq/attack_on_mallworld_anyone_experience_something/,loc_8,known_person,neutral,companion,not_mentioned
https://www.reddit.com/r/TheMallWorld/comments/1ptkrxq/attack_on_mallworld_anyone_experience_something/,loc_8,coworker,neutral,companion,not_mentioned
https://www.reddit.com/r/TheMallWorld/comments/1ptkrxq/attack_on_mallworld_anyone_experience_something/,loc_5,watcher,watching,bystander,observing
https://www.reddit.com/r/TheMallWorld/comments/1ptq1nk/vampire_store/,loc_3,threat,threatening,other,not_mentioned
https://www.reddit.com/r/TheMallWorld/comments/1ptq1nk/vampire_store/,loc_4,family_member,not_mentioned,other,not_mentioned
https://www.reddit.com/r/TheMallWorld/comments/1ptq1nk/vampire_store/,loc_3,threat,hostile,chaser,not_mentioned
https://www.reddit.com/r/TheMallWorld/comments/1ptq1nk/vampire_store/,loc_6,family_member,not_mentioned,other,not_mentioned
https://www.reddit.com/r/TheMallWorld/comments/1pueree/dream_world_pt_1/,loc_1,authority,neutral,teacher,guiding
https://www.reddit.com/r/TheMallWorld/comments/1pueree/dream_world_pt_1/,loc_3,crowd,watching,student,not_mentioned
https://www.reddit.com/r/TheMallWorld/comments/1pueree/dream_world_pt_1/,loc_1,authority,hostile,teacher,blocking
https://www.reddit.com/r/TheMallWorld/comments/1pueree/dream_world_pt_1/,loc_1,authority,hostile,staff,pursuing
https://www.reddit.com/r/TheMallWorld/comments/1puf9oe/escaping_my_dream_world_pt_1/,loc_3,family_member,not_mentioned,companion,not_mentioned
https://www.reddit.com/r/TheMallWorld/comments/1puf9oe/escaping_my_dream_world_pt_1/,loc_3,family_member,helpful,companion,not_mentioned
https://www.reddit.com/r/TheMallWorld/comments/1pufn8c/escaping_my_dream_world_pt_2/,loc_1,threat,hostile,chaser,not_mentioned
https://www.reddit.com/r/TheMallWorld/comments/1puu8aw/mansions/,loc_1,crowd,neutral,bystander,not_mentioned
https://www.reddit.com/r/TheMallWorld/comments/1pv8f55/van_sex/,loc_2,stranger,not_mentioned,other,not_mentioned
https://www.reddit.com/r/TheMallWorld/comments/1pv8f55/van_sex/,loc_2,stranger,not_mentioned,other,not_mentioned
https://www.reddit.com/r/TheMallWorld/comments/1pv8f55/van_sex/,loc_2,stranger,not_mentioned,other,not_mentioned
https://www.reddit.com/r/TheMallWorld/comments/1pv8kb7/wake_up_with_a_cock/,loc_1,stranger,not_mentioned,not_mentioned,not_mentioned
https://www.reddit.com/r/TheMallWorld/comments/1pv9lti/hospital_hell_pt_1/,loc_1,authority,unfriendly,staff,blocking
https://www.reddit.com/r/TheMallWorld/comments/1pv9lti/hospital_hell_pt_1/,loc_1,authority,hostile,staff,punitive
https://www.reddit.com/r/TheMallWorld/comments/1pvcmx2/when_god_answered_what_you_truly_wanted_unselfish/,loc_1,deceased,neutral,other,not_mentioned
https://www.reddit.com/r/TheMallWorld/comments/1pvcmx2/when_god_answered_what_you_truly_wanted_unselfish/,loc_1,deceased,neutral,companion,not_mentioned
https://www.reddit.com/r/TheMallWorld/comments/1pvmwkr/hospital_hell_pt_2/,loc_2,crowd,watching,bystander,not_mentioned
https://www.reddit.com/r/TheMallWorld/comments/1pvmwkr/hospital_hell_pt_2/,loc_2,authority,threatening,authority,blocking
https://www.reddit.com/r/TheMallWorld/comments/1pvmwkr/hospital_hell_pt_2/,loc_2,authority,hostile,security,blocking
https://www.reddit.com/r/TheMallWorld/comments/1pvmwkr/hospital_hell_pt_2/,loc_2,authority,threatening,staff,blocking
https://www.reddit.com/r/TheMallWorld/comments/1pvmwkr/hospital_hell_pt_2/,loc_3,authority,hostile,authority,blocking
https://www.reddit.com/r/TheMallWorld/comments/1pvul0u/an_interesting_thing_about_the_bathrooms/,loc_1,stranger,neutral,other,not_mentioned
https://www.reddit.com/r/TheMallWorld/comments/1pw9lt4/beige_hotel/,loc_1,crowd,neutral,bystander,not_mentioned
https://www.reddit.com/r/TheMallWorld/comments/1pwan4x/school_that_turns_into_a_mall/,loc_2,known_person,neutral,companion,not_mentioned
https://www.reddit.com/r/TheMallWorld/comments/1pwan4x/school_that_turns_into_a_mall/,loc_2,friend,friendly,companion,not_mentioned
https://www.reddit.com/r/TheMallWorld/comments/1pwan4x/school_that_turns_into_a_mall/,loc_9,family_member,neutral,companion,not_mentioned
https://www.reddit.com/r/TheMallWorld/comments/1pwan4x/school_that_turns_into_a_mall/,loc_10,family_member,confusing,other,not_mentioned
https://www.reddit.com/r/TheMallWorld/comments/1pwcdeg/like_many_i_have_been_having_these_dreams_for_the/,loc_4,crowd,not_mentioned,other,not_mentioned
https://www.reddit.com/r/TheMallWorld/comments/1pwcdeg/like_many_i_have_been_having_these_dreams_for_the/,loc_8,crowd,not_mentioned,customer,not_mentioned
https://www.reddit.com/r/TheMallWorld/comments/1pwcdeg/like_many_i_have_been_having_these_dreams_for_the/,loc_10,creature,not_mentioned,other,not_mentioned
https://www.reddit.com/r/TheMallWorld/comments/1pwd9yi/wake_up/,loc_1,stranger,friendly,companion,not_mentioned
https://www.reddit.com/r/TheMallWorld/comments/1pwd9yi/wake_up/,loc_1,authority,unfriendly,authority,blocking
https://www.reddit.com/r/TheMallWorld/comments/1pwd9yi/wake_up/,loc_1,stranger,not_mentioned,other,not_mentioned
https://www.reddit.com/r/TheMallWorld/comments/1pwd9yi/wake_up/,loc_3,authority,hostile,chaser,pursuing
https://www.reddit.com/r/TheMallWorld/comments/1pwd9yi/wake_up/,loc_4,child,neutral,other,not_mentioned
https://www.reddit.com/r/TheMallWorld/comments/1pwd9yi/wake_up/,loc_4,creature,not_mentioned,other,not_mentioned
https://www.reddit.com/r/TheMallWorld/comments/1pwd9yi/wake_up/,loc_5,family_member,neutral,other,not_mentioned
https://www.reddit.com/r/TheMallWorld/comments/1pwd9yi/wake_up/,loc_5,family_member,neutral,other,not_mentioned
https://www.reddit.com/r/TheMallWorld/comments/1pwd9yi/wake_up/,loc_6,family_member,neutral,other,not_mentioned
https://www.reddit.com/r/TheMallWorld/comments/1pwd9yi/wake_up/,loc_6,family_member,neutral,other,not_mentioned
https://www.reddit.com/r/TheMallWorld/comments/1pwm7yq/drowning/,loc_1,family_member,neutral,companion,not_mentioned
https://www.reddit.com/r/TheMallWorld/comments/1pwm7yq/drowning/,loc_1,authority,hostile,security,punitive
https://www.reddit.com/r/TheMallWorld/comments/1pwm7yq/drowning/,loc_2,authority,hostile,security,punitive
https://www.reddit.com/r/TheMallWorld/comments/1pwm7yq/drowning/,loc_2,family_member,not_mentioned,companion,not_mentioned
https://www.reddit.com/r/TheMallWorld/comments/1pwm7yq/drowning/,loc_2,authority,hostile,security,punitive
https://www.reddit.com/r/TheMallWorld/comments/1pwm7yq/drowning/,loc_2,family_member,not_mentioned,companion,not_mentioned
https://www.reddit.com/r/TheMallWorld/comments/1pwo827/orphanage_in_mall_world/,loc_1,family_member,not_mentioned,teacher,not_mentioned
https://www.reddit.com/r/TheMallWorld/comments/1pwo827/orphanage_in_mall_world/,loc_5,crowd,not_mentioned,other,not_mentioned
https://www.reddit.com/r/TheMallWorld/comments/1pwu5fz/attack_monitoring/,loc_1,crowd,neutral,staff,not_mentioned
https://www.reddit.com/r/TheMallWorld/comments/1pwu5fz/attack_monitoring/,loc_1,stranger,friendly,staff,not_mentioned
https://www.reddit.com/r/TheMallWorld/comments/1px6o5o/mw_missions/,loc_6,family_member,not_mentioned,other,not_mentioned
https://www.reddit.com/r/TheMallWorld/comments/1px7s7p/has_anyone_been_here/,loc_1,crowd,not_mentioned,other,not_mentioned
https://www.reddit.com/r/TheMallWorld/comments/1pxfxne/theyre_back/,loc_2,crowd,indifferent,bystander,not_mentioned
https://www.reddit.com/r/TheMallWorld/comments/1pxfxne/theyre_back/,loc_1,stranger,not_mentioned,staff,not_mentioned
https://www.reddit.com/r/TheMallWorld/comments/1pxg4tr/chased_away_again_in_the_mall/,loc_1,stranger,confusing,bystander,not_mentioned
https://www.reddit.com/r/TheMallWorld/comments/1pxg4tr/chased_away_again_in_the_mall/,loc_5,stranger,confusing,bystander,not_mentioned
https://www.reddit.com/r/TheMallWorld/comments/1pxjnig/island_of_the_lotus_eaters_hotel/,loc_3,authority,neutral,authority,observing
https://www.reddit.com/r/TheMallWorld/comments/1pxn14f/at_the_mountainsthis_place_freaks_me_out/,loc_2,authority,unfriendly,blocker,blocking
https://www.reddit.com/r/TheMallWorld/comments/1pxn14f/at_the_mountainsthis_place_freaks_me_out/,loc_2,crowd,friendly,bystander,not_mentioned
https://www.reddit.com/r/TheMallWorld/comments/1pxn14f/at_the_mountainsthis_place_freaks_me_out/,loc_6,threat,hostile,other,not_mentioned
https://www.reddit.com/r/TheMallWorld/comments/1pxn14f/at_the_mountainsthis_place_freaks_me_out/,loc_6,threat,hostile,other,not_mentioned
https://www.reddit.com/r/TheMallWorld/comments/1pxn14f/at_the_mountainsthis_place_freaks_me_out/,loc_6,threat,hostile,other,not_mentioned
https://www.reddit.com/r/TheMallWorld/comments/1pxn14f/at_the_mountainsthis_place_freaks_me_out/,loc_6,threat,hostile,other,not_mentioned
https://www.reddit.com/r/TheMallWorld/comments/1pxo69m/ive_been_having_this_dream_every_single_night_for/,loc_3,stranger,friendly,companion,not_mentioned
https://www.reddit.com/r/TheMallWorld/comments/1pxsvvh/hospital_babies/,loc_1,other,neutral,other,not_mentioned
https://www.reddit.com/r/TheMallWorld/comments/1pxsvvh/hospital_babies/,loc_1,authority,watching,staff,observing
https://www.reddit.com/r/TheMallWorld/comments/1pxsvvh/hospital_babies/,loc_1,other,not_mentioned,other,not_mentioned
https://www.reddit.com/r/TheMallWorld/comments/1pxsvvh/hospital_babies/,loc_2,other,not_mentioned,other,not_mentioned
https://www.reddit.com/r/TheMallWorld/comments/1pxsvvh/hospital_babies/,loc_2,other,not_mentioned,other,not_mentioned
https://www.reddit.com/r/TheMallWorld/comments/1pxsvvh/hospital_babies/,loc_1,deceased,friendly,companion,not_mentioned
https://www.reddit.com/r/TheMallWorld/comments/1pxvfdt/new_colour/,loc_1,stranger,friendly,other,not_mentioned
https://www.reddit.com/r/TheMallWorld/comments/1pxwzid/dream/,loc_5,child,hostile,chaser,not_mentioned
https://www.reddit.com/r/TheMallWorld/comments/1pxwzid/dream/,loc_7,stranger,not_mentioned,bystander,not_mentioned
https://www.reddit.com/r/TheMallWorld/comments/1pxwzid/dream/,loc_7,friend,neutral,companion,not_mentioned
https://www.reddit.com/r/TheMallWorld/comments/1pxwzid/dream/,loc_12,friend,friendly,companion,not_mentioned
https://www.reddit.com/r/TheMallWorld/comments/1pxwzid/dream/,loc_12,other,not_mentioned,other,not_mentioned
https://www.reddit.com/r/TheMallWorld/comments/1pxyfhi/has_anyone_dreamt_of_a_weird_apartment_building/,loc_1,creature,hostile,chaser,not_mentioned
https://www.reddit.com/r/TheMallWorld/comments/1pxyfhi/has_anyone_dreamt_of_a_weird_apartment_building/,loc_2,family_member,not_mentioned,bystander,not_mentioned
https://www.reddit.com/r/TheMallWorld/comments/1pxyfhi/has_anyone_dreamt_of_a_weird_apartment_building/,loc_3,crowd,neutral,bystander,not_mentioned
https://www.reddit.com/r/TheMallWorld/comments/1py394e/the_underground_arcade/,loc_1,crowd,neutral,bystander,not_mentioned
https://www.reddit.com/r/TheMallWorld/comments/1py3a66/campus_hunting/,loc_1,threat,hostile,chaser,pursuing
https://www.reddit.com/r/TheMallWorld/comments/1py3a66/campus_hunting/,loc_1,crowd,confusing,bystander,not_mentioned
https://www.reddit.com/r/TheMallWorld/comments/1py3a66/campus_hunting/,loc_1,crowd,unfriendly,other,not_mentioned
https://www.reddit.com/r/TheMallWorld/comments/1py3a66/campus_hunting/,loc_1,threat,hostile,chaser,pursuing
https://www.reddit.com/r/TheMallWorld/comments/1py3a66/campus_hunting/,loc_1,crowd,not_mentioned,bystander,not_mentioned
https://www.reddit.com/r/TheMallWorld/comments/1py3a66/campus_hunting/,loc_3,crowd,unfriendly,other,not_mentioned
https://www.reddit.com/r/TheMallWorld/comments/1py5m3t/convenience_store_diner/,loc_1,stranger,friendly,customer,not_mentioned
https://www.reddit.com/r/TheMallWorld/comments/1py5m3t/convenience_store_diner/,loc_1,crowd,neutral,customer,not_mentioned
https://www.reddit.com/r/TheMallWorld/comments/1py5zg5/urban_decay_drug_zone/,loc_2,crowd,not_mentioned,other,not_mentioned
https://www.reddit.com/r/TheMallWorld/comments/1py5zg5/urban_decay_drug_zone/,loc_2,crowd,not_mentioned,customer,not_mentioned
https://www.reddit.com/r/TheMallWorld/comments/1py5zg5/urban_decay_drug_zone/,loc_2,authority,threatening,authority,observing
https://www.reddit.com/r/TheMallWorld/comments/1py5zg5/urban_decay_drug_zone/,loc_2,authority,threatening,authority,observing
https://www.reddit.com/r/TheMallWorld/comments/1py5zg5/urban_decay_drug_zone/,loc_3,authority,threatening,staff,observing
https://www.reddit.com/r/TheMallWorld/comments/1py5zg5/urban_decay_drug_zone/,loc_3,crowd,not_mentioned,customer,not_mentioned
https://www.reddit.com/r/TheMallWorld/comments/1py5zg5/urban_decay_drug_zone/,loc_3,authority,threatening,authority,punitive
https://www.reddit.com/r/TheMallWorld/comments/1py5zg5/urban_decay_drug_zone/,loc_3,crowd,not_mentioned,customer,not_mentioned
https://www.reddit.com/r/TheMallWorld/comments/1py5zg5/urban_decay_drug_zone/,loc_4,stranger,neutral,staff,not_mentioned
https://www.reddit.com/r/TheMallWorld/comments/1py5zg5/urban_decay_drug_zone/,loc_4,crowd,not_mentioned,other,not_mentioned
https://www.reddit.com/r/TheMallWorld/comments/1py5zg5/urban_decay_drug_zone/,loc_4,authority,watching,other,observing
https://www.reddit.com/r/TheMallWorld/comments/1pybcfu/was_anyone_else_obsessed_with_these_aquarium_lamps/,loc_5,family_member,helpful,other,not_mentioned
https://www.reddit.com/r/TheMallWorld/comments/1pybcfu/was_anyone_else_obsessed_with_these_aquarium_lamps/,loc_5,shadow,not_mentioned,other,not_mentioned
https://www.reddit.com/r/TheMallWorld/comments/1pyfgnt/bridges/,loc_2,authority,threatening,security,blocking
https://www.reddit.com/r/TheMallWorld/comments/1pyfgnt/bridges/,loc_2,crowd,neutral,bystander,not_mentioned
https://www.reddit.com/r/TheMallWorld/comments/1pyfgnt/bridges/,loc_3,authority,hostile,chaser,pursuing
https://www.reddit.com/r/TheMallWorld/comments/1pyq46h/my_experience/,loc_2,crowd,not_mentioned,bystander,not_mentioned
https://www.reddit.com/r/TheMallWorld/comments/1pyq46h/my_experience/,loc_2,threat,threatening,other,not_mentioned
https://www.reddit.com/r/TheMallWorld/comments/1pyq46h/my_experience/,loc_3,crowd,not_mentioned,bystander,not_mentioned
https://www.reddit.com/r/TheMallWorld/comments/1pz6ddp/school_dreams/,loc_1,stranger,neutral,companion,not_mentioned
https://www.reddit.com/r/TheMallWorld/comments/1pz9jf5/i_found_military_vehicles_like_the_one_pictured/,loc_2,coworker,neutral,companion,not_mentioned
https://www.reddit.com/r/TheMallWorld/comments/1pz9jf5/i_found_military_vehicles_like_the_one_pictured/,loc_2,stranger,neutral,guide,guiding
https://www.reddit.com/r/TheMallWorld/comments/1pz9jf5/i_found_military_vehicles_like_the_one_pictured/,loc_4,stranger,neutral,guide,guiding
https://www.reddit.com/r/TheMallWorld/comments/1pz9jf5/i_found_military_vehicles_like_the_one_pictured/,loc_4,coworker,unfriendly,companion,not_mentioned
https://www.reddit.com/r/TheMallWorld/comments/1pz9jf5/i_found_military_vehicles_like_the_one_pictured/,loc_7,authority,watching,security,observing
https://www.reddit.com/r/TheMallWorld/comments/1pzbwx4/i_see_someone_who_died/,loc_1,deceased,friendly,companion,not_mentioned
https://www.reddit.com/r/TheMallWorld/comments/1pzdlp2/have_any_of_you_seen_the_red_rabbit/,loc_2,crowd,indifferent,bystander,not_mentioned
https://www.reddit.com/r/TheMallWorld/comments/1pzuyej/spaceship_with_dinosaurs/,loc_3,creature,threatening,other,not_mentioned
https://www.reddit.com/r/TheMallWorld/comments/1pzuyej/spaceship_with_dinosaurs/,loc_1,creature,hostile,chaser,not_mentioned
https://www.reddit.com/r/TheMallWorld/comments/1pzuyej/spaceship_with_dinosaurs/,loc_1,creature,hostile,chaser,not_mentioned
https://www.reddit.com/r/TheMallWorld/comments/1pzy6eu/rescued_a_cat_in_mallworld_last_night_but_she/,loc_1,creature,friendly,other,not_mentioned
https://www.reddit.com/r/TheMallWorld/comments/1pzy6eu/rescued_a_cat_in_mallworld_last_night_but_she/,loc_1,creature,friendly,other,not_mentioned
https://www.reddit.com/r/TheMallWorld/comments/1pzy6eu/rescued_a_cat_in_mallworld_last_night_but_she/,loc_1,creature,friendly,other,not_mentioned
https://www.reddit.com/r/TheMallWorld/comments/1q0esvd/i_think_i_was_in_the_mall_world_bathrooms_the/,loc_1,crowd,indifferent,bystander,not_mentioned
https://www.reddit.com/r/TheMallWorld/comments/1q0esvd/i_think_i_was_in_the_mall_world_bathrooms_the/,loc_1,stranger,confusing,bystander,not_mentioned
https://www.reddit.com/r/TheMallWorld/comments/1q0yj6i/conference_room_in_rec_center/,loc_1,crowd,neutral,bystander,not_mentioned
https://www.reddit.com/r/TheMallWorld/comments/1q0yj6i/conference_room_in_rec_center/,loc_1,stranger,neutral,cashier,not_mentioned
https://www.reddit.com/r/TheMallWorld/comments/1q18cpe/weird_occurrence_at_the_school_last_night/,loc_2,authority,hostile,authority,punitive
https://www.reddit.com/r/TheMallWorld/comments/1q18cpe/weird_occurrence_at_the_school_last_night/,loc_2,authority,hostile,authority,punitive
https://www.reddit.com/r/TheMallWorld/comments/1q18cpe/weird_occurrence_at_the_school_last_night/,loc_2,crowd,watching,bystander,not_mentioned
https://www.reddit.com/r/TheMallWorld/comments/1q18cpe/weird_occurrence_at_the_school_last_night/,loc_3,authority,hostile,authority,punitive
https://www.reddit.com/r/TheMallWorld/comments/1q18cpe/weird_occurrence_at_the_school_last_night/,loc_3,authority,hostile,authority,punitive
https://www.reddit.com/r/TheMallWorld/comments/1q18cpe/weird_occurrence_at_the_school_last_night/,loc_4,stranger,not_mentioned,bystander,not_mentioned
https://www.reddit.com/r/TheMallWorld/comments/1q18cpe/weird_occurrence_at_the_school_last_night/,loc_4,threat,threatening,chaser,not_mentioned
https://www.reddit.com/r/TheMallWorld/comments/1q18cpe/weird_occurrence_at_the_school_last_night/,loc_4,threat,threatening,chaser,not_mentioned
https://www.reddit.com/r/TheMallWorld/comments/1q1loa9/has_anyone_brought_or_had_person_they_know_come/,loc_1,known_person,not_mentioned,companion,not_mentioned
https://www.reddit.com/r/TheMallWorld/comments/1q1loa9/has_anyone_brought_or_had_person_they_know_come/,loc_1,known_person,not_mentioned,companion,not_mentioned
https://www.reddit.com/r/TheMallWorld/comments/1q1p35l/crossing_the_border/,loc_4,crowd,friendly,bystander,not_mentioned
https://www.reddit.com/r/TheMallWorld/comments/1q1rvne/coffee_shop_in_the_themepark_anyone_been_there/,loc_1,stranger,neutral,other,not_mentioned
https://www.reddit.com/r/TheMallWorld/comments/1q1rvne/coffee_shop_in_the_themepark_anyone_been_there/,loc_3,stranger,neutral,other,not_mentioned
https://www.reddit.com/r/TheMallWorld/comments/1q1rvne/coffee_shop_in_the_themepark_anyone_been_there/,loc_4,stranger,friendly,companion,not_mentioned
https://www.reddit.com/r/TheMallWorld/comments/1q1rvne/coffee_shop_in_the_themepark_anyone_been_there/,loc_4,crowd,hostile,customer,not_mentioned
https://www.reddit.com/r/TheMallWorld/comments/1q1rvne/coffee_shop_in_the_themepark_anyone_been_there/,loc_4,stranger,hostile,staff,not_mentioned
https://www.reddit.com/r/TheMallWorld/comments/1q1rvne/coffee_shop_in_the_themepark_anyone_been_there/,loc_1,crowd,unfriendly,customer,not_mentioned
https://www.reddit.com/r/TheMallWorld/comments/1q1rvne/coffee_shop_in_the_themepark_anyone_been_there/,loc_1,stranger,helpful,staff,not_mentioned
https://www.reddit.com/r/TheMallWorld/comments/1q1rvne/coffee_shop_in_the_themepark_anyone_been_there/,loc_1,crowd,unfriendly,customer,not_mentioned
https://www.reddit.com/r/TheMallWorld/comments/1q1rvne/coffee_shop_in_the_themepark_anyone_been_there/,loc_1,stranger,friendly,companion,not_mentioned
https://www.reddit.com/r/TheMallWorld/comments/1q1rvne/coffee_shop_in_the_themepark_anyone_been_there/,loc_1,stranger,neutral,staff,not_mentioned
https://www.reddit.com/r/TheMallWorld/comments/1q224qe/my_mall_world_predicted_my_future/,loc_1,friend,friendly,companion,not_mentioned
https://www.reddit.com/r/TheMallWorld/comments/1q224qe/my_mall_world_predicted_my_future/,loc_1,friend,friendly,companion,not_mentioned
https://www.reddit.com/r/TheMallWorld/comments/1q2f5i4/more_war_and_chaos_in_mall_world/,loc_1,other,threatening,other,not_mentioned
https://www.reddit.com/r/TheMallWorld/comments/1q2f5i4/more_war_and_chaos_in_mall_world/,loc_3,authority,not_mentioned,other,not_mentioned
https://www.reddit.com/r/TheMallWorld/comments/1q2lr3w/recurring_sludge_beast/,loc_1,creature,threatening,other,not_mentioned
https://www.reddit.com/r/TheMallWorld/comments/1q2w7in/last_night_i_dreamt_about_mall_world_food_court/,loc_2,stranger,neutral,cashier,not_mentioned
https://www.reddit.com/r/TheMallWorld/comments/1q2w7in/last_night_i_dreamt_about_mall_world_food_court/,loc_2,stranger,neutral,customer,not_mentioned
https://www.reddit.com/r/TheMallWorld/comments/1q2w7in/last_night_i_dreamt_about_mall_world_food_court/,loc_2,known_person,neutral,companion,not_mentioned
https://www.reddit.com/r/TheMallWorld/comments/1q2w7in/last_night_i_dreamt_about_mall_world_food_court/,loc_3,stranger,neutral,bystander,not_mentioned
https://www.reddit.com/r/TheMallWorld/comments/1q2w7in/last_night_i_dreamt_about_mall_world_food_court/,loc_3,known_person,neutral,companion,not_mentioned
https://www.reddit.com/r/TheMallWorld/comments/1q2w7in/last_night_i_dreamt_about_mall_world_food_court/,loc_3,stranger,neutral,staff,not_mentioned
https://www.reddit.com/r/TheMallWorld/comments/1q2w7in/last_night_i_dreamt_about_mall_world_food_court/,loc_3,stranger,unfriendly,customer,not_mentioned
https://www.reddit.com/r/TheMallWorld/comments/1q2w7in/last_night_i_dreamt_about_mall_world_food_court/,loc_3,known_person,neutral,companion,not_mentioned
https://www.reddit.com/r/TheMallWorld/comments/1q2w7in/last_night_i_dreamt_about_mall_world_food_court/,loc_4,known_person,neutral,companion,not_mentioned
https://www.reddit.com/r/TheMallWorld/comments/1q2zmoi/competition_to_save_the_world/,loc_4,authority,friendly,authority,guiding
https://www.reddit.com/r/TheMallWorld/comments/1q2zmoi/competition_to_save_the_world/,loc_5,authority,neutral,guide,guiding
https://www.reddit.com/r/TheMallWorld/comments/1q4befl/tubeworld/,loc_1,crowd,neutral,bystander,not_mentioned
https://www.reddit.com/r/TheMallWorld/comments/1q4ekpa/theme_park_world_cant_buckle_in_my_seat_belt_on/,loc_2,authority,not_mentioned,staff,not_mentioned
https://www.reddit.com/r/TheMallWorld/comments/1q4n0xt/flea_market/,loc_1,stranger,friendly,companion,not_mentioned
https://www.reddit.com/r/TheMallWorld/comments/1q4n0xt/flea_market/,loc_1,stranger,friendly,companion,not_mentioned
https://www.reddit.com/r/TheMallWorld/comments/1q4n0xt/flea_market/,loc_1,child,neutral,bystander,not_mentioned
https://www.reddit.com/r/TheMallWorld/comments/1q4vzf5/finally_made_a_purchase_in_mall_world_but/,loc_1,stranger,neutral,cashier,not_mentioned
https://www.reddit.com/r/TheMallWorld/comments/1q4vzf5/finally_made_a_purchase_in_mall_world_but/,loc_3,known_person,neutral,other,not_mentioned
https://www.reddit.com/r/TheMallWorld/comments/1q4vzf5/finally_made_a_purchase_in_mall_world_but/,loc_3,known_person,neutral,other,not_mentioned
https://www.reddit.com/r/TheMallWorld/comments/1q4vzf5/finally_made_a_purchase_in_mall_world_but/,loc_4,stranger,helpful,staff,not_mentioned
https://www.reddit.com/r/TheMallWorld/comments/1q51t0b/back_again/,loc_2,creature,watching,other,not_mentioned
https://www.reddit.com/r/TheMallWorld/comments/1q556kv/perpetually_being_in_highschool/,loc_1,crowd,not_mentioned,other,not_mentioned
https://www.reddit.com/r/TheMallWorld/comments/1q5cllp/new_version/,loc_3,crowd,not_mentioned,bystander,not_mentioned
https://www.reddit.com/r/TheMallWorld/comments/1q5fhrd/is_something_from_mallworld_visiting_me_has/,loc_3,other,watching,bystander,not_mentioned
https://www.reddit.com/r/TheMallWorld/comments/1q5fhrd/is_something_from_mallworld_visiting_me_has/,loc_1,other,neutral,bystander,not_mentioned
https://www.reddit.com/r/TheMallWorld/comments/1q5fhrd/is_something_from_mallworld_visiting_me_has/,loc_2,other,neutral,bystander,not_mentioned
https://www.reddit.com/r/TheMallWorld/comments/1q5j7dt/mall_worlds_goal_cold_fusion/,loc_1,stranger,neutral,other,not_mentioned
https://www.reddit.com/r/TheMallWorld/comments/1q5l98q/what_does_mallworld_smell_like/,loc_1,known_person,not_mentioned,other,not_mentioned
https://www.reddit.com/r/TheMallWorld/comments/1q5l98q/what_does_mallworld_smell_like/,loc_1,stranger,not_mentioned,other,not_mentioned
https://www.reddit.com/r/TheMallWorld/comments/1q5ly3u/deep_lucid_dream/,loc_1,crowd,unfriendly,bystander,not_mentioned
https://www.reddit.com/r/TheMallWorld/comments/1q5ly3u/deep_lucid_dream/,loc_2,stranger,confusing,other,not_mentioned
https://www.reddit.com/r/TheMallWorld/comments/1q5ly3u/deep_lucid_dream/,loc_2,crowd,hostile,bystander,not_mentioned
https://www.reddit.com/r/TheMallWorld/comments/1q5qi9b/mall_world_zine/,loc_4,crowd,not_mentioned,companion,not_mentioned
https://www.reddit.com/r/TheMallWorld/comments/1q5qi9b/mall_world_zine/,loc_4,threat,threatening,chaser,not_mentioned
https://www.reddit.com/r/TheMallWorld/comments/1q5qi9b/mall_world_zine/,loc_6,crowd,not_mentioned,bystander,not_mentioned
https://www.reddit.com/r/TheMallWorld/comments/1q5u627/a_store_that_had_a_tunnel_with_a_friendly_monster/,loc_3,creature,friendly,guide,not_mentioned
https://www.reddit.com/r/TheMallWorld/comments/1q5u627/a_store_that_had_a_tunnel_with_a_friendly_monster/,loc_3,creature,helpful,other,not_mentioned
https://www.reddit.com/r/TheMallWorld/comments/1q5u627/a_store_that_had_a_tunnel_with_a_friendly_monster/,loc_3,creature,helpful,guide,guiding
https://www.reddit.com/r/TheMallWorld/comments/1q5u627/a_store_that_had_a_tunnel_with_a_friendly_monster/,loc_3,crowd,friendly,bystander,not_mentioned
https://www.reddit.com/r/TheMallWorld/comments/1q5u627/a_store_that_had_a_tunnel_with_a_friendly_monster/,loc_3,creature,hostile,other,not_mentioned
https://www.reddit.com/r/TheMallWorld/comments/1q5u627/a_store_that_had_a_tunnel_with_a_friendly_monster/,loc_3,creature,friendly,companion,not_mentioned
https://www.reddit.com/r/TheMallWorld/comments/1q6jfv6/red_and_beige_hotelhare_krishna/,loc_2,family_member,not_mentioned,companion,not_mentioned
https://www.reddit.com/r/TheMallWorld/comments/1q6jfv6/red_and_beige_hotelhare_krishna/,loc_5,other,not_mentioned,other,not_mentioned
https://www.reddit.com/r/TheMallWorld/comments/1q6jfv6/red_and_beige_hotelhare_krishna/,loc_6,crowd,watching,bystander,not_mentioned
https://www.reddit.com/r/TheMallWorld/comments/1q6qeu6/shopping_with_myself/,loc_1,other,neutral,companion,not_mentioned
https://www.reddit.com/r/TheMallWorld/comments/1q6qeu6/shopping_with_myself/,loc_1,other,neutral,companion,not_mentioned
https://www.reddit.com/r/TheMallWorld/comments/1q6qeu6/shopping_with_myself/,loc_2,stranger,unfriendly,cashier,blocking
https://www.reddit.com/r/TheMallWorld/comments/1q6qeu6/shopping_with_myself/,loc_2,other,neutral,companion,not_mentioned
https://www.reddit.com/r/TheMallWorld/comments/1q6qeu6/shopping_with_myself/,loc_2,other,neutral,companion,not_mentioned
https://www.reddit.com/r/TheMallWorld/comments/1q6qeu6/shopping_with_myself/,loc_2,other,neutral,companion,not_mentioned
https://www.reddit.com/r/TheMallWorld/comments/1q6tv2c/my_mall_world_jumped_the_shark/,loc_1,stranger,confusing,bystander,not_mentioned
https://www.reddit.com/r/TheMallWorld/comments/1q7dgkj/a_dream_bardo_void_detachment_and_mallworld/,loc_1,child,not_mentioned,other,not_mentioned
https://www.reddit.com/r/TheMallWorld/comments/1q7dgkj/a_dream_bardo_void_detachment_and_mallworld/,loc_1,threat,hostile,chaser,not_mentioned
https://www.reddit.com/r/TheMallWorld/comments/1q8xuju/food_court_connected_to_airport_via_tunnels/,loc_1,stranger,hostile,other,not_mentioned
https://www.reddit.com/r/TheMallWorld/comments/1q8xuju/food_court_connected_to_airport_via_tunnels/,loc_1,stranger,neutral,customer,not_mentioned
https://www.reddit.com/r/TheMallWorld/comments/1q8xuju/food_court_connected_to_airport_via_tunnels/,loc_1,stranger,hostile,other,not_mentioned
https://www.reddit.com/r/TheMallWorld/comments/1q8xuju/food_court_connected_to_airport_via_tunnels/,loc_1,stranger,friendly,customer,not_mentioned
https://www.reddit.com/r/TheMallWorld/comments/1q91azh/im_still_not_sure_if_ive_been_to_mall_world_has/,loc_3,creature,not_mentioned,other,not_mentioned
https://www.reddit.com/r/TheMallWorld/comments/1q91azh/im_still_not_sure_if_ive_been_to_mall_world_has/,loc_7,stranger,friendly,staff,not_mentioned
https://www.reddit.com/r/TheMallWorld/comments/1q93k3h/i_met_an_entity_named_three/,loc_1,threat,helpful,other,not_mentioned
https://www.reddit.com/r/TheMallWorld/comments/1q93k3h/i_met_an_entity_named_three/,loc_1,stranger,hostile,companion,not_mentioned
https://www.reddit.com/r/TheMallWorld/comments/1q93k3h/i_met_an_entity_named_three/,loc_1,threat,neutral,other,not_mentioned
https://www.reddit.com/r/TheMallWorld/comments/1q93k3h/i_met_an_entity_named_three/,loc_1,stranger,unfriendly,other,not_mentioned
https://www.reddit.com/r/TheMallWorld/comments/1q93k3h/i_met_an_entity_named_three/,loc_1,stranger,hostile,companion,not_mentioned
https://www.reddit.com/r/TheMallWorld/comments/1q93k3h/i_met_an_entity_named_three/,loc_1,threat,threatening,other,punitive
https://www.reddit.com/r/TheMallWorld/comments/1q93k3h/i_met_an_entity_named_three/,loc_1,stranger,hostile,companion,not_mentioned
https://www.reddit.com/r/TheMallWorld/comments/1q93k3h/i_met_an_entity_named_three/,loc_1,threat,neutral,other,not_mentioned
https://www.reddit.com/r/TheMallWorld/comments/1q93k3h/i_met_an_entity_named_three/,loc_1,creature,friendly,companion,not_mentioned
https://www.reddit.com/r/TheMallWorld/comments/1q93k3h/i_met_an_entity_named_three/,loc_3,creature,friendly,companion,not_mentioned
https://www.reddit.com/r/TheMallWorld/comments/1q9mvi3/has_anyone_been_in_this_family_living_room/,loc_5,threat,hostile,chaser,not_mentioned
https://www.reddit.com/r/TheMallWorld/comments/1q9s22g/was_this_mall_world/,loc_1,stranger,neutral,companion,not_mentioned
https://www.reddit.com/r/TheMallWorld/comments/1q9s22g/was_this_mall_world/,loc_1,family_member,not_mentioned,other,not_mentioned
https://www.reddit.com/r/TheMallWorld/comments/1q9s22g/was_this_mall_world/,loc_2,crowd,confusing,bystander,not_mentioned
https://www.reddit.com/r/TheMallWorld/comments/1q9s22g/was_this_mall_world/,loc_3,stranger,neutral,guide,guiding
https://www.reddit.com/r/TheMallWorld/comments/1q9s22g/was_this_mall_world/,loc_3,stranger,confusing,guide,not_mentioned
https://www.reddit.com/r/TheMallWorld/comments/1q9s22g/was_this_mall_world/,loc_3,known_person,helpful,other,not_mentioned
https://www.reddit.com/r/TheMallWorld/comments/1q9ytli/my_mall_world_experience/,loc_1,threat,hostile,chaser,not_mentioned
https://www.reddit.com/r/TheMallWorld/comments/1q9ytli/my_mall_world_experience/,loc_1,threat,hostile,chaser,not_mentioned
https://www.reddit.com/r/TheMallWorld/comments/1qa3iop/dentist_office_in_a_mall/,loc_2,authority,neutral,other,guiding
https://www.reddit.com/r/TheMallWorld/comments/1qa3iop/dentist_office_in_a_mall/,loc_2,crowd,indifferent,bystander,not_mentioned
https://www.reddit.com/r/TheMallWorld/comments/1qa3iop/dentist_office_in_a_mall/,loc_2,authority,neutral,other,guiding
https://www.reddit.com/r/TheMallWorld/comments/1qa3iop/dentist_office_in_a_mall/,loc_3,authority,neutral,other,not_mentioned
https://www.reddit.com/r/TheMallWorld/comments/1qa3iop/dentist_office_in_a_mall/,loc_3,crowd,watching,bystander,not_mentioned
https://www.reddit.com/r/TheMallWorld/comments/1qao9jt/the_librariesanyone_been_in_these/,loc_3,authority,friendly,authority,guiding
https://www.reddit.com/r/TheMallWorld/comments/1qao9jt/the_librariesanyone_been_in_these/,loc_3,authority,neutral,authority,guiding
https://www.reddit.com/r/TheMallWorld/comments/1qao9jt/the_librariesanyone_been_in_these/,loc_5,authority,neutral,authority,guiding
https://www.reddit.com/r/TheMallWorld/comments/1qao9jt/the_librariesanyone_been_in_these/,loc_4,authority,neutral,authority,guiding
https://www.reddit.com/r/TheMallWorld/comments/1qao9jt/the_librariesanyone_been_in_these/,loc_4,authority,neutral,authority,guiding
https://www.reddit.com/r/TheMallWorld/comments/1qauutt/family_gatherings/,loc_1,family_member,friendly,companion,not_mentioned
https://www.reddit.com/r/TheMallWorld/comments/1qc9vzm/my_way_of_explaining_my_mall_world/,loc_1,threat,hostile,chaser,not_mentioned
https://www.reddit.com/r/TheMallWorld/comments/1qcodkj/first_time_mallworld_dreamer/,loc_1,family_member,neutral,companion,not_mentioned
https://www.reddit.com/r/TheMallWorld/comments/1qcodkj/first_time_mallworld_dreamer/,loc_1,stranger,neutral,other,not_mentioned
https://www.reddit.com/r/TheMallWorld/comments/1qcodkj/first_time_mallworld_dreamer/,loc_2,family_member,neutral,guide,guiding
https://www.reddit.com/r/TheMallWorld/comments/1qcodkj/first_time_mallworld_dreamer/,loc_2,crowd,neutral,bystander,not_mentioned
https://www.reddit.com/r/TheMallWorld/comments/1qcodkj/first_time_mallworld_dreamer/,loc_2,stranger,watching,staff,observing
https://www.reddit.com/r/TheMallWorld/comments/1qcodkj/first_time_mallworld_dreamer/,loc_3,stranger,confusing,other,not_mentioned
https://www.reddit.com/r/TheMallWorld/comments/1qcodkj/first_time_mallworld_dreamer/,loc_3,crowd,neutral,customer,not_mentioned
https://www.reddit.com/r/TheMallWorld/comments/1qcodkj/first_time_mallworld_dreamer/,loc_3,stranger,watching,staff,observing
https://www.reddit.com/r/TheMallWorld/comments/1qcodkj/first_time_mallworld_dreamer/,loc_3,stranger,hostile,other,not_mentioned
https://www.reddit.com/r/TheMallWorld/comments/1qcodkj/first_time_mallworld_dreamer/,loc_3,crowd,neutral,bystander,not_mentioned
https://www.reddit.com/r/TheMallWorld/comments/1qcodkj/first_time_mallworld_dreamer/,loc_4,stranger,confusing,other,not_mentioned
https://www.reddit.com/r/TheMallWorld/comments/1qcodkj/first_time_mallworld_dreamer/,loc_6,stranger,friendly,staff,guiding
https://www.reddit.com/r/TheMallWorld/comments/1qcodkj/first_time_mallworld_dreamer/,loc_7,stranger,helpful,guide,guiding
https://www.reddit.com/r/TheMallWorld/comments/1qcodkj/first_time_mallworld_dreamer/,loc_7,child,neutral,bystander,not_mentioned
https://www.reddit.com/r/TheMallWorld/comments/1qcodkj/first_time_mallworld_dreamer/,loc_8,stranger,neutral,bystander,not_mentioned
https://www.reddit.com/r/TheMallWorld/comments/1qcodkj/first_time_mallworld_dreamer/,loc_6,stranger,friendly,staff,guiding
https://www.reddit.com/r/TheMallWorld/comments/1qcp2rd/running_hiding/,loc_1,other,unfriendly,other,not_mentioned
https://www.reddit.com/r/TheMallWorld/comments/1qcp2rd/running_hiding/,loc_2,other,hostile,chaser,not_mentioned
https://www.reddit.com/r/TheMallWorld/comments/1qcp2rd/running_hiding/,loc_3,other,hostile,chaser,not_mentioned
https://www.reddit.com/r/TheMallWorld/comments/1qcp2rd/running_hiding/,loc_5,other,hostile,chaser,not_mentioned
https://www.reddit.com/r/TheMallWorld/comments/1qcx7jy/last_nights_dream_a_toxic_gassing/,loc_1,crowd,neutral,other,not_mentioned
https://www.reddit.com/r/TheMallWorld/comments/1qcx7jy/last_nights_dream_a_toxic_gassing/,loc_2,crowd,threatening,other,not_mentioned
https://www.reddit.com/r/TheMallWorld/comments/1qcx7jy/last_nights_dream_a_toxic_gassing/,loc_3,crowd,not_mentioned,other,not_mentioned
https://www.reddit.com/r/TheMallWorld/comments/1qcx7jy/last_nights_dream_a_toxic_gassing/,loc_5,stranger,neutral,other,not_mentioned
https://www.reddit.com/r/TheMallWorld/comments/1qcx7jy/last_nights_dream_a_toxic_gassing/,loc_5,crowd,neutral,other,not_mentioned
https://www.reddit.com/r/TheMallWorld/comments/1qcyf1g/finally_saw_the_water_park/,loc_1,friend,not_mentioned,companion,not_mentioned
https://www.reddit.com/r/TheMallWorld/comments/1qcyf1g/finally_saw_the_water_park/,loc_1,family_member,not_mentioned,not_mentioned,not_mentioned
https://www.reddit.com/r/TheMallWorld/comments/1qd7kk3/i_keep_dreaming_about_mall_worldbut_it_feel/,loc_1,other,not_mentioned,not_mentioned,not_mentioned
https://www.reddit.com/r/TheMallWorld/comments/1qd7kk3/i_keep_dreaming_about_mall_worldbut_it_feel/,loc_2,friend,indifferent,bystander,not_mentioned
https://www.reddit.com/r/TheMallWorld/comments/1qd7kk3/i_keep_dreaming_about_mall_worldbut_it_feel/,loc_4,stranger,neutral,cashier,not_mentioned
https://www.reddit.com/r/TheMallWorld/comments/1qd7kk3/i_keep_dreaming_about_mall_worldbut_it_feel/,loc_4,stranger,neutral,bystander,not_mentioned
https://www.reddit.com/r/TheMallWorld/comments/1qd7kk3/i_keep_dreaming_about_mall_worldbut_it_feel/,loc_6,child,not_mentioned,other,not_mentioned
https://www.reddit.com/r/TheMallWorld/comments/1qd7kk3/i_keep_dreaming_about_mall_worldbut_it_feel/,loc_6,stranger,helpful,guide,guiding
https://www.reddit.com/r/TheMallWorld/comments/1qd7kk3/i_keep_dreaming_about_mall_worldbut_it_feel/,loc_6,stranger,helpful,guide,guiding
https://www.reddit.com/r/TheMallWorld/comments/1qdd183/the_parking_lot/,loc_2,family_member,neutral,other,not_mentioned
https://www.reddit.com/r/TheMallWorld/comments/1qdd183/the_parking_lot/,loc_3,stranger,friendly,companion,not_mentioned
https://www.reddit.com/r/TheMallWorld/comments/1qdd183/the_parking_lot/,loc_3,crowd,neutral,bystander,not_mentioned
https://www.reddit.com/r/TheMallWorld/comments/1qdd183/the_parking_lot/,loc_4,stranger,friendly,companion,not_mentioned
https://www.reddit.com/r/TheMallWorld/comments/1qdd183/the_parking_lot/,loc_4,crowd,neutral,bystander,not_mentioned
https://www.reddit.com/r/TheMallWorld/comments/1qdd183/the_parking_lot/,loc_5,stranger,friendly,companion,not_mentioned
https://www.reddit.com/r/TheMallWorld/comments/1qdd183/the_parking_lot/,loc_5,deceased,helpful,guide,guiding
https://www.reddit.com/r/TheMallWorld/comments/1qdd183/the_parking_lot/,loc_6,stranger,neutral,cashier,not_mentioned
https://www.reddit.com/r/TheMallWorld/comments/1qdd183/the_parking_lot/,loc_6,other,neutral,bystander,not_mentioned
https://www.reddit.com/r/TheMallWorld/comments/1qdd183/the_parking_lot/,loc_8,crowd,neutral,bystander,not_mentioned
https://www.reddit.com/r/TheMallWorld/comments/1qdrs1t/intense_and_lost_in_mall_world_but_not/,loc_4,stranger,confusing,guide,not_mentioned
https://www.reddit.com/r/TheMallWorld/comments/1qdrs1t/intense_and_lost_in_mall_world_but_not/,loc_5,crowd,confusing,bystander,not_mentioned
https://www.reddit.com/r/TheMallWorld/comments/1qdrs1t/intense_and_lost_in_mall_world_but_not/,loc_9,stranger,helpful,staff,not_mentioned
https://www.reddit.com/r/TheMallWorld/comments/1qdrs1t/intense_and_lost_in_mall_world_but_not/,loc_11,crowd,watching,bystander,not_mentioned
https://www.reddit.com/r/TheMallWorld/comments/1qdrs1t/intense_and_lost_in_mall_world_but_not/,loc_13,authority,neutral,other,observing
https://www.reddit.com/r/TheMallWorld/comments/1qe7aj4/airport_with_all_black_glass_windows_boarding/,loc_1,crowd,indifferent,customer,not_mentioned
https://www.reddit.com/r/TheMallWorld/comments/1qego11/i_think_i_may_have_gone_to_mall_world_last_night/,loc_1,authority,neutral,cashier,observing
https://www.reddit.com/r/TheMallWorld/comments/1qego11/i_think_i_may_have_gone_to_mall_world_last_night/,loc_3,stranger,hostile,bystander,not_mentioned
https://www.reddit.com/r/TheMallWorld/comments/1qf0ejb/every_damn_night/,loc_1,authority,unfriendly,security,not_mentioned
https://www.reddit.com/r/TheMallWorld/comments/1qf9pxn/anyone_else_have_things_in_their_mall_world_that/,loc_1,crowd,not_mentioned,bystander,not_mentioned
https://www.reddit.com/r/TheMallWorld/comments/1qfujle/the_infinite_walmart/,loc_2,threat,hostile,chaser,not_mentioned
https://www.reddit.com/r/TheMallWorld/comments/1qfujle/the_infinite_walmart/,loc_2,crowd,confusing,bystander,not_mentioned
https://www.reddit.com/r/TheMallWorld/comments/1qga0mv/mall_world_as_a_transitional_place_in_dreams_and/,loc_2,threat,threatening,chaser,pursuing
https://www.reddit.com/r/TheMallWorld/comments/1qga0mv/mall_world_as_a_transitional_place_in_dreams_and/,loc_2,authority,unfriendly,staff,blocking
https://www.reddit.com/r/TheMallWorld/comments/1qghrnx/dead_end_round_i_keep_hitting/,loc_1,authority,threatening,authority,observing
https://www.reddit.com/r/TheMallWorld/comments/1qglu9z/ive_been_having_mallworld_dreams_more_often_lately/,loc_2,stranger,neutral,bystander,not_mentioned
https://www.reddit.com/r/TheMallWorld/comments/1qglu9z/ive_been_having_mallworld_dreams_more_often_lately/,loc_2,child,neutral,guide,guiding
https://www.reddit.com/r/TheMallWorld/comments/1qglu9z/ive_been_having_mallworld_dreams_more_often_lately/,loc_3,crowd,neutral,bystander,not_mentioned
https://www.reddit.com/r/TheMallWorld/comments/1qglu9z/ive_been_having_mallworld_dreams_more_often_lately/,loc_6,stranger,indifferent,bystander,not_mentioned
https://www.reddit.com/r/TheMallWorld/comments/1qgq3an/curious/,loc_1,other,threatening,not_mentioned,not_mentioned
https://www.reddit.com/r/TheMallWorld/comments/pu2n7l/the_things_i_see/,loc_3,stranger,not_mentioned,companion,not_mentioned
https://www.reddit.com/r/TheMallWorld/comments/pu2n7l/the_things_i_see/,loc_7,crowd,watching,bystander,not_mentioned
https://www.reddit.com/r/TheMallWorld/comments/pu2n7l/the_things_i_see/,loc_7,crowd,neutral,customer,not_mentioned
https://www.reddit.com/r/TheMallWorld/comments/pu4nkc/always_a_place_of_learningteaching_or_a_place_of/,loc_boardwalk_outside_mall,crowd,indifferent,bystander,not_mentioned
https://www.reddit.com/r/TheMallWorld/comments/pu8r8i/place_of_business_elevator_dreams/,loc_1,crowd,confusing,bystander,not_mentioned
https://www.reddit.com/r/TheMallWorld/comments/pu8r8i/place_of_business_elevator_dreams/,loc_2,crowd,indifferent,customer,not_mentioned
https://www.reddit.com/r/TheMallWorld/comments/pu8tqs/recurring_mall_dream/,loc_1,crowd,confusing,bystander,not_mentioned
https://www.reddit.com/r/TheMallWorld/comments/pu8tqs/recurring_mall_dream/,loc_3,stranger,neutral,staff,not_mentioned
https://www.reddit.com/r/TheMallWorld/comments/pu8tqs/recurring_mall_dream/,loc_3,crowd,neutral,customer,not_mentioned
https://www.reddit.com/r/TheMallWorld/comments/puavcj/recurring_mall_dream/,loc_4,crowd,not_mentioned,bystander,not_mentioned
https://www.reddit.com/r/TheMallWorld/comments/puavcj/recurring_mall_dream/,loc_1,crowd,neutral,bystander,not_mentioned
https://www.reddit.com/r/TheMallWorld/comments/puavcj/recurring_mall_dream/,loc_1,known_person,not_mentioned,bystander,not_mentioned
https://www.reddit.com/r/TheMallWorld/comments/pudf2f/dreamworlds_crosspost/,loc_5,crowd,neutral,bystander,not_mentioned
https://www.reddit.com/r/TheMallWorld/comments/pudf2f/dreamworlds_crosspost/,loc_6,stranger,friendly,staff,guiding
https://www.reddit.com/r/TheMallWorld/comments/pudf2f/dreamworlds_crosspost/,loc_6,crowd,friendly,customer,not_mentioned
https://www.reddit.com/r/TheMallWorld/comments/pufjlv/no_mall_but_similar_hyperreal_recurring_dream/,loc_3,stranger,not_mentioned,companion,not_mentioned
https://www.reddit.com/r/TheMallWorld/comments/pufjlv/no_mall_but_similar_hyperreal_recurring_dream/,loc_3,crowd,not_mentioned,bystander,not_mentioned
https://www.reddit.com/r/TheMallWorld/comments/pufjlv/no_mall_but_similar_hyperreal_recurring_dream/,loc_2,creature,neutral,other,not_mentioned
https://www.reddit.com/r/TheMallWorld/comments/puidkw/a_shopping_mallleisure_centre_complex_with_staff/,loc_2,threat,threatening,other,not_mentioned
https://www.reddit.com/r/TheMallWorld/comments/puidkw/a_shopping_mallleisure_centre_complex_with_staff/,loc_4,threat,watching,other,not_mentioned
https://www.reddit.com/r/TheMallWorld/comments/puidkw/a_shopping_mallleisure_centre_complex_with_staff/,loc_4,threat,threatening,chaser,not_mentioned
https://www.reddit.com/r/TheMallWorld/comments/pvcd0z/crossposted_from_high_strangeness/,loc_5,crowd,neutral,bystander,not_mentioned
https://www.reddit.com/r/TheMallWorld/comments/pvcd0z/crossposted_from_high_strangeness/,loc_5,stranger,confusing,bystander,not_mentioned
https://www.reddit.com/r/TheMallWorld/comments/pvcd0z/crossposted_from_high_strangeness/,loc_9,stranger,friendly,staff,not_mentioned
https://www.reddit.com/r/TheMallWorld/comments/pvcd0z/crossposted_from_high_strangeness/,loc_10,stranger,helpful,guide,guiding
https://www.reddit.com/r/TheMallWorld/comments/pvcd0z/crossposted_from_high_strangeness/,loc_13,stranger,neutral,bystander,not_mentioned
https://www.reddit.com/r/TheMallWorld/comments/pvje1o/i_have_a_mall_dream/,loc_2_outdoor_fabric_mall,crowd,watching,bystander,not_mentioned
https://www.reddit.com/r/TheMallWorld/comments/pvje1o/i_have_a_mall_dream/,loc_3_indoor_nice_mall_crowd_maze,crowd,indifferent,bystander,not_mentioned
https://www.reddit.com/r/TheMallWorld/comments/pvje1o/i_have_a_mall_dream/,loc_4_conference_room,authority,watching,authority,observing
https://www.reddit.com/r/TheMallWorld/comments/pvje1o/i_have_a_mall_dream/,loc_4_conference_room,crowd,neutral,bystander,not_mentioned
https://www.reddit.com/r/TheMallWorld/comments/pvje1o/i_have_a_mall_dream/,loc_4_conference_room,stranger,unfriendly,other,not_mentioned
https://www.reddit.com/r/TheMallWorld/comments/pvje1o/i_have_a_mall_dream/,loc_4_conference_room,authority,watching,authority,observing
https://www.reddit.com/r/TheMallWorld/comments/pvje1o/i_have_a_mall_dream/,loc_4_conference_room,authority,unfriendly,authority,observing
https://www.reddit.com/r/TheMallWorld/comments/pvje1o/i_have_a_mall_dream/,loc_4_conference_room,other,neutral,staff,not_mentioned
https://www.reddit.com/r/TheMallWorld/comments/pvje1o/i_have_a_mall_dream/,loc_4_conference_room,crowd,indifferent,bystander,not_mentioned
https://www.reddit.com/r/TheMallWorld/comments/pvje1o/i_have_a_mall_dream/,loc_6_kitchen_lasagna_oven,other,confusing,other,not_mentioned
https://www.reddit.com/r/TheMallWorld/comments/pvje1o/i_have_a_mall_dream/,loc_8_hair_salon_exit_room,stranger,confusing,staff,not_mentioned
https://www.reddit.com/r/TheMallWorld/comments/pvje1o/i_have_a_mall_dream/,loc_9_outside_concrete_sun,stranger,friendly,other,not_mentioned
https://www.reddit.com/r/TheMallWorld/comments/pvt07d/soothing_to_the_subconscious/,loc_2,crowd,friendly,customer,not_mentioned
https://www.reddit.com/r/TheMallWorld/comments/pvt07d/soothing_to_the_subconscious/,loc_2,stranger,friendly,staff,not_mentioned
https://www.reddit.com/r/TheMallWorld/comments/pw5q01/mall_dreams/,loc_movie_theater_1,crowd,neutral,bystander,not_mentioned
https://www.reddit.com/r/TheMallWorld/comments/qakecc/another_part_of_my_dreaming/,loc_2,known_person,not_mentioned,companion,not_mentioned
https://www.reddit.com/r/TheMallWorld/comments/qaw4vo/so_apparently_ive_been_sharing_a_dream_space_with/,loc_3,authority,unfriendly,authority,blocking
https://www.reddit.com/r/TheMallWorld/comments/qaw4vo/so_apparently_ive_been_sharing_a_dream_space_with/,loc_4,known_person,neutral,bystander,not_mentioned
https://www.reddit.com/r/TheMallWorld/comments/qvs0zu/just_found_this_group_this_a_post_i_made_in/,loc_beachtown_tikibar,known_person,not_mentioned,bystander,not_mentioned
https://www.reddit.com/r/TheMallWorld/comments/qw27oy/my_worlds/,loc_1,family_member,not_mentioned,other,not_mentioned
https://www.reddit.com/r/TheMallWorld/comments/qzguxo/crater_lake_with_deep_ancient_large_sharks/,loc_2,creature,threatening,other,not_mentioned
https://www.reddit.com/r/TheMallWorld/comments/r2kxdl/hotelschool_connected_to_mallcinemaairport_with/,loc_2,crowd,friendly,other,not_mentioned
https://www.reddit.com/r/TheMallWorld/comments/r2kxdl/hotelschool_connected_to_mallcinemaairport_with/,loc_2,known_person,not_mentioned,other,not_mentioned
https://www.reddit.com/r/TheMallWorld/comments/r2kxdl/hotelschool_connected_to_mallcinemaairport_with/,loc_5,crowd,friendly,customer,not_mentioned
https://www.reddit.com/r/TheMallWorld/comments/r2kxdl/hotelschool_connected_to_mallcinemaairport_with/,loc_5,threat,hostile,chaser,not_mentioned
https://www.reddit.com/r/TheMallWorld/comments/r2kxdl/hotelschool_connected_to_mallcinemaairport_with/,loc_7,crowd,confusing,other,not_mentioned
https://www.reddit.com/r/TheMallWorld/comments/r2kxdl/hotelschool_connected_to_mallcinemaairport_with/,loc_8,threat,threatening,other,not_mentioned
https://www.reddit.com/r/TheMallWorld/comments/r2kxdl/hotelschool_connected_to_mallcinemaairport_with/,loc_8,known_person,helpful,companion,not_mentioned
https://www.reddit.com/r/TheMallWorld/comments/r3z6z9/dream_boy_at_mallworld/,loc_1,stranger,neutral,companion,not_mentioned
https://www.reddit.com/r/TheMallWorld/comments/r3z6z9/dream_boy_at_mallworld/,loc_1,crowd,not_mentioned,bystander,not_mentioned
https://www.reddit.com/r/TheMallWorld/comments/r3z6z9/dream_boy_at_mallworld/,loc_2,stranger,neutral,companion,not_mentioned
https://www.reddit.com/r/TheMallWorld/comments/r3z6z9/dream_boy_at_mallworld/,loc_2,stranger,neutral,companion,not_mentioned
https://www.reddit.com/r/TheMallWorld/comments/rxxd6n/toy_store_huge_slide/,loc_1,crowd,unfriendly,customer,not_mentioned
https://www.reddit.com/r/TheMallWorld/comments/rzlcx3/115_dream_areaszones/,loc_6,threat,hostile,chaser,not_mentioned
https://www.reddit.com/r/TheMallWorld/comments/rzlcx3/115_dream_areaszones/,loc_29,other,neutral,other,not_mentioned
https://www.reddit.com/r/TheMallWorld/comments/rzlcx3/115_dream_areaszones/,loc_30,creature,hostile,chaser,not_mentioned
https://www.reddit.com/r/TheMallWorld/comments/rzlcx3/115_dream_areaszones/,loc_26,threat,threatening,chaser,not_mentioned
https://www.reddit.com/r/TheMallWorld/comments/rzlcx3/115_dream_areaszones/,loc_33,threat,threatening,chaser,not_mentioned
https://www.reddit.com/r/TheMallWorld/comments/sq6fr0/i_think_i_have_been_going_to_this_world_for/,loc_1,authority,friendly,cashier,not_mentioned
https://www.reddit.com/r/TheMallWorld/comments/sq6fr0/i_think_i_have_been_going_to_this_world_for/,loc_1,authority,friendly,cashier,not_mentioned
https://www.reddit.com/r/TheMallWorld/comments/sq6fr0/i_think_i_have_been_going_to_this_world_for/,loc_2,known_person,friendly,companion,not_mentioned
https://www.reddit.com/r/TheMallWorld/comments/t9ud9m/last_night_i_dreamt_it_i_dreamt_of_what_everyone/,loc_3,family_member,neutral,companion,not_mentioned
https://www.reddit.com/r/TheMallWorld/comments/t9ud9m/last_night_i_dreamt_it_i_dreamt_of_what_everyone/,loc_3,crowd,indifferent,bystander,not_mentioned
https://www.reddit.com/r/TheMallWorld/comments/t9ud9m/last_night_i_dreamt_it_i_dreamt_of_what_everyone/,loc_7,crowd,indifferent,customer,not_mentioned
https://www.reddit.com/r/TheMallWorld/comments/t9ud9m/last_night_i_dreamt_it_i_dreamt_of_what_everyone/,loc_7,authority,indifferent,staff,blocking
https://www.reddit.com/r/TheMallWorld/comments/t9ud9m/last_night_i_dreamt_it_i_dreamt_of_what_everyone/,loc_8,stranger,helpful,staff,guiding
https://www.reddit.com/r/TheMallWorld/comments/t9ud9m/last_night_i_dreamt_it_i_dreamt_of_what_everyone/,loc_11,other,neutral,guide,guiding
https://www.reddit.com/r/TheMallWorld/comments/t9ud9m/last_night_i_dreamt_it_i_dreamt_of_what_everyone/,loc_4,family_member,helpful,companion,not_mentioned
https://www.reddit.com/r/TheMallWorld/comments/t9ud9m/last_night_i_dreamt_it_i_dreamt_of_what_everyone/,loc_4,family_member,neutral,companion,not_mentioned
https://www.reddit.com/r/TheMallWorld/comments/t9ud9m/last_night_i_dreamt_it_i_dreamt_of_what_everyone/,loc_13,family_member,confusing,companion,not_mentioned
https://www.reddit.com/r/TheMallWorld/comments/tbdq7l/my_version_of_mall_world/,loc_5,crowd,unfriendly,customer,not_mentioned
https://www.reddit.com/r/TheMallWorld/comments/tbdq7l/my_version_of_mall_world/,loc_5,crowd,unfriendly,customer,not_mentioned
https://www.reddit.com/r/TheMallWorld/comments/tbdq7l/my_version_of_mall_world/,loc_7,authority,threatening,authority,pursuing
https://www.reddit.com/r/TheMallWorld/comments/te7wpr/mallworld_with_faceless_people/,loc_1_bridge_storm_field,child,neutral,companion,not_mentioned
https://www.reddit.com/r/TheMallWorld/comments/te7wpr/mallworld_with_faceless_people/,loc_1_bridge_storm_field,other,helpful,other,not_mentioned
https://www.reddit.com/r/TheMallWorld/comments/te7wpr/mallworld_with_faceless_people/,loc_4_metal_building_schoollike,threat,threatening,chaser,not_mentioned
https://www.reddit.com/r/TheMallWorld/comments/te7wpr/mallworld_with_faceless_people/,loc_11_mall_general,crowd,indifferent,customer,not_mentioned
https://www.reddit.com/r/TheMallWorld/comments/te7wpr/mallworld_with_faceless_people/,loc_15_mall_store_boxes_arm,stranger,neutral,customer,not_mentioned
https://www.reddit.com/r/TheMallWorld/comments/te7wpr/mallworld_with_faceless_people/,loc_15_mall_store_boxes_arm,authority,neutral,staff,observing
https://www.reddit.com/r/TheMallWorld/comments/te7wpr/mallworld_with_faceless_people/,loc_12_mall_second_floor_vendors,authority,unfriendly,staff,blocking
https://www.reddit.com/r/TheMallWorld/comments/te7wpr/mallworld_with_faceless_people/,loc_16_mall_inner_workings_unsafe,child,unfriendly,blocker,blocking
https://www.reddit.com/r/TheMallWorld/comments/te7wpr/mallworld_with_faceless_people/,loc_9_apartment_complex_neighborhood_view,crowd,hostile,other,not_mentioned
https://www.reddit.com/r/TheMallWorld/comments/te7wpr/mallworld_with_faceless_people/,loc_19_neighborhood_rock_throwing,authority,hostile,security,pursuing
https://www.reddit.com/r/TheMallWorld/comments/te7wpr/mallworld_with_faceless_people/,loc_19_neighborhood_rock_throwing,crowd,hostile,other,not_mentioned
https://www.reddit.com/r/TheMallWorld/comments/tjge2q/mall_world_repeat_dreams/,loc_food_court,stranger,threatening,other,not_mentioned
https://www.reddit.com/r/TheMallWorld/comments/tpx4au/so_exited_to_find_this_subreddit_ive_never_seen/,loc_3,stranger,friendly,staff,not_mentioned
https://www.reddit.com/r/TheMallWorld/comments/u0ci42/school_world/,loc_3,known_person,unfriendly,teacher,observing
https://www.reddit.com/r/TheMallWorld/comments/u0ci42/school_world/,loc_7,stranger,neutral,other,not_mentioned
https://www.reddit.com/r/TheMallWorld/comments/ua1ov0/hotel_world/,loc_1,stranger,neutral,bystander,not_mentioned
https://www.reddit.com/r/TheMallWorld/comments/ua1ov0/hotel_world/,loc_3,stranger,indifferent,bystander,not_mentioned
https://www.reddit.com/r/TheMallWorld/comments/uemg76/not_exactly_a_mall_world_but_near_death/,loc_2,stranger,hostile,other,not_mentioned
https://www.reddit.com/r/TheMallWorld/comments/vdfjkz/schoolmallports/,loc_2,known_person,friendly,companion,not_mentioned
https://www.reddit.com/r/TheMallWorld/comments/vdpk4y/apocalypse_dreams/,loc_1,family_member,not_mentioned,companion,not_mentioned
https://www.reddit.com/r/TheMallWorld/comments/vdpk4y/apocalypse_dreams/,loc_1,threat,hostile,chaser,not_mentioned
https://www.reddit.com/r/TheMallWorld/comments/vdpk4y/apocalypse_dreams/,loc_1,authority,hostile,authority,pursuing
https://www.reddit.com/r/TheMallWorld/comments/vdpk4y/apocalypse_dreams/,loc_2,family_member,not_mentioned,other,not_mentioned
https://www.reddit.com/r/TheMallWorld/comments/vizjpf/nsfw_leather_bdsm_clubs_in_dream_world/,loc_1,crowd,not_mentioned,other,not_mentioned
https://www.reddit.com/r/TheMallWorld/comments/vocktm/the_food_court_ritual/,loc_1,crowd,neutral,other,not_mentioned
https://www.reddit.com/r/TheMallWorld/comments/voojix/i_thought_i_was_crazy/,loc_1,known_person,neutral,other,not_mentioned
https://www.reddit.com/r/TheMallWorld/comments/voojix/i_thought_i_was_crazy/,loc_1,known_person,confusing,companion,not_mentioned
https://www.reddit.com/r/TheMallWorld/comments/vvjjyq/a_few_more_of_my_dreamworlds/,loc_5,threat,threatening,other,not_mentioned
https://www.reddit.com/r/TheMallWorld/comments/vvjjyq/a_few_more_of_my_dreamworlds/,loc_8,crowd,not_mentioned,customer,not_mentioned
https://www.reddit.com/r/TheMallWorld/comments/vw99s4/the_mall_world_is_a_central_meeting_point_of/,loc_1,threat,hostile,chaser,not_mentioned
https://www.reddit.com/r/TheMallWorld/comments/vw99s4/the_mall_world_is_a_central_meeting_point_of/,loc_1,guide,helpful,guide,not_mentioned
https://www.reddit.com/r/TheMallWorld/comments/vw99s4/the_mall_world_is_a_central_meeting_point_of/,loc_3,guide,helpful,guide,guiding
https://www.reddit.com/r/TheMallWorld/comments/vw99s4/the_mall_world_is_a_central_meeting_point_of/,loc_3,authority,threatening,security,pursuing
https://www.reddit.com/r/TheMallWorld/comments/vw99s4/the_mall_world_is_a_central_meeting_point_of/,loc_3,guide,helpful,guide,guiding
https://www.reddit.com/r/TheMallWorld/comments/vw99s4/the_mall_world_is_a_central_meeting_point_of/,loc_3,authority,threatening,security,pursuing
https://www.reddit.com/r/TheMallWorld/comments/vw99s4/the_mall_world_is_a_central_meeting_point_of/,loc_3,guide,helpful,guide,guiding
https://www.reddit.com/r/TheMallWorld/comments/vwoae0/labyrinthine_dreams_being_the_entry_to_the/,loc_1,known_person,confusing,companion,not_mentioned
https://www.reddit.com/r/TheMallWorld/comments/vwoae0/labyrinthine_dreams_being_the_entry_to_the/,loc_1,stranger,confusing,companion,not_mentioned
https://www.reddit.com/r/TheMallWorld/comments/vwoae0/labyrinthine_dreams_being_the_entry_to_the/,loc_1,known_person,confusing,companion,not_mentioned
https://www.reddit.com/r/TheMallWorld/comments/vwoae0/labyrinthine_dreams_being_the_entry_to_the/,loc_1,stranger,confusing,companion,not_mentioned
https://www.reddit.com/r/TheMallWorld/comments/vwoae0/labyrinthine_dreams_being_the_entry_to_the/,loc_2,stranger,unfriendly,other,not_mentioned
https://www.reddit.com/r/TheMallWorld/comments/w35fze/the_tunnels_under_the_mall_feel_unsafe/,loc_1,stranger,friendly,companion,not_mentioned
https://www.reddit.com/r/TheMallWorld/comments/w35fze/the_tunnels_under_the_mall_feel_unsafe/,loc_1,stranger,confusing,other,not_mentioned
https://www.reddit.com/r/TheMallWorld/comments/w35fze/the_tunnels_under_the_mall_feel_unsafe/,loc_1,stranger,helpful,guide,guiding
https://www.reddit.com/r/TheMallWorld/comments/w3vjxj/astral_experiences_to_places_i_felt_were_real/,loc_1,crowd,indifferent,bystander,not_mentioned
https://www.reddit.com/r/TheMallWorld/comments/w3vjxj/astral_experiences_to_places_i_felt_were_real/,loc_3,crowd,neutral,customer,not_mentioned
https://www.reddit.com/r/TheMallWorld/comments/w3vjxj/astral_experiences_to_places_i_felt_were_real/,loc_6,crowd,friendly,other,not_mentioned
https://www.reddit.com/r/TheMallWorld/comments/w3vjxj/astral_experiences_to_places_i_felt_were_real/,loc_6,authority,hostile,authority,pursuing
https://www.reddit.com/r/TheMallWorld/comments/w3vjxj/astral_experiences_to_places_i_felt_were_real/,loc_9,guide,helpful,guide,guiding
https://www.reddit.com/r/TheMallWorld/comments/w3vjxj/astral_experiences_to_places_i_felt_were_real/,loc_10,authority,threatening,authority,punitive
https://www.reddit.com/r/TheMallWorld/comments/w3vjxj/astral_experiences_to_places_i_felt_were_real/,loc_10,authority,threatening,staff,punitive
https://www.reddit.com/r/TheMallWorld/comments/w6idlf/for_all_of_you_its_the_mall_for_me_its_the_subway/,loc_1,crowd,indifferent,customer,not_mentioned
https://www.reddit.com/r/TheMallWorld/comments/w6idlf/for_all_of_you_its_the_mall_for_me_its_the_subway/,loc_1,stranger,not_mentioned,bystander,not_mentioned
https://www.reddit.com/r/TheMallWorld/comments/w6idlf/for_all_of_you_its_the_mall_for_me_its_the_subway/,loc_1,other,neutral,authority,blocking
https://www.reddit.com/r/TheMallWorld/comments/w6idlf/for_all_of_you_its_the_mall_for_me_its_the_subway/,loc_3,other,neutral,guide,guiding
https://www.reddit.com/r/TheMallWorld/comments/wawe8m/i_popped_into_the_mall_before_it_was_ready_for_me/,loc_2,crowd,not_mentioned,bystander,not_mentioned
https://www.reddit.com/r/TheMallWorld/comments/wt5cgl/school_world_pt_2/,loc_4,authority,neutral,teacher,observing
https://www.reddit.com/r/TheMallWorld/comments/wt5cgl/school_world_pt_2/,loc_16,crowd,neutral,bystander,not_mentioned
https://www.reddit.com/r/TheMallWorld/comments/wt5cgl/school_world_pt_2/,loc_17,authority,unfriendly,authority,blocking
https://www.reddit.com/r/TheMallWorld/comments/wt5cgl/school_world_pt_2/,loc_19,creature,neutral,other,not_mentioned
https://www.reddit.com/r/TheMallWorld/comments/wviyqv/aquarium_world/,loc_1,crowd,not_mentioned,student,not_mentioned
https://www.reddit.com/r/TheMallWorld/comments/wviyqv/aquarium_world/,loc_2,creature,neutral,other,not_mentioned
https://www.reddit.com/r/TheMallWorld/comments/wzkatt/mallworld_drawing/,loc_mansion_interior,stranger,confusing,bystander,not_mentioned
https://www.reddit.com/r/TheMallWorld/comments/x1ddii/attacked_in_the_mall_world/,loc_1,known_person,not_mentioned,not_mentioned,not_mentioned
https://www.reddit.com/r/TheMallWorld/comments/x1ddii/attacked_in_the_mall_world/,loc_1,crowd,indifferent,bystander,not_mentioned
https://www.reddit.com/r/TheMallWorld/comments/x1ddii/attacked_in_the_mall_world/,loc_1,stranger,confusing,bystander,not_mentioned
https://www.reddit.com/r/TheMallWorld/comments/x1ddii/attacked_in_the_mall_world/,loc_1,stranger,confusing,bystander,not_mentioned
https://www.reddit.com/r/TheMallWorld/comments/x1ddii/attacked_in_the_mall_world/,loc_1,stranger,neutral,other,not_mentioned
https://www.reddit.com/r/TheMallWorld/comments/x1ddii/attacked_in_the_mall_world/,loc_1,stranger,confusing,bystander,not_mentioned
https://www.reddit.com/r/TheMallWorld/comments/x1ddii/attacked_in_the_mall_world/,loc_2,threat,hostile,chaser,not_mentioned
https://www.reddit.com/r/TheMallWorld/comments/x1ddii/attacked_in_the_mall_world/,loc_2,threat,hostile,chaser,not_mentioned
https://www.reddit.com/r/TheMallWorld/comments/x6mc84/the_elevator_in_the_casino/,loc_3,other,not_mentioned,bystander,not_mentioned
https://www.reddit.com/r/TheMallWorld/comments/x6mc84/the_elevator_in_the_casino/,loc_4,crowd,neutral,customer,not_mentioned
https://www.reddit.com/r/TheMallWorld/comments/xltcgg/i_think_reading_this_sub_triggered_my_dream/,loc_1,friend,confusing,companion,not_mentioned
https://www.reddit.com/r/TheMallWorld/comments/xltcgg/i_think_reading_this_sub_triggered_my_dream/,loc_1,stranger,neutral,staff,not_mentioned
https://www.reddit.com/r/TheMallWorld/comments/xltcgg/i_think_reading_this_sub_triggered_my_dream/,loc_1,crowd,neutral,bystander,not_mentioned
https://www.reddit.com/r/TheMallWorld/comments/xltcgg/i_think_reading_this_sub_triggered_my_dream/,loc_1,friend,unfriendly,companion,not_mentioned
https://www.reddit.com/r/TheMallWorld/comments/xltcgg/i_think_reading_this_sub_triggered_my_dream/,loc_1,crowd,confusing,bystander,not_mentioned
https://www.reddit.com/r/TheMallWorld/comments/xltcgg/i_think_reading_this_sub_triggered_my_dream/,loc_3,authority,hostile,security,punitive
https://www.reddit.com/r/TheMallWorld/comments/xltcgg/i_think_reading_this_sub_triggered_my_dream/,loc_3,crowd,threatening,other,not_mentioned
https://www.reddit.com/r/TheMallWorld/comments/xltcgg/i_think_reading_this_sub_triggered_my_dream/,loc_3,crowd,neutral,companion,not_mentioned
https://www.reddit.com/r/TheMallWorld/comments/xltcgg/i_think_reading_this_sub_triggered_my_dream/,loc_3,authority,hostile,security,punitive
https://www.reddit.com/r/TheMallWorld/comments/xmatb9/weird_synchronicity_running_into_this_sub/,loc_2,stranger,hostile,other,not_mentioned
https://www.reddit.com/r/TheMallWorld/comments/xmatb9/weird_synchronicity_running_into_this_sub/,loc_2,crowd,neutral,customer,not_mentioned
https://www.reddit.com/r/TheMallWorld/comments/xmatb9/weird_synchronicity_running_into_this_sub/,loc_3,crowd,hostile,other,not_mentioned
https://www.reddit.com/r/TheMallWorld/comments/xmatb9/weird_synchronicity_running_into_this_sub/,loc_4,creature,threatening,other,not_mentioned
https://www.reddit.com/r/TheMallWorld/comments/xskij1/went_to_an_indooroutdoor_food_court_last_night/,loc_1,crowd,neutral,bystander,not_mentioned
https://www.reddit.com/r/TheMallWorld/comments/xskij1/went_to_an_indooroutdoor_food_court_last_night/,loc_1,crowd,neutral,bystander,not_mentioned
https://www.reddit.com/r/TheMallWorld/comments/xsopgk/anyone_have_a_subway_in_their_mallworld/,loc_subway_1,crowd,indifferent,bystander,not_mentioned
https://www.reddit.com/r/TheMallWorld/comments/y0wnqz/notable_dreams/,loc_1,creature,not_mentioned,not_mentioned,not_mentioned
https://www.reddit.com/r/TheMallWorld/comments/y0wnqz/notable_dreams/,loc_5,family_member,friendly,companion,not_mentioned
https://www.reddit.com/r/TheMallWorld/comments/y0wnqz/notable_dreams/,loc_8,friend,friendly,other,not_mentioned
https://www.reddit.com/r/TheMallWorld/comments/y0wnqz/notable_dreams/,loc_8,stranger,neutral,other,not_mentioned
https://www.reddit.com/r/TheMallWorld/comments/y0wnqz/notable_dreams/,loc_11,family_member,friendly,bystander,not_mentioned
https://www.reddit.com/r/TheMallWorld/comments/y0wnqz/notable_dreams/,loc_11,family_member,confusing,companion,not_mentioned
https://www.reddit.com/r/TheMallWorld/comments/y0wnqz/notable_dreams/,loc_15,stranger,friendly,companion,not_mentioned
https://www.reddit.com/r/TheMallWorld/comments/y0wnqz/notable_dreams/,loc_15,child,not_mentioned,bystander,not_mentioned
https://www.reddit.com/r/TheMallWorld/comments/y1uli7/every_time_i_end_up_in_the_school_i_see_little_me/,loc_4,other,neutral,bystander,not_mentioned
https://www.reddit.com/r/TheMallWorld/comments/y1uli7/every_time_i_end_up_in_the_school_i_see_little_me/,loc_1,other,confusing,other,not_mentioned
https://www.reddit.com/r/TheMallWorld/comments/y2h2m3/finally_reached_the_hotel/,loc_1,child,not_mentioned,staff,not_mentioned
https://www.reddit.com/r/TheMallWorld/comments/ynccs3/delivery_entrance/,loc_3,crowd,neutral,staff,not_mentioned
https://www.reddit.com/r/TheMallWorld/comments/ynxohd/singular_house_in_a_black_void/,loc_2,crowd,neutral,bystander,not_mentioned
https://www.reddit.com/r/TheMallWorld/comments/ynxohd/singular_house_in_a_black_void/,loc_3,threat,hostile,chaser,not_mentioned
https://www.reddit.com/r/TheMallWorld/comments/ynxohd/singular_house_in_a_black_void/,loc_3,crowd,not_mentioned,bystander,not_mentioned
https://www.reddit.com/r/TheMallWorld/comments/ynxohd/singular_house_in_a_black_void/,loc_3,threat,hostile,chaser,not_mentioned
https://www.reddit.com/r/TheMallWorld/comments/ynxohd/singular_house_in_a_black_void/,loc_6,authority,neutral,authority,guiding
https://www.reddit.com/r/TheMallWorld/comments/ynxohd/singular_house_in_a_black_void/,loc_6,crowd,unfriendly,bystander,not_mentioned
https://www.reddit.com/r/TheMallWorld/comments/ynxohd/singular_house_in_a_black_void/,loc_6,authority,neutral,authority,guiding
https://www.reddit.com/r/TheMallWorld/comments/ynxohd/singular_house_in_a_black_void/,loc_7,crowd,friendly,bystander,not_mentioned
https://www.reddit.com/r/TheMallWorld/comments/ynxohd/singular_house_in_a_black_void/,loc_5,authority,neutral,authority,observing
https://www.reddit.com/r/TheMallWorld/comments/ynxohd/singular_house_in_a_black_void/,loc_6,authority,neutral,authority,observing
https://www.reddit.com/r/TheMallWorld/comments/ynxohd/singular_house_in_a_black_void/,loc_6,crowd,not_mentioned,bystander,not_mentioned
https://www.reddit.com/r/TheMallWorld/comments/ynxohd/singular_house_in_a_black_void/,loc_6,authority,neutral,authority,observing
https://www.reddit.com/r/TheMallWorld/comments/ynxohd/singular_house_in_a_black_void/,loc_6,authority,neutral,authority,observing
https://www.reddit.com/r/TheMallWorld/comments/yq5ude/bizarre_mall_experience/,loc_1,crowd,hostile,bystander,not_mentioned
https://www.reddit.com/r/TheMallWorld/comments/yq5ude/bizarre_mall_experience/,loc_2,threat,threatening,chaser,not_mentioned
https://www.reddit.com/r/TheMallWorld/comments/yq5ude/bizarre_mall_experience/,loc_2,stranger,friendly,guide,guiding
https://www.reddit.com/r/TheMallWorld/comments/yq5ude/bizarre_mall_experience/,loc_3,authority,confusing,authority,not_mentioned
https://www.reddit.com/r/TheMallWorld/comments/yqaax5/resorttheme_park/,loc_1,crowd,neutral,companion,not_mentioned
https://www.reddit.com/r/TheMallWorld/comments/yqaax5/resorttheme_park/,loc_2,crowd,neutral,bystander,not_mentioned
https://www.reddit.com/r/TheMallWorld/comments/yqaax5/resorttheme_park/,loc_5,crowd,not_mentioned,other,not_mentioned
https://www.reddit.com/r/TheMallWorld/comments/yqaax5/resorttheme_park/,loc_7,authority,unfriendly,authority,blocking
https://www.reddit.com/r/TheMallWorld/comments/yqaax5/resorttheme_park/,loc_8,crowd,not_mentioned,other,not_mentioned
https://www.reddit.com/r/TheMallWorld/comments/ysuwbm/spoke_to_men_in_the_warehouse/,loc_3,family_member,neutral,companion,not_mentioned
https://www.reddit.com/r/TheMallWorld/comments/ysuwbm/spoke_to_men_in_the_warehouse/,loc_6,crowd,watching,bystander,not_mentioned
https://www.reddit.com/r/TheMallWorld/comments/ysuwbm/spoke_to_men_in_the_warehouse/,loc_6,stranger,neutral,other,not_mentioned
https://www.reddit.com/r/TheMallWorld/comments/yu6kt9/theater_and_smokestacks/,loc_6,stranger,neutral,other,not_mentioned
https://www.reddit.com/r/TheMallWorld/comments/yu83e5/whats_a_food_that_you_had_at_the_food_court/,loc_1,deceased,friendly,companion,not_mentioned
https://www.reddit.com/r/TheMallWorld/comments/yu83e5/whats_a_food_that_you_had_at_the_food_court/,loc_1,deceased,friendly,companion,not_mentioned
https://www.reddit.com/r/TheMallWorld/comments/yxvnfy/rustedabandoned_structures_anyone_else_been_to/,loc_1,other,not_mentioned,other,not_mentioned
https://www.reddit.com/r/TheMallWorld/comments/yyrvqy/is_this_an_example_of_a_mall_world/,loc_1,known_person,friendly,other,not_mentioned
https://www.reddit.com/r/TheMallWorld/comments/yyrvqy/is_this_an_example_of_a_mall_world/,loc_1,crowd,neutral,other,not_mentioned
https://www.reddit.com/r/TheMallWorld/comments/z37lhp/the_sun_in_dreams/,loc_1,crowd,not_mentioned,bystander,not_mentioned
https://www.reddit.com/r/TheMallWorld/comments/z37lhp/the_sun_in_dreams/,loc_1,other,hostile,other,not_mentioned
https://www.reddit.com/r/TheMallWorld/comments/z37lhp/the_sun_in_dreams/,loc_2,other,hostile,other,not_mentioned
https://www.reddit.com/r/TheMallWorld/comments/z7w101/im_back_in_mall_world/,loc_1,crowd,not_mentioned,bystander,not_mentioned
https://www.reddit.com/r/TheMallWorld/comments/z9006d/i_think_i_saw_myself_in_the_mall/,loc_2,other,not_mentioned,staff,not_mentioned
https://www.reddit.com/r/TheMallWorld/comments/zbhdf5/the_mallworld_has_terrible_health_and_safety/,loc_1,crowd,indifferent,customer,not_mentioned
https://www.reddit.com/r/TheMallWorld/comments/zfe2nt/lucid_moment_followed_by_an_angry_mob/,loc_1,crowd,hostile,blocker,blocking
https://www.reddit.com/r/TheMallWorld/comments/zj6lrx/reoccurring_dream_in_layered_cabin_type_structure/,loc_3,creature,not_mentioned,not_mentioned,not_mentioned
https://www.reddit.com/r/TheMallWorld/comments/zjei3i/city_scape_dream_feeling_of_being_chased/,loc_1,threat,hostile,chaser,pursuing
https://www.reddit.com/r/TheMallWorld/comments/zk4ted/found_the_security_code_for_mall_world/,loc_1,stranger,friendly,companion,not_mentioned
https://www.reddit.com/r/TheMallWorld/comments/zk4ted/found_the_security_code_for_mall_world/,loc_3,stranger,helpful,companion,not_mentioned
https://www.reddit.com/r/TheMallWorld/comments/zkj877/clipping_through_mall_world/,loc_1,stranger,not_mentioned,other,not_mentioned
https://www.reddit.com/r/TheMallWorld/comments/zkj877/clipping_through_mall_world/,loc_1,crowd,confusing,other,not_mentioned
https://www.reddit.com/r/TheMallWorld/comments/zkj877/clipping_through_mall_world/,loc_1,crowd,not_mentioned,other,not_mentioned
https://www.reddit.com/r/TheMallWorld/comments/zkj877/clipping_through_mall_world/,loc_1,stranger,not_mentioned,other,not_mentioned
https://www.reddit.com/r/TheMallWorld/comments/zkj877/clipping_through_mall_world/,loc_2,crowd,not_mentioned,other,not_mentioned
https://www.reddit.com/r/TheMallWorld/comments/zkj877/clipping_through_mall_world/,loc_2,stranger,neutral,other,not_mentioned
https://www.reddit.com/r/TheMallWorld/comments/zkj877/clipping_through_mall_world/,loc_2,stranger,not_mentioned,other,not_mentioned
https://www.reddit.com/r/TheMallWorld/comments/zkj877/clipping_through_mall_world/,loc_2,stranger,neutral,other,not_mentioned
https://www.reddit.com/r/TheMallWorld/comments/zl3b5u/the_diner/,loc_5,stranger,friendly,staff,not_mentioned
https://www.reddit.com/r/TheMallWorld/comments/zl3b5u/the_diner/,loc_3,stranger,friendly,bystander,not_mentioned
https://www.reddit.com/r/TheMallWorld/comments/zmxtuz/anyone_been_to_a_flooded_hotel/,loc_1,crowd,confusing,bystander,not_mentioned
https://www.reddit.com/r/TheMallWorld/comments/zmxtuz/anyone_been_to_a_flooded_hotel/,loc_6,stranger,threatening,other,not_mentioned
https://www.reddit.com/r/TheMallWorld/comments/zn8v2j/mall_world_road_trips/,loc_3,known_person,neutral,bystander,not_mentioned
https://www.reddit.com/r/TheMallWorld/comments/zn8v2j/mall_world_road_trips/,loc_5,crowd,neutral,student,not_mentioned
https://www.reddit.com/r/TheMallWorld/comments/zn8v2j/mall_world_road_trips/,loc_13,crowd,friendly,bystander,not_mentioned
https://www.reddit.com/r/TheMallWorld/comments/zn8v2j/mall_world_road_trips/,loc_9,other,neutral,other,not_mentioned
https://www.reddit.com/r/TheMallWorld/comments/zpzjq2/update_girl_ive_gone_on_a_few_dates_with/,loc_2,guide,neutral,other,not_mentioned
https://www.reddit.com/r/TheMallWorld/comments/zpzjq2/update_girl_ive_gone_on_a_few_dates_with/,loc_1,stranger,neutral,bystander,not_mentioned
https://www.reddit.com/r/TheMallWorld/comments/zq06s4/does_any_one_else_have_an_actual_job_in_the_mall/,loc_2,threat,threatening,chaser,not_mentioned
https://www.reddit.com/r/TheMallWorld/comments/zq06s4/does_any_one_else_have_an_actual_job_in_the_mall/,loc_2,crowd,neutral,bystander,not_mentioned
